cmte,app,memno,cid,job,exp,panelist,exp_high,exp_low,exp_none,consensus,deviated,deviation,score
01,1,01,01_01,panelist,med,1,0,0,0,3.6,0,0,3.6
01,1,02,01_02,panelist,low,1,0,1,0,3.6,1,-0.1,3.5
01,1,03,01_03,panelist,low,1,0,1,0,3.6,0,0,3.6
01,1,04,01_04,panelist,none,1,0,0,1,3.6,1,0.2,3.8
01,1,05,01_05,panelist,med,1,0,0,0,3.6,0,0,3.6
01,1,06,01_06,panelist,none,1,0,0,1,3.6,1,0.1,3.7
01,1,07,01_07,panelist,med,1,0,0,0,3.6,0,0,3.6
01,1,08,01_08,panelist,high,1,1,0,0,3.6,1,-0.1,3.5
01,1,09,01_09,panelist,med,1,0,0,0,3.6,0,0,3.6
01,1,10,01_10,reviewer,low,0,0,1,0,3.6,1,0.1,3.7
01,1,11,01_11,panelist,high,1,1,0,0,3.6,1,-0.2,3.5
01,1,12,01_12,reviewer,med,0,0,0,0,3.6,0,0,3.6
01,1,13,01_13,panelist,med,1,0,0,0,3.6,1,0.1,3.7
01,1,14,01_14,panelist,high,1,1,0,0,3.6,0,0,3.6
01,1,15,01_15,panelist,med,1,0,0,0,3.6,0,0,3.6
01,1,16,01_16,panelist,low,1,0,1,0,3.6,0,0,3.6
01,1,17,01_17,reviewer,high,0,1,0,0,3.6,1,-0.1,3.5
01,1,18,01_18,panelist,med,1,0,0,0,3.6,0,0,3.6
01,1,19,01_19,panelist,high,1,1,0,0,3.6,0,0,3.6
01,1,20,01_20,panelist,none,1,0,0,1,3.6,0,0,3.6
01,1,21,01_21,panelist,med,1,0,0,0,3.6,1,-0.2,3.5
01,1,22,01_22,panelist,high,1,1,0,0,3.6,0,0,3.6
01,1,23,01_23,panelist,med,1,0,0,0,3.6,1,0.1,3.7
01,1,24,01_24,panelist,none,1,0,0,1,3.6,0,0,3.6
01,2,01,01_01,panelist,high,1,1,0,0,4.2,1,-0.1,4.1
01,2,02,01_02,panelist,med,1,0,0,0,4.2,1,-0.1,4.1
01,2,03,01_03,reviewer,none,0,0,0,1,4.2,1,0.1,4.3
01,2,04,01_04,panelist,high,1,1,0,0,4.2,0,0,4.2
01,2,05,01_05,panelist,low,1,0,1,0,4.2,1,0.1,4.3
01,2,06,01_06,panelist,med,1,0,0,0,4.2,0,0,4.2
01,2,07,01_07,panelist,med,1,0,0,0,4.2,1,0.1,4.3
01,2,08,01_08,panelist,med,1,0,0,0,4.2,1,-0.2,4
01,2,09,01_09,reviewer,high,0,1,0,0,4.2,0,0,4.2
01,2,10,01_10,panelist,med,1,0,0,0,4.2,0,0,4.2
01,2,11,01_11,panelist,med,1,0,0,0,4.2,0,0,4.2
01,2,12,01_12,panelist,high,1,1,0,0,4.2,0,0,4.2
01,2,13,01_13,panelist,none,1,0,0,1,4.2,1,-0.3,3.9
01,2,14,01_14,reviewer,med,0,0,0,0,4.2,0,0,4.2
01,2,15,01_15,panelist,high,1,1,0,0,4.2,0,0,4.2
01,2,16,01_16,panelist,low,1,0,1,0,4.2,0,0,4.2
01,2,17,01_17,panelist,low,1,0,1,0,4.2,0,0,4.2
01,2,18,01_18,panelist,med,1,0,0,0,4.2,0,0,4.2
01,2,19,01_19,panelist,none,1,0,0,1,4.2,1,-0.1,4.1
01,2,20,01_20,panelist,low,1,0,1,0,4.2,0,0,4.2
01,2,21,01_21,panelist,med,1,0,0,0,4.2,1,-0.4,3.8
01,2,22,01_22,panelist,med,1,0,0,0,4.2,1,0.3,4.5
01,2,23,01_23,panelist,high,1,1,0,0,4.2,1,-0.2,4
01,2,24,01_24,panelist,none,1,0,0,1,4.2,0,0,4.2
01,3,01,01_01,panelist,high,1,1,0,0,4.1,1,-0.2,3.9
01,3,02,01_02,panelist,low,1,0,1,0,4.1,1,0.1,4.2
01,3,03,01_03,panelist,low,1,0,1,0,4.1,0,0,4.1
01,3,04,01_04,panelist,none,1,0,0,1,4.1,1,-0.1,4
01,3,05,01_05,reviewer,med,0,0,0,0,4.1,0,0,4.1
01,3,06,01_06,panelist,high,1,1,0,0,4.1,0,0,4.1
01,3,07,01_07,panelist,high,1,1,0,0,4.1,1,-0.1,4
01,3,08,01_08,panelist,med,1,0,0,0,4.1,0,0,4.1
01,3,09,01_09,panelist,med,1,0,0,0,4.1,0,0,4.1
01,3,10,01_10,panelist,med,1,0,0,0,4.1,1,0.1,4.2
01,3,11,01_11,panelist,med,1,0,0,0,4.1,0,0,4.1
01,3,12,01_12,panelist,none,1,0,0,1,4.1,0,0,4.1
01,3,13,01_13,panelist,med,1,0,0,0,4.1,1,0.1,4.2
01,3,14,01_14,panelist,none,1,0,0,1,4.1,0,0,4.1
01,3,15,01_15,panelist,low,1,0,1,0,4.1,0,0,4.1
01,3,16,01_16,panelist,low,1,0,1,0,4.1,1,-0.1,4
01,3,17,01_17,reviewer,high,0,1,0,0,4.1,0,0,4.1
01,3,18,01_18,panelist,med,1,0,0,0,4.1,1,-0.1,4
01,3,19,01_19,reviewer,none,0,0,0,1,4.1,0,0,4.1
01,3,20,01_20,panelist,med,1,0,0,0,4.1,0,0,4.1
01,3,21,01_21,panelist,high,1,1,0,0,4.1,0,0,4.1
01,3,22,01_22,panelist,high,1,1,0,0,4.1,0,0,4.1
01,3,23,01_23,panelist,med,1,0,0,0,4.1,0,0,4.1
01,3,24,01_24,panelist,med,1,0,0,0,4.1,1,0.4,4.5
01,4,01,01_01,reviewer,med,0,0,0,0,3.7,0,0,3.7
01,4,02,01_02,panelist,none,1,0,0,1,3.7,0,0,3.7
01,4,03,01_03,panelist,high,1,1,0,0,3.7,0,0,3.7
01,4,04,01_04,panelist,high,1,1,0,0,3.7,1,-0.1,3.6
01,4,05,01_05,panelist,high,1,1,0,0,3.7,1,0.1,3.8
01,4,06,01_06,panelist,med,1,0,0,0,3.7,0,0,3.7
01,4,07,01_07,reviewer,low,0,0,1,0,3.7,0,0,3.7
01,4,08,01_08,panelist,low,1,0,1,0,3.7,1,-0.1,3.6
01,4,09,01_09,panelist,none,1,0,0,1,3.7,1,0.4,4.1
01,4,10,01_10,panelist,med,1,0,0,0,3.7,0,0,3.7
01,4,11,01_11,panelist,high,1,1,0,0,3.7,1,0.1,3.8
01,4,12,01_12,panelist,none,1,0,0,1,3.7,0,0,3.7
01,4,13,01_13,panelist,med,1,0,0,0,3.7,0,0,3.7
01,4,14,01_14,panelist,med,1,0,0,0,3.7,0,0,3.7
01,4,15,01_15,panelist,high,1,1,0,0,3.7,0,0,3.7
01,4,16,01_16,panelist,med,1,0,0,0,3.7,1,0.1,3.8
01,4,17,01_17,reviewer,med,0,0,0,0,3.7,0,0,3.7
01,4,18,01_18,panelist,none,1,0,0,1,3.7,0,0,3.7
01,4,19,01_19,panelist,med,1,0,0,0,3.7,0,0,3.7
01,4,20,01_20,panelist,med,1,0,0,0,3.7,1,0.3,4
01,4,21,01_21,panelist,high,1,1,0,0,3.7,0,0,3.7
01,4,22,01_22,panelist,low,1,0,1,0,3.7,0,0,3.7
01,4,23,01_23,panelist,med,1,0,0,0,3.7,0,0,3.7
01,4,24,01_24,panelist,low,1,0,1,0,3.7,0,0,3.7
01,5,01,01_01,panelist,low,1,0,1,0,3.6,0,0,3.6
01,5,02,01_02,reviewer,med,0,0,0,0,3.6,0,0,3.6
01,5,03,01_03,panelist,high,1,1,0,0,3.6,1,0.1,3.7
01,5,04,01_04,panelist,med,1,0,0,0,3.6,0,0,3.6
01,5,05,01_05,panelist,none,1,0,0,1,3.6,1,-0.3,3.5
01,5,06,01_06,panelist,med,1,0,0,0,3.6,1,-0.1,3.5
01,5,07,01_07,panelist,low,1,0,1,0,3.6,1,-0.2,3.5
01,5,08,01_08,panelist,med,1,0,0,0,3.6,1,-0.1,3.5
01,5,09,01_09,panelist,high,1,1,0,0,3.6,0,0,3.6
01,5,10,01_10,panelist,med,1,0,0,0,3.6,1,-0.2,3.5
01,5,11,01_11,panelist,high,1,1,0,0,3.6,1,-0.2,3.5
01,5,12,01_12,panelist,med,1,0,0,0,3.6,1,0.1,3.7
01,5,13,01_13,panelist,med,1,0,0,0,3.6,1,0.2,3.8
01,5,14,01_14,panelist,high,1,1,0,0,3.6,1,-0.1,3.5
01,5,15,01_15,panelist,med,1,0,0,0,3.6,0,0,3.6
01,5,16,01_16,panelist,low,1,0,1,0,3.6,0,0,3.6
01,5,17,01_17,panelist,high,1,1,0,0,3.6,1,-0.2,3.5
01,5,18,01_18,panelist,none,1,0,0,1,3.6,1,0.1,3.7
01,5,19,01_19,reviewer,low,0,0,1,0,3.6,0,0,3.6
01,5,20,01_20,panelist,high,1,1,0,0,3.6,0,0,3.6
01,5,21,01_21,panelist,none,1,0,0,1,3.6,0,0,3.6
01,5,22,01_22,reviewer,none,0,0,0,1,3.6,1,0.1,3.7
01,5,23,01_23,panelist,med,1,0,0,0,3.6,0,0,3.6
01,5,24,01_24,panelist,med,1,0,0,0,3.6,1,0.1,3.7
01,6,01,01_01,panelist,med,1,0,0,0,3.5,0,0,3.5
01,6,02,01_02,panelist,med,1,0,0,0,3.5,1,-0.1,3.5
01,6,03,01_03,panelist,med,1,0,0,0,3.5,1,-0.1,3.5
01,6,04,01_04,panelist,med,1,0,0,0,3.5,0,0,3.5
01,6,05,01_05,panelist,low,1,0,1,0,3.5,0,0,3.5
01,6,06,01_06,panelist,med,1,0,0,0,3.5,0,0,3.5
01,6,07,01_07,panelist,med,1,0,0,0,3.5,0,0,3.5
01,6,08,01_08,panelist,high,1,1,0,0,3.5,0,0,3.5
01,6,09,01_09,panelist,none,1,0,0,1,3.5,0,0,3.5
01,6,10,01_10,panelist,low,1,0,1,0,3.5,0,0,3.5
01,6,11,01_11,panelist,high,1,1,0,0,3.5,0,0,3.5
01,6,12,01_12,panelist,low,1,0,1,0,3.5,0,0,3.5
01,6,13,01_13,reviewer,med,0,0,0,0,3.5,0,0,3.5
01,6,14,01_14,panelist,low,1,0,1,0,3.5,0,0,3.5
01,6,15,01_15,panelist,med,1,0,0,0,3.5,0,0,3.5
01,6,16,01_16,panelist,high,1,1,0,0,3.5,1,-0.2,3.5
01,6,17,01_17,panelist,med,1,0,0,0,3.5,0,0,3.5
01,6,18,01_18,panelist,high,1,1,0,0,3.5,0,0,3.5
01,6,19,01_19,panelist,med,1,0,0,0,3.5,1,-0.2,3.5
01,6,20,01_20,panelist,high,1,1,0,0,3.5,0,0,3.5
01,6,21,01_21,panelist,none,1,0,0,1,3.5,1,-0.1,3.5
01,6,22,01_22,reviewer,high,0,1,0,0,3.5,0,0,3.5
01,6,23,01_23,reviewer,none,0,0,0,1,3.5,0,0,3.5
01,6,24,01_24,panelist,none,1,0,0,1,3.5,1,0.1,3.6
01,7,01,01_01,panelist,low,1,0,1,0,3.9,0,0,3.9
01,7,02,01_02,reviewer,high,0,1,0,0,3.9,1,0.1,4
01,7,03,01_03,panelist,low,1,0,1,0,3.9,1,0.1,4
01,7,04,01_04,panelist,low,1,0,1,0,3.9,1,0.1,4
01,7,05,01_05,panelist,none,1,0,0,1,3.9,0,0,3.9
01,7,06,01_06,panelist,none,1,0,0,1,3.9,1,-0.2,3.7
01,7,07,01_07,panelist,med,1,0,0,0,3.9,0,0,3.9
01,7,08,01_08,panelist,high,1,1,0,0,3.9,0,0,3.9
01,7,09,01_09,panelist,none,1,0,0,1,3.9,0,0,3.9
01,7,10,01_10,panelist,med,1,0,0,0,3.9,0,0,3.9
01,7,11,01_11,panelist,low,1,0,1,0,3.9,1,0.2,4.1
01,7,12,01_12,panelist,high,1,1,0,0,3.9,0,0,3.9
01,7,13,01_13,panelist,high,1,1,0,0,3.9,0,0,3.9
01,7,14,01_14,panelist,med,1,0,0,0,3.9,0,0,3.9
01,7,15,01_15,panelist,med,1,0,0,0,3.9,1,-0.1,3.8
01,7,16,01_16,reviewer,med,0,0,0,0,3.9,1,-0.1,3.8
01,7,17,01_17,panelist,med,1,0,0,0,3.9,1,-0.1,3.8
01,7,18,01_18,panelist,med,1,0,0,0,3.9,0,0,3.9
01,7,19,01_19,panelist,high,1,1,0,0,3.9,0,0,3.9
01,7,20,01_20,panelist,med,1,0,0,0,3.9,0,0,3.9
01,7,21,01_21,panelist,high,1,1,0,0,3.9,0,0,3.9
01,7,22,01_22,panelist,none,1,0,0,1,3.9,1,0.1,4
01,7,23,01_23,reviewer,med,0,0,0,0,3.9,0,0,3.9
01,7,24,01_24,panelist,med,1,0,0,0,3.9,0,0,3.9
01,8,01,01_01,panelist,med,1,0,0,0,3.5,0,0,3.5
01,8,02,01_02,reviewer,med,0,0,0,0,3.5,1,-0.4,3.5
01,8,03,01_03,panelist,med,1,0,0,0,3.5,1,-0.1,3.5
01,8,04,01_04,panelist,high,1,1,0,0,3.5,0,0,3.5
01,8,05,01_05,panelist,med,1,0,0,0,3.5,0,0,3.5
01,8,06,01_06,panelist,none,1,0,0,1,3.5,1,-0.2,3.5
01,8,07,01_07,panelist,med,1,0,0,0,3.5,0,0,3.5
01,8,08,01_08,panelist,high,1,1,0,0,3.5,0,0,3.5
01,8,09,01_09,reviewer,none,0,0,0,1,3.5,1,0.1,3.6
01,8,10,01_10,panelist,low,1,0,1,0,3.5,0,0,3.5
01,8,11,01_11,panelist,med,1,0,0,0,3.5,1,-0.1,3.5
01,8,12,01_12,panelist,low,1,0,1,0,3.5,0,0,3.5
01,8,13,01_13,panelist,none,1,0,0,1,3.5,1,0.1,3.6
01,8,14,01_14,panelist,high,1,1,0,0,3.5,0,0,3.5
01,8,15,01_15,panelist,high,1,1,0,0,3.5,0,0,3.5
01,8,16,01_16,reviewer,med,0,0,0,0,3.5,0,0,3.5
01,8,17,01_17,panelist,med,1,0,0,0,3.5,0,0,3.5
01,8,18,01_18,panelist,high,1,1,0,0,3.5,0,0,3.5
01,8,19,01_19,panelist,med,1,0,0,0,3.5,0,0,3.5
01,8,20,01_20,panelist,med,1,0,0,0,3.5,1,0.1,3.6
01,8,21,01_21,panelist,none,1,0,0,1,3.5,0,0,3.5
01,8,22,01_22,panelist,low,1,0,1,0,3.5,0,0,3.5
01,8,23,01_23,panelist,low,1,0,1,0,3.5,1,-0.1,3.5
01,8,24,01_24,panelist,high,1,1,0,0,3.5,0,0,3.5
01,9,01,01_01,panelist,high,1,1,0,0,4.1,1,-0.3,3.8
01,9,02,01_02,panelist,high,1,1,0,0,4.1,0,0,4.1
01,9,03,01_03,panelist,med,1,0,0,0,4.1,1,0.2,4.3
01,9,04,01_04,panelist,high,1,1,0,0,4.1,0,0,4.1
01,9,05,01_05,panelist,med,1,0,0,0,4.1,0,0,4.1
01,9,06,01_06,panelist,med,1,0,0,0,4.1,0,0,4.1
01,9,07,01_07,panelist,med,1,0,0,0,4.1,0,0,4.1
01,9,08,01_08,panelist,med,1,0,0,0,4.1,0,0,4.1
01,9,09,01_09,reviewer,med,0,0,0,0,4.1,0,0,4.1
01,9,10,01_10,panelist,med,1,0,0,0,4.1,1,-0.1,4
01,9,11,01_11,reviewer,high,0,1,0,0,4.1,0,0,4.1
01,9,12,01_12,panelist,none,1,0,0,1,4.1,0,0,4.1
01,9,13,01_13,panelist,low,1,0,1,0,4.1,1,0.1,4.2
01,9,14,01_14,panelist,low,1,0,1,0,4.1,0,0,4.1
01,9,15,01_15,reviewer,low,0,0,1,0,4.1,1,-0.1,4
01,9,16,01_16,panelist,none,1,0,0,1,4.1,1,0.1,4.2
01,9,17,01_17,panelist,med,1,0,0,0,4.1,0,0,4.1
01,9,18,01_18,panelist,med,1,0,0,0,4.1,0,0,4.1
01,9,19,01_19,panelist,high,1,1,0,0,4.1,0,0,4.1
01,9,20,01_20,panelist,none,1,0,0,1,4.1,1,0.2,4.3
01,9,21,01_21,panelist,none,1,0,0,1,4.1,0,0,4.1
01,9,22,01_22,panelist,high,1,1,0,0,4.1,1,0.1,4.2
01,9,23,01_23,panelist,low,1,0,1,0,4.1,0,0,4.1
01,9,24,01_24,panelist,med,1,0,0,0,4.1,1,0.1,4.2
01,10,01,01_01,panelist,none,1,0,0,1,4.5,0,0,4.5
01,10,02,01_02,panelist,med,1,0,0,0,4.5,0,0,4.5
01,10,03,01_03,panelist,high,1,1,0,0,4.5,1,-0.1,4.4
01,10,04,01_04,panelist,med,1,0,0,0,4.5,0,0,4.5
01,10,05,01_05,panelist,med,1,0,0,0,4.5,0,0,4.5
01,10,06,01_06,panelist,med,1,0,0,0,4.5,1,0.2,4.7
01,10,07,01_07,panelist,med,1,0,0,0,4.5,0,0,4.5
01,10,08,01_08,panelist,none,1,0,0,1,4.5,1,-0.1,4.4
01,10,09,01_09,panelist,high,1,1,0,0,4.5,0,0,4.5
01,10,10,01_10,panelist,high,1,1,0,0,4.5,0,0,4.5
01,10,11,01_11,panelist,none,1,0,0,1,4.5,1,0.1,4.6
01,10,12,01_12,panelist,high,1,1,0,0,4.5,0,0,4.5
01,10,13,01_13,panelist,med,1,0,0,0,4.5,0,0,4.5
01,10,14,01_14,reviewer,low,0,0,1,0,4.5,1,-0.2,4.3
01,10,15,01_15,reviewer,med,0,0,0,0,4.5,1,0.1,4.6
01,10,16,01_16,reviewer,low,0,0,1,0,4.5,0,0,4.5
01,10,17,01_17,panelist,med,1,0,0,0,4.5,1,0.1,4.6
01,10,18,01_18,panelist,med,1,0,0,0,4.5,0,0,4.5
01,10,19,01_19,panelist,low,1,0,1,0,4.5,0,0,4.5
01,10,20,01_20,panelist,high,1,1,0,0,4.5,0,0,4.5
01,10,21,01_21,panelist,med,1,0,0,0,4.5,0,0,4.5
01,10,22,01_22,panelist,low,1,0,1,0,4.5,1,0.2,4.7
01,10,23,01_23,panelist,high,1,1,0,0,4.5,1,-0.1,4.4
01,10,24,01_24,panelist,none,1,0,0,1,4.5,0,0,4.5
01,11,01,01_01,panelist,none,1,0,0,1,4.1,1,0.1,4.2
01,11,02,01_02,panelist,med,1,0,0,0,4.1,1,-0.2,3.9
01,11,03,01_03,panelist,low,1,0,1,0,4.1,0,0,4.1
01,11,04,01_04,panelist,high,1,1,0,0,4.1,0,0,4.1
01,11,05,01_05,panelist,high,1,1,0,0,4.1,1,-0.1,4
01,11,06,01_06,panelist,none,1,0,0,1,4.1,1,0.1,4.2
01,11,07,01_07,panelist,med,1,0,0,0,4.1,0,0,4.1
01,11,08,01_08,panelist,med,1,0,0,0,4.1,0,0,4.1
01,11,09,01_09,panelist,med,1,0,0,0,4.1,0,0,4.1
01,11,10,01_10,panelist,low,1,0,1,0,4.1,0,0,4.1
01,11,11,01_11,panelist,low,1,0,1,0,4.1,0,0,4.1
01,11,12,01_12,reviewer,med,0,0,0,0,4.1,0,0,4.1
01,11,13,01_13,panelist,high,1,1,0,0,4.1,0,0,4.1
01,11,14,01_14,panelist,none,1,0,0,1,4.1,0,0,4.1
01,11,15,01_15,panelist,med,1,0,0,0,4.1,1,-0.1,4
01,11,16,01_16,panelist,med,1,0,0,0,4.1,0,0,4.1
01,11,17,01_17,panelist,med,1,0,0,0,4.1,0,0,4.1
01,11,18,01_18,panelist,high,1,1,0,0,4.1,0,0,4.1
01,11,19,01_19,panelist,low,1,0,1,0,4.1,1,0.2,4.3
01,11,20,01_20,panelist,med,1,0,0,0,4.1,0,0,4.1
01,11,21,01_21,panelist,none,1,0,0,1,4.1,0,0,4.1
01,11,22,01_22,reviewer,med,0,0,0,0,4.1,0,0,4.1
01,11,23,01_23,panelist,high,1,1,0,0,4.1,0,0,4.1
01,11,24,01_24,reviewer,high,0,1,0,0,4.1,0,0,4.1
01,12,01,01_01,panelist,high,1,1,0,0,4.8,0,0,4.8
01,12,02,01_02,panelist,low,1,0,1,0,4.8,1,0.1,4.9
01,12,03,01_03,panelist,med,1,0,0,0,4.8,1,-0.1,4.7
01,12,04,01_04,panelist,med,1,0,0,0,4.8,1,0.1,4.9
01,12,05,01_05,reviewer,med,0,0,0,0,4.8,0,0,4.8
01,12,06,01_06,panelist,none,1,0,0,1,4.8,0,0,4.8
01,12,07,01_07,panelist,med,1,0,0,0,4.8,0,0,4.8
01,12,08,01_08,panelist,high,1,1,0,0,4.8,1,0.2,4.9
01,12,09,01_09,panelist,low,1,0,1,0,4.8,1,0.3,4.9
01,12,10,01_10,panelist,none,1,0,0,1,4.8,0,0,4.8
01,12,11,01_11,panelist,high,1,1,0,0,4.8,1,-0.1,4.7
01,12,12,01_12,panelist,med,1,0,0,0,4.8,1,0.1,4.9
01,12,13,01_13,panelist,med,1,0,0,0,4.8,0,0,4.8
01,12,14,01_14,panelist,med,1,0,0,0,4.8,0,0,4.8
01,12,15,01_15,reviewer,med,0,0,0,0,4.8,0,0,4.8
01,12,16,01_16,reviewer,med,0,0,0,0,4.8,0,0,4.8
01,12,17,01_17,panelist,none,1,0,0,1,4.8,1,0.1,4.9
01,12,18,01_18,panelist,high,1,1,0,0,4.8,0,0,4.8
01,12,19,01_19,panelist,med,1,0,0,0,4.8,0,0,4.8
01,12,20,01_20,panelist,high,1,1,0,0,4.8,1,-0.1,4.7
01,12,21,01_21,panelist,low,1,0,1,0,4.8,0,0,4.8
01,12,22,01_22,panelist,none,1,0,0,1,4.8,1,0.1,4.9
01,12,23,01_23,panelist,high,1,1,0,0,4.8,0,0,4.8
01,12,24,01_24,panelist,low,1,0,1,0,4.8,1,-0.3,4.5
01,13,01,01_01,panelist,low,1,0,1,0,4.5,1,-0.2,4.3
01,13,02,01_02,panelist,med,1,0,0,0,4.5,0,0,4.5
01,13,03,01_03,reviewer,med,0,0,0,0,4.5,1,-0.1,4.4
01,13,04,01_04,panelist,med,1,0,0,0,4.5,0,0,4.5
01,13,05,01_05,panelist,high,1,1,0,0,4.5,1,0.1,4.6
01,13,06,01_06,panelist,none,1,0,0,1,4.5,1,-0.1,4.4
01,13,07,01_07,panelist,med,1,0,0,0,4.5,0,0,4.5
01,13,08,01_08,panelist,low,1,0,1,0,4.5,0,0,4.5
01,13,09,01_09,panelist,high,1,1,0,0,4.5,0,0,4.5
01,13,10,01_10,panelist,high,1,1,0,0,4.5,0,0,4.5
01,13,11,01_11,panelist,med,1,0,0,0,4.5,1,-0.1,4.4
01,13,12,01_12,panelist,med,1,0,0,0,4.5,1,-0.1,4.4
01,13,13,01_13,panelist,med,1,0,0,0,4.5,0,0,4.5
01,13,14,01_14,panelist,none,1,0,0,1,4.5,0,0,4.5
01,13,15,01_15,panelist,high,1,1,0,0,4.5,1,-0.1,4.4
01,13,16,01_16,panelist,med,1,0,0,0,4.5,0,0,4.5
01,13,17,01_17,reviewer,high,0,1,0,0,4.5,1,-0.2,4.3
01,13,18,01_18,panelist,med,1,0,0,0,4.5,0,0,4.5
01,13,19,01_19,panelist,none,1,0,0,1,4.5,1,-0.1,4.4
01,13,20,01_20,panelist,high,1,1,0,0,4.5,1,0.1,4.6
01,13,21,01_21,panelist,med,1,0,0,0,4.5,0,0,4.5
01,13,22,01_22,panelist,none,1,0,0,1,4.5,1,0.2,4.7
01,13,23,01_23,panelist,low,1,0,1,0,4.5,1,-0.1,4.4
01,13,24,01_24,reviewer,low,0,0,1,0,4.5,1,-0.1,4.4
01,14,01,01_01,panelist,med,1,0,0,0,3.5,1,0.1,3.6
01,14,02,01_02,panelist,med,1,0,0,0,3.5,1,0.1,3.6
01,14,03,01_03,panelist,low,1,0,1,0,3.5,1,0.1,3.6
01,14,04,01_04,panelist,high,1,1,0,0,3.5,0,0,3.5
01,14,05,01_05,reviewer,none,0,0,0,1,3.5,0,0,3.5
01,14,06,01_06,panelist,med,1,0,0,0,3.5,0,0,3.5
01,14,07,01_07,panelist,med,1,0,0,0,3.5,0,0,3.5
01,14,08,01_08,panelist,high,1,1,0,0,3.5,0,0,3.5
01,14,09,01_09,panelist,none,1,0,0,1,3.5,0,0,3.5
01,14,10,01_10,panelist,med,1,0,0,0,3.5,1,-0.3,3.5
01,14,11,01_11,panelist,med,1,0,0,0,3.5,0,0,3.5
01,14,12,01_12,panelist,med,1,0,0,0,3.5,0,0,3.5
01,14,13,01_13,panelist,low,1,0,1,0,3.5,1,0.1,3.6
01,14,14,01_14,panelist,low,1,0,1,0,3.5,1,-0.3,3.5
01,14,15,01_15,panelist,med,1,0,0,0,3.5,1,-0.3,3.5
01,14,16,01_16,reviewer,none,0,0,0,1,3.5,1,0.1,3.6
01,14,17,01_17,reviewer,med,0,0,0,0,3.5,1,-0.3,3.5
01,14,18,01_18,panelist,high,1,1,0,0,3.5,0,0,3.5
01,14,19,01_19,panelist,high,1,1,0,0,3.5,0,0,3.5
01,14,20,01_20,panelist,none,1,0,0,1,3.5,0,0,3.5
01,14,21,01_21,panelist,med,1,0,0,0,3.5,0,0,3.5
01,14,22,01_22,panelist,low,1,0,1,0,3.5,1,0.1,3.6
01,14,23,01_23,panelist,high,1,1,0,0,3.5,0,0,3.5
01,14,24,01_24,panelist,high,1,1,0,0,3.5,0,0,3.5
01,15,01,01_01,panelist,med,1,0,0,0,4.3,0,0,4.3
01,15,02,01_02,reviewer,low,0,0,1,0,4.3,1,0.2,4.5
01,15,03,01_03,panelist,high,1,1,0,0,4.3,1,0.1,4.4
01,15,04,01_04,reviewer,low,0,0,1,0,4.3,0,0,4.3
01,15,05,01_05,panelist,high,1,1,0,0,4.3,0,0,4.3
01,15,06,01_06,panelist,med,1,0,0,0,4.3,1,0.1,4.4
01,15,07,01_07,panelist,med,1,0,0,0,4.3,0,0,4.3
01,15,08,01_08,panelist,med,1,0,0,0,4.3,1,-0.1,4.2
01,15,09,01_09,panelist,med,1,0,0,0,4.3,1,0.1,4.4
01,15,10,01_10,panelist,low,1,0,1,0,4.3,0,0,4.3
01,15,11,01_11,panelist,med,1,0,0,0,4.3,1,0.1,4.4
01,15,12,01_12,panelist,low,1,0,1,0,4.3,0,0,4.3
01,15,13,01_13,panelist,med,1,0,0,0,4.3,0,0,4.3
01,15,14,01_14,panelist,none,1,0,0,1,4.3,1,0.1,4.4
01,15,15,01_15,panelist,high,1,1,0,0,4.3,1,0.3,4.6
01,15,16,01_16,panelist,high,1,1,0,0,4.3,0,0,4.3
01,15,17,01_17,panelist,none,1,0,0,1,4.3,0,0,4.3
01,15,18,01_18,reviewer,none,0,0,0,1,4.3,1,0.1,4.4
01,15,19,01_19,panelist,none,1,0,0,1,4.3,0,0,4.3
01,15,20,01_20,panelist,med,1,0,0,0,4.3,1,-0.1,4.2
01,15,21,01_21,panelist,med,1,0,0,0,4.3,1,-0.4,3.9
01,15,22,01_22,panelist,high,1,1,0,0,4.3,0,0,4.3
01,15,23,01_23,panelist,med,1,0,0,0,4.3,0,0,4.3
01,15,24,01_24,panelist,high,1,1,0,0,4.3,0,0,4.3
02,1,01,02_01,panelist,med,1,0,0,0,3.6,0,0,3.6
02,1,02,02_02,panelist,med,1,0,0,0,3.6,0,0,3.6
02,1,03,02_03,panelist,med,1,0,0,0,3.6,1,-0.1,3.5
02,1,04,02_04,panelist,low,1,0,1,0,3.6,1,0.1,3.7
02,1,05,02_05,panelist,none,1,0,0,1,3.6,0,0,3.6
02,1,06,02_06,panelist,none,1,0,0,1,3.6,1,-0.1,3.5
02,1,07,02_07,panelist,low,1,0,1,0,3.6,1,0.1,3.7
02,1,08,02_08,panelist,low,1,0,1,0,3.6,0,0,3.6
02,1,09,02_09,panelist,high,1,1,0,0,3.6,1,0.2,3.8
02,1,10,02_10,panelist,high,1,1,0,0,3.6,0,0,3.6
02,1,11,02_11,panelist,none,1,0,0,1,3.6,1,0.2,3.8
02,1,12,02_12,panelist,high,1,1,0,0,3.6,0,0,3.6
02,1,13,02_13,panelist,med,1,0,0,0,3.6,0,0,3.6
02,1,14,02_14,panelist,med,1,0,0,0,3.6,1,0.1,3.7
02,1,15,02_15,panelist,high,1,1,0,0,3.6,1,-0.1,3.5
02,1,16,02_16,panelist,med,1,0,0,0,3.6,0,0,3.6
02,1,17,02_17,panelist,med,1,0,0,0,3.6,1,-0.2,3.5
02,1,18,02_18,reviewer,med,0,0,0,0,3.6,0,0,3.6
02,1,19,02_19,panelist,none,1,0,0,1,3.6,0,0,3.6
02,1,20,02_20,reviewer,high,0,1,0,0,3.6,0,0,3.6
02,1,21,02_21,panelist,high,1,1,0,0,3.6,1,0.1,3.7
02,1,22,02_22,panelist,low,1,0,1,0,3.6,0,0,3.6
02,1,23,02_23,panelist,med,1,0,0,0,3.6,0,0,3.6
02,1,24,02_24,reviewer,med,0,0,0,0,3.6,1,-0.4,3.5
02,2,01,02_01,panelist,high,1,1,0,0,4.2,1,-0.1,4.1
02,2,02,02_02,panelist,none,1,0,0,1,4.2,1,-0.2,4
02,2,03,02_03,panelist,high,1,1,0,0,4.2,0,0,4.2
02,2,04,02_04,reviewer,high,0,1,0,0,4.2,0,0,4.2
02,2,05,02_05,reviewer,low,0,0,1,0,4.2,0,0,4.2
02,2,06,02_06,panelist,med,1,0,0,0,4.2,0,0,4.2
02,2,07,02_07,panelist,low,1,0,1,0,4.2,1,0.2,4.4
02,2,08,02_08,panelist,med,1,0,0,0,4.2,0,0,4.2
02,2,09,02_09,panelist,med,1,0,0,0,4.2,1,-0.1,4.1
02,2,10,02_10,panelist,low,1,0,1,0,4.2,0,0,4.2
02,2,11,02_11,panelist,low,1,0,1,0,4.2,0,0,4.2
02,2,12,02_12,panelist,med,1,0,0,0,4.2,1,-0.1,4.1
02,2,13,02_13,panelist,med,1,0,0,0,4.2,1,0.1,4.3
02,2,14,02_14,panelist,none,1,0,0,1,4.2,0,0,4.2
02,2,15,02_15,panelist,none,1,0,0,1,4.2,1,-0.1,4.1
02,2,16,02_16,panelist,high,1,1,0,0,4.2,0,0,4.2
02,2,17,02_17,panelist,med,1,0,0,0,4.2,1,0.1,4.3
02,2,18,02_18,reviewer,med,0,0,0,0,4.2,0,0,4.2
02,2,19,02_19,panelist,high,1,1,0,0,4.2,1,-0.1,4.1
02,2,20,02_20,panelist,med,1,0,0,0,4.2,0,0,4.2
02,2,21,02_21,panelist,none,1,0,0,1,4.2,1,-0.2,4
02,2,22,02_22,panelist,med,1,0,0,0,4.2,0,0,4.2
02,2,23,02_23,panelist,high,1,1,0,0,4.2,0,0,4.2
02,2,24,02_24,panelist,med,1,0,0,0,4.2,1,-0.2,4
02,3,01,02_01,panelist,med,1,0,0,0,4.1,1,-0.1,4
02,3,02,02_02,panelist,low,1,0,1,0,4.1,0,0,4.1
02,3,03,02_03,panelist,high,1,1,0,0,4.1,0,0,4.1
02,3,04,02_04,panelist,med,1,0,0,0,4.1,1,-0.1,4
02,3,05,02_05,panelist,high,1,1,0,0,4.1,0,0,4.1
02,3,06,02_06,panelist,med,1,0,0,0,4.1,1,-0.1,4
02,3,07,02_07,reviewer,med,0,0,0,0,4.1,1,0.1,4.2
02,3,08,02_08,panelist,low,1,0,1,0,4.1,0,0,4.1
02,3,09,02_09,panelist,low,1,0,1,0,4.1,0,0,4.1
02,3,10,02_10,panelist,high,1,1,0,0,4.1,0,0,4.1
02,3,11,02_11,panelist,high,1,1,0,0,4.1,0,0,4.1
02,3,12,02_12,panelist,none,1,0,0,1,4.1,1,0.2,4.3
02,3,13,02_13,panelist,med,1,0,0,0,4.1,1,-0.1,4
02,3,14,02_14,panelist,med,1,0,0,0,4.1,1,0.1,4.2
02,3,15,02_15,reviewer,none,0,0,0,1,4.1,0,0,4.1
02,3,16,02_16,panelist,med,1,0,0,0,4.1,0,0,4.1
02,3,17,02_17,panelist,high,1,1,0,0,4.1,1,-0.2,3.9
02,3,18,02_18,panelist,high,1,1,0,0,4.1,0,0,4.1
02,3,19,02_19,reviewer,none,0,0,0,1,4.1,0,0,4.1
02,3,20,02_20,panelist,none,1,0,0,1,4.1,0,0,4.1
02,3,21,02_21,panelist,low,1,0,1,0,4.1,0,0,4.1
02,3,22,02_22,panelist,med,1,0,0,0,4.1,0,0,4.1
02,3,23,02_23,panelist,med,1,0,0,0,4.1,0,0,4.1
02,3,24,02_24,panelist,med,1,0,0,0,4.1,0,0,4.1
02,4,01,02_01,panelist,low,1,0,1,0,3.7,1,-0.1,3.6
02,4,02,02_02,panelist,high,1,1,0,0,3.7,0,0,3.7
02,4,03,02_03,panelist,low,1,0,1,0,3.7,1,0.2,3.9
02,4,04,02_04,panelist,high,1,1,0,0,3.7,0,0,3.7
02,4,05,02_05,panelist,med,1,0,0,0,3.7,1,0.1,3.8
02,4,06,02_06,panelist,none,1,0,0,1,3.7,1,-0.1,3.6
02,4,07,02_07,panelist,none,1,0,0,1,3.7,0,0,3.7
02,4,08,02_08,panelist,high,1,1,0,0,3.7,0,0,3.7
02,4,09,02_09,panelist,med,1,0,0,0,3.7,1,0.1,3.8
02,4,10,02_10,reviewer,none,0,0,0,1,3.7,0,0,3.7
02,4,11,02_11,reviewer,med,0,0,0,0,3.7,0,0,3.7
02,4,12,02_12,panelist,low,1,0,1,0,3.7,0,0,3.7
02,4,13,02_13,panelist,low,1,0,1,0,3.7,0,0,3.7
02,4,14,02_14,panelist,high,1,1,0,0,3.7,0,0,3.7
02,4,15,02_15,panelist,med,1,0,0,0,3.7,0,0,3.7
02,4,16,02_16,panelist,med,1,0,0,0,3.7,1,0.1,3.8
02,4,17,02_17,panelist,high,1,1,0,0,3.7,0,0,3.7
02,4,18,02_18,reviewer,high,0,1,0,0,3.7,0,0,3.7
02,4,19,02_19,panelist,med,1,0,0,0,3.7,0,0,3.7
02,4,20,02_20,panelist,med,1,0,0,0,3.7,0,0,3.7
02,4,21,02_21,panelist,none,1,0,0,1,3.7,0,0,3.7
02,4,22,02_22,panelist,med,1,0,0,0,3.7,1,0.1,3.8
02,4,23,02_23,panelist,med,1,0,0,0,3.7,1,-0.1,3.6
02,4,24,02_24,panelist,med,1,0,0,0,3.7,0,0,3.7
02,5,01,02_01,panelist,none,1,0,0,1,3.7,1,0.1,3.8
02,5,02,02_02,panelist,high,1,1,0,0,3.7,1,-0.1,3.6
02,5,03,02_03,panelist,med,1,0,0,0,3.7,1,-0.1,3.6
02,5,04,02_04,panelist,none,1,0,0,1,3.7,0,0,3.7
02,5,05,02_05,panelist,high,1,1,0,0,3.7,0,0,3.7
02,5,06,02_06,panelist,high,1,1,0,0,3.7,0,0,3.7
02,5,07,02_07,panelist,high,1,1,0,0,3.7,0,0,3.7
02,5,08,02_08,panelist,low,1,0,1,0,3.7,0,0,3.7
02,5,09,02_09,panelist,low,1,0,1,0,3.7,1,-0.1,3.6
02,5,10,02_10,panelist,med,1,0,0,0,3.7,0,0,3.7
02,5,11,02_11,panelist,high,1,1,0,0,3.7,0,0,3.7
02,5,12,02_12,reviewer,med,0,0,0,0,3.7,0,0,3.7
02,5,13,02_13,panelist,low,1,0,1,0,3.7,1,-0.1,3.6
02,5,14,02_14,reviewer,med,0,0,0,0,3.7,1,-0.1,3.6
02,5,15,02_15,panelist,med,1,0,0,0,3.7,0,0,3.7
02,5,16,02_16,panelist,low,1,0,1,0,3.7,1,0.3,4
02,5,17,02_17,panelist,high,1,1,0,0,3.7,1,0.1,3.8
02,5,18,02_18,reviewer,none,0,0,0,1,3.7,0,0,3.7
02,5,19,02_19,panelist,med,1,0,0,0,3.7,0,0,3.7
02,5,20,02_20,panelist,none,1,0,0,1,3.7,0,0,3.7
02,5,21,02_21,panelist,med,1,0,0,0,3.7,0,0,3.7
02,5,22,02_22,panelist,med,1,0,0,0,3.7,0,0,3.7
02,5,23,02_23,panelist,med,1,0,0,0,3.7,1,0.1,3.8
02,5,24,02_24,panelist,med,1,0,0,0,3.7,1,0.1,3.8
02,6,01,02_01,panelist,low,1,0,1,0,3.5,0,0,3.5
02,6,02,02_02,panelist,med,1,0,0,0,3.5,0,0,3.5
02,6,03,02_03,panelist,med,1,0,0,0,3.5,1,0.2,3.7
02,6,04,02_04,reviewer,high,0,1,0,0,3.5,0,0,3.5
02,6,05,02_05,panelist,high,1,1,0,0,3.5,0,0,3.5
02,6,06,02_06,panelist,med,1,0,0,0,3.5,0,0,3.5
02,6,07,02_07,panelist,low,1,0,1,0,3.5,1,0.2,3.7
02,6,08,02_08,panelist,low,1,0,1,0,3.5,1,0.1,3.6
02,6,09,02_09,panelist,med,1,0,0,0,3.5,0,0,3.5
02,6,10,02_10,panelist,none,1,0,0,1,3.5,0,0,3.5
02,6,11,02_11,panelist,med,1,0,0,0,3.5,1,-0.2,3.5
02,6,12,02_12,panelist,high,1,1,0,0,3.5,0,0,3.5
02,6,13,02_13,panelist,high,1,1,0,0,3.5,0,0,3.5
02,6,14,02_14,reviewer,none,0,0,0,1,3.5,1,0.1,3.6
02,6,15,02_15,panelist,med,1,0,0,0,3.5,1,-0.1,3.5
02,6,16,02_16,panelist,none,1,0,0,1,3.5,0,0,3.5
02,6,17,02_17,panelist,med,1,0,0,0,3.5,1,0.1,3.6
02,6,18,02_18,panelist,med,1,0,0,0,3.5,0,0,3.5
02,6,19,02_19,reviewer,low,0,0,1,0,3.5,0,0,3.5
02,6,20,02_20,panelist,med,1,0,0,0,3.5,0,0,3.5
02,6,21,02_21,panelist,none,1,0,0,1,3.5,1,0.1,3.6
02,6,22,02_22,panelist,med,1,0,0,0,3.5,1,0.2,3.7
02,6,23,02_23,panelist,high,1,1,0,0,3.5,0,0,3.5
02,6,24,02_24,panelist,high,1,1,0,0,3.5,0,0,3.5
02,7,01,02_01,panelist,high,1,1,0,0,3.9,0,0,3.9
02,7,02,02_02,panelist,none,1,0,0,1,3.9,1,0.1,4
02,7,03,02_03,panelist,none,1,0,0,1,3.9,0,0,3.9
02,7,04,02_04,panelist,med,1,0,0,0,3.9,0,0,3.9
02,7,05,02_05,panelist,med,1,0,0,0,3.9,0,0,3.9
02,7,06,02_06,panelist,low,1,0,1,0,3.9,0,0,3.9
02,7,07,02_07,panelist,low,1,0,1,0,3.9,0,0,3.9
02,7,08,02_08,panelist,med,1,0,0,0,3.9,0,0,3.9
02,7,09,02_09,panelist,med,1,0,0,0,3.9,1,-0.2,3.7
02,7,10,02_10,panelist,high,1,1,0,0,3.9,0,0,3.9
02,7,11,02_11,reviewer,high,0,1,0,0,3.9,1,0.2,4.1
02,7,12,02_12,reviewer,high,0,1,0,0,3.9,0,0,3.9
02,7,13,02_13,panelist,high,1,1,0,0,3.9,0,0,3.9
02,7,14,02_14,panelist,low,1,0,1,0,3.9,0,0,3.9
02,7,15,02_15,panelist,none,1,0,0,1,3.9,0,0,3.9
02,7,16,02_16,panelist,med,1,0,0,0,3.9,1,-0.1,3.8
02,7,17,02_17,panelist,med,1,0,0,0,3.9,0,0,3.9
02,7,18,02_18,panelist,med,1,0,0,0,3.9,0,0,3.9
02,7,19,02_19,panelist,med,1,0,0,0,3.9,1,0.1,4
02,7,20,02_20,reviewer,high,0,1,0,0,3.9,0,0,3.9
02,7,21,02_21,panelist,med,1,0,0,0,3.9,1,0.1,4
02,7,22,02_22,panelist,none,1,0,0,1,3.9,0,0,3.9
02,7,23,02_23,panelist,low,1,0,1,0,3.9,0,0,3.9
02,7,24,02_24,panelist,med,1,0,0,0,3.9,0,0,3.9
02,8,01,02_01,panelist,low,1,0,1,0,3.5,1,-0.2,3.5
02,8,02,02_02,panelist,med,1,0,0,0,3.5,0,0,3.5
02,8,03,02_03,panelist,none,1,0,0,1,3.5,0,0,3.5
02,8,04,02_04,panelist,low,1,0,1,0,3.5,0,0,3.5
02,8,05,02_05,panelist,med,1,0,0,0,3.5,1,0.1,3.6
02,8,06,02_06,panelist,high,1,1,0,0,3.5,0,0,3.5
02,8,07,02_07,reviewer,high,0,1,0,0,3.5,1,-0.1,3.5
02,8,08,02_08,panelist,none,1,0,0,1,3.5,0,0,3.5
02,8,09,02_09,panelist,high,1,1,0,0,3.5,1,-0.2,3.5
02,8,10,02_10,panelist,med,1,0,0,0,3.5,0,0,3.5
02,8,11,02_11,panelist,none,1,0,0,1,3.5,1,-0.3,3.5
02,8,12,02_12,panelist,med,1,0,0,0,3.5,0,0,3.5
02,8,13,02_13,panelist,med,1,0,0,0,3.5,1,-0.2,3.5
02,8,14,02_14,panelist,high,1,1,0,0,3.5,1,0.3,3.8
02,8,15,02_15,panelist,med,1,0,0,0,3.5,1,-0.2,3.5
02,8,16,02_16,panelist,low,1,0,1,0,3.5,0,0,3.5
02,8,17,02_17,reviewer,low,0,0,1,0,3.5,0,0,3.5
02,8,18,02_18,reviewer,high,0,1,0,0,3.5,1,0.1,3.6
02,8,19,02_19,panelist,med,1,0,0,0,3.5,0,0,3.5
02,8,20,02_20,panelist,med,1,0,0,0,3.5,0,0,3.5
02,8,21,02_21,panelist,med,1,0,0,0,3.5,1,0.2,3.7
02,8,22,02_22,panelist,high,1,1,0,0,3.5,0,0,3.5
02,8,23,02_23,panelist,none,1,0,0,1,3.5,0,0,3.5
02,8,24,02_24,panelist,med,1,0,0,0,3.5,0,0,3.5
02,9,01,02_01,panelist,med,1,0,0,0,4.2,0,0,4.2
02,9,02,02_02,reviewer,med,0,0,0,0,4.2,1,0.1,4.3
02,9,03,02_03,panelist,low,1,0,1,0,4.2,1,0.2,4.4
02,9,04,02_04,panelist,med,1,0,0,0,4.2,0,0,4.2
02,9,05,02_05,panelist,med,1,0,0,0,4.2,0,0,4.2
02,9,06,02_06,panelist,low,1,0,1,0,4.2,0,0,4.2
02,9,07,02_07,panelist,med,1,0,0,0,4.2,0,0,4.2
02,9,08,02_08,reviewer,low,0,0,1,0,4.2,1,0.1,4.3
02,9,09,02_09,panelist,high,1,1,0,0,4.2,0,0,4.2
02,9,10,02_10,panelist,med,1,0,0,0,4.2,1,-0.2,4
02,9,11,02_11,panelist,med,1,0,0,0,4.2,1,0.1,4.3
02,9,12,02_12,reviewer,med,0,0,0,0,4.2,1,-0.1,4.1
02,9,13,02_13,panelist,low,1,0,1,0,4.2,1,0.1,4.3
02,9,14,02_14,panelist,high,1,1,0,0,4.2,0,0,4.2
02,9,15,02_15,panelist,none,1,0,0,1,4.2,1,0.1,4.3
02,9,16,02_16,panelist,high,1,1,0,0,4.2,1,0.1,4.3
02,9,17,02_17,panelist,none,1,0,0,1,4.2,0,0,4.2
02,9,18,02_18,panelist,high,1,1,0,0,4.2,1,-0.3,3.9
02,9,19,02_19,panelist,med,1,0,0,0,4.2,1,0.1,4.3
02,9,20,02_20,panelist,high,1,1,0,0,4.2,0,0,4.2
02,9,21,02_21,panelist,high,1,1,0,0,4.2,0,0,4.2
02,9,22,02_22,panelist,med,1,0,0,0,4.2,0,0,4.2
02,9,23,02_23,panelist,none,1,0,0,1,4.2,1,-0.2,4
02,9,24,02_24,panelist,none,1,0,0,1,4.2,1,-0.1,4.1
02,10,01,02_01,panelist,low,1,0,1,0,4.5,1,0.2,4.7
02,10,02,02_02,panelist,med,1,0,0,0,4.5,1,-0.2,4.3
02,10,03,02_03,panelist,med,1,0,0,0,4.5,0,0,4.5
02,10,04,02_04,panelist,high,1,1,0,0,4.5,1,0.1,4.6
02,10,05,02_05,panelist,high,1,1,0,0,4.5,1,-0.4,4.1
02,10,06,02_06,panelist,low,1,0,1,0,4.5,1,0.2,4.7
02,10,07,02_07,reviewer,high,0,1,0,0,4.5,1,0.1,4.6
02,10,08,02_08,panelist,low,1,0,1,0,4.5,0,0,4.5
02,10,09,02_09,panelist,high,1,1,0,0,4.5,0,0,4.5
02,10,10,02_10,panelist,low,1,0,1,0,4.5,1,0.1,4.6
02,10,11,02_11,panelist,high,1,1,0,0,4.5,0,0,4.5
02,10,12,02_12,panelist,med,1,0,0,0,4.5,0,0,4.5
02,10,13,02_13,panelist,med,1,0,0,0,4.5,1,-0.1,4.4
02,10,14,02_14,panelist,med,1,0,0,0,4.5,0,0,4.5
02,10,15,02_15,panelist,none,1,0,0,1,4.5,0,0,4.5
02,10,16,02_16,panelist,none,1,0,0,1,4.5,1,0.2,4.7
02,10,17,02_17,panelist,med,1,0,0,0,4.5,1,0.1,4.6
02,10,18,02_18,panelist,med,1,0,0,0,4.5,0,0,4.5
02,10,19,02_19,panelist,med,1,0,0,0,4.5,1,0.1,4.6
02,10,20,02_20,reviewer,med,0,0,0,0,4.5,0,0,4.5
02,10,21,02_21,panelist,none,1,0,0,1,4.5,1,0.1,4.6
02,10,22,02_22,panelist,med,1,0,0,0,4.5,0,0,4.5
02,10,23,02_23,panelist,none,1,0,0,1,4.5,1,0.4,4.9
02,10,24,02_24,reviewer,high,0,1,0,0,4.5,1,0.3,4.8
02,11,01,02_01,panelist,high,1,1,0,0,4.1,1,-0.2,3.9
02,11,02,02_02,panelist,high,1,1,0,0,4.1,1,0.1,4.2
02,11,03,02_03,panelist,low,1,0,1,0,4.1,0,0,4.1
02,11,04,02_04,panelist,med,1,0,0,0,4.1,1,0.2,4.3
02,11,05,02_05,panelist,none,1,0,0,1,4.1,1,-0.2,3.9
02,11,06,02_06,panelist,low,1,0,1,0,4.1,0,0,4.1
02,11,07,02_07,panelist,med,1,0,0,0,4.1,0,0,4.1
02,11,08,02_08,panelist,high,1,1,0,0,4.1,1,0.1,4.2
02,11,09,02_09,panelist,med,1,0,0,0,4.1,1,0.1,4.2
02,11,10,02_10,panelist,med,1,0,0,0,4.1,1,-0.1,4
02,11,11,02_11,panelist,med,1,0,0,0,4.1,0,0,4.1
02,11,12,02_12,reviewer,med,0,0,0,0,4.1,1,-0.1,4
02,11,13,02_13,reviewer,med,0,0,0,0,4.1,0,0,4.1
02,11,14,02_14,panelist,med,1,0,0,0,4.1,0,0,4.1
02,11,15,02_15,reviewer,none,0,0,0,1,4.1,1,0.2,4.3
02,11,16,02_16,panelist,low,1,0,1,0,4.1,1,-0.3,3.8
02,11,17,02_17,panelist,none,1,0,0,1,4.1,1,0.1,4.2
02,11,18,02_18,panelist,med,1,0,0,0,4.1,0,0,4.1
02,11,19,02_19,panelist,low,1,0,1,0,4.1,0,0,4.1
02,11,20,02_20,panelist,med,1,0,0,0,4.1,0,0,4.1
02,11,21,02_21,panelist,none,1,0,0,1,4.1,1,-0.2,3.9
02,11,22,02_22,panelist,high,1,1,0,0,4.1,0,0,4.1
02,11,23,02_23,panelist,high,1,1,0,0,4.1,0,0,4.1
02,11,24,02_24,panelist,high,1,1,0,0,4.1,0,0,4.1
02,12,01,02_01,panelist,low,1,0,1,0,4.8,0,0,4.8
02,12,02,02_02,panelist,none,1,0,0,1,4.8,0,0,4.8
02,12,03,02_03,reviewer,low,0,0,1,0,4.8,0,0,4.8
02,12,04,02_04,panelist,none,1,0,0,1,4.8,0,0,4.8
02,12,05,02_05,panelist,high,1,1,0,0,4.8,0,0,4.8
02,12,06,02_06,panelist,med,1,0,0,0,4.8,0,0,4.8
02,12,07,02_07,panelist,med,1,0,0,0,4.8,1,0.1,4.9
02,12,08,02_08,panelist,med,1,0,0,0,4.8,1,0.2,4.9
02,12,09,02_09,panelist,med,1,0,0,0,4.8,1,-0.1,4.7
02,12,10,02_10,panelist,high,1,1,0,0,4.8,0,0,4.8
02,12,11,02_11,panelist,none,1,0,0,1,4.8,0,0,4.8
02,12,12,02_12,panelist,med,1,0,0,0,4.8,0,0,4.8
02,12,13,02_13,panelist,med,1,0,0,0,4.8,0,0,4.8
02,12,14,02_14,panelist,med,1,0,0,0,4.8,1,0.1,4.9
02,12,15,02_15,reviewer,med,0,0,0,0,4.8,0,0,4.8
02,12,16,02_16,panelist,low,1,0,1,0,4.8,1,0.1,4.9
02,12,17,02_17,panelist,none,1,0,0,1,4.8,1,0.2,4.9
02,12,18,02_18,panelist,high,1,1,0,0,4.8,1,-0.3,4.5
02,12,19,02_19,panelist,med,1,0,0,0,4.8,0,0,4.8
02,12,20,02_20,panelist,low,1,0,1,0,4.8,0,0,4.8
02,12,21,02_21,panelist,high,1,1,0,0,4.8,1,0.2,4.9
02,12,22,02_22,panelist,high,1,1,0,0,4.8,1,-0.1,4.7
02,12,23,02_23,panelist,high,1,1,0,0,4.8,0,0,4.8
02,12,24,02_24,reviewer,med,0,0,0,0,4.8,0,0,4.8
02,13,01,02_01,panelist,high,1,1,0,0,4.6,1,0.1,4.7
02,13,02,02_02,panelist,high,1,1,0,0,4.6,1,-0.1,4.5
02,13,03,02_03,panelist,high,1,1,0,0,4.6,0,0,4.6
02,13,04,02_04,panelist,high,1,1,0,0,4.6,0,0,4.6
02,13,05,02_05,panelist,med,1,0,0,0,4.6,0,0,4.6
02,13,06,02_06,reviewer,low,0,0,1,0,4.6,1,-0.3,4.3
02,13,07,02_07,panelist,low,1,0,1,0,4.6,1,0.3,4.9
02,13,08,02_08,panelist,med,1,0,0,0,4.6,1,-0.2,4.4
02,13,09,02_09,panelist,med,1,0,0,0,4.6,1,0.2,4.8
02,13,10,02_10,panelist,none,1,0,0,1,4.6,0,0,4.6
02,13,11,02_11,panelist,med,1,0,0,0,4.6,0,0,4.6
02,13,12,02_12,panelist,low,1,0,1,0,4.6,1,-0.2,4.4
02,13,13,02_13,reviewer,high,0,1,0,0,4.6,1,0.1,4.7
02,13,14,02_14,panelist,med,1,0,0,0,4.6,0,0,4.6
02,13,15,02_15,panelist,none,1,0,0,1,4.6,0,0,4.6
02,13,16,02_16,panelist,none,1,0,0,1,4.6,1,0.2,4.8
02,13,17,02_17,panelist,med,1,0,0,0,4.6,1,0.1,4.7
02,13,18,02_18,panelist,med,1,0,0,0,4.6,0,0,4.6
02,13,19,02_19,reviewer,med,0,0,0,0,4.6,0,0,4.6
02,13,20,02_20,panelist,low,1,0,1,0,4.6,0,0,4.6
02,13,21,02_21,panelist,med,1,0,0,0,4.6,0,0,4.6
02,13,22,02_22,panelist,none,1,0,0,1,4.6,1,-0.3,4.3
02,13,23,02_23,panelist,high,1,1,0,0,4.6,0,0,4.6
02,13,24,02_24,panelist,med,1,0,0,0,4.6,0,0,4.6
02,14,01,02_01,reviewer,high,0,1,0,0,3.5,0,0,3.5
02,14,02,02_02,panelist,high,1,1,0,0,3.5,0,0,3.5
02,14,03,02_03,panelist,low,1,0,1,0,3.5,1,-0.1,3.5
02,14,04,02_04,panelist,high,1,1,0,0,3.5,0,0,3.5
02,14,05,02_05,panelist,high,1,1,0,0,3.5,0,0,3.5
02,14,06,02_06,panelist,med,1,0,0,0,3.5,0,0,3.5
02,14,07,02_07,reviewer,low,0,0,1,0,3.5,0,0,3.5
02,14,08,02_08,panelist,med,1,0,0,0,3.5,1,-0.1,3.5
02,14,09,02_09,panelist,low,1,0,1,0,3.5,0,0,3.5
02,14,10,02_10,panelist,none,1,0,0,1,3.5,1,-0.1,3.5
02,14,11,02_11,panelist,high,1,1,0,0,3.5,0,0,3.5
02,14,12,02_12,reviewer,none,0,0,0,1,3.5,0,0,3.5
02,14,13,02_13,panelist,high,1,1,0,0,3.5,0,0,3.5
02,14,14,02_14,panelist,med,1,0,0,0,3.5,0,0,3.5
02,14,15,02_15,panelist,none,1,0,0,1,3.5,0,0,3.5
02,14,16,02_16,panelist,med,1,0,0,0,3.5,0,0,3.5
02,14,17,02_17,panelist,med,1,0,0,0,3.5,1,-0.3,3.5
02,14,18,02_18,panelist,med,1,0,0,0,3.5,1,-0.1,3.5
02,14,19,02_19,panelist,med,1,0,0,0,3.5,0,0,3.5
02,14,20,02_20,panelist,low,1,0,1,0,3.5,0,0,3.5
02,14,21,02_21,panelist,med,1,0,0,0,3.5,1,0.1,3.6
02,14,22,02_22,panelist,med,1,0,0,0,3.5,1,0.2,3.7
02,14,23,02_23,panelist,none,1,0,0,1,3.5,0,0,3.5
02,14,24,02_24,panelist,med,1,0,0,0,3.5,1,0.1,3.6
02,15,01,02_01,panelist,low,1,0,1,0,4.3,0,0,4.3
02,15,02,02_02,panelist,med,1,0,0,0,4.3,0,0,4.3
02,15,03,02_03,panelist,low,1,0,1,0,4.3,1,0.1,4.4
02,15,04,02_04,panelist,med,1,0,0,0,4.3,0,0,4.3
02,15,05,02_05,panelist,med,1,0,0,0,4.3,1,0.2,4.5
02,15,06,02_06,panelist,none,1,0,0,1,4.3,1,0.1,4.4
02,15,07,02_07,panelist,med,1,0,0,0,4.3,0,0,4.3
02,15,08,02_08,panelist,low,1,0,1,0,4.3,0,0,4.3
02,15,09,02_09,panelist,high,1,1,0,0,4.3,0,0,4.3
02,15,10,02_10,panelist,med,1,0,0,0,4.3,1,-0.1,4.2
02,15,11,02_11,panelist,med,1,0,0,0,4.3,0,0,4.3
02,15,12,02_12,panelist,low,1,0,1,0,4.3,0,0,4.3
02,15,13,02_13,panelist,high,1,1,0,0,4.3,0,0,4.3
02,15,14,02_14,panelist,none,1,0,0,1,4.3,1,-0.1,4.2
02,15,15,02_15,panelist,med,1,0,0,0,4.3,1,-0.2,4.1
02,15,16,02_16,reviewer,high,0,1,0,0,4.3,0,0,4.3
02,15,17,02_17,panelist,med,1,0,0,0,4.3,1,0.2,4.5
02,15,18,02_18,panelist,high,1,1,0,0,4.3,0,0,4.3
02,15,19,02_19,reviewer,none,0,0,0,1,4.3,0,0,4.3
02,15,20,02_20,panelist,high,1,1,0,0,4.3,0,0,4.3
02,15,21,02_21,panelist,med,1,0,0,0,4.3,1,0.1,4.4
02,15,22,02_22,panelist,high,1,1,0,0,4.3,0,0,4.3
02,15,23,02_23,reviewer,none,0,0,0,1,4.3,1,-0.1,4.2
02,15,24,02_24,panelist,med,1,0,0,0,4.3,1,-0.1,4.2
03,1,01,03_01,panelist,low,1,0,1,0,3.6,0,0,3.6
03,1,02,03_02,panelist,med,1,0,0,0,3.6,1,-0.1,3.5
03,1,03,03_03,reviewer,high,0,1,0,0,3.6,1,0.1,3.7
03,1,04,03_04,panelist,none,1,0,0,1,3.6,0,0,3.6
03,1,05,03_05,panelist,low,1,0,1,0,3.6,1,0.1,3.7
03,1,06,03_06,panelist,med,1,0,0,0,3.6,1,-0.2,3.5
03,1,07,03_07,panelist,low,1,0,1,0,3.6,0,0,3.6
03,1,08,03_08,panelist,high,1,1,0,0,3.6,0,0,3.6
03,1,09,03_09,panelist,med,1,0,0,0,3.6,1,-0.1,3.5
03,1,10,03_10,reviewer,med,0,0,0,0,3.6,1,0.2,3.8
03,1,11,03_11,panelist,high,1,1,0,0,3.6,0,0,3.6
03,1,12,03_12,panelist,none,1,0,0,1,3.6,1,-0.1,3.5
03,1,13,03_13,panelist,high,1,1,0,0,3.6,0,0,3.6
03,1,14,03_14,panelist,med,1,0,0,0,3.6,0,0,3.6
03,1,15,03_15,panelist,high,1,1,0,0,3.6,1,-0.1,3.5
03,1,16,03_16,panelist,med,1,0,0,0,3.6,0,0,3.6
03,1,17,03_17,panelist,none,1,0,0,1,3.6,0,0,3.6
03,1,18,03_18,reviewer,med,0,0,0,0,3.6,1,-0.3,3.5
03,1,19,03_19,panelist,med,1,0,0,0,3.6,0,0,3.6
03,1,20,03_20,panelist,low,1,0,1,0,3.6,1,0.1,3.7
03,1,21,03_21,panelist,high,1,1,0,0,3.6,1,0.3,3.9
03,1,22,03_22,panelist,med,1,0,0,0,3.6,0,0,3.6
03,1,23,03_23,panelist,med,1,0,0,0,3.6,0,0,3.6
03,1,24,03_24,panelist,none,1,0,0,1,3.6,0,0,3.6
03,2,01,03_01,panelist,high,1,1,0,0,4.2,0,0,4.2
03,2,02,03_02,panelist,high,1,1,0,0,4.2,0,0,4.2
03,2,03,03_03,panelist,med,1,0,0,0,4.2,1,0.1,4.3
03,2,04,03_04,panelist,med,1,0,0,0,4.2,0,0,4.2
03,2,05,03_05,reviewer,high,0,1,0,0,4.2,0,0,4.2
03,2,06,03_06,panelist,high,1,1,0,0,4.2,0,0,4.2
03,2,07,03_07,reviewer,med,0,0,0,0,4.2,1,-0.2,4
03,2,08,03_08,panelist,high,1,1,0,0,4.2,0,0,4.2
03,2,09,03_09,panelist,none,1,0,0,1,4.2,1,-0.1,4.1
03,2,10,03_10,panelist,med,1,0,0,0,4.2,1,-0.1,4.1
03,2,11,03_11,panelist,med,1,0,0,0,4.2,0,0,4.2
03,2,12,03_12,reviewer,low,0,0,1,0,4.2,0,0,4.2
03,2,13,03_13,panelist,none,1,0,0,1,4.2,1,-0.2,4
03,2,14,03_14,panelist,med,1,0,0,0,4.2,0,0,4.2
03,2,15,03_15,panelist,none,1,0,0,1,4.2,1,0.2,4.4
03,2,16,03_16,panelist,med,1,0,0,0,4.2,1,-0.1,4.1
03,2,17,03_17,panelist,low,1,0,1,0,4.2,0,0,4.2
03,2,18,03_18,panelist,med,1,0,0,0,4.2,0,0,4.2
03,2,19,03_19,panelist,med,1,0,0,0,4.2,0,0,4.2
03,2,20,03_20,panelist,none,1,0,0,1,4.2,0,0,4.2
03,2,21,03_21,panelist,high,1,1,0,0,4.2,0,0,4.2
03,2,22,03_22,panelist,low,1,0,1,0,4.2,1,0.1,4.3
03,2,23,03_23,panelist,med,1,0,0,0,4.2,1,-0.1,4.1
03,2,24,03_24,panelist,low,1,0,1,0,4.2,1,-0.2,4
03,3,01,03_01,panelist,med,1,0,0,0,4.1,0,0,4.1
03,3,02,03_02,panelist,high,1,1,0,0,4.1,0,0,4.1
03,3,03,03_03,reviewer,high,0,1,0,0,4.1,1,0.1,4.2
03,3,04,03_04,panelist,none,1,0,0,1,4.1,1,-0.4,3.7
03,3,05,03_05,panelist,med,1,0,0,0,4.1,0,0,4.1
03,3,06,03_06,panelist,med,1,0,0,0,4.1,0,0,4.1
03,3,07,03_07,panelist,med,1,0,0,0,4.1,0,0,4.1
03,3,08,03_08,panelist,med,1,0,0,0,4.1,0,0,4.1
03,3,09,03_09,panelist,none,1,0,0,1,4.1,0,0,4.1
03,3,10,03_10,panelist,low,1,0,1,0,4.1,0,0,4.1
03,3,11,03_11,panelist,high,1,1,0,0,4.1,0,0,4.1
03,3,12,03_12,panelist,med,1,0,0,0,4.1,0,0,4.1
03,3,13,03_13,panelist,none,1,0,0,1,4.1,0,0,4.1
03,3,14,03_14,reviewer,med,0,0,0,0,4.1,1,-0.3,3.8
03,3,15,03_15,panelist,low,1,0,1,0,4.1,0,0,4.1
03,3,16,03_16,panelist,high,1,1,0,0,4.1,0,0,4.1
03,3,17,03_17,panelist,med,1,0,0,0,4.1,0,0,4.1
03,3,18,03_18,panelist,med,1,0,0,0,4.1,0,0,4.1
03,3,19,03_19,panelist,low,1,0,1,0,4.1,0,0,4.1
03,3,20,03_20,panelist,high,1,1,0,0,4.1,0,0,4.1
03,3,21,03_21,panelist,high,1,1,0,0,4.1,1,0.2,4.3
03,3,22,03_22,panelist,none,1,0,0,1,4.1,0,0,4.1
03,3,23,03_23,reviewer,med,0,0,0,0,4.1,0,0,4.1
03,3,24,03_24,panelist,low,1,0,1,0,4.1,0,0,4.1
03,4,01,03_01,panelist,med,1,0,0,0,3.8,0,0,3.8
03,4,02,03_02,reviewer,low,0,0,1,0,3.8,1,-0.2,3.6
03,4,03,03_03,panelist,none,1,0,0,1,3.8,0,0,3.8
03,4,04,03_04,panelist,med,1,0,0,0,3.8,1,-0.1,3.7
03,4,05,03_05,panelist,low,1,0,1,0,3.8,1,0.1,3.9
03,4,06,03_06,panelist,low,1,0,1,0,3.8,0,0,3.8
03,4,07,03_07,panelist,high,1,1,0,0,3.8,0,0,3.8
03,4,08,03_08,panelist,med,1,0,0,0,3.8,0,0,3.8
03,4,09,03_09,reviewer,none,0,0,0,1,3.8,1,0.2,4
03,4,10,03_10,panelist,med,1,0,0,0,3.8,0,0,3.8
03,4,11,03_11,panelist,none,1,0,0,1,3.8,1,-0.2,3.6
03,4,12,03_12,panelist,high,1,1,0,0,3.8,0,0,3.8
03,4,13,03_13,panelist,high,1,1,0,0,3.8,0,0,3.8
03,4,14,03_14,panelist,med,1,0,0,0,3.8,0,0,3.8
03,4,15,03_15,panelist,med,1,0,0,0,3.8,1,-0.2,3.6
03,4,16,03_16,panelist,none,1,0,0,1,3.8,1,-0.1,3.7
03,4,17,03_17,panelist,med,1,0,0,0,3.8,1,0.1,3.9
03,4,18,03_18,panelist,med,1,0,0,0,3.8,0,0,3.8
03,4,19,03_19,panelist,high,1,1,0,0,3.8,1,0.1,3.9
03,4,20,03_20,panelist,med,1,0,0,0,3.8,1,-0.1,3.7
03,4,21,03_21,panelist,med,1,0,0,0,3.8,0,0,3.8
03,4,22,03_22,panelist,low,1,0,1,0,3.8,0,0,3.8
03,4,23,03_23,panelist,high,1,1,0,0,3.8,1,0.2,4
03,4,24,03_24,reviewer,high,0,1,0,0,3.8,0,0,3.8
03,5,01,03_01,panelist,high,1,1,0,0,3.7,0,0,3.7
03,5,02,03_02,panelist,med,1,0,0,0,3.7,0,0,3.7
03,5,03,03_03,panelist,low,1,0,1,0,3.7,0,0,3.7
03,5,04,03_04,panelist,med,1,0,0,0,3.7,1,0.2,3.9
03,5,05,03_05,panelist,med,1,0,0,0,3.7,0,0,3.7
03,5,06,03_06,panelist,med,1,0,0,0,3.7,0,0,3.7
03,5,07,03_07,panelist,low,1,0,1,0,3.7,0,0,3.7
03,5,08,03_08,panelist,med,1,0,0,0,3.7,0,0,3.7
03,5,09,03_09,panelist,med,1,0,0,0,3.7,1,-0.1,3.6
03,5,10,03_10,panelist,none,1,0,0,1,3.7,1,0.2,3.9
03,5,11,03_11,panelist,high,1,1,0,0,3.7,1,-0.3,3.5
03,5,12,03_12,panelist,med,1,0,0,0,3.7,0,0,3.7
03,5,13,03_13,reviewer,high,0,1,0,0,3.7,0,0,3.7
03,5,14,03_14,panelist,high,1,1,0,0,3.7,0,0,3.7
03,5,15,03_15,panelist,high,1,1,0,0,3.7,1,-0.1,3.6
03,5,16,03_16,panelist,low,1,0,1,0,3.7,1,0.4,4.1
03,5,17,03_17,panelist,none,1,0,0,1,3.7,0,0,3.7
03,5,18,03_18,reviewer,none,0,0,0,1,3.7,1,0.1,3.8
03,5,19,03_19,panelist,low,1,0,1,0,3.7,0,0,3.7
03,5,20,03_20,panelist,med,1,0,0,0,3.7,0,0,3.7
03,5,21,03_21,panelist,med,1,0,0,0,3.7,0,0,3.7
03,5,22,03_22,panelist,none,1,0,0,1,3.7,0,0,3.7
03,5,23,03_23,reviewer,high,0,1,0,0,3.7,0,0,3.7
03,5,24,03_24,panelist,med,1,0,0,0,3.7,0,0,3.7
03,6,01,03_01,panelist,med,1,0,0,0,3.5,0,0,3.5
03,6,02,03_02,panelist,med,1,0,0,0,3.5,0,0,3.5
03,6,03,03_03,panelist,high,1,1,0,0,3.5,0,0,3.5
03,6,04,03_04,reviewer,high,0,1,0,0,3.5,0,0,3.5
03,6,05,03_05,reviewer,low,0,0,1,0,3.5,1,-0.2,3.5
03,6,06,03_06,panelist,med,1,0,0,0,3.5,0,0,3.5
03,6,07,03_07,panelist,low,1,0,1,0,3.5,1,-0.2,3.5
03,6,08,03_08,panelist,high,1,1,0,0,3.5,1,-0.3,3.5
03,6,09,03_09,panelist,med,1,0,0,0,3.5,0,0,3.5
03,6,10,03_10,panelist,med,1,0,0,0,3.5,1,0.1,3.6
03,6,11,03_11,panelist,med,1,0,0,0,3.5,0,0,3.5
03,6,12,03_12,reviewer,none,0,0,0,1,3.5,0,0,3.5
03,6,13,03_13,panelist,med,1,0,0,0,3.5,1,0.1,3.6
03,6,14,03_14,panelist,high,1,1,0,0,3.5,0,0,3.5
03,6,15,03_15,panelist,high,1,1,0,0,3.5,0,0,3.5
03,6,16,03_16,panelist,low,1,0,1,0,3.5,1,0.2,3.7
03,6,17,03_17,panelist,med,1,0,0,0,3.5,0,0,3.5
03,6,18,03_18,panelist,high,1,1,0,0,3.5,0,0,3.5
03,6,19,03_19,panelist,med,1,0,0,0,3.5,0,0,3.5
03,6,20,03_20,panelist,low,1,0,1,0,3.5,1,0.2,3.7
03,6,21,03_21,panelist,none,1,0,0,1,3.5,1,-0.1,3.5
03,6,22,03_22,panelist,none,1,0,0,1,3.5,0,0,3.5
03,6,23,03_23,panelist,none,1,0,0,1,3.5,0,0,3.5
03,6,24,03_24,panelist,med,1,0,0,0,3.5,1,-0.2,3.5
03,7,01,03_01,panelist,med,1,0,0,0,3.9,0,0,3.9
03,7,02,03_02,panelist,med,1,0,0,0,3.9,0,0,3.9
03,7,03,03_03,panelist,med,1,0,0,0,3.9,0,0,3.9
03,7,04,03_04,panelist,high,1,1,0,0,3.9,0,0,3.9
03,7,05,03_05,panelist,none,1,0,0,1,3.9,0,0,3.9
03,7,06,03_06,panelist,med,1,0,0,0,3.9,0,0,3.9
03,7,07,03_07,panelist,med,1,0,0,0,3.9,0,0,3.9
03,7,08,03_08,panelist,none,1,0,0,1,3.9,1,-0.2,3.7
03,7,09,03_09,panelist,low,1,0,1,0,3.9,0,0,3.9
03,7,10,03_10,panelist,med,1,0,0,0,3.9,0,0,3.9
03,7,11,03_11,panelist,low,1,0,1,0,3.9,1,0.1,4
03,7,12,03_12,panelist,med,1,0,0,0,3.9,0,0,3.9
03,7,13,03_13,reviewer,none,0,0,0,1,3.9,0,0,3.9
03,7,14,03_14,panelist,low,1,0,1,0,3.9,0,0,3.9
03,7,15,03_15,panelist,med,1,0,0,0,3.9,1,-0.1,3.8
03,7,16,03_16,reviewer,none,0,0,0,1,3.9,1,0.3,4.2
03,7,17,03_17,panelist,low,1,0,1,0,3.9,1,0.1,4
03,7,18,03_18,panelist,high,1,1,0,0,3.9,0,0,3.9
03,7,19,03_19,reviewer,high,0,1,0,0,3.9,0,0,3.9
03,7,20,03_20,panelist,med,1,0,0,0,3.9,0,0,3.9
03,7,21,03_21,panelist,high,1,1,0,0,3.9,0,0,3.9
03,7,22,03_22,panelist,high,1,1,0,0,3.9,1,-0.4,3.5
03,7,23,03_23,panelist,med,1,0,0,0,3.9,1,0.4,4.3
03,7,24,03_24,panelist,high,1,1,0,0,3.9,0,0,3.9
03,8,01,03_01,panelist,med,1,0,0,0,3.5,1,-0.2,3.5
03,8,02,03_02,panelist,med,1,0,0,0,3.5,1,-0.2,3.5
03,8,03,03_03,panelist,high,1,1,0,0,3.5,0,0,3.5
03,8,04,03_04,panelist,high,1,1,0,0,3.5,1,-0.1,3.5
03,8,05,03_05,panelist,low,1,0,1,0,3.5,0,0,3.5
03,8,06,03_06,reviewer,high,0,1,0,0,3.5,0,0,3.5
03,8,07,03_07,panelist,low,1,0,1,0,3.5,0,0,3.5
03,8,08,03_08,panelist,med,1,0,0,0,3.5,0,0,3.5
03,8,09,03_09,panelist,med,1,0,0,0,3.5,0,0,3.5
03,8,10,03_10,panelist,low,1,0,1,0,3.5,0,0,3.5
03,8,11,03_11,panelist,med,1,0,0,0,3.5,0,0,3.5
03,8,12,03_12,panelist,med,1,0,0,0,3.5,0,0,3.5
03,8,13,03_13,panelist,high,1,1,0,0,3.5,0,0,3.5
03,8,14,03_14,panelist,med,1,0,0,0,3.5,0,0,3.5
03,8,15,03_15,panelist,low,1,0,1,0,3.5,0,0,3.5
03,8,16,03_16,panelist,none,1,0,0,1,3.5,1,0.1,3.6
03,8,17,03_17,reviewer,none,0,0,0,1,3.5,0,0,3.5
03,8,18,03_18,panelist,med,1,0,0,0,3.5,0,0,3.5
03,8,19,03_19,panelist,med,1,0,0,0,3.5,0,0,3.5
03,8,20,03_20,panelist,none,1,0,0,1,3.5,1,0.2,3.7
03,8,21,03_21,reviewer,med,0,0,0,0,3.5,1,-0.4,3.5
03,8,22,03_22,panelist,high,1,1,0,0,3.5,0,0,3.5
03,8,23,03_23,panelist,high,1,1,0,0,3.5,0,0,3.5
03,8,24,03_24,panelist,none,1,0,0,1,3.5,0,0,3.5
03,9,01,03_01,panelist,high,1,1,0,0,4.2,1,-0.3,3.9
03,9,02,03_02,panelist,high,1,1,0,0,4.2,0,0,4.2
03,9,03,03_03,panelist,none,1,0,0,1,4.2,1,0.2,4.4
03,9,04,03_04,panelist,med,1,0,0,0,4.2,0,0,4.2
03,9,05,03_05,panelist,low,1,0,1,0,4.2,0,0,4.2
03,9,06,03_06,panelist,none,1,0,0,1,4.2,1,-0.1,4.1
03,9,07,03_07,panelist,med,1,0,0,0,4.2,1,-0.1,4.1
03,9,08,03_08,panelist,med,1,0,0,0,4.2,0,0,4.2
03,9,09,03_09,panelist,med,1,0,0,0,4.2,1,0.1,4.3
03,9,10,03_10,panelist,low,1,0,1,0,4.2,1,-0.2,4
03,9,11,03_11,reviewer,high,0,1,0,0,4.2,0,0,4.2
03,9,12,03_12,panelist,high,1,1,0,0,4.2,0,0,4.2
03,9,13,03_13,panelist,med,1,0,0,0,4.2,0,0,4.2
03,9,14,03_14,panelist,low,1,0,1,0,4.2,0,0,4.2
03,9,15,03_15,panelist,med,1,0,0,0,4.2,0,0,4.2
03,9,16,03_16,panelist,med,1,0,0,0,4.2,0,0,4.2
03,9,17,03_17,panelist,high,1,1,0,0,4.2,0,0,4.2
03,9,18,03_18,panelist,med,1,0,0,0,4.2,0,0,4.2
03,9,19,03_19,panelist,low,1,0,1,0,4.2,1,-0.1,4.1
03,9,20,03_20,reviewer,med,0,0,0,0,4.2,0,0,4.2
03,9,21,03_21,panelist,none,1,0,0,1,4.2,0,0,4.2
03,9,22,03_22,panelist,med,1,0,0,0,4.2,1,-0.1,4.1
03,9,23,03_23,panelist,high,1,1,0,0,4.2,0,0,4.2
03,9,24,03_24,reviewer,none,0,0,0,1,4.2,0,0,4.2
03,10,01,03_01,panelist,none,1,0,0,1,4.5,0,0,4.5
03,10,02,03_02,panelist,high,1,1,0,0,4.5,0,0,4.5
03,10,03,03_03,panelist,none,1,0,0,1,4.5,0,0,4.5
03,10,04,03_04,panelist,med,1,0,0,0,4.5,1,0.1,4.6
03,10,05,03_05,panelist,med,1,0,0,0,4.5,0,0,4.5
03,10,06,03_06,panelist,low,1,0,1,0,4.5,0,0,4.5
03,10,07,03_07,reviewer,low,0,0,1,0,4.5,0,0,4.5
03,10,08,03_08,panelist,high,1,1,0,0,4.5,0,0,4.5
03,10,09,03_09,panelist,high,1,1,0,0,4.5,0,0,4.5
03,10,10,03_10,panelist,med,1,0,0,0,4.5,1,-0.3,4.2
03,10,11,03_11,panelist,med,1,0,0,0,4.5,0,0,4.5
03,10,12,03_12,panelist,med,1,0,0,0,4.5,0,0,4.5
03,10,13,03_13,panelist,none,1,0,0,1,4.5,0,0,4.5
03,10,14,03_14,panelist,none,1,0,0,1,4.5,1,-0.1,4.4
03,10,15,03_15,panelist,med,1,0,0,0,4.5,1,0.1,4.6
03,10,16,03_16,panelist,low,1,0,1,0,4.5,0,0,4.5
03,10,17,03_17,reviewer,high,0,1,0,0,4.5,0,0,4.5
03,10,18,03_18,panelist,high,1,1,0,0,4.5,0,0,4.5
03,10,19,03_19,panelist,low,1,0,1,0,4.5,0,0,4.5
03,10,20,03_20,panelist,med,1,0,0,0,4.5,0,0,4.5
03,10,21,03_21,reviewer,high,0,1,0,0,4.5,1,0.1,4.6
03,10,22,03_22,panelist,med,1,0,0,0,4.5,0,0,4.5
03,10,23,03_23,panelist,med,1,0,0,0,4.5,0,0,4.5
03,10,24,03_24,panelist,med,1,0,0,0,4.5,0,0,4.5
03,11,01,03_01,panelist,high,1,1,0,0,4.2,0,0,4.2
03,11,02,03_02,panelist,none,1,0,0,1,4.2,0,0,4.2
03,11,03,03_03,panelist,high,1,1,0,0,4.2,0,0,4.2
03,11,04,03_04,panelist,med,1,0,0,0,4.2,1,0.1,4.3
03,11,05,03_05,panelist,med,1,0,0,0,4.2,1,0.1,4.3
03,11,06,03_06,panelist,med,1,0,0,0,4.2,0,0,4.2
03,11,07,03_07,panelist,med,1,0,0,0,4.2,1,-0.1,4.1
03,11,08,03_08,panelist,high,1,1,0,0,4.2,0,0,4.2
03,11,09,03_09,panelist,none,1,0,0,1,4.2,1,0.2,4.4
03,11,10,03_10,panelist,low,1,0,1,0,4.2,1,-0.2,4
03,11,11,03_11,panelist,med,1,0,0,0,4.2,1,0.2,4.4
03,11,12,03_12,panelist,high,1,1,0,0,4.2,0,0,4.2
03,11,13,03_13,reviewer,med,0,0,0,0,4.2,0,0,4.2
03,11,14,03_14,panelist,med,1,0,0,0,4.2,1,0.1,4.3
03,11,15,03_15,reviewer,low,0,0,1,0,4.2,0,0,4.2
03,11,16,03_16,panelist,none,1,0,0,1,4.2,0,0,4.2
03,11,17,03_17,panelist,med,1,0,0,0,4.2,0,0,4.2
03,11,18,03_18,panelist,low,1,0,1,0,4.2,0,0,4.2
03,11,19,03_19,panelist,high,1,1,0,0,4.2,0,0,4.2
03,11,20,03_20,reviewer,low,0,0,1,0,4.2,0,0,4.2
03,11,21,03_21,panelist,med,1,0,0,0,4.2,0,0,4.2
03,11,22,03_22,panelist,med,1,0,0,0,4.2,0,0,4.2
03,11,23,03_23,panelist,none,1,0,0,1,4.2,0,0,4.2
03,11,24,03_24,panelist,high,1,1,0,0,4.2,1,-0.1,4.1
03,12,01,03_01,panelist,high,1,1,0,0,4.8,0,0,4.8
03,12,02,03_02,panelist,med,1,0,0,0,4.8,1,0.3,4.9
03,12,03,03_03,reviewer,med,0,0,0,0,4.8,1,-0.1,4.7
03,12,04,03_04,reviewer,low,0,0,1,0,4.8,1,-0.1,4.7
03,12,05,03_05,panelist,high,1,1,0,0,4.8,0,0,4.8
03,12,06,03_06,panelist,med,1,0,0,0,4.8,1,0.1,4.9
03,12,07,03_07,panelist,med,1,0,0,0,4.8,1,-0.1,4.7
03,12,08,03_08,reviewer,low,0,0,1,0,4.8,1,-0.1,4.7
03,12,09,03_09,panelist,low,1,0,1,0,4.8,0,0,4.8
03,12,10,03_10,panelist,med,1,0,0,0,4.8,1,-0.3,4.5
03,12,11,03_11,panelist,med,1,0,0,0,4.8,1,0.1,4.9
03,12,12,03_12,panelist,high,1,1,0,0,4.8,0,0,4.8
03,12,13,03_13,panelist,high,1,1,0,0,4.8,0,0,4.8
03,12,14,03_14,panelist,none,1,0,0,1,4.8,1,-0.3,4.5
03,12,15,03_15,panelist,med,1,0,0,0,4.8,1,0.1,4.9
03,12,16,03_16,panelist,med,1,0,0,0,4.8,0,0,4.8
03,12,17,03_17,panelist,high,1,1,0,0,4.8,1,0.1,4.9
03,12,18,03_18,panelist,med,1,0,0,0,4.8,0,0,4.8
03,12,19,03_19,panelist,none,1,0,0,1,4.8,0,0,4.8
03,12,20,03_20,panelist,med,1,0,0,0,4.8,0,0,4.8
03,12,21,03_21,panelist,low,1,0,1,0,4.8,1,0.1,4.9
03,12,22,03_22,panelist,none,1,0,0,1,4.8,1,-0.1,4.7
03,12,23,03_23,panelist,high,1,1,0,0,4.8,0,0,4.8
03,12,24,03_24,panelist,none,1,0,0,1,4.8,1,0.1,4.9
03,13,01,03_01,panelist,high,1,1,0,0,4.6,0,0,4.6
03,13,02,03_02,panelist,med,1,0,0,0,4.6,1,-0.3,4.3
03,13,03,03_03,panelist,high,1,1,0,0,4.6,0,0,4.6
03,13,04,03_04,panelist,med,1,0,0,0,4.6,1,-0.2,4.4
03,13,05,03_05,panelist,low,1,0,1,0,4.6,0,0,4.6
03,13,06,03_06,reviewer,none,0,0,0,1,4.6,1,0.1,4.7
03,13,07,03_07,panelist,med,1,0,0,0,4.6,0,0,4.6
03,13,08,03_08,panelist,med,1,0,0,0,4.6,0,0,4.6
03,13,09,03_09,panelist,med,1,0,0,0,4.6,0,0,4.6
03,13,10,03_10,panelist,med,1,0,0,0,4.6,0,0,4.6
03,13,11,03_11,panelist,high,1,1,0,0,4.6,0,0,4.6
03,13,12,03_12,panelist,none,1,0,0,1,4.6,0,0,4.6
03,13,13,03_13,reviewer,low,0,0,1,0,4.6,0,0,4.6
03,13,14,03_14,panelist,med,1,0,0,0,4.6,0,0,4.6
03,13,15,03_15,panelist,med,1,0,0,0,4.6,0,0,4.6
03,13,16,03_16,reviewer,high,0,1,0,0,4.6,0,0,4.6
03,13,17,03_17,panelist,high,1,1,0,0,4.6,0,0,4.6
03,13,18,03_18,panelist,low,1,0,1,0,4.6,1,0.1,4.7
03,13,19,03_19,panelist,low,1,0,1,0,4.6,0,0,4.6
03,13,20,03_20,panelist,high,1,1,0,0,4.6,0,0,4.6
03,13,21,03_21,panelist,med,1,0,0,0,4.6,0,0,4.6
03,13,22,03_22,panelist,none,1,0,0,1,4.6,0,0,4.6
03,13,23,03_23,panelist,med,1,0,0,0,4.6,0,0,4.6
03,13,24,03_24,panelist,none,1,0,0,1,4.6,0,0,4.6
03,14,01,03_01,panelist,high,1,1,0,0,3.5,1,0.2,3.7
03,14,02,03_02,panelist,med,1,0,0,0,3.5,0,0,3.5
03,14,03,03_03,panelist,none,1,0,0,1,3.5,1,-0.1,3.5
03,14,04,03_04,panelist,none,1,0,0,1,3.5,1,0.2,3.7
03,14,05,03_05,panelist,med,1,0,0,0,3.5,1,-0.1,3.5
03,14,06,03_06,reviewer,none,0,0,0,1,3.5,1,-0.1,3.5
03,14,07,03_07,panelist,high,1,1,0,0,3.5,1,-0.1,3.5
03,14,08,03_08,panelist,high,1,1,0,0,3.5,1,-0.3,3.5
03,14,09,03_09,panelist,low,1,0,1,0,3.5,0,0,3.5
03,14,10,03_10,panelist,med,1,0,0,0,3.5,0,0,3.5
03,14,11,03_11,panelist,med,1,0,0,0,3.5,1,-0.2,3.5
03,14,12,03_12,panelist,high,1,1,0,0,3.5,0,0,3.5
03,14,13,03_13,panelist,med,1,0,0,0,3.5,0,0,3.5
03,14,14,03_14,panelist,high,1,1,0,0,3.5,0,0,3.5
03,14,15,03_15,panelist,low,1,0,1,0,3.5,0,0,3.5
03,14,16,03_16,panelist,med,1,0,0,0,3.5,1,0.2,3.7
03,14,17,03_17,panelist,med,1,0,0,0,3.5,0,0,3.5
03,14,18,03_18,reviewer,high,0,1,0,0,3.5,0,0,3.5
03,14,19,03_19,panelist,med,1,0,0,0,3.5,0,0,3.5
03,14,20,03_20,panelist,low,1,0,1,0,3.5,1,-0.2,3.5
03,14,21,03_21,panelist,low,1,0,1,0,3.5,0,0,3.5
03,14,22,03_22,reviewer,none,0,0,0,1,3.5,1,-0.1,3.5
03,14,23,03_23,panelist,med,1,0,0,0,3.5,0,0,3.5
03,14,24,03_24,panelist,med,1,0,0,0,3.5,1,0.1,3.6
03,15,01,03_01,panelist,low,1,0,1,0,4.3,1,-0.2,4.1
03,15,02,03_02,panelist,med,1,0,0,0,4.3,0,0,4.3
03,15,03,03_03,reviewer,high,0,1,0,0,4.3,1,0.2,4.5
03,15,04,03_04,panelist,med,1,0,0,0,4.3,0,0,4.3
03,15,05,03_05,reviewer,low,0,0,1,0,4.3,1,-0.3,4
03,15,06,03_06,panelist,none,1,0,0,1,4.3,0,0,4.3
03,15,07,03_07,panelist,med,1,0,0,0,4.3,0,0,4.3
03,15,08,03_08,panelist,none,1,0,0,1,4.3,1,0.2,4.5
03,15,09,03_09,panelist,none,1,0,0,1,4.3,0,0,4.3
03,15,10,03_10,panelist,high,1,1,0,0,4.3,0,0,4.3
03,15,11,03_11,reviewer,med,0,0,0,0,4.3,0,0,4.3
03,15,12,03_12,panelist,med,1,0,0,0,4.3,0,0,4.3
03,15,13,03_13,panelist,high,1,1,0,0,4.3,0,0,4.3
03,15,14,03_14,panelist,med,1,0,0,0,4.3,0,0,4.3
03,15,15,03_15,panelist,high,1,1,0,0,4.3,0,0,4.3
03,15,16,03_16,panelist,high,1,1,0,0,4.3,0,0,4.3
03,15,17,03_17,panelist,med,1,0,0,0,4.3,0,0,4.3
03,15,18,03_18,panelist,none,1,0,0,1,4.3,0,0,4.3
03,15,19,03_19,panelist,high,1,1,0,0,4.3,0,0,4.3
03,15,20,03_20,panelist,low,1,0,1,0,4.3,0,0,4.3
03,15,21,03_21,panelist,med,1,0,0,0,4.3,0,0,4.3
03,15,22,03_22,panelist,low,1,0,1,0,4.3,0,0,4.3
03,15,23,03_23,panelist,med,1,0,0,0,4.3,1,-0.1,4.2
03,15,24,03_24,panelist,med,1,0,0,0,4.3,1,0.1,4.4
04,1,01,04_01,panelist,high,1,1,0,0,3.7,1,-0.4,3.5
04,1,02,04_02,panelist,high,1,1,0,0,3.7,1,-0.1,3.6
04,1,03,04_03,reviewer,none,0,0,0,1,3.7,0,0,3.7
04,1,04,04_04,panelist,med,1,0,0,0,3.7,1,0.3,4
04,1,05,04_05,panelist,low,1,0,1,0,3.7,0,0,3.7
04,1,06,04_06,panelist,none,1,0,0,1,3.7,0,0,3.7
04,1,07,04_07,panelist,med,1,0,0,0,3.7,0,0,3.7
04,1,08,04_08,panelist,med,1,0,0,0,3.7,1,0.1,3.8
04,1,09,04_09,panelist,high,1,1,0,0,3.7,1,0.1,3.8
04,1,10,04_10,panelist,med,1,0,0,0,3.7,1,-0.2,3.5
04,1,11,04_11,panelist,med,1,0,0,0,3.7,1,-0.1,3.6
04,1,12,04_12,reviewer,high,0,1,0,0,3.7,0,0,3.7
04,1,13,04_13,panelist,med,1,0,0,0,3.7,0,0,3.7
04,1,14,04_14,panelist,med,1,0,0,0,3.7,0,0,3.7
04,1,15,04_15,panelist,high,1,1,0,0,3.7,1,0.1,3.8
04,1,16,04_16,panelist,low,1,0,1,0,3.7,1,0.2,3.9
04,1,17,04_17,panelist,med,1,0,0,0,3.7,0,0,3.7
04,1,18,04_18,panelist,high,1,1,0,0,3.7,0,0,3.7
04,1,19,04_19,panelist,low,1,0,1,0,3.7,1,0.1,3.8
04,1,20,04_20,panelist,med,1,0,0,0,3.7,0,0,3.7
04,1,21,04_21,panelist,none,1,0,0,1,3.7,0,0,3.7
04,1,22,04_22,reviewer,med,0,0,0,0,3.7,0,0,3.7
04,1,23,04_23,panelist,low,1,0,1,0,3.7,1,0.2,3.9
04,1,24,04_24,panelist,none,1,0,0,1,3.7,1,0.1,3.8
04,2,01,04_01,panelist,high,1,1,0,0,4.3,1,0.3,4.6
04,2,02,04_02,panelist,med,1,0,0,0,4.3,0,0,4.3
04,2,03,04_03,panelist,high,1,1,0,0,4.3,0,0,4.3
04,2,04,04_04,panelist,none,1,0,0,1,4.3,1,-0.2,4.1
04,2,05,04_05,panelist,med,1,0,0,0,4.3,0,0,4.3
04,2,06,04_06,panelist,med,1,0,0,0,4.3,0,0,4.3
04,2,07,04_07,panelist,med,1,0,0,0,4.3,0,0,4.3
04,2,08,04_08,panelist,low,1,0,1,0,4.3,1,-0.1,4.2
04,2,09,04_09,panelist,high,1,1,0,0,4.3,0,0,4.3
04,2,10,04_10,reviewer,high,0,1,0,0,4.3,0,0,4.3
04,2,11,04_11,panelist,med,1,0,0,0,4.3,0,0,4.3
04,2,12,04_12,panelist,med,1,0,0,0,4.3,0,0,4.3
04,2,13,04_13,panelist,med,1,0,0,0,4.3,0,0,4.3
04,2,14,04_14,reviewer,high,0,1,0,0,4.3,0,0,4.3
04,2,15,04_15,panelist,low,1,0,1,0,4.3,0,0,4.3
04,2,16,04_16,panelist,none,1,0,0,1,4.3,0,0,4.3
04,2,17,04_17,panelist,med,1,0,0,0,4.3,0,0,4.3
04,2,18,04_18,panelist,low,1,0,1,0,4.3,1,-0.1,4.2
04,2,19,04_19,panelist,high,1,1,0,0,4.3,0,0,4.3
04,2,20,04_20,panelist,none,1,0,0,1,4.3,0,0,4.3
04,2,21,04_21,panelist,low,1,0,1,0,4.3,1,-0.1,4.2
04,2,22,04_22,reviewer,med,0,0,0,0,4.3,0,0,4.3
04,2,23,04_23,panelist,none,1,0,0,1,4.3,1,-0.1,4.2
04,2,24,04_24,panelist,med,1,0,0,0,4.3,1,0.2,4.5
04,3,01,04_01,panelist,low,1,0,1,0,4.2,0,0,4.2
04,3,02,04_02,panelist,med,1,0,0,0,4.2,0,0,4.2
04,3,03,04_03,panelist,high,1,1,0,0,4.2,0,0,4.2
04,3,04,04_04,reviewer,low,0,0,1,0,4.2,0,0,4.2
04,3,05,04_05,panelist,none,1,0,0,1,4.2,0,0,4.2
04,3,06,04_06,panelist,low,1,0,1,0,4.2,0,0,4.2
04,3,07,04_07,panelist,med,1,0,0,0,4.2,0,0,4.2
04,3,08,04_08,panelist,med,1,0,0,0,4.2,1,0.1,4.3
04,3,09,04_09,panelist,high,1,1,0,0,4.2,0,0,4.2
04,3,10,04_10,panelist,med,1,0,0,0,4.2,1,-0.3,3.9
04,3,11,04_11,panelist,med,1,0,0,0,4.2,1,-0.3,3.9
04,3,12,04_12,panelist,none,1,0,0,1,4.2,1,-0.1,4.1
04,3,13,04_13,panelist,high,1,1,0,0,4.2,0,0,4.2
04,3,14,04_14,panelist,med,1,0,0,0,4.2,1,-0.1,4.1
04,3,15,04_15,panelist,med,1,0,0,0,4.2,1,-0.3,3.9
04,3,16,04_16,reviewer,high,0,1,0,0,4.2,1,-0.1,4.1
04,3,17,04_17,reviewer,none,0,0,0,1,4.2,1,0.2,4.4
04,3,18,04_18,panelist,med,1,0,0,0,4.2,0,0,4.2
04,3,19,04_19,panelist,med,1,0,0,0,4.2,0,0,4.2
04,3,20,04_20,panelist,high,1,1,0,0,4.2,0,0,4.2
04,3,21,04_21,panelist,none,1,0,0,1,4.2,0,0,4.2
04,3,22,04_22,panelist,high,1,1,0,0,4.2,0,0,4.2
04,3,23,04_23,panelist,med,1,0,0,0,4.2,0,0,4.2
04,3,24,04_24,panelist,low,1,0,1,0,4.2,1,0.2,4.4
04,4,01,04_01,panelist,med,1,0,0,0,3.8,0,0,3.8
04,4,02,04_02,panelist,med,1,0,0,0,3.8,1,0.1,3.9
04,4,03,04_03,panelist,high,1,1,0,0,3.8,0,0,3.8
04,4,04,04_04,panelist,high,1,1,0,0,3.8,1,-0.1,3.7
04,4,05,04_05,reviewer,med,0,0,0,0,3.8,0,0,3.8
04,4,06,04_06,panelist,low,1,0,1,0,3.8,0,0,3.8
04,4,07,04_07,panelist,low,1,0,1,0,3.8,1,0.3,4.1
04,4,08,04_08,reviewer,high,0,1,0,0,3.8,0,0,3.8
04,4,09,04_09,reviewer,high,0,1,0,0,3.8,0,0,3.8
04,4,10,04_10,panelist,med,1,0,0,0,3.8,0,0,3.8
04,4,11,04_11,panelist,med,1,0,0,0,3.8,0,0,3.8
04,4,12,04_12,panelist,med,1,0,0,0,3.8,1,-0.1,3.7
04,4,13,04_13,panelist,med,1,0,0,0,3.8,1,0.2,4
04,4,14,04_14,panelist,low,1,0,1,0,3.8,1,0.1,3.9
04,4,15,04_15,panelist,low,1,0,1,0,3.8,0,0,3.8
04,4,16,04_16,panelist,med,1,0,0,0,3.8,1,-0.1,3.7
04,4,17,04_17,panelist,med,1,0,0,0,3.8,1,0.3,4.1
04,4,18,04_18,panelist,high,1,1,0,0,3.8,1,0.2,4
04,4,19,04_19,panelist,med,1,0,0,0,3.8,0,0,3.8
04,4,20,04_20,panelist,none,1,0,0,1,3.8,0,0,3.8
04,4,21,04_21,panelist,none,1,0,0,1,3.8,1,0.2,4
04,4,22,04_22,panelist,none,1,0,0,1,3.8,1,0.2,4
04,4,23,04_23,panelist,none,1,0,0,1,3.8,0,0,3.8
04,4,24,04_24,panelist,high,1,1,0,0,3.8,0,0,3.8
04,5,01,04_01,panelist,med,1,0,0,0,3.7,0,0,3.7
04,5,02,04_02,panelist,med,1,0,0,0,3.7,0,0,3.7
04,5,03,04_03,panelist,med,1,0,0,0,3.7,0,0,3.7
04,5,04,04_04,panelist,high,1,1,0,0,3.7,1,0.2,3.9
04,5,05,04_05,panelist,none,1,0,0,1,3.7,1,0.2,3.9
04,5,06,04_06,panelist,low,1,0,1,0,3.7,0,0,3.7
04,5,07,04_07,panelist,low,1,0,1,0,3.7,1,-0.3,3.5
04,5,08,04_08,panelist,none,1,0,0,1,3.7,0,0,3.7
04,5,09,04_09,panelist,high,1,1,0,0,3.7,1,0.1,3.8
04,5,10,04_10,panelist,med,1,0,0,0,3.7,0,0,3.7
04,5,11,04_11,panelist,low,1,0,1,0,3.7,0,0,3.7
04,5,12,04_12,reviewer,high,0,1,0,0,3.7,0,0,3.7
04,5,13,04_13,panelist,med,1,0,0,0,3.7,0,0,3.7
04,5,14,04_14,panelist,high,1,1,0,0,3.7,1,-0.1,3.6
04,5,15,04_15,panelist,med,1,0,0,0,3.7,0,0,3.7
04,5,16,04_16,panelist,med,1,0,0,0,3.7,0,0,3.7
04,5,17,04_17,panelist,high,1,1,0,0,3.7,1,0.2,3.9
04,5,18,04_18,panelist,none,1,0,0,1,3.7,0,0,3.7
04,5,19,04_19,panelist,high,1,1,0,0,3.7,0,0,3.7
04,5,20,04_20,panelist,med,1,0,0,0,3.7,1,-0.1,3.6
04,5,21,04_21,panelist,low,1,0,1,0,3.7,0,0,3.7
04,5,22,04_22,reviewer,med,0,0,0,0,3.7,0,0,3.7
04,5,23,04_23,reviewer,none,0,0,0,1,3.7,1,-0.2,3.5
04,5,24,04_24,panelist,med,1,0,0,0,3.7,0,0,3.7
04,6,01,04_01,panelist,none,1,0,0,1,3.5,0,0,3.5
04,6,02,04_02,panelist,none,1,0,0,1,3.5,1,0.1,3.6
04,6,03,04_03,panelist,high,1,1,0,0,3.5,0,0,3.5
04,6,04,04_04,panelist,low,1,0,1,0,3.5,0,0,3.5
04,6,05,04_05,panelist,med,1,0,0,0,3.5,0,0,3.5
04,6,06,04_06,panelist,high,1,1,0,0,3.5,0,0,3.5
04,6,07,04_07,panelist,none,1,0,0,1,3.5,1,0.2,3.7
04,6,08,04_08,panelist,low,1,0,1,0,3.5,1,-0.2,3.5
04,6,09,04_09,reviewer,med,0,0,0,0,3.5,0,0,3.5
04,6,10,04_10,panelist,med,1,0,0,0,3.5,0,0,3.5
04,6,11,04_11,reviewer,high,0,1,0,0,3.5,0,0,3.5
04,6,12,04_12,panelist,med,1,0,0,0,3.5,0,0,3.5
04,6,13,04_13,reviewer,high,0,1,0,0,3.5,0,0,3.5
04,6,14,04_14,panelist,high,1,1,0,0,3.5,0,0,3.5
04,6,15,04_15,panelist,none,1,0,0,1,3.5,1,-0.1,3.5
04,6,16,04_16,panelist,high,1,1,0,0,3.5,0,0,3.5
04,6,17,04_17,panelist,med,1,0,0,0,3.5,0,0,3.5
04,6,18,04_18,panelist,low,1,0,1,0,3.5,1,-0.1,3.5
04,6,19,04_19,panelist,med,1,0,0,0,3.5,0,0,3.5
04,6,20,04_20,panelist,med,1,0,0,0,3.5,0,0,3.5
04,6,21,04_21,panelist,med,1,0,0,0,3.5,0,0,3.5
04,6,22,04_22,panelist,med,1,0,0,0,3.5,1,0.1,3.6
04,6,23,04_23,panelist,med,1,0,0,0,3.5,1,-0.2,3.5
04,6,24,04_24,panelist,low,1,0,1,0,3.5,0,0,3.5
04,7,01,04_01,reviewer,high,0,1,0,0,4,1,-0.2,3.8
04,7,02,04_02,panelist,none,1,0,0,1,4,0,0,4
04,7,03,04_03,panelist,none,1,0,0,1,4,1,-0.1,3.9
04,7,04,04_04,panelist,low,1,0,1,0,4,0,0,4
04,7,05,04_05,panelist,med,1,0,0,0,4,0,0,4
04,7,06,04_06,panelist,med,1,0,0,0,4,1,-0.3,3.7
04,7,07,04_07,panelist,med,1,0,0,0,4,0,0,4
04,7,08,04_08,reviewer,none,0,0,0,1,4,1,-0.2,3.8
04,7,09,04_09,panelist,med,1,0,0,0,4,0,0,4
04,7,10,04_10,panelist,med,1,0,0,0,4,0,0,4
04,7,11,04_11,panelist,med,1,0,0,0,4,0,0,4
04,7,12,04_12,panelist,low,1,0,1,0,4,0,0,4
04,7,13,04_13,panelist,med,1,0,0,0,4,0,0,4
04,7,14,04_14,panelist,high,1,1,0,0,4,0,0,4
04,7,15,04_15,panelist,none,1,0,0,1,4,1,-0.2,3.8
04,7,16,04_16,panelist,high,1,1,0,0,4,0,0,4
04,7,17,04_17,panelist,med,1,0,0,0,4,0,0,4
04,7,18,04_18,panelist,low,1,0,1,0,4,1,0.3,4.3
04,7,19,04_19,panelist,high,1,1,0,0,4,0,0,4
04,7,20,04_20,reviewer,high,0,1,0,0,4,0,0,4
04,7,21,04_21,panelist,med,1,0,0,0,4,0,0,4
04,7,22,04_22,panelist,low,1,0,1,0,4,1,0.1,4.1
04,7,23,04_23,panelist,high,1,1,0,0,4,0,0,4
04,7,24,04_24,panelist,med,1,0,0,0,4,0,0,4
04,8,01,04_01,panelist,med,1,0,0,0,3.5,0,0,3.5
04,8,02,04_02,reviewer,med,0,0,0,0,3.5,0,0,3.5
04,8,03,04_03,panelist,med,1,0,0,0,3.5,0,0,3.5
04,8,04,04_04,panelist,none,1,0,0,1,3.5,1,-0.1,3.5
04,8,05,04_05,panelist,med,1,0,0,0,3.5,1,-0.1,3.5
04,8,06,04_06,panelist,none,1,0,0,1,3.5,0,0,3.5
04,8,07,04_07,panelist,low,1,0,1,0,3.5,0,0,3.5
04,8,08,04_08,panelist,med,1,0,0,0,3.5,0,0,3.5
04,8,09,04_09,panelist,med,1,0,0,0,3.5,0,0,3.5
04,8,10,04_10,panelist,high,1,1,0,0,3.5,0,0,3.5
04,8,11,04_11,panelist,low,1,0,1,0,3.5,0,0,3.5
04,8,12,04_12,panelist,med,1,0,0,0,3.5,0,0,3.5
04,8,13,04_13,panelist,high,1,1,0,0,3.5,0,0,3.5
04,8,14,04_14,panelist,med,1,0,0,0,3.5,0,0,3.5
04,8,15,04_15,panelist,med,1,0,0,0,3.5,0,0,3.5
04,8,16,04_16,panelist,high,1,1,0,0,3.5,0,0,3.5
04,8,17,04_17,panelist,high,1,1,0,0,3.5,0,0,3.5
04,8,18,04_18,reviewer,low,0,0,1,0,3.5,1,0.3,3.8
04,8,19,04_19,panelist,none,1,0,0,1,3.5,1,0.1,3.6
04,8,20,04_20,panelist,high,1,1,0,0,3.5,0,0,3.5
04,8,21,04_21,panelist,med,1,0,0,0,3.5,0,0,3.5
04,8,22,04_22,panelist,high,1,1,0,0,3.5,0,0,3.5
04,8,23,04_23,panelist,none,1,0,0,1,3.5,1,0.2,3.7
04,8,24,04_24,reviewer,low,0,0,1,0,3.5,1,-0.1,3.5
04,9,01,04_01,panelist,high,1,1,0,0,4.2,1,0.1,4.3
04,9,02,04_02,panelist,med,1,0,0,0,4.2,0,0,4.2
04,9,03,04_03,panelist,high,1,1,0,0,4.2,0,0,4.2
04,9,04,04_04,reviewer,high,0,1,0,0,4.2,0,0,4.2
04,9,05,04_05,panelist,med,1,0,0,0,4.2,0,0,4.2
04,9,06,04_06,panelist,low,1,0,1,0,4.2,1,0.2,4.4
04,9,07,04_07,panelist,med,1,0,0,0,4.2,0,0,4.2
04,9,08,04_08,panelist,med,1,0,0,0,4.2,0,0,4.2
04,9,09,04_09,reviewer,med,0,0,0,0,4.2,0,0,4.2
04,9,10,04_10,panelist,low,1,0,1,0,4.2,0,0,4.2
04,9,11,04_11,panelist,med,1,0,0,0,4.2,0,0,4.2
04,9,12,04_12,panelist,med,1,0,0,0,4.2,1,0.1,4.3
04,9,13,04_13,panelist,none,1,0,0,1,4.2,1,-0.2,4
04,9,14,04_14,panelist,low,1,0,1,0,4.2,0,0,4.2
04,9,15,04_15,panelist,med,1,0,0,0,4.2,0,0,4.2
04,9,16,04_16,panelist,low,1,0,1,0,4.2,0,0,4.2
04,9,17,04_17,panelist,med,1,0,0,0,4.2,1,-0.2,4
04,9,18,04_18,reviewer,none,0,0,0,1,4.2,1,-0.2,4
04,9,19,04_19,panelist,high,1,1,0,0,4.2,0,0,4.2
04,9,20,04_20,panelist,high,1,1,0,0,4.2,0,0,4.2
04,9,21,04_21,panelist,med,1,0,0,0,4.2,0,0,4.2
04,9,22,04_22,panelist,high,1,1,0,0,4.2,0,0,4.2
04,9,23,04_23,panelist,none,1,0,0,1,4.2,0,0,4.2
04,9,24,04_24,panelist,none,1,0,0,1,4.2,0,0,4.2
04,10,01,04_01,panelist,low,1,0,1,0,4.6,0,0,4.6
04,10,02,04_02,panelist,high,1,1,0,0,4.6,1,-0.1,4.5
04,10,03,04_03,panelist,med,1,0,0,0,4.6,0,0,4.6
04,10,04,04_04,panelist,high,1,1,0,0,4.6,0,0,4.6
04,10,05,04_05,panelist,med,1,0,0,0,4.6,0,0,4.6
04,10,06,04_06,panelist,high,1,1,0,0,4.6,1,-0.3,4.3
04,10,07,04_07,panelist,low,1,0,1,0,4.6,0,0,4.6
04,10,08,04_08,reviewer,med,0,0,0,0,4.6,0,0,4.6
04,10,09,04_09,panelist,none,1,0,0,1,4.6,0,0,4.6
04,10,10,04_10,panelist,med,1,0,0,0,4.6,1,-0.2,4.4
04,10,11,04_11,panelist,low,1,0,1,0,4.6,1,0.1,4.7
04,10,12,04_12,panelist,high,1,1,0,0,4.6,0,0,4.6
04,10,13,04_13,panelist,none,1,0,0,1,4.6,0,0,4.6
04,10,14,04_14,panelist,med,1,0,0,0,4.6,1,-0.1,4.5
04,10,15,04_15,reviewer,med,0,0,0,0,4.6,0,0,4.6
04,10,16,04_16,panelist,low,1,0,1,0,4.6,1,-0.2,4.4
04,10,17,04_17,panelist,high,1,1,0,0,4.6,0,0,4.6
04,10,18,04_18,panelist,none,1,0,0,1,4.6,0,0,4.6
04,10,19,04_19,panelist,med,1,0,0,0,4.6,0,0,4.6
04,10,20,04_20,panelist,med,1,0,0,0,4.6,0,0,4.6
04,10,21,04_21,reviewer,med,0,0,0,0,4.6,1,-0.1,4.5
04,10,22,04_22,panelist,high,1,1,0,0,4.6,0,0,4.6
04,10,23,04_23,panelist,med,1,0,0,0,4.6,1,0.2,4.8
04,10,24,04_24,panelist,none,1,0,0,1,4.6,1,-0.1,4.5
04,11,01,04_01,reviewer,med,0,0,0,0,4.2,0,0,4.2
04,11,02,04_02,panelist,none,1,0,0,1,4.2,0,0,4.2
04,11,03,04_03,panelist,low,1,0,1,0,4.2,1,0.1,4.3
04,11,04,04_04,panelist,none,1,0,0,1,4.2,0,0,4.2
04,11,05,04_05,panelist,med,1,0,0,0,4.2,0,0,4.2
04,11,06,04_06,panelist,high,1,1,0,0,4.2,0,0,4.2
04,11,07,04_07,panelist,med,1,0,0,0,4.2,0,0,4.2
04,11,08,04_08,panelist,med,1,0,0,0,4.2,0,0,4.2
04,11,09,04_09,panelist,med,1,0,0,0,4.2,1,0.1,4.3
04,11,10,04_10,panelist,low,1,0,1,0,4.2,1,-0.2,4
04,11,11,04_11,panelist,med,1,0,0,0,4.2,0,0,4.2
04,11,12,04_12,panelist,none,1,0,0,1,4.2,1,0.1,4.3
04,11,13,04_13,panelist,high,1,1,0,0,4.2,1,0.2,4.4
04,11,14,04_14,reviewer,high,0,1,0,0,4.2,1,-0.1,4.1
04,11,15,04_15,panelist,low,1,0,1,0,4.2,1,-0.1,4.1
04,11,16,04_16,panelist,med,1,0,0,0,4.2,0,0,4.2
04,11,17,04_17,panelist,low,1,0,1,0,4.2,1,-0.1,4.1
04,11,18,04_18,panelist,med,1,0,0,0,4.2,1,0.2,4.4
04,11,19,04_19,panelist,med,1,0,0,0,4.2,0,0,4.2
04,11,20,04_20,panelist,high,1,1,0,0,4.2,0,0,4.2
04,11,21,04_21,panelist,none,1,0,0,1,4.2,1,0.1,4.3
04,11,22,04_22,panelist,med,1,0,0,0,4.2,0,0,4.2
04,11,23,04_23,panelist,high,1,1,0,0,4.2,0,0,4.2
04,11,24,04_24,reviewer,high,0,1,0,0,4.2,0,0,4.2
04,12,01,04_01,reviewer,med,0,0,0,0,4.8,0,0,4.8
04,12,02,04_02,panelist,low,1,0,1,0,4.8,1,0.4,4.9
04,12,03,04_03,panelist,med,1,0,0,0,4.8,0,0,4.8
04,12,04,04_04,panelist,none,1,0,0,1,4.8,0,0,4.8
04,12,05,04_05,panelist,med,1,0,0,0,4.8,1,0.1,4.9
04,12,06,04_06,panelist,low,1,0,1,0,4.8,1,-0.2,4.6
04,12,07,04_07,panelist,high,1,1,0,0,4.8,0,0,4.8
04,12,08,04_08,panelist,med,1,0,0,0,4.8,1,-0.2,4.6
04,12,09,04_09,panelist,med,1,0,0,0,4.8,1,-0.1,4.7
04,12,10,04_10,panelist,none,1,0,0,1,4.8,0,0,4.8
04,12,11,04_11,panelist,low,1,0,1,0,4.8,1,0.1,4.9
04,12,12,04_12,panelist,none,1,0,0,1,4.8,1,0.3,4.9
04,12,13,04_13,reviewer,high,0,1,0,0,4.8,0,0,4.8
04,12,14,04_14,panelist,high,1,1,0,0,4.8,0,0,4.8
04,12,15,04_15,panelist,high,1,1,0,0,4.8,0,0,4.8
04,12,16,04_16,panelist,low,1,0,1,0,4.8,1,-0.1,4.7
04,12,17,04_17,panelist,none,1,0,0,1,4.8,1,-0.2,4.6
04,12,18,04_18,panelist,med,1,0,0,0,4.8,1,-0.2,4.6
04,12,19,04_19,panelist,med,1,0,0,0,4.8,0,0,4.8
04,12,20,04_20,panelist,high,1,1,0,0,4.8,0,0,4.8
04,12,21,04_21,reviewer,med,0,0,0,0,4.8,1,0.1,4.9
04,12,22,04_22,panelist,high,1,1,0,0,4.8,1,0.1,4.9
04,12,23,04_23,panelist,med,1,0,0,0,4.8,0,0,4.8
04,12,24,04_24,panelist,med,1,0,0,0,4.8,1,-0.1,4.7
04,13,01,04_01,panelist,none,1,0,0,1,4.6,1,-0.4,4.2
04,13,02,04_02,panelist,med,1,0,0,0,4.6,0,0,4.6
04,13,03,04_03,panelist,none,1,0,0,1,4.6,1,0.2,4.8
04,13,04,04_04,reviewer,high,0,1,0,0,4.6,0,0,4.6
04,13,05,04_05,panelist,med,1,0,0,0,4.6,0,0,4.6
04,13,06,04_06,panelist,high,1,1,0,0,4.6,0,0,4.6
04,13,07,04_07,panelist,low,1,0,1,0,4.6,0,0,4.6
04,13,08,04_08,panelist,med,1,0,0,0,4.6,1,0.2,4.8
04,13,09,04_09,panelist,high,1,1,0,0,4.6,1,-0.1,4.5
04,13,10,04_10,panelist,med,1,0,0,0,4.6,1,-0.2,4.4
04,13,11,04_11,panelist,low,1,0,1,0,4.6,1,0.2,4.8
04,13,12,04_12,reviewer,high,0,1,0,0,4.6,0,0,4.6
04,13,13,04_13,panelist,high,1,1,0,0,4.6,1,0.1,4.7
04,13,14,04_14,panelist,med,1,0,0,0,4.6,0,0,4.6
04,13,15,04_15,panelist,med,1,0,0,0,4.6,0,0,4.6
04,13,16,04_16,panelist,med,1,0,0,0,4.6,0,0,4.6
04,13,17,04_17,panelist,none,1,0,0,1,4.6,0,0,4.6
04,13,18,04_18,panelist,med,1,0,0,0,4.6,1,-0.1,4.5
04,13,19,04_19,panelist,med,1,0,0,0,4.6,1,0.1,4.7
04,13,20,04_20,reviewer,med,0,0,0,0,4.6,0,0,4.6
04,13,21,04_21,panelist,low,1,0,1,0,4.6,0,0,4.6
04,13,22,04_22,panelist,low,1,0,1,0,4.6,1,0.3,4.9
04,13,23,04_23,panelist,high,1,1,0,0,4.6,0,0,4.6
04,13,24,04_24,panelist,none,1,0,0,1,4.6,0,0,4.6
04,14,01,04_01,panelist,none,1,0,0,1,3.6,0,0,3.6
04,14,02,04_02,panelist,med,1,0,0,0,3.6,1,0.1,3.7
04,14,03,04_03,panelist,low,1,0,1,0,3.6,1,0.1,3.7
04,14,04,04_04,panelist,med,1,0,0,0,3.6,0,0,3.6
04,14,05,04_05,reviewer,high,0,1,0,0,3.6,0,0,3.6
04,14,06,04_06,panelist,med,1,0,0,0,3.6,0,0,3.6
04,14,07,04_07,panelist,med,1,0,0,0,3.6,0,0,3.6
04,14,08,04_08,panelist,none,1,0,0,1,3.6,1,-0.3,3.5
04,14,09,04_09,panelist,med,1,0,0,0,3.6,0,0,3.6
04,14,10,04_10,panelist,none,1,0,0,1,3.6,1,-0.1,3.5
04,14,11,04_11,panelist,low,1,0,1,0,3.6,0,0,3.6
04,14,12,04_12,reviewer,med,0,0,0,0,3.6,0,0,3.6
04,14,13,04_13,panelist,high,1,1,0,0,3.6,0,0,3.6
04,14,14,04_14,panelist,med,1,0,0,0,3.6,0,0,3.6
04,14,15,04_15,panelist,high,1,1,0,0,3.6,0,0,3.6
04,14,16,04_16,panelist,low,1,0,1,0,3.6,1,-0.1,3.5
04,14,17,04_17,panelist,med,1,0,0,0,3.6,1,-0.1,3.5
04,14,18,04_18,reviewer,high,0,1,0,0,3.6,0,0,3.6
04,14,19,04_19,panelist,low,1,0,1,0,3.6,0,0,3.6
04,14,20,04_20,panelist,high,1,1,0,0,3.6,0,0,3.6
04,14,21,04_21,panelist,none,1,0,0,1,3.6,0,0,3.6
04,14,22,04_22,panelist,med,1,0,0,0,3.6,0,0,3.6
04,14,23,04_23,panelist,med,1,0,0,0,3.6,1,0.2,3.8
04,14,24,04_24,panelist,high,1,1,0,0,3.6,0,0,3.6
04,15,01,04_01,panelist,low,1,0,1,0,4.4,0,0,4.4
04,15,02,04_02,panelist,med,1,0,0,0,4.4,0,0,4.4
04,15,03,04_03,panelist,med,1,0,0,0,4.4,0,0,4.4
04,15,04,04_04,panelist,med,1,0,0,0,4.4,1,0.1,4.5
04,15,05,04_05,panelist,low,1,0,1,0,4.4,0,0,4.4
04,15,06,04_06,reviewer,med,0,0,0,0,4.4,0,0,4.4
04,15,07,04_07,panelist,med,1,0,0,0,4.4,1,0.3,4.7
04,15,08,04_08,panelist,low,1,0,1,0,4.4,0,0,4.4
04,15,09,04_09,reviewer,high,0,1,0,0,4.4,0,0,4.4
04,15,10,04_10,panelist,med,1,0,0,0,4.4,0,0,4.4
04,15,11,04_11,reviewer,high,0,1,0,0,4.4,0,0,4.4
04,15,12,04_12,panelist,none,1,0,0,1,4.4,0,0,4.4
04,15,13,04_13,panelist,med,1,0,0,0,4.4,0,0,4.4
04,15,14,04_14,panelist,none,1,0,0,1,4.4,1,0.2,4.6
04,15,15,04_15,panelist,high,1,1,0,0,4.4,0,0,4.4
04,15,16,04_16,panelist,high,1,1,0,0,4.4,0,0,4.4
04,15,17,04_17,panelist,med,1,0,0,0,4.4,1,-0.1,4.3
04,15,18,04_18,panelist,high,1,1,0,0,4.4,1,-0.1,4.3
04,15,19,04_19,panelist,med,1,0,0,0,4.4,0,0,4.4
04,15,20,04_20,panelist,none,1,0,0,1,4.4,0,0,4.4
04,15,21,04_21,panelist,high,1,1,0,0,4.4,0,0,4.4
04,15,22,04_22,panelist,med,1,0,0,0,4.4,0,0,4.4
04,15,23,04_23,panelist,low,1,0,1,0,4.4,0,0,4.4
04,15,24,04_24,panelist,none,1,0,0,1,4.4,0,0,4.4
05,1,01,05_01,reviewer,none,0,0,0,1,3.6,1,-0.2,3.5
05,1,02,05_02,reviewer,none,0,0,0,1,3.6,1,-0.2,3.5
05,1,03,05_03,panelist,low,1,0,1,0,3.6,0,0,3.6
05,1,04,05_04,panelist,med,1,0,0,0,3.6,0,0,3.6
05,1,05,05_05,panelist,med,1,0,0,0,3.6,0,0,3.6
05,1,06,05_06,panelist,med,1,0,0,0,3.6,0,0,3.6
05,1,07,05_07,panelist,high,1,1,0,0,3.6,1,0.2,3.8
05,1,08,05_08,panelist,med,1,0,0,0,3.6,0,0,3.6
05,1,09,05_09,panelist,med,1,0,0,0,3.6,0,0,3.6
05,1,10,05_10,panelist,none,1,0,0,1,3.6,0,0,3.6
05,1,11,05_11,panelist,high,1,1,0,0,3.6,0,0,3.6
05,1,12,05_12,panelist,med,1,0,0,0,3.6,1,-0.2,3.5
05,1,13,05_13,reviewer,high,0,1,0,0,3.6,0,0,3.6
05,1,14,05_14,panelist,med,1,0,0,0,3.6,0,0,3.6
05,1,15,05_15,panelist,med,1,0,0,0,3.6,1,-0.1,3.5
05,1,16,05_16,panelist,high,1,1,0,0,3.6,0,0,3.6
05,1,17,05_17,panelist,none,1,0,0,1,3.6,0,0,3.6
05,1,18,05_18,panelist,high,1,1,0,0,3.6,0,0,3.6
05,1,19,05_19,panelist,med,1,0,0,0,3.6,0,0,3.6
05,1,20,05_20,panelist,high,1,1,0,0,3.6,1,-0.1,3.5
05,1,21,05_21,panelist,low,1,0,1,0,3.6,1,0.2,3.8
05,1,22,05_22,panelist,med,1,0,0,0,3.6,1,0.1,3.7
05,1,23,05_23,panelist,low,1,0,1,0,3.6,1,0.1,3.7
05,1,24,05_24,panelist,low,1,0,1,0,3.6,0,0,3.6
05,2,01,05_01,panelist,none,1,0,0,1,4.2,1,0.1,4.3
05,2,02,05_02,panelist,high,1,1,0,0,4.2,0,0,4.2
05,2,03,05_03,panelist,med,1,0,0,0,4.2,0,0,4.2
05,2,04,05_04,panelist,none,1,0,0,1,4.2,1,-0.1,4.1
05,2,05,05_05,panelist,med,1,0,0,0,4.2,1,0.1,4.3
05,2,06,05_06,panelist,med,1,0,0,0,4.2,0,0,4.2
05,2,07,05_07,panelist,med,1,0,0,0,4.2,1,0.1,4.3
05,2,08,05_08,panelist,high,1,1,0,0,4.2,0,0,4.2
05,2,09,05_09,panelist,high,1,1,0,0,4.2,1,-0.1,4.1
05,2,10,05_10,panelist,med,1,0,0,0,4.2,1,-0.1,4.1
05,2,11,05_11,panelist,high,1,1,0,0,4.2,0,0,4.2
05,2,12,05_12,reviewer,med,0,0,0,0,4.2,1,0.1,4.3
05,2,13,05_13,panelist,low,1,0,1,0,4.2,1,0.2,4.4
05,2,14,05_14,panelist,med,1,0,0,0,4.2,1,0.2,4.4
05,2,15,05_15,reviewer,low,0,0,1,0,4.2,1,-0.1,4.1
05,2,16,05_16,panelist,high,1,1,0,0,4.2,0,0,4.2
05,2,17,05_17,panelist,low,1,0,1,0,4.2,0,0,4.2
05,2,18,05_18,panelist,med,1,0,0,0,4.2,0,0,4.2
05,2,19,05_19,panelist,high,1,1,0,0,4.2,0,0,4.2
05,2,20,05_20,panelist,med,1,0,0,0,4.2,0,0,4.2
05,2,21,05_21,panelist,low,1,0,1,0,4.2,1,0.1,4.3
05,2,22,05_22,reviewer,med,0,0,0,0,4.2,0,0,4.2
05,2,23,05_23,panelist,none,1,0,0,1,4.2,1,0.1,4.3
05,2,24,05_24,panelist,none,1,0,0,1,4.2,0,0,4.2
05,3,01,05_01,panelist,med,1,0,0,0,4.1,0,0,4.1
05,3,02,05_02,panelist,none,1,0,0,1,4.1,0,0,4.1
05,3,03,05_03,panelist,med,1,0,0,0,4.1,0,0,4.1
05,3,04,05_04,panelist,high,1,1,0,0,4.1,0,0,4.1
05,3,05,05_05,panelist,high,1,1,0,0,4.1,1,-0.3,3.8
05,3,06,05_06,panelist,med,1,0,0,0,4.1,0,0,4.1
05,3,07,05_07,panelist,none,1,0,0,1,4.1,0,0,4.1
05,3,08,05_08,panelist,med,1,0,0,0,4.1,1,-0.3,3.8
05,3,09,05_09,reviewer,high,0,1,0,0,4.1,0,0,4.1
05,3,10,05_10,panelist,med,1,0,0,0,4.1,0,0,4.1
05,3,11,05_11,panelist,med,1,0,0,0,4.1,0,0,4.1
05,3,12,05_12,panelist,low,1,0,1,0,4.1,1,-0.1,4
05,3,13,05_13,panelist,med,1,0,0,0,4.1,1,0.1,4.2
05,3,14,05_14,panelist,high,1,1,0,0,4.1,0,0,4.1
05,3,15,05_15,panelist,med,1,0,0,0,4.1,0,0,4.1
05,3,16,05_16,panelist,high,1,1,0,0,4.1,0,0,4.1
05,3,17,05_17,panelist,none,1,0,0,1,4.1,1,0.3,4.4
05,3,18,05_18,panelist,med,1,0,0,0,4.1,0,0,4.1
05,3,19,05_19,panelist,low,1,0,1,0,4.1,0,0,4.1
05,3,20,05_20,reviewer,low,0,0,1,0,4.1,1,0.1,4.2
05,3,21,05_21,panelist,high,1,1,0,0,4.1,1,-0.1,4
05,3,22,05_22,panelist,med,1,0,0,0,4.1,1,-0.2,3.9
05,3,23,05_23,reviewer,low,0,0,1,0,4.1,1,-0.2,3.9
05,3,24,05_24,panelist,none,1,0,0,1,4.1,1,0.3,4.4
05,4,01,05_01,panelist,low,1,0,1,0,3.8,0,0,3.8
05,4,02,05_02,panelist,high,1,1,0,0,3.8,0,0,3.8
05,4,03,05_03,panelist,high,1,1,0,0,3.8,1,0.1,3.9
05,4,04,05_04,panelist,med,1,0,0,0,3.8,0,0,3.8
05,4,05,05_05,panelist,med,1,0,0,0,3.8,0,0,3.8
05,4,06,05_06,panelist,none,1,0,0,1,3.8,1,-0.1,3.7
05,4,07,05_07,panelist,high,1,1,0,0,3.8,0,0,3.8
05,4,08,05_08,reviewer,high,0,1,0,0,3.8,0,0,3.8
05,4,09,05_09,panelist,none,1,0,0,1,3.8,1,0.2,4
05,4,10,05_10,panelist,med,1,0,0,0,3.8,1,-0.2,3.6
05,4,11,05_11,panelist,med,1,0,0,0,3.8,0,0,3.8
05,4,12,05_12,panelist,med,1,0,0,0,3.8,0,0,3.8
05,4,13,05_13,panelist,low,1,0,1,0,3.8,0,0,3.8
05,4,14,05_14,panelist,med,1,0,0,0,3.8,0,0,3.8
05,4,15,05_15,panelist,none,1,0,0,1,3.8,0,0,3.8
05,4,16,05_16,reviewer,med,0,0,0,0,3.8,0,0,3.8
05,4,17,05_17,panelist,high,1,1,0,0,3.8,0,0,3.8
05,4,18,05_18,reviewer,low,0,0,1,0,3.8,1,0.1,3.9
05,4,19,05_19,panelist,med,1,0,0,0,3.8,0,0,3.8
05,4,20,05_20,panelist,low,1,0,1,0,3.8,1,0.1,3.9
05,4,21,05_21,panelist,med,1,0,0,0,3.8,0,0,3.8
05,4,22,05_22,panelist,med,1,0,0,0,3.8,0,0,3.8
05,4,23,05_23,panelist,high,1,1,0,0,3.8,0,0,3.8
05,4,24,05_24,panelist,none,1,0,0,1,3.8,1,-0.2,3.6
05,5,01,05_01,panelist,low,1,0,1,0,3.7,1,-0.2,3.5
05,5,02,05_02,panelist,med,1,0,0,0,3.7,0,0,3.7
05,5,03,05_03,panelist,med,1,0,0,0,3.7,1,0.2,3.9
05,5,04,05_04,panelist,high,1,1,0,0,3.7,0,0,3.7
05,5,05,05_05,panelist,med,1,0,0,0,3.7,0,0,3.7
05,5,06,05_06,panelist,none,1,0,0,1,3.7,1,0.1,3.8
05,5,07,05_07,panelist,med,1,0,0,0,3.7,1,-0.3,3.5
05,5,08,05_08,panelist,med,1,0,0,0,3.7,0,0,3.7
05,5,09,05_09,reviewer,high,0,1,0,0,3.7,0,0,3.7
05,5,10,05_10,panelist,med,1,0,0,0,3.7,0,0,3.7
05,5,11,05_11,panelist,med,1,0,0,0,3.7,0,0,3.7
05,5,12,05_12,reviewer,high,0,1,0,0,3.7,0,0,3.7
05,5,13,05_13,panelist,med,1,0,0,0,3.7,1,-0.1,3.6
05,5,14,05_14,panelist,med,1,0,0,0,3.7,1,-0.1,3.6
05,5,15,05_15,panelist,high,1,1,0,0,3.7,0,0,3.7
05,5,16,05_16,reviewer,none,0,0,0,1,3.7,0,0,3.7
05,5,17,05_17,panelist,low,1,0,1,0,3.7,0,0,3.7
05,5,18,05_18,panelist,low,1,0,1,0,3.7,1,-0.1,3.6
05,5,19,05_19,panelist,none,1,0,0,1,3.7,0,0,3.7
05,5,20,05_20,panelist,high,1,1,0,0,3.7,0,0,3.7
05,5,21,05_21,panelist,low,1,0,1,0,3.7,0,0,3.7
05,5,22,05_22,panelist,med,1,0,0,0,3.7,0,0,3.7
05,5,23,05_23,panelist,high,1,1,0,0,3.7,0,0,3.7
05,5,24,05_24,panelist,none,1,0,0,1,3.7,0,0,3.7
05,6,01,05_01,reviewer,med,0,0,0,0,3.5,0,0,3.5
05,6,02,05_02,panelist,med,1,0,0,0,3.5,0,0,3.5
05,6,03,05_03,panelist,low,1,0,1,0,3.5,0,0,3.5
05,6,04,05_04,panelist,med,1,0,0,0,3.5,0,0,3.5
05,6,05,05_05,panelist,med,1,0,0,0,3.5,0,0,3.5
05,6,06,05_06,panelist,low,1,0,1,0,3.5,1,0.2,3.7
05,6,07,05_07,panelist,none,1,0,0,1,3.5,1,0.3,3.8
05,6,08,05_08,panelist,high,1,1,0,0,3.5,0,0,3.5
05,6,09,05_09,panelist,high,1,1,0,0,3.5,0,0,3.5
05,6,10,05_10,reviewer,med,0,0,0,0,3.5,0,0,3.5
05,6,11,05_11,panelist,high,1,1,0,0,3.5,0,0,3.5
05,6,12,05_12,panelist,none,1,0,0,1,3.5,0,0,3.5
05,6,13,05_13,panelist,none,1,0,0,1,3.5,0,0,3.5
05,6,14,05_14,panelist,med,1,0,0,0,3.5,1,-0.2,3.5
05,6,15,05_15,panelist,low,1,0,1,0,3.5,1,-0.1,3.5
05,6,16,05_16,panelist,high,1,1,0,0,3.5,0,0,3.5
05,6,17,05_17,panelist,med,1,0,0,0,3.5,0,0,3.5
05,6,18,05_18,panelist,low,1,0,1,0,3.5,1,0.1,3.6
05,6,19,05_19,panelist,none,1,0,0,1,3.5,0,0,3.5
05,6,20,05_20,panelist,high,1,1,0,0,3.5,0,0,3.5
05,6,21,05_21,panelist,high,1,1,0,0,3.5,1,-0.3,3.5
05,6,22,05_22,panelist,med,1,0,0,0,3.5,0,0,3.5
05,6,23,05_23,panelist,med,1,0,0,0,3.5,1,0.1,3.6
05,6,24,05_24,reviewer,med,0,0,0,0,3.5,1,-0.3,3.5
05,7,01,05_01,panelist,med,1,0,0,0,3.9,0,0,3.9
05,7,02,05_02,panelist,none,1,0,0,1,3.9,1,-0.1,3.8
05,7,03,05_03,panelist,none,1,0,0,1,3.9,0,0,3.9
05,7,04,05_04,panelist,high,1,1,0,0,3.9,0,0,3.9
05,7,05,05_05,panelist,med,1,0,0,0,3.9,0,0,3.9
05,7,06,05_06,panelist,none,1,0,0,1,3.9,1,-0.2,3.7
05,7,07,05_07,panelist,high,1,1,0,0,3.9,1,-0.3,3.6
05,7,08,05_08,reviewer,med,0,0,0,0,3.9,1,-0.1,3.8
05,7,09,05_09,panelist,low,1,0,1,0,3.9,1,0.2,4.1
05,7,10,05_10,panelist,none,1,0,0,1,3.9,0,0,3.9
05,7,11,05_11,panelist,med,1,0,0,0,3.9,0,0,3.9
05,7,12,05_12,panelist,high,1,1,0,0,3.9,0,0,3.9
05,7,13,05_13,panelist,med,1,0,0,0,3.9,0,0,3.9
05,7,14,05_14,panelist,low,1,0,1,0,3.9,0,0,3.9
05,7,15,05_15,panelist,low,1,0,1,0,3.9,1,0.1,4
05,7,16,05_16,panelist,med,1,0,0,0,3.9,0,0,3.9
05,7,17,05_17,panelist,med,1,0,0,0,3.9,1,0.1,4
05,7,18,05_18,reviewer,med,0,0,0,0,3.9,0,0,3.9
05,7,19,05_19,panelist,med,1,0,0,0,3.9,1,-0.1,3.8
05,7,20,05_20,panelist,high,1,1,0,0,3.9,0,0,3.9
05,7,21,05_21,reviewer,low,0,0,1,0,3.9,0,0,3.9
05,7,22,05_22,panelist,high,1,1,0,0,3.9,0,0,3.9
05,7,23,05_23,panelist,high,1,1,0,0,3.9,0,0,3.9
05,7,24,05_24,panelist,med,1,0,0,0,3.9,0,0,3.9
05,8,01,05_01,panelist,med,1,0,0,0,3.5,0,0,3.5
05,8,02,05_02,panelist,high,1,1,0,0,3.5,0,0,3.5
05,8,03,05_03,panelist,med,1,0,0,0,3.5,0,0,3.5
05,8,04,05_04,reviewer,med,0,0,0,0,3.5,0,0,3.5
05,8,05,05_05,panelist,low,1,0,1,0,3.5,1,0.3,3.8
05,8,06,05_06,panelist,med,1,0,0,0,3.5,1,0.2,3.7
05,8,07,05_07,panelist,high,1,1,0,0,3.5,0,0,3.5
05,8,08,05_08,panelist,high,1,1,0,0,3.5,1,-0.3,3.5
05,8,09,05_09,panelist,med,1,0,0,0,3.5,0,0,3.5
05,8,10,05_10,panelist,med,1,0,0,0,3.5,0,0,3.5
05,8,11,05_11,panelist,high,1,1,0,0,3.5,0,0,3.5
05,8,12,05_12,reviewer,med,0,0,0,0,3.5,0,0,3.5
05,8,13,05_13,panelist,none,1,0,0,1,3.5,1,0.1,3.6
05,8,14,05_14,panelist,high,1,1,0,0,3.5,1,0.1,3.6
05,8,15,05_15,panelist,med,1,0,0,0,3.5,1,0.2,3.7
05,8,16,05_16,reviewer,med,0,0,0,0,3.5,0,0,3.5
05,8,17,05_17,panelist,med,1,0,0,0,3.5,0,0,3.5
05,8,18,05_18,panelist,none,1,0,0,1,3.5,1,-0.1,3.5
05,8,19,05_19,panelist,none,1,0,0,1,3.5,1,-0.1,3.5
05,8,20,05_20,panelist,low,1,0,1,0,3.5,1,-0.1,3.5
05,8,21,05_21,panelist,high,1,1,0,0,3.5,0,0,3.5
05,8,22,05_22,panelist,low,1,0,1,0,3.5,1,-0.2,3.5
05,8,23,05_23,panelist,none,1,0,0,1,3.5,1,0.2,3.7
05,8,24,05_24,panelist,low,1,0,1,0,3.5,1,0.2,3.7
05,9,01,05_01,panelist,med,1,0,0,0,4.2,1,-0.1,4.1
05,9,02,05_02,reviewer,none,0,0,0,1,4.2,0,0,4.2
05,9,03,05_03,panelist,none,1,0,0,1,4.2,0,0,4.2
05,9,04,05_04,panelist,high,1,1,0,0,4.2,1,0.1,4.3
05,9,05,05_05,panelist,med,1,0,0,0,4.2,1,-0.1,4.1
05,9,06,05_06,panelist,high,1,1,0,0,4.2,0,0,4.2
05,9,07,05_07,reviewer,med,0,0,0,0,4.2,0,0,4.2
05,9,08,05_08,panelist,med,1,0,0,0,4.2,1,-0.2,4
05,9,09,05_09,panelist,high,1,1,0,0,4.2,0,0,4.2
05,9,10,05_10,panelist,med,1,0,0,0,4.2,0,0,4.2
05,9,11,05_11,panelist,med,1,0,0,0,4.2,1,-0.1,4.1
05,9,12,05_12,panelist,med,1,0,0,0,4.2,0,0,4.2
05,9,13,05_13,panelist,low,1,0,1,0,4.2,0,0,4.2
05,9,14,05_14,panelist,high,1,1,0,0,4.2,1,0.1,4.3
05,9,15,05_15,panelist,low,1,0,1,0,4.2,0,0,4.2
05,9,16,05_16,panelist,low,1,0,1,0,4.2,0,0,4.2
05,9,17,05_17,panelist,med,1,0,0,0,4.2,0,0,4.2
05,9,18,05_18,panelist,med,1,0,0,0,4.2,0,0,4.2
05,9,19,05_19,reviewer,none,0,0,0,1,4.2,0,0,4.2
05,9,20,05_20,panelist,high,1,1,0,0,4.2,0,0,4.2
05,9,21,05_21,panelist,low,1,0,1,0,4.2,0,0,4.2
05,9,22,05_22,panelist,none,1,0,0,1,4.2,1,0.2,4.4
05,9,23,05_23,panelist,med,1,0,0,0,4.2,1,0.1,4.3
05,9,24,05_24,panelist,high,1,1,0,0,4.2,1,0.1,4.3
05,10,01,05_01,panelist,med,1,0,0,0,4.5,0,0,4.5
05,10,02,05_02,panelist,low,1,0,1,0,4.5,1,0.1,4.6
05,10,03,05_03,reviewer,med,0,0,0,0,4.5,0,0,4.5
05,10,04,05_04,panelist,high,1,1,0,0,4.5,0,0,4.5
05,10,05,05_05,panelist,med,1,0,0,0,4.5,0,0,4.5
05,10,06,05_06,panelist,none,1,0,0,1,4.5,0,0,4.5
05,10,07,05_07,panelist,high,1,1,0,0,4.5,1,0.3,4.8
05,10,08,05_08,panelist,low,1,0,1,0,4.5,0,0,4.5
05,10,09,05_09,panelist,low,1,0,1,0,4.5,1,0.2,4.7
05,10,10,05_10,reviewer,med,0,0,0,0,4.5,0,0,4.5
05,10,11,05_11,panelist,med,1,0,0,0,4.5,0,0,4.5
05,10,12,05_12,panelist,low,1,0,1,0,4.5,0,0,4.5
05,10,13,05_13,panelist,med,1,0,0,0,4.5,1,0.2,4.7
05,10,14,05_14,panelist,med,1,0,0,0,4.5,1,0.1,4.6
05,10,15,05_15,panelist,high,1,1,0,0,4.5,1,-0.2,4.3
05,10,16,05_16,panelist,none,1,0,0,1,4.5,1,-0.1,4.4
05,10,17,05_17,panelist,none,1,0,0,1,4.5,1,-0.1,4.4
05,10,18,05_18,panelist,none,1,0,0,1,4.5,1,0.2,4.7
05,10,19,05_19,panelist,med,1,0,0,0,4.5,0,0,4.5
05,10,20,05_20,reviewer,high,0,1,0,0,4.5,0,0,4.5
05,10,21,05_21,panelist,med,1,0,0,0,4.5,0,0,4.5
05,10,22,05_22,panelist,med,1,0,0,0,4.5,1,-0.1,4.4
05,10,23,05_23,panelist,high,1,1,0,0,4.5,0,0,4.5
05,10,24,05_24,panelist,high,1,1,0,0,4.5,1,-0.1,4.4
05,11,01,05_01,panelist,med,1,0,0,0,4.2,0,0,4.2
05,11,02,05_02,reviewer,low,0,0,1,0,4.2,1,-0.2,4
05,11,03,05_03,panelist,none,1,0,0,1,4.2,1,0.2,4.4
05,11,04,05_04,panelist,none,1,0,0,1,4.2,0,0,4.2
05,11,05,05_05,panelist,high,1,1,0,0,4.2,0,0,4.2
05,11,06,05_06,panelist,high,1,1,0,0,4.2,1,-0.2,4
05,11,07,05_07,panelist,none,1,0,0,1,4.2,0,0,4.2
05,11,08,05_08,panelist,med,1,0,0,0,4.2,1,0.1,4.3
05,11,09,05_09,panelist,none,1,0,0,1,4.2,0,0,4.2
05,11,10,05_10,panelist,low,1,0,1,0,4.2,0,0,4.2
05,11,11,05_11,panelist,med,1,0,0,0,4.2,0,0,4.2
05,11,12,05_12,panelist,high,1,1,0,0,4.2,0,0,4.2
05,11,13,05_13,panelist,med,1,0,0,0,4.2,1,-0.1,4.1
05,11,14,05_14,panelist,high,1,1,0,0,4.2,0,0,4.2
05,11,15,05_15,reviewer,med,0,0,0,0,4.2,0,0,4.2
05,11,16,05_16,panelist,high,1,1,0,0,4.2,1,-0.2,4
05,11,17,05_17,panelist,med,1,0,0,0,4.2,0,0,4.2
05,11,18,05_18,panelist,med,1,0,0,0,4.2,0,0,4.2
05,11,19,05_19,panelist,med,1,0,0,0,4.2,0,0,4.2
05,11,20,05_20,panelist,low,1,0,1,0,4.2,0,0,4.2
05,11,21,05_21,panelist,med,1,0,0,0,4.2,1,-0.1,4.1
05,11,22,05_22,panelist,med,1,0,0,0,4.2,0,0,4.2
05,11,23,05_23,panelist,low,1,0,1,0,4.2,1,0.2,4.4
05,11,24,05_24,reviewer,high,0,1,0,0,4.2,0,0,4.2
05,12,01,05_01,panelist,high,1,1,0,0,4.8,0,0,4.8
05,12,02,05_02,panelist,med,1,0,0,0,4.8,0,0,4.8
05,12,03,05_03,panelist,med,1,0,0,0,4.8,1,0.1,4.9
05,12,04,05_04,reviewer,med,0,0,0,0,4.8,1,-0.1,4.7
05,12,05,05_05,panelist,med,1,0,0,0,4.8,1,-0.1,4.7
05,12,06,05_06,reviewer,low,0,0,1,0,4.8,0,0,4.8
05,12,07,05_07,panelist,high,1,1,0,0,4.8,0,0,4.8
05,12,08,05_08,panelist,low,1,0,1,0,4.8,1,-0.1,4.7
05,12,09,05_09,panelist,none,1,0,0,1,4.8,0,0,4.8
05,12,10,05_10,panelist,med,1,0,0,0,4.8,1,0.1,4.9
05,12,11,05_11,panelist,med,1,0,0,0,4.8,1,-0.1,4.7
05,12,12,05_12,panelist,high,1,1,0,0,4.8,0,0,4.8
05,12,13,05_13,panelist,high,1,1,0,0,4.8,0,0,4.8
05,12,14,05_14,reviewer,high,0,1,0,0,4.8,1,0.1,4.9
05,12,15,05_15,panelist,none,1,0,0,1,4.8,1,0.1,4.9
05,12,16,05_16,panelist,med,1,0,0,0,4.8,0,0,4.8
05,12,17,05_17,panelist,med,1,0,0,0,4.8,0,0,4.8
05,12,18,05_18,panelist,none,1,0,0,1,4.8,0,0,4.8
05,12,19,05_19,panelist,low,1,0,1,0,4.8,0,0,4.8
05,12,20,05_20,panelist,high,1,1,0,0,4.8,0,0,4.8
05,12,21,05_21,panelist,med,1,0,0,0,4.8,1,0.1,4.9
05,12,22,05_22,panelist,low,1,0,1,0,4.8,1,0.1,4.9
05,12,23,05_23,panelist,med,1,0,0,0,4.8,0,0,4.8
05,12,24,05_24,panelist,none,1,0,0,1,4.8,1,-0.1,4.7
05,13,01,05_01,panelist,low,1,0,1,0,4.6,0,0,4.6
05,13,02,05_02,panelist,med,1,0,0,0,4.6,0,0,4.6
05,13,03,05_03,panelist,high,1,1,0,0,4.6,0,0,4.6
05,13,04,05_04,panelist,high,1,1,0,0,4.6,0,0,4.6
05,13,05,05_05,reviewer,none,0,0,0,1,4.6,0,0,4.6
05,13,06,05_06,panelist,none,1,0,0,1,4.6,0,0,4.6
05,13,07,05_07,panelist,med,1,0,0,0,4.6,1,0.1,4.7
05,13,08,05_08,panelist,low,1,0,1,0,4.6,1,0.1,4.7
05,13,09,05_09,panelist,med,1,0,0,0,4.6,1,0.1,4.7
05,13,10,05_10,panelist,high,1,1,0,0,4.6,0,0,4.6
05,13,11,05_11,panelist,med,1,0,0,0,4.6,1,-0.2,4.4
05,13,12,05_12,reviewer,high,0,1,0,0,4.6,0,0,4.6
05,13,13,05_13,reviewer,none,0,0,0,1,4.6,0,0,4.6
05,13,14,05_14,panelist,med,1,0,0,0,4.6,0,0,4.6
05,13,15,05_15,panelist,med,1,0,0,0,4.6,0,0,4.6
05,13,16,05_16,panelist,med,1,0,0,0,4.6,0,0,4.6
05,13,17,05_17,panelist,med,1,0,0,0,4.6,0,0,4.6
05,13,18,05_18,panelist,high,1,1,0,0,4.6,1,-0.1,4.5
05,13,19,05_19,panelist,med,1,0,0,0,4.6,0,0,4.6
05,13,20,05_20,panelist,none,1,0,0,1,4.6,1,-0.3,4.3
05,13,21,05_21,panelist,med,1,0,0,0,4.6,0,0,4.6
05,13,22,05_22,panelist,low,1,0,1,0,4.6,1,0.1,4.7
05,13,23,05_23,panelist,low,1,0,1,0,4.6,0,0,4.6
05,13,24,05_24,panelist,high,1,1,0,0,4.6,1,-0.1,4.5
05,14,01,05_01,reviewer,med,0,0,0,0,3.5,1,0.1,3.6
05,14,02,05_02,panelist,none,1,0,0,1,3.5,0,0,3.5
05,14,03,05_03,panelist,high,1,1,0,0,3.5,1,-0.1,3.5
05,14,04,05_04,panelist,med,1,0,0,0,3.5,0,0,3.5
05,14,05,05_05,panelist,low,1,0,1,0,3.5,1,-0.1,3.5
05,14,06,05_06,panelist,med,1,0,0,0,3.5,0,0,3.5
05,14,07,05_07,panelist,high,1,1,0,0,3.5,1,-0.1,3.5
05,14,08,05_08,panelist,none,1,0,0,1,3.5,1,0.1,3.6
05,14,09,05_09,panelist,none,1,0,0,1,3.5,0,0,3.5
05,14,10,05_10,panelist,med,1,0,0,0,3.5,0,0,3.5
05,14,11,05_11,reviewer,med,0,0,0,0,3.5,0,0,3.5
05,14,12,05_12,reviewer,high,0,1,0,0,3.5,0,0,3.5
05,14,13,05_13,panelist,low,1,0,1,0,3.5,0,0,3.5
05,14,14,05_14,panelist,high,1,1,0,0,3.5,0,0,3.5
05,14,15,05_15,panelist,med,1,0,0,0,3.5,0,0,3.5
05,14,16,05_16,panelist,none,1,0,0,1,3.5,0,0,3.5
05,14,17,05_17,panelist,high,1,1,0,0,3.5,0,0,3.5
05,14,18,05_18,panelist,low,1,0,1,0,3.5,0,0,3.5
05,14,19,05_19,panelist,high,1,1,0,0,3.5,1,0.1,3.6
05,14,20,05_20,panelist,med,1,0,0,0,3.5,0,0,3.5
05,14,21,05_21,panelist,med,1,0,0,0,3.5,1,0.3,3.8
05,14,22,05_22,panelist,low,1,0,1,0,3.5,0,0,3.5
05,14,23,05_23,panelist,med,1,0,0,0,3.5,0,0,3.5
05,14,24,05_24,panelist,med,1,0,0,0,3.5,0,0,3.5
05,15,01,05_01,panelist,high,1,1,0,0,4.3,0,0,4.3
05,15,02,05_02,panelist,high,1,1,0,0,4.3,0,0,4.3
05,15,03,05_03,reviewer,high,0,1,0,0,4.3,0,0,4.3
05,15,04,05_04,panelist,none,1,0,0,1,4.3,1,0.2,4.5
05,15,05,05_05,panelist,med,1,0,0,0,4.3,1,0.2,4.5
05,15,06,05_06,panelist,med,1,0,0,0,4.3,0,0,4.3
05,15,07,05_07,panelist,med,1,0,0,0,4.3,0,0,4.3
05,15,08,05_08,panelist,none,1,0,0,1,4.3,1,0.1,4.4
05,15,09,05_09,panelist,high,1,1,0,0,4.3,0,0,4.3
05,15,10,05_10,panelist,low,1,0,1,0,4.3,1,0.1,4.4
05,15,11,05_11,panelist,med,1,0,0,0,4.3,1,0.2,4.5
05,15,12,05_12,panelist,med,1,0,0,0,4.3,1,-0.2,4.1
05,15,13,05_13,reviewer,med,0,0,0,0,4.3,0,0,4.3
05,15,14,05_14,panelist,med,1,0,0,0,4.3,0,0,4.3
05,15,15,05_15,panelist,high,1,1,0,0,4.3,0,0,4.3
05,15,16,05_16,panelist,low,1,0,1,0,4.3,0,0,4.3
05,15,17,05_17,panelist,none,1,0,0,1,4.3,1,-0.2,4.1
05,15,18,05_18,panelist,med,1,0,0,0,4.3,0,0,4.3
05,15,19,05_19,panelist,med,1,0,0,0,4.3,1,-0.2,4.1
05,15,20,05_20,panelist,none,1,0,0,1,4.3,0,0,4.3
05,15,21,05_21,panelist,low,1,0,1,0,4.3,1,-0.1,4.2
05,15,22,05_22,panelist,high,1,1,0,0,4.3,0,0,4.3
05,15,23,05_23,reviewer,low,0,0,1,0,4.3,1,-0.1,4.2
05,15,24,05_24,panelist,med,1,0,0,0,4.3,0,0,4.3
06,1,01,06_01,panelist,low,1,0,1,0,3.6,1,0.1,3.7
06,1,02,06_02,panelist,none,1,0,0,1,3.6,1,-0.2,3.5
06,1,03,06_03,panelist,high,1,1,0,0,3.6,0,0,3.6
06,1,04,06_04,panelist,med,1,0,0,0,3.6,0,0,3.6
06,1,05,06_05,panelist,high,1,1,0,0,3.6,0,0,3.6
06,1,06,06_06,reviewer,low,0,0,1,0,3.6,0,0,3.6
06,1,07,06_07,panelist,med,1,0,0,0,3.6,1,0.1,3.7
06,1,08,06_08,panelist,high,1,1,0,0,3.6,0,0,3.6
06,1,09,06_09,panelist,none,1,0,0,1,3.6,0,0,3.6
06,1,10,06_10,panelist,none,1,0,0,1,3.6,1,0.1,3.7
06,1,11,06_11,panelist,med,1,0,0,0,3.6,0,0,3.6
06,1,12,06_12,panelist,high,1,1,0,0,3.6,1,-0.1,3.5
06,1,13,06_13,panelist,med,1,0,0,0,3.6,0,0,3.6
06,1,14,06_14,panelist,med,1,0,0,0,3.6,0,0,3.6
06,1,15,06_15,panelist,low,1,0,1,0,3.6,0,0,3.6
06,1,16,06_16,panelist,med,1,0,0,0,3.6,1,0.1,3.7
06,1,17,06_17,panelist,med,1,0,0,0,3.6,1,-0.4,3.5
06,1,18,06_18,panelist,none,1,0,0,1,3.6,0,0,3.6
06,1,19,06_19,reviewer,low,0,0,1,0,3.6,1,-0.3,3.5
06,1,20,06_20,reviewer,med,0,0,0,0,3.6,0,0,3.6
06,1,21,06_21,panelist,high,1,1,0,0,3.6,0,0,3.6
06,1,22,06_22,panelist,high,1,1,0,0,3.6,0,0,3.6
06,1,23,06_23,panelist,med,1,0,0,0,3.6,0,0,3.6
06,1,24,06_24,panelist,med,1,0,0,0,3.6,0,0,3.6
06,2,01,06_01,panelist,low,1,0,1,0,4.2,0,0,4.2
06,2,02,06_02,panelist,low,1,0,1,0,4.2,1,0.1,4.3
06,2,03,06_03,panelist,none,1,0,0,1,4.2,1,0.2,4.4
06,2,04,06_04,panelist,med,1,0,0,0,4.2,1,-0.2,4
06,2,05,06_05,panelist,high,1,1,0,0,4.2,1,-0.1,4.1
06,2,06,06_06,reviewer,med,0,0,0,0,4.2,1,-0.2,4
06,2,07,06_07,panelist,none,1,0,0,1,4.2,1,-0.1,4.1
06,2,08,06_08,panelist,med,1,0,0,0,4.2,0,0,4.2
06,2,09,06_09,reviewer,med,0,0,0,0,4.2,1,-0.1,4.1
06,2,10,06_10,panelist,low,1,0,1,0,4.2,1,0.2,4.4
06,2,11,06_11,panelist,none,1,0,0,1,4.2,1,-0.2,4
06,2,12,06_12,panelist,med,1,0,0,0,4.2,0,0,4.2
06,2,13,06_13,panelist,high,1,1,0,0,4.2,1,0.1,4.3
06,2,14,06_14,panelist,none,1,0,0,1,4.2,0,0,4.2
06,2,15,06_15,panelist,high,1,1,0,0,4.2,1,0.1,4.3
06,2,16,06_16,panelist,med,1,0,0,0,4.2,1,0.1,4.3
06,2,17,06_17,panelist,low,1,0,1,0,4.2,0,0,4.2
06,2,18,06_18,panelist,med,1,0,0,0,4.2,0,0,4.2
06,2,19,06_19,panelist,med,1,0,0,0,4.2,1,-0.2,4
06,2,20,06_20,reviewer,high,0,1,0,0,4.2,0,0,4.2
06,2,21,06_21,panelist,high,1,1,0,0,4.2,0,0,4.2
06,2,22,06_22,panelist,med,1,0,0,0,4.2,0,0,4.2
06,2,23,06_23,panelist,high,1,1,0,0,4.2,0,0,4.2
06,2,24,06_24,panelist,med,1,0,0,0,4.2,1,-0.2,4
06,3,01,06_01,panelist,none,1,0,0,1,4.1,0,0,4.1
06,3,02,06_02,panelist,med,1,0,0,0,4.1,1,0.3,4.4
06,3,03,06_03,panelist,med,1,0,0,0,4.1,0,0,4.1
06,3,04,06_04,panelist,high,1,1,0,0,4.1,0,0,4.1
06,3,05,06_05,reviewer,high,0,1,0,0,4.1,0,0,4.1
06,3,06,06_06,panelist,med,1,0,0,0,4.1,0,0,4.1
06,3,07,06_07,panelist,high,1,1,0,0,4.1,0,0,4.1
06,3,08,06_08,panelist,high,1,1,0,0,4.1,1,0.1,4.2
06,3,09,06_09,panelist,med,1,0,0,0,4.1,0,0,4.1
06,3,10,06_10,panelist,none,1,0,0,1,4.1,0,0,4.1
06,3,11,06_11,panelist,low,1,0,1,0,4.1,0,0,4.1
06,3,12,06_12,panelist,high,1,1,0,0,4.1,0,0,4.1
06,3,13,06_13,panelist,none,1,0,0,1,4.1,1,-0.1,4
06,3,14,06_14,panelist,med,1,0,0,0,4.1,1,0.1,4.2
06,3,15,06_15,reviewer,med,0,0,0,0,4.1,1,0.2,4.3
06,3,16,06_16,reviewer,none,0,0,0,1,4.1,1,0.2,4.3
06,3,17,06_17,panelist,med,1,0,0,0,4.1,1,-0.2,3.9
06,3,18,06_18,panelist,med,1,0,0,0,4.1,1,0.1,4.2
06,3,19,06_19,panelist,low,1,0,1,0,4.1,1,-0.1,4
06,3,20,06_20,panelist,med,1,0,0,0,4.1,0,0,4.1
06,3,21,06_21,panelist,med,1,0,0,0,4.1,1,-0.1,4
06,3,22,06_22,panelist,high,1,1,0,0,4.1,1,0.2,4.3
06,3,23,06_23,panelist,low,1,0,1,0,4.1,1,-0.1,4
06,3,24,06_24,panelist,low,1,0,1,0,4.1,1,-0.1,4
06,4,01,06_01,panelist,none,1,0,0,1,3.8,0,0,3.8
06,4,02,06_02,panelist,med,1,0,0,0,3.8,0,0,3.8
06,4,03,06_03,panelist,high,1,1,0,0,3.8,0,0,3.8
06,4,04,06_04,panelist,med,1,0,0,0,3.8,1,-0.1,3.7
06,4,05,06_05,reviewer,med,0,0,0,0,3.8,0,0,3.8
06,4,06,06_06,panelist,med,1,0,0,0,3.8,0,0,3.8
06,4,07,06_07,panelist,none,1,0,0,1,3.8,0,0,3.8
06,4,08,06_08,panelist,med,1,0,0,0,3.8,1,-0.1,3.7
06,4,09,06_09,panelist,med,1,0,0,0,3.8,0,0,3.8
06,4,10,06_10,panelist,high,1,1,0,0,3.8,0,0,3.8
06,4,11,06_11,panelist,high,1,1,0,0,3.8,0,0,3.8
06,4,12,06_12,panelist,low,1,0,1,0,3.8,1,0.1,3.9
06,4,13,06_13,panelist,med,1,0,0,0,3.8,1,-0.2,3.6
06,4,14,06_14,panelist,none,1,0,0,1,3.8,0,0,3.8
06,4,15,06_15,panelist,med,1,0,0,0,3.8,0,0,3.8
06,4,16,06_16,panelist,med,1,0,0,0,3.8,0,0,3.8
06,4,17,06_17,panelist,low,1,0,1,0,3.8,1,-0.1,3.7
06,4,18,06_18,reviewer,med,0,0,0,0,3.8,1,0.1,3.9
06,4,19,06_19,panelist,high,1,1,0,0,3.8,0,0,3.8
06,4,20,06_20,panelist,high,1,1,0,0,3.8,0,0,3.8
06,4,21,06_21,panelist,low,1,0,1,0,3.8,1,-0.2,3.6
06,4,22,06_22,reviewer,none,0,0,0,1,3.8,0,0,3.8
06,4,23,06_23,panelist,low,1,0,1,0,3.8,1,0.1,3.9
06,4,24,06_24,panelist,high,1,1,0,0,3.8,0,0,3.8
06,5,01,06_01,panelist,med,1,0,0,0,3.7,0,0,3.7
06,5,02,06_02,panelist,med,1,0,0,0,3.7,0,0,3.7
06,5,03,06_03,panelist,med,1,0,0,0,3.7,0,0,3.7
06,5,04,06_04,panelist,med,1,0,0,0,3.7,0,0,3.7
06,5,05,06_05,panelist,med,1,0,0,0,3.7,1,0.2,3.9
06,5,06,06_06,reviewer,med,0,0,0,0,3.7,0,0,3.7
06,5,07,06_07,reviewer,high,0,1,0,0,3.7,0,0,3.7
06,5,08,06_08,panelist,med,1,0,0,0,3.7,0,0,3.7
06,5,09,06_09,panelist,med,1,0,0,0,3.7,0,0,3.7
06,5,10,06_10,reviewer,high,0,1,0,0,3.7,0,0,3.7
06,5,11,06_11,panelist,med,1,0,0,0,3.7,0,0,3.7
06,5,12,06_12,panelist,high,1,1,0,0,3.7,0,0,3.7
06,5,13,06_13,panelist,low,1,0,1,0,3.7,1,0.1,3.8
06,5,14,06_14,panelist,none,1,0,0,1,3.7,1,-0.1,3.6
06,5,15,06_15,panelist,low,1,0,1,0,3.7,0,0,3.7
06,5,16,06_16,panelist,none,1,0,0,1,3.7,0,0,3.7
06,5,17,06_17,panelist,high,1,1,0,0,3.7,0,0,3.7
06,5,18,06_18,panelist,low,1,0,1,0,3.7,0,0,3.7
06,5,19,06_19,panelist,med,1,0,0,0,3.7,1,-0.1,3.6
06,5,20,06_20,panelist,low,1,0,1,0,3.7,0,0,3.7
06,5,21,06_21,panelist,high,1,1,0,0,3.7,0,0,3.7
06,5,22,06_22,panelist,none,1,0,0,1,3.7,0,0,3.7
06,5,23,06_23,panelist,none,1,0,0,1,3.7,1,0.1,3.8
06,5,24,06_24,panelist,high,1,1,0,0,3.7,0,0,3.7
06,6,01,06_01,reviewer,med,0,0,0,0,3.5,0,0,3.5
06,6,02,06_02,panelist,high,1,1,0,0,3.5,1,-0.1,3.5
06,6,03,06_03,panelist,med,1,0,0,0,3.5,0,0,3.5
06,6,04,06_04,panelist,low,1,0,1,0,3.5,1,0.2,3.7
06,6,05,06_05,panelist,none,1,0,0,1,3.5,1,-0.1,3.5
06,6,06,06_06,reviewer,none,0,0,0,1,3.5,0,0,3.5
06,6,07,06_07,panelist,none,1,0,0,1,3.5,1,-0.1,3.5
06,6,08,06_08,panelist,high,1,1,0,0,3.5,0,0,3.5
06,6,09,06_09,panelist,low,1,0,1,0,3.5,0,0,3.5
06,6,10,06_10,panelist,med,1,0,0,0,3.5,1,0.1,3.6
06,6,11,06_11,panelist,high,1,1,0,0,3.5,1,0.2,3.7
06,6,12,06_12,panelist,low,1,0,1,0,3.5,0,0,3.5
06,6,13,06_13,panelist,low,1,0,1,0,3.5,1,-0.3,3.5
06,6,14,06_14,panelist,high,1,1,0,0,3.5,0,0,3.5
06,6,15,06_15,panelist,high,1,1,0,0,3.5,1,0.2,3.7
06,6,16,06_16,panelist,none,1,0,0,1,3.5,1,0.2,3.7
06,6,17,06_17,panelist,med,1,0,0,0,3.5,0,0,3.5
06,6,18,06_18,panelist,med,1,0,0,0,3.5,0,0,3.5
06,6,19,06_19,panelist,med,1,0,0,0,3.5,0,0,3.5
06,6,20,06_20,panelist,med,1,0,0,0,3.5,0,0,3.5
06,6,21,06_21,panelist,med,1,0,0,0,3.5,1,-0.2,3.5
06,6,22,06_22,panelist,high,1,1,0,0,3.5,0,0,3.5
06,6,23,06_23,reviewer,med,0,0,0,0,3.5,1,-0.1,3.5
06,6,24,06_24,panelist,med,1,0,0,0,3.5,0,0,3.5
06,7,01,06_01,reviewer,high,0,1,0,0,3.9,0,0,3.9
06,7,02,06_02,panelist,none,1,0,0,1,3.9,1,-0.1,3.8
06,7,03,06_03,panelist,none,1,0,0,1,3.9,0,0,3.9
06,7,04,06_04,panelist,high,1,1,0,0,3.9,0,0,3.9
06,7,05,06_05,panelist,none,1,0,0,1,3.9,0,0,3.9
06,7,06,06_06,panelist,low,1,0,1,0,3.9,1,-0.1,3.8
06,7,07,06_07,panelist,med,1,0,0,0,3.9,1,-0.1,3.8
06,7,08,06_08,panelist,high,1,1,0,0,3.9,0,0,3.9
06,7,09,06_09,panelist,low,1,0,1,0,3.9,0,0,3.9
06,7,10,06_10,panelist,high,1,1,0,0,3.9,0,0,3.9
06,7,11,06_11,panelist,low,1,0,1,0,3.9,0,0,3.9
06,7,12,06_12,panelist,med,1,0,0,0,3.9,0,0,3.9
06,7,13,06_13,panelist,med,1,0,0,0,3.9,1,-0.2,3.7
06,7,14,06_14,panelist,med,1,0,0,0,3.9,0,0,3.9
06,7,15,06_15,panelist,med,1,0,0,0,3.9,0,0,3.9
06,7,16,06_16,panelist,none,1,0,0,1,3.9,1,0.1,4
06,7,17,06_17,panelist,med,1,0,0,0,3.9,0,0,3.9
06,7,18,06_18,panelist,low,1,0,1,0,3.9,0,0,3.9
06,7,19,06_19,reviewer,med,0,0,0,0,3.9,1,-0.3,3.6
06,7,20,06_20,panelist,med,1,0,0,0,3.9,1,-0.3,3.6
06,7,21,06_21,panelist,med,1,0,0,0,3.9,0,0,3.9
06,7,22,06_22,panelist,high,1,1,0,0,3.9,0,0,3.9
06,7,23,06_23,reviewer,med,0,0,0,0,3.9,0,0,3.9
06,7,24,06_24,panelist,high,1,1,0,0,3.9,0,0,3.9
06,8,01,06_01,panelist,high,1,1,0,0,3.5,0,0,3.5
06,8,02,06_02,panelist,low,1,0,1,0,3.5,0,0,3.5
06,8,03,06_03,panelist,med,1,0,0,0,3.5,0,0,3.5
06,8,04,06_04,panelist,med,1,0,0,0,3.5,0,0,3.5
06,8,05,06_05,panelist,med,1,0,0,0,3.5,0,0,3.5
06,8,06,06_06,panelist,med,1,0,0,0,3.5,0,0,3.5
06,8,07,06_07,panelist,low,1,0,1,0,3.5,1,-0.1,3.5
06,8,08,06_08,panelist,med,1,0,0,0,3.5,0,0,3.5
06,8,09,06_09,reviewer,med,0,0,0,0,3.5,0,0,3.5
06,8,10,06_10,panelist,high,1,1,0,0,3.5,0,0,3.5
06,8,11,06_11,panelist,med,1,0,0,0,3.5,1,-0.1,3.5
06,8,12,06_12,reviewer,none,0,0,0,1,3.5,1,0.1,3.6
06,8,13,06_13,panelist,high,1,1,0,0,3.5,1,-0.1,3.5
06,8,14,06_14,panelist,none,1,0,0,1,3.5,0,0,3.5
06,8,15,06_15,panelist,high,1,1,0,0,3.5,0,0,3.5
06,8,16,06_16,panelist,low,1,0,1,0,3.5,0,0,3.5
06,8,17,06_17,reviewer,med,0,0,0,0,3.5,0,0,3.5
06,8,18,06_18,panelist,low,1,0,1,0,3.5,0,0,3.5
06,8,19,06_19,panelist,none,1,0,0,1,3.5,0,0,3.5
06,8,20,06_20,panelist,med,1,0,0,0,3.5,0,0,3.5
06,8,21,06_21,panelist,none,1,0,0,1,3.5,1,-0.2,3.5
06,8,22,06_22,panelist,med,1,0,0,0,3.5,1,0.1,3.6
06,8,23,06_23,panelist,high,1,1,0,0,3.5,0,0,3.5
06,8,24,06_24,panelist,high,1,1,0,0,3.5,0,0,3.5
06,9,01,06_01,panelist,med,1,0,0,0,4.2,1,0.1,4.3
06,9,02,06_02,panelist,low,1,0,1,0,4.2,0,0,4.2
06,9,03,06_03,panelist,high,1,1,0,0,4.2,0,0,4.2
06,9,04,06_04,reviewer,med,0,0,0,0,4.2,0,0,4.2
06,9,05,06_05,panelist,med,1,0,0,0,4.2,0,0,4.2
06,9,06,06_06,panelist,med,1,0,0,0,4.2,1,0.2,4.4
06,9,07,06_07,reviewer,none,0,0,0,1,4.2,0,0,4.2
06,9,08,06_08,panelist,med,1,0,0,0,4.2,0,0,4.2
06,9,09,06_09,panelist,med,1,0,0,0,4.2,1,-0.4,3.8
06,9,10,06_10,panelist,none,1,0,0,1,4.2,1,0.3,4.5
06,9,11,06_11,panelist,med,1,0,0,0,4.2,1,-0.1,4.1
06,9,12,06_12,reviewer,high,0,1,0,0,4.2,0,0,4.2
06,9,13,06_13,panelist,low,1,0,1,0,4.2,1,0.1,4.3
06,9,14,06_14,panelist,med,1,0,0,0,4.2,0,0,4.2
06,9,15,06_15,panelist,low,1,0,1,0,4.2,0,0,4.2
06,9,16,06_16,panelist,high,1,1,0,0,4.2,1,0.1,4.3
06,9,17,06_17,panelist,high,1,1,0,0,4.2,0,0,4.2
06,9,18,06_18,panelist,high,1,1,0,0,4.2,0,0,4.2
06,9,19,06_19,panelist,none,1,0,0,1,4.2,0,0,4.2
06,9,20,06_20,panelist,low,1,0,1,0,4.2,0,0,4.2
06,9,21,06_21,panelist,none,1,0,0,1,4.2,1,-0.3,3.9
06,9,22,06_22,panelist,med,1,0,0,0,4.2,1,0.2,4.4
06,9,23,06_23,panelist,high,1,1,0,0,4.2,0,0,4.2
06,9,24,06_24,panelist,med,1,0,0,0,4.2,1,-0.1,4.1
06,10,01,06_01,reviewer,none,0,0,0,1,4.5,0,0,4.5
06,10,02,06_02,panelist,med,1,0,0,0,4.5,0,0,4.5
06,10,03,06_03,panelist,med,1,0,0,0,4.5,1,0.1,4.6
06,10,04,06_04,panelist,none,1,0,0,1,4.5,0,0,4.5
06,10,05,06_05,panelist,none,1,0,0,1,4.5,1,-0.1,4.4
06,10,06,06_06,panelist,high,1,1,0,0,4.5,0,0,4.5
06,10,07,06_07,panelist,med,1,0,0,0,4.5,0,0,4.5
06,10,08,06_08,panelist,high,1,1,0,0,4.5,0,0,4.5
06,10,09,06_09,panelist,high,1,1,0,0,4.5,0,0,4.5
06,10,10,06_10,panelist,med,1,0,0,0,4.5,1,-0.1,4.4
06,10,11,06_11,panelist,med,1,0,0,0,4.5,0,0,4.5
06,10,12,06_12,reviewer,low,0,0,1,0,4.5,0,0,4.5
06,10,13,06_13,panelist,med,1,0,0,0,4.5,1,-0.2,4.3
06,10,14,06_14,panelist,med,1,0,0,0,4.5,0,0,4.5
06,10,15,06_15,panelist,med,1,0,0,0,4.5,1,-0.4,4.1
06,10,16,06_16,reviewer,high,0,1,0,0,4.5,1,-0.2,4.3
06,10,17,06_17,panelist,med,1,0,0,0,4.5,0,0,4.5
06,10,18,06_18,panelist,high,1,1,0,0,4.5,0,0,4.5
06,10,19,06_19,panelist,high,1,1,0,0,4.5,0,0,4.5
06,10,20,06_20,panelist,med,1,0,0,0,4.5,1,-0.1,4.4
06,10,21,06_21,panelist,low,1,0,1,0,4.5,1,-0.1,4.4
06,10,22,06_22,panelist,none,1,0,0,1,4.5,1,0.1,4.6
06,10,23,06_23,panelist,low,1,0,1,0,4.5,0,0,4.5
06,10,24,06_24,panelist,low,1,0,1,0,4.5,1,0.1,4.6
06,11,01,06_01,panelist,low,1,0,1,0,4.2,1,0.2,4.4
06,11,02,06_02,reviewer,none,0,0,0,1,4.2,1,-0.2,4
06,11,03,06_03,panelist,med,1,0,0,0,4.2,0,0,4.2
06,11,04,06_04,panelist,med,1,0,0,0,4.2,0,0,4.2
06,11,05,06_05,panelist,med,1,0,0,0,4.2,1,-0.3,3.9
06,11,06,06_06,panelist,none,1,0,0,1,4.2,0,0,4.2
06,11,07,06_07,panelist,med,1,0,0,0,4.2,0,0,4.2
06,11,08,06_08,panelist,med,1,0,0,0,4.2,0,0,4.2
06,11,09,06_09,panelist,med,1,0,0,0,4.2,0,0,4.2
06,11,10,06_10,reviewer,low,0,0,1,0,4.2,0,0,4.2
06,11,11,06_11,panelist,high,1,1,0,0,4.2,1,0.2,4.4
06,11,12,06_12,panelist,high,1,1,0,0,4.2,0,0,4.2
06,11,13,06_13,panelist,med,1,0,0,0,4.2,0,0,4.2
06,11,14,06_14,panelist,high,1,1,0,0,4.2,1,0.1,4.3
06,11,15,06_15,panelist,low,1,0,1,0,4.2,1,-0.1,4.1
06,11,16,06_16,panelist,med,1,0,0,0,4.2,0,0,4.2
06,11,17,06_17,panelist,med,1,0,0,0,4.2,0,0,4.2
06,11,18,06_18,panelist,med,1,0,0,0,4.2,1,-0.1,4.1
06,11,19,06_19,panelist,none,1,0,0,1,4.2,0,0,4.2
06,11,20,06_20,panelist,low,1,0,1,0,4.2,0,0,4.2
06,11,21,06_21,panelist,none,1,0,0,1,4.2,0,0,4.2
06,11,22,06_22,panelist,high,1,1,0,0,4.2,0,0,4.2
06,11,23,06_23,panelist,high,1,1,0,0,4.2,0,0,4.2
06,11,24,06_24,reviewer,high,0,1,0,0,4.2,0,0,4.2
06,12,01,06_01,panelist,med,1,0,0,0,4.8,1,-0.1,4.7
06,12,02,06_02,reviewer,low,0,0,1,0,4.8,0,0,4.8
06,12,03,06_03,panelist,med,1,0,0,0,4.8,0,0,4.8
06,12,04,06_04,panelist,med,1,0,0,0,4.8,0,0,4.8
06,12,05,06_05,panelist,high,1,1,0,0,4.8,0,0,4.8
06,12,06,06_06,panelist,med,1,0,0,0,4.8,0,0,4.8
06,12,07,06_07,panelist,med,1,0,0,0,4.8,0,0,4.8
06,12,08,06_08,panelist,low,1,0,1,0,4.8,1,0.1,4.9
06,12,09,06_09,panelist,med,1,0,0,0,4.8,1,0.3,4.9
06,12,10,06_10,reviewer,none,0,0,0,1,4.8,1,-0.1,4.7
06,12,11,06_11,panelist,high,1,1,0,0,4.8,0,0,4.8
06,12,12,06_12,panelist,low,1,0,1,0,4.8,1,0.2,4.9
06,12,13,06_13,panelist,high,1,1,0,0,4.8,0,0,4.8
06,12,14,06_14,panelist,high,1,1,0,0,4.8,1,0.1,4.9
06,12,15,06_15,panelist,high,1,1,0,0,4.8,0,0,4.8
06,12,16,06_16,panelist,none,1,0,0,1,4.8,0,0,4.8
06,12,17,06_17,panelist,low,1,0,1,0,4.8,1,-0.1,4.7
06,12,18,06_18,panelist,none,1,0,0,1,4.8,0,0,4.8
06,12,19,06_19,panelist,high,1,1,0,0,4.8,0,0,4.8
06,12,20,06_20,panelist,none,1,0,0,1,4.8,0,0,4.8
06,12,21,06_21,reviewer,med,0,0,0,0,4.8,1,0.2,4.9
06,12,22,06_22,panelist,med,1,0,0,0,4.8,1,-0.1,4.7
06,12,23,06_23,panelist,med,1,0,0,0,4.8,1,0.2,4.9
06,12,24,06_24,panelist,med,1,0,0,0,4.8,0,0,4.8
06,13,01,06_01,panelist,med,1,0,0,0,4.6,1,0.2,4.8
06,13,02,06_02,panelist,high,1,1,0,0,4.6,0,0,4.6
06,13,03,06_03,panelist,med,1,0,0,0,4.6,0,0,4.6
06,13,04,06_04,panelist,high,1,1,0,0,4.6,0,0,4.6
06,13,05,06_05,panelist,med,1,0,0,0,4.6,1,-0.3,4.3
06,13,06,06_06,panelist,high,1,1,0,0,4.6,0,0,4.6
06,13,07,06_07,panelist,none,1,0,0,1,4.6,1,0.3,4.9
06,13,08,06_08,panelist,none,1,0,0,1,4.6,1,0.1,4.7
06,13,09,06_09,panelist,med,1,0,0,0,4.6,0,0,4.6
06,13,10,06_10,panelist,high,1,1,0,0,4.6,0,0,4.6
06,13,11,06_11,panelist,med,1,0,0,0,4.6,0,0,4.6
06,13,12,06_12,panelist,med,1,0,0,0,4.6,0,0,4.6
06,13,13,06_13,panelist,low,1,0,1,0,4.6,0,0,4.6
06,13,14,06_14,panelist,med,1,0,0,0,4.6,0,0,4.6
06,13,15,06_15,panelist,high,1,1,0,0,4.6,1,-0.1,4.5
06,13,16,06_16,panelist,high,1,1,0,0,4.6,1,0.1,4.7
06,13,17,06_17,panelist,med,1,0,0,0,4.6,0,0,4.6
06,13,18,06_18,panelist,med,1,0,0,0,4.6,1,-0.1,4.5
06,13,19,06_19,panelist,low,1,0,1,0,4.6,1,0.3,4.9
06,13,20,06_20,reviewer,none,0,0,0,1,4.6,1,-0.2,4.4
06,13,21,06_21,reviewer,none,0,0,0,1,4.6,0,0,4.6
06,13,22,06_22,reviewer,low,0,0,1,0,4.6,0,0,4.6
06,13,23,06_23,panelist,med,1,0,0,0,4.6,0,0,4.6
06,13,24,06_24,panelist,low,1,0,1,0,4.6,1,0.2,4.8
06,14,01,06_01,panelist,low,1,0,1,0,3.5,0,0,3.5
06,14,02,06_02,panelist,low,1,0,1,0,3.5,0,0,3.5
06,14,03,06_03,panelist,high,1,1,0,0,3.5,0,0,3.5
06,14,04,06_04,panelist,med,1,0,0,0,3.5,1,0.5,4
06,14,05,06_05,panelist,med,1,0,0,0,3.5,0,0,3.5
06,14,06,06_06,panelist,med,1,0,0,0,3.5,0,0,3.5
06,14,07,06_07,panelist,none,1,0,0,1,3.5,1,-0.1,3.5
06,14,08,06_08,panelist,low,1,0,1,0,3.5,0,0,3.5
06,14,09,06_09,panelist,none,1,0,0,1,3.5,1,0.2,3.7
06,14,10,06_10,panelist,med,1,0,0,0,3.5,0,0,3.5
06,14,11,06_11,panelist,high,1,1,0,0,3.5,1,0.2,3.7
06,14,12,06_12,panelist,med,1,0,0,0,3.5,0,0,3.5
06,14,13,06_13,panelist,high,1,1,0,0,3.5,0,0,3.5
06,14,14,06_14,panelist,med,1,0,0,0,3.5,0,0,3.5
06,14,15,06_15,panelist,high,1,1,0,0,3.5,0,0,3.5
06,14,16,06_16,panelist,high,1,1,0,0,3.5,0,0,3.5
06,14,17,06_17,panelist,high,1,1,0,0,3.5,0,0,3.5
06,14,18,06_18,reviewer,low,0,0,1,0,3.5,0,0,3.5
06,14,19,06_19,panelist,none,1,0,0,1,3.5,0,0,3.5
06,14,20,06_20,panelist,med,1,0,0,0,3.5,0,0,3.5
06,14,21,06_21,reviewer,none,0,0,0,1,3.5,1,-0.4,3.5
06,14,22,06_22,panelist,med,1,0,0,0,3.5,1,0.1,3.6
06,14,23,06_23,panelist,med,1,0,0,0,3.5,1,0.1,3.6
06,14,24,06_24,reviewer,med,0,0,0,0,3.5,1,-0.1,3.5
06,15,01,06_01,panelist,none,1,0,0,1,4.3,0,0,4.3
06,15,02,06_02,panelist,med,1,0,0,0,4.3,0,0,4.3
06,15,03,06_03,panelist,med,1,0,0,0,4.3,0,0,4.3
06,15,04,06_04,panelist,low,1,0,1,0,4.3,1,-0.1,4.2
06,15,05,06_05,panelist,high,1,1,0,0,4.3,0,0,4.3
06,15,06,06_06,panelist,none,1,0,0,1,4.3,1,-0.2,4.1
06,15,07,06_07,reviewer,med,0,0,0,0,4.3,0,0,4.3
06,15,08,06_08,panelist,med,1,0,0,0,4.3,1,-0.3,4
06,15,09,06_09,panelist,med,1,0,0,0,4.3,0,0,4.3
06,15,10,06_10,panelist,med,1,0,0,0,4.3,0,0,4.3
06,15,11,06_11,panelist,none,1,0,0,1,4.3,1,0.1,4.4
06,15,12,06_12,panelist,low,1,0,1,0,4.3,0,0,4.3
06,15,13,06_13,reviewer,low,0,0,1,0,4.3,0,0,4.3
06,15,14,06_14,panelist,med,1,0,0,0,4.3,1,0.3,4.6
06,15,15,06_15,panelist,med,1,0,0,0,4.3,0,0,4.3
06,15,16,06_16,panelist,high,1,1,0,0,4.3,1,-0.1,4.2
06,15,17,06_17,panelist,high,1,1,0,0,4.3,0,0,4.3
06,15,18,06_18,panelist,none,1,0,0,1,4.3,1,0.1,4.4
06,15,19,06_19,reviewer,high,0,1,0,0,4.3,0,0,4.3
06,15,20,06_20,panelist,high,1,1,0,0,4.3,1,0.1,4.4
06,15,21,06_21,panelist,med,1,0,0,0,4.3,1,0.2,4.5
06,15,22,06_22,panelist,high,1,1,0,0,4.3,0,0,4.3
06,15,23,06_23,panelist,med,1,0,0,0,4.3,1,0.2,4.5
06,15,24,06_24,panelist,low,1,0,1,0,4.3,1,-0.1,4.2
07,1,01,07_01,panelist,high,1,1,0,0,3.6,0,0,3.6
07,1,02,07_02,panelist,med,1,0,0,0,3.6,0,0,3.6
07,1,03,07_03,reviewer,high,0,1,0,0,3.6,0,0,3.6
07,1,04,07_04,panelist,med,1,0,0,0,3.6,0,0,3.6
07,1,05,07_05,panelist,none,1,0,0,1,3.6,0,0,3.6
07,1,06,07_06,panelist,med,1,0,0,0,3.6,0,0,3.6
07,1,07,07_07,panelist,low,1,0,1,0,3.6,0,0,3.6
07,1,08,07_08,reviewer,low,0,0,1,0,3.6,0,0,3.6
07,1,09,07_09,panelist,none,1,0,0,1,3.6,0,0,3.6
07,1,10,07_10,panelist,high,1,1,0,0,3.6,0,0,3.6
07,1,11,07_11,panelist,low,1,0,1,0,3.6,0,0,3.6
07,1,12,07_12,panelist,high,1,1,0,0,3.6,0,0,3.6
07,1,13,07_13,panelist,med,1,0,0,0,3.6,1,0.1,3.7
07,1,14,07_14,reviewer,low,0,0,1,0,3.6,1,-0.1,3.5
07,1,15,07_15,panelist,high,1,1,0,0,3.6,0,0,3.6
07,1,16,07_16,panelist,med,1,0,0,0,3.6,0,0,3.6
07,1,17,07_17,panelist,none,1,0,0,1,3.6,0,0,3.6
07,1,18,07_18,panelist,med,1,0,0,0,3.6,0,0,3.6
07,1,19,07_19,panelist,high,1,1,0,0,3.6,0,0,3.6
07,1,20,07_20,panelist,none,1,0,0,1,3.6,1,0.1,3.7
07,1,21,07_21,panelist,med,1,0,0,0,3.6,1,0.2,3.8
07,1,22,07_22,panelist,med,1,0,0,0,3.6,1,0.1,3.7
07,1,23,07_23,panelist,med,1,0,0,0,3.6,0,0,3.6
07,1,24,07_24,panelist,med,1,0,0,0,3.6,0,0,3.6
07,2,01,07_01,panelist,low,1,0,1,0,4.2,1,0.1,4.3
07,2,02,07_02,panelist,low,1,0,1,0,4.2,0,0,4.2
07,2,03,07_03,panelist,high,1,1,0,0,4.2,0,0,4.2
07,2,04,07_04,panelist,none,1,0,0,1,4.2,0,0,4.2
07,2,05,07_05,panelist,none,1,0,0,1,4.2,1,0.1,4.3
07,2,06,07_06,reviewer,none,0,0,0,1,4.2,1,0.2,4.4
07,2,07,07_07,panelist,high,1,1,0,0,4.2,0,0,4.2
07,2,08,07_08,panelist,low,1,0,1,0,4.2,0,0,4.2
07,2,09,07_09,panelist,high,1,1,0,0,4.2,0,0,4.2
07,2,10,07_10,panelist,med,1,0,0,0,4.2,1,-0.1,4.1
07,2,11,07_11,panelist,med,1,0,0,0,4.2,0,0,4.2
07,2,12,07_12,panelist,none,1,0,0,1,4.2,1,-0.3,3.9
07,2,13,07_13,panelist,med,1,0,0,0,4.2,1,-0.1,4.1
07,2,14,07_14,panelist,med,1,0,0,0,4.2,0,0,4.2
07,2,15,07_15,reviewer,high,0,1,0,0,4.2,0,0,4.2
07,2,16,07_16,panelist,med,1,0,0,0,4.2,0,0,4.2
07,2,17,07_17,reviewer,low,0,0,1,0,4.2,1,0.1,4.3
07,2,18,07_18,panelist,high,1,1,0,0,4.2,0,0,4.2
07,2,19,07_19,panelist,med,1,0,0,0,4.2,0,0,4.2
07,2,20,07_20,panelist,med,1,0,0,0,4.2,0,0,4.2
07,2,21,07_21,panelist,med,1,0,0,0,4.2,1,-0.2,4
07,2,22,07_22,panelist,med,1,0,0,0,4.2,0,0,4.2
07,2,23,07_23,panelist,high,1,1,0,0,4.2,0,0,4.2
07,2,24,07_24,panelist,med,1,0,0,0,4.2,1,0.1,4.3
07,3,01,07_01,panelist,med,1,0,0,0,4.1,0,0,4.1
07,3,02,07_02,panelist,none,1,0,0,1,4.1,1,-0.1,4
07,3,03,07_03,panelist,med,1,0,0,0,4.1,0,0,4.1
07,3,04,07_04,panelist,med,1,0,0,0,4.1,1,-0.2,3.9
07,3,05,07_05,panelist,high,1,1,0,0,4.1,1,0.1,4.2
07,3,06,07_06,panelist,med,1,0,0,0,4.1,0,0,4.1
07,3,07,07_07,panelist,med,1,0,0,0,4.1,1,0.2,4.3
07,3,08,07_08,panelist,high,1,1,0,0,4.1,0,0,4.1
07,3,09,07_09,panelist,none,1,0,0,1,4.1,0,0,4.1
07,3,10,07_10,panelist,med,1,0,0,0,4.1,0,0,4.1
07,3,11,07_11,reviewer,none,0,0,0,1,4.1,1,0.2,4.3
07,3,12,07_12,panelist,low,1,0,1,0,4.1,0,0,4.1
07,3,13,07_13,panelist,med,1,0,0,0,4.1,1,-0.1,4
07,3,14,07_14,panelist,med,1,0,0,0,4.1,1,-0.3,3.8
07,3,15,07_15,panelist,low,1,0,1,0,4.1,0,0,4.1
07,3,16,07_16,panelist,high,1,1,0,0,4.1,1,-0.1,4
07,3,17,07_17,reviewer,high,0,1,0,0,4.1,0,0,4.1
07,3,18,07_18,panelist,high,1,1,0,0,4.1,1,-0.2,3.9
07,3,19,07_19,panelist,low,1,0,1,0,4.1,0,0,4.1
07,3,20,07_20,panelist,med,1,0,0,0,4.1,0,0,4.1
07,3,21,07_21,panelist,none,1,0,0,1,4.1,0,0,4.1
07,3,22,07_22,panelist,low,1,0,1,0,4.1,0,0,4.1
07,3,23,07_23,panelist,high,1,1,0,0,4.1,0,0,4.1
07,3,24,07_24,reviewer,med,0,0,0,0,4.1,0,0,4.1
07,4,01,07_01,panelist,med,1,0,0,0,3.7,1,-0.1,3.6
07,4,02,07_02,panelist,high,1,1,0,0,3.7,0,0,3.7
07,4,03,07_03,panelist,low,1,0,1,0,3.7,0,0,3.7
07,4,04,07_04,reviewer,med,0,0,0,0,3.7,0,0,3.7
07,4,05,07_05,panelist,low,1,0,1,0,3.7,0,0,3.7
07,4,06,07_06,panelist,med,1,0,0,0,3.7,0,0,3.7
07,4,07,07_07,panelist,med,1,0,0,0,3.7,0,0,3.7
07,4,08,07_08,panelist,high,1,1,0,0,3.7,1,-0.1,3.6
07,4,09,07_09,panelist,low,1,0,1,0,3.7,1,0.2,3.9
07,4,10,07_10,panelist,none,1,0,0,1,3.7,1,-0.1,3.6
07,4,11,07_11,panelist,high,1,1,0,0,3.7,0,0,3.7
07,4,12,07_12,reviewer,med,0,0,0,0,3.7,0,0,3.7
07,4,13,07_13,panelist,low,1,0,1,0,3.7,1,-0.1,3.6
07,4,14,07_14,panelist,med,1,0,0,0,3.7,0,0,3.7
07,4,15,07_15,panelist,none,1,0,0,1,3.7,0,0,3.7
07,4,16,07_16,panelist,none,1,0,0,1,3.7,0,0,3.7
07,4,17,07_17,panelist,high,1,1,0,0,3.7,1,0.1,3.8
07,4,18,07_18,panelist,high,1,1,0,0,3.7,0,0,3.7
07,4,19,07_19,panelist,med,1,0,0,0,3.7,1,0.1,3.8
07,4,20,07_20,panelist,high,1,1,0,0,3.7,1,0.1,3.8
07,4,21,07_21,panelist,med,1,0,0,0,3.7,1,-0.2,3.5
07,4,22,07_22,panelist,med,1,0,0,0,3.7,0,0,3.7
07,4,23,07_23,panelist,med,1,0,0,0,3.7,0,0,3.7
07,4,24,07_24,reviewer,none,0,0,0,1,3.7,0,0,3.7
07,5,01,07_01,panelist,med,1,0,0,0,3.6,0,0,3.6
07,5,02,07_02,panelist,none,1,0,0,1,3.6,0,0,3.6
07,5,03,07_03,panelist,none,1,0,0,1,3.6,0,0,3.6
07,5,04,07_04,reviewer,none,0,0,0,1,3.6,0,0,3.6
07,5,05,07_05,panelist,med,1,0,0,0,3.6,1,0.1,3.7
07,5,06,07_06,panelist,med,1,0,0,0,3.6,0,0,3.6
07,5,07,07_07,panelist,high,1,1,0,0,3.6,0,0,3.6
07,5,08,07_08,panelist,high,1,1,0,0,3.6,1,-0.2,3.5
07,5,09,07_09,panelist,low,1,0,1,0,3.6,1,-0.2,3.5
07,5,10,07_10,panelist,none,1,0,0,1,3.6,1,-0.2,3.5
07,5,11,07_11,panelist,low,1,0,1,0,3.6,0,0,3.6
07,5,12,07_12,panelist,high,1,1,0,0,3.6,0,0,3.6
07,5,13,07_13,panelist,med,1,0,0,0,3.6,0,0,3.6
07,5,14,07_14,panelist,med,1,0,0,0,3.6,0,0,3.6
07,5,15,07_15,panelist,high,1,1,0,0,3.6,0,0,3.6
07,5,16,07_16,panelist,low,1,0,1,0,3.6,1,-0.1,3.5
07,5,17,07_17,panelist,med,1,0,0,0,3.6,1,-0.2,3.5
07,5,18,07_18,panelist,med,1,0,0,0,3.6,0,0,3.6
07,5,19,07_19,panelist,high,1,1,0,0,3.6,0,0,3.6
07,5,20,07_20,panelist,med,1,0,0,0,3.6,0,0,3.6
07,5,21,07_21,panelist,high,1,1,0,0,3.6,1,-0.2,3.5
07,5,22,07_22,reviewer,med,0,0,0,0,3.6,0,0,3.6
07,5,23,07_23,reviewer,med,0,0,0,0,3.6,1,0.1,3.7
07,5,24,07_24,panelist,low,1,0,1,0,3.6,1,0.1,3.7
07,6,01,07_01,panelist,high,1,1,0,0,3.5,0,0,3.5
07,6,02,07_02,panelist,med,1,0,0,0,3.5,0,0,3.5
07,6,03,07_03,panelist,med,1,0,0,0,3.5,1,0.1,3.6
07,6,04,07_04,panelist,low,1,0,1,0,3.5,1,-0.1,3.5
07,6,05,07_05,panelist,med,1,0,0,0,3.5,1,0.3,3.8
07,6,06,07_06,panelist,med,1,0,0,0,3.5,0,0,3.5
07,6,07,07_07,panelist,none,1,0,0,1,3.5,1,-0.1,3.5
07,6,08,07_08,panelist,med,1,0,0,0,3.5,1,-0.1,3.5
07,6,09,07_09,panelist,high,1,1,0,0,3.5,1,0.1,3.6
07,6,10,07_10,panelist,high,1,1,0,0,3.5,1,-0.2,3.5
07,6,11,07_11,reviewer,med,0,0,0,0,3.5,0,0,3.5
07,6,12,07_12,panelist,low,1,0,1,0,3.5,1,-0.2,3.5
07,6,13,07_13,reviewer,high,0,1,0,0,3.5,0,0,3.5
07,6,14,07_14,panelist,none,1,0,0,1,3.5,1,-0.1,3.5
07,6,15,07_15,panelist,low,1,0,1,0,3.5,0,0,3.5
07,6,16,07_16,panelist,high,1,1,0,0,3.5,1,0.3,3.8
07,6,17,07_17,panelist,med,1,0,0,0,3.5,0,0,3.5
07,6,18,07_18,panelist,med,1,0,0,0,3.5,1,-0.1,3.5
07,6,19,07_19,panelist,none,1,0,0,1,3.5,1,0.1,3.6
07,6,20,07_20,panelist,low,1,0,1,0,3.5,0,0,3.5
07,6,21,07_21,reviewer,none,0,0,0,1,3.5,0,0,3.5
07,6,22,07_22,panelist,med,1,0,0,0,3.5,0,0,3.5
07,6,23,07_23,panelist,high,1,1,0,0,3.5,0,0,3.5
07,6,24,07_24,panelist,med,1,0,0,0,3.5,1,-0.2,3.5
07,7,01,07_01,panelist,med,1,0,0,0,3.9,1,-0.1,3.8
07,7,02,07_02,panelist,med,1,0,0,0,3.9,1,0.1,4
07,7,03,07_03,reviewer,none,0,0,0,1,3.9,1,0.2,4.1
07,7,04,07_04,panelist,high,1,1,0,0,3.9,0,0,3.9
07,7,05,07_05,panelist,none,1,0,0,1,3.9,1,-0.2,3.7
07,7,06,07_06,panelist,med,1,0,0,0,3.9,1,0.2,4.1
07,7,07,07_07,panelist,high,1,1,0,0,3.9,0,0,3.9
07,7,08,07_08,panelist,med,1,0,0,0,3.9,0,0,3.9
07,7,09,07_09,panelist,high,1,1,0,0,3.9,0,0,3.9
07,7,10,07_10,panelist,med,1,0,0,0,3.9,0,0,3.9
07,7,11,07_11,panelist,none,1,0,0,1,3.9,0,0,3.9
07,7,12,07_12,panelist,low,1,0,1,0,3.9,1,0.2,4.1
07,7,13,07_13,panelist,med,1,0,0,0,3.9,0,0,3.9
07,7,14,07_14,panelist,med,1,0,0,0,3.9,1,0.1,4
07,7,15,07_15,panelist,med,1,0,0,0,3.9,0,0,3.9
07,7,16,07_16,panelist,low,1,0,1,0,3.9,1,-0.1,3.8
07,7,17,07_17,panelist,low,1,0,1,0,3.9,1,0.1,4
07,7,18,07_18,panelist,high,1,1,0,0,3.9,0,0,3.9
07,7,19,07_19,panelist,med,1,0,0,0,3.9,0,0,3.9
07,7,20,07_20,panelist,low,1,0,1,0,3.9,1,0.1,4
07,7,21,07_21,panelist,med,1,0,0,0,3.9,0,0,3.9
07,7,22,07_22,panelist,none,1,0,0,1,3.9,1,-0.1,3.8
07,7,23,07_23,reviewer,high,0,1,0,0,3.9,0,0,3.9
07,7,24,07_24,reviewer,high,0,1,0,0,3.9,1,0.1,4
07,8,01,07_01,panelist,med,1,0,0,0,3.5,1,0.1,3.6
07,8,02,07_02,panelist,med,1,0,0,0,3.5,0,0,3.5
07,8,03,07_03,panelist,high,1,1,0,0,3.5,0,0,3.5
07,8,04,07_04,panelist,high,1,1,0,0,3.5,0,0,3.5
07,8,05,07_05,reviewer,low,0,0,1,0,3.5,0,0,3.5
07,8,06,07_06,panelist,low,1,0,1,0,3.5,0,0,3.5
07,8,07,07_07,panelist,high,1,1,0,0,3.5,1,0.1,3.6
07,8,08,07_08,panelist,none,1,0,0,1,3.5,1,0.2,3.7
07,8,09,07_09,reviewer,high,0,1,0,0,3.5,0,0,3.5
07,8,10,07_10,panelist,med,1,0,0,0,3.5,0,0,3.5
07,8,11,07_11,reviewer,none,0,0,0,1,3.5,0,0,3.5
07,8,12,07_12,panelist,high,1,1,0,0,3.5,0,0,3.5
07,8,13,07_13,panelist,med,1,0,0,0,3.5,0,0,3.5
07,8,14,07_14,panelist,med,1,0,0,0,3.5,1,-0.1,3.5
07,8,15,07_15,panelist,med,1,0,0,0,3.5,0,0,3.5
07,8,16,07_16,panelist,low,1,0,1,0,3.5,0,0,3.5
07,8,17,07_17,panelist,none,1,0,0,1,3.5,0,0,3.5
07,8,18,07_18,panelist,low,1,0,1,0,3.5,1,0.2,3.7
07,8,19,07_19,panelist,med,1,0,0,0,3.5,0,0,3.5
07,8,20,07_20,panelist,med,1,0,0,0,3.5,1,0.2,3.7
07,8,21,07_21,panelist,none,1,0,0,1,3.5,0,0,3.5
07,8,22,07_22,panelist,med,1,0,0,0,3.5,1,0.2,3.7
07,8,23,07_23,panelist,high,1,1,0,0,3.5,0,0,3.5
07,8,24,07_24,panelist,med,1,0,0,0,3.5,0,0,3.5
07,9,01,07_01,panelist,med,1,0,0,0,4.1,1,-0.4,3.7
07,9,02,07_02,panelist,med,1,0,0,0,4.1,1,-0.1,4
07,9,03,07_03,panelist,med,1,0,0,0,4.1,1,-0.1,4
07,9,04,07_04,panelist,none,1,0,0,1,4.1,1,-0.1,4
07,9,05,07_05,panelist,high,1,1,0,0,4.1,1,-0.1,4
07,9,06,07_06,panelist,med,1,0,0,0,4.1,0,0,4.1
07,9,07,07_07,panelist,high,1,1,0,0,4.1,1,0.1,4.2
07,9,08,07_08,panelist,low,1,0,1,0,4.1,1,0.1,4.2
07,9,09,07_09,panelist,none,1,0,0,1,4.1,1,-0.4,3.7
07,9,10,07_10,panelist,high,1,1,0,0,4.1,0,0,4.1
07,9,11,07_11,panelist,low,1,0,1,0,4.1,1,0.1,4.2
07,9,12,07_12,reviewer,med,0,0,0,0,4.1,1,0.4,4.5
07,9,13,07_13,panelist,high,1,1,0,0,4.1,0,0,4.1
07,9,14,07_14,panelist,med,1,0,0,0,4.1,0,0,4.1
07,9,15,07_15,panelist,med,1,0,0,0,4.1,0,0,4.1
07,9,16,07_16,reviewer,none,0,0,0,1,4.1,0,0,4.1
07,9,17,07_17,panelist,none,1,0,0,1,4.1,0,0,4.1
07,9,18,07_18,panelist,med,1,0,0,0,4.1,0,0,4.1
07,9,19,07_19,panelist,med,1,0,0,0,4.1,0,0,4.1
07,9,20,07_20,panelist,high,1,1,0,0,4.1,1,-0.4,3.7
07,9,21,07_21,panelist,high,1,1,0,0,4.1,0,0,4.1
07,9,22,07_22,panelist,med,1,0,0,0,4.1,0,0,4.1
07,9,23,07_23,panelist,low,1,0,1,0,4.1,0,0,4.1
07,9,24,07_24,reviewer,low,0,0,1,0,4.1,1,0.1,4.2
07,10,01,07_01,panelist,high,1,1,0,0,4.5,1,0.1,4.6
07,10,02,07_02,panelist,low,1,0,1,0,4.5,1,-0.2,4.3
07,10,03,07_03,panelist,med,1,0,0,0,4.5,1,-0.1,4.4
07,10,04,07_04,reviewer,high,0,1,0,0,4.5,0,0,4.5
07,10,05,07_05,panelist,med,1,0,0,0,4.5,0,0,4.5
07,10,06,07_06,panelist,high,1,1,0,0,4.5,0,0,4.5
07,10,07,07_07,panelist,high,1,1,0,0,4.5,0,0,4.5
07,10,08,07_08,panelist,none,1,0,0,1,4.5,0,0,4.5
07,10,09,07_09,panelist,low,1,0,1,0,4.5,1,-0.1,4.4
07,10,10,07_10,panelist,none,1,0,0,1,4.5,0,0,4.5
07,10,11,07_11,panelist,low,1,0,1,0,4.5,1,0.1,4.6
07,10,12,07_12,panelist,high,1,1,0,0,4.5,0,0,4.5
07,10,13,07_13,panelist,med,1,0,0,0,4.5,0,0,4.5
07,10,14,07_14,panelist,med,1,0,0,0,4.5,1,0.2,4.7
07,10,15,07_15,reviewer,high,0,1,0,0,4.5,0,0,4.5
07,10,16,07_16,panelist,med,1,0,0,0,4.5,0,0,4.5
07,10,17,07_17,panelist,med,1,0,0,0,4.5,0,0,4.5
07,10,18,07_18,panelist,med,1,0,0,0,4.5,1,-0.1,4.4
07,10,19,07_19,panelist,low,1,0,1,0,4.5,0,0,4.5
07,10,20,07_20,panelist,none,1,0,0,1,4.5,0,0,4.5
07,10,21,07_21,reviewer,med,0,0,0,0,4.5,0,0,4.5
07,10,22,07_22,panelist,med,1,0,0,0,4.5,0,0,4.5
07,10,23,07_23,panelist,none,1,0,0,1,4.5,1,-0.2,4.3
07,10,24,07_24,panelist,med,1,0,0,0,4.5,0,0,4.5
07,11,01,07_01,panelist,med,1,0,0,0,4.1,0,0,4.1
07,11,02,07_02,panelist,med,1,0,0,0,4.1,0,0,4.1
07,11,03,07_03,panelist,none,1,0,0,1,4.1,0,0,4.1
07,11,04,07_04,panelist,med,1,0,0,0,4.1,1,0.4,4.5
07,11,05,07_05,panelist,low,1,0,1,0,4.1,1,0.4,4.5
07,11,06,07_06,panelist,med,1,0,0,0,4.1,1,-0.3,3.8
07,11,07,07_07,panelist,high,1,1,0,0,4.1,0,0,4.1
07,11,08,07_08,reviewer,med,0,0,0,0,4.1,0,0,4.1
07,11,09,07_09,panelist,high,1,1,0,0,4.1,0,0,4.1
07,11,10,07_10,panelist,med,1,0,0,0,4.1,0,0,4.1
07,11,11,07_11,reviewer,none,0,0,0,1,4.1,1,-0.1,4
07,11,12,07_12,panelist,high,1,1,0,0,4.1,1,0.2,4.3
07,11,13,07_13,panelist,high,1,1,0,0,4.1,1,-0.2,3.9
07,11,14,07_14,panelist,none,1,0,0,1,4.1,1,-0.3,3.8
07,11,15,07_15,panelist,low,1,0,1,0,4.1,0,0,4.1
07,11,16,07_16,panelist,med,1,0,0,0,4.1,1,-0.1,4
07,11,17,07_17,panelist,med,1,0,0,0,4.1,0,0,4.1
07,11,18,07_18,panelist,low,1,0,1,0,4.1,1,0.1,4.2
07,11,19,07_19,reviewer,med,0,0,0,0,4.1,0,0,4.1
07,11,20,07_20,panelist,high,1,1,0,0,4.1,1,-0.1,4
07,11,21,07_21,panelist,none,1,0,0,1,4.1,1,0.2,4.3
07,11,22,07_22,panelist,high,1,1,0,0,4.1,0,0,4.1
07,11,23,07_23,panelist,low,1,0,1,0,4.1,0,0,4.1
07,11,24,07_24,panelist,med,1,0,0,0,4.1,0,0,4.1
07,12,01,07_01,panelist,med,1,0,0,0,4.7,0,0,4.7
07,12,02,07_02,reviewer,med,0,0,0,0,4.7,0,0,4.7
07,12,03,07_03,panelist,med,1,0,0,0,4.7,0,0,4.7
07,12,04,07_04,panelist,none,1,0,0,1,4.7,1,0.1,4.8
07,12,05,07_05,panelist,low,1,0,1,0,4.7,1,0.2,4.9
07,12,06,07_06,panelist,low,1,0,1,0,4.7,0,0,4.7
07,12,07,07_07,panelist,med,1,0,0,0,4.7,0,0,4.7
07,12,08,07_08,panelist,med,1,0,0,0,4.7,0,0,4.7
07,12,09,07_09,panelist,med,1,0,0,0,4.7,0,0,4.7
07,12,10,07_10,panelist,high,1,1,0,0,4.7,1,0.2,4.9
07,12,11,07_11,panelist,high,1,1,0,0,4.7,0,0,4.7
07,12,12,07_12,panelist,none,1,0,0,1,4.7,1,-0.1,4.6
07,12,13,07_13,panelist,high,1,1,0,0,4.7,0,0,4.7
07,12,14,07_14,panelist,med,1,0,0,0,4.7,0,0,4.7
07,12,15,07_15,panelist,low,1,0,1,0,4.7,1,-0.2,4.5
07,12,16,07_16,panelist,med,1,0,0,0,4.7,1,-0.1,4.6
07,12,17,07_17,panelist,none,1,0,0,1,4.7,0,0,4.7
07,12,18,07_18,panelist,high,1,1,0,0,4.7,1,-0.1,4.6
07,12,19,07_19,panelist,low,1,0,1,0,4.7,0,0,4.7
07,12,20,07_20,panelist,high,1,1,0,0,4.7,0,0,4.7
07,12,21,07_21,reviewer,high,0,1,0,0,4.7,0,0,4.7
07,12,22,07_22,panelist,med,1,0,0,0,4.7,0,0,4.7
07,12,23,07_23,reviewer,none,0,0,0,1,4.7,0,0,4.7
07,12,24,07_24,panelist,med,1,0,0,0,4.7,0,0,4.7
07,13,01,07_01,panelist,med,1,0,0,0,4.5,1,-0.3,4.2
07,13,02,07_02,panelist,med,1,0,0,0,4.5,0,0,4.5
07,13,03,07_03,panelist,none,1,0,0,1,4.5,0,0,4.5
07,13,04,07_04,panelist,med,1,0,0,0,4.5,1,-0.1,4.4
07,13,05,07_05,panelist,high,1,1,0,0,4.5,0,0,4.5
07,13,06,07_06,panelist,med,1,0,0,0,4.5,0,0,4.5
07,13,07,07_07,panelist,low,1,0,1,0,4.5,0,0,4.5
07,13,08,07_08,panelist,med,1,0,0,0,4.5,1,0.1,4.6
07,13,09,07_09,panelist,low,1,0,1,0,4.5,0,0,4.5
07,13,10,07_10,panelist,none,1,0,0,1,4.5,0,0,4.5
07,13,11,07_11,panelist,high,1,1,0,0,4.5,0,0,4.5
07,13,12,07_12,panelist,med,1,0,0,0,4.5,1,0.3,4.8
07,13,13,07_13,reviewer,high,0,1,0,0,4.5,0,0,4.5
07,13,14,07_14,panelist,high,1,1,0,0,4.5,1,-0.1,4.4
07,13,15,07_15,panelist,med,1,0,0,0,4.5,0,0,4.5
07,13,16,07_16,panelist,low,1,0,1,0,4.5,1,0.1,4.6
07,13,17,07_17,panelist,med,1,0,0,0,4.5,1,-0.1,4.4
07,13,18,07_18,panelist,high,1,1,0,0,4.5,0,0,4.5
07,13,19,07_19,panelist,none,1,0,0,1,4.5,1,-0.1,4.4
07,13,20,07_20,panelist,high,1,1,0,0,4.5,0,0,4.5
07,13,21,07_21,panelist,med,1,0,0,0,4.5,1,-0.1,4.4
07,13,22,07_22,reviewer,med,0,0,0,0,4.5,0,0,4.5
07,13,23,07_23,reviewer,none,0,0,0,1,4.5,0,0,4.5
07,13,24,07_24,panelist,low,1,0,1,0,4.5,0,0,4.5
07,14,01,07_01,panelist,med,1,0,0,0,3.5,0,0,3.5
07,14,02,07_02,panelist,high,1,1,0,0,3.5,0,0,3.5
07,14,03,07_03,panelist,high,1,1,0,0,3.5,0,0,3.5
07,14,04,07_04,panelist,low,1,0,1,0,3.5,0,0,3.5
07,14,05,07_05,reviewer,med,0,0,0,0,3.5,1,-0.1,3.5
07,14,06,07_06,panelist,med,1,0,0,0,3.5,1,-0.2,3.5
07,14,07,07_07,panelist,high,1,1,0,0,3.5,0,0,3.5
07,14,08,07_08,reviewer,high,0,1,0,0,3.5,0,0,3.5
07,14,09,07_09,panelist,med,1,0,0,0,3.5,1,0.2,3.7
07,14,10,07_10,reviewer,none,0,0,0,1,3.5,1,0.1,3.6
07,14,11,07_11,panelist,high,1,1,0,0,3.5,0,0,3.5
07,14,12,07_12,panelist,med,1,0,0,0,3.5,1,-0.1,3.5
07,14,13,07_13,panelist,low,1,0,1,0,3.5,1,0.1,3.6
07,14,14,07_14,panelist,med,1,0,0,0,3.5,0,0,3.5
07,14,15,07_15,panelist,none,1,0,0,1,3.5,0,0,3.5
07,14,16,07_16,panelist,none,1,0,0,1,3.5,1,0.1,3.6
07,14,17,07_17,panelist,none,1,0,0,1,3.5,0,0,3.5
07,14,18,07_18,panelist,med,1,0,0,0,3.5,0,0,3.5
07,14,19,07_19,panelist,high,1,1,0,0,3.5,0,0,3.5
07,14,20,07_20,panelist,med,1,0,0,0,3.5,0,0,3.5
07,14,21,07_21,panelist,low,1,0,1,0,3.5,0,0,3.5
07,14,22,07_22,panelist,med,1,0,0,0,3.5,1,0.1,3.6
07,14,23,07_23,panelist,med,1,0,0,0,3.5,0,0,3.5
07,14,24,07_24,panelist,low,1,0,1,0,3.5,0,0,3.5
07,15,01,07_01,panelist,none,1,0,0,1,4.3,0,0,4.3
07,15,02,07_02,panelist,med,1,0,0,0,4.3,1,-0.2,4.1
07,15,03,07_03,panelist,high,1,1,0,0,4.3,0,0,4.3
07,15,04,07_04,panelist,low,1,0,1,0,4.3,0,0,4.3
07,15,05,07_05,panelist,med,1,0,0,0,4.3,0,0,4.3
07,15,06,07_06,panelist,med,1,0,0,0,4.3,1,0.3,4.6
07,15,07,07_07,panelist,low,1,0,1,0,4.3,0,0,4.3
07,15,08,07_08,panelist,high,1,1,0,0,4.3,0,0,4.3
07,15,09,07_09,panelist,med,1,0,0,0,4.3,1,0.2,4.5
07,15,10,07_10,panelist,none,1,0,0,1,4.3,1,-0.1,4.2
07,15,11,07_11,panelist,low,1,0,1,0,4.3,1,0.3,4.6
07,15,12,07_12,panelist,high,1,1,0,0,4.3,0,0,4.3
07,15,13,07_13,reviewer,none,0,0,0,1,4.3,1,0.2,4.5
07,15,14,07_14,panelist,high,1,1,0,0,4.3,0,0,4.3
07,15,15,07_15,panelist,high,1,1,0,0,4.3,0,0,4.3
07,15,16,07_16,panelist,med,1,0,0,0,4.3,0,0,4.3
07,15,17,07_17,panelist,med,1,0,0,0,4.3,1,-0.2,4.1
07,15,18,07_18,panelist,med,1,0,0,0,4.3,1,0.3,4.6
07,15,19,07_19,panelist,none,1,0,0,1,4.3,0,0,4.3
07,15,20,07_20,reviewer,med,0,0,0,0,4.3,0,0,4.3
07,15,21,07_21,panelist,med,1,0,0,0,4.3,0,0,4.3
07,15,22,07_22,panelist,low,1,0,1,0,4.3,1,-0.2,4.1
07,15,23,07_23,reviewer,high,0,1,0,0,4.3,1,-0.1,4.2
07,15,24,07_24,panelist,med,1,0,0,0,4.3,0,0,4.3
08,1,01,08_01,panelist,med,1,0,0,0,3.6,0,0,3.6
08,1,02,08_02,panelist,med,1,0,0,0,3.6,0,0,3.6
08,1,03,08_03,reviewer,med,0,0,0,0,3.6,0,0,3.6
08,1,04,08_04,panelist,none,1,0,0,1,3.6,0,0,3.6
08,1,05,08_05,panelist,low,1,0,1,0,3.6,0,0,3.6
08,1,06,08_06,reviewer,high,0,1,0,0,3.6,1,-0.1,3.5
08,1,07,08_07,panelist,high,1,1,0,0,3.6,0,0,3.6
08,1,08,08_08,reviewer,low,0,0,1,0,3.6,0,0,3.6
08,1,09,08_09,panelist,none,1,0,0,1,3.6,0,0,3.6
08,1,10,08_10,panelist,none,1,0,0,1,3.6,0,0,3.6
08,1,11,08_11,panelist,low,1,0,1,0,3.6,0,0,3.6
08,1,12,08_12,panelist,med,1,0,0,0,3.6,0,0,3.6
08,1,13,08_13,panelist,high,1,1,0,0,3.6,0,0,3.6
08,1,14,08_14,panelist,high,1,1,0,0,3.6,1,-0.1,3.5
08,1,15,08_15,panelist,none,1,0,0,1,3.6,1,-0.1,3.5
08,1,16,08_16,panelist,med,1,0,0,0,3.6,1,-0.2,3.5
08,1,17,08_17,panelist,med,1,0,0,0,3.6,1,-0.2,3.5
08,1,18,08_18,panelist,high,1,1,0,0,3.6,0,0,3.6
08,1,19,08_19,panelist,low,1,0,1,0,3.6,0,0,3.6
08,1,20,08_20,panelist,med,1,0,0,0,3.6,0,0,3.6
08,1,21,08_21,panelist,med,1,0,0,0,3.6,0,0,3.6
08,1,22,08_22,panelist,med,1,0,0,0,3.6,1,-0.2,3.5
08,1,23,08_23,panelist,high,1,1,0,0,3.6,0,0,3.6
08,1,24,08_24,panelist,med,1,0,0,0,3.6,0,0,3.6
08,2,01,08_01,panelist,high,1,1,0,0,4.2,0,0,4.2
08,2,02,08_02,panelist,high,1,1,0,0,4.2,0,0,4.2
08,2,03,08_03,panelist,none,1,0,0,1,4.2,1,-0.1,4.1
08,2,04,08_04,panelist,high,1,1,0,0,4.2,0,0,4.2
08,2,05,08_05,panelist,none,1,0,0,1,4.2,0,0,4.2
08,2,06,08_06,panelist,none,1,0,0,1,4.2,0,0,4.2
08,2,07,08_07,panelist,med,1,0,0,0,4.2,0,0,4.2
08,2,08,08_08,panelist,med,1,0,0,0,4.2,0,0,4.2
08,2,09,08_09,panelist,med,1,0,0,0,4.2,0,0,4.2
08,2,10,08_10,panelist,med,1,0,0,0,4.2,1,-0.2,4
08,2,11,08_11,reviewer,med,0,0,0,0,4.2,0,0,4.2
08,2,12,08_12,panelist,high,1,1,0,0,4.2,0,0,4.2
08,2,13,08_13,panelist,none,1,0,0,1,4.2,1,-0.1,4.1
08,2,14,08_14,panelist,low,1,0,1,0,4.2,1,-0.1,4.1
08,2,15,08_15,panelist,low,1,0,1,0,4.2,0,0,4.2
08,2,16,08_16,panelist,low,1,0,1,0,4.2,1,-0.2,4
08,2,17,08_17,panelist,med,1,0,0,0,4.2,0,0,4.2
08,2,18,08_18,panelist,med,1,0,0,0,4.2,1,-0.1,4.1
08,2,19,08_19,panelist,low,1,0,1,0,4.2,0,0,4.2
08,2,20,08_20,reviewer,med,0,0,0,0,4.2,1,0.2,4.4
08,2,21,08_21,reviewer,high,0,1,0,0,4.2,1,-0.2,4
08,2,22,08_22,panelist,high,1,1,0,0,4.2,1,0.1,4.3
08,2,23,08_23,panelist,med,1,0,0,0,4.2,0,0,4.2
08,2,24,08_24,panelist,med,1,0,0,0,4.2,1,0.1,4.3
08,3,01,08_01,panelist,high,1,1,0,0,4.1,0,0,4.1
08,3,02,08_02,panelist,none,1,0,0,1,4.1,0,0,4.1
08,3,03,08_03,reviewer,med,0,0,0,0,4.1,0,0,4.1
08,3,04,08_04,panelist,med,1,0,0,0,4.1,0,0,4.1
08,3,05,08_05,panelist,none,1,0,0,1,4.1,0,0,4.1
08,3,06,08_06,panelist,high,1,1,0,0,4.1,0,0,4.1
08,3,07,08_07,panelist,none,1,0,0,1,4.1,0,0,4.1
08,3,08,08_08,panelist,med,1,0,0,0,4.1,0,0,4.1
08,3,09,08_09,panelist,low,1,0,1,0,4.1,1,-0.1,4
08,3,10,08_10,panelist,high,1,1,0,0,4.1,1,0.1,4.2
08,3,11,08_11,panelist,med,1,0,0,0,4.1,0,0,4.1
08,3,12,08_12,panelist,med,1,0,0,0,4.1,1,0.3,4.4
08,3,13,08_13,panelist,high,1,1,0,0,4.1,0,0,4.1
08,3,14,08_14,panelist,med,1,0,0,0,4.1,0,0,4.1
08,3,15,08_15,panelist,med,1,0,0,0,4.1,1,0.2,4.3
08,3,16,08_16,panelist,high,1,1,0,0,4.1,0,0,4.1
08,3,17,08_17,panelist,low,1,0,1,0,4.1,0,0,4.1
08,3,18,08_18,reviewer,none,0,0,0,1,4.1,1,0.3,4.4
08,3,19,08_19,panelist,low,1,0,1,0,4.1,0,0,4.1
08,3,20,08_20,panelist,low,1,0,1,0,4.1,0,0,4.1
08,3,21,08_21,reviewer,med,0,0,0,0,4.1,0,0,4.1
08,3,22,08_22,panelist,high,1,1,0,0,4.1,0,0,4.1
08,3,23,08_23,panelist,med,1,0,0,0,4.1,1,-0.2,3.9
08,3,24,08_24,panelist,med,1,0,0,0,4.1,0,0,4.1
08,4,01,08_01,panelist,med,1,0,0,0,3.7,0,0,3.7
08,4,02,08_02,panelist,med,1,0,0,0,3.7,0,0,3.7
08,4,03,08_03,panelist,high,1,1,0,0,3.7,0,0,3.7
08,4,04,08_04,panelist,high,1,1,0,0,3.7,0,0,3.7
08,4,05,08_05,panelist,med,1,0,0,0,3.7,0,0,3.7
08,4,06,08_06,panelist,med,1,0,0,0,3.7,1,0.2,3.9
08,4,07,08_07,panelist,low,1,0,1,0,3.7,0,0,3.7
08,4,08,08_08,panelist,none,1,0,0,1,3.7,0,0,3.7
08,4,09,08_09,reviewer,high,0,1,0,0,3.7,1,0.1,3.8
08,4,10,08_10,panelist,med,1,0,0,0,3.7,0,0,3.7
08,4,11,08_11,panelist,low,1,0,1,0,3.7,1,0.2,3.9
08,4,12,08_12,panelist,low,1,0,1,0,3.7,1,-0.1,3.6
08,4,13,08_13,panelist,none,1,0,0,1,3.7,1,-0.1,3.6
08,4,14,08_14,panelist,med,1,0,0,0,3.7,1,-0.2,3.5
08,4,15,08_15,panelist,none,1,0,0,1,3.7,0,0,3.7
08,4,16,08_16,panelist,med,1,0,0,0,3.7,1,0.2,3.9
08,4,17,08_17,panelist,high,1,1,0,0,3.7,1,-0.1,3.6
08,4,18,08_18,panelist,none,1,0,0,1,3.7,0,0,3.7
08,4,19,08_19,panelist,high,1,1,0,0,3.7,0,0,3.7
08,4,20,08_20,panelist,high,1,1,0,0,3.7,0,0,3.7
08,4,21,08_21,reviewer,med,0,0,0,0,3.7,0,0,3.7
08,4,22,08_22,reviewer,med,0,0,0,0,3.7,0,0,3.7
08,4,23,08_23,panelist,low,1,0,1,0,3.7,0,0,3.7
08,4,24,08_24,panelist,med,1,0,0,0,3.7,0,0,3.7
08,5,01,08_01,panelist,none,1,0,0,1,3.7,1,0.3,4
08,5,02,08_02,panelist,low,1,0,1,0,3.7,0,0,3.7
08,5,03,08_03,reviewer,low,0,0,1,0,3.7,1,-0.1,3.6
08,5,04,08_04,reviewer,none,0,0,0,1,3.7,0,0,3.7
08,5,05,08_05,panelist,med,1,0,0,0,3.7,0,0,3.7
08,5,06,08_06,panelist,low,1,0,1,0,3.7,0,0,3.7
08,5,07,08_07,reviewer,med,0,0,0,0,3.7,0,0,3.7
08,5,08,08_08,panelist,med,1,0,0,0,3.7,0,0,3.7
08,5,09,08_09,panelist,none,1,0,0,1,3.7,1,-0.2,3.5
08,5,10,08_10,panelist,med,1,0,0,0,3.7,0,0,3.7
08,5,11,08_11,panelist,high,1,1,0,0,3.7,0,0,3.7
08,5,12,08_12,panelist,med,1,0,0,0,3.7,1,-0.1,3.6
08,5,13,08_13,panelist,high,1,1,0,0,3.7,0,0,3.7
08,5,14,08_14,panelist,med,1,0,0,0,3.7,0,0,3.7
08,5,15,08_15,panelist,med,1,0,0,0,3.7,0,0,3.7
08,5,16,08_16,panelist,med,1,0,0,0,3.7,0,0,3.7
08,5,17,08_17,panelist,med,1,0,0,0,3.7,0,0,3.7
08,5,18,08_18,panelist,high,1,1,0,0,3.7,0,0,3.7
08,5,19,08_19,panelist,high,1,1,0,0,3.7,0,0,3.7
08,5,20,08_20,panelist,med,1,0,0,0,3.7,0,0,3.7
08,5,21,08_21,panelist,low,1,0,1,0,3.7,0,0,3.7
08,5,22,08_22,panelist,high,1,1,0,0,3.7,0,0,3.7
08,5,23,08_23,panelist,high,1,1,0,0,3.7,0,0,3.7
08,5,24,08_24,panelist,none,1,0,0,1,3.7,1,-0.2,3.5
08,6,01,08_01,panelist,low,1,0,1,0,3.5,0,0,3.5
08,6,02,08_02,panelist,none,1,0,0,1,3.5,1,-0.2,3.5
08,6,03,08_03,panelist,none,1,0,0,1,3.5,1,-0.2,3.5
08,6,04,08_04,panelist,med,1,0,0,0,3.5,1,-0.2,3.5
08,6,05,08_05,panelist,high,1,1,0,0,3.5,0,0,3.5
08,6,06,08_06,panelist,med,1,0,0,0,3.5,0,0,3.5
08,6,07,08_07,reviewer,high,0,1,0,0,3.5,0,0,3.5
08,6,08,08_08,panelist,med,1,0,0,0,3.5,1,0.2,3.7
08,6,09,08_09,panelist,med,1,0,0,0,3.5,0,0,3.5
08,6,10,08_10,panelist,none,1,0,0,1,3.5,0,0,3.5
08,6,11,08_11,panelist,med,1,0,0,0,3.5,0,0,3.5
08,6,12,08_12,panelist,high,1,1,0,0,3.5,0,0,3.5
08,6,13,08_13,reviewer,high,0,1,0,0,3.5,0,0,3.5
08,6,14,08_14,panelist,med,1,0,0,0,3.5,1,0.1,3.6
08,6,15,08_15,panelist,med,1,0,0,0,3.5,1,0.1,3.6
08,6,16,08_16,panelist,low,1,0,1,0,3.5,0,0,3.5
08,6,17,08_17,panelist,med,1,0,0,0,3.5,0,0,3.5
08,6,18,08_18,panelist,med,1,0,0,0,3.5,0,0,3.5
08,6,19,08_19,panelist,low,1,0,1,0,3.5,0,0,3.5
08,6,20,08_20,panelist,med,1,0,0,0,3.5,0,0,3.5
08,6,21,08_21,panelist,high,1,1,0,0,3.5,0,0,3.5
08,6,22,08_22,reviewer,high,0,1,0,0,3.5,0,0,3.5
08,6,23,08_23,panelist,none,1,0,0,1,3.5,1,0.2,3.7
08,6,24,08_24,panelist,low,1,0,1,0,3.5,1,0.2,3.7
08,7,01,08_01,panelist,high,1,1,0,0,3.9,0,0,3.9
08,7,02,08_02,panelist,none,1,0,0,1,3.9,1,-0.2,3.7
08,7,03,08_03,reviewer,med,0,0,0,0,3.9,0,0,3.9
08,7,04,08_04,panelist,med,1,0,0,0,3.9,0,0,3.9
08,7,05,08_05,panelist,low,1,0,1,0,3.9,0,0,3.9
08,7,06,08_06,panelist,med,1,0,0,0,3.9,0,0,3.9
08,7,07,08_07,panelist,high,1,1,0,0,3.9,1,0.2,4.1
08,7,08,08_08,panelist,none,1,0,0,1,3.9,1,0.1,4
08,7,09,08_09,panelist,none,1,0,0,1,3.9,0,0,3.9
08,7,10,08_10,panelist,med,1,0,0,0,3.9,1,0.2,4.1
08,7,11,08_11,reviewer,med,0,0,0,0,3.9,1,-0.2,3.7
08,7,12,08_12,panelist,med,1,0,0,0,3.9,0,0,3.9
08,7,13,08_13,panelist,med,1,0,0,0,3.9,1,-0.1,3.8
08,7,14,08_14,panelist,high,1,1,0,0,3.9,0,0,3.9
08,7,15,08_15,panelist,high,1,1,0,0,3.9,0,0,3.9
08,7,16,08_16,panelist,low,1,0,1,0,3.9,1,0.1,4
08,7,17,08_17,panelist,med,1,0,0,0,3.9,0,0,3.9
08,7,18,08_18,reviewer,none,0,0,0,1,3.9,1,0.1,4
08,7,19,08_19,panelist,low,1,0,1,0,3.9,1,-0.2,3.7
08,7,20,08_20,panelist,med,1,0,0,0,3.9,1,-0.1,3.8
08,7,21,08_21,panelist,high,1,1,0,0,3.9,0,0,3.9
08,7,22,08_22,panelist,med,1,0,0,0,3.9,0,0,3.9
08,7,23,08_23,panelist,low,1,0,1,0,3.9,1,0.1,4
08,7,24,08_24,panelist,high,1,1,0,0,3.9,0,0,3.9
08,8,01,08_01,panelist,high,1,1,0,0,3.5,0,0,3.5
08,8,02,08_02,reviewer,low,0,0,1,0,3.5,1,-0.2,3.5
08,8,03,08_03,panelist,low,1,0,1,0,3.5,1,0.2,3.7
08,8,04,08_04,panelist,med,1,0,0,0,3.5,1,-0.1,3.5
08,8,05,08_05,panelist,none,1,0,0,1,3.5,1,-0.1,3.5
08,8,06,08_06,panelist,low,1,0,1,0,3.5,1,0.2,3.7
08,8,07,08_07,panelist,high,1,1,0,0,3.5,1,0.1,3.6
08,8,08,08_08,panelist,none,1,0,0,1,3.5,0,0,3.5
08,8,09,08_09,reviewer,med,0,0,0,0,3.5,0,0,3.5
08,8,10,08_10,panelist,high,1,1,0,0,3.5,0,0,3.5
08,8,11,08_11,panelist,high,1,1,0,0,3.5,1,-0.1,3.5
08,8,12,08_12,reviewer,med,0,0,0,0,3.5,0,0,3.5
08,8,13,08_13,panelist,med,1,0,0,0,3.5,0,0,3.5
08,8,14,08_14,panelist,med,1,0,0,0,3.5,1,0.3,3.8
08,8,15,08_15,panelist,med,1,0,0,0,3.5,0,0,3.5
08,8,16,08_16,panelist,med,1,0,0,0,3.5,0,0,3.5
08,8,17,08_17,panelist,med,1,0,0,0,3.5,0,0,3.5
08,8,18,08_18,panelist,med,1,0,0,0,3.5,0,0,3.5
08,8,19,08_19,panelist,none,1,0,0,1,3.5,0,0,3.5
08,8,20,08_20,panelist,low,1,0,1,0,3.5,1,-0.1,3.5
08,8,21,08_21,panelist,high,1,1,0,0,3.5,1,0.2,3.7
08,8,22,08_22,panelist,med,1,0,0,0,3.5,1,-0.2,3.5
08,8,23,08_23,panelist,high,1,1,0,0,3.5,1,-0.3,3.5
08,8,24,08_24,panelist,none,1,0,0,1,3.5,0,0,3.5
08,9,01,08_01,panelist,med,1,0,0,0,4.2,1,-0.1,4.1
08,9,02,08_02,panelist,med,1,0,0,0,4.2,0,0,4.2
08,9,03,08_03,reviewer,none,0,0,0,1,4.2,0,0,4.2
08,9,04,08_04,panelist,med,1,0,0,0,4.2,1,0.1,4.3
08,9,05,08_05,panelist,med,1,0,0,0,4.2,1,-0.2,4
08,9,06,08_06,panelist,med,1,0,0,0,4.2,0,0,4.2
08,9,07,08_07,panelist,none,1,0,0,1,4.2,0,0,4.2
08,9,08,08_08,panelist,none,1,0,0,1,4.2,0,0,4.2
08,9,09,08_09,panelist,low,1,0,1,0,4.2,0,0,4.2
08,9,10,08_10,panelist,low,1,0,1,0,4.2,1,-0.1,4.1
08,9,11,08_11,panelist,med,1,0,0,0,4.2,0,0,4.2
08,9,12,08_12,reviewer,high,0,1,0,0,4.2,0,0,4.2
08,9,13,08_13,panelist,med,1,0,0,0,4.2,0,0,4.2
08,9,14,08_14,panelist,med,1,0,0,0,4.2,0,0,4.2
08,9,15,08_15,panelist,high,1,1,0,0,4.2,0,0,4.2
08,9,16,08_16,panelist,med,1,0,0,0,4.2,1,-0.1,4.1
08,9,17,08_17,panelist,none,1,0,0,1,4.2,0,0,4.2
08,9,18,08_18,panelist,low,1,0,1,0,4.2,1,0.1,4.3
08,9,19,08_19,panelist,high,1,1,0,0,4.2,1,0.2,4.4
08,9,20,08_20,panelist,high,1,1,0,0,4.2,0,0,4.2
08,9,21,08_21,reviewer,med,0,0,0,0,4.2,1,-0.1,4.1
08,9,22,08_22,panelist,low,1,0,1,0,4.2,1,0.2,4.4
08,9,23,08_23,panelist,high,1,1,0,0,4.2,0,0,4.2
08,9,24,08_24,panelist,high,1,1,0,0,4.2,1,-0.2,4
08,10,01,08_01,panelist,high,1,1,0,0,4.5,1,0.1,4.6
08,10,02,08_02,panelist,none,1,0,0,1,4.5,1,-0.2,4.3
08,10,03,08_03,panelist,med,1,0,0,0,4.5,1,-0.1,4.4
08,10,04,08_04,panelist,med,1,0,0,0,4.5,0,0,4.5
08,10,05,08_05,panelist,med,1,0,0,0,4.5,0,0,4.5
08,10,06,08_06,panelist,med,1,0,0,0,4.5,1,-0.1,4.4
08,10,07,08_07,panelist,high,1,1,0,0,4.5,0,0,4.5
08,10,08,08_08,panelist,none,1,0,0,1,4.5,1,0.2,4.7
08,10,09,08_09,panelist,high,1,1,0,0,4.5,0,0,4.5
08,10,10,08_10,panelist,low,1,0,1,0,4.5,1,-0.2,4.3
08,10,11,08_11,panelist,none,1,0,0,1,4.5,0,0,4.5
08,10,12,08_12,panelist,med,1,0,0,0,4.5,0,0,4.5
08,10,13,08_13,panelist,low,1,0,1,0,4.5,0,0,4.5
08,10,14,08_14,panelist,med,1,0,0,0,4.5,1,-0.3,4.2
08,10,15,08_15,panelist,med,1,0,0,0,4.5,1,-0.1,4.4
08,10,16,08_16,reviewer,high,0,1,0,0,4.5,0,0,4.5
08,10,17,08_17,reviewer,med,0,0,0,0,4.5,1,0.1,4.6
08,10,18,08_18,panelist,high,1,1,0,0,4.5,0,0,4.5
08,10,19,08_19,reviewer,med,0,0,0,0,4.5,0,0,4.5
08,10,20,08_20,panelist,high,1,1,0,0,4.5,0,0,4.5
08,10,21,08_21,panelist,none,1,0,0,1,4.5,1,0.1,4.6
08,10,22,08_22,panelist,low,1,0,1,0,4.5,0,0,4.5
08,10,23,08_23,panelist,low,1,0,1,0,4.5,0,0,4.5
08,10,24,08_24,panelist,med,1,0,0,0,4.5,1,0.1,4.6
08,11,01,08_01,panelist,high,1,1,0,0,4.1,1,-0.2,3.9
08,11,02,08_02,panelist,low,1,0,1,0,4.1,0,0,4.1
08,11,03,08_03,reviewer,high,0,1,0,0,4.1,0,0,4.1
08,11,04,08_04,panelist,high,1,1,0,0,4.1,1,0.1,4.2
08,11,05,08_05,panelist,med,1,0,0,0,4.1,0,0,4.1
08,11,06,08_06,reviewer,low,0,0,1,0,4.1,0,0,4.1
08,11,07,08_07,panelist,med,1,0,0,0,4.1,0,0,4.1
08,11,08,08_08,panelist,med,1,0,0,0,4.1,0,0,4.1
08,11,09,08_09,panelist,none,1,0,0,1,4.1,1,0.2,4.3
08,11,10,08_10,panelist,none,1,0,0,1,4.1,1,0.1,4.2
08,11,11,08_11,panelist,high,1,1,0,0,4.1,0,0,4.1
08,11,12,08_12,panelist,high,1,1,0,0,4.1,0,0,4.1
08,11,13,08_13,panelist,high,1,1,0,0,4.1,0,0,4.1
08,11,14,08_14,panelist,med,1,0,0,0,4.1,0,0,4.1
08,11,15,08_15,panelist,med,1,0,0,0,4.1,1,-0.2,3.9
08,11,16,08_16,panelist,med,1,0,0,0,4.1,1,0.2,4.3
08,11,17,08_17,panelist,med,1,0,0,0,4.1,0,0,4.1
08,11,18,08_18,panelist,low,1,0,1,0,4.1,1,-0.1,4
08,11,19,08_19,panelist,none,1,0,0,1,4.1,1,-0.1,4
08,11,20,08_20,panelist,med,1,0,0,0,4.1,1,0.1,4.2
08,11,21,08_21,panelist,low,1,0,1,0,4.1,0,0,4.1
08,11,22,08_22,panelist,none,1,0,0,1,4.1,0,0,4.1
08,11,23,08_23,reviewer,med,0,0,0,0,4.1,0,0,4.1
08,11,24,08_24,panelist,med,1,0,0,0,4.1,0,0,4.1
08,12,01,08_01,panelist,med,1,0,0,0,4.8,0,0,4.8
08,12,02,08_02,panelist,high,1,1,0,0,4.8,0,0,4.8
08,12,03,08_03,panelist,none,1,0,0,1,4.8,0,0,4.8
08,12,04,08_04,panelist,low,1,0,1,0,4.8,0,0,4.8
08,12,05,08_05,panelist,med,1,0,0,0,4.8,0,0,4.8
08,12,06,08_06,reviewer,high,0,1,0,0,4.8,0,0,4.8
08,12,07,08_07,panelist,med,1,0,0,0,4.8,0,0,4.8
08,12,08,08_08,panelist,high,1,1,0,0,4.8,1,-0.2,4.6
08,12,09,08_09,reviewer,med,0,0,0,0,4.8,1,0.2,4.9
08,12,10,08_10,panelist,med,1,0,0,0,4.8,1,0.3,4.9
08,12,11,08_11,panelist,low,1,0,1,0,4.8,1,0.2,4.9
08,12,12,08_12,panelist,med,1,0,0,0,4.8,1,-0.2,4.6
08,12,13,08_13,panelist,none,1,0,0,1,4.8,0,0,4.8
08,12,14,08_14,panelist,high,1,1,0,0,4.8,0,0,4.8
08,12,15,08_15,panelist,none,1,0,0,1,4.8,1,0.2,4.9
08,12,16,08_16,panelist,med,1,0,0,0,4.8,1,0.1,4.9
08,12,17,08_17,panelist,high,1,1,0,0,4.8,1,0.1,4.9
08,12,18,08_18,panelist,low,1,0,1,0,4.8,1,-0.2,4.6
08,12,19,08_19,panelist,none,1,0,0,1,4.8,1,-0.1,4.7
08,12,20,08_20,reviewer,med,0,0,0,0,4.8,0,0,4.8
08,12,21,08_21,panelist,med,1,0,0,0,4.8,1,-0.1,4.7
08,12,22,08_22,panelist,low,1,0,1,0,4.8,1,0.1,4.9
08,12,23,08_23,panelist,high,1,1,0,0,4.8,0,0,4.8
08,12,24,08_24,panelist,med,1,0,0,0,4.8,1,-0.2,4.6
08,13,01,08_01,panelist,med,1,0,0,0,4.5,0,0,4.5
08,13,02,08_02,panelist,med,1,0,0,0,4.5,0,0,4.5
08,13,03,08_03,panelist,med,1,0,0,0,4.5,0,0,4.5
08,13,04,08_04,reviewer,none,0,0,0,1,4.5,0,0,4.5
08,13,05,08_05,panelist,med,1,0,0,0,4.5,0,0,4.5
08,13,06,08_06,panelist,med,1,0,0,0,4.5,1,0.3,4.8
08,13,07,08_07,panelist,high,1,1,0,0,4.5,1,-0.2,4.3
08,13,08,08_08,panelist,med,1,0,0,0,4.5,1,0.2,4.7
08,13,09,08_09,panelist,med,1,0,0,0,4.5,0,0,4.5
08,13,10,08_10,panelist,none,1,0,0,1,4.5,0,0,4.5
08,13,11,08_11,panelist,high,1,1,0,0,4.5,1,0.2,4.7
08,13,12,08_12,panelist,low,1,0,1,0,4.5,1,0.3,4.8
08,13,13,08_13,panelist,low,1,0,1,0,4.5,0,0,4.5
08,13,14,08_14,reviewer,none,0,0,0,1,4.5,0,0,4.5
08,13,15,08_15,panelist,high,1,1,0,0,4.5,0,0,4.5
08,13,16,08_16,panelist,high,1,1,0,0,4.5,1,-0.1,4.4
08,13,17,08_17,panelist,low,1,0,1,0,4.5,0,0,4.5
08,13,18,08_18,panelist,med,1,0,0,0,4.5,0,0,4.5
08,13,19,08_19,panelist,low,1,0,1,0,4.5,0,0,4.5
08,13,20,08_20,panelist,high,1,1,0,0,4.5,0,0,4.5
08,13,21,08_21,panelist,med,1,0,0,0,4.5,1,-0.1,4.4
08,13,22,08_22,panelist,med,1,0,0,0,4.5,0,0,4.5
08,13,23,08_23,panelist,high,1,1,0,0,4.5,1,-0.3,4.2
08,13,24,08_24,reviewer,none,0,0,0,1,4.5,1,-0.3,4.2
08,14,01,08_01,panelist,low,1,0,1,0,3.5,0,0,3.5
08,14,02,08_02,panelist,med,1,0,0,0,3.5,0,0,3.5
08,14,03,08_03,panelist,none,1,0,0,1,3.5,0,0,3.5
08,14,04,08_04,panelist,low,1,0,1,0,3.5,1,-0.1,3.5
08,14,05,08_05,panelist,none,1,0,0,1,3.5,0,0,3.5
08,14,06,08_06,panelist,med,1,0,0,0,3.5,1,0.2,3.7
08,14,07,08_07,panelist,med,1,0,0,0,3.5,0,0,3.5
08,14,08,08_08,panelist,med,1,0,0,0,3.5,0,0,3.5
08,14,09,08_09,panelist,med,1,0,0,0,3.5,1,0.2,3.7
08,14,10,08_10,reviewer,med,0,0,0,0,3.5,1,-0.2,3.5
08,14,11,08_11,panelist,high,1,1,0,0,3.5,0,0,3.5
08,14,12,08_12,reviewer,med,0,0,0,0,3.5,0,0,3.5
08,14,13,08_13,panelist,med,1,0,0,0,3.5,1,0.2,3.7
08,14,14,08_14,panelist,high,1,1,0,0,3.5,0,0,3.5
08,14,15,08_15,panelist,med,1,0,0,0,3.5,0,0,3.5
08,14,16,08_16,panelist,low,1,0,1,0,3.5,0,0,3.5
08,14,17,08_17,panelist,med,1,0,0,0,3.5,0,0,3.5
08,14,18,08_18,panelist,none,1,0,0,1,3.5,1,-0.1,3.5
08,14,19,08_19,panelist,none,1,0,0,1,3.5,0,0,3.5
08,14,20,08_20,panelist,high,1,1,0,0,3.5,0,0,3.5
08,14,21,08_21,panelist,high,1,1,0,0,3.5,0,0,3.5
08,14,22,08_22,reviewer,high,0,1,0,0,3.5,1,0.1,3.6
08,14,23,08_23,panelist,low,1,0,1,0,3.5,0,0,3.5
08,14,24,08_24,panelist,high,1,1,0,0,3.5,0,0,3.5
08,15,01,08_01,panelist,low,1,0,1,0,4.3,0,0,4.3
08,15,02,08_02,panelist,low,1,0,1,0,4.3,0,0,4.3
08,15,03,08_03,panelist,none,1,0,0,1,4.3,0,0,4.3
08,15,04,08_04,panelist,low,1,0,1,0,4.3,0,0,4.3
08,15,05,08_05,panelist,high,1,1,0,0,4.3,0,0,4.3
08,15,06,08_06,panelist,med,1,0,0,0,4.3,0,0,4.3
08,15,07,08_07,panelist,med,1,0,0,0,4.3,1,0.2,4.5
08,15,08,08_08,panelist,high,1,1,0,0,4.3,1,0.4,4.7
08,15,09,08_09,panelist,high,1,1,0,0,4.3,0,0,4.3
08,15,10,08_10,panelist,med,1,0,0,0,4.3,0,0,4.3
08,15,11,08_11,panelist,none,1,0,0,1,4.3,1,0.2,4.5
08,15,12,08_12,panelist,med,1,0,0,0,4.3,0,0,4.3
08,15,13,08_13,panelist,med,1,0,0,0,4.3,0,0,4.3
08,15,14,08_14,reviewer,med,0,0,0,0,4.3,0,0,4.3
08,15,15,08_15,panelist,med,1,0,0,0,4.3,0,0,4.3
08,15,16,08_16,panelist,none,1,0,0,1,4.3,0,0,4.3
08,15,17,08_17,reviewer,med,0,0,0,0,4.3,0,0,4.3
08,15,18,08_18,panelist,high,1,1,0,0,4.3,0,0,4.3
08,15,19,08_19,reviewer,high,0,1,0,0,4.3,0,0,4.3
08,15,20,08_20,panelist,low,1,0,1,0,4.3,0,0,4.3
08,15,21,08_21,panelist,med,1,0,0,0,4.3,0,0,4.3
08,15,22,08_22,panelist,none,1,0,0,1,4.3,0,0,4.3
08,15,23,08_23,panelist,med,1,0,0,0,4.3,1,-0.2,4.1
08,15,24,08_24,panelist,high,1,1,0,0,4.3,0,0,4.3
09,1,01,09_01,panelist,med,1,0,0,0,3.5,1,-0.2,3.5
09,1,02,09_02,panelist,low,1,0,1,0,3.5,0,0,3.5
09,1,03,09_03,panelist,none,1,0,0,1,3.5,0,0,3.5
09,1,04,09_04,panelist,high,1,1,0,0,3.5,0,0,3.5
09,1,05,09_05,panelist,med,1,0,0,0,3.5,0,0,3.5
09,1,06,09_06,panelist,low,1,0,1,0,3.5,1,0.1,3.6
09,1,07,09_07,panelist,low,1,0,1,0,3.5,0,0,3.5
09,1,08,09_08,reviewer,med,0,0,0,0,3.5,1,0.1,3.6
09,1,09,09_09,panelist,high,1,1,0,0,3.5,0,0,3.5
09,1,10,09_10,panelist,high,1,1,0,0,3.5,0,0,3.5
09,1,11,09_11,panelist,med,1,0,0,0,3.5,0,0,3.5
09,1,12,09_12,panelist,med,1,0,0,0,3.5,0,0,3.5
09,1,13,09_13,reviewer,high,0,1,0,0,3.5,0,0,3.5
09,1,14,09_14,panelist,low,1,0,1,0,3.5,1,-0.1,3.5
09,1,15,09_15,reviewer,med,0,0,0,0,3.5,1,0.1,3.6
09,1,16,09_16,panelist,high,1,1,0,0,3.5,0,0,3.5
09,1,17,09_17,panelist,none,1,0,0,1,3.5,1,-0.1,3.5
09,1,18,09_18,panelist,med,1,0,0,0,3.5,1,0.3,3.8
09,1,19,09_19,panelist,none,1,0,0,1,3.5,0,0,3.5
09,1,20,09_20,panelist,med,1,0,0,0,3.5,0,0,3.5
09,1,21,09_21,panelist,med,1,0,0,0,3.5,1,-0.3,3.5
09,1,22,09_22,panelist,none,1,0,0,1,3.5,0,0,3.5
09,1,23,09_23,panelist,med,1,0,0,0,3.5,0,0,3.5
09,1,24,09_24,panelist,high,1,1,0,0,3.5,0,0,3.5
09,2,01,09_01,panelist,med,1,0,0,0,4.1,0,0,4.1
09,2,02,09_02,panelist,high,1,1,0,0,4.1,0,0,4.1
09,2,03,09_03,panelist,none,1,0,0,1,4.1,0,0,4.1
09,2,04,09_04,panelist,med,1,0,0,0,4.1,1,-0.1,4
09,2,05,09_05,panelist,med,1,0,0,0,4.1,1,0.1,4.2
09,2,06,09_06,panelist,low,1,0,1,0,4.1,0,0,4.1
09,2,07,09_07,reviewer,none,0,0,0,1,4.1,0,0,4.1
09,2,08,09_08,panelist,med,1,0,0,0,4.1,0,0,4.1
09,2,09,09_09,panelist,med,1,0,0,0,4.1,0,0,4.1
09,2,10,09_10,panelist,med,1,0,0,0,4.1,1,0.1,4.2
09,2,11,09_11,panelist,low,1,0,1,0,4.1,0,0,4.1
09,2,12,09_12,panelist,med,1,0,0,0,4.1,1,-0.3,3.8
09,2,13,09_13,panelist,low,1,0,1,0,4.1,1,-0.2,3.9
09,2,14,09_14,panelist,med,1,0,0,0,4.1,0,0,4.1
09,2,15,09_15,panelist,med,1,0,0,0,4.1,1,0.1,4.2
09,2,16,09_16,panelist,low,1,0,1,0,4.1,1,-0.2,3.9
09,2,17,09_17,panelist,high,1,1,0,0,4.1,0,0,4.1
09,2,18,09_18,reviewer,high,0,1,0,0,4.1,0,0,4.1
09,2,19,09_19,reviewer,high,0,1,0,0,4.1,0,0,4.1
09,2,20,09_20,panelist,high,1,1,0,0,4.1,0,0,4.1
09,2,21,09_21,panelist,none,1,0,0,1,4.1,0,0,4.1
09,2,22,09_22,panelist,high,1,1,0,0,4.1,0,0,4.1
09,2,23,09_23,panelist,none,1,0,0,1,4.1,0,0,4.1
09,2,24,09_24,panelist,med,1,0,0,0,4.1,0,0,4.1
09,3,01,09_01,reviewer,med,0,0,0,0,4,0,0,4
09,3,02,09_02,reviewer,med,0,0,0,0,4,0,0,4
09,3,03,09_03,panelist,med,1,0,0,0,4,0,0,4
09,3,04,09_04,panelist,none,1,0,0,1,4,0,0,4
09,3,05,09_05,panelist,high,1,1,0,0,4,0,0,4
09,3,06,09_06,panelist,high,1,1,0,0,4,0,0,4
09,3,07,09_07,panelist,high,1,1,0,0,4,0,0,4
09,3,08,09_08,panelist,med,1,0,0,0,4,0,0,4
09,3,09,09_09,panelist,none,1,0,0,1,4,0,0,4
09,3,10,09_10,panelist,med,1,0,0,0,4,1,0.1,4.1
09,3,11,09_11,panelist,low,1,0,1,0,4,1,-0.1,3.9
09,3,12,09_12,panelist,low,1,0,1,0,4,1,-0.2,3.8
09,3,13,09_13,panelist,none,1,0,0,1,4,0,0,4
09,3,14,09_14,panelist,med,1,0,0,0,4,1,0.1,4.1
09,3,15,09_15,panelist,med,1,0,0,0,4,0,0,4
09,3,16,09_16,panelist,med,1,0,0,0,4,0,0,4
09,3,17,09_17,panelist,med,1,0,0,0,4,1,-0.3,3.7
09,3,18,09_18,panelist,low,1,0,1,0,4,0,0,4
09,3,19,09_19,panelist,none,1,0,0,1,4,0,0,4
09,3,20,09_20,panelist,med,1,0,0,0,4,0,0,4
09,3,21,09_21,panelist,high,1,1,0,0,4,0,0,4
09,3,22,09_22,panelist,high,1,1,0,0,4,0,0,4
09,3,23,09_23,reviewer,high,0,1,0,0,4,0,0,4
09,3,24,09_24,panelist,low,1,0,1,0,4,0,0,4
09,4,01,09_01,panelist,high,1,1,0,0,3.6,1,-0.2,3.5
09,4,02,09_02,panelist,high,1,1,0,0,3.6,1,0.1,3.7
09,4,03,09_03,reviewer,med,0,0,0,0,3.6,0,0,3.6
09,4,04,09_04,panelist,med,1,0,0,0,3.6,1,0.1,3.7
09,4,05,09_05,panelist,low,1,0,1,0,3.6,0,0,3.6
09,4,06,09_06,panelist,high,1,1,0,0,3.6,1,-0.1,3.5
09,4,07,09_07,reviewer,none,0,0,0,1,3.6,0,0,3.6
09,4,08,09_08,panelist,none,1,0,0,1,3.6,0,0,3.6
09,4,09,09_09,panelist,med,1,0,0,0,3.6,0,0,3.6
09,4,10,09_10,panelist,low,1,0,1,0,3.6,0,0,3.6
09,4,11,09_11,panelist,high,1,1,0,0,3.6,1,-0.1,3.5
09,4,12,09_12,panelist,med,1,0,0,0,3.6,0,0,3.6
09,4,13,09_13,panelist,med,1,0,0,0,3.6,1,0.1,3.7
09,4,14,09_14,panelist,med,1,0,0,0,3.6,0,0,3.6
09,4,15,09_15,panelist,high,1,1,0,0,3.6,0,0,3.6
09,4,16,09_16,panelist,high,1,1,0,0,3.6,0,0,3.6
09,4,17,09_17,panelist,low,1,0,1,0,3.6,1,0.3,3.9
09,4,18,09_18,panelist,med,1,0,0,0,3.6,0,0,3.6
09,4,19,09_19,panelist,none,1,0,0,1,3.6,0,0,3.6
09,4,20,09_20,panelist,med,1,0,0,0,3.6,1,-0.2,3.5
09,4,21,09_21,reviewer,none,0,0,0,1,3.6,1,0.2,3.8
09,4,22,09_22,panelist,med,1,0,0,0,3.6,0,0,3.6
09,4,23,09_23,panelist,low,1,0,1,0,3.6,0,0,3.6
09,4,24,09_24,panelist,med,1,0,0,0,3.6,0,0,3.6
09,5,01,09_01,panelist,high,1,1,0,0,3.6,0,0,3.6
09,5,02,09_02,panelist,high,1,1,0,0,3.6,1,-0.1,3.5
09,5,03,09_03,reviewer,none,0,0,0,1,3.6,0,0,3.6
09,5,04,09_04,panelist,high,1,1,0,0,3.6,0,0,3.6
09,5,05,09_05,panelist,low,1,0,1,0,3.6,1,-0.1,3.5
09,5,06,09_06,panelist,med,1,0,0,0,3.6,1,-0.1,3.5
09,5,07,09_07,panelist,med,1,0,0,0,3.6,1,0.1,3.7
09,5,08,09_08,panelist,med,1,0,0,0,3.6,1,-0.2,3.5
09,5,09,09_09,panelist,low,1,0,1,0,3.6,1,0.2,3.8
09,5,10,09_10,panelist,high,1,1,0,0,3.6,0,0,3.6
09,5,11,09_11,panelist,med,1,0,0,0,3.6,0,0,3.6
09,5,12,09_12,panelist,none,1,0,0,1,3.6,0,0,3.6
09,5,13,09_13,panelist,low,1,0,1,0,3.6,0,0,3.6
09,5,14,09_14,panelist,med,1,0,0,0,3.6,1,-0.3,3.5
09,5,15,09_15,panelist,high,1,1,0,0,3.6,1,-0.2,3.5
09,5,16,09_16,reviewer,low,0,0,1,0,3.6,0,0,3.6
09,5,17,09_17,panelist,med,1,0,0,0,3.6,0,0,3.6
09,5,18,09_18,panelist,high,1,1,0,0,3.6,0,0,3.6
09,5,19,09_19,reviewer,med,0,0,0,0,3.6,0,0,3.6
09,5,20,09_20,panelist,med,1,0,0,0,3.6,1,-0.1,3.5
09,5,21,09_21,panelist,none,1,0,0,1,3.6,1,0.1,3.7
09,5,22,09_22,panelist,med,1,0,0,0,3.6,0,0,3.6
09,5,23,09_23,panelist,med,1,0,0,0,3.6,0,0,3.6
09,5,24,09_24,panelist,none,1,0,0,1,3.6,0,0,3.6
09,6,01,09_01,panelist,none,1,0,0,1,3.5,1,0.2,3.7
09,6,02,09_02,panelist,none,1,0,0,1,3.5,0,0,3.5
09,6,03,09_03,panelist,med,1,0,0,0,3.5,0,0,3.5
09,6,04,09_04,panelist,low,1,0,1,0,3.5,1,-0.1,3.5
09,6,05,09_05,panelist,med,1,0,0,0,3.5,0,0,3.5
09,6,06,09_06,panelist,med,1,0,0,0,3.5,1,0.2,3.7
09,6,07,09_07,panelist,med,1,0,0,0,3.5,1,0.1,3.6
09,6,08,09_08,panelist,high,1,1,0,0,3.5,1,-0.1,3.5
09,6,09,09_09,panelist,high,1,1,0,0,3.5,0,0,3.5
09,6,10,09_10,panelist,med,1,0,0,0,3.5,1,0.1,3.6
09,6,11,09_11,panelist,low,1,0,1,0,3.5,1,-0.2,3.5
09,6,12,09_12,reviewer,high,0,1,0,0,3.5,0,0,3.5
09,6,13,09_13,panelist,none,1,0,0,1,3.5,1,-0.2,3.5
09,6,14,09_14,panelist,med,1,0,0,0,3.5,0,0,3.5
09,6,15,09_15,panelist,low,1,0,1,0,3.5,1,0.1,3.6
09,6,16,09_16,panelist,high,1,1,0,0,3.5,0,0,3.5
09,6,17,09_17,reviewer,med,0,0,0,0,3.5,0,0,3.5
09,6,18,09_18,reviewer,high,0,1,0,0,3.5,0,0,3.5
09,6,19,09_19,panelist,high,1,1,0,0,3.5,0,0,3.5
09,6,20,09_20,panelist,low,1,0,1,0,3.5,0,0,3.5
09,6,21,09_21,panelist,med,1,0,0,0,3.5,1,0.2,3.7
09,6,22,09_22,panelist,med,1,0,0,0,3.5,0,0,3.5
09,6,23,09_23,panelist,none,1,0,0,1,3.5,0,0,3.5
09,6,24,09_24,panelist,med,1,0,0,0,3.5,1,-0.3,3.5
09,7,01,09_01,panelist,none,1,0,0,1,3.8,0,0,3.8
09,7,02,09_02,panelist,low,1,0,1,0,3.8,1,-0.3,3.5
09,7,03,09_03,panelist,med,1,0,0,0,3.8,0,0,3.8
09,7,04,09_04,panelist,med,1,0,0,0,3.8,0,0,3.8
09,7,05,09_05,panelist,low,1,0,1,0,3.8,1,0.1,3.9
09,7,06,09_06,panelist,low,1,0,1,0,3.8,1,0.1,3.9
09,7,07,09_07,panelist,med,1,0,0,0,3.8,1,-0.2,3.6
09,7,08,09_08,panelist,med,1,0,0,0,3.8,0,0,3.8
09,7,09,09_09,panelist,high,1,1,0,0,3.8,0,0,3.8
09,7,10,09_10,panelist,none,1,0,0,1,3.8,0,0,3.8
09,7,11,09_11,reviewer,none,0,0,0,1,3.8,1,0.1,3.9
09,7,12,09_12,panelist,high,1,1,0,0,3.8,1,0.1,3.9
09,7,13,09_13,panelist,high,1,1,0,0,3.8,0,0,3.8
09,7,14,09_14,panelist,med,1,0,0,0,3.8,0,0,3.8
09,7,15,09_15,panelist,high,1,1,0,0,3.8,0,0,3.8
09,7,16,09_16,panelist,high,1,1,0,0,3.8,0,0,3.8
09,7,17,09_17,panelist,high,1,1,0,0,3.8,0,0,3.8
09,7,18,09_18,panelist,med,1,0,0,0,3.8,0,0,3.8
09,7,19,09_19,panelist,med,1,0,0,0,3.8,0,0,3.8
09,7,20,09_20,reviewer,med,0,0,0,0,3.8,0,0,3.8
09,7,21,09_21,panelist,low,1,0,1,0,3.8,0,0,3.8
09,7,22,09_22,panelist,med,1,0,0,0,3.8,0,0,3.8
09,7,23,09_23,reviewer,none,0,0,0,1,3.8,0,0,3.8
09,7,24,09_24,panelist,med,1,0,0,0,3.8,1,-0.1,3.7
09,8,01,09_01,panelist,med,1,0,0,0,3.5,0,0,3.5
09,8,02,09_02,panelist,low,1,0,1,0,3.5,0,0,3.5
09,8,03,09_03,panelist,none,1,0,0,1,3.5,1,-0.2,3.5
09,8,04,09_04,reviewer,med,0,0,0,0,3.5,0,0,3.5
09,8,05,09_05,panelist,low,1,0,1,0,3.5,0,0,3.5
09,8,06,09_06,panelist,high,1,1,0,0,3.5,0,0,3.5
09,8,07,09_07,panelist,med,1,0,0,0,3.5,0,0,3.5
09,8,08,09_08,panelist,low,1,0,1,0,3.5,0,0,3.5
09,8,09,09_09,panelist,high,1,1,0,0,3.5,0,0,3.5
09,8,10,09_10,panelist,med,1,0,0,0,3.5,0,0,3.5
09,8,11,09_11,panelist,high,1,1,0,0,3.5,1,-0.2,3.5
09,8,12,09_12,panelist,med,1,0,0,0,3.5,1,0.1,3.6
09,8,13,09_13,panelist,high,1,1,0,0,3.5,0,0,3.5
09,8,14,09_14,panelist,none,1,0,0,1,3.5,1,0.1,3.6
09,8,15,09_15,panelist,med,1,0,0,0,3.5,0,0,3.5
09,8,16,09_16,panelist,med,1,0,0,0,3.5,1,-0.1,3.5
09,8,17,09_17,panelist,med,1,0,0,0,3.5,0,0,3.5
09,8,18,09_18,panelist,high,1,1,0,0,3.5,0,0,3.5
09,8,19,09_19,panelist,med,1,0,0,0,3.5,1,-0.1,3.5
09,8,20,09_20,panelist,high,1,1,0,0,3.5,0,0,3.5
09,8,21,09_21,panelist,med,1,0,0,0,3.5,0,0,3.5
09,8,22,09_22,reviewer,none,0,0,0,1,3.5,0,0,3.5
09,8,23,09_23,reviewer,none,0,0,0,1,3.5,0,0,3.5
09,8,24,09_24,panelist,low,1,0,1,0,3.5,0,0,3.5
09,9,01,09_01,panelist,low,1,0,1,0,4.1,0,0,4.1
09,9,02,09_02,panelist,none,1,0,0,1,4.1,0,0,4.1
09,9,03,09_03,panelist,high,1,1,0,0,4.1,0,0,4.1
09,9,04,09_04,panelist,low,1,0,1,0,4.1,1,0.1,4.2
09,9,05,09_05,panelist,low,1,0,1,0,4.1,0,0,4.1
09,9,06,09_06,panelist,med,1,0,0,0,4.1,0,0,4.1
09,9,07,09_07,panelist,high,1,1,0,0,4.1,0,0,4.1
09,9,08,09_08,panelist,low,1,0,1,0,4.1,0,0,4.1
09,9,09,09_09,panelist,none,1,0,0,1,4.1,0,0,4.1
09,9,10,09_10,panelist,none,1,0,0,1,4.1,0,0,4.1
09,9,11,09_11,panelist,high,1,1,0,0,4.1,0,0,4.1
09,9,12,09_12,panelist,high,1,1,0,0,4.1,1,-0.1,4
09,9,13,09_13,panelist,med,1,0,0,0,4.1,0,0,4.1
09,9,14,09_14,panelist,med,1,0,0,0,4.1,1,-0.2,3.9
09,9,15,09_15,panelist,med,1,0,0,0,4.1,1,0.2,4.3
09,9,16,09_16,reviewer,med,0,0,0,0,4.1,0,0,4.1
09,9,17,09_17,panelist,med,1,0,0,0,4.1,0,0,4.1
09,9,18,09_18,panelist,none,1,0,0,1,4.1,1,0.1,4.2
09,9,19,09_19,panelist,med,1,0,0,0,4.1,0,0,4.1
09,9,20,09_20,reviewer,med,0,0,0,0,4.1,0,0,4.1
09,9,21,09_21,panelist,med,1,0,0,0,4.1,0,0,4.1
09,9,22,09_22,panelist,high,1,1,0,0,4.1,1,0.2,4.3
09,9,23,09_23,reviewer,med,0,0,0,0,4.1,0,0,4.1
09,9,24,09_24,panelist,high,1,1,0,0,4.1,1,-0.1,4
09,10,01,09_01,panelist,high,1,1,0,0,4.4,0,0,4.4
09,10,02,09_02,panelist,none,1,0,0,1,4.4,1,0.1,4.5
09,10,03,09_03,panelist,high,1,1,0,0,4.4,0,0,4.4
09,10,04,09_04,reviewer,med,0,0,0,0,4.4,0,0,4.4
09,10,05,09_05,panelist,high,1,1,0,0,4.4,0,0,4.4
09,10,06,09_06,panelist,high,1,1,0,0,4.4,1,-0.2,4.2
09,10,07,09_07,panelist,med,1,0,0,0,4.4,1,0.2,4.6
09,10,08,09_08,panelist,med,1,0,0,0,4.4,1,-0.1,4.3
09,10,09,09_09,panelist,low,1,0,1,0,4.4,0,0,4.4
09,10,10,09_10,panelist,none,1,0,0,1,4.4,0,0,4.4
09,10,11,09_11,panelist,med,1,0,0,0,4.4,1,0.1,4.5
09,10,12,09_12,panelist,med,1,0,0,0,4.4,1,-0.1,4.3
09,10,13,09_13,reviewer,med,0,0,0,0,4.4,0,0,4.4
09,10,14,09_14,panelist,med,1,0,0,0,4.4,0,0,4.4
09,10,15,09_15,panelist,none,1,0,0,1,4.4,1,-0.1,4.3
09,10,16,09_16,panelist,none,1,0,0,1,4.4,1,-0.1,4.3
09,10,17,09_17,panelist,low,1,0,1,0,4.4,0,0,4.4
09,10,18,09_18,panelist,low,1,0,1,0,4.4,1,0.2,4.6
09,10,19,09_19,reviewer,high,0,1,0,0,4.4,1,-0.1,4.3
09,10,20,09_20,panelist,med,1,0,0,0,4.4,1,0.1,4.5
09,10,21,09_21,panelist,med,1,0,0,0,4.4,1,0.1,4.5
09,10,22,09_22,panelist,low,1,0,1,0,4.4,0,0,4.4
09,10,23,09_23,panelist,med,1,0,0,0,4.4,0,0,4.4
09,10,24,09_24,panelist,high,1,1,0,0,4.4,1,-0.1,4.3
09,11,01,09_01,panelist,none,1,0,0,1,4,1,-0.1,3.9
09,11,02,09_02,reviewer,high,0,1,0,0,4,1,0.1,4.1
09,11,03,09_03,panelist,high,1,1,0,0,4,1,-0.2,3.8
09,11,04,09_04,panelist,med,1,0,0,0,4,0,0,4
09,11,05,09_05,panelist,none,1,0,0,1,4,0,0,4
09,11,06,09_06,panelist,med,1,0,0,0,4,0,0,4
09,11,07,09_07,panelist,high,1,1,0,0,4,0,0,4
09,11,08,09_08,panelist,low,1,0,1,0,4,0,0,4
09,11,09,09_09,reviewer,low,0,0,1,0,4,1,0.1,4.1
09,11,10,09_10,panelist,med,1,0,0,0,4,0,0,4
09,11,11,09_11,panelist,low,1,0,1,0,4,1,0.1,4.1
09,11,12,09_12,panelist,none,1,0,0,1,4,1,0.1,4.1
09,11,13,09_13,reviewer,med,0,0,0,0,4,0,0,4
09,11,14,09_14,panelist,med,1,0,0,0,4,0,0,4
09,11,15,09_15,panelist,med,1,0,0,0,4,0,0,4
09,11,16,09_16,panelist,high,1,1,0,0,4,0,0,4
09,11,17,09_17,panelist,low,1,0,1,0,4,1,-0.2,3.8
09,11,18,09_18,panelist,high,1,1,0,0,4,1,0.4,4.4
09,11,19,09_19,panelist,none,1,0,0,1,4,1,0.1,4.1
09,11,20,09_20,panelist,med,1,0,0,0,4,1,0.1,4.1
09,11,21,09_21,panelist,med,1,0,0,0,4,1,-0.1,3.9
09,11,22,09_22,panelist,high,1,1,0,0,4,0,0,4
09,11,23,09_23,panelist,med,1,0,0,0,4,1,-0.1,3.9
09,11,24,09_24,panelist,med,1,0,0,0,4,0,0,4
09,12,01,09_01,panelist,med,1,0,0,0,4.7,1,-0.3,4.4
09,12,02,09_02,panelist,low,1,0,1,0,4.7,0,0,4.7
09,12,03,09_03,panelist,med,1,0,0,0,4.7,0,0,4.7
09,12,04,09_04,panelist,med,1,0,0,0,4.7,1,0.2,4.9
09,12,05,09_05,panelist,med,1,0,0,0,4.7,0,0,4.7
09,12,06,09_06,panelist,med,1,0,0,0,4.7,1,-0.2,4.5
09,12,07,09_07,panelist,high,1,1,0,0,4.7,0,0,4.7
09,12,08,09_08,panelist,high,1,1,0,0,4.7,0,0,4.7
09,12,09,09_09,panelist,none,1,0,0,1,4.7,1,0.1,4.8
09,12,10,09_10,panelist,high,1,1,0,0,4.7,0,0,4.7
09,12,11,09_11,panelist,none,1,0,0,1,4.7,1,-0.1,4.6
09,12,12,09_12,reviewer,low,0,0,1,0,4.7,0,0,4.7
09,12,13,09_13,panelist,med,1,0,0,0,4.7,0,0,4.7
09,12,14,09_14,panelist,none,1,0,0,1,4.7,0,0,4.7
09,12,15,09_15,panelist,high,1,1,0,0,4.7,1,-0.1,4.6
09,12,16,09_16,panelist,none,1,0,0,1,4.7,1,0.1,4.8
09,12,17,09_17,panelist,med,1,0,0,0,4.7,1,0.1,4.8
09,12,18,09_18,panelist,med,1,0,0,0,4.7,1,0.1,4.8
09,12,19,09_19,panelist,low,1,0,1,0,4.7,1,0.4,4.9
09,12,20,09_20,reviewer,high,0,1,0,0,4.7,0,0,4.7
09,12,21,09_21,reviewer,high,0,1,0,0,4.7,1,0.1,4.8
09,12,22,09_22,panelist,low,1,0,1,0,4.7,0,0,4.7
09,12,23,09_23,panelist,med,1,0,0,0,4.7,0,0,4.7
09,12,24,09_24,panelist,med,1,0,0,0,4.7,1,0.1,4.8
09,13,01,09_01,reviewer,med,0,0,0,0,4.5,0,0,4.5
09,13,02,09_02,panelist,med,1,0,0,0,4.5,0,0,4.5
09,13,03,09_03,panelist,med,1,0,0,0,4.5,1,0.1,4.6
09,13,04,09_04,panelist,low,1,0,1,0,4.5,1,-0.1,4.4
09,13,05,09_05,panelist,high,1,1,0,0,4.5,0,0,4.5
09,13,06,09_06,panelist,low,1,0,1,0,4.5,0,0,4.5
09,13,07,09_07,panelist,high,1,1,0,0,4.5,0,0,4.5
09,13,08,09_08,panelist,med,1,0,0,0,4.5,1,0.1,4.6
09,13,09,09_09,panelist,none,1,0,0,1,4.5,0,0,4.5
09,13,10,09_10,panelist,med,1,0,0,0,4.5,1,0.1,4.6
09,13,11,09_11,panelist,high,1,1,0,0,4.5,0,0,4.5
09,13,12,09_12,panelist,med,1,0,0,0,4.5,1,-0.1,4.4
09,13,13,09_13,panelist,high,1,1,0,0,4.5,1,0.1,4.6
09,13,14,09_14,panelist,med,1,0,0,0,4.5,0,0,4.5
09,13,15,09_15,panelist,med,1,0,0,0,4.5,1,-0.2,4.3
09,13,16,09_16,panelist,low,1,0,1,0,4.5,0,0,4.5
09,13,17,09_17,reviewer,high,0,1,0,0,4.5,0,0,4.5
09,13,18,09_18,panelist,none,1,0,0,1,4.5,0,0,4.5
09,13,19,09_19,panelist,high,1,1,0,0,4.5,0,0,4.5
09,13,20,09_20,panelist,med,1,0,0,0,4.5,1,0.1,4.6
09,13,21,09_21,panelist,none,1,0,0,1,4.5,1,-0.3,4.2
09,13,22,09_22,reviewer,med,0,0,0,0,4.5,1,0.1,4.6
09,13,23,09_23,panelist,low,1,0,1,0,4.5,1,0.3,4.8
09,13,24,09_24,panelist,none,1,0,0,1,4.5,0,0,4.5
09,14,01,09_01,panelist,med,1,0,0,0,3.5,0,0,3.5
09,14,02,09_02,panelist,high,1,1,0,0,3.5,1,-0.1,3.5
09,14,03,09_03,panelist,med,1,0,0,0,3.5,1,-0.1,3.5
09,14,04,09_04,panelist,med,1,0,0,0,3.5,0,0,3.5
09,14,05,09_05,panelist,med,1,0,0,0,3.5,0,0,3.5
09,14,06,09_06,panelist,med,1,0,0,0,3.5,0,0,3.5
09,14,07,09_07,reviewer,none,0,0,0,1,3.5,1,-0.2,3.5
09,14,08,09_08,panelist,low,1,0,1,0,3.5,0,0,3.5
09,14,09,09_09,panelist,none,1,0,0,1,3.5,0,0,3.5
09,14,10,09_10,reviewer,none,0,0,0,1,3.5,0,0,3.5
09,14,11,09_11,panelist,med,1,0,0,0,3.5,1,0.2,3.7
09,14,12,09_12,panelist,high,1,1,0,0,3.5,0,0,3.5
09,14,13,09_13,panelist,low,1,0,1,0,3.5,1,-0.2,3.5
09,14,14,09_14,panelist,med,1,0,0,0,3.5,0,0,3.5
09,14,15,09_15,panelist,high,1,1,0,0,3.5,1,0.1,3.6
09,14,16,09_16,panelist,med,1,0,0,0,3.5,0,0,3.5
09,14,17,09_17,panelist,high,1,1,0,0,3.5,0,0,3.5
09,14,18,09_18,panelist,none,1,0,0,1,3.5,0,0,3.5
09,14,19,09_19,panelist,med,1,0,0,0,3.5,1,0.3,3.8
09,14,20,09_20,reviewer,med,0,0,0,0,3.5,0,0,3.5
09,14,21,09_21,panelist,low,1,0,1,0,3.5,0,0,3.5
09,14,22,09_22,panelist,high,1,1,0,0,3.5,0,0,3.5
09,14,23,09_23,panelist,high,1,1,0,0,3.5,0,0,3.5
09,14,24,09_24,panelist,low,1,0,1,0,3.5,0,0,3.5
09,15,01,09_01,reviewer,high,0,1,0,0,4.2,0,0,4.2
09,15,02,09_02,panelist,high,1,1,0,0,4.2,0,0,4.2
09,15,03,09_03,panelist,none,1,0,0,1,4.2,1,0.1,4.3
09,15,04,09_04,panelist,none,1,0,0,1,4.2,0,0,4.2
09,15,05,09_05,panelist,med,1,0,0,0,4.2,1,0.1,4.3
09,15,06,09_06,panelist,med,1,0,0,0,4.2,0,0,4.2
09,15,07,09_07,panelist,med,1,0,0,0,4.2,0,0,4.2
09,15,08,09_08,panelist,low,1,0,1,0,4.2,0,0,4.2
09,15,09,09_09,panelist,med,1,0,0,0,4.2,0,0,4.2
09,15,10,09_10,panelist,none,1,0,0,1,4.2,0,0,4.2
09,15,11,09_11,panelist,high,1,1,0,0,4.2,0,0,4.2
09,15,12,09_12,panelist,med,1,0,0,0,4.2,1,0.2,4.4
09,15,13,09_13,panelist,med,1,0,0,0,4.2,1,0.2,4.4
09,15,14,09_14,panelist,high,1,1,0,0,4.2,0,0,4.2
09,15,15,09_15,panelist,high,1,1,0,0,4.2,1,0.1,4.3
09,15,16,09_16,reviewer,low,0,0,1,0,4.2,0,0,4.2
09,15,17,09_17,panelist,med,1,0,0,0,4.2,0,0,4.2
09,15,18,09_18,panelist,none,1,0,0,1,4.2,0,0,4.2
09,15,19,09_19,panelist,high,1,1,0,0,4.2,0,0,4.2
09,15,20,09_20,panelist,low,1,0,1,0,4.2,1,-0.3,3.9
09,15,21,09_21,panelist,med,1,0,0,0,4.2,0,0,4.2
09,15,22,09_22,panelist,med,1,0,0,0,4.2,0,0,4.2
09,15,23,09_23,panelist,low,1,0,1,0,4.2,1,0.1,4.3
09,15,24,09_24,reviewer,med,0,0,0,0,4.2,0,0,4.2
10,1,01,10_01,panelist,none,1,0,0,1,3.8,1,-0.1,3.7
10,1,02,10_02,panelist,high,1,1,0,0,3.8,0,0,3.8
10,1,03,10_03,panelist,med,1,0,0,0,3.8,1,0.2,4
10,1,04,10_04,panelist,low,1,0,1,0,3.8,1,-0.1,3.7
10,1,05,10_05,panelist,med,1,0,0,0,3.8,0,0,3.8
10,1,06,10_06,panelist,high,1,1,0,0,3.8,1,-0.1,3.7
10,1,07,10_07,panelist,low,1,0,1,0,3.8,0,0,3.8
10,1,08,10_08,panelist,med,1,0,0,0,3.8,0,0,3.8
10,1,09,10_09,reviewer,med,0,0,0,0,3.8,0,0,3.8
10,1,10,10_10,panelist,low,1,0,1,0,3.8,0,0,3.8
10,1,11,10_11,panelist,med,1,0,0,0,3.8,0,0,3.8
10,1,12,10_12,panelist,med,1,0,0,0,3.8,0,0,3.8
10,1,13,10_13,panelist,med,1,0,0,0,3.8,0,0,3.8
10,1,14,10_14,panelist,high,1,1,0,0,3.8,0,0,3.8
10,1,15,10_15,reviewer,low,0,0,1,0,3.8,0,0,3.8
10,1,16,10_16,panelist,high,1,1,0,0,3.8,1,-0.1,3.7
10,1,17,10_17,reviewer,none,0,0,0,1,3.8,0,0,3.8
10,1,18,10_18,panelist,med,1,0,0,0,3.8,0,0,3.8
10,1,19,10_19,panelist,med,1,0,0,0,3.8,0,0,3.8
10,1,20,10_20,panelist,high,1,1,0,0,3.8,1,-0.1,3.7
10,1,21,10_21,panelist,none,1,0,0,1,3.8,0,0,3.8
10,1,22,10_22,panelist,med,1,0,0,0,3.8,0,0,3.8
10,1,23,10_23,panelist,high,1,1,0,0,3.8,0,0,3.8
10,1,24,10_24,panelist,none,1,0,0,1,3.8,1,0.1,3.9
10,2,01,10_01,panelist,med,1,0,0,0,4.4,0,0,4.4
10,2,02,10_02,panelist,med,1,0,0,0,4.4,0,0,4.4
10,2,03,10_03,panelist,none,1,0,0,1,4.4,0,0,4.4
10,2,04,10_04,panelist,high,1,1,0,0,4.4,1,-0.1,4.3
10,2,05,10_05,panelist,high,1,1,0,0,4.4,1,-0.2,4.2
10,2,06,10_06,panelist,high,1,1,0,0,4.4,0,0,4.4
10,2,07,10_07,reviewer,low,0,0,1,0,4.4,1,-0.1,4.3
10,2,08,10_08,panelist,med,1,0,0,0,4.4,1,0.2,4.6
10,2,09,10_09,reviewer,high,0,1,0,0,4.4,0,0,4.4
10,2,10,10_10,panelist,high,1,1,0,0,4.4,0,0,4.4
10,2,11,10_11,panelist,med,1,0,0,0,4.4,0,0,4.4
10,2,12,10_12,panelist,med,1,0,0,0,4.4,0,0,4.4
10,2,13,10_13,panelist,med,1,0,0,0,4.4,0,0,4.4
10,2,14,10_14,panelist,none,1,0,0,1,4.4,0,0,4.4
10,2,15,10_15,panelist,med,1,0,0,0,4.4,0,0,4.4
10,2,16,10_16,panelist,low,1,0,1,0,4.4,1,-0.1,4.3
10,2,17,10_17,panelist,low,1,0,1,0,4.4,0,0,4.4
10,2,18,10_18,panelist,low,1,0,1,0,4.4,0,0,4.4
10,2,19,10_19,panelist,med,1,0,0,0,4.4,0,0,4.4
10,2,20,10_20,reviewer,none,0,0,0,1,4.4,0,0,4.4
10,2,21,10_21,panelist,high,1,1,0,0,4.4,0,0,4.4
10,2,22,10_22,panelist,med,1,0,0,0,4.4,0,0,4.4
10,2,23,10_23,panelist,none,1,0,0,1,4.4,0,0,4.4
10,2,24,10_24,panelist,med,1,0,0,0,4.4,1,-0.1,4.3
10,3,01,10_01,reviewer,med,0,0,0,0,4.3,0,0,4.3
10,3,02,10_02,panelist,high,1,1,0,0,4.3,0,0,4.3
10,3,03,10_03,panelist,med,1,0,0,0,4.3,0,0,4.3
10,3,04,10_04,panelist,none,1,0,0,1,4.3,1,0.4,4.7
10,3,05,10_05,reviewer,high,0,1,0,0,4.3,1,0.1,4.4
10,3,06,10_06,panelist,none,1,0,0,1,4.3,1,-0.1,4.2
10,3,07,10_07,panelist,med,1,0,0,0,4.3,0,0,4.3
10,3,08,10_08,panelist,med,1,0,0,0,4.3,0,0,4.3
10,3,09,10_09,panelist,high,1,1,0,0,4.3,0,0,4.3
10,3,10,10_10,reviewer,low,0,0,1,0,4.3,0,0,4.3
10,3,11,10_11,panelist,none,1,0,0,1,4.3,0,0,4.3
10,3,12,10_12,panelist,high,1,1,0,0,4.3,0,0,4.3
10,3,13,10_13,panelist,none,1,0,0,1,4.3,1,-0.1,4.2
10,3,14,10_14,panelist,med,1,0,0,0,4.3,0,0,4.3
10,3,15,10_15,panelist,low,1,0,1,0,4.3,0,0,4.3
10,3,16,10_16,panelist,low,1,0,1,0,4.3,0,0,4.3
10,3,17,10_17,panelist,high,1,1,0,0,4.3,1,0.3,4.6
10,3,18,10_18,panelist,med,1,0,0,0,4.3,1,-0.2,4.1
10,3,19,10_19,panelist,med,1,0,0,0,4.3,0,0,4.3
10,3,20,10_20,panelist,med,1,0,0,0,4.3,0,0,4.3
10,3,21,10_21,panelist,low,1,0,1,0,4.3,1,0.1,4.4
10,3,22,10_22,panelist,med,1,0,0,0,4.3,0,0,4.3
10,3,23,10_23,panelist,high,1,1,0,0,4.3,1,-0.1,4.2
10,3,24,10_24,panelist,med,1,0,0,0,4.3,0,0,4.3
10,4,01,10_01,panelist,med,1,0,0,0,3.9,1,-0.1,3.8
10,4,02,10_02,panelist,low,1,0,1,0,3.9,0,0,3.9
10,4,03,10_03,panelist,none,1,0,0,1,3.9,1,-0.3,3.6
10,4,04,10_04,panelist,low,1,0,1,0,3.9,1,0.3,4.2
10,4,05,10_05,panelist,med,1,0,0,0,3.9,1,-0.2,3.7
10,4,06,10_06,panelist,high,1,1,0,0,3.9,1,0.2,4.1
10,4,07,10_07,panelist,high,1,1,0,0,3.9,0,0,3.9
10,4,08,10_08,panelist,low,1,0,1,0,3.9,0,0,3.9
10,4,09,10_09,reviewer,low,0,0,1,0,3.9,1,0.1,4
10,4,10,10_10,panelist,med,1,0,0,0,3.9,1,-0.2,3.7
10,4,11,10_11,panelist,high,1,1,0,0,3.9,0,0,3.9
10,4,12,10_12,panelist,none,1,0,0,1,3.9,0,0,3.9
10,4,13,10_13,reviewer,none,0,0,0,1,3.9,0,0,3.9
10,4,14,10_14,reviewer,med,0,0,0,0,3.9,0,0,3.9
10,4,15,10_15,panelist,med,1,0,0,0,3.9,0,0,3.9
10,4,16,10_16,panelist,med,1,0,0,0,3.9,1,0.1,4
10,4,17,10_17,panelist,med,1,0,0,0,3.9,1,0.1,4
10,4,18,10_18,panelist,med,1,0,0,0,3.9,0,0,3.9
10,4,19,10_19,panelist,high,1,1,0,0,3.9,0,0,3.9
10,4,20,10_20,panelist,med,1,0,0,0,3.9,0,0,3.9
10,4,21,10_21,panelist,high,1,1,0,0,3.9,0,0,3.9
10,4,22,10_22,panelist,none,1,0,0,1,3.9,1,0.1,4
10,4,23,10_23,panelist,high,1,1,0,0,3.9,0,0,3.9
10,4,24,10_24,panelist,med,1,0,0,0,3.9,0,0,3.9
10,5,01,10_01,panelist,med,1,0,0,0,3.9,0,0,3.9
10,5,02,10_02,panelist,high,1,1,0,0,3.9,1,-0.1,3.8
10,5,03,10_03,panelist,low,1,0,1,0,3.9,1,-0.1,3.8
10,5,04,10_04,reviewer,low,0,0,1,0,3.9,1,0.1,4
10,5,05,10_05,panelist,low,1,0,1,0,3.9,1,-0.1,3.8
10,5,06,10_06,panelist,high,1,1,0,0,3.9,0,0,3.9
10,5,07,10_07,panelist,none,1,0,0,1,3.9,0,0,3.9
10,5,08,10_08,panelist,med,1,0,0,0,3.9,1,0.2,4.1
10,5,09,10_09,panelist,high,1,1,0,0,3.9,0,0,3.9
10,5,10,10_10,panelist,none,1,0,0,1,3.9,0,0,3.9
10,5,11,10_11,reviewer,med,0,0,0,0,3.9,1,0.1,4
10,5,12,10_12,panelist,none,1,0,0,1,3.9,1,-0.2,3.7
10,5,13,10_13,panelist,med,1,0,0,0,3.9,1,0.2,4.1
10,5,14,10_14,panelist,high,1,1,0,0,3.9,0,0,3.9
10,5,15,10_15,panelist,med,1,0,0,0,3.9,1,-0.2,3.7
10,5,16,10_16,panelist,high,1,1,0,0,3.9,0,0,3.9
10,5,17,10_17,reviewer,low,0,0,1,0,3.9,0,0,3.9
10,5,18,10_18,panelist,high,1,1,0,0,3.9,1,0.1,4
10,5,19,10_19,panelist,med,1,0,0,0,3.9,0,0,3.9
10,5,20,10_20,panelist,med,1,0,0,0,3.9,1,-0.1,3.8
10,5,21,10_21,panelist,med,1,0,0,0,3.9,0,0,3.9
10,5,22,10_22,panelist,none,1,0,0,1,3.9,0,0,3.9
10,5,23,10_23,panelist,med,1,0,0,0,3.9,0,0,3.9
10,5,24,10_24,panelist,med,1,0,0,0,3.9,0,0,3.9
10,6,01,10_01,panelist,high,1,1,0,0,3.6,1,-0.1,3.5
10,6,02,10_02,panelist,med,1,0,0,0,3.6,1,0.2,3.8
10,6,03,10_03,panelist,low,1,0,1,0,3.6,0,0,3.6
10,6,04,10_04,reviewer,low,0,0,1,0,3.6,0,0,3.6
10,6,05,10_05,reviewer,med,0,0,0,0,3.6,1,0.2,3.8
10,6,06,10_06,reviewer,med,0,0,0,0,3.6,0,0,3.6
10,6,07,10_07,panelist,low,1,0,1,0,3.6,0,0,3.6
10,6,08,10_08,panelist,med,1,0,0,0,3.6,0,0,3.6
10,6,09,10_09,panelist,high,1,1,0,0,3.6,1,0.2,3.8
10,6,10,10_10,panelist,med,1,0,0,0,3.6,0,0,3.6
10,6,11,10_11,panelist,med,1,0,0,0,3.6,0,0,3.6
10,6,12,10_12,panelist,none,1,0,0,1,3.6,1,0.1,3.7
10,6,13,10_13,panelist,none,1,0,0,1,3.6,1,0.2,3.8
10,6,14,10_14,panelist,med,1,0,0,0,3.6,1,0.1,3.7
10,6,15,10_15,panelist,high,1,1,0,0,3.6,0,0,3.6
10,6,16,10_16,panelist,none,1,0,0,1,3.6,0,0,3.6
10,6,17,10_17,panelist,high,1,1,0,0,3.6,1,-0.2,3.5
10,6,18,10_18,panelist,none,1,0,0,1,3.6,1,0.2,3.8
10,6,19,10_19,panelist,high,1,1,0,0,3.6,0,0,3.6
10,6,20,10_20,panelist,low,1,0,1,0,3.6,0,0,3.6
10,6,21,10_21,panelist,high,1,1,0,0,3.6,0,0,3.6
10,6,22,10_22,panelist,med,1,0,0,0,3.6,0,0,3.6
10,6,23,10_23,panelist,med,1,0,0,0,3.6,0,0,3.6
10,6,24,10_24,panelist,med,1,0,0,0,3.6,0,0,3.6
10,7,01,10_01,panelist,high,1,1,0,0,4.1,0,0,4.1
10,7,02,10_02,panelist,med,1,0,0,0,4.1,1,0.1,4.2
10,7,03,10_03,panelist,med,1,0,0,0,4.1,1,-0.4,3.7
10,7,04,10_04,panelist,high,1,1,0,0,4.1,0,0,4.1
10,7,05,10_05,panelist,low,1,0,1,0,4.1,1,-0.2,3.9
10,7,06,10_06,panelist,med,1,0,0,0,4.1,0,0,4.1
10,7,07,10_07,panelist,med,1,0,0,0,4.1,0,0,4.1
10,7,08,10_08,panelist,high,1,1,0,0,4.1,0,0,4.1
10,7,09,10_09,panelist,high,1,1,0,0,4.1,0,0,4.1
10,7,10,10_10,reviewer,med,0,0,0,0,4.1,1,0.1,4.2
10,7,11,10_11,panelist,high,1,1,0,0,4.1,0,0,4.1
10,7,12,10_12,panelist,med,1,0,0,0,4.1,0,0,4.1
10,7,13,10_13,panelist,med,1,0,0,0,4.1,1,-0.1,4
10,7,14,10_14,panelist,low,1,0,1,0,4.1,0,0,4.1
10,7,15,10_15,panelist,low,1,0,1,0,4.1,1,0.1,4.2
10,7,16,10_16,panelist,none,1,0,0,1,4.1,0,0,4.1
10,7,17,10_17,panelist,high,1,1,0,0,4.1,0,0,4.1
10,7,18,10_18,panelist,none,1,0,0,1,4.1,0,0,4.1
10,7,19,10_19,panelist,med,1,0,0,0,4.1,1,0.1,4.2
10,7,20,10_20,panelist,none,1,0,0,1,4.1,1,-0.1,4
10,7,21,10_21,reviewer,none,0,0,0,1,4.1,1,0.4,4.5
10,7,22,10_22,panelist,med,1,0,0,0,4.1,1,0.1,4.2
10,7,23,10_23,panelist,low,1,0,1,0,4.1,1,-0.2,3.9
10,7,24,10_24,reviewer,med,0,0,0,0,4.1,1,0.1,4.2
10,8,01,10_01,panelist,med,1,0,0,0,3.6,0,0,3.6
10,8,02,10_02,panelist,med,1,0,0,0,3.6,0,0,3.6
10,8,03,10_03,panelist,low,1,0,1,0,3.6,0,0,3.6
10,8,04,10_04,panelist,low,1,0,1,0,3.6,0,0,3.6
10,8,05,10_05,reviewer,high,0,1,0,0,3.6,0,0,3.6
10,8,06,10_06,panelist,med,1,0,0,0,3.6,0,0,3.6
10,8,07,10_07,panelist,none,1,0,0,1,3.6,1,0.3,3.9
10,8,08,10_08,panelist,none,1,0,0,1,3.6,1,-0.1,3.5
10,8,09,10_09,panelist,med,1,0,0,0,3.6,0,0,3.6
10,8,10,10_10,reviewer,high,0,1,0,0,3.6,1,0.2,3.8
10,8,11,10_11,panelist,med,1,0,0,0,3.6,1,0.3,3.9
10,8,12,10_12,panelist,none,1,0,0,1,3.6,1,-0.1,3.5
10,8,13,10_13,panelist,high,1,1,0,0,3.6,1,-0.1,3.5
10,8,14,10_14,panelist,med,1,0,0,0,3.6,1,0.1,3.7
10,8,15,10_15,panelist,med,1,0,0,0,3.6,1,-0.1,3.5
10,8,16,10_16,panelist,low,1,0,1,0,3.6,1,0.3,3.9
10,8,17,10_17,panelist,high,1,1,0,0,3.6,0,0,3.6
10,8,18,10_18,panelist,med,1,0,0,0,3.6,0,0,3.6
10,8,19,10_19,panelist,high,1,1,0,0,3.6,0,0,3.6
10,8,20,10_20,panelist,none,1,0,0,1,3.6,0,0,3.6
10,8,21,10_21,panelist,high,1,1,0,0,3.6,0,0,3.6
10,8,22,10_22,reviewer,med,0,0,0,0,3.6,0,0,3.6
10,8,23,10_23,panelist,low,1,0,1,0,3.6,0,0,3.6
10,8,24,10_24,panelist,med,1,0,0,0,3.6,0,0,3.6
10,9,01,10_01,panelist,low,1,0,1,0,4.4,1,0.1,4.5
10,9,02,10_02,panelist,med,1,0,0,0,4.4,1,-0.1,4.3
10,9,03,10_03,panelist,high,1,1,0,0,4.4,1,0.1,4.5
10,9,04,10_04,panelist,med,1,0,0,0,4.4,1,-0.1,4.3
10,9,05,10_05,panelist,none,1,0,0,1,4.4,1,0.1,4.5
10,9,06,10_06,panelist,med,1,0,0,0,4.4,0,0,4.4
10,9,07,10_07,panelist,med,1,0,0,0,4.4,1,0.3,4.7
10,9,08,10_08,panelist,low,1,0,1,0,4.4,0,0,4.4
10,9,09,10_09,panelist,med,1,0,0,0,4.4,0,0,4.4
10,9,10,10_10,panelist,med,1,0,0,0,4.4,0,0,4.4
10,9,11,10_11,panelist,med,1,0,0,0,4.4,1,-0.3,4.1
10,9,12,10_12,panelist,low,1,0,1,0,4.4,1,-0.2,4.2
10,9,13,10_13,panelist,low,1,0,1,0,4.4,0,0,4.4
10,9,14,10_14,panelist,none,1,0,0,1,4.4,1,-0.1,4.3
10,9,15,10_15,panelist,med,1,0,0,0,4.4,0,0,4.4
10,9,16,10_16,reviewer,high,0,1,0,0,4.4,0,0,4.4
10,9,17,10_17,panelist,high,1,1,0,0,4.4,0,0,4.4
10,9,18,10_18,reviewer,high,0,1,0,0,4.4,1,0.2,4.6
10,9,19,10_19,panelist,med,1,0,0,0,4.4,0,0,4.4
10,9,20,10_20,panelist,med,1,0,0,0,4.4,1,0.1,4.5
10,9,21,10_21,panelist,none,1,0,0,1,4.4,1,-0.1,4.3
10,9,22,10_22,panelist,high,1,1,0,0,4.4,0,0,4.4
10,9,23,10_23,panelist,none,1,0,0,1,4.4,1,0.1,4.5
10,9,24,10_24,reviewer,high,0,1,0,0,4.4,0,0,4.4
10,10,01,10_01,panelist,high,1,1,0,0,4.7,0,0,4.7
10,10,02,10_02,panelist,med,1,0,0,0,4.7,0,0,4.7
10,10,03,10_03,panelist,none,1,0,0,1,4.7,0,0,4.7
10,10,04,10_04,panelist,low,1,0,1,0,4.7,1,0.1,4.8
10,10,05,10_05,panelist,none,1,0,0,1,4.7,0,0,4.7
10,10,06,10_06,panelist,none,1,0,0,1,4.7,1,-0.2,4.5
10,10,07,10_07,panelist,high,1,1,0,0,4.7,1,0.4,4.9
10,10,08,10_08,panelist,med,1,0,0,0,4.7,1,-0.2,4.5
10,10,09,10_09,panelist,low,1,0,1,0,4.7,0,0,4.7
10,10,10,10_10,reviewer,high,0,1,0,0,4.7,1,-0.3,4.4
10,10,11,10_11,panelist,med,1,0,0,0,4.7,0,0,4.7
10,10,12,10_12,panelist,med,1,0,0,0,4.7,1,0.2,4.9
10,10,13,10_13,panelist,med,1,0,0,0,4.7,0,0,4.7
10,10,14,10_14,reviewer,med,0,0,0,0,4.7,1,0.1,4.8
10,10,15,10_15,panelist,high,1,1,0,0,4.7,0,0,4.7
10,10,16,10_16,panelist,low,1,0,1,0,4.7,0,0,4.7
10,10,17,10_17,panelist,med,1,0,0,0,4.7,1,0.3,4.9
10,10,18,10_18,panelist,med,1,0,0,0,4.7,1,-0.2,4.5
10,10,19,10_19,panelist,low,1,0,1,0,4.7,0,0,4.7
10,10,20,10_20,panelist,none,1,0,0,1,4.7,0,0,4.7
10,10,21,10_21,reviewer,med,0,0,0,0,4.7,0,0,4.7
10,10,22,10_22,panelist,high,1,1,0,0,4.7,0,0,4.7
10,10,23,10_23,panelist,high,1,1,0,0,4.7,0,0,4.7
10,10,24,10_24,panelist,med,1,0,0,0,4.7,1,-0.1,4.6
10,11,01,10_01,panelist,none,1,0,0,1,4.3,0,0,4.3
10,11,02,10_02,panelist,med,1,0,0,0,4.3,1,-0.1,4.2
10,11,03,10_03,panelist,low,1,0,1,0,4.3,0,0,4.3
10,11,04,10_04,reviewer,high,0,1,0,0,4.3,0,0,4.3
10,11,05,10_05,panelist,high,1,1,0,0,4.3,0,0,4.3
10,11,06,10_06,panelist,low,1,0,1,0,4.3,0,0,4.3
10,11,07,10_07,panelist,high,1,1,0,0,4.3,0,0,4.3
10,11,08,10_08,panelist,med,1,0,0,0,4.3,0,0,4.3
10,11,09,10_09,panelist,none,1,0,0,1,4.3,0,0,4.3
10,11,10,10_10,panelist,none,1,0,0,1,4.3,0,0,4.3
10,11,11,10_11,panelist,none,1,0,0,1,4.3,1,0.1,4.4
10,11,12,10_12,reviewer,low,0,0,1,0,4.3,0,0,4.3
10,11,13,10_13,panelist,med,1,0,0,0,4.3,0,0,4.3
10,11,14,10_14,panelist,high,1,1,0,0,4.3,1,-0.1,4.2
10,11,15,10_15,panelist,med,1,0,0,0,4.3,0,0,4.3
10,11,16,10_16,panelist,low,1,0,1,0,4.3,0,0,4.3
10,11,17,10_17,panelist,med,1,0,0,0,4.3,1,0.1,4.4
10,11,18,10_18,panelist,med,1,0,0,0,4.3,0,0,4.3
10,11,19,10_19,panelist,med,1,0,0,0,4.3,0,0,4.3
10,11,20,10_20,panelist,med,1,0,0,0,4.3,0,0,4.3
10,11,21,10_21,reviewer,med,0,0,0,0,4.3,1,0.2,4.5
10,11,22,10_22,panelist,med,1,0,0,0,4.3,0,0,4.3
10,11,23,10_23,panelist,high,1,1,0,0,4.3,0,0,4.3
10,11,24,10_24,panelist,high,1,1,0,0,4.3,0,0,4.3
10,12,01,10_01,reviewer,med,0,0,0,0,4.9,0,0,4.9
10,12,02,10_02,panelist,low,1,0,1,0,4.9,0,0,4.9
10,12,03,10_03,panelist,med,1,0,0,0,4.9,0,0,4.9
10,12,04,10_04,panelist,low,1,0,1,0,4.9,0,0,4.9
10,12,05,10_05,panelist,low,1,0,1,0,4.9,1,0.3,4.9
10,12,06,10_06,panelist,none,1,0,0,1,4.9,0,0,4.9
10,12,07,10_07,panelist,low,1,0,1,0,4.9,0,0,4.9
10,12,08,10_08,reviewer,high,0,1,0,0,4.9,0,0,4.9
10,12,09,10_09,panelist,high,1,1,0,0,4.9,1,0.2,4.9
10,12,10,10_10,panelist,med,1,0,0,0,4.9,1,-0.1,4.8
10,12,11,10_11,panelist,med,1,0,0,0,4.9,0,0,4.9
10,12,12,10_12,panelist,high,1,1,0,0,4.9,0,0,4.9
10,12,13,10_13,reviewer,med,0,0,0,0,4.9,0,0,4.9
10,12,14,10_14,panelist,none,1,0,0,1,4.9,0,0,4.9
10,12,15,10_15,panelist,none,1,0,0,1,4.9,0,0,4.9
10,12,16,10_16,panelist,med,1,0,0,0,4.9,0,0,4.9
10,12,17,10_17,panelist,high,1,1,0,0,4.9,0,0,4.9
10,12,18,10_18,panelist,none,1,0,0,1,4.9,1,0.1,4.9
10,12,19,10_19,panelist,med,1,0,0,0,4.9,0,0,4.9
10,12,20,10_20,panelist,med,1,0,0,0,4.9,0,0,4.9
10,12,21,10_21,panelist,high,1,1,0,0,4.9,0,0,4.9
10,12,22,10_22,panelist,high,1,1,0,0,4.9,0,0,4.9
10,12,23,10_23,panelist,med,1,0,0,0,4.9,0,0,4.9
10,12,24,10_24,panelist,med,1,0,0,0,4.9,0,0,4.9
10,13,01,10_01,panelist,high,1,1,0,0,4.8,0,0,4.8
10,13,02,10_02,panelist,med,1,0,0,0,4.8,0,0,4.8
10,13,03,10_03,panelist,high,1,1,0,0,4.8,0,0,4.8
10,13,04,10_04,panelist,med,1,0,0,0,4.8,0,0,4.8
10,13,05,10_05,panelist,none,1,0,0,1,4.8,1,0.2,4.9
10,13,06,10_06,panelist,med,1,0,0,0,4.8,1,-0.1,4.7
10,13,07,10_07,panelist,low,1,0,1,0,4.8,1,-0.2,4.6
10,13,08,10_08,panelist,low,1,0,1,0,4.8,1,0.1,4.9
10,13,09,10_09,panelist,low,1,0,1,0,4.8,0,0,4.8
10,13,10,10_10,panelist,high,1,1,0,0,4.8,0,0,4.8
10,13,11,10_11,panelist,high,1,1,0,0,4.8,1,0.3,4.9
10,13,12,10_12,panelist,high,1,1,0,0,4.8,0,0,4.8
10,13,13,10_13,panelist,med,1,0,0,0,4.8,1,-0.2,4.6
10,13,14,10_14,panelist,med,1,0,0,0,4.8,0,0,4.8
10,13,15,10_15,panelist,med,1,0,0,0,4.8,0,0,4.8
10,13,16,10_16,panelist,low,1,0,1,0,4.8,0,0,4.8
10,13,17,10_17,panelist,med,1,0,0,0,4.8,0,0,4.8
10,13,18,10_18,panelist,none,1,0,0,1,4.8,1,0.2,4.9
10,13,19,10_19,panelist,med,1,0,0,0,4.8,0,0,4.8
10,13,20,10_20,panelist,none,1,0,0,1,4.8,0,0,4.8
10,13,21,10_21,reviewer,none,0,0,0,1,4.8,0,0,4.8
10,13,22,10_22,reviewer,high,0,1,0,0,4.8,0,0,4.8
10,13,23,10_23,panelist,med,1,0,0,0,4.8,0,0,4.8
10,13,24,10_24,reviewer,med,0,0,0,0,4.8,0,0,4.8
10,14,01,10_01,panelist,none,1,0,0,1,3.7,0,0,3.7
10,14,02,10_02,panelist,high,1,1,0,0,3.7,1,0.1,3.8
10,14,03,10_03,panelist,med,1,0,0,0,3.7,1,-0.1,3.6
10,14,04,10_04,panelist,med,1,0,0,0,3.7,1,-0.3,3.5
10,14,05,10_05,panelist,high,1,1,0,0,3.7,0,0,3.7
10,14,06,10_06,panelist,med,1,0,0,0,3.7,0,0,3.7
10,14,07,10_07,panelist,med,1,0,0,0,3.7,1,0.2,3.9
10,14,08,10_08,panelist,med,1,0,0,0,3.7,0,0,3.7
10,14,09,10_09,panelist,high,1,1,0,0,3.7,0,0,3.7
10,14,10,10_10,reviewer,none,0,0,0,1,3.7,0,0,3.7
10,14,11,10_11,panelist,med,1,0,0,0,3.7,0,0,3.7
10,14,12,10_12,reviewer,low,0,0,1,0,3.7,0,0,3.7
10,14,13,10_13,panelist,high,1,1,0,0,3.7,0,0,3.7
10,14,14,10_14,panelist,low,1,0,1,0,3.7,1,0.1,3.8
10,14,15,10_15,panelist,none,1,0,0,1,3.7,0,0,3.7
10,14,16,10_16,panelist,med,1,0,0,0,3.7,1,-0.1,3.6
10,14,17,10_17,panelist,high,1,1,0,0,3.7,1,0.1,3.8
10,14,18,10_18,panelist,high,1,1,0,0,3.7,0,0,3.7
10,14,19,10_19,panelist,low,1,0,1,0,3.7,1,0.2,3.9
10,14,20,10_20,reviewer,none,0,0,0,1,3.7,1,0.1,3.8
10,14,21,10_21,panelist,med,1,0,0,0,3.7,1,-0.1,3.6
10,14,22,10_22,panelist,med,1,0,0,0,3.7,1,0.1,3.8
10,14,23,10_23,panelist,low,1,0,1,0,3.7,1,0.3,4
10,14,24,10_24,panelist,med,1,0,0,0,3.7,0,0,3.7
10,15,01,10_01,panelist,med,1,0,0,0,4.5,0,0,4.5
10,15,02,10_02,panelist,none,1,0,0,1,4.5,1,0.2,4.7
10,15,03,10_03,panelist,med,1,0,0,0,4.5,1,0.2,4.7
10,15,04,10_04,panelist,med,1,0,0,0,4.5,0,0,4.5
10,15,05,10_05,panelist,high,1,1,0,0,4.5,0,0,4.5
10,15,06,10_06,panelist,med,1,0,0,0,4.5,1,0.1,4.6
10,15,07,10_07,panelist,med,1,0,0,0,4.5,0,0,4.5
10,15,08,10_08,panelist,low,1,0,1,0,4.5,1,0.1,4.6
10,15,09,10_09,panelist,med,1,0,0,0,4.5,0,0,4.5
10,15,10,10_10,panelist,low,1,0,1,0,4.5,0,0,4.5
10,15,11,10_11,panelist,low,1,0,1,0,4.5,0,0,4.5
10,15,12,10_12,panelist,low,1,0,1,0,4.5,1,-0.1,4.4
10,15,13,10_13,panelist,none,1,0,0,1,4.5,0,0,4.5
10,15,14,10_14,panelist,high,1,1,0,0,4.5,0,0,4.5
10,15,15,10_15,panelist,med,1,0,0,0,4.5,0,0,4.5
10,15,16,10_16,panelist,med,1,0,0,0,4.5,0,0,4.5
10,15,17,10_17,reviewer,med,0,0,0,0,4.5,0,0,4.5
10,15,18,10_18,panelist,none,1,0,0,1,4.5,0,0,4.5
10,15,19,10_19,panelist,none,1,0,0,1,4.5,0,0,4.5
10,15,20,10_20,panelist,med,1,0,0,0,4.5,1,-0.2,4.3
10,15,21,10_21,panelist,high,1,1,0,0,4.5,0,0,4.5
10,15,22,10_22,reviewer,high,0,1,0,0,4.5,0,0,4.5
10,15,23,10_23,reviewer,high,0,1,0,0,4.5,0,0,4.5
10,15,24,10_24,panelist,high,1,1,0,0,4.5,0,0,4.5
11,1,01,11_01,panelist,low,1,0,1,0,3.5,0,0,3.5
11,1,02,11_02,panelist,med,1,0,0,0,3.5,0,0,3.5
11,1,03,11_03,panelist,high,1,1,0,0,3.5,0,0,3.5
11,1,04,11_04,panelist,none,1,0,0,1,3.5,1,0.1,3.6
11,1,05,11_05,panelist,low,1,0,1,0,3.5,1,-0.2,3.5
11,1,06,11_06,panelist,med,1,0,0,0,3.5,1,0.1,3.6
11,1,07,11_07,panelist,med,1,0,0,0,3.5,0,0,3.5
11,1,08,11_08,panelist,med,1,0,0,0,3.5,0,0,3.5
11,1,09,11_09,panelist,med,1,0,0,0,3.5,1,-0.2,3.5
11,1,10,11_10,panelist,high,1,1,0,0,3.5,0,0,3.5
11,1,11,11_11,panelist,high,1,1,0,0,3.5,0,0,3.5
11,1,12,11_12,reviewer,low,0,0,1,0,3.5,1,-0.2,3.5
11,1,13,11_13,reviewer,med,0,0,0,0,3.5,1,-0.1,3.5
11,1,14,11_14,reviewer,low,0,0,1,0,3.5,1,-0.2,3.5
11,1,15,11_15,panelist,med,1,0,0,0,3.5,1,-0.2,3.5
11,1,16,11_16,panelist,med,1,0,0,0,3.5,0,0,3.5
11,1,17,11_17,panelist,med,1,0,0,0,3.5,0,0,3.5
11,1,18,11_18,panelist,none,1,0,0,1,3.5,0,0,3.5
11,1,19,11_19,panelist,none,1,0,0,1,3.5,0,0,3.5
11,1,20,11_20,panelist,high,1,1,0,0,3.5,0,0,3.5
11,1,21,11_21,panelist,high,1,1,0,0,3.5,0,0,3.5
11,1,22,11_22,panelist,high,1,1,0,0,3.5,0,0,3.5
11,1,23,11_23,panelist,none,1,0,0,1,3.5,1,-0.1,3.5
11,1,24,11_24,panelist,med,1,0,0,0,3.5,0,0,3.5
11,2,01,11_01,panelist,med,1,0,0,0,4.1,1,-0.3,3.8
11,2,02,11_02,panelist,high,1,1,0,0,4.1,0,0,4.1
11,2,03,11_03,reviewer,high,0,1,0,0,4.1,0,0,4.1
11,2,04,11_04,panelist,high,1,1,0,0,4.1,1,-0.2,3.9
11,2,05,11_05,panelist,low,1,0,1,0,4.1,1,0.1,4.2
11,2,06,11_06,panelist,none,1,0,0,1,4.1,0,0,4.1
11,2,07,11_07,panelist,med,1,0,0,0,4.1,0,0,4.1
11,2,08,11_08,panelist,high,1,1,0,0,4.1,0,0,4.1
11,2,09,11_09,panelist,med,1,0,0,0,4.1,1,0.1,4.2
11,2,10,11_10,panelist,low,1,0,1,0,4.1,0,0,4.1
11,2,11,11_11,panelist,med,1,0,0,0,4.1,0,0,4.1
11,2,12,11_12,panelist,none,1,0,0,1,4.1,1,-0.1,4
11,2,13,11_13,reviewer,low,0,0,1,0,4.1,1,-0.2,3.9
11,2,14,11_14,panelist,med,1,0,0,0,4.1,1,-0.2,3.9
11,2,15,11_15,panelist,high,1,1,0,0,4.1,0,0,4.1
11,2,16,11_16,panelist,high,1,1,0,0,4.1,0,0,4.1
11,2,17,11_17,panelist,med,1,0,0,0,4.1,0,0,4.1
11,2,18,11_18,panelist,med,1,0,0,0,4.1,0,0,4.1
11,2,19,11_19,panelist,low,1,0,1,0,4.1,0,0,4.1
11,2,20,11_20,panelist,med,1,0,0,0,4.1,1,-0.2,3.9
11,2,21,11_21,panelist,med,1,0,0,0,4.1,1,-0.2,3.9
11,2,22,11_22,reviewer,med,0,0,0,0,4.1,0,0,4.1
11,2,23,11_23,panelist,none,1,0,0,1,4.1,0,0,4.1
11,2,24,11_24,panelist,none,1,0,0,1,4.1,1,0.3,4.4
11,3,01,11_01,panelist,high,1,1,0,0,4,0,0,4
11,3,02,11_02,panelist,med,1,0,0,0,4,0,0,4
11,3,03,11_03,panelist,low,1,0,1,0,4,1,-0.3,3.7
11,3,04,11_04,panelist,low,1,0,1,0,4,1,-0.1,3.9
11,3,05,11_05,panelist,none,1,0,0,1,4,1,0.1,4.1
11,3,06,11_06,panelist,high,1,1,0,0,4,0,0,4
11,3,07,11_07,panelist,high,1,1,0,0,4,1,-0.1,3.9
11,3,08,11_08,reviewer,med,0,0,0,0,4,1,0.3,4.3
11,3,09,11_09,panelist,none,1,0,0,1,4,1,-0.1,3.9
11,3,10,11_10,panelist,high,1,1,0,0,4,0,0,4
11,3,11,11_11,panelist,med,1,0,0,0,4,1,-0.1,3.9
11,3,12,11_12,panelist,med,1,0,0,0,4,1,-0.1,3.9
11,3,13,11_13,panelist,low,1,0,1,0,4,0,0,4
11,3,14,11_14,panelist,med,1,0,0,0,4,1,0.3,4.3
11,3,15,11_15,panelist,high,1,1,0,0,4,0,0,4
11,3,16,11_16,reviewer,med,0,0,0,0,4,0,0,4
11,3,17,11_17,panelist,med,1,0,0,0,4,1,0.1,4.1
11,3,18,11_18,panelist,none,1,0,0,1,4,1,0.3,4.3
11,3,19,11_19,panelist,high,1,1,0,0,4,0,0,4
11,3,20,11_20,panelist,none,1,0,0,1,4,1,0.2,4.2
11,3,21,11_21,panelist,med,1,0,0,0,4,0,0,4
11,3,22,11_22,reviewer,med,0,0,0,0,4,0,0,4
11,3,23,11_23,panelist,low,1,0,1,0,4,1,0.2,4.2
11,3,24,11_24,panelist,med,1,0,0,0,4,0,0,4
11,4,01,11_01,panelist,med,1,0,0,0,3.6,1,-0.1,3.5
11,4,02,11_02,panelist,low,1,0,1,0,3.6,0,0,3.6
11,4,03,11_03,panelist,low,1,0,1,0,3.6,1,0.3,3.9
11,4,04,11_04,panelist,med,1,0,0,0,3.6,0,0,3.6
11,4,05,11_05,panelist,med,1,0,0,0,3.6,1,0.3,3.9
11,4,06,11_06,panelist,low,1,0,1,0,3.6,1,0.1,3.7
11,4,07,11_07,panelist,med,1,0,0,0,3.6,0,0,3.6
11,4,08,11_08,panelist,med,1,0,0,0,3.6,0,0,3.6
11,4,09,11_09,panelist,med,1,0,0,0,3.6,1,-0.1,3.5
11,4,10,11_10,panelist,none,1,0,0,1,3.6,1,0.1,3.7
11,4,11,11_11,panelist,high,1,1,0,0,3.6,0,0,3.6
11,4,12,11_12,panelist,none,1,0,0,1,3.6,0,0,3.6
11,4,13,11_13,panelist,low,1,0,1,0,3.6,0,0,3.6
11,4,14,11_14,reviewer,med,0,0,0,0,3.6,1,0.2,3.8
11,4,15,11_15,panelist,med,1,0,0,0,3.6,0,0,3.6
11,4,16,11_16,panelist,med,1,0,0,0,3.6,1,0.1,3.7
11,4,17,11_17,panelist,high,1,1,0,0,3.6,0,0,3.6
11,4,18,11_18,reviewer,high,0,1,0,0,3.6,1,0.1,3.7
11,4,19,11_19,panelist,high,1,1,0,0,3.6,0,0,3.6
11,4,20,11_20,panelist,high,1,1,0,0,3.6,0,0,3.6
11,4,21,11_21,panelist,high,1,1,0,0,3.6,0,0,3.6
11,4,22,11_22,panelist,none,1,0,0,1,3.6,1,-0.1,3.5
11,4,23,11_23,reviewer,none,0,0,0,1,3.6,1,-0.3,3.5
11,4,24,11_24,panelist,med,1,0,0,0,3.6,1,-0.1,3.5
11,5,01,11_01,panelist,med,1,0,0,0,3.5,0,0,3.5
11,5,02,11_02,panelist,none,1,0,0,1,3.5,1,-0.2,3.5
11,5,03,11_03,panelist,high,1,1,0,0,3.5,1,0.1,3.6
11,5,04,11_04,panelist,high,1,1,0,0,3.5,0,0,3.5
11,5,05,11_05,panelist,med,1,0,0,0,3.5,1,0.2,3.7
11,5,06,11_06,panelist,high,1,1,0,0,3.5,1,-0.1,3.5
11,5,07,11_07,panelist,med,1,0,0,0,3.5,0,0,3.5
11,5,08,11_08,panelist,med,1,0,0,0,3.5,0,0,3.5
11,5,09,11_09,panelist,none,1,0,0,1,3.5,1,-0.1,3.5
11,5,10,11_10,panelist,low,1,0,1,0,3.5,1,-0.1,3.5
11,5,11,11_11,panelist,high,1,1,0,0,3.5,1,-0.1,3.5
11,5,12,11_12,panelist,high,1,1,0,0,3.5,1,0.1,3.6
11,5,13,11_13,reviewer,low,0,0,1,0,3.5,0,0,3.5
11,5,14,11_14,panelist,med,1,0,0,0,3.5,1,-0.3,3.5
11,5,15,11_15,panelist,low,1,0,1,0,3.5,1,-0.1,3.5
11,5,16,11_16,panelist,high,1,1,0,0,3.5,0,0,3.5
11,5,17,11_17,reviewer,low,0,0,1,0,3.5,1,-0.1,3.5
11,5,18,11_18,panelist,med,1,0,0,0,3.5,0,0,3.5
11,5,19,11_19,panelist,none,1,0,0,1,3.5,0,0,3.5
11,5,20,11_20,panelist,none,1,0,0,1,3.5,0,0,3.5
11,5,21,11_21,panelist,med,1,0,0,0,3.5,1,0.1,3.6
11,5,22,11_22,reviewer,med,0,0,0,0,3.5,0,0,3.5
11,5,23,11_23,panelist,med,1,0,0,0,3.5,0,0,3.5
11,5,24,11_24,panelist,med,1,0,0,0,3.5,1,-0.1,3.5
11,6,01,11_01,panelist,med,1,0,0,0,3.5,0,0,3.5
11,6,02,11_02,panelist,med,1,0,0,0,3.5,1,-0.1,3.5
11,6,03,11_03,reviewer,med,0,0,0,0,3.5,0,0,3.5
11,6,04,11_04,panelist,high,1,1,0,0,3.5,1,0.1,3.6
11,6,05,11_05,panelist,none,1,0,0,1,3.5,0,0,3.5
11,6,06,11_06,panelist,med,1,0,0,0,3.5,1,-0.2,3.5
11,6,07,11_07,panelist,med,1,0,0,0,3.5,0,0,3.5
11,6,08,11_08,reviewer,none,0,0,0,1,3.5,0,0,3.5
11,6,09,11_09,panelist,none,1,0,0,1,3.5,1,-0.1,3.5
11,6,10,11_10,panelist,med,1,0,0,0,3.5,0,0,3.5
11,6,11,11_11,panelist,low,1,0,1,0,3.5,1,0.1,3.6
11,6,12,11_12,panelist,med,1,0,0,0,3.5,1,0.1,3.6
11,6,13,11_13,panelist,high,1,1,0,0,3.5,0,0,3.5
11,6,14,11_14,reviewer,high,0,1,0,0,3.5,0,0,3.5
11,6,15,11_15,panelist,med,1,0,0,0,3.5,0,0,3.5
11,6,16,11_16,panelist,none,1,0,0,1,3.5,0,0,3.5
11,6,17,11_17,panelist,low,1,0,1,0,3.5,0,0,3.5
11,6,18,11_18,panelist,high,1,1,0,0,3.5,0,0,3.5
11,6,19,11_19,panelist,low,1,0,1,0,3.5,1,0.2,3.7
11,6,20,11_20,panelist,low,1,0,1,0,3.5,1,0.1,3.6
11,6,21,11_21,panelist,high,1,1,0,0,3.5,1,-0.2,3.5
11,6,22,11_22,panelist,med,1,0,0,0,3.5,0,0,3.5
11,6,23,11_23,panelist,high,1,1,0,0,3.5,1,0.1,3.6
11,6,24,11_24,panelist,med,1,0,0,0,3.5,0,0,3.5
11,7,01,11_01,panelist,high,1,1,0,0,3.8,0,0,3.8
11,7,02,11_02,panelist,med,1,0,0,0,3.8,1,-0.1,3.7
11,7,03,11_03,panelist,med,1,0,0,0,3.8,0,0,3.8
11,7,04,11_04,panelist,high,1,1,0,0,3.8,0,0,3.8
11,7,05,11_05,reviewer,med,0,0,0,0,3.8,0,0,3.8
11,7,06,11_06,panelist,med,1,0,0,0,3.8,0,0,3.8
11,7,07,11_07,panelist,none,1,0,0,1,3.8,1,0.2,4
11,7,08,11_08,panelist,low,1,0,1,0,3.8,1,0.1,3.9
11,7,09,11_09,panelist,none,1,0,0,1,3.8,1,0.3,4.1
11,7,10,11_10,panelist,low,1,0,1,0,3.8,0,0,3.8
11,7,11,11_11,panelist,high,1,1,0,0,3.8,0,0,3.8
11,7,12,11_12,panelist,med,1,0,0,0,3.8,1,0.1,3.9
11,7,13,11_13,panelist,med,1,0,0,0,3.8,1,0.3,4.1
11,7,14,11_14,panelist,med,1,0,0,0,3.8,0,0,3.8
11,7,15,11_15,reviewer,med,0,0,0,0,3.8,0,0,3.8
11,7,16,11_16,panelist,none,1,0,0,1,3.8,1,0.1,3.9
11,7,17,11_17,panelist,high,1,1,0,0,3.8,0,0,3.8
11,7,18,11_18,panelist,high,1,1,0,0,3.8,0,0,3.8
11,7,19,11_19,reviewer,none,0,0,0,1,3.8,0,0,3.8
11,7,20,11_20,panelist,high,1,1,0,0,3.8,0,0,3.8
11,7,21,11_21,panelist,low,1,0,1,0,3.8,1,-0.2,3.6
11,7,22,11_22,panelist,low,1,0,1,0,3.8,0,0,3.8
11,7,23,11_23,panelist,med,1,0,0,0,3.8,1,0.1,3.9
11,7,24,11_24,panelist,med,1,0,0,0,3.8,0,0,3.8
11,8,01,11_01,panelist,med,1,0,0,0,3.5,0,0,3.5
11,8,02,11_02,panelist,med,1,0,0,0,3.5,0,0,3.5
11,8,03,11_03,panelist,med,1,0,0,0,3.5,0,0,3.5
11,8,04,11_04,panelist,none,1,0,0,1,3.5,0,0,3.5
11,8,05,11_05,panelist,high,1,1,0,0,3.5,1,-0.1,3.5
11,8,06,11_06,panelist,med,1,0,0,0,3.5,0,0,3.5
11,8,07,11_07,panelist,high,1,1,0,0,3.5,1,-0.3,3.5
11,8,08,11_08,panelist,low,1,0,1,0,3.5,0,0,3.5
11,8,09,11_09,panelist,low,1,0,1,0,3.5,1,0.3,3.8
11,8,10,11_10,panelist,med,1,0,0,0,3.5,1,0.1,3.6
11,8,11,11_11,panelist,med,1,0,0,0,3.5,0,0,3.5
11,8,12,11_12,panelist,low,1,0,1,0,3.5,0,0,3.5
11,8,13,11_13,panelist,high,1,1,0,0,3.5,0,0,3.5
11,8,14,11_14,panelist,none,1,0,0,1,3.5,1,0.1,3.6
11,8,15,11_15,panelist,high,1,1,0,0,3.5,0,0,3.5
11,8,16,11_16,panelist,none,1,0,0,1,3.5,1,-0.1,3.5
11,8,17,11_17,panelist,none,1,0,0,1,3.5,0,0,3.5
11,8,18,11_18,panelist,med,1,0,0,0,3.5,0,0,3.5
11,8,19,11_19,panelist,med,1,0,0,0,3.5,0,0,3.5
11,8,20,11_20,reviewer,med,0,0,0,0,3.5,0,0,3.5
11,8,21,11_21,panelist,high,1,1,0,0,3.5,0,0,3.5
11,8,22,11_22,panelist,med,1,0,0,0,3.5,1,0.2,3.7
11,8,23,11_23,reviewer,low,0,0,1,0,3.5,0,0,3.5
11,8,24,11_24,reviewer,high,0,1,0,0,3.5,0,0,3.5
11,9,01,11_01,panelist,med,1,0,0,0,4.1,0,0,4.1
11,9,02,11_02,panelist,high,1,1,0,0,4.1,1,0.3,4.4
11,9,03,11_03,panelist,none,1,0,0,1,4.1,1,-0.1,4
11,9,04,11_04,panelist,med,1,0,0,0,4.1,1,-0.3,3.8
11,9,05,11_05,panelist,med,1,0,0,0,4.1,0,0,4.1
11,9,06,11_06,panelist,none,1,0,0,1,4.1,0,0,4.1
11,9,07,11_07,panelist,med,1,0,0,0,4.1,0,0,4.1
11,9,08,11_08,panelist,low,1,0,1,0,4.1,0,0,4.1
11,9,09,11_09,panelist,low,1,0,1,0,4.1,0,0,4.1
11,9,10,11_10,panelist,high,1,1,0,0,4.1,0,0,4.1
11,9,11,11_11,reviewer,med,0,0,0,0,4.1,0,0,4.1
11,9,12,11_12,panelist,none,1,0,0,1,4.1,1,-0.1,4
11,9,13,11_13,panelist,high,1,1,0,0,4.1,0,0,4.1
11,9,14,11_14,reviewer,high,0,1,0,0,4.1,1,-0.1,4
11,9,15,11_15,panelist,med,1,0,0,0,4.1,0,0,4.1
11,9,16,11_16,panelist,med,1,0,0,0,4.1,0,0,4.1
11,9,17,11_17,panelist,none,1,0,0,1,4.1,1,0.1,4.2
11,9,18,11_18,panelist,med,1,0,0,0,4.1,1,-0.2,3.9
11,9,19,11_19,panelist,med,1,0,0,0,4.1,0,0,4.1
11,9,20,11_20,panelist,low,1,0,1,0,4.1,1,0.1,4.2
11,9,21,11_21,panelist,low,1,0,1,0,4.1,0,0,4.1
11,9,22,11_22,panelist,high,1,1,0,0,4.1,0,0,4.1
11,9,23,11_23,panelist,high,1,1,0,0,4.1,0,0,4.1
11,9,24,11_24,reviewer,med,0,0,0,0,4.1,0,0,4.1
11,10,01,11_01,panelist,high,1,1,0,0,4.4,0,0,4.4
11,10,02,11_02,panelist,high,1,1,0,0,4.4,0,0,4.4
11,10,03,11_03,panelist,low,1,0,1,0,4.4,0,0,4.4
11,10,04,11_04,reviewer,med,0,0,0,0,4.4,0,0,4.4
11,10,05,11_05,panelist,high,1,1,0,0,4.4,0,0,4.4
11,10,06,11_06,panelist,med,1,0,0,0,4.4,1,-0.2,4.2
11,10,07,11_07,panelist,med,1,0,0,0,4.4,0,0,4.4
11,10,08,11_08,panelist,none,1,0,0,1,4.4,0,0,4.4
11,10,09,11_09,panelist,med,1,0,0,0,4.4,0,0,4.4
11,10,10,11_10,panelist,med,1,0,0,0,4.4,1,0.1,4.5
11,10,11,11_11,panelist,low,1,0,1,0,4.4,1,0.1,4.5
11,10,12,11_12,reviewer,med,0,0,0,0,4.4,0,0,4.4
11,10,13,11_13,panelist,high,1,1,0,0,4.4,0,0,4.4
11,10,14,11_14,panelist,high,1,1,0,0,4.4,0,0,4.4
11,10,15,11_15,panelist,high,1,1,0,0,4.4,1,-0.1,4.3
11,10,16,11_16,panelist,med,1,0,0,0,4.4,0,0,4.4
11,10,17,11_17,reviewer,med,0,0,0,0,4.4,0,0,4.4
11,10,18,11_18,panelist,none,1,0,0,1,4.4,0,0,4.4
11,10,19,11_19,panelist,med,1,0,0,0,4.4,0,0,4.4
11,10,20,11_20,panelist,low,1,0,1,0,4.4,1,0.2,4.6
11,10,21,11_21,panelist,med,1,0,0,0,4.4,0,0,4.4
11,10,22,11_22,panelist,low,1,0,1,0,4.4,0,0,4.4
11,10,23,11_23,panelist,none,1,0,0,1,4.4,0,0,4.4
11,10,24,11_24,panelist,none,1,0,0,1,4.4,1,0.1,4.5
11,11,01,11_01,reviewer,med,0,0,0,0,4,0,0,4
11,11,02,11_02,panelist,high,1,1,0,0,4,0,0,4
11,11,03,11_03,panelist,high,1,1,0,0,4,1,0.1,4.1
11,11,04,11_04,panelist,med,1,0,0,0,4,0,0,4
11,11,05,11_05,panelist,low,1,0,1,0,4,0,0,4
11,11,06,11_06,panelist,high,1,1,0,0,4,0,0,4
11,11,07,11_07,panelist,med,1,0,0,0,4,0,0,4
11,11,08,11_08,panelist,high,1,1,0,0,4,0,0,4
11,11,09,11_09,panelist,none,1,0,0,1,4,0,0,4
11,11,10,11_10,panelist,med,1,0,0,0,4,1,-0.2,3.8
11,11,11,11_11,panelist,med,1,0,0,0,4,0,0,4
11,11,12,11_12,panelist,none,1,0,0,1,4,1,0.1,4.1
11,11,13,11_13,panelist,low,1,0,1,0,4,1,-0.2,3.8
11,11,14,11_14,panelist,med,1,0,0,0,4,1,-0.1,3.9
11,11,15,11_15,panelist,none,1,0,0,1,4,1,0.1,4.1
11,11,16,11_16,panelist,high,1,1,0,0,4,0,0,4
11,11,17,11_17,panelist,low,1,0,1,0,4,1,-0.1,3.9
11,11,18,11_18,panelist,high,1,1,0,0,4,1,-0.1,3.9
11,11,19,11_19,panelist,none,1,0,0,1,4,1,-0.1,3.9
11,11,20,11_20,reviewer,med,0,0,0,0,4,1,0.2,4.2
11,11,21,11_21,reviewer,med,0,0,0,0,4,1,-0.2,3.8
11,11,22,11_22,panelist,low,1,0,1,0,4,1,-0.2,3.8
11,11,23,11_23,panelist,med,1,0,0,0,4,1,-0.1,3.9
11,11,24,11_24,panelist,med,1,0,0,0,4,0,0,4
11,12,01,11_01,panelist,med,1,0,0,0,4.7,1,0.2,4.9
11,12,02,11_02,panelist,low,1,0,1,0,4.7,1,0.1,4.8
11,12,03,11_03,panelist,med,1,0,0,0,4.7,1,0.3,4.9
11,12,04,11_04,panelist,none,1,0,0,1,4.7,1,0.4,4.9
11,12,05,11_05,panelist,med,1,0,0,0,4.7,1,0.1,4.8
11,12,06,11_06,reviewer,high,0,1,0,0,4.7,0,0,4.7
11,12,07,11_07,panelist,high,1,1,0,0,4.7,1,0.1,4.8
11,12,08,11_08,panelist,med,1,0,0,0,4.7,0,0,4.7
11,12,09,11_09,panelist,high,1,1,0,0,4.7,0,0,4.7
11,12,10,11_10,panelist,none,1,0,0,1,4.7,0,0,4.7
11,12,11,11_11,panelist,none,1,0,0,1,4.7,1,-0.3,4.4
11,12,12,11_12,panelist,high,1,1,0,0,4.7,0,0,4.7
11,12,13,11_13,panelist,med,1,0,0,0,4.7,1,-0.1,4.6
11,12,14,11_14,panelist,low,1,0,1,0,4.7,1,-0.2,4.5
11,12,15,11_15,panelist,med,1,0,0,0,4.7,1,-0.2,4.5
11,12,16,11_16,reviewer,med,0,0,0,0,4.7,1,0.1,4.8
11,12,17,11_17,panelist,none,1,0,0,1,4.7,1,0.2,4.9
11,12,18,11_18,panelist,high,1,1,0,0,4.7,1,-0.1,4.6
11,12,19,11_19,panelist,med,1,0,0,0,4.7,0,0,4.7
11,12,20,11_20,panelist,low,1,0,1,0,4.7,1,-0.4,4.3
11,12,21,11_21,panelist,med,1,0,0,0,4.7,1,0.1,4.8
11,12,22,11_22,panelist,med,1,0,0,0,4.7,0,0,4.7
11,12,23,11_23,reviewer,high,0,1,0,0,4.7,0,0,4.7
11,12,24,11_24,panelist,low,1,0,1,0,4.7,0,0,4.7
11,13,01,11_01,reviewer,med,0,0,0,0,4.4,0,0,4.4
11,13,02,11_02,panelist,none,1,0,0,1,4.4,1,0.3,4.7
11,13,03,11_03,panelist,med,1,0,0,0,4.4,1,-0.1,4.3
11,13,04,11_04,panelist,med,1,0,0,0,4.4,0,0,4.4
11,13,05,11_05,panelist,high,1,1,0,0,4.4,0,0,4.4
11,13,06,11_06,panelist,med,1,0,0,0,4.4,0,0,4.4
11,13,07,11_07,panelist,high,1,1,0,0,4.4,0,0,4.4
11,13,08,11_08,panelist,low,1,0,1,0,4.4,0,0,4.4
11,13,09,11_09,panelist,high,1,1,0,0,4.4,0,0,4.4
11,13,10,11_10,panelist,med,1,0,0,0,4.4,0,0,4.4
11,13,11,11_11,panelist,none,1,0,0,1,4.4,0,0,4.4
11,13,12,11_12,panelist,low,1,0,1,0,4.4,1,-0.1,4.3
11,13,13,11_13,panelist,high,1,1,0,0,4.4,0,0,4.4
11,13,14,11_14,panelist,low,1,0,1,0,4.4,0,0,4.4
11,13,15,11_15,panelist,med,1,0,0,0,4.4,1,-0.2,4.2
11,13,16,11_16,panelist,high,1,1,0,0,4.4,0,0,4.4
11,13,17,11_17,panelist,none,1,0,0,1,4.4,1,-0.1,4.3
11,13,18,11_18,panelist,none,1,0,0,1,4.4,1,-0.1,4.3
11,13,19,11_19,reviewer,med,0,0,0,0,4.4,0,0,4.4
11,13,20,11_20,panelist,med,1,0,0,0,4.4,0,0,4.4
11,13,21,11_21,panelist,low,1,0,1,0,4.4,1,0.1,4.5
11,13,22,11_22,panelist,high,1,1,0,0,4.4,0,0,4.4
11,13,23,11_23,panelist,med,1,0,0,0,4.4,0,0,4.4
11,13,24,11_24,reviewer,med,0,0,0,0,4.4,0,0,4.4
11,14,01,11_01,panelist,none,1,0,0,1,3.5,0,0,3.5
11,14,02,11_02,panelist,med,1,0,0,0,3.5,0,0,3.5
11,14,03,11_03,panelist,med,1,0,0,0,3.5,0,0,3.5
11,14,04,11_04,reviewer,med,0,0,0,0,3.5,1,-0.3,3.5
11,14,05,11_05,panelist,high,1,1,0,0,3.5,0,0,3.5
11,14,06,11_06,panelist,none,1,0,0,1,3.5,1,0.1,3.6
11,14,07,11_07,panelist,med,1,0,0,0,3.5,0,0,3.5
11,14,08,11_08,panelist,med,1,0,0,0,3.5,1,-0.2,3.5
11,14,09,11_09,panelist,high,1,1,0,0,3.5,0,0,3.5
11,14,10,11_10,reviewer,med,0,0,0,0,3.5,0,0,3.5
11,14,11,11_11,panelist,med,1,0,0,0,3.5,1,0.1,3.6
11,14,12,11_12,panelist,high,1,1,0,0,3.5,0,0,3.5
11,14,13,11_13,panelist,high,1,1,0,0,3.5,0,0,3.5
11,14,14,11_14,panelist,low,1,0,1,0,3.5,0,0,3.5
11,14,15,11_15,panelist,high,1,1,0,0,3.5,0,0,3.5
11,14,16,11_16,panelist,low,1,0,1,0,3.5,0,0,3.5
11,14,17,11_17,panelist,med,1,0,0,0,3.5,0,0,3.5
11,14,18,11_18,panelist,med,1,0,0,0,3.5,1,-0.1,3.5
11,14,19,11_19,panelist,med,1,0,0,0,3.5,1,0.1,3.6
11,14,20,11_20,panelist,low,1,0,1,0,3.5,1,0.4,3.9
11,14,21,11_21,reviewer,none,0,0,0,1,3.5,0,0,3.5
11,14,22,11_22,panelist,high,1,1,0,0,3.5,1,0.1,3.6
11,14,23,11_23,panelist,low,1,0,1,0,3.5,0,0,3.5
11,14,24,11_24,panelist,none,1,0,0,1,3.5,1,-0.1,3.5
11,15,01,11_01,panelist,low,1,0,1,0,4.2,0,0,4.2
11,15,02,11_02,panelist,high,1,1,0,0,4.2,0,0,4.2
11,15,03,11_03,panelist,low,1,0,1,0,4.2,1,0.1,4.3
11,15,04,11_04,panelist,med,1,0,0,0,4.2,0,0,4.2
11,15,05,11_05,panelist,med,1,0,0,0,4.2,1,-0.3,3.9
11,15,06,11_06,panelist,high,1,1,0,0,4.2,0,0,4.2
11,15,07,11_07,panelist,high,1,1,0,0,4.2,1,-0.2,4
11,15,08,11_08,panelist,none,1,0,0,1,4.2,0,0,4.2
11,15,09,11_09,panelist,med,1,0,0,0,4.2,1,-0.1,4.1
11,15,10,11_10,reviewer,none,0,0,0,1,4.2,1,-0.1,4.1
11,15,11,11_11,panelist,high,1,1,0,0,4.2,1,-0.1,4.1
11,15,12,11_12,panelist,med,1,0,0,0,4.2,0,0,4.2
11,15,13,11_13,panelist,none,1,0,0,1,4.2,0,0,4.2
11,15,14,11_14,panelist,none,1,0,0,1,4.2,1,0.2,4.4
11,15,15,11_15,panelist,med,1,0,0,0,4.2,1,-0.2,4
11,15,16,11_16,panelist,high,1,1,0,0,4.2,0,0,4.2
11,15,17,11_17,panelist,med,1,0,0,0,4.2,1,-0.1,4.1
11,15,18,11_18,panelist,med,1,0,0,0,4.2,1,0.2,4.4
11,15,19,11_19,panelist,med,1,0,0,0,4.2,0,0,4.2
11,15,20,11_20,reviewer,low,0,0,1,0,4.2,0,0,4.2
11,15,21,11_21,panelist,med,1,0,0,0,4.2,0,0,4.2
11,15,22,11_22,reviewer,med,0,0,0,0,4.2,0,0,4.2
11,15,23,11_23,panelist,low,1,0,1,0,4.2,0,0,4.2
11,15,24,11_24,panelist,high,1,1,0,0,4.2,1,0.2,4.4
12,1,01,12_01,panelist,none,1,0,0,1,3.6,1,0.2,3.8
12,1,02,12_02,reviewer,med,0,0,0,0,3.6,1,-0.1,3.5
12,1,03,12_03,panelist,med,1,0,0,0,3.6,1,-0.1,3.5
12,1,04,12_04,panelist,med,1,0,0,0,3.6,1,-0.1,3.5
12,1,05,12_05,panelist,none,1,0,0,1,3.6,0,0,3.6
12,1,06,12_06,panelist,low,1,0,1,0,3.6,1,0.1,3.7
12,1,07,12_07,panelist,high,1,1,0,0,3.6,0,0,3.6
12,1,08,12_08,panelist,med,1,0,0,0,3.6,0,0,3.6
12,1,09,12_09,panelist,low,1,0,1,0,3.6,0,0,3.6
12,1,10,12_10,panelist,med,1,0,0,0,3.6,1,0.1,3.7
12,1,11,12_11,reviewer,high,0,1,0,0,3.6,0,0,3.6
12,1,12,12_12,panelist,high,1,1,0,0,3.6,0,0,3.6
12,1,13,12_13,panelist,none,1,0,0,1,3.6,1,-0.1,3.5
12,1,14,12_14,panelist,med,1,0,0,0,3.6,1,-0.2,3.5
12,1,15,12_15,panelist,low,1,0,1,0,3.6,0,0,3.6
12,1,16,12_16,panelist,high,1,1,0,0,3.6,1,0.2,3.8
12,1,17,12_17,panelist,high,1,1,0,0,3.6,1,-0.1,3.5
12,1,18,12_18,panelist,med,1,0,0,0,3.6,1,-0.1,3.5
12,1,19,12_19,panelist,low,1,0,1,0,3.6,1,0.1,3.7
12,1,20,12_20,panelist,high,1,1,0,0,3.6,0,0,3.6
12,1,21,12_21,panelist,med,1,0,0,0,3.6,0,0,3.6
12,1,22,12_22,reviewer,none,0,0,0,1,3.6,0,0,3.6
12,1,23,12_23,panelist,med,1,0,0,0,3.6,0,0,3.6
12,1,24,12_24,panelist,med,1,0,0,0,3.6,0,0,3.6
12,2,01,12_01,reviewer,low,0,0,1,0,4.2,0,0,4.2
12,2,02,12_02,panelist,low,1,0,1,0,4.2,0,0,4.2
12,2,03,12_03,panelist,med,1,0,0,0,4.2,1,0.2,4.4
12,2,04,12_04,panelist,none,1,0,0,1,4.2,0,0,4.2
12,2,05,12_05,panelist,high,1,1,0,0,4.2,1,0.1,4.3
12,2,06,12_06,panelist,none,1,0,0,1,4.2,1,-0.1,4.1
12,2,07,12_07,panelist,med,1,0,0,0,4.2,0,0,4.2
12,2,08,12_08,panelist,none,1,0,0,1,4.2,1,0.2,4.4
12,2,09,12_09,panelist,low,1,0,1,0,4.2,1,0.1,4.3
12,2,10,12_10,panelist,med,1,0,0,0,4.2,0,0,4.2
12,2,11,12_11,panelist,med,1,0,0,0,4.2,0,0,4.2
12,2,12,12_12,panelist,med,1,0,0,0,4.2,0,0,4.2
12,2,13,12_13,panelist,high,1,1,0,0,4.2,0,0,4.2
12,2,14,12_14,panelist,med,1,0,0,0,4.2,1,0.3,4.5
12,2,15,12_15,reviewer,high,0,1,0,0,4.2,0,0,4.2
12,2,16,12_16,panelist,high,1,1,0,0,4.2,0,0,4.2
12,2,17,12_17,panelist,med,1,0,0,0,4.2,0,0,4.2
12,2,18,12_18,reviewer,med,0,0,0,0,4.2,0,0,4.2
12,2,19,12_19,panelist,med,1,0,0,0,4.2,0,0,4.2
12,2,20,12_20,panelist,none,1,0,0,1,4.2,1,-0.1,4.1
12,2,21,12_21,panelist,high,1,1,0,0,4.2,0,0,4.2
12,2,22,12_22,panelist,high,1,1,0,0,4.2,0,0,4.2
12,2,23,12_23,panelist,med,1,0,0,0,4.2,0,0,4.2
12,2,24,12_24,panelist,low,1,0,1,0,4.2,0,0,4.2
12,3,01,12_01,panelist,high,1,1,0,0,4.2,1,0.1,4.3
12,3,02,12_02,panelist,med,1,0,0,0,4.2,0,0,4.2
12,3,03,12_03,reviewer,med,0,0,0,0,4.2,0,0,4.2
12,3,04,12_04,panelist,none,1,0,0,1,4.2,1,0.1,4.3
12,3,05,12_05,panelist,none,1,0,0,1,4.2,1,-0.1,4.1
12,3,06,12_06,panelist,low,1,0,1,0,4.2,0,0,4.2
12,3,07,12_07,panelist,med,1,0,0,0,4.2,0,0,4.2
12,3,08,12_08,panelist,none,1,0,0,1,4.2,0,0,4.2
12,3,09,12_09,panelist,high,1,1,0,0,4.2,0,0,4.2
12,3,10,12_10,panelist,med,1,0,0,0,4.2,1,0.1,4.3
12,3,11,12_11,reviewer,low,0,0,1,0,4.2,1,-0.1,4.1
12,3,12,12_12,panelist,high,1,1,0,0,4.2,1,-0.1,4.1
12,3,13,12_13,panelist,none,1,0,0,1,4.2,0,0,4.2
12,3,14,12_14,panelist,high,1,1,0,0,4.2,0,0,4.2
12,3,15,12_15,panelist,med,1,0,0,0,4.2,0,0,4.2
12,3,16,12_16,panelist,med,1,0,0,0,4.2,0,0,4.2
12,3,17,12_17,panelist,med,1,0,0,0,4.2,1,-0.1,4.1
12,3,18,12_18,panelist,med,1,0,0,0,4.2,1,-0.1,4.1
12,3,19,12_19,panelist,high,1,1,0,0,4.2,0,0,4.2
12,3,20,12_20,panelist,low,1,0,1,0,4.2,0,0,4.2
12,3,21,12_21,reviewer,high,0,1,0,0,4.2,0,0,4.2
12,3,22,12_22,panelist,med,1,0,0,0,4.2,1,-0.2,4
12,3,23,12_23,panelist,med,1,0,0,0,4.2,1,-0.2,4
12,3,24,12_24,panelist,low,1,0,1,0,4.2,1,-0.1,4.1
12,4,01,12_01,reviewer,med,0,0,0,0,3.8,0,0,3.8
12,4,02,12_02,panelist,high,1,1,0,0,3.8,1,0.1,3.9
12,4,03,12_03,panelist,med,1,0,0,0,3.8,0,0,3.8
12,4,04,12_04,panelist,med,1,0,0,0,3.8,1,-0.1,3.7
12,4,05,12_05,reviewer,high,0,1,0,0,3.8,0,0,3.8
12,4,06,12_06,panelist,low,1,0,1,0,3.8,1,0.1,3.9
12,4,07,12_07,panelist,none,1,0,0,1,3.8,1,-0.1,3.7
12,4,08,12_08,panelist,high,1,1,0,0,3.8,0,0,3.8
12,4,09,12_09,panelist,med,1,0,0,0,3.8,1,-0.1,3.7
12,4,10,12_10,panelist,none,1,0,0,1,3.8,1,0.1,3.9
12,4,11,12_11,reviewer,high,0,1,0,0,3.8,0,0,3.8
12,4,12,12_12,panelist,none,1,0,0,1,3.8,1,-0.1,3.7
12,4,13,12_13,panelist,low,1,0,1,0,3.8,0,0,3.8
12,4,14,12_14,panelist,high,1,1,0,0,3.8,0,0,3.8
12,4,15,12_15,panelist,low,1,0,1,0,3.8,1,-0.2,3.6
12,4,16,12_16,panelist,med,1,0,0,0,3.8,1,0.1,3.9
12,4,17,12_17,panelist,med,1,0,0,0,3.8,0,0,3.8
12,4,18,12_18,panelist,med,1,0,0,0,3.8,1,0.3,4.1
12,4,19,12_19,panelist,med,1,0,0,0,3.8,0,0,3.8
12,4,20,12_20,panelist,low,1,0,1,0,3.8,0,0,3.8
12,4,21,12_21,panelist,high,1,1,0,0,3.8,0,0,3.8
12,4,22,12_22,panelist,none,1,0,0,1,3.8,1,0.2,4
12,4,23,12_23,panelist,med,1,0,0,0,3.8,1,0.1,3.9
12,4,24,12_24,panelist,med,1,0,0,0,3.8,0,0,3.8
12,5,01,12_01,panelist,low,1,0,1,0,3.7,1,0.2,3.9
12,5,02,12_02,panelist,high,1,1,0,0,3.7,0,0,3.7
12,5,03,12_03,panelist,high,1,1,0,0,3.7,1,-0.2,3.5
12,5,04,12_04,panelist,high,1,1,0,0,3.7,0,0,3.7
12,5,05,12_05,panelist,none,1,0,0,1,3.7,0,0,3.7
12,5,06,12_06,reviewer,med,0,0,0,0,3.7,0,0,3.7
12,5,07,12_07,panelist,low,1,0,1,0,3.7,0,0,3.7
12,5,08,12_08,panelist,med,1,0,0,0,3.7,1,-0.1,3.6
12,5,09,12_09,reviewer,med,0,0,0,0,3.7,0,0,3.7
12,5,10,12_10,panelist,med,1,0,0,0,3.7,1,0.1,3.8
12,5,11,12_11,panelist,low,1,0,1,0,3.7,0,0,3.7
12,5,12,12_12,reviewer,none,0,0,0,1,3.7,0,0,3.7
12,5,13,12_13,panelist,med,1,0,0,0,3.7,1,0.1,3.8
12,5,14,12_14,panelist,high,1,1,0,0,3.7,0,0,3.7
12,5,15,12_15,panelist,med,1,0,0,0,3.7,0,0,3.7
12,5,16,12_16,panelist,med,1,0,0,0,3.7,0,0,3.7
12,5,17,12_17,panelist,med,1,0,0,0,3.7,0,0,3.7
12,5,18,12_18,panelist,none,1,0,0,1,3.7,0,0,3.7
12,5,19,12_19,panelist,none,1,0,0,1,3.7,1,0.1,3.8
12,5,20,12_20,panelist,low,1,0,1,0,3.7,0,0,3.7
12,5,21,12_21,panelist,med,1,0,0,0,3.7,0,0,3.7
12,5,22,12_22,panelist,high,1,1,0,0,3.7,1,-0.2,3.5
12,5,23,12_23,panelist,high,1,1,0,0,3.7,0,0,3.7
12,5,24,12_24,panelist,med,1,0,0,0,3.7,0,0,3.7
12,6,01,12_01,panelist,med,1,0,0,0,3.5,1,-0.1,3.5
12,6,02,12_02,panelist,low,1,0,1,0,3.5,1,0.3,3.8
12,6,03,12_03,panelist,med,1,0,0,0,3.5,1,0.1,3.6
12,6,04,12_04,panelist,med,1,0,0,0,3.5,0,0,3.5
12,6,05,12_05,panelist,none,1,0,0,1,3.5,0,0,3.5
12,6,06,12_06,panelist,low,1,0,1,0,3.5,0,0,3.5
12,6,07,12_07,panelist,med,1,0,0,0,3.5,0,0,3.5
12,6,08,12_08,panelist,none,1,0,0,1,3.5,1,-0.1,3.5
12,6,09,12_09,panelist,low,1,0,1,0,3.5,0,0,3.5
12,6,10,12_10,panelist,high,1,1,0,0,3.5,0,0,3.5
12,6,11,12_11,panelist,med,1,0,0,0,3.5,0,0,3.5
12,6,12,12_12,panelist,med,1,0,0,0,3.5,0,0,3.5
12,6,13,12_13,panelist,med,1,0,0,0,3.5,1,-0.1,3.5
12,6,14,12_14,panelist,med,1,0,0,0,3.5,0,0,3.5
12,6,15,12_15,panelist,high,1,1,0,0,3.5,1,0.4,3.9
12,6,16,12_16,panelist,none,1,0,0,1,3.5,0,0,3.5
12,6,17,12_17,reviewer,high,0,1,0,0,3.5,0,0,3.5
12,6,18,12_18,panelist,high,1,1,0,0,3.5,0,0,3.5
12,6,19,12_19,panelist,med,1,0,0,0,3.5,0,0,3.5
12,6,20,12_20,panelist,high,1,1,0,0,3.5,1,0.2,3.7
12,6,21,12_21,panelist,high,1,1,0,0,3.5,0,0,3.5
12,6,22,12_22,reviewer,med,0,0,0,0,3.5,1,0.1,3.6
12,6,23,12_23,reviewer,low,0,0,1,0,3.5,0,0,3.5
12,6,24,12_24,panelist,none,1,0,0,1,3.5,0,0,3.5
12,7,01,12_01,panelist,med,1,0,0,0,3.9,1,0.2,4.1
12,7,02,12_02,panelist,med,1,0,0,0,3.9,0,0,3.9
12,7,03,12_03,panelist,high,1,1,0,0,3.9,0,0,3.9
12,7,04,12_04,panelist,high,1,1,0,0,3.9,0,0,3.9
12,7,05,12_05,panelist,none,1,0,0,1,3.9,1,0.1,4
12,7,06,12_06,panelist,none,1,0,0,1,3.9,0,0,3.9
12,7,07,12_07,panelist,med,1,0,0,0,3.9,0,0,3.9
12,7,08,12_08,panelist,low,1,0,1,0,3.9,1,0.2,4.1
12,7,09,12_09,panelist,med,1,0,0,0,3.9,0,0,3.9
12,7,10,12_10,panelist,high,1,1,0,0,3.9,0,0,3.9
12,7,11,12_11,panelist,none,1,0,0,1,3.9,0,0,3.9
12,7,12,12_12,reviewer,high,0,1,0,0,3.9,1,0.1,4
12,7,13,12_13,panelist,low,1,0,1,0,3.9,0,0,3.9
12,7,14,12_14,panelist,none,1,0,0,1,3.9,0,0,3.9
12,7,15,12_15,reviewer,med,0,0,0,0,3.9,0,0,3.9
12,7,16,12_16,panelist,low,1,0,1,0,3.9,0,0,3.9
12,7,17,12_17,panelist,high,1,1,0,0,3.9,1,-0.2,3.7
12,7,18,12_18,panelist,med,1,0,0,0,3.9,1,0.1,4
12,7,19,12_19,panelist,med,1,0,0,0,3.9,0,0,3.9
12,7,20,12_20,panelist,high,1,1,0,0,3.9,0,0,3.9
12,7,21,12_21,panelist,med,1,0,0,0,3.9,1,0.1,4
12,7,22,12_22,panelist,med,1,0,0,0,3.9,1,-0.1,3.8
12,7,23,12_23,reviewer,low,0,0,1,0,3.9,1,-0.1,3.8
12,7,24,12_24,panelist,med,1,0,0,0,3.9,0,0,3.9
12,8,01,12_01,panelist,med,1,0,0,0,3.5,0,0,3.5
12,8,02,12_02,panelist,high,1,1,0,0,3.5,1,-0.1,3.5
12,8,03,12_03,panelist,high,1,1,0,0,3.5,0,0,3.5
12,8,04,12_04,panelist,med,1,0,0,0,3.5,1,0.3,3.8
12,8,05,12_05,panelist,low,1,0,1,0,3.5,0,0,3.5
12,8,06,12_06,panelist,med,1,0,0,0,3.5,0,0,3.5
12,8,07,12_07,panelist,med,1,0,0,0,3.5,0,0,3.5
12,8,08,12_08,panelist,none,1,0,0,1,3.5,1,0.1,3.6
12,8,09,12_09,reviewer,med,0,0,0,0,3.5,0,0,3.5
12,8,10,12_10,panelist,low,1,0,1,0,3.5,0,0,3.5
12,8,11,12_11,panelist,none,1,0,0,1,3.5,0,0,3.5
12,8,12,12_12,reviewer,high,0,1,0,0,3.5,0,0,3.5
12,8,13,12_13,reviewer,med,0,0,0,0,3.5,0,0,3.5
12,8,14,12_14,panelist,med,1,0,0,0,3.5,1,-0.1,3.5
12,8,15,12_15,panelist,none,1,0,0,1,3.5,1,0.2,3.7
12,8,16,12_16,panelist,low,1,0,1,0,3.5,0,0,3.5
12,8,17,12_17,panelist,high,1,1,0,0,3.5,0,0,3.5
12,8,18,12_18,panelist,low,1,0,1,0,3.5,1,0.1,3.6
12,8,19,12_19,panelist,med,1,0,0,0,3.5,0,0,3.5
12,8,20,12_20,panelist,high,1,1,0,0,3.5,0,0,3.5
12,8,21,12_21,panelist,med,1,0,0,0,3.5,0,0,3.5
12,8,22,12_22,panelist,med,1,0,0,0,3.5,1,0.1,3.6
12,8,23,12_23,panelist,none,1,0,0,1,3.5,1,-0.3,3.5
12,8,24,12_24,panelist,high,1,1,0,0,3.5,1,0.1,3.6
12,9,01,12_01,reviewer,med,0,0,0,0,4.2,1,-0.2,4
12,9,02,12_02,panelist,med,1,0,0,0,4.2,1,-0.1,4.1
12,9,03,12_03,panelist,med,1,0,0,0,4.2,0,0,4.2
12,9,04,12_04,panelist,high,1,1,0,0,4.2,0,0,4.2
12,9,05,12_05,panelist,high,1,1,0,0,4.2,0,0,4.2
12,9,06,12_06,panelist,med,1,0,0,0,4.2,1,-0.1,4.1
12,9,07,12_07,panelist,none,1,0,0,1,4.2,0,0,4.2
12,9,08,12_08,panelist,high,1,1,0,0,4.2,1,0.1,4.3
12,9,09,12_09,panelist,med,1,0,0,0,4.2,0,0,4.2
12,9,10,12_10,reviewer,high,0,1,0,0,4.2,0,0,4.2
12,9,11,12_11,panelist,med,1,0,0,0,4.2,0,0,4.2
12,9,12,12_12,panelist,none,1,0,0,1,4.2,1,-0.4,3.8
12,9,13,12_13,panelist,high,1,1,0,0,4.2,0,0,4.2
12,9,14,12_14,panelist,med,1,0,0,0,4.2,0,0,4.2
12,9,15,12_15,panelist,none,1,0,0,1,4.2,1,-0.1,4.1
12,9,16,12_16,panelist,low,1,0,1,0,4.2,1,-0.1,4.1
12,9,17,12_17,reviewer,med,0,0,0,0,4.2,1,0.2,4.4
12,9,18,12_18,panelist,low,1,0,1,0,4.2,0,0,4.2
12,9,19,12_19,panelist,med,1,0,0,0,4.2,0,0,4.2
12,9,20,12_20,panelist,low,1,0,1,0,4.2,1,-0.2,4
12,9,21,12_21,panelist,med,1,0,0,0,4.2,0,0,4.2
12,9,22,12_22,panelist,high,1,1,0,0,4.2,1,0.1,4.3
12,9,23,12_23,panelist,low,1,0,1,0,4.2,0,0,4.2
12,9,24,12_24,panelist,none,1,0,0,1,4.2,0,0,4.2
12,10,01,12_01,panelist,none,1,0,0,1,4.6,0,0,4.6
12,10,02,12_02,panelist,low,1,0,1,0,4.6,0,0,4.6
12,10,03,12_03,panelist,med,1,0,0,0,4.6,1,-0.1,4.5
12,10,04,12_04,panelist,med,1,0,0,0,4.6,0,0,4.6
12,10,05,12_05,panelist,none,1,0,0,1,4.6,1,0.1,4.7
12,10,06,12_06,panelist,high,1,1,0,0,4.6,0,0,4.6
12,10,07,12_07,panelist,med,1,0,0,0,4.6,0,0,4.6
12,10,08,12_08,panelist,none,1,0,0,1,4.6,0,0,4.6
12,10,09,12_09,panelist,high,1,1,0,0,4.6,1,-0.1,4.5
12,10,10,12_10,panelist,none,1,0,0,1,4.6,1,0.1,4.7
12,10,11,12_11,panelist,low,1,0,1,0,4.6,1,-0.2,4.4
12,10,12,12_12,panelist,med,1,0,0,0,4.6,0,0,4.6
12,10,13,12_13,panelist,high,1,1,0,0,4.6,1,0.1,4.7
12,10,14,12_14,panelist,med,1,0,0,0,4.6,0,0,4.6
12,10,15,12_15,panelist,high,1,1,0,0,4.6,0,0,4.6
12,10,16,12_16,panelist,med,1,0,0,0,4.6,0,0,4.6
12,10,17,12_17,panelist,low,1,0,1,0,4.6,1,-0.2,4.4
12,10,18,12_18,panelist,med,1,0,0,0,4.6,0,0,4.6
12,10,19,12_19,reviewer,med,0,0,0,0,4.6,1,-0.1,4.5
12,10,20,12_20,panelist,low,1,0,1,0,4.6,0,0,4.6
12,10,21,12_21,panelist,med,1,0,0,0,4.6,0,0,4.6
12,10,22,12_22,reviewer,high,0,1,0,0,4.6,1,0.1,4.7
12,10,23,12_23,reviewer,high,0,1,0,0,4.6,1,-0.1,4.5
12,10,24,12_24,panelist,med,1,0,0,0,4.6,0,0,4.6
12,11,01,12_01,panelist,high,1,1,0,0,4.2,0,0,4.2
12,11,02,12_02,panelist,low,1,0,1,0,4.2,1,-0.1,4.1
12,11,03,12_03,panelist,med,1,0,0,0,4.2,1,0.2,4.4
12,11,04,12_04,panelist,low,1,0,1,0,4.2,0,0,4.2
12,11,05,12_05,panelist,high,1,1,0,0,4.2,0,0,4.2
12,11,06,12_06,panelist,none,1,0,0,1,4.2,0,0,4.2
12,11,07,12_07,panelist,med,1,0,0,0,4.2,0,0,4.2
12,11,08,12_08,panelist,med,1,0,0,0,4.2,0,0,4.2
12,11,09,12_09,panelist,low,1,0,1,0,4.2,0,0,4.2
12,11,10,12_10,reviewer,med,0,0,0,0,4.2,1,0.2,4.4
12,11,11,12_11,panelist,med,1,0,0,0,4.2,1,0.2,4.4
12,11,12,12_12,panelist,high,1,1,0,0,4.2,0,0,4.2
12,11,13,12_13,panelist,high,1,1,0,0,4.2,0,0,4.2
12,11,14,12_14,panelist,med,1,0,0,0,4.2,0,0,4.2
12,11,15,12_15,reviewer,med,0,0,0,0,4.2,0,0,4.2
12,11,16,12_16,panelist,med,1,0,0,0,4.2,0,0,4.2
12,11,17,12_17,panelist,none,1,0,0,1,4.2,0,0,4.2
12,11,18,12_18,panelist,low,1,0,1,0,4.2,0,0,4.2
12,11,19,12_19,panelist,none,1,0,0,1,4.2,0,0,4.2
12,11,20,12_20,reviewer,med,0,0,0,0,4.2,0,0,4.2
12,11,21,12_21,panelist,high,1,1,0,0,4.2,0,0,4.2
12,11,22,12_22,panelist,med,1,0,0,0,4.2,1,-0.1,4.1
12,11,23,12_23,panelist,high,1,1,0,0,4.2,0,0,4.2
12,11,24,12_24,panelist,none,1,0,0,1,4.2,0,0,4.2
12,12,01,12_01,reviewer,none,0,0,0,1,4.8,1,0.1,4.9
12,12,02,12_02,panelist,high,1,1,0,0,4.8,0,0,4.8
12,12,03,12_03,panelist,none,1,0,0,1,4.8,0,0,4.8
12,12,04,12_04,panelist,high,1,1,0,0,4.8,1,-0.1,4.7
12,12,05,12_05,panelist,med,1,0,0,0,4.8,0,0,4.8
12,12,06,12_06,panelist,med,1,0,0,0,4.8,0,0,4.8
12,12,07,12_07,panelist,none,1,0,0,1,4.8,0,0,4.8
12,12,08,12_08,panelist,low,1,0,1,0,4.8,0,0,4.8
12,12,09,12_09,panelist,med,1,0,0,0,4.8,0,0,4.8
12,12,10,12_10,panelist,none,1,0,0,1,4.8,0,0,4.8
12,12,11,12_11,panelist,med,1,0,0,0,4.8,0,0,4.8
12,12,12,12_12,panelist,high,1,1,0,0,4.8,0,0,4.8
12,12,13,12_13,panelist,med,1,0,0,0,4.8,0,0,4.8
12,12,14,12_14,panelist,med,1,0,0,0,4.8,0,0,4.8
12,12,15,12_15,panelist,high,1,1,0,0,4.8,0,0,4.8
12,12,16,12_16,panelist,high,1,1,0,0,4.8,0,0,4.8
12,12,17,12_17,panelist,med,1,0,0,0,4.8,1,0.1,4.9
12,12,18,12_18,reviewer,low,0,0,1,0,4.8,0,0,4.8
12,12,19,12_19,panelist,low,1,0,1,0,4.8,1,-0.1,4.7
12,12,20,12_20,panelist,med,1,0,0,0,4.8,1,0.1,4.9
12,12,21,12_21,panelist,high,1,1,0,0,4.8,0,0,4.8
12,12,22,12_22,panelist,low,1,0,1,0,4.8,0,0,4.8
12,12,23,12_23,reviewer,med,0,0,0,0,4.8,0,0,4.8
12,12,24,12_24,panelist,med,1,0,0,0,4.8,0,0,4.8
12,13,01,12_01,panelist,med,1,0,0,0,4.6,0,0,4.6
12,13,02,12_02,reviewer,none,0,0,0,1,4.6,1,-0.2,4.4
12,13,03,12_03,panelist,high,1,1,0,0,4.6,0,0,4.6
12,13,04,12_04,panelist,high,1,1,0,0,4.6,0,0,4.6
12,13,05,12_05,panelist,med,1,0,0,0,4.6,0,0,4.6
12,13,06,12_06,reviewer,low,0,0,1,0,4.6,0,0,4.6
12,13,07,12_07,panelist,high,1,1,0,0,4.6,0,0,4.6
12,13,08,12_08,panelist,med,1,0,0,0,4.6,0,0,4.6
12,13,09,12_09,reviewer,med,0,0,0,0,4.6,0,0,4.6
12,13,10,12_10,panelist,high,1,1,0,0,4.6,0,0,4.6
12,13,11,12_11,panelist,high,1,1,0,0,4.6,0,0,4.6
12,13,12,12_12,panelist,low,1,0,1,0,4.6,0,0,4.6
12,13,13,12_13,panelist,med,1,0,0,0,4.6,0,0,4.6
12,13,14,12_14,panelist,none,1,0,0,1,4.6,0,0,4.6
12,13,15,12_15,panelist,low,1,0,1,0,4.6,0,0,4.6
12,13,16,12_16,panelist,none,1,0,0,1,4.6,1,-0.2,4.4
12,13,17,12_17,panelist,med,1,0,0,0,4.6,0,0,4.6
12,13,18,12_18,panelist,med,1,0,0,0,4.6,1,0.2,4.8
12,13,19,12_19,panelist,none,1,0,0,1,4.6,1,-0.1,4.5
12,13,20,12_20,panelist,med,1,0,0,0,4.6,0,0,4.6
12,13,21,12_21,panelist,low,1,0,1,0,4.6,0,0,4.6
12,13,22,12_22,panelist,med,1,0,0,0,4.6,0,0,4.6
12,13,23,12_23,panelist,high,1,1,0,0,4.6,1,-0.3,4.3
12,13,24,12_24,panelist,med,1,0,0,0,4.6,0,0,4.6
12,14,01,12_01,reviewer,high,0,1,0,0,3.5,1,0.2,3.7
12,14,02,12_02,panelist,med,1,0,0,0,3.5,1,-0.1,3.5
12,14,03,12_03,panelist,med,1,0,0,0,3.5,0,0,3.5
12,14,04,12_04,reviewer,low,0,0,1,0,3.5,0,0,3.5
12,14,05,12_05,panelist,none,1,0,0,1,3.5,0,0,3.5
12,14,06,12_06,panelist,high,1,1,0,0,3.5,0,0,3.5
12,14,07,12_07,panelist,med,1,0,0,0,3.5,1,0.2,3.7
12,14,08,12_08,panelist,high,1,1,0,0,3.5,0,0,3.5
12,14,09,12_09,panelist,none,1,0,0,1,3.5,1,0.1,3.6
12,14,10,12_10,panelist,med,1,0,0,0,3.5,1,0.1,3.6
12,14,11,12_11,panelist,med,1,0,0,0,3.5,1,0.2,3.7
12,14,12,12_12,panelist,none,1,0,0,1,3.5,0,0,3.5
12,14,13,12_13,panelist,med,1,0,0,0,3.5,0,0,3.5
12,14,14,12_14,panelist,med,1,0,0,0,3.5,0,0,3.5
12,14,15,12_15,panelist,low,1,0,1,0,3.5,0,0,3.5
12,14,16,12_16,panelist,med,1,0,0,0,3.5,1,0.2,3.7
12,14,17,12_17,panelist,low,1,0,1,0,3.5,0,0,3.5
12,14,18,12_18,panelist,none,1,0,0,1,3.5,1,-0.1,3.5
12,14,19,12_19,panelist,high,1,1,0,0,3.5,0,0,3.5
12,14,20,12_20,panelist,med,1,0,0,0,3.5,0,0,3.5
12,14,21,12_21,panelist,high,1,1,0,0,3.5,1,-0.3,3.5
12,14,22,12_22,panelist,low,1,0,1,0,3.5,1,-0.1,3.5
12,14,23,12_23,reviewer,med,0,0,0,0,3.5,1,-0.1,3.5
12,14,24,12_24,panelist,high,1,1,0,0,3.5,0,0,3.5
12,15,01,12_01,panelist,none,1,0,0,1,4.3,0,0,4.3
12,15,02,12_02,panelist,med,1,0,0,0,4.3,1,0.3,4.6
12,15,03,12_03,panelist,med,1,0,0,0,4.3,0,0,4.3
12,15,04,12_04,reviewer,none,0,0,0,1,4.3,0,0,4.3
12,15,05,12_05,panelist,med,1,0,0,0,4.3,1,-0.1,4.2
12,15,06,12_06,reviewer,med,0,0,0,0,4.3,0,0,4.3
12,15,07,12_07,panelist,low,1,0,1,0,4.3,0,0,4.3
12,15,08,12_08,panelist,high,1,1,0,0,4.3,1,0.2,4.5
12,15,09,12_09,panelist,high,1,1,0,0,4.3,1,0.1,4.4
12,15,10,12_10,reviewer,low,0,0,1,0,4.3,1,0.1,4.4
12,15,11,12_11,panelist,low,1,0,1,0,4.3,0,0,4.3
12,15,12,12_12,panelist,high,1,1,0,0,4.3,0,0,4.3
12,15,13,12_13,panelist,med,1,0,0,0,4.3,0,0,4.3
12,15,14,12_14,panelist,med,1,0,0,0,4.3,1,0.2,4.5
12,15,15,12_15,panelist,med,1,0,0,0,4.3,0,0,4.3
12,15,16,12_16,panelist,high,1,1,0,0,4.3,0,0,4.3
12,15,17,12_17,panelist,low,1,0,1,0,4.3,1,0.2,4.5
12,15,18,12_18,panelist,med,1,0,0,0,4.3,0,0,4.3
12,15,19,12_19,panelist,med,1,0,0,0,4.3,0,0,4.3
12,15,20,12_20,panelist,high,1,1,0,0,4.3,0,0,4.3
12,15,21,12_21,panelist,none,1,0,0,1,4.3,1,0.1,4.4
12,15,22,12_22,panelist,med,1,0,0,0,4.3,0,0,4.3
12,15,23,12_23,panelist,high,1,1,0,0,4.3,0,0,4.3
12,15,24,12_24,panelist,none,1,0,0,1,4.3,1,-0.1,4.2
13,1,01,13_01,panelist,none,1,0,0,1,3.8,1,0.1,3.9
13,1,02,13_02,panelist,high,1,1,0,0,3.8,0,0,3.8
13,1,03,13_03,panelist,med,1,0,0,0,3.8,1,0.2,4
13,1,04,13_04,reviewer,high,0,1,0,0,3.8,0,0,3.8
13,1,05,13_05,panelist,low,1,0,1,0,3.8,1,-0.1,3.7
13,1,06,13_06,panelist,med,1,0,0,0,3.8,1,-0.1,3.7
13,1,07,13_07,panelist,med,1,0,0,0,3.8,0,0,3.8
13,1,08,13_08,panelist,med,1,0,0,0,3.8,0,0,3.8
13,1,09,13_09,panelist,med,1,0,0,0,3.8,0,0,3.8
13,1,10,13_10,reviewer,none,0,0,0,1,3.8,1,-0.3,3.5
13,1,11,13_11,panelist,med,1,0,0,0,3.8,0,0,3.8
13,1,12,13_12,panelist,med,1,0,0,0,3.8,1,0.2,4
13,1,13,13_13,panelist,none,1,0,0,1,3.8,1,0.3,4.1
13,1,14,13_14,panelist,high,1,1,0,0,3.8,0,0,3.8
13,1,15,13_15,panelist,med,1,0,0,0,3.8,1,0.2,4
13,1,16,13_16,panelist,low,1,0,1,0,3.8,0,0,3.8
13,1,17,13_17,panelist,low,1,0,1,0,3.8,0,0,3.8
13,1,18,13_18,panelist,high,1,1,0,0,3.8,0,0,3.8
13,1,19,13_19,panelist,low,1,0,1,0,3.8,0,0,3.8
13,1,20,13_20,panelist,high,1,1,0,0,3.8,0,0,3.8
13,1,21,13_21,panelist,none,1,0,0,1,3.8,1,-0.1,3.7
13,1,22,13_22,panelist,med,1,0,0,0,3.8,1,-0.1,3.7
13,1,23,13_23,panelist,high,1,1,0,0,3.8,0,0,3.8
13,1,24,13_24,reviewer,med,0,0,0,0,3.8,0,0,3.8
13,2,01,13_01,panelist,high,1,1,0,0,4.4,0,0,4.4
13,2,02,13_02,panelist,med,1,0,0,0,4.4,1,0.2,4.6
13,2,03,13_03,panelist,none,1,0,0,1,4.4,0,0,4.4
13,2,04,13_04,panelist,none,1,0,0,1,4.4,0,0,4.4
13,2,05,13_05,panelist,none,1,0,0,1,4.4,1,0.1,4.5
13,2,06,13_06,panelist,high,1,1,0,0,4.4,0,0,4.4
13,2,07,13_07,panelist,high,1,1,0,0,4.4,0,0,4.4
13,2,08,13_08,panelist,med,1,0,0,0,4.4,1,0.2,4.6
13,2,09,13_09,panelist,low,1,0,1,0,4.4,0,0,4.4
13,2,10,13_10,panelist,med,1,0,0,0,4.4,0,0,4.4
13,2,11,13_11,panelist,low,1,0,1,0,4.4,0,0,4.4
13,2,12,13_12,panelist,low,1,0,1,0,4.4,0,0,4.4
13,2,13,13_13,panelist,med,1,0,0,0,4.4,1,0.1,4.5
13,2,14,13_14,panelist,med,1,0,0,0,4.4,0,0,4.4
13,2,15,13_15,reviewer,med,0,0,0,0,4.4,0,0,4.4
13,2,16,13_16,panelist,med,1,0,0,0,4.4,0,0,4.4
13,2,17,13_17,reviewer,high,0,1,0,0,4.4,0,0,4.4
13,2,18,13_18,panelist,none,1,0,0,1,4.4,0,0,4.4
13,2,19,13_19,panelist,med,1,0,0,0,4.4,0,0,4.4
13,2,20,13_20,panelist,low,1,0,1,0,4.4,0,0,4.4
13,2,21,13_21,reviewer,high,0,1,0,0,4.4,0,0,4.4
13,2,22,13_22,panelist,high,1,1,0,0,4.4,1,0.1,4.5
13,2,23,13_23,panelist,med,1,0,0,0,4.4,0,0,4.4
13,2,24,13_24,panelist,med,1,0,0,0,4.4,0,0,4.4
13,3,01,13_01,panelist,low,1,0,1,0,4.3,0,0,4.3
13,3,02,13_02,panelist,med,1,0,0,0,4.3,1,-0.2,4.1
13,3,03,13_03,panelist,med,1,0,0,0,4.3,1,0.3,4.6
13,3,04,13_04,panelist,none,1,0,0,1,4.3,1,-0.1,4.2
13,3,05,13_05,panelist,high,1,1,0,0,4.3,0,0,4.3
13,3,06,13_06,panelist,high,1,1,0,0,4.3,1,0.1,4.4
13,3,07,13_07,panelist,none,1,0,0,1,4.3,0,0,4.3
13,3,08,13_08,panelist,high,1,1,0,0,4.3,0,0,4.3
13,3,09,13_09,panelist,none,1,0,0,1,4.3,1,-0.4,3.9
13,3,10,13_10,panelist,med,1,0,0,0,4.3,0,0,4.3
13,3,11,13_11,panelist,med,1,0,0,0,4.3,1,0.1,4.4
13,3,12,13_12,panelist,low,1,0,1,0,4.3,0,0,4.3
13,3,13,13_13,panelist,med,1,0,0,0,4.3,1,0.1,4.4
13,3,14,13_14,panelist,med,1,0,0,0,4.3,1,-0.1,4.2
13,3,15,13_15,panelist,med,1,0,0,0,4.3,1,-0.2,4.1
13,3,16,13_16,reviewer,high,0,1,0,0,4.3,0,0,4.3
13,3,17,13_17,panelist,low,1,0,1,0,4.3,0,0,4.3
13,3,18,13_18,panelist,high,1,1,0,0,4.3,1,-0.1,4.2
13,3,19,13_19,reviewer,med,0,0,0,0,4.3,0,0,4.3
13,3,20,13_20,panelist,med,1,0,0,0,4.3,0,0,4.3
13,3,21,13_21,panelist,high,1,1,0,0,4.3,0,0,4.3
13,3,22,13_22,panelist,low,1,0,1,0,4.3,0,0,4.3
13,3,23,13_23,panelist,none,1,0,0,1,4.3,1,-0.1,4.2
13,3,24,13_24,reviewer,med,0,0,0,0,4.3,1,0.2,4.5
13,4,01,13_01,panelist,low,1,0,1,0,3.9,0,0,3.9
13,4,02,13_02,panelist,high,1,1,0,0,3.9,0,0,3.9
13,4,03,13_03,panelist,med,1,0,0,0,3.9,1,0.1,4
13,4,04,13_04,reviewer,med,0,0,0,0,3.9,0,0,3.9
13,4,05,13_05,panelist,none,1,0,0,1,3.9,0,0,3.9
13,4,06,13_06,panelist,low,1,0,1,0,3.9,1,-0.1,3.8
13,4,07,13_07,panelist,low,1,0,1,0,3.9,1,-0.3,3.6
13,4,08,13_08,panelist,none,1,0,0,1,3.9,1,-0.1,3.8
13,4,09,13_09,panelist,med,1,0,0,0,3.9,1,0.1,4
13,4,10,13_10,panelist,high,1,1,0,0,3.9,0,0,3.9
13,4,11,13_11,panelist,med,1,0,0,0,3.9,1,-0.2,3.7
13,4,12,13_12,panelist,high,1,1,0,0,3.9,1,-0.2,3.7
13,4,13,13_13,panelist,none,1,0,0,1,3.9,0,0,3.9
13,4,14,13_14,panelist,med,1,0,0,0,3.9,0,0,3.9
13,4,15,13_15,panelist,low,1,0,1,0,3.9,0,0,3.9
13,4,16,13_16,panelist,high,1,1,0,0,3.9,1,0.3,4.2
13,4,17,13_17,panelist,high,1,1,0,0,3.9,0,0,3.9
13,4,18,13_18,panelist,med,1,0,0,0,3.9,1,0.1,4
13,4,19,13_19,panelist,high,1,1,0,0,3.9,0,0,3.9
13,4,20,13_20,panelist,med,1,0,0,0,3.9,0,0,3.9
13,4,21,13_21,reviewer,med,0,0,0,0,3.9,0,0,3.9
13,4,22,13_22,panelist,med,1,0,0,0,3.9,1,0.1,4
13,4,23,13_23,panelist,none,1,0,0,1,3.9,1,0.1,4
13,4,24,13_24,reviewer,med,0,0,0,0,3.9,1,0.2,4.1
13,5,01,13_01,panelist,high,1,1,0,0,3.8,0,0,3.8
13,5,02,13_02,panelist,med,1,0,0,0,3.8,1,0.1,3.9
13,5,03,13_03,panelist,med,1,0,0,0,3.8,0,0,3.8
13,5,04,13_04,panelist,none,1,0,0,1,3.8,1,-0.2,3.6
13,5,05,13_05,reviewer,high,0,1,0,0,3.8,0,0,3.8
13,5,06,13_06,panelist,none,1,0,0,1,3.8,1,0.1,3.9
13,5,07,13_07,panelist,high,1,1,0,0,3.8,0,0,3.8
13,5,08,13_08,reviewer,none,0,0,0,1,3.8,1,0.2,4
13,5,09,13_09,panelist,med,1,0,0,0,3.8,1,-0.1,3.7
13,5,10,13_10,panelist,med,1,0,0,0,3.8,0,0,3.8
13,5,11,13_11,panelist,med,1,0,0,0,3.8,0,0,3.8
13,5,12,13_12,panelist,high,1,1,0,0,3.8,0,0,3.8
13,5,13,13_13,panelist,low,1,0,1,0,3.8,0,0,3.8
13,5,14,13_14,panelist,med,1,0,0,0,3.8,1,0.2,4
13,5,15,13_15,panelist,low,1,0,1,0,3.8,0,0,3.8
13,5,16,13_16,panelist,med,1,0,0,0,3.8,1,0.1,3.9
13,5,17,13_17,panelist,high,1,1,0,0,3.8,0,0,3.8
13,5,18,13_18,panelist,med,1,0,0,0,3.8,0,0,3.8
13,5,19,13_19,panelist,med,1,0,0,0,3.8,0,0,3.8
13,5,20,13_20,panelist,low,1,0,1,0,3.8,0,0,3.8
13,5,21,13_21,panelist,high,1,1,0,0,3.8,1,0.1,3.9
13,5,22,13_22,reviewer,low,0,0,1,0,3.8,0,0,3.8
13,5,23,13_23,panelist,med,1,0,0,0,3.8,0,0,3.8
13,5,24,13_24,panelist,none,1,0,0,1,3.8,1,0.2,4
13,6,01,13_01,panelist,none,1,0,0,1,3.6,0,0,3.6
13,6,02,13_02,panelist,med,1,0,0,0,3.6,1,0.1,3.7
13,6,03,13_03,panelist,high,1,1,0,0,3.6,1,0.2,3.8
13,6,04,13_04,panelist,med,1,0,0,0,3.6,1,0.1,3.7
13,6,05,13_05,reviewer,med,0,0,0,0,3.6,0,0,3.6
13,6,06,13_06,reviewer,med,0,0,0,0,3.6,0,0,3.6
13,6,07,13_07,panelist,high,1,1,0,0,3.6,0,0,3.6
13,6,08,13_08,panelist,high,1,1,0,0,3.6,1,0.2,3.8
13,6,09,13_09,panelist,none,1,0,0,1,3.6,1,-0.1,3.5
13,6,10,13_10,panelist,low,1,0,1,0,3.6,1,-0.3,3.5
13,6,11,13_11,panelist,low,1,0,1,0,3.6,1,0.1,3.7
13,6,12,13_12,panelist,low,1,0,1,0,3.6,1,-0.2,3.5
13,6,13,13_13,panelist,med,1,0,0,0,3.6,1,0.1,3.7
13,6,14,13_14,panelist,med,1,0,0,0,3.6,0,0,3.6
13,6,15,13_15,reviewer,none,0,0,0,1,3.6,1,-0.2,3.5
13,6,16,13_16,panelist,high,1,1,0,0,3.6,0,0,3.6
13,6,17,13_17,panelist,med,1,0,0,0,3.6,0,0,3.6
13,6,18,13_18,panelist,med,1,0,0,0,3.6,1,-0.1,3.5
13,6,19,13_19,panelist,none,1,0,0,1,3.6,0,0,3.6
13,6,20,13_20,panelist,high,1,1,0,0,3.6,0,0,3.6
13,6,21,13_21,panelist,low,1,0,1,0,3.6,0,0,3.6
13,6,22,13_22,panelist,med,1,0,0,0,3.6,0,0,3.6
13,6,23,13_23,panelist,high,1,1,0,0,3.6,0,0,3.6
13,6,24,13_24,panelist,med,1,0,0,0,3.6,0,0,3.6
13,7,01,13_01,panelist,none,1,0,0,1,4,0,0,4
13,7,02,13_02,panelist,med,1,0,0,0,4,1,-0.1,3.9
13,7,03,13_03,panelist,high,1,1,0,0,4,0,0,4
13,7,04,13_04,reviewer,high,0,1,0,0,4,0,0,4
13,7,05,13_05,panelist,high,1,1,0,0,4,0,0,4
13,7,06,13_06,panelist,med,1,0,0,0,4,0,0,4
13,7,07,13_07,panelist,med,1,0,0,0,4,1,-0.2,3.8
13,7,08,13_08,panelist,none,1,0,0,1,4,0,0,4
13,7,09,13_09,panelist,med,1,0,0,0,4,0,0,4
13,7,10,13_10,panelist,med,1,0,0,0,4,0,0,4
13,7,11,13_11,reviewer,high,0,1,0,0,4,0,0,4
13,7,12,13_12,reviewer,med,0,0,0,0,4,0,0,4
13,7,13,13_13,panelist,med,1,0,0,0,4,1,-0.1,3.9
13,7,14,13_14,panelist,low,1,0,1,0,4,0,0,4
13,7,15,13_15,panelist,low,1,0,1,0,4,0,0,4
13,7,16,13_16,panelist,med,1,0,0,0,4,0,0,4
13,7,17,13_17,panelist,low,1,0,1,0,4,0,0,4
13,7,18,13_18,panelist,med,1,0,0,0,4,0,0,4
13,7,19,13_19,panelist,none,1,0,0,1,4,1,-0.1,3.9
13,7,20,13_20,panelist,none,1,0,0,1,4,0,0,4
13,7,21,13_21,panelist,high,1,1,0,0,4,1,0.2,4.2
13,7,22,13_22,panelist,low,1,0,1,0,4,1,-0.2,3.8
13,7,23,13_23,panelist,med,1,0,0,0,4,0,0,4
13,7,24,13_24,panelist,high,1,1,0,0,4,0,0,4
13,8,01,13_01,panelist,med,1,0,0,0,3.6,0,0,3.6
13,8,02,13_02,panelist,med,1,0,0,0,3.6,1,0.3,3.9
13,8,03,13_03,panelist,none,1,0,0,1,3.6,0,0,3.6
13,8,04,13_04,panelist,med,1,0,0,0,3.6,1,-0.2,3.5
13,8,05,13_05,panelist,high,1,1,0,0,3.6,0,0,3.6
13,8,06,13_06,panelist,med,1,0,0,0,3.6,1,0.2,3.8
13,8,07,13_07,panelist,none,1,0,0,1,3.6,1,0.2,3.8
13,8,08,13_08,panelist,high,1,1,0,0,3.6,0,0,3.6
13,8,09,13_09,reviewer,low,0,0,1,0,3.6,1,-0.1,3.5
13,8,10,13_10,reviewer,low,0,0,1,0,3.6,1,0.2,3.8
13,8,11,13_11,panelist,low,1,0,1,0,3.6,0,0,3.6
13,8,12,13_12,panelist,high,1,1,0,0,3.6,0,0,3.6
13,8,13,13_13,panelist,med,1,0,0,0,3.6,0,0,3.6
13,8,14,13_14,panelist,none,1,0,0,1,3.6,1,-0.2,3.5
13,8,15,13_15,panelist,high,1,1,0,0,3.6,0,0,3.6
13,8,16,13_16,panelist,med,1,0,0,0,3.6,0,0,3.6
13,8,17,13_17,panelist,high,1,1,0,0,3.6,0,0,3.6
13,8,18,13_18,panelist,med,1,0,0,0,3.6,0,0,3.6
13,8,19,13_19,panelist,med,1,0,0,0,3.6,0,0,3.6
13,8,20,13_20,panelist,med,1,0,0,0,3.6,1,-0.2,3.5
13,8,21,13_21,panelist,med,1,0,0,0,3.6,0,0,3.6
13,8,22,13_22,panelist,none,1,0,0,1,3.6,0,0,3.6
13,8,23,13_23,panelist,high,1,1,0,0,3.6,0,0,3.6
13,8,24,13_24,reviewer,low,0,0,1,0,3.6,0,0,3.6
13,9,01,13_01,panelist,med,1,0,0,0,4.3,1,-0.2,4.1
13,9,02,13_02,panelist,med,1,0,0,0,4.3,1,0.1,4.4
13,9,03,13_03,panelist,low,1,0,1,0,4.3,1,0.3,4.6
13,9,04,13_04,panelist,med,1,0,0,0,4.3,0,0,4.3
13,9,05,13_05,panelist,med,1,0,0,0,4.3,1,0.2,4.5
13,9,06,13_06,panelist,none,1,0,0,1,4.3,0,0,4.3
13,9,07,13_07,reviewer,low,0,0,1,0,4.3,1,0.2,4.5
13,9,08,13_08,reviewer,low,0,0,1,0,4.3,0,0,4.3
13,9,09,13_09,panelist,med,1,0,0,0,4.3,0,0,4.3
13,9,10,13_10,panelist,med,1,0,0,0,4.3,0,0,4.3
13,9,11,13_11,panelist,high,1,1,0,0,4.3,1,-0.2,4.1
13,9,12,13_12,reviewer,high,0,1,0,0,4.3,0,0,4.3
13,9,13,13_13,panelist,none,1,0,0,1,4.3,0,0,4.3
13,9,14,13_14,panelist,low,1,0,1,0,4.3,1,-0.1,4.2
13,9,15,13_15,panelist,med,1,0,0,0,4.3,0,0,4.3
13,9,16,13_16,panelist,med,1,0,0,0,4.3,1,0.3,4.6
13,9,17,13_17,panelist,med,1,0,0,0,4.3,0,0,4.3
13,9,18,13_18,panelist,none,1,0,0,1,4.3,0,0,4.3
13,9,19,13_19,panelist,med,1,0,0,0,4.3,0,0,4.3
13,9,20,13_20,panelist,high,1,1,0,0,4.3,1,0.3,4.6
13,9,21,13_21,panelist,high,1,1,0,0,4.3,0,0,4.3
13,9,22,13_22,panelist,high,1,1,0,0,4.3,1,0.1,4.4
13,9,23,13_23,panelist,none,1,0,0,1,4.3,1,0.1,4.4
13,9,24,13_24,panelist,high,1,1,0,0,4.3,0,0,4.3
13,10,01,13_01,panelist,none,1,0,0,1,4.7,0,0,4.7
13,10,02,13_02,reviewer,med,0,0,0,0,4.7,1,0.1,4.8
13,10,03,13_03,panelist,med,1,0,0,0,4.7,1,-0.1,4.6
13,10,04,13_04,panelist,high,1,1,0,0,4.7,0,0,4.7
13,10,05,13_05,panelist,none,1,0,0,1,4.7,1,0.1,4.8
13,10,06,13_06,reviewer,none,0,0,0,1,4.7,1,-0.1,4.6
13,10,07,13_07,panelist,med,1,0,0,0,4.7,1,-0.3,4.4
13,10,08,13_08,panelist,low,1,0,1,0,4.7,0,0,4.7
13,10,09,13_09,panelist,med,1,0,0,0,4.7,0,0,4.7
13,10,10,13_10,panelist,high,1,1,0,0,4.7,0,0,4.7
13,10,11,13_11,reviewer,med,0,0,0,0,4.7,1,-0.1,4.6
13,10,12,13_12,panelist,high,1,1,0,0,4.7,0,0,4.7
13,10,13,13_13,panelist,low,1,0,1,0,4.7,1,0.1,4.8
13,10,14,13_14,panelist,high,1,1,0,0,4.7,1,-0.1,4.6
13,10,15,13_15,panelist,med,1,0,0,0,4.7,1,0.1,4.8
13,10,16,13_16,panelist,low,1,0,1,0,4.7,1,-0.1,4.6
13,10,17,13_17,panelist,low,1,0,1,0,4.7,1,0.1,4.8
13,10,18,13_18,panelist,high,1,1,0,0,4.7,0,0,4.7
13,10,19,13_19,panelist,high,1,1,0,0,4.7,0,0,4.7
13,10,20,13_20,panelist,none,1,0,0,1,4.7,1,0.2,4.9
13,10,21,13_21,panelist,med,1,0,0,0,4.7,0,0,4.7
13,10,22,13_22,panelist,med,1,0,0,0,4.7,0,0,4.7
13,10,23,13_23,panelist,med,1,0,0,0,4.7,1,-0.2,4.5
13,10,24,13_24,panelist,med,1,0,0,0,4.7,0,0,4.7
13,11,01,13_01,panelist,low,1,0,1,0,4.3,1,0.1,4.4
13,11,02,13_02,panelist,high,1,1,0,0,4.3,0,0,4.3
13,11,03,13_03,panelist,high,1,1,0,0,4.3,1,0.1,4.4
13,11,04,13_04,reviewer,high,0,1,0,0,4.3,0,0,4.3
13,11,05,13_05,panelist,med,1,0,0,0,4.3,1,0.1,4.4
13,11,06,13_06,panelist,med,1,0,0,0,4.3,0,0,4.3
13,11,07,13_07,panelist,low,1,0,1,0,4.3,1,-0.3,4
13,11,08,13_08,panelist,med,1,0,0,0,4.3,1,-0.1,4.2
13,11,09,13_09,panelist,med,1,0,0,0,4.3,1,-0.1,4.2
13,11,10,13_10,panelist,none,1,0,0,1,4.3,1,0.2,4.5
13,11,11,13_11,panelist,high,1,1,0,0,4.3,0,0,4.3
13,11,12,13_12,panelist,high,1,1,0,0,4.3,0,0,4.3
13,11,13,13_13,panelist,high,1,1,0,0,4.3,0,0,4.3
13,11,14,13_14,reviewer,none,0,0,0,1,4.3,0,0,4.3
13,11,15,13_15,panelist,med,1,0,0,0,4.3,1,0.1,4.4
13,11,16,13_16,panelist,med,1,0,0,0,4.3,0,0,4.3
13,11,17,13_17,reviewer,low,0,0,1,0,4.3,1,-0.1,4.2
13,11,18,13_18,panelist,low,1,0,1,0,4.3,0,0,4.3
13,11,19,13_19,panelist,none,1,0,0,1,4.3,0,0,4.3
13,11,20,13_20,panelist,none,1,0,0,1,4.3,1,0.2,4.5
13,11,21,13_21,panelist,med,1,0,0,0,4.3,1,0.1,4.4
13,11,22,13_22,panelist,med,1,0,0,0,4.3,0,0,4.3
13,11,23,13_23,panelist,med,1,0,0,0,4.3,1,0.1,4.4
13,11,24,13_24,panelist,med,1,0,0,0,4.3,0,0,4.3
13,12,01,13_01,panelist,low,1,0,1,0,4.9,1,0.1,4.9
13,12,02,13_02,panelist,none,1,0,0,1,4.9,1,0.1,4.9
13,12,03,13_03,panelist,high,1,1,0,0,4.9,0,0,4.9
13,12,04,13_04,panelist,med,1,0,0,0,4.9,0,0,4.9
13,12,05,13_05,panelist,med,1,0,0,0,4.9,0,0,4.9
13,12,06,13_06,panelist,med,1,0,0,0,4.9,0,0,4.9
13,12,07,13_07,panelist,none,1,0,0,1,4.9,1,0.3,4.9
13,12,08,13_08,panelist,high,1,1,0,0,4.9,1,0.3,4.9
13,12,09,13_09,panelist,high,1,1,0,0,4.9,0,0,4.9
13,12,10,13_10,reviewer,med,0,0,0,0,4.9,0,0,4.9
13,12,11,13_11,panelist,high,1,1,0,0,4.9,0,0,4.9
13,12,12,13_12,panelist,med,1,0,0,0,4.9,0,0,4.9
13,12,13,13_13,panelist,high,1,1,0,0,4.9,1,-0.2,4.7
13,12,14,13_14,panelist,med,1,0,0,0,4.9,0,0,4.9
13,12,15,13_15,panelist,med,1,0,0,0,4.9,0,0,4.9
13,12,16,13_16,panelist,med,1,0,0,0,4.9,0,0,4.9
13,12,17,13_17,panelist,med,1,0,0,0,4.9,0,0,4.9
13,12,18,13_18,panelist,none,1,0,0,1,4.9,1,0.1,4.9
13,12,19,13_19,reviewer,med,0,0,0,0,4.9,0,0,4.9
13,12,20,13_20,panelist,high,1,1,0,0,4.9,0,0,4.9
13,12,21,13_21,panelist,low,1,0,1,0,4.9,0,0,4.9
13,12,22,13_22,panelist,low,1,0,1,0,4.9,1,0.3,4.9
13,12,23,13_23,reviewer,low,0,0,1,0,4.9,0,0,4.9
13,12,24,13_24,panelist,none,1,0,0,1,4.9,1,-0.1,4.8
13,13,01,13_01,panelist,none,1,0,0,1,4.7,0,0,4.7
13,13,02,13_02,panelist,med,1,0,0,0,4.7,0,0,4.7
13,13,03,13_03,reviewer,med,0,0,0,0,4.7,0,0,4.7
13,13,04,13_04,panelist,med,1,0,0,0,4.7,0,0,4.7
13,13,05,13_05,panelist,high,1,1,0,0,4.7,0,0,4.7
13,13,06,13_06,panelist,med,1,0,0,0,4.7,0,0,4.7
13,13,07,13_07,panelist,med,1,0,0,0,4.7,1,-0.1,4.6
13,13,08,13_08,panelist,med,1,0,0,0,4.7,0,0,4.7
13,13,09,13_09,panelist,low,1,0,1,0,4.7,0,0,4.7
13,13,10,13_10,panelist,low,1,0,1,0,4.7,0,0,4.7
13,13,11,13_11,panelist,low,1,0,1,0,4.7,1,0.2,4.9
13,13,12,13_12,panelist,med,1,0,0,0,4.7,0,0,4.7
13,13,13,13_13,panelist,none,1,0,0,1,4.7,1,-0.2,4.5
13,13,14,13_14,panelist,none,1,0,0,1,4.7,1,0.1,4.8
13,13,15,13_15,reviewer,med,0,0,0,0,4.7,0,0,4.7
13,13,16,13_16,panelist,high,1,1,0,0,4.7,0,0,4.7
13,13,17,13_17,panelist,none,1,0,0,1,4.7,1,-0.2,4.5
13,13,18,13_18,panelist,high,1,1,0,0,4.7,0,0,4.7
13,13,19,13_19,panelist,high,1,1,0,0,4.7,0,0,4.7
13,13,20,13_20,panelist,med,1,0,0,0,4.7,1,-0.1,4.6
13,13,21,13_21,reviewer,high,0,1,0,0,4.7,1,-0.4,4.3
13,13,22,13_22,panelist,low,1,0,1,0,4.7,1,-0.1,4.6
13,13,23,13_23,panelist,med,1,0,0,0,4.7,1,0.2,4.9
13,13,24,13_24,panelist,high,1,1,0,0,4.7,0,0,4.7
13,14,01,13_01,panelist,low,1,0,1,0,3.7,0,0,3.7
13,14,02,13_02,panelist,high,1,1,0,0,3.7,0,0,3.7
13,14,03,13_03,panelist,high,1,1,0,0,3.7,0,0,3.7
13,14,04,13_04,panelist,med,1,0,0,0,3.7,0,0,3.7
13,14,05,13_05,panelist,high,1,1,0,0,3.7,0,0,3.7
13,14,06,13_06,reviewer,none,0,0,0,1,3.7,0,0,3.7
13,14,07,13_07,panelist,med,1,0,0,0,3.7,0,0,3.7
13,14,08,13_08,reviewer,med,0,0,0,0,3.7,0,0,3.7
13,14,09,13_09,panelist,med,1,0,0,0,3.7,1,0.2,3.9
13,14,10,13_10,panelist,med,1,0,0,0,3.7,0,0,3.7
13,14,11,13_11,panelist,high,1,1,0,0,3.7,1,-0.3,3.5
13,14,12,13_12,panelist,low,1,0,1,0,3.7,0,0,3.7
13,14,13,13_13,panelist,none,1,0,0,1,3.7,0,0,3.7
13,14,14,13_14,panelist,high,1,1,0,0,3.7,0,0,3.7
13,14,15,13_15,panelist,med,1,0,0,0,3.7,0,0,3.7
13,14,16,13_16,panelist,low,1,0,1,0,3.7,0,0,3.7
13,14,17,13_17,panelist,high,1,1,0,0,3.7,0,0,3.7
13,14,18,13_18,panelist,med,1,0,0,0,3.7,0,0,3.7
13,14,19,13_19,reviewer,none,0,0,0,1,3.7,0,0,3.7
13,14,20,13_20,panelist,low,1,0,1,0,3.7,1,0.1,3.8
13,14,21,13_21,panelist,med,1,0,0,0,3.7,0,0,3.7
13,14,22,13_22,panelist,med,1,0,0,0,3.7,0,0,3.7
13,14,23,13_23,panelist,none,1,0,0,1,3.7,1,0.1,3.8
13,14,24,13_24,panelist,med,1,0,0,0,3.7,0,0,3.7
13,15,01,13_01,panelist,high,1,1,0,0,4.4,0,0,4.4
13,15,02,13_02,panelist,high,1,1,0,0,4.4,1,-0.1,4.3
13,15,03,13_03,reviewer,none,0,0,0,1,4.4,0,0,4.4
13,15,04,13_04,panelist,low,1,0,1,0,4.4,0,0,4.4
13,15,05,13_05,panelist,med,1,0,0,0,4.4,0,0,4.4
13,15,06,13_06,panelist,none,1,0,0,1,4.4,1,0.2,4.6
13,15,07,13_07,panelist,low,1,0,1,0,4.4,1,0.1,4.5
13,15,08,13_08,reviewer,low,0,0,1,0,4.4,1,0.2,4.6
13,15,09,13_09,panelist,none,1,0,0,1,4.4,0,0,4.4
13,15,10,13_10,panelist,high,1,1,0,0,4.4,1,-0.2,4.2
13,15,11,13_11,panelist,med,1,0,0,0,4.4,0,0,4.4
13,15,12,13_12,reviewer,med,0,0,0,0,4.4,1,-0.1,4.3
13,15,13,13_13,panelist,high,1,1,0,0,4.4,1,0.2,4.6
13,15,14,13_14,panelist,med,1,0,0,0,4.4,1,0.1,4.5
13,15,15,13_15,panelist,med,1,0,0,0,4.4,0,0,4.4
13,15,16,13_16,panelist,high,1,1,0,0,4.4,1,-0.1,4.3
13,15,17,13_17,panelist,med,1,0,0,0,4.4,0,0,4.4
13,15,18,13_18,panelist,low,1,0,1,0,4.4,1,-0.4,4
13,15,19,13_19,panelist,med,1,0,0,0,4.4,0,0,4.4
13,15,20,13_20,panelist,med,1,0,0,0,4.4,0,0,4.4
13,15,21,13_21,panelist,med,1,0,0,0,4.4,0,0,4.4
13,15,22,13_22,panelist,high,1,1,0,0,4.4,1,-0.1,4.3
13,15,23,13_23,panelist,none,1,0,0,1,4.4,1,-0.3,4.1
13,15,24,13_24,panelist,med,1,0,0,0,4.4,0,0,4.4
14,1,01,14_01,reviewer,low,0,0,1,0,3.7,1,-0.1,3.6
14,1,02,14_02,panelist,med,1,0,0,0,3.7,0,0,3.7
14,1,03,14_03,panelist,none,1,0,0,1,3.7,0,0,3.7
14,1,04,14_04,panelist,med,1,0,0,0,3.7,0,0,3.7
14,1,05,14_05,panelist,med,1,0,0,0,3.7,0,0,3.7
14,1,06,14_06,panelist,high,1,1,0,0,3.7,0,0,3.7
14,1,07,14_07,panelist,high,1,1,0,0,3.7,1,0.2,3.9
14,1,08,14_08,panelist,med,1,0,0,0,3.7,0,0,3.7
14,1,09,14_09,panelist,low,1,0,1,0,3.7,0,0,3.7
14,1,10,14_10,panelist,med,1,0,0,0,3.7,1,-0.3,3.5
14,1,11,14_11,reviewer,high,0,1,0,0,3.7,0,0,3.7
14,1,12,14_12,panelist,low,1,0,1,0,3.7,0,0,3.7
14,1,13,14_13,panelist,none,1,0,0,1,3.7,0,0,3.7
14,1,14,14_14,panelist,low,1,0,1,0,3.7,0,0,3.7
14,1,15,14_15,reviewer,med,0,0,0,0,3.7,1,0.3,4
14,1,16,14_16,panelist,med,1,0,0,0,3.7,0,0,3.7
14,1,17,14_17,panelist,med,1,0,0,0,3.7,0,0,3.7
14,1,18,14_18,panelist,med,1,0,0,0,3.7,0,0,3.7
14,1,19,14_19,panelist,none,1,0,0,1,3.7,1,0.2,3.9
14,1,20,14_20,panelist,med,1,0,0,0,3.7,0,0,3.7
14,1,21,14_21,panelist,high,1,1,0,0,3.7,0,0,3.7
14,1,22,14_22,panelist,high,1,1,0,0,3.7,0,0,3.7
14,1,23,14_23,panelist,none,1,0,0,1,3.7,0,0,3.7
14,1,24,14_24,panelist,high,1,1,0,0,3.7,0,0,3.7
14,2,01,14_01,panelist,low,1,0,1,0,4.3,1,0.1,4.4
14,2,02,14_02,reviewer,med,0,0,0,0,4.3,1,0.1,4.4
14,2,03,14_03,panelist,med,1,0,0,0,4.3,0,0,4.3
14,2,04,14_04,panelist,low,1,0,1,0,4.3,1,-0.2,4.1
14,2,05,14_05,panelist,med,1,0,0,0,4.3,1,0.1,4.4
14,2,06,14_06,panelist,high,1,1,0,0,4.3,0,0,4.3
14,2,07,14_07,panelist,med,1,0,0,0,4.3,1,0.1,4.4
14,2,08,14_08,panelist,low,1,0,1,0,4.3,1,0.2,4.5
14,2,09,14_09,panelist,none,1,0,0,1,4.3,0,0,4.3
14,2,10,14_10,panelist,med,1,0,0,0,4.3,1,0.1,4.4
14,2,11,14_11,reviewer,high,0,1,0,0,4.3,0,0,4.3
14,2,12,14_12,reviewer,high,0,1,0,0,4.3,0,0,4.3
14,2,13,14_13,panelist,med,1,0,0,0,4.3,0,0,4.3
14,2,14,14_14,panelist,none,1,0,0,1,4.3,0,0,4.3
14,2,15,14_15,panelist,med,1,0,0,0,4.3,0,0,4.3
14,2,16,14_16,panelist,high,1,1,0,0,4.3,1,0.1,4.4
14,2,17,14_17,panelist,high,1,1,0,0,4.3,0,0,4.3
14,2,18,14_18,panelist,med,1,0,0,0,4.3,0,0,4.3
14,2,19,14_19,panelist,low,1,0,1,0,4.3,1,-0.2,4.1
14,2,20,14_20,panelist,med,1,0,0,0,4.3,1,0.1,4.4
14,2,21,14_21,panelist,med,1,0,0,0,4.3,0,0,4.3
14,2,22,14_22,panelist,high,1,1,0,0,4.3,1,0.2,4.5
14,2,23,14_23,panelist,none,1,0,0,1,4.3,1,0.2,4.5
14,2,24,14_24,panelist,none,1,0,0,1,4.3,1,0.1,4.4
14,3,01,14_01,panelist,med,1,0,0,0,4.2,1,-0.2,4
14,3,02,14_02,panelist,med,1,0,0,0,4.2,0,0,4.2
14,3,03,14_03,panelist,low,1,0,1,0,4.2,0,0,4.2
14,3,04,14_04,panelist,high,1,1,0,0,4.2,1,0.2,4.4
14,3,05,14_05,panelist,none,1,0,0,1,4.2,1,-0.1,4.1
14,3,06,14_06,panelist,med,1,0,0,0,4.2,0,0,4.2
14,3,07,14_07,panelist,low,1,0,1,0,4.2,1,-0.1,4.1
14,3,08,14_08,panelist,high,1,1,0,0,4.2,0,0,4.2
14,3,09,14_09,panelist,med,1,0,0,0,4.2,0,0,4.2
14,3,10,14_10,panelist,med,1,0,0,0,4.2,0,0,4.2
14,3,11,14_11,panelist,med,1,0,0,0,4.2,0,0,4.2
14,3,12,14_12,panelist,med,1,0,0,0,4.2,1,0.1,4.3
14,3,13,14_13,reviewer,med,0,0,0,0,4.2,0,0,4.2
14,3,14,14_14,panelist,low,1,0,1,0,4.2,1,0.4,4.6
14,3,15,14_15,reviewer,high,0,1,0,0,4.2,0,0,4.2
14,3,16,14_16,panelist,high,1,1,0,0,4.2,0,0,4.2
14,3,17,14_17,panelist,med,1,0,0,0,4.2,0,0,4.2
14,3,18,14_18,panelist,none,1,0,0,1,4.2,0,0,4.2
14,3,19,14_19,panelist,high,1,1,0,0,4.2,1,0.1,4.3
14,3,20,14_20,panelist,none,1,0,0,1,4.2,0,0,4.2
14,3,21,14_21,panelist,high,1,1,0,0,4.2,0,0,4.2
14,3,22,14_22,reviewer,none,0,0,0,1,4.2,1,-0.1,4.1
14,3,23,14_23,panelist,low,1,0,1,0,4.2,1,-0.3,3.9
14,3,24,14_24,panelist,med,1,0,0,0,4.2,1,-0.1,4.1
14,4,01,14_01,panelist,none,1,0,0,1,3.8,1,0.2,4
14,4,02,14_02,panelist,med,1,0,0,0,3.8,0,0,3.8
14,4,03,14_03,panelist,low,1,0,1,0,3.8,0,0,3.8
14,4,04,14_04,panelist,med,1,0,0,0,3.8,1,-0.2,3.6
14,4,05,14_05,panelist,high,1,1,0,0,3.8,1,-0.2,3.6
14,4,06,14_06,panelist,med,1,0,0,0,3.8,0,0,3.8
14,4,07,14_07,panelist,high,1,1,0,0,3.8,1,-0.3,3.5
14,4,08,14_08,reviewer,med,0,0,0,0,3.8,0,0,3.8
14,4,09,14_09,panelist,high,1,1,0,0,3.8,0,0,3.8
14,4,10,14_10,panelist,none,1,0,0,1,3.8,1,0.2,4
14,4,11,14_11,panelist,high,1,1,0,0,3.8,0,0,3.8
14,4,12,14_12,panelist,med,1,0,0,0,3.8,1,0.3,4.1
14,4,13,14_13,panelist,high,1,1,0,0,3.8,1,0.2,4
14,4,14,14_14,reviewer,low,0,0,1,0,3.8,0,0,3.8
14,4,15,14_15,panelist,med,1,0,0,0,3.8,0,0,3.8
14,4,16,14_16,panelist,none,1,0,0,1,3.8,0,0,3.8
14,4,17,14_17,panelist,med,1,0,0,0,3.8,1,-0.2,3.6
14,4,18,14_18,panelist,med,1,0,0,0,3.8,0,0,3.8
14,4,19,14_19,reviewer,med,0,0,0,0,3.8,1,0.1,3.9
14,4,20,14_20,panelist,none,1,0,0,1,3.8,1,-0.1,3.7
14,4,21,14_21,panelist,low,1,0,1,0,3.8,1,0.1,3.9
14,4,22,14_22,panelist,med,1,0,0,0,3.8,0,0,3.8
14,4,23,14_23,panelist,low,1,0,1,0,3.8,0,0,3.8
14,4,24,14_24,panelist,high,1,1,0,0,3.8,1,-0.2,3.6
14,5,01,14_01,panelist,none,1,0,0,1,3.7,1,-0.1,3.6
14,5,02,14_02,panelist,none,1,0,0,1,3.7,0,0,3.7
14,5,03,14_03,panelist,med,1,0,0,0,3.7,1,0.2,3.9
14,5,04,14_04,panelist,med,1,0,0,0,3.7,1,0.2,3.9
14,5,05,14_05,panelist,med,1,0,0,0,3.7,1,0.1,3.8
14,5,06,14_06,reviewer,low,0,0,1,0,3.7,0,0,3.7
14,5,07,14_07,panelist,low,1,0,1,0,3.7,0,0,3.7
14,5,08,14_08,panelist,med,1,0,0,0,3.7,1,0.1,3.8
14,5,09,14_09,panelist,med,1,0,0,0,3.7,0,0,3.7
14,5,10,14_10,panelist,high,1,1,0,0,3.7,0,0,3.7
14,5,11,14_11,reviewer,low,0,0,1,0,3.7,0,0,3.7
14,5,12,14_12,panelist,med,1,0,0,0,3.7,0,0,3.7
14,5,13,14_13,panelist,med,1,0,0,0,3.7,1,-0.1,3.6
14,5,14,14_14,panelist,high,1,1,0,0,3.7,0,0,3.7
14,5,15,14_15,panelist,med,1,0,0,0,3.7,0,0,3.7
14,5,16,14_16,panelist,low,1,0,1,0,3.7,0,0,3.7
14,5,17,14_17,panelist,high,1,1,0,0,3.7,1,-0.1,3.6
14,5,18,14_18,panelist,none,1,0,0,1,3.7,0,0,3.7
14,5,19,14_19,panelist,high,1,1,0,0,3.7,1,-0.4,3.5
14,5,20,14_20,panelist,med,1,0,0,0,3.7,1,-0.2,3.5
14,5,21,14_21,reviewer,high,0,1,0,0,3.7,0,0,3.7
14,5,22,14_22,panelist,high,1,1,0,0,3.7,0,0,3.7
14,5,23,14_23,panelist,none,1,0,0,1,3.7,1,0.1,3.8
14,5,24,14_24,panelist,med,1,0,0,0,3.7,1,0.1,3.8
14,6,01,14_01,panelist,med,1,0,0,0,3.5,0,0,3.5
14,6,02,14_02,panelist,none,1,0,0,1,3.5,1,-0.1,3.5
14,6,03,14_03,panelist,med,1,0,0,0,3.5,0,0,3.5
14,6,04,14_04,panelist,med,1,0,0,0,3.5,0,0,3.5
14,6,05,14_05,panelist,high,1,1,0,0,3.5,1,0.1,3.6
14,6,06,14_06,panelist,med,1,0,0,0,3.5,0,0,3.5
14,6,07,14_07,panelist,med,1,0,0,0,3.5,1,-0.2,3.5
14,6,08,14_08,reviewer,high,0,1,0,0,3.5,0,0,3.5
14,6,09,14_09,panelist,med,1,0,0,0,3.5,0,0,3.5
14,6,10,14_10,panelist,high,1,1,0,0,3.5,1,-0.1,3.5
14,6,11,14_11,reviewer,high,0,1,0,0,3.5,0,0,3.5
14,6,12,14_12,panelist,low,1,0,1,0,3.5,1,0.1,3.6
14,6,13,14_13,panelist,low,1,0,1,0,3.5,0,0,3.5
14,6,14,14_14,panelist,med,1,0,0,0,3.5,0,0,3.5
14,6,15,14_15,panelist,med,1,0,0,0,3.5,0,0,3.5
14,6,16,14_16,panelist,none,1,0,0,1,3.5,0,0,3.5
14,6,17,14_17,panelist,none,1,0,0,1,3.5,1,-0.1,3.5
14,6,18,14_18,reviewer,low,0,0,1,0,3.5,1,0.2,3.7
14,6,19,14_19,panelist,high,1,1,0,0,3.5,0,0,3.5
14,6,20,14_20,panelist,low,1,0,1,0,3.5,0,0,3.5
14,6,21,14_21,panelist,med,1,0,0,0,3.5,0,0,3.5
14,6,22,14_22,panelist,none,1,0,0,1,3.5,0,0,3.5
14,6,23,14_23,panelist,high,1,1,0,0,3.5,0,0,3.5
14,6,24,14_24,panelist,med,1,0,0,0,3.5,0,0,3.5
14,7,01,14_01,panelist,med,1,0,0,0,4,0,0,4
14,7,02,14_02,panelist,high,1,1,0,0,4,0,0,4
14,7,03,14_03,panelist,med,1,0,0,0,4,0,0,4
14,7,04,14_04,reviewer,med,0,0,0,0,4,0,0,4
14,7,05,14_05,panelist,high,1,1,0,0,4,1,-0.2,3.8
14,7,06,14_06,panelist,med,1,0,0,0,4,1,-0.3,3.7
14,7,07,14_07,panelist,high,1,1,0,0,4,0,0,4
14,7,08,14_08,panelist,low,1,0,1,0,4,0,0,4
14,7,09,14_09,panelist,low,1,0,1,0,4,0,0,4
14,7,10,14_10,panelist,high,1,1,0,0,4,1,0.1,4.1
14,7,11,14_11,panelist,low,1,0,1,0,4,0,0,4
14,7,12,14_12,panelist,none,1,0,0,1,4,0,0,4
14,7,13,14_13,panelist,med,1,0,0,0,4,0,0,4
14,7,14,14_14,panelist,high,1,1,0,0,4,0,0,4
14,7,15,14_15,reviewer,med,0,0,0,0,4,1,-0.2,3.8
14,7,16,14_16,panelist,none,1,0,0,1,4,1,0.1,4.1
14,7,17,14_17,panelist,med,1,0,0,0,4,1,-0.2,3.8
14,7,18,14_18,panelist,med,1,0,0,0,4,0,0,4
14,7,19,14_19,panelist,low,1,0,1,0,4,0,0,4
14,7,20,14_20,panelist,high,1,1,0,0,4,1,0.3,4.3
14,7,21,14_21,panelist,none,1,0,0,1,4,0,0,4
14,7,22,14_22,reviewer,med,0,0,0,0,4,1,-0.1,3.9
14,7,23,14_23,panelist,none,1,0,0,1,4,1,-0.2,3.8
14,7,24,14_24,panelist,med,1,0,0,0,4,0,0,4
14,8,01,14_01,reviewer,high,0,1,0,0,3.5,0,0,3.5
14,8,02,14_02,panelist,med,1,0,0,0,3.5,0,0,3.5
14,8,03,14_03,panelist,none,1,0,0,1,3.5,1,-0.1,3.5
14,8,04,14_04,panelist,med,1,0,0,0,3.5,0,0,3.5
14,8,05,14_05,panelist,med,1,0,0,0,3.5,0,0,3.5
14,8,06,14_06,panelist,med,1,0,0,0,3.5,1,-0.2,3.5
14,8,07,14_07,reviewer,med,0,0,0,0,3.5,0,0,3.5
14,8,08,14_08,panelist,none,1,0,0,1,3.5,1,-0.1,3.5
14,8,09,14_09,panelist,med,1,0,0,0,3.5,1,0.2,3.7
14,8,10,14_10,panelist,med,1,0,0,0,3.5,0,0,3.5
14,8,11,14_11,panelist,low,1,0,1,0,3.5,0,0,3.5
14,8,12,14_12,reviewer,low,0,0,1,0,3.5,0,0,3.5
14,8,13,14_13,panelist,high,1,1,0,0,3.5,0,0,3.5
14,8,14,14_14,panelist,low,1,0,1,0,3.5,0,0,3.5
14,8,15,14_15,panelist,med,1,0,0,0,3.5,0,0,3.5
14,8,16,14_16,panelist,low,1,0,1,0,3.5,0,0,3.5
14,8,17,14_17,panelist,med,1,0,0,0,3.5,1,0.1,3.6
14,8,18,14_18,panelist,high,1,1,0,0,3.5,0,0,3.5
14,8,19,14_19,panelist,med,1,0,0,0,3.5,0,0,3.5
14,8,20,14_20,panelist,none,1,0,0,1,3.5,1,0.1,3.6
14,8,21,14_21,panelist,high,1,1,0,0,3.5,0,0,3.5
14,8,22,14_22,panelist,none,1,0,0,1,3.5,1,-0.1,3.5
14,8,23,14_23,panelist,high,1,1,0,0,3.5,0,0,3.5
14,8,24,14_24,panelist,high,1,1,0,0,3.5,0,0,3.5
14,9,01,14_01,reviewer,high,0,1,0,0,4.2,1,0.1,4.3
14,9,02,14_02,panelist,med,1,0,0,0,4.2,0,0,4.2
14,9,03,14_03,panelist,med,1,0,0,0,4.2,0,0,4.2
14,9,04,14_04,panelist,med,1,0,0,0,4.2,0,0,4.2
14,9,05,14_05,reviewer,med,0,0,0,0,4.2,0,0,4.2
14,9,06,14_06,panelist,med,1,0,0,0,4.2,1,-0.1,4.1
14,9,07,14_07,panelist,none,1,0,0,1,4.2,0,0,4.2
14,9,08,14_08,panelist,low,1,0,1,0,4.2,1,0.2,4.4
14,9,09,14_09,reviewer,low,0,0,1,0,4.2,1,-0.2,4
14,9,10,14_10,panelist,med,1,0,0,0,4.2,1,-0.1,4.1
14,9,11,14_11,panelist,med,1,0,0,0,4.2,0,0,4.2
14,9,12,14_12,panelist,high,1,1,0,0,4.2,0,0,4.2
14,9,13,14_13,panelist,none,1,0,0,1,4.2,0,0,4.2
14,9,14,14_14,panelist,high,1,1,0,0,4.2,1,0.1,4.3
14,9,15,14_15,panelist,med,1,0,0,0,4.2,0,0,4.2
14,9,16,14_16,panelist,high,1,1,0,0,4.2,0,0,4.2
14,9,17,14_17,panelist,high,1,1,0,0,4.2,0,0,4.2
14,9,18,14_18,panelist,none,1,0,0,1,4.2,0,0,4.2
14,9,19,14_19,panelist,low,1,0,1,0,4.2,0,0,4.2
14,9,20,14_20,panelist,high,1,1,0,0,4.2,0,0,4.2
14,9,21,14_21,panelist,low,1,0,1,0,4.2,0,0,4.2
14,9,22,14_22,panelist,med,1,0,0,0,4.2,1,-0.3,3.9
14,9,23,14_23,panelist,med,1,0,0,0,4.2,1,-0.1,4.1
14,9,24,14_24,panelist,none,1,0,0,1,4.2,0,0,4.2
14,10,01,14_01,panelist,med,1,0,0,0,4.6,0,0,4.6
14,10,02,14_02,panelist,none,1,0,0,1,4.6,1,0.1,4.7
14,10,03,14_03,panelist,med,1,0,0,0,4.6,0,0,4.6
14,10,04,14_04,panelist,high,1,1,0,0,4.6,0,0,4.6
14,10,05,14_05,reviewer,high,0,1,0,0,4.6,1,-0.1,4.5
14,10,06,14_06,panelist,none,1,0,0,1,4.6,1,0.2,4.8
14,10,07,14_07,reviewer,low,0,0,1,0,4.6,0,0,4.6
14,10,08,14_08,panelist,high,1,1,0,0,4.6,0,0,4.6
14,10,09,14_09,panelist,low,1,0,1,0,4.6,1,-0.1,4.5
14,10,10,14_10,panelist,low,1,0,1,0,4.6,0,0,4.6
14,10,11,14_11,panelist,med,1,0,0,0,4.6,0,0,4.6
14,10,12,14_12,panelist,high,1,1,0,0,4.6,0,0,4.6
14,10,13,14_13,reviewer,med,0,0,0,0,4.6,0,0,4.6
14,10,14,14_14,panelist,med,1,0,0,0,4.6,0,0,4.6
14,10,15,14_15,panelist,med,1,0,0,0,4.6,0,0,4.6
14,10,16,14_16,panelist,med,1,0,0,0,4.6,1,0.2,4.8
14,10,17,14_17,panelist,high,1,1,0,0,4.6,1,-0.1,4.5
14,10,18,14_18,panelist,none,1,0,0,1,4.6,1,0.2,4.8
14,10,19,14_19,panelist,none,1,0,0,1,4.6,0,0,4.6
14,10,20,14_20,panelist,med,1,0,0,0,4.6,0,0,4.6
14,10,21,14_21,panelist,high,1,1,0,0,4.6,0,0,4.6
14,10,22,14_22,panelist,med,1,0,0,0,4.6,0,0,4.6
14,10,23,14_23,panelist,low,1,0,1,0,4.6,0,0,4.6
14,10,24,14_24,panelist,med,1,0,0,0,4.6,0,0,4.6
14,11,01,14_01,panelist,high,1,1,0,0,4.2,0,0,4.2
14,11,02,14_02,panelist,high,1,1,0,0,4.2,0,0,4.2
14,11,03,14_03,panelist,low,1,0,1,0,4.2,0,0,4.2
14,11,04,14_04,panelist,low,1,0,1,0,4.2,0,0,4.2
14,11,05,14_05,panelist,med,1,0,0,0,4.2,0,0,4.2
14,11,06,14_06,reviewer,high,0,1,0,0,4.2,0,0,4.2
14,11,07,14_07,panelist,none,1,0,0,1,4.2,1,0.2,4.4
14,11,08,14_08,panelist,none,1,0,0,1,4.2,1,0.3,4.5
14,11,09,14_09,panelist,low,1,0,1,0,4.2,1,-0.1,4.1
14,11,10,14_10,panelist,med,1,0,0,0,4.2,1,-0.2,4
14,11,11,14_11,panelist,med,1,0,0,0,4.2,1,-0.2,4
14,11,12,14_12,panelist,high,1,1,0,0,4.2,0,0,4.2
14,11,13,14_13,panelist,high,1,1,0,0,4.2,1,0.1,4.3
14,11,14,14_14,panelist,med,1,0,0,0,4.2,0,0,4.2
14,11,15,14_15,panelist,none,1,0,0,1,4.2,0,0,4.2
14,11,16,14_16,reviewer,med,0,0,0,0,4.2,0,0,4.2
14,11,17,14_17,panelist,none,1,0,0,1,4.2,0,0,4.2
14,11,18,14_18,panelist,med,1,0,0,0,4.2,1,-0.2,4
14,11,19,14_19,reviewer,med,0,0,0,0,4.2,0,0,4.2
14,11,20,14_20,panelist,med,1,0,0,0,4.2,1,0.2,4.4
14,11,21,14_21,panelist,med,1,0,0,0,4.2,1,-0.2,4
14,11,22,14_22,panelist,med,1,0,0,0,4.2,1,0.1,4.3
14,11,23,14_23,panelist,low,1,0,1,0,4.2,0,0,4.2
14,11,24,14_24,panelist,high,1,1,0,0,4.2,1,0.1,4.3
14,12,01,14_01,panelist,high,1,1,0,0,4.8,1,-0.1,4.7
14,12,02,14_02,panelist,none,1,0,0,1,4.8,0,0,4.8
14,12,03,14_03,panelist,high,1,1,0,0,4.8,1,-0.1,4.7
14,12,04,14_04,panelist,high,1,1,0,0,4.8,0,0,4.8
14,12,05,14_05,panelist,none,1,0,0,1,4.8,1,-0.1,4.7
14,12,06,14_06,reviewer,low,0,0,1,0,4.8,1,-0.1,4.7
14,12,07,14_07,reviewer,high,0,1,0,0,4.8,0,0,4.8
14,12,08,14_08,panelist,med,1,0,0,0,4.8,0,0,4.8
14,12,09,14_09,panelist,low,1,0,1,0,4.8,0,0,4.8
14,12,10,14_10,panelist,med,1,0,0,0,4.8,0,0,4.8
14,12,11,14_11,reviewer,med,0,0,0,0,4.8,0,0,4.8
14,12,12,14_12,panelist,none,1,0,0,1,4.8,0,0,4.8
14,12,13,14_13,panelist,med,1,0,0,0,4.8,1,-0.1,4.7
14,12,14,14_14,panelist,low,1,0,1,0,4.8,1,-0.2,4.6
14,12,15,14_15,panelist,high,1,1,0,0,4.8,0,0,4.8
14,12,16,14_16,panelist,high,1,1,0,0,4.8,1,-0.1,4.7
14,12,17,14_17,panelist,med,1,0,0,0,4.8,1,0.2,4.9
14,12,18,14_18,panelist,med,1,0,0,0,4.8,0,0,4.8
14,12,19,14_19,panelist,med,1,0,0,0,4.8,0,0,4.8
14,12,20,14_20,panelist,med,1,0,0,0,4.8,0,0,4.8
14,12,21,14_21,panelist,med,1,0,0,0,4.8,1,-0.2,4.6
14,12,22,14_22,panelist,med,1,0,0,0,4.8,0,0,4.8
14,12,23,14_23,panelist,low,1,0,1,0,4.8,1,-0.1,4.7
14,12,24,14_24,panelist,none,1,0,0,1,4.8,1,0.1,4.9
14,13,01,14_01,panelist,low,1,0,1,0,4.6,1,0.1,4.7
14,13,02,14_02,panelist,med,1,0,0,0,4.6,0,0,4.6
14,13,03,14_03,panelist,med,1,0,0,0,4.6,0,0,4.6
14,13,04,14_04,panelist,med,1,0,0,0,4.6,1,-0.2,4.4
14,13,05,14_05,panelist,med,1,0,0,0,4.6,0,0,4.6
14,13,06,14_06,panelist,none,1,0,0,1,4.6,0,0,4.6
14,13,07,14_07,reviewer,none,0,0,0,1,4.6,1,0.2,4.8
14,13,08,14_08,panelist,high,1,1,0,0,4.6,0,0,4.6
14,13,09,14_09,panelist,med,1,0,0,0,4.6,0,0,4.6
14,13,10,14_10,panelist,med,1,0,0,0,4.6,0,0,4.6
14,13,11,14_11,panelist,high,1,1,0,0,4.6,1,0.2,4.8
14,13,12,14_12,panelist,low,1,0,1,0,4.6,0,0,4.6
14,13,13,14_13,panelist,low,1,0,1,0,4.6,0,0,4.6
14,13,14,14_14,panelist,high,1,1,0,0,4.6,1,-0.1,4.5
14,13,15,14_15,reviewer,low,0,0,1,0,4.6,0,0,4.6
14,13,16,14_16,panelist,none,1,0,0,1,4.6,0,0,4.6
14,13,17,14_17,reviewer,high,0,1,0,0,4.6,0,0,4.6
14,13,18,14_18,panelist,none,1,0,0,1,4.6,0,0,4.6
14,13,19,14_19,panelist,high,1,1,0,0,4.6,0,0,4.6
14,13,20,14_20,panelist,med,1,0,0,0,4.6,0,0,4.6
14,13,21,14_21,panelist,med,1,0,0,0,4.6,1,-0.2,4.4
14,13,22,14_22,panelist,med,1,0,0,0,4.6,0,0,4.6
14,13,23,14_23,panelist,med,1,0,0,0,4.6,0,0,4.6
14,13,24,14_24,panelist,high,1,1,0,0,4.6,0,0,4.6
14,14,01,14_01,panelist,low,1,0,1,0,3.6,1,-0.4,3.5
14,14,02,14_02,reviewer,med,0,0,0,0,3.6,0,0,3.6
14,14,03,14_03,panelist,low,1,0,1,0,3.6,1,0.1,3.7
14,14,04,14_04,panelist,med,1,0,0,0,3.6,0,0,3.6
14,14,05,14_05,reviewer,med,0,0,0,0,3.6,0,0,3.6
14,14,06,14_06,panelist,high,1,1,0,0,3.6,0,0,3.6
14,14,07,14_07,panelist,med,1,0,0,0,3.6,1,-0.1,3.5
14,14,08,14_08,panelist,low,1,0,1,0,3.6,0,0,3.6
14,14,09,14_09,panelist,med,1,0,0,0,3.6,1,-0.1,3.5
14,14,10,14_10,panelist,high,1,1,0,0,3.6,0,0,3.6
14,14,11,14_11,panelist,none,1,0,0,1,3.6,1,0.2,3.8
14,14,12,14_12,panelist,med,1,0,0,0,3.6,0,0,3.6
14,14,13,14_13,panelist,high,1,1,0,0,3.6,0,0,3.6
14,14,14,14_14,panelist,high,1,1,0,0,3.6,0,0,3.6
14,14,15,14_15,panelist,none,1,0,0,1,3.6,1,0.3,3.9
14,14,16,14_16,panelist,none,1,0,0,1,3.6,0,0,3.6
14,14,17,14_17,reviewer,none,0,0,0,1,3.6,0,0,3.6
14,14,18,14_18,panelist,high,1,1,0,0,3.6,0,0,3.6
14,14,19,14_19,panelist,med,1,0,0,0,3.6,0,0,3.6
14,14,20,14_20,panelist,med,1,0,0,0,3.6,1,0.1,3.7
14,14,21,14_21,panelist,high,1,1,0,0,3.6,1,-0.2,3.5
14,14,22,14_22,panelist,med,1,0,0,0,3.6,0,0,3.6
14,14,23,14_23,panelist,med,1,0,0,0,3.6,0,0,3.6
14,14,24,14_24,panelist,low,1,0,1,0,3.6,1,0.2,3.8
14,15,01,14_01,panelist,none,1,0,0,1,4.4,0,0,4.4
14,15,02,14_02,panelist,high,1,1,0,0,4.4,0,0,4.4
14,15,03,14_03,panelist,med,1,0,0,0,4.4,0,0,4.4
14,15,04,14_04,panelist,med,1,0,0,0,4.4,0,0,4.4
14,15,05,14_05,panelist,none,1,0,0,1,4.4,1,-0.2,4.2
14,15,06,14_06,panelist,med,1,0,0,0,4.4,0,0,4.4
14,15,07,14_07,panelist,low,1,0,1,0,4.4,0,0,4.4
14,15,08,14_08,panelist,med,1,0,0,0,4.4,0,0,4.4
14,15,09,14_09,panelist,med,1,0,0,0,4.4,1,0.1,4.5
14,15,10,14_10,panelist,high,1,1,0,0,4.4,0,0,4.4
14,15,11,14_11,panelist,low,1,0,1,0,4.4,1,0.1,4.5
14,15,12,14_12,panelist,med,1,0,0,0,4.4,1,-0.1,4.3
14,15,13,14_13,panelist,high,1,1,0,0,4.4,0,0,4.4
14,15,14,14_14,panelist,none,1,0,0,1,4.4,0,0,4.4
14,15,15,14_15,reviewer,low,0,0,1,0,4.4,0,0,4.4
14,15,16,14_16,panelist,high,1,1,0,0,4.4,0,0,4.4
14,15,17,14_17,panelist,high,1,1,0,0,4.4,0,0,4.4
14,15,18,14_18,panelist,med,1,0,0,0,4.4,1,0.1,4.5
14,15,19,14_19,panelist,high,1,1,0,0,4.4,1,0.1,4.5
14,15,20,14_20,reviewer,med,0,0,0,0,4.4,1,0.1,4.5
14,15,21,14_21,panelist,med,1,0,0,0,4.4,0,0,4.4
14,15,22,14_22,panelist,none,1,0,0,1,4.4,0,0,4.4
14,15,23,14_23,panelist,med,1,0,0,0,4.4,1,-0.1,4.3
14,15,24,14_24,reviewer,low,0,0,1,0,4.4,0,0,4.4
15,1,01,15_01,panelist,med,1,0,0,0,3.8,0,0,3.8
15,1,02,15_02,panelist,med,1,0,0,0,3.8,0,0,3.8
15,1,03,15_03,panelist,med,1,0,0,0,3.8,0,0,3.8
15,1,04,15_04,reviewer,med,0,0,0,0,3.8,0,0,3.8
15,1,05,15_05,panelist,none,1,0,0,1,3.8,1,0.2,4
15,1,06,15_06,panelist,none,1,0,0,1,3.8,0,0,3.8
15,1,07,15_07,panelist,none,1,0,0,1,3.8,0,0,3.8
15,1,08,15_08,panelist,low,1,0,1,0,3.8,0,0,3.8
15,1,09,15_09,panelist,low,1,0,1,0,3.8,0,0,3.8
15,1,10,15_10,panelist,med,1,0,0,0,3.8,0,0,3.8
15,1,11,15_11,panelist,high,1,1,0,0,3.8,0,0,3.8
15,1,12,15_12,panelist,med,1,0,0,0,3.8,0,0,3.8
15,1,13,15_13,reviewer,med,0,0,0,0,3.8,0,0,3.8
15,1,14,15_14,panelist,med,1,0,0,0,3.8,0,0,3.8
15,1,15,15_15,panelist,high,1,1,0,0,3.8,1,0.2,4
15,1,16,15_16,panelist,high,1,1,0,0,3.8,0,0,3.8
15,1,17,15_17,panelist,med,1,0,0,0,3.8,1,0.1,3.9
15,1,18,15_18,panelist,none,1,0,0,1,3.8,1,-0.3,3.5
15,1,19,15_19,panelist,med,1,0,0,0,3.8,0,0,3.8
15,1,20,15_20,panelist,low,1,0,1,0,3.8,0,0,3.8
15,1,21,15_21,panelist,low,1,0,1,0,3.8,1,0.3,4.1
15,1,22,15_22,panelist,high,1,1,0,0,3.8,0,0,3.8
15,1,23,15_23,reviewer,high,0,1,0,0,3.8,0,0,3.8
15,1,24,15_24,panelist,high,1,1,0,0,3.8,1,0.2,4
15,2,01,15_01,panelist,med,1,0,0,0,4.4,0,0,4.4
15,2,02,15_02,reviewer,low,0,0,1,0,4.4,0,0,4.4
15,2,03,15_03,panelist,none,1,0,0,1,4.4,1,0.2,4.6
15,2,04,15_04,panelist,med,1,0,0,0,4.4,0,0,4.4
15,2,05,15_05,panelist,low,1,0,1,0,4.4,1,-0.1,4.3
15,2,06,15_06,panelist,none,1,0,0,1,4.4,1,0.1,4.5
15,2,07,15_07,panelist,none,1,0,0,1,4.4,0,0,4.4
15,2,08,15_08,panelist,med,1,0,0,0,4.4,0,0,4.4
15,2,09,15_09,panelist,med,1,0,0,0,4.4,0,0,4.4
15,2,10,15_10,panelist,low,1,0,1,0,4.4,1,0.2,4.6
15,2,11,15_11,panelist,high,1,1,0,0,4.4,0,0,4.4
15,2,12,15_12,reviewer,low,0,0,1,0,4.4,1,-0.1,4.3
15,2,13,15_13,panelist,high,1,1,0,0,4.4,0,0,4.4
15,2,14,15_14,panelist,high,1,1,0,0,4.4,1,0.1,4.5
15,2,15,15_15,panelist,high,1,1,0,0,4.4,1,-0.1,4.3
15,2,16,15_16,panelist,med,1,0,0,0,4.4,0,0,4.4
15,2,17,15_17,panelist,none,1,0,0,1,4.4,1,-0.1,4.3
15,2,18,15_18,panelist,med,1,0,0,0,4.4,0,0,4.4
15,2,19,15_19,panelist,med,1,0,0,0,4.4,0,0,4.4
15,2,20,15_20,panelist,med,1,0,0,0,4.4,0,0,4.4
15,2,21,15_21,panelist,high,1,1,0,0,4.4,0,0,4.4
15,2,22,15_22,reviewer,med,0,0,0,0,4.4,1,0.1,4.5
15,2,23,15_23,panelist,high,1,1,0,0,4.4,0,0,4.4
15,2,24,15_24,panelist,med,1,0,0,0,4.4,0,0,4.4
15,3,01,15_01,panelist,med,1,0,0,0,4.3,0,0,4.3
15,3,02,15_02,panelist,med,1,0,0,0,4.3,0,0,4.3
15,3,03,15_03,panelist,high,1,1,0,0,4.3,0,0,4.3
15,3,04,15_04,panelist,high,1,1,0,0,4.3,0,0,4.3
15,3,05,15_05,reviewer,med,0,0,0,0,4.3,0,0,4.3
15,3,06,15_06,panelist,high,1,1,0,0,4.3,0,0,4.3
15,3,07,15_07,panelist,high,1,1,0,0,4.3,0,0,4.3
15,3,08,15_08,panelist,none,1,0,0,1,4.3,0,0,4.3
15,3,09,15_09,reviewer,high,0,1,0,0,4.3,1,0.2,4.5
15,3,10,15_10,panelist,med,1,0,0,0,4.3,1,-0.1,4.2
15,3,11,15_11,panelist,med,1,0,0,0,4.3,0,0,4.3
15,3,12,15_12,panelist,med,1,0,0,0,4.3,0,0,4.3
15,3,13,15_13,panelist,low,1,0,1,0,4.3,0,0,4.3
15,3,14,15_14,panelist,high,1,1,0,0,4.3,0,0,4.3
15,3,15,15_15,panelist,low,1,0,1,0,4.3,1,-0.1,4.2
15,3,16,15_16,panelist,none,1,0,0,1,4.3,0,0,4.3
15,3,17,15_17,panelist,med,1,0,0,0,4.3,1,0.3,4.6
15,3,18,15_18,panelist,med,1,0,0,0,4.3,0,0,4.3
15,3,19,15_19,reviewer,none,0,0,0,1,4.3,0,0,4.3
15,3,20,15_20,panelist,low,1,0,1,0,4.3,1,0.2,4.5
15,3,21,15_21,panelist,med,1,0,0,0,4.3,0,0,4.3
15,3,22,15_22,panelist,med,1,0,0,0,4.3,0,0,4.3
15,3,23,15_23,panelist,low,1,0,1,0,4.3,0,0,4.3
15,3,24,15_24,panelist,none,1,0,0,1,4.3,0,0,4.3
15,4,01,15_01,panelist,none,1,0,0,1,3.9,0,0,3.9
15,4,02,15_02,panelist,high,1,1,0,0,3.9,0,0,3.9
15,4,03,15_03,panelist,med,1,0,0,0,3.9,1,0.3,4.2
15,4,04,15_04,panelist,med,1,0,0,0,3.9,1,-0.1,3.8
15,4,05,15_05,panelist,low,1,0,1,0,3.9,1,-0.1,3.8
15,4,06,15_06,panelist,med,1,0,0,0,3.9,0,0,3.9
15,4,07,15_07,panelist,high,1,1,0,0,3.9,0,0,3.9
15,4,08,15_08,panelist,none,1,0,0,1,3.9,1,-0.1,3.8
15,4,09,15_09,panelist,high,1,1,0,0,3.9,0,0,3.9
15,4,10,15_10,panelist,med,1,0,0,0,3.9,0,0,3.9
15,4,11,15_11,panelist,low,1,0,1,0,3.9,1,0.1,4
15,4,12,15_12,panelist,med,1,0,0,0,3.9,0,0,3.9
15,4,13,15_13,panelist,none,1,0,0,1,3.9,1,0.2,4.1
15,4,14,15_14,panelist,med,1,0,0,0,3.9,0,0,3.9
15,4,15,15_15,panelist,high,1,1,0,0,3.9,0,0,3.9
15,4,16,15_16,panelist,med,1,0,0,0,3.9,0,0,3.9
15,4,17,15_17,reviewer,low,0,0,1,0,3.9,0,0,3.9
15,4,18,15_18,panelist,med,1,0,0,0,3.9,1,0.1,4
15,4,19,15_19,panelist,high,1,1,0,0,3.9,1,-0.2,3.7
15,4,20,15_20,panelist,high,1,1,0,0,3.9,1,0.2,4.1
15,4,21,15_21,panelist,med,1,0,0,0,3.9,0,0,3.9
15,4,22,15_22,panelist,low,1,0,1,0,3.9,1,-0.3,3.6
15,4,23,15_23,reviewer,med,0,0,0,0,3.9,0,0,3.9
15,4,24,15_24,reviewer,none,0,0,0,1,3.9,1,-0.2,3.7
15,5,01,15_01,panelist,med,1,0,0,0,3.8,0,0,3.8
15,5,02,15_02,panelist,med,1,0,0,0,3.8,1,0.1,3.9
15,5,03,15_03,panelist,high,1,1,0,0,3.8,1,0.1,3.9
15,5,04,15_04,panelist,low,1,0,1,0,3.8,0,0,3.8
15,5,05,15_05,panelist,med,1,0,0,0,3.8,1,0.1,3.9
15,5,06,15_06,panelist,low,1,0,1,0,3.8,0,0,3.8
15,5,07,15_07,panelist,high,1,1,0,0,3.8,0,0,3.8
15,5,08,15_08,panelist,none,1,0,0,1,3.8,0,0,3.8
15,5,09,15_09,panelist,none,1,0,0,1,3.8,0,0,3.8
15,5,10,15_10,panelist,med,1,0,0,0,3.8,0,0,3.8
15,5,11,15_11,panelist,none,1,0,0,1,3.8,1,-0.3,3.5
15,5,12,15_12,panelist,high,1,1,0,0,3.8,0,0,3.8
15,5,13,15_13,reviewer,high,0,1,0,0,3.8,1,-0.1,3.7
15,5,14,15_14,reviewer,none,0,0,0,1,3.8,1,0.3,4.1
15,5,15,15_15,panelist,low,1,0,1,0,3.8,1,0.1,3.9
15,5,16,15_16,panelist,low,1,0,1,0,3.8,0,0,3.8
15,5,17,15_17,reviewer,high,0,1,0,0,3.8,0,0,3.8
15,5,18,15_18,panelist,med,1,0,0,0,3.8,0,0,3.8
15,5,19,15_19,panelist,med,1,0,0,0,3.8,1,-0.2,3.6
15,5,20,15_20,panelist,med,1,0,0,0,3.8,1,-0.1,3.7
15,5,21,15_21,panelist,med,1,0,0,0,3.8,1,-0.3,3.5
15,5,22,15_22,panelist,med,1,0,0,0,3.8,0,0,3.8
15,5,23,15_23,panelist,high,1,1,0,0,3.8,1,0.1,3.9
15,5,24,15_24,panelist,med,1,0,0,0,3.8,1,0.2,4
15,6,01,15_01,panelist,med,1,0,0,0,3.6,0,0,3.6
15,6,02,15_02,panelist,high,1,1,0,0,3.6,0,0,3.6
15,6,03,15_03,panelist,high,1,1,0,0,3.6,0,0,3.6
15,6,04,15_04,panelist,high,1,1,0,0,3.6,0,0,3.6
15,6,05,15_05,panelist,none,1,0,0,1,3.6,0,0,3.6
15,6,06,15_06,panelist,med,1,0,0,0,3.6,1,-0.1,3.5
15,6,07,15_07,panelist,low,1,0,1,0,3.6,1,-0.2,3.5
15,6,08,15_08,reviewer,high,0,1,0,0,3.6,0,0,3.6
15,6,09,15_09,panelist,med,1,0,0,0,3.6,0,0,3.6
15,6,10,15_10,panelist,none,1,0,0,1,3.6,0,0,3.6
15,6,11,15_11,panelist,low,1,0,1,0,3.6,0,0,3.6
15,6,12,15_12,panelist,med,1,0,0,0,3.6,0,0,3.6
15,6,13,15_13,panelist,med,1,0,0,0,3.6,1,0.2,3.8
15,6,14,15_14,panelist,med,1,0,0,0,3.6,0,0,3.6
15,6,15,15_15,panelist,med,1,0,0,0,3.6,0,0,3.6
15,6,16,15_16,panelist,high,1,1,0,0,3.6,0,0,3.6
15,6,17,15_17,reviewer,none,0,0,0,1,3.6,0,0,3.6
15,6,18,15_18,panelist,low,1,0,1,0,3.6,1,-0.1,3.5
15,6,19,15_19,panelist,low,1,0,1,0,3.6,0,0,3.6
15,6,20,15_20,panelist,med,1,0,0,0,3.6,0,0,3.6
15,6,21,15_21,reviewer,med,0,0,0,0,3.6,0,0,3.6
15,6,22,15_22,panelist,none,1,0,0,1,3.6,1,0.1,3.7
15,6,23,15_23,panelist,med,1,0,0,0,3.6,0,0,3.6
15,6,24,15_24,panelist,high,1,1,0,0,3.6,0,0,3.6
15,7,01,15_01,panelist,low,1,0,1,0,4.1,0,0,4.1
15,7,02,15_02,panelist,med,1,0,0,0,4.1,1,-0.2,3.9
15,7,03,15_03,panelist,high,1,1,0,0,4.1,0,0,4.1
15,7,04,15_04,reviewer,none,0,0,0,1,4.1,0,0,4.1
15,7,05,15_05,panelist,low,1,0,1,0,4.1,0,0,4.1
15,7,06,15_06,panelist,low,1,0,1,0,4.1,0,0,4.1
15,7,07,15_07,panelist,med,1,0,0,0,4.1,0,0,4.1
15,7,08,15_08,panelist,none,1,0,0,1,4.1,0,0,4.1
15,7,09,15_09,panelist,med,1,0,0,0,4.1,1,-0.3,3.8
15,7,10,15_10,panelist,none,1,0,0,1,4.1,0,0,4.1
15,7,11,15_11,reviewer,high,0,1,0,0,4.1,0,0,4.1
15,7,12,15_12,panelist,med,1,0,0,0,4.1,0,0,4.1
15,7,13,15_13,panelist,med,1,0,0,0,4.1,1,0.2,4.3
15,7,14,15_14,panelist,med,1,0,0,0,4.1,0,0,4.1
15,7,15,15_15,panelist,high,1,1,0,0,4.1,0,0,4.1
15,7,16,15_16,panelist,med,1,0,0,0,4.1,0,0,4.1
15,7,17,15_17,panelist,high,1,1,0,0,4.1,1,-0.1,4
15,7,18,15_18,panelist,none,1,0,0,1,4.1,1,0.1,4.2
15,7,19,15_19,panelist,low,1,0,1,0,4.1,0,0,4.1
15,7,20,15_20,panelist,med,1,0,0,0,4.1,0,0,4.1
15,7,21,15_21,panelist,high,1,1,0,0,4.1,0,0,4.1
15,7,22,15_22,panelist,high,1,1,0,0,4.1,0,0,4.1
15,7,23,15_23,panelist,med,1,0,0,0,4.1,0,0,4.1
15,7,24,15_24,reviewer,med,0,0,0,0,4.1,1,0.1,4.2
15,8,01,15_01,panelist,med,1,0,0,0,3.6,0,0,3.6
15,8,02,15_02,reviewer,none,0,0,0,1,3.6,1,0.1,3.7
15,8,03,15_03,panelist,high,1,1,0,0,3.6,0,0,3.6
15,8,04,15_04,panelist,med,1,0,0,0,3.6,0,0,3.6
15,8,05,15_05,panelist,low,1,0,1,0,3.6,1,-0.2,3.5
15,8,06,15_06,panelist,med,1,0,0,0,3.6,1,-0.1,3.5
15,8,07,15_07,panelist,med,1,0,0,0,3.6,1,-0.3,3.5
15,8,08,15_08,panelist,med,1,0,0,0,3.6,1,-0.1,3.5
15,8,09,15_09,panelist,none,1,0,0,1,3.6,1,-0.2,3.5
15,8,10,15_10,panelist,high,1,1,0,0,3.6,0,0,3.6
15,8,11,15_11,panelist,high,1,1,0,0,3.6,1,-0.2,3.5
15,8,12,15_12,panelist,low,1,0,1,0,3.6,1,0.2,3.8
15,8,13,15_13,panelist,high,1,1,0,0,3.6,1,-0.2,3.5
15,8,14,15_14,panelist,med,1,0,0,0,3.6,0,0,3.6
15,8,15,15_15,panelist,med,1,0,0,0,3.6,0,0,3.6
15,8,16,15_16,panelist,med,1,0,0,0,3.6,0,0,3.6
15,8,17,15_17,reviewer,none,0,0,0,1,3.6,0,0,3.6
15,8,18,15_18,panelist,low,1,0,1,0,3.6,0,0,3.6
15,8,19,15_19,reviewer,high,0,1,0,0,3.6,0,0,3.6
15,8,20,15_20,panelist,med,1,0,0,0,3.6,0,0,3.6
15,8,21,15_21,panelist,low,1,0,1,0,3.6,0,0,3.6
15,8,22,15_22,panelist,high,1,1,0,0,3.6,1,-0.2,3.5
15,8,23,15_23,panelist,none,1,0,0,1,3.6,0,0,3.6
15,8,24,15_24,panelist,med,1,0,0,0,3.6,0,0,3.6
15,9,01,15_01,panelist,high,1,1,0,0,4.3,0,0,4.3
15,9,02,15_02,panelist,high,1,1,0,0,4.3,0,0,4.3
15,9,03,15_03,panelist,med,1,0,0,0,4.3,1,0.1,4.4
15,9,04,15_04,panelist,low,1,0,1,0,4.3,0,0,4.3
15,9,05,15_05,reviewer,low,0,0,1,0,4.3,0,0,4.3
15,9,06,15_06,panelist,med,1,0,0,0,4.3,0,0,4.3
15,9,07,15_07,panelist,low,1,0,1,0,4.3,1,-0.1,4.2
15,9,08,15_08,panelist,none,1,0,0,1,4.3,0,0,4.3
15,9,09,15_09,panelist,med,1,0,0,0,4.3,0,0,4.3
15,9,10,15_10,panelist,high,1,1,0,0,4.3,0,0,4.3
15,9,11,15_11,panelist,med,1,0,0,0,4.3,1,0.1,4.4
15,9,12,15_12,panelist,med,1,0,0,0,4.3,1,0.1,4.4
15,9,13,15_13,panelist,none,1,0,0,1,4.3,1,0.1,4.4
15,9,14,15_14,panelist,low,1,0,1,0,4.3,0,0,4.3
15,9,15,15_15,reviewer,high,0,1,0,0,4.3,1,0.2,4.5
15,9,16,15_16,panelist,med,1,0,0,0,4.3,0,0,4.3
15,9,17,15_17,panelist,none,1,0,0,1,4.3,1,0.1,4.4
15,9,18,15_18,panelist,high,1,1,0,0,4.3,0,0,4.3
15,9,19,15_19,panelist,med,1,0,0,0,4.3,0,0,4.3
15,9,20,15_20,panelist,high,1,1,0,0,4.3,1,-0.1,4.2
15,9,21,15_21,panelist,med,1,0,0,0,4.3,0,0,4.3
15,9,22,15_22,panelist,none,1,0,0,1,4.3,1,0.2,4.5
15,9,23,15_23,panelist,med,1,0,0,0,4.3,1,0.1,4.4
15,9,24,15_24,reviewer,med,0,0,0,0,4.3,1,0.1,4.4
15,10,01,15_01,panelist,med,1,0,0,0,4.7,1,-0.1,4.6
15,10,02,15_02,panelist,med,1,0,0,0,4.7,0,0,4.7
15,10,03,15_03,panelist,none,1,0,0,1,4.7,0,0,4.7
15,10,04,15_04,panelist,med,1,0,0,0,4.7,0,0,4.7
15,10,05,15_05,panelist,high,1,1,0,0,4.7,0,0,4.7
15,10,06,15_06,panelist,med,1,0,0,0,4.7,1,-0.1,4.6
15,10,07,15_07,reviewer,low,0,0,1,0,4.7,1,0.1,4.8
15,10,08,15_08,panelist,med,1,0,0,0,4.7,0,0,4.7
15,10,09,15_09,panelist,low,1,0,1,0,4.7,1,-0.1,4.6
15,10,10,15_10,panelist,high,1,1,0,0,4.7,0,0,4.7
15,10,11,15_11,panelist,med,1,0,0,0,4.7,0,0,4.7
15,10,12,15_12,panelist,low,1,0,1,0,4.7,1,0.4,4.9
15,10,13,15_13,panelist,med,1,0,0,0,4.7,1,0.3,4.9
15,10,14,15_14,panelist,high,1,1,0,0,4.7,0,0,4.7
15,10,15,15_15,panelist,med,1,0,0,0,4.7,0,0,4.7
15,10,16,15_16,panelist,med,1,0,0,0,4.7,0,0,4.7
15,10,17,15_17,reviewer,high,0,1,0,0,4.7,0,0,4.7
15,10,18,15_18,panelist,high,1,1,0,0,4.7,1,-0.1,4.6
15,10,19,15_19,reviewer,low,0,0,1,0,4.7,1,0.2,4.9
15,10,20,15_20,panelist,none,1,0,0,1,4.7,1,0.1,4.8
15,10,21,15_21,panelist,med,1,0,0,0,4.7,1,0.2,4.9
15,10,22,15_22,panelist,none,1,0,0,1,4.7,1,0.1,4.8
15,10,23,15_23,panelist,none,1,0,0,1,4.7,0,0,4.7
15,10,24,15_24,panelist,high,1,1,0,0,4.7,1,0.1,4.8
15,11,01,15_01,panelist,med,1,0,0,0,4.3,0,0,4.3
15,11,02,15_02,panelist,low,1,0,1,0,4.3,0,0,4.3
15,11,03,15_03,panelist,high,1,1,0,0,4.3,0,0,4.3
15,11,04,15_04,panelist,high,1,1,0,0,4.3,0,0,4.3
15,11,05,15_05,panelist,med,1,0,0,0,4.3,0,0,4.3
15,11,06,15_06,panelist,med,1,0,0,0,4.3,0,0,4.3
15,11,07,15_07,panelist,high,1,1,0,0,4.3,1,0.1,4.4
15,11,08,15_08,panelist,high,1,1,0,0,4.3,0,0,4.3
15,11,09,15_09,panelist,low,1,0,1,0,4.3,1,-0.2,4.1
15,11,10,15_10,panelist,none,1,0,0,1,4.3,1,-0.1,4.2
15,11,11,15_11,reviewer,med,0,0,0,0,4.3,1,-0.2,4.1
15,11,12,15_12,panelist,high,1,1,0,0,4.3,0,0,4.3
15,11,13,15_13,panelist,med,1,0,0,0,4.3,0,0,4.3
15,11,14,15_14,panelist,low,1,0,1,0,4.3,1,0.1,4.4
15,11,15,15_15,panelist,med,1,0,0,0,4.3,0,0,4.3
15,11,16,15_16,panelist,med,1,0,0,0,4.3,1,-0.2,4.1
15,11,17,15_17,panelist,med,1,0,0,0,4.3,0,0,4.3
15,11,18,15_18,panelist,none,1,0,0,1,4.3,0,0,4.3
15,11,19,15_19,panelist,none,1,0,0,1,4.3,1,0.1,4.4
15,11,20,15_20,reviewer,med,0,0,0,0,4.3,0,0,4.3
15,11,21,15_21,panelist,none,1,0,0,1,4.3,1,0.1,4.4
15,11,22,15_22,reviewer,high,0,1,0,0,4.3,1,0.3,4.6
15,11,23,15_23,panelist,low,1,0,1,0,4.3,0,0,4.3
15,11,24,15_24,panelist,med,1,0,0,0,4.3,0,0,4.3
15,12,01,15_01,panelist,low,1,0,1,0,4.9,1,-0.2,4.7
15,12,02,15_02,panelist,low,1,0,1,0,4.9,1,-0.3,4.6
15,12,03,15_03,panelist,low,1,0,1,0,4.9,1,0.2,4.9
15,12,04,15_04,panelist,high,1,1,0,0,4.9,0,0,4.9
15,12,05,15_05,reviewer,none,0,0,0,1,4.9,1,0.3,4.9
15,12,06,15_06,panelist,med,1,0,0,0,4.9,0,0,4.9
15,12,07,15_07,panelist,med,1,0,0,0,4.9,1,0.1,4.9
15,12,08,15_08,panelist,med,1,0,0,0,4.9,1,-0.3,4.6
15,12,09,15_09,reviewer,high,0,1,0,0,4.9,0,0,4.9
15,12,10,15_10,panelist,low,1,0,1,0,4.9,1,-0.1,4.8
15,12,11,15_11,panelist,high,1,1,0,0,4.9,0,0,4.9
15,12,12,15_12,panelist,none,1,0,0,1,4.9,1,0.2,4.9
15,12,13,15_13,panelist,med,1,0,0,0,4.9,1,0.1,4.9
15,12,14,15_14,panelist,none,1,0,0,1,4.9,0,0,4.9
15,12,15,15_15,panelist,high,1,1,0,0,4.9,0,0,4.9
15,12,16,15_16,panelist,med,1,0,0,0,4.9,1,0.1,4.9
15,12,17,15_17,panelist,high,1,1,0,0,4.9,0,0,4.9
15,12,18,15_18,reviewer,med,0,0,0,0,4.9,0,0,4.9
15,12,19,15_19,panelist,med,1,0,0,0,4.9,1,0.1,4.9
15,12,20,15_20,panelist,med,1,0,0,0,4.9,0,0,4.9
15,12,21,15_21,panelist,med,1,0,0,0,4.9,0,0,4.9
15,12,22,15_22,panelist,med,1,0,0,0,4.9,1,-0.1,4.8
15,12,23,15_23,panelist,high,1,1,0,0,4.9,0,0,4.9
15,12,24,15_24,panelist,none,1,0,0,1,4.9,1,-0.1,4.8
15,13,01,15_01,panelist,med,1,0,0,0,4.7,1,0.2,4.9
15,13,02,15_02,panelist,low,1,0,1,0,4.7,0,0,4.7
15,13,03,15_03,panelist,med,1,0,0,0,4.7,1,-0.2,4.5
15,13,04,15_04,panelist,med,1,0,0,0,4.7,0,0,4.7
15,13,05,15_05,reviewer,med,0,0,0,0,4.7,0,0,4.7
15,13,06,15_06,panelist,none,1,0,0,1,4.7,0,0,4.7
15,13,07,15_07,panelist,none,1,0,0,1,4.7,0,0,4.7
15,13,08,15_08,panelist,med,1,0,0,0,4.7,0,0,4.7
15,13,09,15_09,panelist,med,1,0,0,0,4.7,1,-0.1,4.6
15,13,10,15_10,panelist,med,1,0,0,0,4.7,1,-0.1,4.6
15,13,11,15_11,panelist,none,1,0,0,1,4.7,1,0.1,4.8
15,13,12,15_12,panelist,none,1,0,0,1,4.7,0,0,4.7
15,13,13,15_13,panelist,high,1,1,0,0,4.7,1,0.1,4.8
15,13,14,15_14,panelist,high,1,1,0,0,4.7,1,0.2,4.9
15,13,15,15_15,reviewer,high,0,1,0,0,4.7,0,0,4.7
15,13,16,15_16,panelist,high,1,1,0,0,4.7,0,0,4.7
15,13,17,15_17,panelist,low,1,0,1,0,4.7,1,-0.2,4.5
15,13,18,15_18,panelist,low,1,0,1,0,4.7,0,0,4.7
15,13,19,15_19,reviewer,med,0,0,0,0,4.7,1,-0.1,4.6
15,13,20,15_20,panelist,high,1,1,0,0,4.7,1,0.1,4.8
15,13,21,15_21,panelist,high,1,1,0,0,4.7,0,0,4.7
15,13,22,15_22,panelist,low,1,0,1,0,4.7,0,0,4.7
15,13,23,15_23,panelist,med,1,0,0,0,4.7,0,0,4.7
15,13,24,15_24,panelist,med,1,0,0,0,4.7,0,0,4.7
15,14,01,15_01,panelist,none,1,0,0,1,3.7,1,-0.2,3.5
15,14,02,15_02,panelist,high,1,1,0,0,3.7,0,0,3.7
15,14,03,15_03,panelist,none,1,0,0,1,3.7,0,0,3.7
15,14,04,15_04,panelist,none,1,0,0,1,3.7,1,0.2,3.9
15,14,05,15_05,panelist,low,1,0,1,0,3.7,0,0,3.7
15,14,06,15_06,reviewer,med,0,0,0,0,3.7,0,0,3.7
15,14,07,15_07,panelist,low,1,0,1,0,3.7,0,0,3.7
15,14,08,15_08,panelist,med,1,0,0,0,3.7,1,0.1,3.8
15,14,09,15_09,panelist,med,1,0,0,0,3.7,1,0.1,3.8
15,14,10,15_10,panelist,high,1,1,0,0,3.7,0,0,3.7
15,14,11,15_11,panelist,none,1,0,0,1,3.7,0,0,3.7
15,14,12,15_12,reviewer,med,0,0,0,0,3.7,0,0,3.7
15,14,13,15_13,panelist,high,1,1,0,0,3.7,0,0,3.7
15,14,14,15_14,panelist,med,1,0,0,0,3.7,1,0.1,3.8
15,14,15,15_15,panelist,med,1,0,0,0,3.7,1,-0.1,3.6
15,14,16,15_16,panelist,med,1,0,0,0,3.7,1,0.2,3.9
15,14,17,15_17,panelist,low,1,0,1,0,3.7,0,0,3.7
15,14,18,15_18,panelist,high,1,1,0,0,3.7,0,0,3.7
15,14,19,15_19,panelist,high,1,1,0,0,3.7,1,0.1,3.8
15,14,20,15_20,panelist,low,1,0,1,0,3.7,1,-0.2,3.5
15,14,21,15_21,panelist,med,1,0,0,0,3.7,1,0.2,3.9
15,14,22,15_22,panelist,med,1,0,0,0,3.7,1,-0.2,3.5
15,14,23,15_23,panelist,med,1,0,0,0,3.7,1,0.1,3.8
15,14,24,15_24,reviewer,high,0,1,0,0,3.7,0,0,3.7
15,15,01,15_01,panelist,low,1,0,1,0,4.5,0,0,4.5
15,15,02,15_02,panelist,med,1,0,0,0,4.5,0,0,4.5
15,15,03,15_03,panelist,none,1,0,0,1,4.5,0,0,4.5
15,15,04,15_04,panelist,med,1,0,0,0,4.5,1,0.1,4.6
15,15,05,15_05,panelist,high,1,1,0,0,4.5,0,0,4.5
15,15,06,15_06,panelist,med,1,0,0,0,4.5,0,0,4.5
15,15,07,15_07,panelist,med,1,0,0,0,4.5,0,0,4.5
15,15,08,15_08,reviewer,med,0,0,0,0,4.5,0,0,4.5
15,15,09,15_09,panelist,none,1,0,0,1,4.5,1,0.2,4.7
15,15,10,15_10,panelist,high,1,1,0,0,4.5,0,0,4.5
15,15,11,15_11,panelist,low,1,0,1,0,4.5,0,0,4.5
15,15,12,15_12,panelist,med,1,0,0,0,4.5,0,0,4.5
15,15,13,15_13,panelist,med,1,0,0,0,4.5,1,-0.3,4.2
15,15,14,15_14,panelist,high,1,1,0,0,4.5,0,0,4.5
15,15,15,15_15,panelist,high,1,1,0,0,4.5,0,0,4.5
15,15,16,15_16,panelist,none,1,0,0,1,4.5,1,-0.1,4.4
15,15,17,15_17,panelist,low,1,0,1,0,4.5,0,0,4.5
15,15,18,15_18,reviewer,none,0,0,0,1,4.5,0,0,4.5
15,15,19,15_19,panelist,high,1,1,0,0,4.5,0,0,4.5
15,15,20,15_20,reviewer,low,0,0,1,0,4.5,1,0.1,4.6
15,15,21,15_21,panelist,med,1,0,0,0,4.5,0,0,4.5
15,15,22,15_22,panelist,high,1,1,0,0,4.5,0,0,4.5
15,15,23,15_23,panelist,med,1,0,0,0,4.5,0,0,4.5
15,15,24,15_24,panelist,med,1,0,0,0,4.5,0,0,4.5
16,1,01,16_01,panelist,none,1,0,0,1,3.6,0,0,3.6
16,1,02,16_02,panelist,high,1,1,0,0,3.6,0,0,3.6
16,1,03,16_03,reviewer,med,0,0,0,0,3.6,0,0,3.6
16,1,04,16_04,panelist,high,1,1,0,0,3.6,0,0,3.6
16,1,05,16_05,panelist,med,1,0,0,0,3.6,0,0,3.6
16,1,06,16_06,panelist,none,1,0,0,1,3.6,1,-0.1,3.5
16,1,07,16_07,panelist,high,1,1,0,0,3.6,0,0,3.6
16,1,08,16_08,panelist,high,1,1,0,0,3.6,0,0,3.6
16,1,09,16_09,panelist,med,1,0,0,0,3.6,1,0.1,3.7
16,1,10,16_10,reviewer,low,0,0,1,0,3.6,0,0,3.6
16,1,11,16_11,panelist,none,1,0,0,1,3.6,0,0,3.6
16,1,12,16_12,panelist,med,1,0,0,0,3.6,0,0,3.6
16,1,13,16_13,panelist,med,1,0,0,0,3.6,1,0.1,3.7
16,1,14,16_14,panelist,high,1,1,0,0,3.6,0,0,3.6
16,1,15,16_15,reviewer,med,0,0,0,0,3.6,1,-0.1,3.5
16,1,16,16_16,panelist,high,1,1,0,0,3.6,0,0,3.6
16,1,17,16_17,panelist,med,1,0,0,0,3.6,1,0.2,3.8
16,1,18,16_18,panelist,med,1,0,0,0,3.6,1,-0.1,3.5
16,1,19,16_19,panelist,none,1,0,0,1,3.6,1,0.1,3.7
16,1,20,16_20,panelist,med,1,0,0,0,3.6,1,0.1,3.7
16,1,21,16_21,panelist,low,1,0,1,0,3.6,0,0,3.6
16,1,22,16_22,panelist,low,1,0,1,0,3.6,1,0.2,3.8
16,1,23,16_23,panelist,med,1,0,0,0,3.6,0,0,3.6
16,1,24,16_24,panelist,low,1,0,1,0,3.6,1,-0.1,3.5
16,2,01,16_01,panelist,med,1,0,0,0,4.2,0,0,4.2
16,2,02,16_02,reviewer,none,0,0,0,1,4.2,0,0,4.2
16,2,03,16_03,panelist,none,1,0,0,1,4.2,0,0,4.2
16,2,04,16_04,panelist,med,1,0,0,0,4.2,1,-0.1,4.1
16,2,05,16_05,panelist,none,1,0,0,1,4.2,0,0,4.2
16,2,06,16_06,panelist,low,1,0,1,0,4.2,0,0,4.2
16,2,07,16_07,panelist,high,1,1,0,0,4.2,0,0,4.2
16,2,08,16_08,panelist,high,1,1,0,0,4.2,0,0,4.2
16,2,09,16_09,reviewer,high,0,1,0,0,4.2,0,0,4.2
16,2,10,16_10,panelist,med,1,0,0,0,4.2,0,0,4.2
16,2,11,16_11,panelist,med,1,0,0,0,4.2,0,0,4.2
16,2,12,16_12,panelist,med,1,0,0,0,4.2,0,0,4.2
16,2,13,16_13,panelist,low,1,0,1,0,4.2,0,0,4.2
16,2,14,16_14,panelist,low,1,0,1,0,4.2,1,0.1,4.3
16,2,15,16_15,panelist,med,1,0,0,0,4.2,1,0.2,4.4
16,2,16,16_16,reviewer,high,0,1,0,0,4.2,0,0,4.2
16,2,17,16_17,panelist,high,1,1,0,0,4.2,0,0,4.2
16,2,18,16_18,panelist,med,1,0,0,0,4.2,0,0,4.2
16,2,19,16_19,panelist,med,1,0,0,0,4.2,0,0,4.2
16,2,20,16_20,panelist,high,1,1,0,0,4.2,0,0,4.2
16,2,21,16_21,panelist,med,1,0,0,0,4.2,0,0,4.2
16,2,22,16_22,panelist,med,1,0,0,0,4.2,0,0,4.2
16,2,23,16_23,panelist,low,1,0,1,0,4.2,1,0.2,4.4
16,2,24,16_24,panelist,none,1,0,0,1,4.2,0,0,4.2
16,3,01,16_01,panelist,none,1,0,0,1,4.1,1,0.1,4.2
16,3,02,16_02,panelist,med,1,0,0,0,4.1,0,0,4.1
16,3,03,16_03,reviewer,none,0,0,0,1,4.1,1,0.1,4.2
16,3,04,16_04,panelist,high,1,1,0,0,4.1,0,0,4.1
16,3,05,16_05,panelist,med,1,0,0,0,4.1,1,-0.2,3.9
16,3,06,16_06,panelist,low,1,0,1,0,4.1,0,0,4.1
16,3,07,16_07,panelist,med,1,0,0,0,4.1,1,-0.3,3.8
16,3,08,16_08,panelist,med,1,0,0,0,4.1,1,0.1,4.2
16,3,09,16_09,panelist,low,1,0,1,0,4.1,1,0.1,4.2
16,3,10,16_10,panelist,med,1,0,0,0,4.1,1,-0.1,4
16,3,11,16_11,panelist,med,1,0,0,0,4.1,0,0,4.1
16,3,12,16_12,panelist,med,1,0,0,0,4.1,1,-0.1,4
16,3,13,16_13,panelist,high,1,1,0,0,4.1,1,-0.1,4
16,3,14,16_14,panelist,none,1,0,0,1,4.1,0,0,4.1
16,3,15,16_15,reviewer,high,0,1,0,0,4.1,1,0.2,4.3
16,3,16,16_16,panelist,med,1,0,0,0,4.1,0,0,4.1
16,3,17,16_17,reviewer,low,0,0,1,0,4.1,1,-0.2,3.9
16,3,18,16_18,panelist,low,1,0,1,0,4.1,0,0,4.1
16,3,19,16_19,panelist,med,1,0,0,0,4.1,0,0,4.1
16,3,20,16_20,panelist,med,1,0,0,0,4.1,0,0,4.1
16,3,21,16_21,panelist,none,1,0,0,1,4.1,1,-0.2,3.9
16,3,22,16_22,panelist,high,1,1,0,0,4.1,0,0,4.1
16,3,23,16_23,panelist,high,1,1,0,0,4.1,1,-0.2,3.9
16,3,24,16_24,panelist,high,1,1,0,0,4.1,1,-0.2,3.9
16,4,01,16_01,panelist,med,1,0,0,0,3.7,1,-0.1,3.6
16,4,02,16_02,panelist,med,1,0,0,0,3.7,0,0,3.7
16,4,03,16_03,panelist,high,1,1,0,0,3.7,0,0,3.7
16,4,04,16_04,panelist,med,1,0,0,0,3.7,1,-0.2,3.5
16,4,05,16_05,panelist,none,1,0,0,1,3.7,0,0,3.7
16,4,06,16_06,panelist,high,1,1,0,0,3.7,1,0.1,3.8
16,4,07,16_07,panelist,low,1,0,1,0,3.7,0,0,3.7
16,4,08,16_08,panelist,high,1,1,0,0,3.7,0,0,3.7
16,4,09,16_09,panelist,med,1,0,0,0,3.7,0,0,3.7
16,4,10,16_10,panelist,high,1,1,0,0,3.7,0,0,3.7
16,4,11,16_11,panelist,none,1,0,0,1,3.7,1,0.1,3.8
16,4,12,16_12,panelist,none,1,0,0,1,3.7,0,0,3.7
16,4,13,16_13,reviewer,high,0,1,0,0,3.7,0,0,3.7
16,4,14,16_14,reviewer,med,0,0,0,0,3.7,0,0,3.7
16,4,15,16_15,reviewer,low,0,0,1,0,3.7,1,-0.1,3.6
16,4,16,16_16,panelist,med,1,0,0,0,3.7,1,0.2,3.9
16,4,17,16_17,panelist,none,1,0,0,1,3.7,1,-0.1,3.6
16,4,18,16_18,panelist,high,1,1,0,0,3.7,0,0,3.7
16,4,19,16_19,panelist,low,1,0,1,0,3.7,1,0.1,3.8
16,4,20,16_20,panelist,low,1,0,1,0,3.7,1,0.2,3.9
16,4,21,16_21,panelist,med,1,0,0,0,3.7,0,0,3.7
16,4,22,16_22,panelist,med,1,0,0,0,3.7,1,-0.3,3.5
16,4,23,16_23,panelist,med,1,0,0,0,3.7,0,0,3.7
16,4,24,16_24,panelist,med,1,0,0,0,3.7,1,-0.1,3.6
16,5,01,16_01,panelist,high,1,1,0,0,3.6,1,-0.1,3.5
16,5,02,16_02,panelist,med,1,0,0,0,3.6,1,0.2,3.8
16,5,03,16_03,panelist,none,1,0,0,1,3.6,0,0,3.6
16,5,04,16_04,panelist,med,1,0,0,0,3.6,1,0.2,3.8
16,5,05,16_05,panelist,low,1,0,1,0,3.6,0,0,3.6
16,5,06,16_06,panelist,low,1,0,1,0,3.6,1,0.1,3.7
16,5,07,16_07,panelist,high,1,1,0,0,3.6,0,0,3.6
16,5,08,16_08,panelist,high,1,1,0,0,3.6,0,0,3.6
16,5,09,16_09,panelist,med,1,0,0,0,3.6,0,0,3.6
16,5,10,16_10,panelist,med,1,0,0,0,3.6,0,0,3.6
16,5,11,16_11,panelist,low,1,0,1,0,3.6,0,0,3.6
16,5,12,16_12,reviewer,med,0,0,0,0,3.6,0,0,3.6
16,5,13,16_13,panelist,med,1,0,0,0,3.6,1,0.1,3.7
16,5,14,16_14,panelist,high,1,1,0,0,3.6,1,-0.1,3.5
16,5,15,16_15,panelist,none,1,0,0,1,3.6,1,0.1,3.7
16,5,16,16_16,panelist,low,1,0,1,0,3.6,0,0,3.6
16,5,17,16_17,panelist,high,1,1,0,0,3.6,1,0.1,3.7
16,5,18,16_18,reviewer,med,0,0,0,0,3.6,0,0,3.6
16,5,19,16_19,panelist,med,1,0,0,0,3.6,1,-0.5,3.5
16,5,20,16_20,panelist,none,1,0,0,1,3.6,0,0,3.6
16,5,21,16_21,reviewer,med,0,0,0,0,3.6,0,0,3.6
16,5,22,16_22,panelist,med,1,0,0,0,3.6,0,0,3.6
16,5,23,16_23,panelist,none,1,0,0,1,3.6,1,0.1,3.7
16,5,24,16_24,panelist,high,1,1,0,0,3.6,1,0.1,3.7
16,6,01,16_01,reviewer,none,0,0,0,1,3.5,1,0.1,3.6
16,6,02,16_02,panelist,high,1,1,0,0,3.5,0,0,3.5
16,6,03,16_03,panelist,med,1,0,0,0,3.5,1,-0.1,3.5
16,6,04,16_04,panelist,low,1,0,1,0,3.5,0,0,3.5
16,6,05,16_05,panelist,med,1,0,0,0,3.5,0,0,3.5
16,6,06,16_06,panelist,med,1,0,0,0,3.5,1,-0.1,3.5
16,6,07,16_07,panelist,none,1,0,0,1,3.5,1,0.3,3.8
16,6,08,16_08,panelist,high,1,1,0,0,3.5,0,0,3.5
16,6,09,16_09,panelist,none,1,0,0,1,3.5,0,0,3.5
16,6,10,16_10,panelist,med,1,0,0,0,3.5,1,0.3,3.8
16,6,11,16_11,panelist,low,1,0,1,0,3.5,0,0,3.5
16,6,12,16_12,panelist,med,1,0,0,0,3.5,0,0,3.5
16,6,13,16_13,panelist,med,1,0,0,0,3.5,0,0,3.5
16,6,14,16_14,reviewer,high,0,1,0,0,3.5,1,0.1,3.6
16,6,15,16_15,panelist,med,1,0,0,0,3.5,0,0,3.5
16,6,16,16_16,panelist,med,1,0,0,0,3.5,0,0,3.5
16,6,17,16_17,panelist,low,1,0,1,0,3.5,0,0,3.5
16,6,18,16_18,panelist,high,1,1,0,0,3.5,0,0,3.5
16,6,19,16_19,panelist,low,1,0,1,0,3.5,0,0,3.5
16,6,20,16_20,panelist,med,1,0,0,0,3.5,0,0,3.5
16,6,21,16_21,panelist,high,1,1,0,0,3.5,0,0,3.5
16,6,22,16_22,reviewer,none,0,0,0,1,3.5,1,-0.2,3.5
16,6,23,16_23,panelist,med,1,0,0,0,3.5,1,-0.2,3.5
16,6,24,16_24,panelist,high,1,1,0,0,3.5,1,0.3,3.8
16,7,01,16_01,panelist,med,1,0,0,0,3.9,1,0.1,4
16,7,02,16_02,panelist,low,1,0,1,0,3.9,0,0,3.9
16,7,03,16_03,panelist,high,1,1,0,0,3.9,0,0,3.9
16,7,04,16_04,reviewer,low,0,0,1,0,3.9,0,0,3.9
16,7,05,16_05,panelist,med,1,0,0,0,3.9,1,0.4,4.3
16,7,06,16_06,panelist,med,1,0,0,0,3.9,0,0,3.9
16,7,07,16_07,panelist,low,1,0,1,0,3.9,1,-0.2,3.7
16,7,08,16_08,panelist,high,1,1,0,0,3.9,0,0,3.9
16,7,09,16_09,panelist,high,1,1,0,0,3.9,0,0,3.9
16,7,10,16_10,panelist,med,1,0,0,0,3.9,0,0,3.9
16,7,11,16_11,panelist,med,1,0,0,0,3.9,0,0,3.9
16,7,12,16_12,panelist,high,1,1,0,0,3.9,0,0,3.9
16,7,13,16_13,panelist,med,1,0,0,0,3.9,0,0,3.9
16,7,14,16_14,panelist,med,1,0,0,0,3.9,0,0,3.9
16,7,15,16_15,panelist,none,1,0,0,1,3.9,1,-0.2,3.7
16,7,16,16_16,panelist,med,1,0,0,0,3.9,0,0,3.9
16,7,17,16_17,reviewer,med,0,0,0,0,3.9,0,0,3.9
16,7,18,16_18,panelist,none,1,0,0,1,3.9,0,0,3.9
16,7,19,16_19,panelist,high,1,1,0,0,3.9,0,0,3.9
16,7,20,16_20,panelist,none,1,0,0,1,3.9,1,-0.1,3.8
16,7,21,16_21,panelist,med,1,0,0,0,3.9,0,0,3.9
16,7,22,16_22,reviewer,none,0,0,0,1,3.9,1,0.1,4
16,7,23,16_23,panelist,high,1,1,0,0,3.9,0,0,3.9
16,7,24,16_24,panelist,low,1,0,1,0,3.9,1,-0.1,3.8
16,8,01,16_01,reviewer,med,0,0,0,0,3.5,0,0,3.5
16,8,02,16_02,panelist,high,1,1,0,0,3.5,0,0,3.5
16,8,03,16_03,panelist,low,1,0,1,0,3.5,0,0,3.5
16,8,04,16_04,panelist,med,1,0,0,0,3.5,1,0.3,3.8
16,8,05,16_05,panelist,med,1,0,0,0,3.5,1,-0.1,3.5
16,8,06,16_06,panelist,low,1,0,1,0,3.5,0,0,3.5
16,8,07,16_07,panelist,med,1,0,0,0,3.5,0,0,3.5
16,8,08,16_08,panelist,high,1,1,0,0,3.5,1,-0.1,3.5
16,8,09,16_09,panelist,med,1,0,0,0,3.5,0,0,3.5
16,8,10,16_10,reviewer,high,0,1,0,0,3.5,1,0.3,3.8
16,8,11,16_11,panelist,high,1,1,0,0,3.5,1,-0.2,3.5
16,8,12,16_12,panelist,none,1,0,0,1,3.5,1,0.1,3.6
16,8,13,16_13,panelist,none,1,0,0,1,3.5,0,0,3.5
16,8,14,16_14,panelist,none,1,0,0,1,3.5,1,-0.1,3.5
16,8,15,16_15,panelist,low,1,0,1,0,3.5,1,0.2,3.7
16,8,16,16_16,panelist,high,1,1,0,0,3.5,0,0,3.5
16,8,17,16_17,reviewer,none,0,0,0,1,3.5,1,0.1,3.6
16,8,18,16_18,panelist,med,1,0,0,0,3.5,1,-0.1,3.5
16,8,19,16_19,panelist,med,1,0,0,0,3.5,0,0,3.5
16,8,20,16_20,panelist,low,1,0,1,0,3.5,1,0.3,3.8
16,8,21,16_21,panelist,high,1,1,0,0,3.5,0,0,3.5
16,8,22,16_22,panelist,med,1,0,0,0,3.5,0,0,3.5
16,8,23,16_23,panelist,med,1,0,0,0,3.5,0,0,3.5
16,8,24,16_24,panelist,med,1,0,0,0,3.5,1,0.2,3.7
16,9,01,16_01,panelist,high,1,1,0,0,4.1,0,0,4.1
16,9,02,16_02,reviewer,med,0,0,0,0,4.1,0,0,4.1
16,9,03,16_03,panelist,none,1,0,0,1,4.1,0,0,4.1
16,9,04,16_04,panelist,med,1,0,0,0,4.1,0,0,4.1
16,9,05,16_05,panelist,high,1,1,0,0,4.1,0,0,4.1
16,9,06,16_06,panelist,med,1,0,0,0,4.1,0,0,4.1
16,9,07,16_07,panelist,med,1,0,0,0,4.1,1,0.1,4.2
16,9,08,16_08,reviewer,high,0,1,0,0,4.1,0,0,4.1
16,9,09,16_09,panelist,none,1,0,0,1,4.1,1,0.1,4.2
16,9,10,16_10,panelist,med,1,0,0,0,4.1,0,0,4.1
16,9,11,16_11,panelist,high,1,1,0,0,4.1,0,0,4.1
16,9,12,16_12,panelist,none,1,0,0,1,4.1,1,-0.1,4
16,9,13,16_13,reviewer,high,0,1,0,0,4.1,0,0,4.1
16,9,14,16_14,panelist,med,1,0,0,0,4.1,0,0,4.1
16,9,15,16_15,panelist,high,1,1,0,0,4.1,0,0,4.1
16,9,16,16_16,panelist,low,1,0,1,0,4.1,0,0,4.1
16,9,17,16_17,panelist,med,1,0,0,0,4.1,0,0,4.1
16,9,18,16_18,panelist,low,1,0,1,0,4.1,0,0,4.1
16,9,19,16_19,panelist,low,1,0,1,0,4.1,1,-0.1,4
16,9,20,16_20,panelist,med,1,0,0,0,4.1,1,0.1,4.2
16,9,21,16_21,panelist,med,1,0,0,0,4.1,0,0,4.1
16,9,22,16_22,panelist,low,1,0,1,0,4.1,0,0,4.1
16,9,23,16_23,panelist,med,1,0,0,0,4.1,0,0,4.1
16,9,24,16_24,panelist,none,1,0,0,1,4.1,1,0.1,4.2
16,10,01,16_01,reviewer,med,0,0,0,0,4.5,1,-0.1,4.4
16,10,02,16_02,panelist,med,1,0,0,0,4.5,0,0,4.5
16,10,03,16_03,reviewer,med,0,0,0,0,4.5,0,0,4.5
16,10,04,16_04,panelist,med,1,0,0,0,4.5,1,0.3,4.8
16,10,05,16_05,panelist,low,1,0,1,0,4.5,1,-0.1,4.4
16,10,06,16_06,panelist,none,1,0,0,1,4.5,1,-0.2,4.3
16,10,07,16_07,panelist,low,1,0,1,0,4.5,1,-0.2,4.3
16,10,08,16_08,panelist,med,1,0,0,0,4.5,1,0.1,4.6
16,10,09,16_09,panelist,low,1,0,1,0,4.5,0,0,4.5
16,10,10,16_10,panelist,high,1,1,0,0,4.5,1,-0.1,4.4
16,10,11,16_11,panelist,med,1,0,0,0,4.5,0,0,4.5
16,10,12,16_12,panelist,none,1,0,0,1,4.5,1,-0.2,4.3
16,10,13,16_13,panelist,high,1,1,0,0,4.5,1,-0.1,4.4
16,10,14,16_14,panelist,high,1,1,0,0,4.5,1,-0.1,4.4
16,10,15,16_15,panelist,med,1,0,0,0,4.5,1,-0.2,4.3
16,10,16,16_16,panelist,low,1,0,1,0,4.5,1,-0.4,4.1
16,10,17,16_17,reviewer,high,0,1,0,0,4.5,0,0,4.5
16,10,18,16_18,panelist,none,1,0,0,1,4.5,1,-0.1,4.4
16,10,19,16_19,panelist,high,1,1,0,0,4.5,0,0,4.5
16,10,20,16_20,panelist,med,1,0,0,0,4.5,1,0.1,4.6
16,10,21,16_21,panelist,med,1,0,0,0,4.5,0,0,4.5
16,10,22,16_22,panelist,med,1,0,0,0,4.5,1,0.1,4.6
16,10,23,16_23,panelist,high,1,1,0,0,4.5,0,0,4.5
16,10,24,16_24,panelist,none,1,0,0,1,4.5,1,-0.2,4.3
16,11,01,16_01,panelist,high,1,1,0,0,4.1,0,0,4.1
16,11,02,16_02,panelist,high,1,1,0,0,4.1,0,0,4.1
16,11,03,16_03,panelist,none,1,0,0,1,4.1,1,0.1,4.2
16,11,04,16_04,panelist,med,1,0,0,0,4.1,0,0,4.1
16,11,05,16_05,panelist,med,1,0,0,0,4.1,1,-0.1,4
16,11,06,16_06,panelist,med,1,0,0,0,4.1,1,-0.2,3.9
16,11,07,16_07,panelist,none,1,0,0,1,4.1,1,-0.1,4
16,11,08,16_08,panelist,low,1,0,1,0,4.1,0,0,4.1
16,11,09,16_09,reviewer,med,0,0,0,0,4.1,0,0,4.1
16,11,10,16_10,panelist,low,1,0,1,0,4.1,1,-0.1,4
16,11,11,16_11,panelist,med,1,0,0,0,4.1,0,0,4.1
16,11,12,16_12,panelist,high,1,1,0,0,4.1,0,0,4.1
16,11,13,16_13,panelist,med,1,0,0,0,4.1,1,0.2,4.3
16,11,14,16_14,reviewer,med,0,0,0,0,4.1,0,0,4.1
16,11,15,16_15,panelist,med,1,0,0,0,4.1,0,0,4.1
16,11,16,16_16,panelist,high,1,1,0,0,4.1,0,0,4.1
16,11,17,16_17,reviewer,low,0,0,1,0,4.1,0,0,4.1
16,11,18,16_18,panelist,med,1,0,0,0,4.1,1,0.2,4.3
16,11,19,16_19,panelist,none,1,0,0,1,4.1,0,0,4.1
16,11,20,16_20,panelist,med,1,0,0,0,4.1,1,-0.2,3.9
16,11,21,16_21,panelist,low,1,0,1,0,4.1,0,0,4.1
16,11,22,16_22,panelist,high,1,1,0,0,4.1,0,0,4.1
16,11,23,16_23,panelist,none,1,0,0,1,4.1,1,0.2,4.3
16,11,24,16_24,panelist,high,1,1,0,0,4.1,0,0,4.1
16,12,01,16_01,panelist,none,1,0,0,1,4.7,1,0.1,4.8
16,12,02,16_02,panelist,med,1,0,0,0,4.7,0,0,4.7
16,12,03,16_03,panelist,high,1,1,0,0,4.7,0,0,4.7
16,12,04,16_04,panelist,high,1,1,0,0,4.7,1,-0.2,4.5
16,12,05,16_05,panelist,low,1,0,1,0,4.7,1,-0.1,4.6
16,12,06,16_06,panelist,low,1,0,1,0,4.7,0,0,4.7
16,12,07,16_07,reviewer,low,0,0,1,0,4.7,0,0,4.7
16,12,08,16_08,panelist,med,1,0,0,0,4.7,0,0,4.7
16,12,09,16_09,panelist,none,1,0,0,1,4.7,0,0,4.7
16,12,10,16_10,panelist,none,1,0,0,1,4.7,1,0.2,4.9
16,12,11,16_11,panelist,med,1,0,0,0,4.7,1,-0.2,4.5
16,12,12,16_12,panelist,high,1,1,0,0,4.7,0,0,4.7
16,12,13,16_13,reviewer,med,0,0,0,0,4.7,0,0,4.7
16,12,14,16_14,panelist,low,1,0,1,0,4.7,0,0,4.7
16,12,15,16_15,panelist,high,1,1,0,0,4.7,1,-0.2,4.5
16,12,16,16_16,panelist,med,1,0,0,0,4.7,0,0,4.7
16,12,17,16_17,panelist,high,1,1,0,0,4.7,0,0,4.7
16,12,18,16_18,panelist,none,1,0,0,1,4.7,1,0.3,4.9
16,12,19,16_19,panelist,med,1,0,0,0,4.7,0,0,4.7
16,12,20,16_20,reviewer,high,0,1,0,0,4.7,0,0,4.7
16,12,21,16_21,panelist,med,1,0,0,0,4.7,0,0,4.7
16,12,22,16_22,panelist,med,1,0,0,0,4.7,0,0,4.7
16,12,23,16_23,panelist,med,1,0,0,0,4.7,0,0,4.7
16,12,24,16_24,panelist,med,1,0,0,0,4.7,0,0,4.7
16,13,01,16_01,panelist,med,1,0,0,0,4.5,0,0,4.5
16,13,02,16_02,panelist,med,1,0,0,0,4.5,1,0.1,4.6
16,13,03,16_03,panelist,high,1,1,0,0,4.5,0,0,4.5
16,13,04,16_04,panelist,med,1,0,0,0,4.5,1,0.2,4.7
16,13,05,16_05,panelist,none,1,0,0,1,4.5,1,0.2,4.7
16,13,06,16_06,panelist,low,1,0,1,0,4.5,0,0,4.5
16,13,07,16_07,panelist,med,1,0,0,0,4.5,0,0,4.5
16,13,08,16_08,reviewer,none,0,0,0,1,4.5,1,-0.1,4.4
16,13,09,16_09,reviewer,low,0,0,1,0,4.5,0,0,4.5
16,13,10,16_10,panelist,med,1,0,0,0,4.5,0,0,4.5
16,13,11,16_11,panelist,low,1,0,1,0,4.5,1,0.2,4.7
16,13,12,16_12,panelist,high,1,1,0,0,4.5,1,-0.2,4.3
16,13,13,16_13,panelist,high,1,1,0,0,4.5,1,0.1,4.6
16,13,14,16_14,panelist,none,1,0,0,1,4.5,0,0,4.5
16,13,15,16_15,panelist,med,1,0,0,0,4.5,0,0,4.5
16,13,16,16_16,panelist,med,1,0,0,0,4.5,0,0,4.5
16,13,17,16_17,panelist,med,1,0,0,0,4.5,0,0,4.5
16,13,18,16_18,panelist,med,1,0,0,0,4.5,0,0,4.5
16,13,19,16_19,panelist,low,1,0,1,0,4.5,1,0.2,4.7
16,13,20,16_20,panelist,high,1,1,0,0,4.5,0,0,4.5
16,13,21,16_21,reviewer,none,0,0,0,1,4.5,1,-0.1,4.4
16,13,22,16_22,panelist,med,1,0,0,0,4.5,1,0.3,4.8
16,13,23,16_23,panelist,high,1,1,0,0,4.5,0,0,4.5
16,13,24,16_24,panelist,high,1,1,0,0,4.5,0,0,4.5
16,14,01,16_01,reviewer,med,0,0,0,0,3.5,1,0.1,3.6
16,14,02,16_02,panelist,low,1,0,1,0,3.5,1,0.1,3.6
16,14,03,16_03,panelist,med,1,0,0,0,3.5,0,0,3.5
16,14,04,16_04,panelist,low,1,0,1,0,3.5,0,0,3.5
16,14,05,16_05,panelist,med,1,0,0,0,3.5,0,0,3.5
16,14,06,16_06,panelist,low,1,0,1,0,3.5,0,0,3.5
16,14,07,16_07,panelist,none,1,0,0,1,3.5,0,0,3.5
16,14,08,16_08,panelist,high,1,1,0,0,3.5,1,-0.1,3.5
16,14,09,16_09,panelist,none,1,0,0,1,3.5,0,0,3.5
16,14,10,16_10,panelist,high,1,1,0,0,3.5,0,0,3.5
16,14,11,16_11,panelist,med,1,0,0,0,3.5,1,-0.1,3.5
16,14,12,16_12,panelist,low,1,0,1,0,3.5,1,0.2,3.7
16,14,13,16_13,panelist,med,1,0,0,0,3.5,0,0,3.5
16,14,14,16_14,reviewer,none,0,0,0,1,3.5,0,0,3.5
16,14,15,16_15,panelist,none,1,0,0,1,3.5,0,0,3.5
16,14,16,16_16,reviewer,high,0,1,0,0,3.5,0,0,3.5
16,14,17,16_17,panelist,high,1,1,0,0,3.5,0,0,3.5
16,14,18,16_18,panelist,med,1,0,0,0,3.5,0,0,3.5
16,14,19,16_19,panelist,med,1,0,0,0,3.5,0,0,3.5
16,14,20,16_20,panelist,med,1,0,0,0,3.5,1,0.1,3.6
16,14,21,16_21,panelist,med,1,0,0,0,3.5,0,0,3.5
16,14,22,16_22,panelist,high,1,1,0,0,3.5,1,0.2,3.7
16,14,23,16_23,panelist,med,1,0,0,0,3.5,0,0,3.5
16,14,24,16_24,panelist,high,1,1,0,0,3.5,1,-0.1,3.5
16,15,01,16_01,panelist,high,1,1,0,0,4.3,0,0,4.3
16,15,02,16_02,reviewer,high,0,1,0,0,4.3,0,0,4.3
16,15,03,16_03,panelist,high,1,1,0,0,4.3,0,0,4.3
16,15,04,16_04,panelist,high,1,1,0,0,4.3,1,0.2,4.5
16,15,05,16_05,panelist,med,1,0,0,0,4.3,0,0,4.3
16,15,06,16_06,panelist,none,1,0,0,1,4.3,0,0,4.3
16,15,07,16_07,panelist,med,1,0,0,0,4.3,1,-0.1,4.2
16,15,08,16_08,panelist,none,1,0,0,1,4.3,0,0,4.3
16,15,09,16_09,panelist,med,1,0,0,0,4.3,1,0.1,4.4
16,15,10,16_10,panelist,low,1,0,1,0,4.3,0,0,4.3
16,15,11,16_11,panelist,none,1,0,0,1,4.3,0,0,4.3
16,15,12,16_12,panelist,med,1,0,0,0,4.3,1,-0.1,4.2
16,15,13,16_13,panelist,med,1,0,0,0,4.3,1,-0.2,4.1
16,15,14,16_14,panelist,low,1,0,1,0,4.3,1,0.3,4.6
16,15,15,16_15,panelist,low,1,0,1,0,4.3,1,0.1,4.4
16,15,16,16_16,panelist,med,1,0,0,0,4.3,1,-0.3,4
16,15,17,16_17,reviewer,high,0,1,0,0,4.3,0,0,4.3
16,15,18,16_18,panelist,med,1,0,0,0,4.3,1,-0.1,4.2
16,15,19,16_19,panelist,none,1,0,0,1,4.3,0,0,4.3
16,15,20,16_20,reviewer,med,0,0,0,0,4.3,1,-0.2,4.1
16,15,21,16_21,panelist,med,1,0,0,0,4.3,0,0,4.3
16,15,22,16_22,panelist,low,1,0,1,0,4.3,1,0.1,4.4
16,15,23,16_23,panelist,med,1,0,0,0,4.3,0,0,4.3
16,15,24,16_24,panelist,high,1,1,0,0,4.3,0,0,4.3
17,1,01,17_01,panelist,high,1,1,0,0,3.7,0,0,3.7
17,1,02,17_02,reviewer,high,0,1,0,0,3.7,1,0.1,3.8
17,1,03,17_03,panelist,med,1,0,0,0,3.7,1,-0.1,3.6
17,1,04,17_04,panelist,med,1,0,0,0,3.7,1,0.1,3.8
17,1,05,17_05,panelist,med,1,0,0,0,3.7,1,-0.1,3.6
17,1,06,17_06,panelist,low,1,0,1,0,3.7,0,0,3.7
17,1,07,17_07,panelist,high,1,1,0,0,3.7,1,0.4,4.1
17,1,08,17_08,panelist,high,1,1,0,0,3.7,1,0.1,3.8
17,1,09,17_09,panelist,med,1,0,0,0,3.7,1,0.1,3.8
17,1,10,17_10,reviewer,none,0,0,0,1,3.7,0,0,3.7
17,1,11,17_11,panelist,med,1,0,0,0,3.7,1,0.3,4
17,1,12,17_12,panelist,med,1,0,0,0,3.7,0,0,3.7
17,1,13,17_13,panelist,med,1,0,0,0,3.7,0,0,3.7
17,1,14,17_14,panelist,high,1,1,0,0,3.7,0,0,3.7
17,1,15,17_15,panelist,med,1,0,0,0,3.7,1,-0.1,3.6
17,1,16,17_16,panelist,high,1,1,0,0,3.7,0,0,3.7
17,1,17,17_17,panelist,low,1,0,1,0,3.7,0,0,3.7
17,1,18,17_18,panelist,low,1,0,1,0,3.7,0,0,3.7
17,1,19,17_19,reviewer,none,0,0,0,1,3.7,1,0.1,3.8
17,1,20,17_20,panelist,low,1,0,1,0,3.7,0,0,3.7
17,1,21,17_21,panelist,none,1,0,0,1,3.7,0,0,3.7
17,1,22,17_22,panelist,med,1,0,0,0,3.7,0,0,3.7
17,1,23,17_23,panelist,med,1,0,0,0,3.7,0,0,3.7
17,1,24,17_24,panelist,none,1,0,0,1,3.7,0,0,3.7
17,2,01,17_01,panelist,low,1,0,1,0,4.3,1,0.2,4.5
17,2,02,17_02,panelist,med,1,0,0,0,4.3,1,-0.1,4.2
17,2,03,17_03,panelist,med,1,0,0,0,4.3,1,-0.2,4.1
17,2,04,17_04,panelist,low,1,0,1,0,4.3,1,0.2,4.5
17,2,05,17_05,panelist,high,1,1,0,0,4.3,0,0,4.3
17,2,06,17_06,reviewer,high,0,1,0,0,4.3,0,0,4.3
17,2,07,17_07,panelist,none,1,0,0,1,4.3,0,0,4.3
17,2,08,17_08,panelist,med,1,0,0,0,4.3,1,-0.1,4.2
17,2,09,17_09,panelist,med,1,0,0,0,4.3,1,-0.2,4.1
17,2,10,17_10,reviewer,high,0,1,0,0,4.3,1,-0.1,4.2
17,2,11,17_11,panelist,high,1,1,0,0,4.3,0,0,4.3
17,2,12,17_12,panelist,med,1,0,0,0,4.3,1,0.1,4.4
17,2,13,17_13,panelist,low,1,0,1,0,4.3,1,-0.2,4.1
17,2,14,17_14,panelist,med,1,0,0,0,4.3,1,0.1,4.4
17,2,15,17_15,panelist,med,1,0,0,0,4.3,1,-0.1,4.2
17,2,16,17_16,panelist,none,1,0,0,1,4.3,1,-0.2,4.1
17,2,17,17_17,panelist,none,1,0,0,1,4.3,0,0,4.3
17,2,18,17_18,reviewer,med,0,0,0,0,4.3,1,-0.1,4.2
17,2,19,17_19,panelist,high,1,1,0,0,4.3,0,0,4.3
17,2,20,17_20,panelist,low,1,0,1,0,4.3,1,0.2,4.5
17,2,21,17_21,panelist,high,1,1,0,0,4.3,0,0,4.3
17,2,22,17_22,panelist,med,1,0,0,0,4.3,0,0,4.3
17,2,23,17_23,panelist,none,1,0,0,1,4.3,1,0.2,4.5
17,2,24,17_24,panelist,med,1,0,0,0,4.3,1,0.3,4.6
17,3,01,17_01,panelist,med,1,0,0,0,4.2,0,0,4.2
17,3,02,17_02,panelist,high,1,1,0,0,4.2,1,0.2,4.4
17,3,03,17_03,panelist,high,1,1,0,0,4.2,0,0,4.2
17,3,04,17_04,panelist,high,1,1,0,0,4.2,0,0,4.2
17,3,05,17_05,panelist,none,1,0,0,1,4.2,0,0,4.2
17,3,06,17_06,panelist,med,1,0,0,0,4.2,1,0.1,4.3
17,3,07,17_07,panelist,med,1,0,0,0,4.2,0,0,4.2
17,3,08,17_08,panelist,med,1,0,0,0,4.2,1,-0.1,4.1
17,3,09,17_09,panelist,low,1,0,1,0,4.2,1,0.3,4.5
17,3,10,17_10,panelist,low,1,0,1,0,4.2,1,-0.2,4
17,3,11,17_11,panelist,none,1,0,0,1,4.2,0,0,4.2
17,3,12,17_12,reviewer,med,0,0,0,0,4.2,1,-0.1,4.1
17,3,13,17_13,panelist,med,1,0,0,0,4.2,0,0,4.2
17,3,14,17_14,panelist,none,1,0,0,1,4.2,0,0,4.2
17,3,15,17_15,panelist,high,1,1,0,0,4.2,0,0,4.2
17,3,16,17_16,panelist,none,1,0,0,1,4.2,1,-0.2,4
17,3,17,17_17,reviewer,high,0,1,0,0,4.2,1,-0.1,4.1
17,3,18,17_18,panelist,high,1,1,0,0,4.2,0,0,4.2
17,3,19,17_19,panelist,med,1,0,0,0,4.2,1,-0.1,4.1
17,3,20,17_20,panelist,low,1,0,1,0,4.2,1,-0.1,4.1
17,3,21,17_21,panelist,med,1,0,0,0,4.2,1,-0.2,4
17,3,22,17_22,reviewer,med,0,0,0,0,4.2,1,0.1,4.3
17,3,23,17_23,panelist,med,1,0,0,0,4.2,0,0,4.2
17,3,24,17_24,panelist,low,1,0,1,0,4.2,0,0,4.2
17,4,01,17_01,panelist,high,1,1,0,0,3.8,0,0,3.8
17,4,02,17_02,panelist,med,1,0,0,0,3.8,1,0.1,3.9
17,4,03,17_03,panelist,high,1,1,0,0,3.8,0,0,3.8
17,4,04,17_04,panelist,none,1,0,0,1,3.8,0,0,3.8
17,4,05,17_05,panelist,med,1,0,0,0,3.8,1,0.3,4.1
17,4,06,17_06,panelist,low,1,0,1,0,3.8,0,0,3.8
17,4,07,17_07,panelist,none,1,0,0,1,3.8,1,0.2,4
17,4,08,17_08,panelist,none,1,0,0,1,3.8,1,0.1,3.9
17,4,09,17_09,reviewer,med,0,0,0,0,3.8,1,0.1,3.9
17,4,10,17_10,reviewer,high,0,1,0,0,3.8,0,0,3.8
17,4,11,17_11,panelist,none,1,0,0,1,3.8,1,0.2,4
17,4,12,17_12,panelist,med,1,0,0,0,3.8,0,0,3.8
17,4,13,17_13,panelist,med,1,0,0,0,3.8,0,0,3.8
17,4,14,17_14,panelist,low,1,0,1,0,3.8,1,0.4,4.2
17,4,15,17_15,panelist,med,1,0,0,0,3.8,1,0.1,3.9
17,4,16,17_16,reviewer,high,0,1,0,0,3.8,1,0.1,3.9
17,4,17,17_17,panelist,med,1,0,0,0,3.8,0,0,3.8
17,4,18,17_18,panelist,high,1,1,0,0,3.8,0,0,3.8
17,4,19,17_19,panelist,low,1,0,1,0,3.8,1,-0.1,3.7
17,4,20,17_20,panelist,low,1,0,1,0,3.8,0,0,3.8
17,4,21,17_21,panelist,med,1,0,0,0,3.8,0,0,3.8
17,4,22,17_22,panelist,med,1,0,0,0,3.8,1,0.1,3.9
17,4,23,17_23,panelist,med,1,0,0,0,3.8,1,0.1,3.9
17,4,24,17_24,panelist,high,1,1,0,0,3.8,0,0,3.8
17,5,01,17_01,panelist,med,1,0,0,0,3.7,0,0,3.7
17,5,02,17_02,panelist,med,1,0,0,0,3.7,0,0,3.7
17,5,03,17_03,panelist,high,1,1,0,0,3.7,0,0,3.7
17,5,04,17_04,panelist,low,1,0,1,0,3.7,1,-0.1,3.6
17,5,05,17_05,panelist,none,1,0,0,1,3.7,1,-0.1,3.6
17,5,06,17_06,reviewer,med,0,0,0,0,3.7,0,0,3.7
17,5,07,17_07,panelist,low,1,0,1,0,3.7,1,0.1,3.8
17,5,08,17_08,panelist,high,1,1,0,0,3.7,0,0,3.7
17,5,09,17_09,panelist,med,1,0,0,0,3.7,0,0,3.7
17,5,10,17_10,panelist,high,1,1,0,0,3.7,0,0,3.7
17,5,11,17_11,panelist,med,1,0,0,0,3.7,1,0.1,3.8
17,5,12,17_12,panelist,none,1,0,0,1,3.7,1,-0.1,3.6
17,5,13,17_13,panelist,med,1,0,0,0,3.7,0,0,3.7
17,5,14,17_14,panelist,high,1,1,0,0,3.7,0,0,3.7
17,5,15,17_15,panelist,low,1,0,1,0,3.7,1,-0.2,3.5
17,5,16,17_16,panelist,med,1,0,0,0,3.7,1,0.2,3.9
17,5,17,17_17,panelist,med,1,0,0,0,3.7,0,0,3.7
17,5,18,17_18,panelist,low,1,0,1,0,3.7,1,-0.1,3.6
17,5,19,17_19,reviewer,none,0,0,0,1,3.7,0,0,3.7
17,5,20,17_20,reviewer,high,0,1,0,0,3.7,0,0,3.7
17,5,21,17_21,panelist,med,1,0,0,0,3.7,0,0,3.7
17,5,22,17_22,panelist,high,1,1,0,0,3.7,1,-0.1,3.6
17,5,23,17_23,panelist,med,1,0,0,0,3.7,0,0,3.7
17,5,24,17_24,panelist,none,1,0,0,1,3.7,1,0.1,3.8
17,6,01,17_01,panelist,low,1,0,1,0,3.5,0,0,3.5
17,6,02,17_02,panelist,med,1,0,0,0,3.5,0,0,3.5
17,6,03,17_03,panelist,med,1,0,0,0,3.5,1,0.3,3.8
17,6,04,17_04,panelist,none,1,0,0,1,3.5,0,0,3.5
17,6,05,17_05,panelist,med,1,0,0,0,3.5,0,0,3.5
17,6,06,17_06,reviewer,med,0,0,0,0,3.5,1,0.2,3.7
17,6,07,17_07,panelist,low,1,0,1,0,3.5,0,0,3.5
17,6,08,17_08,panelist,med,1,0,0,0,3.5,0,0,3.5
17,6,09,17_09,panelist,high,1,1,0,0,3.5,0,0,3.5
17,6,10,17_10,panelist,med,1,0,0,0,3.5,1,0.3,3.8
17,6,11,17_11,panelist,none,1,0,0,1,3.5,1,-0.2,3.5
17,6,12,17_12,panelist,none,1,0,0,1,3.5,0,0,3.5
17,6,13,17_13,panelist,none,1,0,0,1,3.5,0,0,3.5
17,6,14,17_14,panelist,high,1,1,0,0,3.5,0,0,3.5
17,6,15,17_15,panelist,med,1,0,0,0,3.5,0,0,3.5
17,6,16,17_16,panelist,high,1,1,0,0,3.5,0,0,3.5
17,6,17,17_17,panelist,high,1,1,0,0,3.5,1,0.1,3.6
17,6,18,17_18,reviewer,high,0,1,0,0,3.5,0,0,3.5
17,6,19,17_19,panelist,low,1,0,1,0,3.5,0,0,3.5
17,6,20,17_20,panelist,low,1,0,1,0,3.5,0,0,3.5
17,6,21,17_21,panelist,high,1,1,0,0,3.5,1,-0.1,3.5
17,6,22,17_22,reviewer,med,0,0,0,0,3.5,1,-0.3,3.5
17,6,23,17_23,panelist,med,1,0,0,0,3.5,0,0,3.5
17,6,24,17_24,panelist,med,1,0,0,0,3.5,1,0.2,3.7
17,7,01,17_01,panelist,high,1,1,0,0,4,0,0,4
17,7,02,17_02,panelist,med,1,0,0,0,4,1,0.3,4.3
17,7,03,17_03,panelist,high,1,1,0,0,4,0,0,4
17,7,04,17_04,panelist,low,1,0,1,0,4,1,-0.1,3.9
17,7,05,17_05,panelist,none,1,0,0,1,4,0,0,4
17,7,06,17_06,panelist,med,1,0,0,0,4,0,0,4
17,7,07,17_07,panelist,med,1,0,0,0,4,0,0,4
17,7,08,17_08,panelist,high,1,1,0,0,4,0,0,4
17,7,09,17_09,panelist,med,1,0,0,0,4,0,0,4
17,7,10,17_10,panelist,med,1,0,0,0,4,0,0,4
17,7,11,17_11,panelist,med,1,0,0,0,4,1,0.2,4.2
17,7,12,17_12,panelist,low,1,0,1,0,4,0,0,4
17,7,13,17_13,panelist,med,1,0,0,0,4,0,0,4
17,7,14,17_14,panelist,high,1,1,0,0,4,0,0,4
17,7,15,17_15,panelist,med,1,0,0,0,4,0,0,4
17,7,16,17_16,reviewer,med,0,0,0,0,4,0,0,4
17,7,17,17_17,reviewer,none,0,0,0,1,4,1,-0.1,3.9
17,7,18,17_18,reviewer,med,0,0,0,0,4,0,0,4
17,7,19,17_19,panelist,none,1,0,0,1,4,0,0,4
17,7,20,17_20,panelist,low,1,0,1,0,4,1,-0.1,3.9
17,7,21,17_21,panelist,low,1,0,1,0,4,1,-0.2,3.8
17,7,22,17_22,panelist,high,1,1,0,0,4,1,-0.1,3.9
17,7,23,17_23,panelist,high,1,1,0,0,4,0,0,4
17,7,24,17_24,panelist,none,1,0,0,1,4,1,0.1,4.1
17,8,01,17_01,panelist,low,1,0,1,0,3.5,0,0,3.5
17,8,02,17_02,reviewer,high,0,1,0,0,3.5,0,0,3.5
17,8,03,17_03,panelist,none,1,0,0,1,3.5,1,0.1,3.6
17,8,04,17_04,panelist,none,1,0,0,1,3.5,1,0.1,3.6
17,8,05,17_05,panelist,med,1,0,0,0,3.5,0,0,3.5
17,8,06,17_06,panelist,low,1,0,1,0,3.5,1,0.1,3.6
17,8,07,17_07,panelist,high,1,1,0,0,3.5,0,0,3.5
17,8,08,17_08,panelist,med,1,0,0,0,3.5,0,0,3.5
17,8,09,17_09,reviewer,med,0,0,0,0,3.5,1,0.1,3.6
17,8,10,17_10,panelist,med,1,0,0,0,3.5,0,0,3.5
17,8,11,17_11,panelist,none,1,0,0,1,3.5,1,-0.1,3.5
17,8,12,17_12,panelist,med,1,0,0,0,3.5,1,0.1,3.6
17,8,13,17_13,panelist,high,1,1,0,0,3.5,0,0,3.5
17,8,14,17_14,reviewer,high,0,1,0,0,3.5,0,0,3.5
17,8,15,17_15,panelist,med,1,0,0,0,3.5,0,0,3.5
17,8,16,17_16,panelist,low,1,0,1,0,3.5,1,-0.1,3.5
17,8,17,17_17,panelist,med,1,0,0,0,3.5,1,-0.1,3.5
17,8,18,17_18,panelist,high,1,1,0,0,3.5,0,0,3.5
17,8,19,17_19,panelist,high,1,1,0,0,3.5,1,0.1,3.6
17,8,20,17_20,panelist,med,1,0,0,0,3.5,0,0,3.5
17,8,21,17_21,panelist,low,1,0,1,0,3.5,1,0.1,3.6
17,8,22,17_22,panelist,none,1,0,0,1,3.5,1,-0.1,3.5
17,8,23,17_23,panelist,med,1,0,0,0,3.5,0,0,3.5
17,8,24,17_24,panelist,med,1,0,0,0,3.5,1,0.1,3.6
17,9,01,17_01,panelist,high,1,1,0,0,4.2,1,0.1,4.3
17,9,02,17_02,panelist,med,1,0,0,0,4.2,0,0,4.2
17,9,03,17_03,reviewer,med,0,0,0,0,4.2,0,0,4.2
17,9,04,17_04,panelist,low,1,0,1,0,4.2,1,0.1,4.3
17,9,05,17_05,panelist,low,1,0,1,0,4.2,0,0,4.2
17,9,06,17_06,panelist,high,1,1,0,0,4.2,1,-0.3,3.9
17,9,07,17_07,panelist,none,1,0,0,1,4.2,0,0,4.2
17,9,08,17_08,panelist,med,1,0,0,0,4.2,0,0,4.2
17,9,09,17_09,panelist,med,1,0,0,0,4.2,0,0,4.2
17,9,10,17_10,panelist,high,1,1,0,0,4.2,0,0,4.2
17,9,11,17_11,panelist,med,1,0,0,0,4.2,1,0.2,4.4
17,9,12,17_12,panelist,high,1,1,0,0,4.2,1,0.1,4.3
17,9,13,17_13,panelist,high,1,1,0,0,4.2,1,-0.1,4.1
17,9,14,17_14,reviewer,low,0,0,1,0,4.2,0,0,4.2
17,9,15,17_15,panelist,low,1,0,1,0,4.2,1,-0.1,4.1
17,9,16,17_16,panelist,none,1,0,0,1,4.2,1,0.1,4.3
17,9,17,17_17,panelist,none,1,0,0,1,4.2,1,-0.1,4.1
17,9,18,17_18,panelist,med,1,0,0,0,4.2,1,0.2,4.4
17,9,19,17_19,reviewer,none,0,0,0,1,4.2,1,0.1,4.3
17,9,20,17_20,panelist,med,1,0,0,0,4.2,0,0,4.2
17,9,21,17_21,panelist,med,1,0,0,0,4.2,0,0,4.2
17,9,22,17_22,panelist,med,1,0,0,0,4.2,0,0,4.2
17,9,23,17_23,panelist,high,1,1,0,0,4.2,0,0,4.2
17,9,24,17_24,panelist,med,1,0,0,0,4.2,1,0.1,4.3
17,10,01,17_01,panelist,med,1,0,0,0,4.6,0,0,4.6
17,10,02,17_02,panelist,none,1,0,0,1,4.6,0,0,4.6
17,10,03,17_03,reviewer,high,0,1,0,0,4.6,0,0,4.6
17,10,04,17_04,panelist,high,1,1,0,0,4.6,0,0,4.6
17,10,05,17_05,panelist,med,1,0,0,0,4.6,0,0,4.6
17,10,06,17_06,panelist,low,1,0,1,0,4.6,0,0,4.6
17,10,07,17_07,panelist,low,1,0,1,0,4.6,1,0.3,4.9
17,10,08,17_08,panelist,med,1,0,0,0,4.6,0,0,4.6
17,10,09,17_09,panelist,high,1,1,0,0,4.6,0,0,4.6
17,10,10,17_10,panelist,med,1,0,0,0,4.6,1,-0.2,4.4
17,10,11,17_11,panelist,low,1,0,1,0,4.6,1,-0.3,4.3
17,10,12,17_12,panelist,med,1,0,0,0,4.6,0,0,4.6
17,10,13,17_13,panelist,med,1,0,0,0,4.6,0,0,4.6
17,10,14,17_14,panelist,low,1,0,1,0,4.6,1,0.1,4.7
17,10,15,17_15,panelist,high,1,1,0,0,4.6,1,-0.1,4.5
17,10,16,17_16,panelist,med,1,0,0,0,4.6,0,0,4.6
17,10,17,17_17,panelist,high,1,1,0,0,4.6,1,-0.2,4.4
17,10,18,17_18,reviewer,med,0,0,0,0,4.6,0,0,4.6
17,10,19,17_19,panelist,med,1,0,0,0,4.6,0,0,4.6
17,10,20,17_20,panelist,none,1,0,0,1,4.6,1,-0.1,4.5
17,10,21,17_21,panelist,high,1,1,0,0,4.6,0,0,4.6
17,10,22,17_22,reviewer,none,0,0,0,1,4.6,1,-0.3,4.3
17,10,23,17_23,panelist,none,1,0,0,1,4.6,0,0,4.6
17,10,24,17_24,panelist,med,1,0,0,0,4.6,1,0.2,4.8
17,11,01,17_01,panelist,high,1,1,0,0,4.2,0,0,4.2
17,11,02,17_02,panelist,high,1,1,0,0,4.2,1,-0.1,4.1
17,11,03,17_03,panelist,low,1,0,1,0,4.2,0,0,4.2
17,11,04,17_04,panelist,med,1,0,0,0,4.2,0,0,4.2
17,11,05,17_05,panelist,med,1,0,0,0,4.2,0,0,4.2
17,11,06,17_06,panelist,high,1,1,0,0,4.2,0,0,4.2
17,11,07,17_07,panelist,high,1,1,0,0,4.2,0,0,4.2
17,11,08,17_08,panelist,high,1,1,0,0,4.2,0,0,4.2
17,11,09,17_09,panelist,high,1,1,0,0,4.2,0,0,4.2
17,11,10,17_10,panelist,med,1,0,0,0,4.2,1,-0.2,4
17,11,11,17_11,panelist,low,1,0,1,0,4.2,0,0,4.2
17,11,12,17_12,panelist,med,1,0,0,0,4.2,0,0,4.2
17,11,13,17_13,panelist,med,1,0,0,0,4.2,0,0,4.2
17,11,14,17_14,panelist,none,1,0,0,1,4.2,1,-0.1,4.1
17,11,15,17_15,panelist,med,1,0,0,0,4.2,0,0,4.2
17,11,16,17_16,reviewer,none,0,0,0,1,4.2,0,0,4.2
17,11,17,17_17,panelist,none,1,0,0,1,4.2,1,0.1,4.3
17,11,18,17_18,panelist,med,1,0,0,0,4.2,0,0,4.2
17,11,19,17_19,panelist,low,1,0,1,0,4.2,0,0,4.2
17,11,20,17_20,panelist,low,1,0,1,0,4.2,1,0.1,4.3
17,11,21,17_21,reviewer,med,0,0,0,0,4.2,0,0,4.2
17,11,22,17_22,panelist,med,1,0,0,0,4.2,0,0,4.2
17,11,23,17_23,reviewer,med,0,0,0,0,4.2,0,0,4.2
17,11,24,17_24,panelist,none,1,0,0,1,4.2,0,0,4.2
17,12,01,17_01,panelist,med,1,0,0,0,4.9,0,0,4.9
17,12,02,17_02,panelist,low,1,0,1,0,4.9,0,0,4.9
17,12,03,17_03,panelist,med,1,0,0,0,4.9,0,0,4.9
17,12,04,17_04,panelist,none,1,0,0,1,4.9,0,0,4.9
17,12,05,17_05,panelist,med,1,0,0,0,4.9,1,0.3,4.9
17,12,06,17_06,panelist,high,1,1,0,0,4.9,0,0,4.9
17,12,07,17_07,panelist,low,1,0,1,0,4.9,1,-0.1,4.8
17,12,08,17_08,panelist,low,1,0,1,0,4.9,0,0,4.9
17,12,09,17_09,panelist,none,1,0,0,1,4.9,1,0.1,4.9
17,12,10,17_10,panelist,none,1,0,0,1,4.9,1,-0.1,4.8
17,12,11,17_11,panelist,med,1,0,0,0,4.9,1,0.1,4.9
17,12,12,17_12,panelist,med,1,0,0,0,4.9,1,-0.2,4.7
17,12,13,17_13,panelist,none,1,0,0,1,4.9,0,0,4.9
17,12,14,17_14,panelist,med,1,0,0,0,4.9,0,0,4.9
17,12,15,17_15,panelist,high,1,1,0,0,4.9,0,0,4.9
17,12,16,17_16,panelist,med,1,0,0,0,4.9,0,0,4.9
17,12,17,17_17,reviewer,high,0,1,0,0,4.9,0,0,4.9
17,12,18,17_18,reviewer,med,0,0,0,0,4.9,0,0,4.9
17,12,19,17_19,panelist,med,1,0,0,0,4.9,1,0.1,4.9
17,12,20,17_20,panelist,high,1,1,0,0,4.9,0,0,4.9
17,12,21,17_21,panelist,high,1,1,0,0,4.9,0,0,4.9
17,12,22,17_22,panelist,med,1,0,0,0,4.9,0,0,4.9
17,12,23,17_23,panelist,high,1,1,0,0,4.9,0,0,4.9
17,12,24,17_24,reviewer,low,0,0,1,0,4.9,0,0,4.9
17,13,01,17_01,panelist,med,1,0,0,0,4.6,1,-0.1,4.5
17,13,02,17_02,panelist,none,1,0,0,1,4.6,1,0.4,4.9
17,13,03,17_03,panelist,low,1,0,1,0,4.6,0,0,4.6
17,13,04,17_04,panelist,high,1,1,0,0,4.6,0,0,4.6
17,13,05,17_05,reviewer,med,0,0,0,0,4.6,0,0,4.6
17,13,06,17_06,panelist,med,1,0,0,0,4.6,0,0,4.6
17,13,07,17_07,panelist,med,1,0,0,0,4.6,1,0.3,4.9
17,13,08,17_08,panelist,low,1,0,1,0,4.6,0,0,4.6
17,13,09,17_09,panelist,high,1,1,0,0,4.6,0,0,4.6
17,13,10,17_10,panelist,high,1,1,0,0,4.6,1,-0.1,4.5
17,13,11,17_11,panelist,none,1,0,0,1,4.6,0,0,4.6
17,13,12,17_12,panelist,med,1,0,0,0,4.6,1,0.2,4.8
17,13,13,17_13,panelist,low,1,0,1,0,4.6,1,0.1,4.7
17,13,14,17_14,reviewer,none,0,0,0,1,4.6,0,0,4.6
17,13,15,17_15,panelist,high,1,1,0,0,4.6,0,0,4.6
17,13,16,17_16,panelist,med,1,0,0,0,4.6,0,0,4.6
17,13,17,17_17,panelist,low,1,0,1,0,4.6,1,-0.2,4.4
17,13,18,17_18,reviewer,high,0,1,0,0,4.6,0,0,4.6
17,13,19,17_19,panelist,med,1,0,0,0,4.6,0,0,4.6
17,13,20,17_20,panelist,high,1,1,0,0,4.6,0,0,4.6
17,13,21,17_21,panelist,med,1,0,0,0,4.6,0,0,4.6
17,13,22,17_22,panelist,none,1,0,0,1,4.6,1,-0.1,4.5
17,13,23,17_23,panelist,med,1,0,0,0,4.6,0,0,4.6
17,13,24,17_24,panelist,med,1,0,0,0,4.6,0,0,4.6
17,14,01,17_01,panelist,high,1,1,0,0,3.6,1,0.2,3.8
17,14,02,17_02,panelist,high,1,1,0,0,3.6,0,0,3.6
17,14,03,17_03,panelist,med,1,0,0,0,3.6,0,0,3.6
17,14,04,17_04,reviewer,med,0,0,0,0,3.6,1,-0.1,3.5
17,14,05,17_05,panelist,none,1,0,0,1,3.6,0,0,3.6
17,14,06,17_06,panelist,high,1,1,0,0,3.6,0,0,3.6
17,14,07,17_07,panelist,med,1,0,0,0,3.6,0,0,3.6
17,14,08,17_08,panelist,none,1,0,0,1,3.6,0,0,3.6
17,14,09,17_09,panelist,low,1,0,1,0,3.6,0,0,3.6
17,14,10,17_10,panelist,low,1,0,1,0,3.6,1,0.3,3.9
17,14,11,17_11,panelist,med,1,0,0,0,3.6,0,0,3.6
17,14,12,17_12,panelist,med,1,0,0,0,3.6,0,0,3.6
17,14,13,17_13,panelist,low,1,0,1,0,3.6,0,0,3.6
17,14,14,17_14,panelist,med,1,0,0,0,3.6,0,0,3.6
17,14,15,17_15,reviewer,none,0,0,0,1,3.6,1,-0.1,3.5
17,14,16,17_16,panelist,high,1,1,0,0,3.6,0,0,3.6
17,14,17,17_17,panelist,high,1,1,0,0,3.6,1,0.2,3.8
17,14,18,17_18,panelist,none,1,0,0,1,3.6,0,0,3.6
17,14,19,17_19,panelist,med,1,0,0,0,3.6,1,0.2,3.8
17,14,20,17_20,panelist,med,1,0,0,0,3.6,0,0,3.6
17,14,21,17_21,panelist,med,1,0,0,0,3.6,0,0,3.6
17,14,22,17_22,panelist,med,1,0,0,0,3.6,1,-0.2,3.5
17,14,23,17_23,panelist,high,1,1,0,0,3.6,0,0,3.6
17,14,24,17_24,reviewer,low,0,0,1,0,3.6,0,0,3.6
17,15,01,17_01,panelist,high,1,1,0,0,4.4,0,0,4.4
17,15,02,17_02,panelist,high,1,1,0,0,4.4,0,0,4.4
17,15,03,17_03,panelist,med,1,0,0,0,4.4,0,0,4.4
17,15,04,17_04,panelist,low,1,0,1,0,4.4,1,0.1,4.5
17,15,05,17_05,panelist,low,1,0,1,0,4.4,1,-0.1,4.3
17,15,06,17_06,panelist,high,1,1,0,0,4.4,0,0,4.4
17,15,07,17_07,panelist,none,1,0,0,1,4.4,0,0,4.4
17,15,08,17_08,panelist,high,1,1,0,0,4.4,0,0,4.4
17,15,09,17_09,panelist,none,1,0,0,1,4.4,1,-0.1,4.3
17,15,10,17_10,panelist,med,1,0,0,0,4.4,0,0,4.4
17,15,11,17_11,panelist,med,1,0,0,0,4.4,0,0,4.4
17,15,12,17_12,reviewer,none,0,0,0,1,4.4,1,-0.2,4.2
17,15,13,17_13,reviewer,low,0,0,1,0,4.4,0,0,4.4
17,15,14,17_14,panelist,med,1,0,0,0,4.4,0,0,4.4
17,15,15,17_15,panelist,med,1,0,0,0,4.4,1,0.1,4.5
17,15,16,17_16,panelist,med,1,0,0,0,4.4,0,0,4.4
17,15,17,17_17,panelist,high,1,1,0,0,4.4,1,-0.2,4.2
17,15,18,17_18,panelist,low,1,0,1,0,4.4,0,0,4.4
17,15,19,17_19,panelist,med,1,0,0,0,4.4,0,0,4.4
17,15,20,17_20,panelist,med,1,0,0,0,4.4,0,0,4.4
17,15,21,17_21,reviewer,high,0,1,0,0,4.4,0,0,4.4
17,15,22,17_22,panelist,med,1,0,0,0,4.4,1,-0.1,4.3
17,15,23,17_23,panelist,none,1,0,0,1,4.4,0,0,4.4
17,15,24,17_24,panelist,med,1,0,0,0,4.4,0,0,4.4
18,1,01,18_01,panelist,med,1,0,0,0,3.7,0,0,3.7
18,1,02,18_02,reviewer,high,0,1,0,0,3.7,1,-0.3,3.5
18,1,03,18_03,panelist,med,1,0,0,0,3.7,1,-0.1,3.6
18,1,04,18_04,panelist,med,1,0,0,0,3.7,0,0,3.7
18,1,05,18_05,panelist,high,1,1,0,0,3.7,0,0,3.7
18,1,06,18_06,panelist,low,1,0,1,0,3.7,1,0.3,4
18,1,07,18_07,panelist,med,1,0,0,0,3.7,1,-0.1,3.6
18,1,08,18_08,panelist,low,1,0,1,0,3.7,1,-0.2,3.5
18,1,09,18_09,panelist,med,1,0,0,0,3.7,0,0,3.7
18,1,10,18_10,panelist,med,1,0,0,0,3.7,0,0,3.7
18,1,11,18_11,panelist,none,1,0,0,1,3.7,0,0,3.7
18,1,12,18_12,panelist,none,1,0,0,1,3.7,0,0,3.7
18,1,13,18_13,panelist,high,1,1,0,0,3.7,0,0,3.7
18,1,14,18_14,panelist,med,1,0,0,0,3.7,0,0,3.7
18,1,15,18_15,reviewer,none,0,0,0,1,3.7,0,0,3.7
18,1,16,18_16,reviewer,none,0,0,0,1,3.7,1,0.1,3.8
18,1,17,18_17,panelist,high,1,1,0,0,3.7,1,-0.1,3.6
18,1,18,18_18,panelist,low,1,0,1,0,3.7,0,0,3.7
18,1,19,18_19,panelist,low,1,0,1,0,3.7,0,0,3.7
18,1,20,18_20,panelist,med,1,0,0,0,3.7,0,0,3.7
18,1,21,18_21,panelist,high,1,1,0,0,3.7,0,0,3.7
18,1,22,18_22,panelist,high,1,1,0,0,3.7,0,0,3.7
18,1,23,18_23,panelist,med,1,0,0,0,3.7,0,0,3.7
18,1,24,18_24,panelist,med,1,0,0,0,3.7,0,0,3.7
18,2,01,18_01,panelist,med,1,0,0,0,4.3,0,0,4.3
18,2,02,18_02,reviewer,none,0,0,0,1,4.3,1,-0.1,4.2
18,2,03,18_03,panelist,med,1,0,0,0,4.3,1,-0.1,4.2
18,2,04,18_04,panelist,none,1,0,0,1,4.3,0,0,4.3
18,2,05,18_05,panelist,high,1,1,0,0,4.3,1,-0.2,4.1
18,2,06,18_06,panelist,med,1,0,0,0,4.3,1,-0.1,4.2
18,2,07,18_07,panelist,none,1,0,0,1,4.3,1,-0.1,4.2
18,2,08,18_08,panelist,med,1,0,0,0,4.3,1,0.2,4.5
18,2,09,18_09,panelist,med,1,0,0,0,4.3,0,0,4.3
18,2,10,18_10,panelist,high,1,1,0,0,4.3,0,0,4.3
18,2,11,18_11,panelist,low,1,0,1,0,4.3,0,0,4.3
18,2,12,18_12,panelist,high,1,1,0,0,4.3,0,0,4.3
18,2,13,18_13,panelist,med,1,0,0,0,4.3,1,0.1,4.4
18,2,14,18_14,panelist,low,1,0,1,0,4.3,0,0,4.3
18,2,15,18_15,panelist,none,1,0,0,1,4.3,1,0.3,4.6
18,2,16,18_16,panelist,med,1,0,0,0,4.3,0,0,4.3
18,2,17,18_17,panelist,med,1,0,0,0,4.3,0,0,4.3
18,2,18,18_18,reviewer,med,0,0,0,0,4.3,1,0.1,4.4
18,2,19,18_19,panelist,low,1,0,1,0,4.3,0,0,4.3
18,2,20,18_20,panelist,high,1,1,0,0,4.3,0,0,4.3
18,2,21,18_21,panelist,low,1,0,1,0,4.3,0,0,4.3
18,2,22,18_22,panelist,high,1,1,0,0,4.3,0,0,4.3
18,2,23,18_23,panelist,high,1,1,0,0,4.3,0,0,4.3
18,2,24,18_24,reviewer,med,0,0,0,0,4.3,0,0,4.3
18,3,01,18_01,panelist,low,1,0,1,0,4.2,0,0,4.2
18,3,02,18_02,panelist,high,1,1,0,0,4.2,1,-0.1,4.1
18,3,03,18_03,panelist,none,1,0,0,1,4.2,1,-0.2,4
18,3,04,18_04,panelist,high,1,1,0,0,4.2,0,0,4.2
18,3,05,18_05,reviewer,med,0,0,0,0,4.2,1,-0.1,4.1
18,3,06,18_06,panelist,high,1,1,0,0,4.2,0,0,4.2
18,3,07,18_07,panelist,med,1,0,0,0,4.2,1,-0.1,4.1
18,3,08,18_08,panelist,none,1,0,0,1,4.2,1,0.2,4.4
18,3,09,18_09,panelist,med,1,0,0,0,4.2,0,0,4.2
18,3,10,18_10,panelist,none,1,0,0,1,4.2,1,-0.3,3.9
18,3,11,18_11,panelist,low,1,0,1,0,4.2,0,0,4.2
18,3,12,18_12,panelist,none,1,0,0,1,4.2,1,-0.2,4
18,3,13,18_13,panelist,med,1,0,0,0,4.2,0,0,4.2
18,3,14,18_14,reviewer,low,0,0,1,0,4.2,1,-0.1,4.1
18,3,15,18_15,panelist,med,1,0,0,0,4.2,0,0,4.2
18,3,16,18_16,panelist,med,1,0,0,0,4.2,0,0,4.2
18,3,17,18_17,panelist,low,1,0,1,0,4.2,0,0,4.2
18,3,18,18_18,panelist,med,1,0,0,0,4.2,0,0,4.2
18,3,19,18_19,panelist,med,1,0,0,0,4.2,0,0,4.2
18,3,20,18_20,panelist,med,1,0,0,0,4.2,0,0,4.2
18,3,21,18_21,panelist,high,1,1,0,0,4.2,1,0.2,4.4
18,3,22,18_22,panelist,high,1,1,0,0,4.2,1,-0.1,4.1
18,3,23,18_23,panelist,high,1,1,0,0,4.2,0,0,4.2
18,3,24,18_24,reviewer,med,0,0,0,0,4.2,0,0,4.2
18,4,01,18_01,panelist,high,1,1,0,0,3.9,0,0,3.9
18,4,02,18_02,reviewer,med,0,0,0,0,3.9,1,-0.1,3.8
18,4,03,18_03,panelist,low,1,0,1,0,3.9,0,0,3.9
18,4,04,18_04,panelist,low,1,0,1,0,3.9,1,-0.1,3.8
18,4,05,18_05,panelist,none,1,0,0,1,3.9,1,0.2,4.1
18,4,06,18_06,panelist,med,1,0,0,0,3.9,1,-0.2,3.7
18,4,07,18_07,panelist,med,1,0,0,0,3.9,1,0.2,4.1
18,4,08,18_08,panelist,low,1,0,1,0,3.9,1,0.2,4.1
18,4,09,18_09,reviewer,med,0,0,0,0,3.9,0,0,3.9
18,4,10,18_10,panelist,high,1,1,0,0,3.9,0,0,3.9
18,4,11,18_11,panelist,med,1,0,0,0,3.9,1,-0.2,3.7
18,4,12,18_12,panelist,none,1,0,0,1,3.9,1,0.1,4
18,4,13,18_13,panelist,high,1,1,0,0,3.9,1,-0.1,3.8
18,4,14,18_14,panelist,med,1,0,0,0,3.9,1,0.2,4.1
18,4,15,18_15,panelist,none,1,0,0,1,3.9,1,-0.1,3.8
18,4,16,18_16,reviewer,none,0,0,0,1,3.9,1,-0.3,3.6
18,4,17,18_17,panelist,high,1,1,0,0,3.9,1,0.1,4
18,4,18,18_18,panelist,med,1,0,0,0,3.9,1,0.2,4.1
18,4,19,18_19,panelist,med,1,0,0,0,3.9,0,0,3.9
18,4,20,18_20,panelist,med,1,0,0,0,3.9,1,0.2,4.1
18,4,21,18_21,panelist,low,1,0,1,0,3.9,0,0,3.9
18,4,22,18_22,panelist,high,1,1,0,0,3.9,1,0.1,4
18,4,23,18_23,panelist,med,1,0,0,0,3.9,0,0,3.9
18,4,24,18_24,panelist,high,1,1,0,0,3.9,1,0.4,4.3
18,5,01,18_01,panelist,high,1,1,0,0,3.8,1,0.1,3.9
18,5,02,18_02,panelist,high,1,1,0,0,3.8,0,0,3.8
18,5,03,18_03,reviewer,med,0,0,0,0,3.8,1,0.2,4
18,5,04,18_04,panelist,med,1,0,0,0,3.8,0,0,3.8
18,5,05,18_05,panelist,high,1,1,0,0,3.8,0,0,3.8
18,5,06,18_06,panelist,high,1,1,0,0,3.8,0,0,3.8
18,5,07,18_07,panelist,high,1,1,0,0,3.8,1,0.1,3.9
18,5,08,18_08,panelist,med,1,0,0,0,3.8,0,0,3.8
18,5,09,18_09,panelist,low,1,0,1,0,3.8,0,0,3.8
18,5,10,18_10,panelist,none,1,0,0,1,3.8,0,0,3.8
18,5,11,18_11,panelist,low,1,0,1,0,3.8,1,0.1,3.9
18,5,12,18_12,panelist,med,1,0,0,0,3.8,1,-0.2,3.6
18,5,13,18_13,reviewer,none,0,0,0,1,3.8,0,0,3.8
18,5,14,18_14,panelist,none,1,0,0,1,3.8,0,0,3.8
18,5,15,18_15,panelist,none,1,0,0,1,3.8,0,0,3.8
18,5,16,18_16,panelist,med,1,0,0,0,3.8,1,0.1,3.9
18,5,17,18_17,panelist,low,1,0,1,0,3.8,0,0,3.8
18,5,18,18_18,reviewer,med,0,0,0,0,3.8,0,0,3.8
18,5,19,18_19,panelist,med,1,0,0,0,3.8,0,0,3.8
18,5,20,18_20,panelist,med,1,0,0,0,3.8,0,0,3.8
18,5,21,18_21,panelist,low,1,0,1,0,3.8,0,0,3.8
18,5,22,18_22,panelist,med,1,0,0,0,3.8,0,0,3.8
18,5,23,18_23,panelist,high,1,1,0,0,3.8,1,-0.2,3.6
18,5,24,18_24,panelist,med,1,0,0,0,3.8,0,0,3.8
18,6,01,18_01,panelist,high,1,1,0,0,3.6,1,-0.1,3.5
18,6,02,18_02,panelist,high,1,1,0,0,3.6,0,0,3.6
18,6,03,18_03,panelist,low,1,0,1,0,3.6,0,0,3.6
18,6,04,18_04,panelist,med,1,0,0,0,3.6,1,-0.1,3.5
18,6,05,18_05,panelist,med,1,0,0,0,3.6,0,0,3.6
18,6,06,18_06,panelist,med,1,0,0,0,3.6,1,0.1,3.7
18,6,07,18_07,panelist,med,1,0,0,0,3.6,0,0,3.6
18,6,08,18_08,panelist,none,1,0,0,1,3.6,0,0,3.6
18,6,09,18_09,panelist,low,1,0,1,0,3.6,1,0.1,3.7
18,6,10,18_10,panelist,med,1,0,0,0,3.6,0,0,3.6
18,6,11,18_11,panelist,high,1,1,0,0,3.6,0,0,3.6
18,6,12,18_12,panelist,med,1,0,0,0,3.6,0,0,3.6
18,6,13,18_13,panelist,med,1,0,0,0,3.6,0,0,3.6
18,6,14,18_14,panelist,med,1,0,0,0,3.6,0,0,3.6
18,6,15,18_15,reviewer,low,0,0,1,0,3.6,0,0,3.6
18,6,16,18_16,panelist,med,1,0,0,0,3.6,0,0,3.6
18,6,17,18_17,panelist,none,1,0,0,1,3.6,1,-0.2,3.5
18,6,18,18_18,panelist,none,1,0,0,1,3.6,0,0,3.6
18,6,19,18_19,reviewer,low,0,0,1,0,3.6,1,0.1,3.7
18,6,20,18_20,panelist,med,1,0,0,0,3.6,0,0,3.6
18,6,21,18_21,panelist,none,1,0,0,1,3.6,1,0.3,3.9
18,6,22,18_22,reviewer,high,0,1,0,0,3.6,0,0,3.6
18,6,23,18_23,panelist,high,1,1,0,0,3.6,0,0,3.6
18,6,24,18_24,panelist,high,1,1,0,0,3.6,1,0.1,3.7
18,7,01,18_01,panelist,low,1,0,1,0,4,0,0,4
18,7,02,18_02,panelist,low,1,0,1,0,4,0,0,4
18,7,03,18_03,panelist,med,1,0,0,0,4,1,-0.1,3.9
18,7,04,18_04,panelist,med,1,0,0,0,4,0,0,4
18,7,05,18_05,panelist,none,1,0,0,1,4,0,0,4
18,7,06,18_06,panelist,low,1,0,1,0,4,1,-0.1,3.9
18,7,07,18_07,panelist,med,1,0,0,0,4,0,0,4
18,7,08,18_08,panelist,none,1,0,0,1,4,0,0,4
18,7,09,18_09,panelist,med,1,0,0,0,4,0,0,4
18,7,10,18_10,panelist,med,1,0,0,0,4,0,0,4
18,7,11,18_11,panelist,high,1,1,0,0,4,0,0,4
18,7,12,18_12,reviewer,med,0,0,0,0,4,1,0.1,4.1
18,7,13,18_13,panelist,med,1,0,0,0,4,0,0,4
18,7,14,18_14,reviewer,high,0,1,0,0,4,0,0,4
18,7,15,18_15,panelist,med,1,0,0,0,4,1,-0.3,3.7
18,7,16,18_16,panelist,low,1,0,1,0,4,1,-0.2,3.8
18,7,17,18_17,panelist,med,1,0,0,0,4,0,0,4
18,7,18,18_18,panelist,high,1,1,0,0,4,0,0,4
18,7,19,18_19,reviewer,med,0,0,0,0,4,1,0.1,4.1
18,7,20,18_20,panelist,high,1,1,0,0,4,0,0,4
18,7,21,18_21,panelist,high,1,1,0,0,4,0,0,4
18,7,22,18_22,panelist,none,1,0,0,1,4,1,0.2,4.2
18,7,23,18_23,panelist,high,1,1,0,0,4,0,0,4
18,7,24,18_24,panelist,none,1,0,0,1,4,1,0.2,4.2
18,8,01,18_01,panelist,none,1,0,0,1,3.6,1,-0.1,3.5
18,8,02,18_02,panelist,none,1,0,0,1,3.6,1,-0.2,3.5
18,8,03,18_03,panelist,med,1,0,0,0,3.6,0,0,3.6
18,8,04,18_04,panelist,low,1,0,1,0,3.6,0,0,3.6
18,8,05,18_05,panelist,high,1,1,0,0,3.6,1,-0.2,3.5
18,8,06,18_06,panelist,med,1,0,0,0,3.6,0,0,3.6
18,8,07,18_07,panelist,high,1,1,0,0,3.6,0,0,3.6
18,8,08,18_08,reviewer,none,0,0,0,1,3.6,0,0,3.6
18,8,09,18_09,panelist,low,1,0,1,0,3.6,0,0,3.6
18,8,10,18_10,panelist,none,1,0,0,1,3.6,0,0,3.6
18,8,11,18_11,panelist,high,1,1,0,0,3.6,1,0.1,3.7
18,8,12,18_12,panelist,med,1,0,0,0,3.6,1,0.1,3.7
18,8,13,18_13,panelist,med,1,0,0,0,3.6,1,-0.2,3.5
18,8,14,18_14,panelist,high,1,1,0,0,3.6,0,0,3.6
18,8,15,18_15,panelist,low,1,0,1,0,3.6,1,-0.1,3.5
18,8,16,18_16,panelist,med,1,0,0,0,3.6,0,0,3.6
18,8,17,18_17,panelist,med,1,0,0,0,3.6,0,0,3.6
18,8,18,18_18,panelist,med,1,0,0,0,3.6,0,0,3.6
18,8,19,18_19,panelist,med,1,0,0,0,3.6,0,0,3.6
18,8,20,18_20,reviewer,med,0,0,0,0,3.6,0,0,3.6
18,8,21,18_21,panelist,low,1,0,1,0,3.6,1,-0.2,3.5
18,8,22,18_22,panelist,high,1,1,0,0,3.6,0,0,3.6
18,8,23,18_23,reviewer,high,0,1,0,0,3.6,0,0,3.6
18,8,24,18_24,panelist,med,1,0,0,0,3.6,0,0,3.6
18,9,01,18_01,panelist,high,1,1,0,0,4.3,0,0,4.3
18,9,02,18_02,panelist,none,1,0,0,1,4.3,0,0,4.3
18,9,03,18_03,reviewer,low,0,0,1,0,4.3,1,0.2,4.5
18,9,04,18_04,panelist,med,1,0,0,0,4.3,0,0,4.3
18,9,05,18_05,panelist,high,1,1,0,0,4.3,0,0,4.3
18,9,06,18_06,panelist,med,1,0,0,0,4.3,1,-0.1,4.2
18,9,07,18_07,panelist,none,1,0,0,1,4.3,1,-0.2,4.1
18,9,08,18_08,panelist,med,1,0,0,0,4.3,0,0,4.3
18,9,09,18_09,panelist,med,1,0,0,0,4.3,0,0,4.3
18,9,10,18_10,panelist,high,1,1,0,0,4.3,1,-0.2,4.1
18,9,11,18_11,panelist,med,1,0,0,0,4.3,0,0,4.3
18,9,12,18_12,panelist,none,1,0,0,1,4.3,0,0,4.3
18,9,13,18_13,panelist,med,1,0,0,0,4.3,1,-0.2,4.1
18,9,14,18_14,panelist,high,1,1,0,0,4.3,0,0,4.3
18,9,15,18_15,reviewer,low,0,0,1,0,4.3,0,0,4.3
18,9,16,18_16,panelist,med,1,0,0,0,4.3,1,-0.3,4
18,9,17,18_17,panelist,low,1,0,1,0,4.3,0,0,4.3
18,9,18,18_18,panelist,none,1,0,0,1,4.3,1,0.1,4.4
18,9,19,18_19,panelist,low,1,0,1,0,4.3,0,0,4.3
18,9,20,18_20,reviewer,med,0,0,0,0,4.3,1,0.1,4.4
18,9,21,18_21,panelist,high,1,1,0,0,4.3,0,0,4.3
18,9,22,18_22,panelist,med,1,0,0,0,4.3,0,0,4.3
18,9,23,18_23,panelist,high,1,1,0,0,4.3,1,-0.1,4.2
18,9,24,18_24,panelist,med,1,0,0,0,4.3,0,0,4.3
18,10,01,18_01,panelist,med,1,0,0,0,4.6,0,0,4.6
18,10,02,18_02,panelist,med,1,0,0,0,4.6,0,0,4.6
18,10,03,18_03,panelist,low,1,0,1,0,4.6,0,0,4.6
18,10,04,18_04,reviewer,high,0,1,0,0,4.6,0,0,4.6
18,10,05,18_05,panelist,med,1,0,0,0,4.6,0,0,4.6
18,10,06,18_06,reviewer,high,0,1,0,0,4.6,0,0,4.6
18,10,07,18_07,panelist,high,1,1,0,0,4.6,1,-0.1,4.5
18,10,08,18_08,panelist,med,1,0,0,0,4.6,0,0,4.6
18,10,09,18_09,panelist,med,1,0,0,0,4.6,1,0.1,4.7
18,10,10,18_10,panelist,low,1,0,1,0,4.6,0,0,4.6
18,10,11,18_11,panelist,low,1,0,1,0,4.6,0,0,4.6
18,10,12,18_12,panelist,med,1,0,0,0,4.6,0,0,4.6
18,10,13,18_13,panelist,med,1,0,0,0,4.6,0,0,4.6
18,10,14,18_14,panelist,high,1,1,0,0,4.6,1,0.1,4.7
18,10,15,18_15,panelist,none,1,0,0,1,4.6,1,-0.1,4.5
18,10,16,18_16,reviewer,med,0,0,0,0,4.6,0,0,4.6
18,10,17,18_17,panelist,high,1,1,0,0,4.6,1,0.2,4.8
18,10,18,18_18,panelist,none,1,0,0,1,4.6,0,0,4.6
18,10,19,18_19,panelist,low,1,0,1,0,4.6,1,-0.1,4.5
18,10,20,18_20,panelist,med,1,0,0,0,4.6,0,0,4.6
18,10,21,18_21,panelist,none,1,0,0,1,4.6,1,-0.1,4.5
18,10,22,18_22,panelist,high,1,1,0,0,4.6,1,0.1,4.7
18,10,23,18_23,panelist,none,1,0,0,1,4.6,0,0,4.6
18,10,24,18_24,panelist,med,1,0,0,0,4.6,1,0.1,4.7
18,11,01,18_01,panelist,none,1,0,0,1,4.3,0,0,4.3
18,11,02,18_02,panelist,high,1,1,0,0,4.3,0,0,4.3
18,11,03,18_03,panelist,med,1,0,0,0,4.3,1,-0.2,4.1
18,11,04,18_04,panelist,low,1,0,1,0,4.3,1,-0.1,4.2
18,11,05,18_05,panelist,high,1,1,0,0,4.3,0,0,4.3
18,11,06,18_06,panelist,none,1,0,0,1,4.3,1,0.1,4.4
18,11,07,18_07,panelist,med,1,0,0,0,4.3,0,0,4.3
18,11,08,18_08,reviewer,low,0,0,1,0,4.3,0,0,4.3
18,11,09,18_09,panelist,med,1,0,0,0,4.3,1,0.1,4.4
18,11,10,18_10,panelist,med,1,0,0,0,4.3,1,-0.2,4.1
18,11,11,18_11,panelist,med,1,0,0,0,4.3,0,0,4.3
18,11,12,18_12,reviewer,none,0,0,0,1,4.3,1,0.1,4.4
18,11,13,18_13,panelist,med,1,0,0,0,4.3,1,0.1,4.4
18,11,14,18_14,panelist,high,1,1,0,0,4.3,1,-0.1,4.2
18,11,15,18_15,reviewer,med,0,0,0,0,4.3,0,0,4.3
18,11,16,18_16,panelist,med,1,0,0,0,4.3,0,0,4.3
18,11,17,18_17,panelist,none,1,0,0,1,4.3,1,-0.2,4.1
18,11,18,18_18,panelist,low,1,0,1,0,4.3,0,0,4.3
18,11,19,18_19,panelist,high,1,1,0,0,4.3,0,0,4.3
18,11,20,18_20,panelist,high,1,1,0,0,4.3,0,0,4.3
18,11,21,18_21,panelist,high,1,1,0,0,4.3,0,0,4.3
18,11,22,18_22,panelist,med,1,0,0,0,4.3,1,-0.1,4.2
18,11,23,18_23,panelist,med,1,0,0,0,4.3,1,0.1,4.4
18,11,24,18_24,panelist,low,1,0,1,0,4.3,0,0,4.3
18,12,01,18_01,panelist,med,1,0,0,0,4.9,0,0,4.9
18,12,02,18_02,panelist,med,1,0,0,0,4.9,0,0,4.9
18,12,03,18_03,panelist,low,1,0,1,0,4.9,0,0,4.9
18,12,04,18_04,panelist,med,1,0,0,0,4.9,1,-0.1,4.8
18,12,05,18_05,reviewer,low,0,0,1,0,4.9,0,0,4.9
18,12,06,18_06,panelist,none,1,0,0,1,4.9,0,0,4.9
18,12,07,18_07,panelist,high,1,1,0,0,4.9,0,0,4.9
18,12,08,18_08,panelist,none,1,0,0,1,4.9,1,0.2,4.9
18,12,09,18_09,panelist,high,1,1,0,0,4.9,0,0,4.9
18,12,10,18_10,panelist,none,1,0,0,1,4.9,0,0,4.9
18,12,11,18_11,panelist,med,1,0,0,0,4.9,1,-0.2,4.7
18,12,12,18_12,panelist,low,1,0,1,0,4.9,1,-0.1,4.8
18,12,13,18_13,reviewer,med,0,0,0,0,4.9,0,0,4.9
18,12,14,18_14,panelist,low,1,0,1,0,4.9,0,0,4.9
18,12,15,18_15,reviewer,none,0,0,0,1,4.9,0,0,4.9
18,12,16,18_16,panelist,med,1,0,0,0,4.9,0,0,4.9
18,12,17,18_17,panelist,med,1,0,0,0,4.9,0,0,4.9
18,12,18,18_18,panelist,high,1,1,0,0,4.9,0,0,4.9
18,12,19,18_19,panelist,high,1,1,0,0,4.9,0,0,4.9
18,12,20,18_20,panelist,high,1,1,0,0,4.9,0,0,4.9
18,12,21,18_21,panelist,med,1,0,0,0,4.9,0,0,4.9
18,12,22,18_22,panelist,high,1,1,0,0,4.9,1,0.1,4.9
18,12,23,18_23,panelist,med,1,0,0,0,4.9,0,0,4.9
18,12,24,18_24,panelist,med,1,0,0,0,4.9,1,-0.2,4.7
18,13,01,18_01,panelist,high,1,1,0,0,4.7,0,0,4.7
18,13,02,18_02,reviewer,low,0,0,1,0,4.7,1,0.2,4.9
18,13,03,18_03,panelist,high,1,1,0,0,4.7,0,0,4.7
18,13,04,18_04,panelist,low,1,0,1,0,4.7,0,0,4.7
18,13,05,18_05,panelist,high,1,1,0,0,4.7,0,0,4.7
18,13,06,18_06,panelist,med,1,0,0,0,4.7,0,0,4.7
18,13,07,18_07,panelist,high,1,1,0,0,4.7,0,0,4.7
18,13,08,18_08,panelist,low,1,0,1,0,4.7,0,0,4.7
18,13,09,18_09,panelist,med,1,0,0,0,4.7,1,-0.1,4.6
18,13,10,18_10,panelist,none,1,0,0,1,4.7,1,0.1,4.8
18,13,11,18_11,panelist,none,1,0,0,1,4.7,0,0,4.7
18,13,12,18_12,panelist,med,1,0,0,0,4.7,0,0,4.7
18,13,13,18_13,panelist,med,1,0,0,0,4.7,0,0,4.7
18,13,14,18_14,panelist,none,1,0,0,1,4.7,0,0,4.7
18,13,15,18_15,panelist,none,1,0,0,1,4.7,0,0,4.7
18,13,16,18_16,reviewer,med,0,0,0,0,4.7,1,-0.2,4.5
18,13,17,18_17,reviewer,med,0,0,0,0,4.7,0,0,4.7
18,13,18,18_18,panelist,high,1,1,0,0,4.7,0,0,4.7
18,13,19,18_19,panelist,high,1,1,0,0,4.7,1,0.1,4.8
18,13,20,18_20,panelist,med,1,0,0,0,4.7,1,-0.1,4.6
18,13,21,18_21,panelist,low,1,0,1,0,4.7,0,0,4.7
18,13,22,18_22,panelist,med,1,0,0,0,4.7,1,-0.1,4.6
18,13,23,18_23,panelist,med,1,0,0,0,4.7,0,0,4.7
18,13,24,18_24,panelist,med,1,0,0,0,4.7,1,0.1,4.8
18,14,01,18_01,panelist,med,1,0,0,0,3.6,0,0,3.6
18,14,02,18_02,panelist,none,1,0,0,1,3.6,1,-0.1,3.5
18,14,03,18_03,panelist,med,1,0,0,0,3.6,0,0,3.6
18,14,04,18_04,panelist,high,1,1,0,0,3.6,0,0,3.6
18,14,05,18_05,panelist,med,1,0,0,0,3.6,0,0,3.6
18,14,06,18_06,panelist,low,1,0,1,0,3.6,1,-0.2,3.5
18,14,07,18_07,panelist,med,1,0,0,0,3.6,0,0,3.6
18,14,08,18_08,panelist,high,1,1,0,0,3.6,0,0,3.6
18,14,09,18_09,panelist,low,1,0,1,0,3.6,0,0,3.6
18,14,10,18_10,panelist,low,1,0,1,0,3.6,0,0,3.6
18,14,11,18_11,panelist,med,1,0,0,0,3.6,0,0,3.6
18,14,12,18_12,panelist,high,1,1,0,0,3.6,0,0,3.6
18,14,13,18_13,panelist,med,1,0,0,0,3.6,0,0,3.6
18,14,14,18_14,panelist,med,1,0,0,0,3.6,0,0,3.6
18,14,15,18_15,panelist,med,1,0,0,0,3.6,0,0,3.6
18,14,16,18_16,panelist,none,1,0,0,1,3.6,1,-0.1,3.5
18,14,17,18_17,panelist,none,1,0,0,1,3.6,0,0,3.6
18,14,18,18_18,reviewer,low,0,0,1,0,3.6,0,0,3.6
18,14,19,18_19,reviewer,high,0,1,0,0,3.6,0,0,3.6
18,14,20,18_20,panelist,none,1,0,0,1,3.6,0,0,3.6
18,14,21,18_21,panelist,high,1,1,0,0,3.6,0,0,3.6
18,14,22,18_22,panelist,med,1,0,0,0,3.6,0,0,3.6
18,14,23,18_23,panelist,med,1,0,0,0,3.6,0,0,3.6
18,14,24,18_24,reviewer,high,0,1,0,0,3.6,1,-0.1,3.5
18,15,01,18_01,reviewer,med,0,0,0,0,4.4,0,0,4.4
18,15,02,18_02,panelist,med,1,0,0,0,4.4,0,0,4.4
18,15,03,18_03,panelist,med,1,0,0,0,4.4,0,0,4.4
18,15,04,18_04,panelist,med,1,0,0,0,4.4,0,0,4.4
18,15,05,18_05,reviewer,low,0,0,1,0,4.4,1,-0.1,4.3
18,15,06,18_06,panelist,med,1,0,0,0,4.4,0,0,4.4
18,15,07,18_07,panelist,none,1,0,0,1,4.4,1,-0.3,4.1
18,15,08,18_08,panelist,high,1,1,0,0,4.4,0,0,4.4
18,15,09,18_09,panelist,high,1,1,0,0,4.4,0,0,4.4
18,15,10,18_10,panelist,med,1,0,0,0,4.4,0,0,4.4
18,15,11,18_11,panelist,none,1,0,0,1,4.4,0,0,4.4
18,15,12,18_12,panelist,med,1,0,0,0,4.4,0,0,4.4
18,15,13,18_13,panelist,high,1,1,0,0,4.4,1,-0.1,4.3
18,15,14,18_14,panelist,low,1,0,1,0,4.4,0,0,4.4
18,15,15,18_15,panelist,med,1,0,0,0,4.4,1,-0.2,4.2
18,15,16,18_16,panelist,low,1,0,1,0,4.4,0,0,4.4
18,15,17,18_17,panelist,low,1,0,1,0,4.4,0,0,4.4
18,15,18,18_18,panelist,high,1,1,0,0,4.4,1,-0.1,4.3
18,15,19,18_19,panelist,med,1,0,0,0,4.4,1,-0.3,4.1
18,15,20,18_20,panelist,none,1,0,0,1,4.4,0,0,4.4
18,15,21,18_21,reviewer,high,0,1,0,0,4.4,0,0,4.4
18,15,22,18_22,panelist,none,1,0,0,1,4.4,0,0,4.4
18,15,23,18_23,panelist,high,1,1,0,0,4.4,0,0,4.4
18,15,24,18_24,panelist,med,1,0,0,0,4.4,0,0,4.4
19,1,01,19_01,panelist,med,1,0,0,0,3.6,0,0,3.6
19,1,02,19_02,panelist,med,1,0,0,0,3.6,1,0.2,3.8
19,1,03,19_03,reviewer,none,0,0,0,1,3.6,1,-0.3,3.5
19,1,04,19_04,panelist,med,1,0,0,0,3.6,1,0.2,3.8
19,1,05,19_05,panelist,med,1,0,0,0,3.6,0,0,3.6
19,1,06,19_06,panelist,none,1,0,0,1,3.6,0,0,3.6
19,1,07,19_07,reviewer,none,0,0,0,1,3.6,1,0.2,3.8
19,1,08,19_08,panelist,med,1,0,0,0,3.6,0,0,3.6
19,1,09,19_09,panelist,none,1,0,0,1,3.6,0,0,3.6
19,1,10,19_10,reviewer,low,0,0,1,0,3.6,0,0,3.6
19,1,11,19_11,panelist,high,1,1,0,0,3.6,0,0,3.6
19,1,12,19_12,panelist,low,1,0,1,0,3.6,1,0.3,3.9
19,1,13,19_13,panelist,high,1,1,0,0,3.6,0,0,3.6
19,1,14,19_14,panelist,med,1,0,0,0,3.6,0,0,3.6
19,1,15,19_15,panelist,low,1,0,1,0,3.6,1,0.1,3.7
19,1,16,19_16,panelist,high,1,1,0,0,3.6,1,-0.2,3.5
19,1,17,19_17,panelist,high,1,1,0,0,3.6,0,0,3.6
19,1,18,19_18,panelist,med,1,0,0,0,3.6,0,0,3.6
19,1,19,19_19,panelist,high,1,1,0,0,3.6,0,0,3.6
19,1,20,19_20,panelist,high,1,1,0,0,3.6,1,-0.2,3.5
19,1,21,19_21,panelist,med,1,0,0,0,3.6,0,0,3.6
19,1,22,19_22,panelist,med,1,0,0,0,3.6,0,0,3.6
19,1,23,19_23,panelist,low,1,0,1,0,3.6,1,0.2,3.8
19,1,24,19_24,panelist,med,1,0,0,0,3.6,1,-0.1,3.5
19,2,01,19_01,panelist,high,1,1,0,0,4.2,1,-0.1,4.1
19,2,02,19_02,panelist,med,1,0,0,0,4.2,0,0,4.2
19,2,03,19_03,panelist,med,1,0,0,0,4.2,0,0,4.2
19,2,04,19_04,panelist,med,1,0,0,0,4.2,1,0.3,4.5
19,2,05,19_05,panelist,none,1,0,0,1,4.2,1,-0.1,4.1
19,2,06,19_06,panelist,med,1,0,0,0,4.2,0,0,4.2
19,2,07,19_07,panelist,high,1,1,0,0,4.2,0,0,4.2
19,2,08,19_08,panelist,high,1,1,0,0,4.2,1,-0.1,4.1
19,2,09,19_09,panelist,med,1,0,0,0,4.2,0,0,4.2
19,2,10,19_10,panelist,low,1,0,1,0,4.2,0,0,4.2
19,2,11,19_11,panelist,high,1,1,0,0,4.2,0,0,4.2
19,2,12,19_12,reviewer,med,0,0,0,0,4.2,1,0.2,4.4
19,2,13,19_13,panelist,low,1,0,1,0,4.2,1,-0.2,4
19,2,14,19_14,panelist,med,1,0,0,0,4.2,0,0,4.2
19,2,15,19_15,panelist,med,1,0,0,0,4.2,0,0,4.2
19,2,16,19_16,panelist,med,1,0,0,0,4.2,0,0,4.2
19,2,17,19_17,panelist,low,1,0,1,0,4.2,0,0,4.2
19,2,18,19_18,panelist,none,1,0,0,1,4.2,1,0.1,4.3
19,2,19,19_19,reviewer,none,0,0,0,1,4.2,0,0,4.2
19,2,20,19_20,reviewer,high,0,1,0,0,4.2,0,0,4.2
19,2,21,19_21,panelist,med,1,0,0,0,4.2,0,0,4.2
19,2,22,19_22,panelist,none,1,0,0,1,4.2,0,0,4.2
19,2,23,19_23,panelist,low,1,0,1,0,4.2,0,0,4.2
19,2,24,19_24,panelist,high,1,1,0,0,4.2,1,0.2,4.4
19,3,01,19_01,panelist,high,1,1,0,0,4.2,1,0.1,4.3
19,3,02,19_02,panelist,none,1,0,0,1,4.2,0,0,4.2
19,3,03,19_03,panelist,med,1,0,0,0,4.2,1,0.2,4.4
19,3,04,19_04,panelist,med,1,0,0,0,4.2,0,0,4.2
19,3,05,19_05,reviewer,med,0,0,0,0,4.2,1,-0.3,3.9
19,3,06,19_06,panelist,med,1,0,0,0,4.2,0,0,4.2
19,3,07,19_07,panelist,none,1,0,0,1,4.2,0,0,4.2
19,3,08,19_08,panelist,high,1,1,0,0,4.2,0,0,4.2
19,3,09,19_09,panelist,high,1,1,0,0,4.2,1,0.3,4.5
19,3,10,19_10,panelist,med,1,0,0,0,4.2,1,-0.3,3.9
19,3,11,19_11,panelist,high,1,1,0,0,4.2,0,0,4.2
19,3,12,19_12,reviewer,med,0,0,0,0,4.2,0,0,4.2
19,3,13,19_13,panelist,med,1,0,0,0,4.2,1,-0.1,4.1
19,3,14,19_14,panelist,low,1,0,1,0,4.2,1,-0.1,4.1
19,3,15,19_15,panelist,med,1,0,0,0,4.2,1,-0.1,4.1
19,3,16,19_16,panelist,low,1,0,1,0,4.2,1,-0.2,4
19,3,17,19_17,panelist,high,1,1,0,0,4.2,1,0.1,4.3
19,3,18,19_18,panelist,none,1,0,0,1,4.2,1,0.2,4.4
19,3,19,19_19,panelist,none,1,0,0,1,4.2,0,0,4.2
19,3,20,19_20,panelist,low,1,0,1,0,4.2,0,0,4.2
19,3,21,19_21,reviewer,high,0,1,0,0,4.2,0,0,4.2
19,3,22,19_22,panelist,med,1,0,0,0,4.2,1,-0.2,4
19,3,23,19_23,panelist,low,1,0,1,0,4.2,0,0,4.2
19,3,24,19_24,panelist,med,1,0,0,0,4.2,0,0,4.2
19,4,01,19_01,panelist,high,1,1,0,0,3.8,0,0,3.8
19,4,02,19_02,panelist,low,1,0,1,0,3.8,0,0,3.8
19,4,03,19_03,reviewer,med,0,0,0,0,3.8,1,0.1,3.9
19,4,04,19_04,panelist,low,1,0,1,0,3.8,0,0,3.8
19,4,05,19_05,panelist,none,1,0,0,1,3.8,1,0.2,4
19,4,06,19_06,panelist,high,1,1,0,0,3.8,1,-0.2,3.6
19,4,07,19_07,panelist,none,1,0,0,1,3.8,1,-0.2,3.6
19,4,08,19_08,panelist,low,1,0,1,0,3.8,0,0,3.8
19,4,09,19_09,panelist,high,1,1,0,0,3.8,0,0,3.8
19,4,10,19_10,panelist,med,1,0,0,0,3.8,0,0,3.8
19,4,11,19_11,panelist,low,1,0,1,0,3.8,1,-0.2,3.6
19,4,12,19_12,panelist,none,1,0,0,1,3.8,1,0.4,4.2
19,4,13,19_13,panelist,med,1,0,0,0,3.8,0,0,3.8
19,4,14,19_14,panelist,none,1,0,0,1,3.8,1,-0.2,3.6
19,4,15,19_15,panelist,med,1,0,0,0,3.8,0,0,3.8
19,4,16,19_16,panelist,med,1,0,0,0,3.8,0,0,3.8
19,4,17,19_17,panelist,high,1,1,0,0,3.8,0,0,3.8
19,4,18,19_18,reviewer,med,0,0,0,0,3.8,1,-0.2,3.6
19,4,19,19_19,panelist,high,1,1,0,0,3.8,0,0,3.8
19,4,20,19_20,panelist,high,1,1,0,0,3.8,0,0,3.8
19,4,21,19_21,panelist,med,1,0,0,0,3.8,0,0,3.8
19,4,22,19_22,panelist,med,1,0,0,0,3.8,1,-0.1,3.7
19,4,23,19_23,reviewer,med,0,0,0,0,3.8,0,0,3.8
19,4,24,19_24,panelist,med,1,0,0,0,3.8,1,0.1,3.9
19,5,01,19_01,panelist,low,1,0,1,0,3.7,0,0,3.7
19,5,02,19_02,panelist,med,1,0,0,0,3.7,0,0,3.7
19,5,03,19_03,panelist,med,1,0,0,0,3.7,1,-0.3,3.5
19,5,04,19_04,panelist,med,1,0,0,0,3.7,0,0,3.7
19,5,05,19_05,panelist,high,1,1,0,0,3.7,0,0,3.7
19,5,06,19_06,reviewer,med,0,0,0,0,3.7,0,0,3.7
19,5,07,19_07,panelist,high,1,1,0,0,3.7,0,0,3.7
19,5,08,19_08,panelist,high,1,1,0,0,3.7,1,-0.1,3.6
19,5,09,19_09,panelist,low,1,0,1,0,3.7,0,0,3.7
19,5,10,19_10,panelist,none,1,0,0,1,3.7,1,0.3,4
19,5,11,19_11,panelist,low,1,0,1,0,3.7,0,0,3.7
19,5,12,19_12,reviewer,med,0,0,0,0,3.7,0,0,3.7
19,5,13,19_13,panelist,med,1,0,0,0,3.7,0,0,3.7
19,5,14,19_14,panelist,med,1,0,0,0,3.7,0,0,3.7
19,5,15,19_15,panelist,none,1,0,0,1,3.7,0,0,3.7
19,5,16,19_16,panelist,none,1,0,0,1,3.7,0,0,3.7
19,5,17,19_17,panelist,none,1,0,0,1,3.7,0,0,3.7
19,5,18,19_18,panelist,high,1,1,0,0,3.7,1,0.2,3.9
19,5,19,19_19,panelist,med,1,0,0,0,3.7,1,-0.2,3.5
19,5,20,19_20,panelist,low,1,0,1,0,3.7,0,0,3.7
19,5,21,19_21,panelist,med,1,0,0,0,3.7,0,0,3.7
19,5,22,19_22,panelist,high,1,1,0,0,3.7,0,0,3.7
19,5,23,19_23,panelist,med,1,0,0,0,3.7,1,-0.2,3.5
19,5,24,19_24,reviewer,high,0,1,0,0,3.7,0,0,3.7
19,6,01,19_01,panelist,med,1,0,0,0,3.5,0,0,3.5
19,6,02,19_02,panelist,high,1,1,0,0,3.5,0,0,3.5
19,6,03,19_03,panelist,low,1,0,1,0,3.5,0,0,3.5
19,6,04,19_04,panelist,med,1,0,0,0,3.5,0,0,3.5
19,6,05,19_05,panelist,med,1,0,0,0,3.5,0,0,3.5
19,6,06,19_06,panelist,none,1,0,0,1,3.5,1,0.2,3.7
19,6,07,19_07,panelist,med,1,0,0,0,3.5,0,0,3.5
19,6,08,19_08,panelist,none,1,0,0,1,3.5,1,0.1,3.6
19,6,09,19_09,panelist,low,1,0,1,0,3.5,1,-0.1,3.5
19,6,10,19_10,panelist,high,1,1,0,0,3.5,0,0,3.5
19,6,11,19_11,reviewer,med,0,0,0,0,3.5,0,0,3.5
19,6,12,19_12,panelist,high,1,1,0,0,3.5,0,0,3.5
19,6,13,19_13,panelist,med,1,0,0,0,3.5,0,0,3.5
19,6,14,19_14,panelist,high,1,1,0,0,3.5,0,0,3.5
19,6,15,19_15,panelist,high,1,1,0,0,3.5,1,0.2,3.7
19,6,16,19_16,panelist,none,1,0,0,1,3.5,1,-0.1,3.5
19,6,17,19_17,panelist,med,1,0,0,0,3.5,0,0,3.5
19,6,18,19_18,reviewer,low,0,0,1,0,3.5,0,0,3.5
19,6,19,19_19,panelist,med,1,0,0,0,3.5,0,0,3.5
19,6,20,19_20,panelist,low,1,0,1,0,3.5,1,0.3,3.8
19,6,21,19_21,panelist,med,1,0,0,0,3.5,1,0.1,3.6
19,6,22,19_22,panelist,high,1,1,0,0,3.5,0,0,3.5
19,6,23,19_23,panelist,none,1,0,0,1,3.5,1,-0.3,3.5
19,6,24,19_24,reviewer,med,0,0,0,0,3.5,0,0,3.5
19,7,01,19_01,panelist,med,1,0,0,0,3.9,0,0,3.9
19,7,02,19_02,panelist,med,1,0,0,0,3.9,0,0,3.9
19,7,03,19_03,panelist,low,1,0,1,0,3.9,0,0,3.9
19,7,04,19_04,panelist,med,1,0,0,0,3.9,0,0,3.9
19,7,05,19_05,reviewer,high,0,1,0,0,3.9,0,0,3.9
19,7,06,19_06,panelist,med,1,0,0,0,3.9,1,-0.1,3.8
19,7,07,19_07,panelist,med,1,0,0,0,3.9,0,0,3.9
19,7,08,19_08,panelist,low,1,0,1,0,3.9,0,0,3.9
19,7,09,19_09,panelist,high,1,1,0,0,3.9,0,0,3.9
19,7,10,19_10,panelist,high,1,1,0,0,3.9,0,0,3.9
19,7,11,19_11,panelist,none,1,0,0,1,3.9,0,0,3.9
19,7,12,19_12,panelist,none,1,0,0,1,3.9,0,0,3.9
19,7,13,19_13,reviewer,med,0,0,0,0,3.9,0,0,3.9
19,7,14,19_14,panelist,med,1,0,0,0,3.9,0,0,3.9
19,7,15,19_15,panelist,none,1,0,0,1,3.9,0,0,3.9
19,7,16,19_16,reviewer,low,0,0,1,0,3.9,1,-0.1,3.8
19,7,17,19_17,panelist,high,1,1,0,0,3.9,0,0,3.9
19,7,18,19_18,panelist,med,1,0,0,0,3.9,0,0,3.9
19,7,19,19_19,panelist,med,1,0,0,0,3.9,1,0.1,4
19,7,20,19_20,panelist,none,1,0,0,1,3.9,0,0,3.9
19,7,21,19_21,panelist,med,1,0,0,0,3.9,1,-0.1,3.8
19,7,22,19_22,panelist,low,1,0,1,0,3.9,1,-0.2,3.7
19,7,23,19_23,panelist,high,1,1,0,0,3.9,0,0,3.9
19,7,24,19_24,panelist,high,1,1,0,0,3.9,1,0.1,4
19,8,01,19_01,panelist,high,1,1,0,0,3.5,0,0,3.5
19,8,02,19_02,reviewer,high,0,1,0,0,3.5,0,0,3.5
19,8,03,19_03,panelist,low,1,0,1,0,3.5,1,-0.1,3.5
19,8,04,19_04,panelist,med,1,0,0,0,3.5,1,-0.1,3.5
19,8,05,19_05,panelist,med,1,0,0,0,3.5,1,0.1,3.6
19,8,06,19_06,panelist,high,1,1,0,0,3.5,1,0.1,3.6
19,8,07,19_07,panelist,high,1,1,0,0,3.5,0,0,3.5
19,8,08,19_08,panelist,high,1,1,0,0,3.5,0,0,3.5
19,8,09,19_09,panelist,low,1,0,1,0,3.5,0,0,3.5
19,8,10,19_10,panelist,med,1,0,0,0,3.5,1,0.1,3.6
19,8,11,19_11,panelist,med,1,0,0,0,3.5,0,0,3.5
19,8,12,19_12,panelist,none,1,0,0,1,3.5,1,0.1,3.6
19,8,13,19_13,panelist,med,1,0,0,0,3.5,1,-0.1,3.5
19,8,14,19_14,panelist,none,1,0,0,1,3.5,0,0,3.5
19,8,15,19_15,panelist,med,1,0,0,0,3.5,0,0,3.5
19,8,16,19_16,panelist,none,1,0,0,1,3.5,1,-0.1,3.5
19,8,17,19_17,panelist,low,1,0,1,0,3.5,0,0,3.5
19,8,18,19_18,reviewer,med,0,0,0,0,3.5,0,0,3.5
19,8,19,19_19,reviewer,none,0,0,0,1,3.5,0,0,3.5
19,8,20,19_20,panelist,high,1,1,0,0,3.5,0,0,3.5
19,8,21,19_21,panelist,low,1,0,1,0,3.5,1,-0.2,3.5
19,8,22,19_22,panelist,med,1,0,0,0,3.5,1,-0.2,3.5
19,8,23,19_23,panelist,med,1,0,0,0,3.5,0,0,3.5
19,8,24,19_24,panelist,med,1,0,0,0,3.5,0,0,3.5
19,9,01,19_01,panelist,med,1,0,0,0,4.2,0,0,4.2
19,9,02,19_02,panelist,low,1,0,1,0,4.2,1,-0.1,4.1
19,9,03,19_03,reviewer,high,0,1,0,0,4.2,1,-0.1,4.1
19,9,04,19_04,panelist,med,1,0,0,0,4.2,0,0,4.2
19,9,05,19_05,reviewer,none,0,0,0,1,4.2,0,0,4.2
19,9,06,19_06,panelist,med,1,0,0,0,4.2,0,0,4.2
19,9,07,19_07,panelist,med,1,0,0,0,4.2,1,-0.1,4.1
19,9,08,19_08,panelist,high,1,1,0,0,4.2,0,0,4.2
19,9,09,19_09,panelist,high,1,1,0,0,4.2,0,0,4.2
19,9,10,19_10,panelist,high,1,1,0,0,4.2,0,0,4.2
19,9,11,19_11,panelist,low,1,0,1,0,4.2,1,-0.1,4.1
19,9,12,19_12,panelist,med,1,0,0,0,4.2,0,0,4.2
19,9,13,19_13,panelist,med,1,0,0,0,4.2,0,0,4.2
19,9,14,19_14,panelist,none,1,0,0,1,4.2,1,-0.1,4.1
19,9,15,19_15,panelist,high,1,1,0,0,4.2,0,0,4.2
19,9,16,19_16,panelist,med,1,0,0,0,4.2,0,0,4.2
19,9,17,19_17,panelist,none,1,0,0,1,4.2,1,-0.1,4.1
19,9,18,19_18,panelist,none,1,0,0,1,4.2,0,0,4.2
19,9,19,19_19,reviewer,med,0,0,0,0,4.2,0,0,4.2
19,9,20,19_20,panelist,med,1,0,0,0,4.2,0,0,4.2
19,9,21,19_21,panelist,low,1,0,1,0,4.2,1,0.1,4.3
19,9,22,19_22,panelist,low,1,0,1,0,4.2,1,0.1,4.3
19,9,23,19_23,panelist,high,1,1,0,0,4.2,0,0,4.2
19,9,24,19_24,panelist,med,1,0,0,0,4.2,0,0,4.2
19,10,01,19_01,panelist,med,1,0,0,0,4.6,1,0.1,4.7
19,10,02,19_02,panelist,none,1,0,0,1,4.6,1,-0.1,4.5
19,10,03,19_03,panelist,low,1,0,1,0,4.6,0,0,4.6
19,10,04,19_04,panelist,high,1,1,0,0,4.6,0,0,4.6
19,10,05,19_05,panelist,med,1,0,0,0,4.6,1,-0.1,4.5
19,10,06,19_06,panelist,med,1,0,0,0,4.6,1,-0.2,4.4
19,10,07,19_07,panelist,med,1,0,0,0,4.6,0,0,4.6
19,10,08,19_08,panelist,high,1,1,0,0,4.6,1,0.2,4.8
19,10,09,19_09,panelist,med,1,0,0,0,4.6,0,0,4.6
19,10,10,19_10,panelist,med,1,0,0,0,4.6,0,0,4.6
19,10,11,19_11,reviewer,med,0,0,0,0,4.6,1,-0.1,4.5
19,10,12,19_12,panelist,low,1,0,1,0,4.6,1,0.1,4.7
19,10,13,19_13,panelist,high,1,1,0,0,4.6,1,0.1,4.7
19,10,14,19_14,panelist,high,1,1,0,0,4.6,0,0,4.6
19,10,15,19_15,panelist,med,1,0,0,0,4.6,0,0,4.6
19,10,16,19_16,panelist,med,1,0,0,0,4.6,1,0.2,4.8
19,10,17,19_17,panelist,high,1,1,0,0,4.6,0,0,4.6
19,10,18,19_18,reviewer,high,0,1,0,0,4.6,0,0,4.6
19,10,19,19_19,panelist,none,1,0,0,1,4.6,1,-0.1,4.5
19,10,20,19_20,panelist,low,1,0,1,0,4.6,1,-0.1,4.5
19,10,21,19_21,panelist,med,1,0,0,0,4.6,0,0,4.6
19,10,22,19_22,panelist,none,1,0,0,1,4.6,0,0,4.6
19,10,23,19_23,reviewer,low,0,0,1,0,4.6,0,0,4.6
19,10,24,19_24,panelist,none,1,0,0,1,4.6,1,0.1,4.7
19,11,01,19_01,panelist,med,1,0,0,0,4.2,1,-0.1,4.1
19,11,02,19_02,panelist,high,1,1,0,0,4.2,1,-0.1,4.1
19,11,03,19_03,panelist,high,1,1,0,0,4.2,0,0,4.2
19,11,04,19_04,panelist,low,1,0,1,0,4.2,0,0,4.2
19,11,05,19_05,panelist,med,1,0,0,0,4.2,0,0,4.2
19,11,06,19_06,panelist,low,1,0,1,0,4.2,0,0,4.2
19,11,07,19_07,panelist,med,1,0,0,0,4.2,0,0,4.2
19,11,08,19_08,panelist,med,1,0,0,0,4.2,0,0,4.2
19,11,09,19_09,panelist,med,1,0,0,0,4.2,0,0,4.2
19,11,10,19_10,reviewer,med,0,0,0,0,4.2,1,0.1,4.3
19,11,11,19_11,panelist,med,1,0,0,0,4.2,1,-0.2,4
19,11,12,19_12,reviewer,high,0,1,0,0,4.2,0,0,4.2
19,11,13,19_13,panelist,high,1,1,0,0,4.2,0,0,4.2
19,11,14,19_14,panelist,low,1,0,1,0,4.2,0,0,4.2
19,11,15,19_15,panelist,none,1,0,0,1,4.2,1,0.1,4.3
19,11,16,19_16,panelist,none,1,0,0,1,4.2,0,0,4.2
19,11,17,19_17,panelist,med,1,0,0,0,4.2,0,0,4.2
19,11,18,19_18,panelist,high,1,1,0,0,4.2,0,0,4.2
19,11,19,19_19,reviewer,med,0,0,0,0,4.2,0,0,4.2
19,11,20,19_20,panelist,high,1,1,0,0,4.2,0,0,4.2
19,11,21,19_21,panelist,none,1,0,0,1,4.2,0,0,4.2
19,11,22,19_22,panelist,none,1,0,0,1,4.2,1,0.1,4.3
19,11,23,19_23,panelist,low,1,0,1,0,4.2,1,0.1,4.3
19,11,24,19_24,panelist,med,1,0,0,0,4.2,0,0,4.2
19,12,01,19_01,reviewer,med,0,0,0,0,4.8,0,0,4.8
19,12,02,19_02,panelist,high,1,1,0,0,4.8,0,0,4.8
19,12,03,19_03,reviewer,med,0,0,0,0,4.8,1,0.1,4.9
19,12,04,19_04,panelist,none,1,0,0,1,4.8,1,-0.3,4.5
19,12,05,19_05,panelist,med,1,0,0,0,4.8,0,0,4.8
19,12,06,19_06,panelist,low,1,0,1,0,4.8,1,0.2,4.9
19,12,07,19_07,panelist,none,1,0,0,1,4.8,1,-0.1,4.7
19,12,08,19_08,panelist,none,1,0,0,1,4.8,0,0,4.8
19,12,09,19_09,panelist,low,1,0,1,0,4.8,0,0,4.8
19,12,10,19_10,panelist,none,1,0,0,1,4.8,0,0,4.8
19,12,11,19_11,panelist,high,1,1,0,0,4.8,0,0,4.8
19,12,12,19_12,panelist,med,1,0,0,0,4.8,0,0,4.8
19,12,13,19_13,reviewer,low,0,0,1,0,4.8,0,0,4.8
19,12,14,19_14,panelist,med,1,0,0,0,4.8,0,0,4.8
19,12,15,19_15,panelist,med,1,0,0,0,4.8,1,-0.1,4.7
19,12,16,19_16,panelist,med,1,0,0,0,4.8,0,0,4.8
19,12,17,19_17,panelist,med,1,0,0,0,4.8,1,0.2,4.9
19,12,18,19_18,panelist,low,1,0,1,0,4.8,1,0.1,4.9
19,12,19,19_19,panelist,high,1,1,0,0,4.8,0,0,4.8
19,12,20,19_20,panelist,med,1,0,0,0,4.8,0,0,4.8
19,12,21,19_21,panelist,high,1,1,0,0,4.8,1,0.1,4.9
19,12,22,19_22,panelist,high,1,1,0,0,4.8,0,0,4.8
19,12,23,19_23,panelist,med,1,0,0,0,4.8,0,0,4.8
19,12,24,19_24,panelist,high,1,1,0,0,4.8,0,0,4.8
19,13,01,19_01,panelist,low,1,0,1,0,4.6,0,0,4.6
19,13,02,19_02,panelist,med,1,0,0,0,4.6,1,0.2,4.8
19,13,03,19_03,panelist,none,1,0,0,1,4.6,0,0,4.6
19,13,04,19_04,panelist,none,1,0,0,1,4.6,1,0.2,4.8
19,13,05,19_05,reviewer,med,0,0,0,0,4.6,0,0,4.6
19,13,06,19_06,panelist,low,1,0,1,0,4.6,0,0,4.6
19,13,07,19_07,reviewer,med,0,0,0,0,4.6,1,-0.1,4.5
19,13,08,19_08,panelist,high,1,1,0,0,4.6,0,0,4.6
19,13,09,19_09,panelist,low,1,0,1,0,4.6,0,0,4.6
19,13,10,19_10,panelist,med,1,0,0,0,4.6,0,0,4.6
19,13,11,19_11,panelist,high,1,1,0,0,4.6,0,0,4.6
19,13,12,19_12,panelist,high,1,1,0,0,4.6,0,0,4.6
19,13,13,19_13,panelist,high,1,1,0,0,4.6,0,0,4.6
19,13,14,19_14,panelist,none,1,0,0,1,4.6,0,0,4.6
19,13,15,19_15,panelist,med,1,0,0,0,4.6,0,0,4.6
19,13,16,19_16,panelist,med,1,0,0,0,4.6,0,0,4.6
19,13,17,19_17,panelist,none,1,0,0,1,4.6,1,0.3,4.9
19,13,18,19_18,panelist,med,1,0,0,0,4.6,1,0.1,4.7
19,13,19,19_19,reviewer,med,0,0,0,0,4.6,1,-0.1,4.5
19,13,20,19_20,panelist,med,1,0,0,0,4.6,1,0.2,4.8
19,13,21,19_21,panelist,med,1,0,0,0,4.6,1,0.1,4.7
19,13,22,19_22,panelist,high,1,1,0,0,4.6,1,-0.2,4.4
19,13,23,19_23,panelist,high,1,1,0,0,4.6,0,0,4.6
19,13,24,19_24,panelist,low,1,0,1,0,4.6,0,0,4.6
19,14,01,19_01,panelist,none,1,0,0,1,3.5,0,0,3.5
19,14,02,19_02,panelist,low,1,0,1,0,3.5,1,0.2,3.7
19,14,03,19_03,panelist,none,1,0,0,1,3.5,0,0,3.5
19,14,04,19_04,panelist,med,1,0,0,0,3.5,0,0,3.5
19,14,05,19_05,panelist,high,1,1,0,0,3.5,0,0,3.5
19,14,06,19_06,reviewer,low,0,0,1,0,3.5,1,-0.1,3.5
19,14,07,19_07,panelist,med,1,0,0,0,3.5,0,0,3.5
19,14,08,19_08,panelist,high,1,1,0,0,3.5,0,0,3.5
19,14,09,19_09,panelist,med,1,0,0,0,3.5,0,0,3.5
19,14,10,19_10,panelist,high,1,1,0,0,3.5,1,-0.1,3.5
19,14,11,19_11,panelist,med,1,0,0,0,3.5,0,0,3.5
19,14,12,19_12,panelist,none,1,0,0,1,3.5,0,0,3.5
19,14,13,19_13,panelist,high,1,1,0,0,3.5,1,0.2,3.7
19,14,14,19_14,panelist,med,1,0,0,0,3.5,0,0,3.5
19,14,15,19_15,panelist,low,1,0,1,0,3.5,0,0,3.5
19,14,16,19_16,panelist,low,1,0,1,0,3.5,0,0,3.5
19,14,17,19_17,panelist,med,1,0,0,0,3.5,0,0,3.5
19,14,18,19_18,panelist,med,1,0,0,0,3.5,1,-0.1,3.5
19,14,19,19_19,panelist,high,1,1,0,0,3.5,1,-0.2,3.5
19,14,20,19_20,panelist,high,1,1,0,0,3.5,1,0.3,3.8
19,14,21,19_21,panelist,med,1,0,0,0,3.5,0,0,3.5
19,14,22,19_22,reviewer,med,0,0,0,0,3.5,0,0,3.5
19,14,23,19_23,panelist,none,1,0,0,1,3.5,0,0,3.5
19,14,24,19_24,reviewer,med,0,0,0,0,3.5,1,0.2,3.7
19,15,01,19_01,panelist,high,1,1,0,0,4.3,1,0.2,4.5
19,15,02,19_02,panelist,high,1,1,0,0,4.3,0,0,4.3
19,15,03,19_03,panelist,low,1,0,1,0,4.3,0,0,4.3
19,15,04,19_04,panelist,none,1,0,0,1,4.3,1,0.1,4.4
19,15,05,19_05,panelist,none,1,0,0,1,4.3,0,0,4.3
19,15,06,19_06,panelist,med,1,0,0,0,4.3,0,0,4.3
19,15,07,19_07,panelist,high,1,1,0,0,4.3,0,0,4.3
19,15,08,19_08,panelist,low,1,0,1,0,4.3,1,0.1,4.4
19,15,09,19_09,reviewer,med,0,0,0,0,4.3,0,0,4.3
19,15,10,19_10,panelist,med,1,0,0,0,4.3,0,0,4.3
19,15,11,19_11,panelist,med,1,0,0,0,4.3,1,0.1,4.4
19,15,12,19_12,panelist,med,1,0,0,0,4.3,1,0.1,4.4
19,15,13,19_13,panelist,med,1,0,0,0,4.3,1,-0.4,3.9
19,15,14,19_14,panelist,high,1,1,0,0,4.3,0,0,4.3
19,15,15,19_15,panelist,low,1,0,1,0,4.3,0,0,4.3
19,15,16,19_16,panelist,med,1,0,0,0,4.3,1,0.1,4.4
19,15,17,19_17,panelist,high,1,1,0,0,4.3,0,0,4.3
19,15,18,19_18,panelist,low,1,0,1,0,4.3,0,0,4.3
19,15,19,19_19,reviewer,none,0,0,0,1,4.3,1,-0.1,4.2
19,15,20,19_20,reviewer,high,0,1,0,0,4.3,0,0,4.3
19,15,21,19_21,panelist,med,1,0,0,0,4.3,0,0,4.3
19,15,22,19_22,panelist,med,1,0,0,0,4.3,0,0,4.3
19,15,23,19_23,panelist,med,1,0,0,0,4.3,1,0.1,4.4
19,15,24,19_24,panelist,none,1,0,0,1,4.3,1,-0.1,4.2
20,1,01,20_01,panelist,high,1,1,0,0,3.6,0,0,3.6
20,1,02,20_02,panelist,low,1,0,1,0,3.6,1,-0.1,3.5
20,1,03,20_03,panelist,low,1,0,1,0,3.6,1,0.2,3.8
20,1,04,20_04,panelist,med,1,0,0,0,3.6,1,-0.1,3.5
20,1,05,20_05,reviewer,med,0,0,0,0,3.6,1,0.1,3.7
20,1,06,20_06,panelist,low,1,0,1,0,3.6,0,0,3.6
20,1,07,20_07,panelist,med,1,0,0,0,3.6,0,0,3.6
20,1,08,20_08,panelist,low,1,0,1,0,3.6,1,0.1,3.7
20,1,09,20_09,panelist,high,1,1,0,0,3.6,0,0,3.6
20,1,10,20_10,panelist,none,1,0,0,1,3.6,1,0.1,3.7
20,1,11,20_11,panelist,med,1,0,0,0,3.6,1,-0.2,3.5
20,1,12,20_12,panelist,none,1,0,0,1,3.6,1,0.1,3.7
20,1,13,20_13,reviewer,med,0,0,0,0,3.6,0,0,3.6
20,1,14,20_14,panelist,med,1,0,0,0,3.6,0,0,3.6
20,1,15,20_15,panelist,high,1,1,0,0,3.6,0,0,3.6
20,1,16,20_16,panelist,med,1,0,0,0,3.6,0,0,3.6
20,1,17,20_17,reviewer,med,0,0,0,0,3.6,0,0,3.6
20,1,18,20_18,panelist,high,1,1,0,0,3.6,0,0,3.6
20,1,19,20_19,panelist,med,1,0,0,0,3.6,0,0,3.6
20,1,20,20_20,panelist,high,1,1,0,0,3.6,0,0,3.6
20,1,21,20_21,panelist,none,1,0,0,1,3.6,1,0.1,3.7
20,1,22,20_22,panelist,high,1,1,0,0,3.6,1,-0.1,3.5
20,1,23,20_23,panelist,med,1,0,0,0,3.6,0,0,3.6
20,1,24,20_24,panelist,none,1,0,0,1,3.6,1,0.1,3.7
20,2,01,20_01,panelist,high,1,1,0,0,4.2,1,-0.2,4
20,2,02,20_02,reviewer,none,0,0,0,1,4.2,0,0,4.2
20,2,03,20_03,panelist,med,1,0,0,0,4.2,0,0,4.2
20,2,04,20_04,panelist,none,1,0,0,1,4.2,1,-0.2,4
20,2,05,20_05,panelist,med,1,0,0,0,4.2,0,0,4.2
20,2,06,20_06,panelist,low,1,0,1,0,4.2,0,0,4.2
20,2,07,20_07,panelist,med,1,0,0,0,4.2,0,0,4.2
20,2,08,20_08,panelist,med,1,0,0,0,4.2,0,0,4.2
20,2,09,20_09,panelist,med,1,0,0,0,4.2,0,0,4.2
20,2,10,20_10,panelist,med,1,0,0,0,4.2,1,-0.1,4.1
20,2,11,20_11,reviewer,med,0,0,0,0,4.2,1,0.1,4.3
20,2,12,20_12,panelist,med,1,0,0,0,4.2,1,-0.1,4.1
20,2,13,20_13,panelist,low,1,0,1,0,4.2,1,-0.2,4
20,2,14,20_14,panelist,high,1,1,0,0,4.2,0,0,4.2
20,2,15,20_15,panelist,med,1,0,0,0,4.2,0,0,4.2
20,2,16,20_16,panelist,high,1,1,0,0,4.2,0,0,4.2
20,2,17,20_17,panelist,med,1,0,0,0,4.2,0,0,4.2
20,2,18,20_18,reviewer,low,0,0,1,0,4.2,1,-0.3,3.9
20,2,19,20_19,panelist,none,1,0,0,1,4.2,0,0,4.2
20,2,20,20_20,panelist,high,1,1,0,0,4.2,0,0,4.2
20,2,21,20_21,panelist,none,1,0,0,1,4.2,1,-0.2,4
20,2,22,20_22,panelist,high,1,1,0,0,4.2,0,0,4.2
20,2,23,20_23,panelist,low,1,0,1,0,4.2,1,-0.1,4.1
20,2,24,20_24,panelist,high,1,1,0,0,4.2,0,0,4.2
20,3,01,20_01,panelist,med,1,0,0,0,4.1,0,0,4.1
20,3,02,20_02,panelist,med,1,0,0,0,4.1,0,0,4.1
20,3,03,20_03,reviewer,med,0,0,0,0,4.1,1,-0.2,3.9
20,3,04,20_04,panelist,low,1,0,1,0,4.1,0,0,4.1
20,3,05,20_05,panelist,high,1,1,0,0,4.1,0,0,4.1
20,3,06,20_06,panelist,low,1,0,1,0,4.1,1,0.2,4.3
20,3,07,20_07,reviewer,med,0,0,0,0,4.1,0,0,4.1
20,3,08,20_08,panelist,med,1,0,0,0,4.1,0,0,4.1
20,3,09,20_09,panelist,high,1,1,0,0,4.1,0,0,4.1
20,3,10,20_10,panelist,med,1,0,0,0,4.1,0,0,4.1
20,3,11,20_11,panelist,med,1,0,0,0,4.1,0,0,4.1
20,3,12,20_12,panelist,low,1,0,1,0,4.1,0,0,4.1
20,3,13,20_13,panelist,none,1,0,0,1,4.1,1,-0.1,4
20,3,14,20_14,panelist,med,1,0,0,0,4.1,0,0,4.1
20,3,15,20_15,panelist,high,1,1,0,0,4.1,0,0,4.1
20,3,16,20_16,panelist,med,1,0,0,0,4.1,0,0,4.1
20,3,17,20_17,panelist,high,1,1,0,0,4.1,0,0,4.1
20,3,18,20_18,reviewer,high,0,1,0,0,4.1,0,0,4.1
20,3,19,20_19,panelist,med,1,0,0,0,4.1,1,0.1,4.2
20,3,20,20_20,panelist,low,1,0,1,0,4.1,1,-0.1,4
20,3,21,20_21,panelist,none,1,0,0,1,4.1,0,0,4.1
20,3,22,20_22,panelist,none,1,0,0,1,4.1,0,0,4.1
20,3,23,20_23,panelist,high,1,1,0,0,4.1,0,0,4.1
20,3,24,20_24,panelist,none,1,0,0,1,4.1,1,0.1,4.2
20,4,01,20_01,panelist,low,1,0,1,0,3.7,0,0,3.7
20,4,02,20_02,panelist,low,1,0,1,0,3.7,0,0,3.7
20,4,03,20_03,panelist,med,1,0,0,0,3.7,1,-0.2,3.5
20,4,04,20_04,panelist,med,1,0,0,0,3.7,0,0,3.7
20,4,05,20_05,panelist,high,1,1,0,0,3.7,0,0,3.7
20,4,06,20_06,panelist,none,1,0,0,1,3.7,0,0,3.7
20,4,07,20_07,reviewer,none,0,0,0,1,3.7,0,0,3.7
20,4,08,20_08,panelist,med,1,0,0,0,3.7,1,0.2,3.9
20,4,09,20_09,panelist,none,1,0,0,1,3.7,0,0,3.7
20,4,10,20_10,panelist,low,1,0,1,0,3.7,1,-0.1,3.6
20,4,11,20_11,panelist,med,1,0,0,0,3.7,0,0,3.7
20,4,12,20_12,panelist,med,1,0,0,0,3.7,1,-0.1,3.6
20,4,13,20_13,panelist,high,1,1,0,0,3.7,1,0.1,3.8
20,4,14,20_14,panelist,med,1,0,0,0,3.7,0,0,3.7
20,4,15,20_15,panelist,med,1,0,0,0,3.7,0,0,3.7
20,4,16,20_16,panelist,high,1,1,0,0,3.7,0,0,3.7
20,4,17,20_17,panelist,med,1,0,0,0,3.7,0,0,3.7
20,4,18,20_18,panelist,none,1,0,0,1,3.7,1,0.2,3.9
20,4,19,20_19,panelist,high,1,1,0,0,3.7,0,0,3.7
20,4,20,20_20,reviewer,med,0,0,0,0,3.7,0,0,3.7
20,4,21,20_21,panelist,high,1,1,0,0,3.7,0,0,3.7
20,4,22,20_22,reviewer,low,0,0,1,0,3.7,0,0,3.7
20,4,23,20_23,panelist,med,1,0,0,0,3.7,0,0,3.7
20,4,24,20_24,panelist,high,1,1,0,0,3.7,0,0,3.7
20,5,01,20_01,panelist,none,1,0,0,1,3.7,1,0.1,3.8
20,5,02,20_02,panelist,low,1,0,1,0,3.7,0,0,3.7
20,5,03,20_03,reviewer,low,0,0,1,0,3.7,0,0,3.7
20,5,04,20_04,panelist,med,1,0,0,0,3.7,1,-0.2,3.5
20,5,05,20_05,panelist,none,1,0,0,1,3.7,1,0.4,4.1
20,5,06,20_06,panelist,med,1,0,0,0,3.7,0,0,3.7
20,5,07,20_07,panelist,low,1,0,1,0,3.7,0,0,3.7
20,5,08,20_08,panelist,high,1,1,0,0,3.7,0,0,3.7
20,5,09,20_09,reviewer,med,0,0,0,0,3.7,0,0,3.7
20,5,10,20_10,panelist,med,1,0,0,0,3.7,1,-0.1,3.6
20,5,11,20_11,panelist,med,1,0,0,0,3.7,0,0,3.7
20,5,12,20_12,panelist,high,1,1,0,0,3.7,0,0,3.7
20,5,13,20_13,panelist,med,1,0,0,0,3.7,0,0,3.7
20,5,14,20_14,panelist,low,1,0,1,0,3.7,1,0.3,4
20,5,15,20_15,panelist,med,1,0,0,0,3.7,1,-0.1,3.6
20,5,16,20_16,panelist,none,1,0,0,1,3.7,1,-0.1,3.6
20,5,17,20_17,panelist,med,1,0,0,0,3.7,1,-0.2,3.5
20,5,18,20_18,panelist,high,1,1,0,0,3.7,0,0,3.7
20,5,19,20_19,reviewer,none,0,0,0,1,3.7,0,0,3.7
20,5,20,20_20,panelist,high,1,1,0,0,3.7,0,0,3.7
20,5,21,20_21,panelist,high,1,1,0,0,3.7,0,0,3.7
20,5,22,20_22,panelist,med,1,0,0,0,3.7,0,0,3.7
20,5,23,20_23,panelist,high,1,1,0,0,3.7,1,0.1,3.8
20,5,24,20_24,panelist,med,1,0,0,0,3.7,0,0,3.7
20,6,01,20_01,panelist,high,1,1,0,0,3.5,0,0,3.5
20,6,02,20_02,panelist,med,1,0,0,0,3.5,1,-0.2,3.5
20,6,03,20_03,panelist,med,1,0,0,0,3.5,0,0,3.5
20,6,04,20_04,panelist,high,1,1,0,0,3.5,0,0,3.5
20,6,05,20_05,panelist,none,1,0,0,1,3.5,0,0,3.5
20,6,06,20_06,panelist,high,1,1,0,0,3.5,1,0.2,3.7
20,6,07,20_07,reviewer,med,0,0,0,0,3.5,0,0,3.5
20,6,08,20_08,panelist,none,1,0,0,1,3.5,1,-0.2,3.5
20,6,09,20_09,panelist,none,1,0,0,1,3.5,0,0,3.5
20,6,10,20_10,panelist,med,1,0,0,0,3.5,0,0,3.5
20,6,11,20_11,panelist,none,1,0,0,1,3.5,0,0,3.5
20,6,12,20_12,panelist,high,1,1,0,0,3.5,1,0.3,3.8
20,6,13,20_13,panelist,med,1,0,0,0,3.5,1,-0.1,3.5
20,6,14,20_14,panelist,med,1,0,0,0,3.5,1,-0.1,3.5
20,6,15,20_15,panelist,med,1,0,0,0,3.5,0,0,3.5
20,6,16,20_16,panelist,low,1,0,1,0,3.5,1,0.2,3.7
20,6,17,20_17,reviewer,low,0,0,1,0,3.5,0,0,3.5
20,6,18,20_18,panelist,med,1,0,0,0,3.5,0,0,3.5
20,6,19,20_19,panelist,high,1,1,0,0,3.5,0,0,3.5
20,6,20,20_20,panelist,med,1,0,0,0,3.5,0,0,3.5
20,6,21,20_21,reviewer,med,0,0,0,0,3.5,0,0,3.5
20,6,22,20_22,panelist,low,1,0,1,0,3.5,1,0.1,3.6
20,6,23,20_23,panelist,low,1,0,1,0,3.5,0,0,3.5
20,6,24,20_24,panelist,high,1,1,0,0,3.5,1,-0.1,3.5
20,7,01,20_01,panelist,med,1,0,0,0,3.9,1,0.2,4.1
20,7,02,20_02,reviewer,high,0,1,0,0,3.9,0,0,3.9
20,7,03,20_03,panelist,none,1,0,0,1,3.9,0,0,3.9
20,7,04,20_04,panelist,low,1,0,1,0,3.9,1,-0.3,3.6
20,7,05,20_05,panelist,med,1,0,0,0,3.9,0,0,3.9
20,7,06,20_06,panelist,none,1,0,0,1,3.9,0,0,3.9
20,7,07,20_07,panelist,low,1,0,1,0,3.9,1,0.1,4
20,7,08,20_08,panelist,low,1,0,1,0,3.9,1,-0.1,3.8
20,7,09,20_09,panelist,none,1,0,0,1,3.9,1,0.1,4
20,7,10,20_10,panelist,med,1,0,0,0,3.9,0,0,3.9
20,7,11,20_11,panelist,high,1,1,0,0,3.9,0,0,3.9
20,7,12,20_12,reviewer,med,0,0,0,0,3.9,1,-0.1,3.8
20,7,13,20_13,reviewer,low,0,0,1,0,3.9,0,0,3.9
20,7,14,20_14,panelist,high,1,1,0,0,3.9,0,0,3.9
20,7,15,20_15,panelist,high,1,1,0,0,3.9,0,0,3.9
20,7,16,20_16,panelist,med,1,0,0,0,3.9,1,0.2,4.1
20,7,17,20_17,panelist,med,1,0,0,0,3.9,0,0,3.9
20,7,18,20_18,panelist,none,1,0,0,1,3.9,0,0,3.9
20,7,19,20_19,panelist,high,1,1,0,0,3.9,1,0.1,4
20,7,20,20_20,panelist,med,1,0,0,0,3.9,0,0,3.9
20,7,21,20_21,panelist,med,1,0,0,0,3.9,1,-0.2,3.7
20,7,22,20_22,panelist,med,1,0,0,0,3.9,0,0,3.9
20,7,23,20_23,panelist,high,1,1,0,0,3.9,0,0,3.9
20,7,24,20_24,panelist,med,1,0,0,0,3.9,1,-0.1,3.8
20,8,01,20_01,panelist,med,1,0,0,0,3.5,1,0.2,3.7
20,8,02,20_02,panelist,none,1,0,0,1,3.5,1,0.1,3.6
20,8,03,20_03,panelist,med,1,0,0,0,3.5,1,-0.3,3.5
20,8,04,20_04,panelist,low,1,0,1,0,3.5,1,0.2,3.7
20,8,05,20_05,panelist,med,1,0,0,0,3.5,0,0,3.5
20,8,06,20_06,panelist,high,1,1,0,0,3.5,0,0,3.5
20,8,07,20_07,panelist,high,1,1,0,0,3.5,1,0.1,3.6
20,8,08,20_08,panelist,none,1,0,0,1,3.5,1,-0.1,3.5
20,8,09,20_09,panelist,low,1,0,1,0,3.5,0,0,3.5
20,8,10,20_10,panelist,none,1,0,0,1,3.5,1,-0.1,3.5
20,8,11,20_11,reviewer,high,0,1,0,0,3.5,0,0,3.5
20,8,12,20_12,panelist,med,1,0,0,0,3.5,0,0,3.5
20,8,13,20_13,panelist,low,1,0,1,0,3.5,0,0,3.5
20,8,14,20_14,panelist,high,1,1,0,0,3.5,0,0,3.5
20,8,15,20_15,panelist,med,1,0,0,0,3.5,1,0.3,3.8
20,8,16,20_16,panelist,med,1,0,0,0,3.5,0,0,3.5
20,8,17,20_17,panelist,high,1,1,0,0,3.5,0,0,3.5
20,8,18,20_18,panelist,med,1,0,0,0,3.5,1,0.2,3.7
20,8,19,20_19,panelist,low,1,0,1,0,3.5,1,-0.3,3.5
20,8,20,20_20,panelist,high,1,1,0,0,3.5,0,0,3.5
20,8,21,20_21,panelist,med,1,0,0,0,3.5,0,0,3.5
20,8,22,20_22,reviewer,med,0,0,0,0,3.5,0,0,3.5
20,8,23,20_23,reviewer,none,0,0,0,1,3.5,0,0,3.5
20,8,24,20_24,panelist,med,1,0,0,0,3.5,0,0,3.5
20,9,01,20_01,panelist,none,1,0,0,1,4.2,0,0,4.2
20,9,02,20_02,panelist,low,1,0,1,0,4.2,0,0,4.2
20,9,03,20_03,reviewer,high,0,1,0,0,4.2,1,-0.1,4.1
20,9,04,20_04,panelist,med,1,0,0,0,4.2,0,0,4.2
20,9,05,20_05,reviewer,med,0,0,0,0,4.2,0,0,4.2
20,9,06,20_06,panelist,med,1,0,0,0,4.2,0,0,4.2
20,9,07,20_07,panelist,high,1,1,0,0,4.2,1,-0.1,4.1
20,9,08,20_08,panelist,low,1,0,1,0,4.2,1,-0.1,4.1
20,9,09,20_09,panelist,high,1,1,0,0,4.2,0,0,4.2
20,9,10,20_10,panelist,med,1,0,0,0,4.2,0,0,4.2
20,9,11,20_11,panelist,med,1,0,0,0,4.2,1,0.2,4.4
20,9,12,20_12,panelist,high,1,1,0,0,4.2,0,0,4.2
20,9,13,20_13,panelist,med,1,0,0,0,4.2,0,0,4.2
20,9,14,20_14,panelist,high,1,1,0,0,4.2,0,0,4.2
20,9,15,20_15,panelist,med,1,0,0,0,4.2,1,0.2,4.4
20,9,16,20_16,panelist,low,1,0,1,0,4.2,1,-0.1,4.1
20,9,17,20_17,panelist,high,1,1,0,0,4.2,0,0,4.2
20,9,18,20_18,panelist,med,1,0,0,0,4.2,0,0,4.2
20,9,19,20_19,panelist,med,1,0,0,0,4.2,0,0,4.2
20,9,20,20_20,panelist,none,1,0,0,1,4.2,0,0,4.2
20,9,21,20_21,panelist,none,1,0,0,1,4.2,0,0,4.2
20,9,22,20_22,panelist,med,1,0,0,0,4.2,0,0,4.2
20,9,23,20_23,panelist,low,1,0,1,0,4.2,0,0,4.2
20,9,24,20_24,reviewer,none,0,0,0,1,4.2,0,0,4.2
20,10,01,20_01,panelist,med,1,0,0,0,4.5,1,0.2,4.7
20,10,02,20_02,reviewer,high,0,1,0,0,4.5,0,0,4.5
20,10,03,20_03,reviewer,low,0,0,1,0,4.5,1,-0.1,4.4
20,10,04,20_04,panelist,med,1,0,0,0,4.5,0,0,4.5
20,10,05,20_05,panelist,high,1,1,0,0,4.5,1,0.1,4.6
20,10,06,20_06,panelist,high,1,1,0,0,4.5,1,-0.1,4.4
20,10,07,20_07,panelist,low,1,0,1,0,4.5,1,-0.1,4.4
20,10,08,20_08,panelist,med,1,0,0,0,4.5,0,0,4.5
20,10,09,20_09,panelist,med,1,0,0,0,4.5,1,-0.2,4.3
20,10,10,20_10,panelist,high,1,1,0,0,4.5,0,0,4.5
20,10,11,20_11,panelist,none,1,0,0,1,4.5,1,-0.1,4.4
20,10,12,20_12,panelist,low,1,0,1,0,4.5,0,0,4.5
20,10,13,20_13,panelist,med,1,0,0,0,4.5,1,-0.2,4.3
20,10,14,20_14,panelist,high,1,1,0,0,4.5,0,0,4.5
20,10,15,20_15,panelist,med,1,0,0,0,4.5,1,0.2,4.7
20,10,16,20_16,panelist,med,1,0,0,0,4.5,1,0.1,4.6
20,10,17,20_17,panelist,high,1,1,0,0,4.5,0,0,4.5
20,10,18,20_18,panelist,med,1,0,0,0,4.5,1,-0.2,4.3
20,10,19,20_19,reviewer,med,0,0,0,0,4.5,0,0,4.5
20,10,20,20_20,panelist,med,1,0,0,0,4.5,0,0,4.5
20,10,21,20_21,panelist,none,1,0,0,1,4.5,1,0.1,4.6
20,10,22,20_22,panelist,low,1,0,1,0,4.5,1,-0.1,4.4
20,10,23,20_23,panelist,none,1,0,0,1,4.5,0,0,4.5
20,10,24,20_24,panelist,none,1,0,0,1,4.5,0,0,4.5
20,11,01,20_01,reviewer,low,0,0,1,0,4.1,0,0,4.1
20,11,02,20_02,panelist,none,1,0,0,1,4.1,1,-0.3,3.8
20,11,03,20_03,panelist,low,1,0,1,0,4.1,0,0,4.1
20,11,04,20_04,panelist,med,1,0,0,0,4.1,0,0,4.1
20,11,05,20_05,panelist,high,1,1,0,0,4.1,0,0,4.1
20,11,06,20_06,panelist,med,1,0,0,0,4.1,0,0,4.1
20,11,07,20_07,panelist,high,1,1,0,0,4.1,0,0,4.1
20,11,08,20_08,panelist,none,1,0,0,1,4.1,0,0,4.1
20,11,09,20_09,panelist,high,1,1,0,0,4.1,0,0,4.1
20,11,10,20_10,panelist,none,1,0,0,1,4.1,0,0,4.1
20,11,11,20_11,panelist,high,1,1,0,0,4.1,1,-0.1,4
20,11,12,20_12,panelist,high,1,1,0,0,4.1,0,0,4.1
20,11,13,20_13,panelist,med,1,0,0,0,4.1,0,0,4.1
20,11,14,20_14,panelist,med,1,0,0,0,4.1,0,0,4.1
20,11,15,20_15,panelist,high,1,1,0,0,4.1,1,-0.2,3.9
20,11,16,20_16,reviewer,med,0,0,0,0,4.1,0,0,4.1
20,11,17,20_17,panelist,med,1,0,0,0,4.1,1,0.1,4.2
20,11,18,20_18,panelist,med,1,0,0,0,4.1,0,0,4.1
20,11,19,20_19,panelist,med,1,0,0,0,4.1,0,0,4.1
20,11,20,20_20,panelist,low,1,0,1,0,4.1,0,0,4.1
20,11,21,20_21,panelist,low,1,0,1,0,4.1,1,-0.2,3.9
20,11,22,20_22,panelist,none,1,0,0,1,4.1,1,-0.1,4
20,11,23,20_23,reviewer,med,0,0,0,0,4.1,1,-0.2,3.9
20,11,24,20_24,panelist,med,1,0,0,0,4.1,1,-0.2,3.9
20,12,01,20_01,panelist,high,1,1,0,0,4.8,0,0,4.8
20,12,02,20_02,panelist,low,1,0,1,0,4.8,0,0,4.8
20,12,03,20_03,panelist,med,1,0,0,0,4.8,0,0,4.8
20,12,04,20_04,reviewer,none,0,0,0,1,4.8,0,0,4.8
20,12,05,20_05,panelist,med,1,0,0,0,4.8,1,0.1,4.9
20,12,06,20_06,panelist,med,1,0,0,0,4.8,0,0,4.8
20,12,07,20_07,panelist,med,1,0,0,0,4.8,0,0,4.8
20,12,08,20_08,panelist,med,1,0,0,0,4.8,1,0.1,4.9
20,12,09,20_09,panelist,high,1,1,0,0,4.8,0,0,4.8
20,12,10,20_10,panelist,none,1,0,0,1,4.8,1,-0.1,4.7
20,12,11,20_11,panelist,low,1,0,1,0,4.8,0,0,4.8
20,12,12,20_12,panelist,none,1,0,0,1,4.8,1,0.1,4.9
20,12,13,20_13,panelist,high,1,1,0,0,4.8,0,0,4.8
20,12,14,20_14,panelist,low,1,0,1,0,4.8,1,0.2,4.9
20,12,15,20_15,reviewer,med,0,0,0,0,4.8,0,0,4.8
20,12,16,20_16,panelist,med,1,0,0,0,4.8,0,0,4.8
20,12,17,20_17,panelist,med,1,0,0,0,4.8,0,0,4.8
20,12,18,20_18,panelist,high,1,1,0,0,4.8,0,0,4.8
20,12,19,20_19,panelist,none,1,0,0,1,4.8,1,0.2,4.9
20,12,20,20_20,reviewer,med,0,0,0,0,4.8,0,0,4.8
20,12,21,20_21,panelist,med,1,0,0,0,4.8,0,0,4.8
20,12,22,20_22,panelist,low,1,0,1,0,4.8,0,0,4.8
20,12,23,20_23,panelist,high,1,1,0,0,4.8,0,0,4.8
20,12,24,20_24,panelist,high,1,1,0,0,4.8,0,0,4.8
20,13,01,20_01,panelist,med,1,0,0,0,4.5,0,0,4.5
20,13,02,20_02,reviewer,low,0,0,1,0,4.5,1,-0.1,4.4
20,13,03,20_03,panelist,med,1,0,0,0,4.5,0,0,4.5
20,13,04,20_04,panelist,none,1,0,0,1,4.5,1,0.3,4.8
20,13,05,20_05,panelist,med,1,0,0,0,4.5,1,0.2,4.7
20,13,06,20_06,reviewer,high,0,1,0,0,4.5,1,-0.2,4.3
20,13,07,20_07,panelist,med,1,0,0,0,4.5,0,0,4.5
20,13,08,20_08,panelist,none,1,0,0,1,4.5,1,-0.2,4.3
20,13,09,20_09,panelist,none,1,0,0,1,4.5,1,-0.3,4.2
20,13,10,20_10,panelist,low,1,0,1,0,4.5,0,0,4.5
20,13,11,20_11,reviewer,med,0,0,0,0,4.5,1,0.3,4.8
20,13,12,20_12,panelist,low,1,0,1,0,4.5,0,0,4.5
20,13,13,20_13,panelist,med,1,0,0,0,4.5,0,0,4.5
20,13,14,20_14,panelist,high,1,1,0,0,4.5,0,0,4.5
20,13,15,20_15,panelist,med,1,0,0,0,4.5,0,0,4.5
20,13,16,20_16,panelist,med,1,0,0,0,4.5,0,0,4.5
20,13,17,20_17,panelist,high,1,1,0,0,4.5,0,0,4.5
20,13,18,20_18,panelist,none,1,0,0,1,4.5,1,-0.1,4.4
20,13,19,20_19,panelist,high,1,1,0,0,4.5,1,-0.2,4.3
20,13,20,20_20,panelist,low,1,0,1,0,4.5,0,0,4.5
20,13,21,20_21,panelist,high,1,1,0,0,4.5,0,0,4.5
20,13,22,20_22,panelist,med,1,0,0,0,4.5,1,0.1,4.6
20,13,23,20_23,panelist,med,1,0,0,0,4.5,1,-0.2,4.3
20,13,24,20_24,panelist,high,1,1,0,0,4.5,1,-0.3,4.2
20,14,01,20_01,panelist,low,1,0,1,0,3.5,1,-0.1,3.5
20,14,02,20_02,panelist,high,1,1,0,0,3.5,0,0,3.5
20,14,03,20_03,reviewer,med,0,0,0,0,3.5,1,-0.3,3.5
20,14,04,20_04,panelist,med,1,0,0,0,3.5,1,0.1,3.6
20,14,05,20_05,panelist,high,1,1,0,0,3.5,1,-0.1,3.5
20,14,06,20_06,panelist,low,1,0,1,0,3.5,1,0.1,3.6
20,14,07,20_07,panelist,none,1,0,0,1,3.5,1,-0.2,3.5
20,14,08,20_08,panelist,med,1,0,0,0,3.5,0,0,3.5
20,14,09,20_09,panelist,med,1,0,0,0,3.5,1,-0.1,3.5
20,14,10,20_10,reviewer,med,0,0,0,0,3.5,0,0,3.5
20,14,11,20_11,panelist,none,1,0,0,1,3.5,1,-0.1,3.5
20,14,12,20_12,panelist,med,1,0,0,0,3.5,0,0,3.5
20,14,13,20_13,panelist,none,1,0,0,1,3.5,1,0.3,3.8
20,14,14,20_14,panelist,high,1,1,0,0,3.5,0,0,3.5
20,14,15,20_15,panelist,none,1,0,0,1,3.5,0,0,3.5
20,14,16,20_16,panelist,med,1,0,0,0,3.5,0,0,3.5
20,14,17,20_17,panelist,high,1,1,0,0,3.5,0,0,3.5
20,14,18,20_18,panelist,low,1,0,1,0,3.5,1,-0.1,3.5
20,14,19,20_19,panelist,med,1,0,0,0,3.5,0,0,3.5
20,14,20,20_20,panelist,high,1,1,0,0,3.5,1,-0.5,3.5
20,14,21,20_21,panelist,med,1,0,0,0,3.5,0,0,3.5
20,14,22,20_22,panelist,high,1,1,0,0,3.5,0,0,3.5
20,14,23,20_23,panelist,low,1,0,1,0,3.5,0,0,3.5
20,14,24,20_24,reviewer,med,0,0,0,0,3.5,1,0.2,3.7
20,15,01,20_01,panelist,high,1,1,0,0,4.3,1,0.1,4.4
20,15,02,20_02,panelist,low,1,0,1,0,4.3,0,0,4.3
20,15,03,20_03,panelist,low,1,0,1,0,4.3,0,0,4.3
20,15,04,20_04,panelist,high,1,1,0,0,4.3,0,0,4.3
20,15,05,20_05,panelist,med,1,0,0,0,4.3,0,0,4.3
20,15,06,20_06,panelist,low,1,0,1,0,4.3,0,0,4.3
20,15,07,20_07,panelist,high,1,1,0,0,4.3,0,0,4.3
20,15,08,20_08,panelist,high,1,1,0,0,4.3,0,0,4.3
20,15,09,20_09,panelist,med,1,0,0,0,4.3,1,0.1,4.4
20,15,10,20_10,panelist,med,1,0,0,0,4.3,0,0,4.3
20,15,11,20_11,panelist,high,1,1,0,0,4.3,0,0,4.3
20,15,12,20_12,panelist,none,1,0,0,1,4.3,1,-0.2,4.1
20,15,13,20_13,panelist,high,1,1,0,0,4.3,0,0,4.3
20,15,14,20_14,panelist,none,1,0,0,1,4.3,1,-0.3,4
20,15,15,20_15,panelist,med,1,0,0,0,4.3,0,0,4.3
20,15,16,20_16,panelist,low,1,0,1,0,4.3,0,0,4.3
20,15,17,20_17,panelist,med,1,0,0,0,4.3,0,0,4.3
20,15,18,20_18,reviewer,med,0,0,0,0,4.3,0,0,4.3
20,15,19,20_19,panelist,none,1,0,0,1,4.3,0,0,4.3
20,15,20,20_20,panelist,med,1,0,0,0,4.3,0,0,4.3
20,15,21,20_21,panelist,none,1,0,0,1,4.3,0,0,4.3
20,15,22,20_22,reviewer,med,0,0,0,0,4.3,0,0,4.3
20,15,23,20_23,reviewer,med,0,0,0,0,4.3,1,-0.1,4.2
20,15,24,20_24,panelist,med,1,0,0,0,4.3,0,0,4.3
21,1,01,21_01,reviewer,high,0,1,0,0,3.5,0,0,3.5
21,1,02,21_02,panelist,high,1,1,0,0,3.5,1,0.1,3.6
21,1,03,21_03,panelist,med,1,0,0,0,3.5,0,0,3.5
21,1,04,21_04,panelist,high,1,1,0,0,3.5,0,0,3.5
21,1,05,21_05,panelist,high,1,1,0,0,3.5,0,0,3.5
21,1,06,21_06,reviewer,med,0,0,0,0,3.5,0,0,3.5
21,1,07,21_07,panelist,med,1,0,0,0,3.5,0,0,3.5
21,1,08,21_08,panelist,low,1,0,1,0,3.5,0,0,3.5
21,1,09,21_09,panelist,none,1,0,0,1,3.5,1,0.2,3.7
21,1,10,21_10,panelist,low,1,0,1,0,3.5,1,-0.2,3.5
21,1,11,21_11,panelist,none,1,0,0,1,3.5,0,0,3.5
21,1,12,21_12,reviewer,med,0,0,0,0,3.5,1,-0.2,3.5
21,1,13,21_13,panelist,med,1,0,0,0,3.5,0,0,3.5
21,1,14,21_14,panelist,med,1,0,0,0,3.5,0,0,3.5
21,1,15,21_15,panelist,high,1,1,0,0,3.5,0,0,3.5
21,1,16,21_16,panelist,low,1,0,1,0,3.5,0,0,3.5
21,1,17,21_17,panelist,med,1,0,0,0,3.5,1,-0.2,3.5
21,1,18,21_18,panelist,none,1,0,0,1,3.5,1,0.1,3.6
21,1,19,21_19,panelist,low,1,0,1,0,3.5,0,0,3.5
21,1,20,21_20,panelist,med,1,0,0,0,3.5,1,0.2,3.7
21,1,21,21_21,panelist,med,1,0,0,0,3.5,0,0,3.5
21,1,22,21_22,panelist,high,1,1,0,0,3.5,0,0,3.5
21,1,23,21_23,panelist,med,1,0,0,0,3.5,1,0.1,3.6
21,1,24,21_24,panelist,none,1,0,0,1,3.5,0,0,3.5
21,2,01,21_01,panelist,low,1,0,1,0,4.1,0,0,4.1
21,2,02,21_02,reviewer,low,0,0,1,0,4.1,0,0,4.1
21,2,03,21_03,panelist,high,1,1,0,0,4.1,1,-0.1,4
21,2,04,21_04,reviewer,none,0,0,0,1,4.1,0,0,4.1
21,2,05,21_05,panelist,none,1,0,0,1,4.1,0,0,4.1
21,2,06,21_06,panelist,high,1,1,0,0,4.1,0,0,4.1
21,2,07,21_07,panelist,med,1,0,0,0,4.1,0,0,4.1
21,2,08,21_08,panelist,low,1,0,1,0,4.1,1,0.2,4.3
21,2,09,21_09,reviewer,high,0,1,0,0,4.1,0,0,4.1
21,2,10,21_10,panelist,high,1,1,0,0,4.1,0,0,4.1
21,2,11,21_11,panelist,none,1,0,0,1,4.1,1,-0.1,4
21,2,12,21_12,panelist,med,1,0,0,0,4.1,1,0.4,4.5
21,2,13,21_13,panelist,med,1,0,0,0,4.1,0,0,4.1
21,2,14,21_14,panelist,med,1,0,0,0,4.1,0,0,4.1
21,2,15,21_15,panelist,high,1,1,0,0,4.1,0,0,4.1
21,2,16,21_16,panelist,med,1,0,0,0,4.1,1,-0.1,4
21,2,17,21_17,panelist,low,1,0,1,0,4.1,0,0,4.1
21,2,18,21_18,panelist,none,1,0,0,1,4.1,1,0.1,4.2
21,2,19,21_19,panelist,med,1,0,0,0,4.1,0,0,4.1
21,2,20,21_20,panelist,med,1,0,0,0,4.1,0,0,4.1
21,2,21,21_21,panelist,med,1,0,0,0,4.1,1,-0.1,4
21,2,22,21_22,panelist,med,1,0,0,0,4.1,1,0.1,4.2
21,2,23,21_23,panelist,med,1,0,0,0,4.1,0,0,4.1
21,2,24,21_24,panelist,high,1,1,0,0,4.1,0,0,4.1
21,3,01,21_01,panelist,med,1,0,0,0,4,0,0,4
21,3,02,21_02,panelist,med,1,0,0,0,4,0,0,4
21,3,03,21_03,panelist,high,1,1,0,0,4,0,0,4
21,3,04,21_04,panelist,none,1,0,0,1,4,1,0.1,4.1
21,3,05,21_05,panelist,high,1,1,0,0,4,0,0,4
21,3,06,21_06,panelist,med,1,0,0,0,4,0,0,4
21,3,07,21_07,panelist,med,1,0,0,0,4,0,0,4
21,3,08,21_08,reviewer,low,0,0,1,0,4,0,0,4
21,3,09,21_09,panelist,high,1,1,0,0,4,1,-0.1,3.9
21,3,10,21_10,panelist,high,1,1,0,0,4,0,0,4
21,3,11,21_11,panelist,med,1,0,0,0,4,1,-0.1,3.9
21,3,12,21_12,reviewer,high,0,1,0,0,4,0,0,4
21,3,13,21_13,panelist,med,1,0,0,0,4,0,0,4
21,3,14,21_14,panelist,none,1,0,0,1,4,1,-0.1,3.9
21,3,15,21_15,panelist,low,1,0,1,0,4,1,0.1,4.1
21,3,16,21_16,panelist,low,1,0,1,0,4,0,0,4
21,3,17,21_17,panelist,med,1,0,0,0,4,1,0.3,4.3
21,3,18,21_18,panelist,med,1,0,0,0,4,0,0,4
21,3,19,21_19,reviewer,med,0,0,0,0,4,1,0.1,4.1
21,3,20,21_20,panelist,med,1,0,0,0,4,1,-0.1,3.9
21,3,21,21_21,panelist,low,1,0,1,0,4,1,0.1,4.1
21,3,22,21_22,panelist,none,1,0,0,1,4,0,0,4
21,3,23,21_23,panelist,none,1,0,0,1,4,0,0,4
21,3,24,21_24,panelist,high,1,1,0,0,4,0,0,4
21,4,01,21_01,panelist,none,1,0,0,1,3.7,0,0,3.7
21,4,02,21_02,panelist,none,1,0,0,1,3.7,1,0.3,4
21,4,03,21_03,panelist,med,1,0,0,0,3.7,0,0,3.7
21,4,04,21_04,panelist,none,1,0,0,1,3.7,1,0.3,4
21,4,05,21_05,panelist,low,1,0,1,0,3.7,0,0,3.7
21,4,06,21_06,panelist,high,1,1,0,0,3.7,0,0,3.7
21,4,07,21_07,panelist,med,1,0,0,0,3.7,0,0,3.7
21,4,08,21_08,panelist,med,1,0,0,0,3.7,0,0,3.7
21,4,09,21_09,panelist,high,1,1,0,0,3.7,1,0.1,3.8
21,4,10,21_10,panelist,none,1,0,0,1,3.7,0,0,3.7
21,4,11,21_11,panelist,high,1,1,0,0,3.7,0,0,3.7
21,4,12,21_12,panelist,med,1,0,0,0,3.7,0,0,3.7
21,4,13,21_13,panelist,high,1,1,0,0,3.7,1,-0.2,3.5
21,4,14,21_14,reviewer,med,0,0,0,0,3.7,0,0,3.7
21,4,15,21_15,panelist,low,1,0,1,0,3.7,1,0.1,3.8
21,4,16,21_16,panelist,high,1,1,0,0,3.7,0,0,3.7
21,4,17,21_17,reviewer,med,0,0,0,0,3.7,0,0,3.7
21,4,18,21_18,panelist,med,1,0,0,0,3.7,1,-0.1,3.6
21,4,19,21_19,reviewer,low,0,0,1,0,3.7,1,-0.2,3.5
21,4,20,21_20,panelist,med,1,0,0,0,3.7,0,0,3.7
21,4,21,21_21,panelist,low,1,0,1,0,3.7,1,0.1,3.8
21,4,22,21_22,panelist,med,1,0,0,0,3.7,1,0.1,3.8
21,4,23,21_23,panelist,high,1,1,0,0,3.7,0,0,3.7
21,4,24,21_24,panelist,med,1,0,0,0,3.7,0,0,3.7
21,5,01,21_01,panelist,med,1,0,0,0,3.6,0,0,3.6
21,5,02,21_02,panelist,high,1,1,0,0,3.6,0,0,3.6
21,5,03,21_03,panelist,med,1,0,0,0,3.6,1,-0.2,3.5
21,5,04,21_04,panelist,low,1,0,1,0,3.6,0,0,3.6
21,5,05,21_05,panelist,high,1,1,0,0,3.6,0,0,3.6
21,5,06,21_06,panelist,high,1,1,0,0,3.6,1,-0.4,3.5
21,5,07,21_07,panelist,none,1,0,0,1,3.6,1,-0.1,3.5
21,5,08,21_08,panelist,low,1,0,1,0,3.6,0,0,3.6
21,5,09,21_09,panelist,none,1,0,0,1,3.6,0,0,3.6
21,5,10,21_10,panelist,high,1,1,0,0,3.6,0,0,3.6
21,5,11,21_11,panelist,med,1,0,0,0,3.6,0,0,3.6
21,5,12,21_12,panelist,med,1,0,0,0,3.6,1,-0.1,3.5
21,5,13,21_13,reviewer,med,0,0,0,0,3.6,1,-0.1,3.5
21,5,14,21_14,panelist,high,1,1,0,0,3.6,1,-0.1,3.5
21,5,15,21_15,reviewer,med,0,0,0,0,3.6,0,0,3.6
21,5,16,21_16,panelist,med,1,0,0,0,3.6,0,0,3.6
21,5,17,21_17,panelist,none,1,0,0,1,3.6,1,0.1,3.7
21,5,18,21_18,reviewer,med,0,0,0,0,3.6,1,0.1,3.7
21,5,19,21_19,panelist,med,1,0,0,0,3.6,0,0,3.6
21,5,20,21_20,panelist,high,1,1,0,0,3.6,0,0,3.6
21,5,21,21_21,panelist,none,1,0,0,1,3.6,0,0,3.6
21,5,22,21_22,panelist,low,1,0,1,0,3.6,0,0,3.6
21,5,23,21_23,panelist,low,1,0,1,0,3.6,0,0,3.6
21,5,24,21_24,panelist,med,1,0,0,0,3.6,1,0.2,3.8
21,6,01,21_01,panelist,low,1,0,1,0,3.5,0,0,3.5
21,6,02,21_02,reviewer,med,0,0,0,0,3.5,0,0,3.5
21,6,03,21_03,panelist,low,1,0,1,0,3.5,1,-0.1,3.5
21,6,04,21_04,reviewer,none,0,0,0,1,3.5,1,0.1,3.6
21,6,05,21_05,panelist,med,1,0,0,0,3.5,0,0,3.5
21,6,06,21_06,panelist,med,1,0,0,0,3.5,1,0.3,3.8
21,6,07,21_07,panelist,med,1,0,0,0,3.5,0,0,3.5
21,6,08,21_08,reviewer,low,0,0,1,0,3.5,1,-0.1,3.5
21,6,09,21_09,panelist,high,1,1,0,0,3.5,0,0,3.5
21,6,10,21_10,panelist,med,1,0,0,0,3.5,0,0,3.5
21,6,11,21_11,panelist,high,1,1,0,0,3.5,1,0.1,3.6
21,6,12,21_12,panelist,none,1,0,0,1,3.5,1,0.1,3.6
21,6,13,21_13,panelist,high,1,1,0,0,3.5,0,0,3.5
21,6,14,21_14,panelist,high,1,1,0,0,3.5,0,0,3.5
21,6,15,21_15,panelist,med,1,0,0,0,3.5,0,0,3.5
21,6,16,21_16,panelist,low,1,0,1,0,3.5,0,0,3.5
21,6,17,21_17,panelist,med,1,0,0,0,3.5,1,0.1,3.6
21,6,18,21_18,panelist,high,1,1,0,0,3.5,1,0.1,3.6
21,6,19,21_19,panelist,high,1,1,0,0,3.5,0,0,3.5
21,6,20,21_20,panelist,med,1,0,0,0,3.5,1,-0.1,3.5
21,6,21,21_21,panelist,none,1,0,0,1,3.5,1,0.1,3.6
21,6,22,21_22,panelist,med,1,0,0,0,3.5,0,0,3.5
21,6,23,21_23,panelist,med,1,0,0,0,3.5,0,0,3.5
21,6,24,21_24,panelist,none,1,0,0,1,3.5,0,0,3.5
21,7,01,21_01,reviewer,low,0,0,1,0,3.8,0,0,3.8
21,7,02,21_02,panelist,med,1,0,0,0,3.8,0,0,3.8
21,7,03,21_03,panelist,med,1,0,0,0,3.8,0,0,3.8
21,7,04,21_04,panelist,high,1,1,0,0,3.8,1,0.1,3.9
21,7,05,21_05,panelist,med,1,0,0,0,3.8,0,0,3.8
21,7,06,21_06,reviewer,med,0,0,0,0,3.8,0,0,3.8
21,7,07,21_07,panelist,med,1,0,0,0,3.8,0,0,3.8
21,7,08,21_08,panelist,high,1,1,0,0,3.8,0,0,3.8
21,7,09,21_09,panelist,med,1,0,0,0,3.8,0,0,3.8
21,7,10,21_10,panelist,high,1,1,0,0,3.8,0,0,3.8
21,7,11,21_11,panelist,med,1,0,0,0,3.8,1,0.1,3.9
21,7,12,21_12,panelist,none,1,0,0,1,3.8,1,0.2,4
21,7,13,21_13,panelist,high,1,1,0,0,3.8,0,0,3.8
21,7,14,21_14,panelist,low,1,0,1,0,3.8,1,-0.1,3.7
21,7,15,21_15,panelist,none,1,0,0,1,3.8,1,0.1,3.9
21,7,16,21_16,panelist,med,1,0,0,0,3.8,0,0,3.8
21,7,17,21_17,panelist,high,1,1,0,0,3.8,1,0.2,4
21,7,18,21_18,panelist,none,1,0,0,1,3.8,1,0.3,4.1
21,7,19,21_19,panelist,low,1,0,1,0,3.8,0,0,3.8
21,7,20,21_20,panelist,high,1,1,0,0,3.8,0,0,3.8
21,7,21,21_21,panelist,med,1,0,0,0,3.8,0,0,3.8
21,7,22,21_22,panelist,med,1,0,0,0,3.8,0,0,3.8
21,7,23,21_23,reviewer,low,0,0,1,0,3.8,1,0.2,4
21,7,24,21_24,panelist,none,1,0,0,1,3.8,1,-0.2,3.6
21,8,01,21_01,panelist,none,1,0,0,1,3.5,0,0,3.5
21,8,02,21_02,panelist,low,1,0,1,0,3.5,0,0,3.5
21,8,03,21_03,panelist,none,1,0,0,1,3.5,1,-0.1,3.5
21,8,04,21_04,panelist,high,1,1,0,0,3.5,0,0,3.5
21,8,05,21_05,panelist,low,1,0,1,0,3.5,1,0.1,3.6
21,8,06,21_06,panelist,med,1,0,0,0,3.5,0,0,3.5
21,8,07,21_07,panelist,low,1,0,1,0,3.5,1,0.1,3.6
21,8,08,21_08,panelist,med,1,0,0,0,3.5,0,0,3.5
21,8,09,21_09,panelist,high,1,1,0,0,3.5,0,0,3.5
21,8,10,21_10,panelist,none,1,0,0,1,3.5,0,0,3.5
21,8,11,21_11,reviewer,med,0,0,0,0,3.5,1,-0.1,3.5
21,8,12,21_12,panelist,none,1,0,0,1,3.5,0,0,3.5
21,8,13,21_13,panelist,high,1,1,0,0,3.5,0,0,3.5
21,8,14,21_14,panelist,med,1,0,0,0,3.5,0,0,3.5
21,8,15,21_15,reviewer,med,0,0,0,0,3.5,0,0,3.5
21,8,16,21_16,panelist,med,1,0,0,0,3.5,1,0.3,3.8
21,8,17,21_17,panelist,med,1,0,0,0,3.5,0,0,3.5
21,8,18,21_18,panelist,high,1,1,0,0,3.5,1,0.4,3.9
21,8,19,21_19,panelist,high,1,1,0,0,3.5,0,0,3.5
21,8,20,21_20,panelist,med,1,0,0,0,3.5,1,-0.2,3.5
21,8,21,21_21,reviewer,med,0,0,0,0,3.5,0,0,3.5
21,8,22,21_22,panelist,low,1,0,1,0,3.5,1,-0.2,3.5
21,8,23,21_23,panelist,med,1,0,0,0,3.5,1,0.1,3.6
21,8,24,21_24,panelist,high,1,1,0,0,3.5,0,0,3.5
21,9,01,21_01,panelist,none,1,0,0,1,4.1,1,-0.1,4
21,9,02,21_02,panelist,high,1,1,0,0,4.1,0,0,4.1
21,9,03,21_03,panelist,med,1,0,0,0,4.1,1,0.1,4.2
21,9,04,21_04,panelist,none,1,0,0,1,4.1,1,0.1,4.2
21,9,05,21_05,panelist,high,1,1,0,0,4.1,1,0.2,4.3
21,9,06,21_06,panelist,med,1,0,0,0,4.1,0,0,4.1
21,9,07,21_07,reviewer,high,0,1,0,0,4.1,0,0,4.1
21,9,08,21_08,panelist,none,1,0,0,1,4.1,0,0,4.1
21,9,09,21_09,panelist,high,1,1,0,0,4.1,0,0,4.1
21,9,10,21_10,reviewer,low,0,0,1,0,4.1,0,0,4.1
21,9,11,21_11,panelist,med,1,0,0,0,4.1,0,0,4.1
21,9,12,21_12,panelist,low,1,0,1,0,4.1,1,0.1,4.2
21,9,13,21_13,panelist,med,1,0,0,0,4.1,0,0,4.1
21,9,14,21_14,panelist,high,1,1,0,0,4.1,0,0,4.1
21,9,15,21_15,panelist,med,1,0,0,0,4.1,1,-0.2,3.9
21,9,16,21_16,panelist,low,1,0,1,0,4.1,0,0,4.1
21,9,17,21_17,reviewer,none,0,0,0,1,4.1,0,0,4.1
21,9,18,21_18,panelist,low,1,0,1,0,4.1,1,0.2,4.3
21,9,19,21_19,panelist,med,1,0,0,0,4.1,0,0,4.1
21,9,20,21_20,panelist,med,1,0,0,0,4.1,1,0.1,4.2
21,9,21,21_21,panelist,med,1,0,0,0,4.1,0,0,4.1
21,9,22,21_22,panelist,med,1,0,0,0,4.1,1,-0.2,3.9
21,9,23,21_23,panelist,med,1,0,0,0,4.1,1,0.1,4.2
21,9,24,21_24,panelist,high,1,1,0,0,4.1,0,0,4.1
21,10,01,21_01,panelist,low,1,0,1,0,4.4,1,0.3,4.7
21,10,02,21_02,panelist,high,1,1,0,0,4.4,0,0,4.4
21,10,03,21_03,reviewer,med,0,0,0,0,4.4,0,0,4.4
21,10,04,21_04,panelist,high,1,1,0,0,4.4,0,0,4.4
21,10,05,21_05,panelist,high,1,1,0,0,4.4,0,0,4.4
21,10,06,21_06,panelist,med,1,0,0,0,4.4,0,0,4.4
21,10,07,21_07,panelist,med,1,0,0,0,4.4,0,0,4.4
21,10,08,21_08,panelist,med,1,0,0,0,4.4,1,0.1,4.5
21,10,09,21_09,panelist,med,1,0,0,0,4.4,1,0.2,4.6
21,10,10,21_10,panelist,high,1,1,0,0,4.4,1,-0.2,4.2
21,10,11,21_11,panelist,low,1,0,1,0,4.4,1,0.2,4.6
21,10,12,21_12,panelist,low,1,0,1,0,4.4,0,0,4.4
21,10,13,21_13,panelist,none,1,0,0,1,4.4,0,0,4.4
21,10,14,21_14,panelist,low,1,0,1,0,4.4,0,0,4.4
21,10,15,21_15,panelist,med,1,0,0,0,4.4,1,0.1,4.5
21,10,16,21_16,panelist,med,1,0,0,0,4.4,1,-0.2,4.2
21,10,17,21_17,reviewer,high,0,1,0,0,4.4,1,-0.1,4.3
21,10,18,21_18,panelist,med,1,0,0,0,4.4,0,0,4.4
21,10,19,21_19,panelist,med,1,0,0,0,4.4,1,0.3,4.7
21,10,20,21_20,panelist,none,1,0,0,1,4.4,0,0,4.4
21,10,21,21_21,panelist,none,1,0,0,1,4.4,1,0.2,4.6
21,10,22,21_22,panelist,none,1,0,0,1,4.4,1,-0.1,4.3
21,10,23,21_23,reviewer,med,0,0,0,0,4.4,1,0.1,4.5
21,10,24,21_24,panelist,high,1,1,0,0,4.4,0,0,4.4
21,11,01,21_01,panelist,med,1,0,0,0,4.1,1,0.1,4.2
21,11,02,21_02,reviewer,med,0,0,0,0,4.1,0,0,4.1
21,11,03,21_03,panelist,med,1,0,0,0,4.1,1,0.2,4.3
21,11,04,21_04,panelist,high,1,1,0,0,4.1,0,0,4.1
21,11,05,21_05,panelist,high,1,1,0,0,4.1,0,0,4.1
21,11,06,21_06,panelist,none,1,0,0,1,4.1,0,0,4.1
21,11,07,21_07,panelist,low,1,0,1,0,4.1,0,0,4.1
21,11,08,21_08,reviewer,high,0,1,0,0,4.1,0,0,4.1
21,11,09,21_09,panelist,low,1,0,1,0,4.1,0,0,4.1
21,11,10,21_10,panelist,med,1,0,0,0,4.1,0,0,4.1
21,11,11,21_11,panelist,low,1,0,1,0,4.1,0,0,4.1
21,11,12,21_12,reviewer,med,0,0,0,0,4.1,0,0,4.1
21,11,13,21_13,panelist,med,1,0,0,0,4.1,0,0,4.1
21,11,14,21_14,panelist,none,1,0,0,1,4.1,0,0,4.1
21,11,15,21_15,panelist,none,1,0,0,1,4.1,0,0,4.1
21,11,16,21_16,panelist,med,1,0,0,0,4.1,0,0,4.1
21,11,17,21_17,panelist,none,1,0,0,1,4.1,0,0,4.1
21,11,18,21_18,panelist,high,1,1,0,0,4.1,1,0.2,4.3
21,11,19,21_19,panelist,med,1,0,0,0,4.1,0,0,4.1
21,11,20,21_20,panelist,high,1,1,0,0,4.1,0,0,4.1
21,11,21,21_21,panelist,low,1,0,1,0,4.1,0,0,4.1
21,11,22,21_22,panelist,med,1,0,0,0,4.1,1,0.2,4.3
21,11,23,21_23,panelist,high,1,1,0,0,4.1,0,0,4.1
21,11,24,21_24,panelist,med,1,0,0,0,4.1,0,0,4.1
21,12,01,21_01,panelist,med,1,0,0,0,4.7,0,0,4.7
21,12,02,21_02,panelist,none,1,0,0,1,4.7,0,0,4.7
21,12,03,21_03,panelist,none,1,0,0,1,4.7,1,0.3,4.9
21,12,04,21_04,panelist,med,1,0,0,0,4.7,0,0,4.7
21,12,05,21_05,panelist,med,1,0,0,0,4.7,1,-0.1,4.6
21,12,06,21_06,panelist,high,1,1,0,0,4.7,0,0,4.7
21,12,07,21_07,panelist,med,1,0,0,0,4.7,0,0,4.7
21,12,08,21_08,reviewer,low,0,0,1,0,4.7,0,0,4.7
21,12,09,21_09,panelist,none,1,0,0,1,4.7,0,0,4.7
21,12,10,21_10,panelist,high,1,1,0,0,4.7,0,0,4.7
21,12,11,21_11,panelist,med,1,0,0,0,4.7,0,0,4.7
21,12,12,21_12,reviewer,med,0,0,0,0,4.7,0,0,4.7
21,12,13,21_13,panelist,low,1,0,1,0,4.7,0,0,4.7
21,12,14,21_14,panelist,low,1,0,1,0,4.7,0,0,4.7
21,12,15,21_15,panelist,high,1,1,0,0,4.7,0,0,4.7
21,12,16,21_16,panelist,med,1,0,0,0,4.7,1,-0.1,4.6
21,12,17,21_17,panelist,none,1,0,0,1,4.7,0,0,4.7
21,12,18,21_18,panelist,high,1,1,0,0,4.7,0,0,4.7
21,12,19,21_19,panelist,med,1,0,0,0,4.7,0,0,4.7
21,12,20,21_20,panelist,high,1,1,0,0,4.7,1,-0.2,4.5
21,12,21,21_21,panelist,med,1,0,0,0,4.7,0,0,4.7
21,12,22,21_22,reviewer,high,0,1,0,0,4.7,0,0,4.7
21,12,23,21_23,panelist,low,1,0,1,0,4.7,0,0,4.7
21,12,24,21_24,panelist,med,1,0,0,0,4.7,1,0.2,4.9
21,13,01,21_01,panelist,high,1,1,0,0,4.5,0,0,4.5
21,13,02,21_02,panelist,high,1,1,0,0,4.5,0,0,4.5
21,13,03,21_03,reviewer,high,0,1,0,0,4.5,0,0,4.5
21,13,04,21_04,panelist,med,1,0,0,0,4.5,1,-0.1,4.4
21,13,05,21_05,reviewer,none,0,0,0,1,4.5,0,0,4.5
21,13,06,21_06,panelist,high,1,1,0,0,4.5,1,-0.2,4.3
21,13,07,21_07,panelist,med,1,0,0,0,4.5,1,-0.1,4.4
21,13,08,21_08,panelist,low,1,0,1,0,4.5,1,0.1,4.6
21,13,09,21_09,panelist,low,1,0,1,0,4.5,1,-0.1,4.4
21,13,10,21_10,panelist,med,1,0,0,0,4.5,1,-0.1,4.4
21,13,11,21_11,panelist,med,1,0,0,0,4.5,0,0,4.5
21,13,12,21_12,panelist,none,1,0,0,1,4.5,0,0,4.5
21,13,13,21_13,panelist,low,1,0,1,0,4.5,0,0,4.5
21,13,14,21_14,panelist,none,1,0,0,1,4.5,0,0,4.5
21,13,15,21_15,panelist,med,1,0,0,0,4.5,0,0,4.5
21,13,16,21_16,panelist,high,1,1,0,0,4.5,0,0,4.5
21,13,17,21_17,panelist,med,1,0,0,0,4.5,1,-0.1,4.4
21,13,18,21_18,reviewer,low,0,0,1,0,4.5,0,0,4.5
21,13,19,21_19,panelist,med,1,0,0,0,4.5,0,0,4.5
21,13,20,21_20,panelist,med,1,0,0,0,4.5,0,0,4.5
21,13,21,21_21,panelist,med,1,0,0,0,4.5,1,0.2,4.7
21,13,22,21_22,panelist,med,1,0,0,0,4.5,1,0.1,4.6
21,13,23,21_23,panelist,high,1,1,0,0,4.5,1,0.1,4.6
21,13,24,21_24,panelist,none,1,0,0,1,4.5,0,0,4.5
21,14,01,21_01,panelist,high,1,1,0,0,3.5,0,0,3.5
21,14,02,21_02,panelist,high,1,1,0,0,3.5,1,-0.2,3.5
21,14,03,21_03,panelist,high,1,1,0,0,3.5,0,0,3.5
21,14,04,21_04,panelist,high,1,1,0,0,3.5,0,0,3.5
21,14,05,21_05,panelist,med,1,0,0,0,3.5,0,0,3.5
21,14,06,21_06,panelist,low,1,0,1,0,3.5,0,0,3.5
21,14,07,21_07,panelist,med,1,0,0,0,3.5,1,0.1,3.6
21,14,08,21_08,panelist,none,1,0,0,1,3.5,1,-0.1,3.5
21,14,09,21_09,reviewer,med,0,0,0,0,3.5,1,-0.2,3.5
21,14,10,21_10,panelist,none,1,0,0,1,3.5,0,0,3.5
21,14,11,21_11,panelist,low,1,0,1,0,3.5,1,0.2,3.7
21,14,12,21_12,panelist,med,1,0,0,0,3.5,0,0,3.5
21,14,13,21_13,panelist,med,1,0,0,0,3.5,1,0.1,3.6
21,14,14,21_14,panelist,high,1,1,0,0,3.5,0,0,3.5
21,14,15,21_15,panelist,med,1,0,0,0,3.5,1,-0.2,3.5
21,14,16,21_16,panelist,high,1,1,0,0,3.5,0,0,3.5
21,14,17,21_17,reviewer,med,0,0,0,0,3.5,0,0,3.5
21,14,18,21_18,panelist,low,1,0,1,0,3.5,0,0,3.5
21,14,19,21_19,panelist,none,1,0,0,1,3.5,1,0.1,3.6
21,14,20,21_20,panelist,med,1,0,0,0,3.5,0,0,3.5
21,14,21,21_21,panelist,low,1,0,1,0,3.5,1,-0.2,3.5
21,14,22,21_22,panelist,med,1,0,0,0,3.5,0,0,3.5
21,14,23,21_23,reviewer,med,0,0,0,0,3.5,1,-0.1,3.5
21,14,24,21_24,panelist,none,1,0,0,1,3.5,0,0,3.5
21,15,01,21_01,panelist,med,1,0,0,0,4.2,1,-0.1,4.1
21,15,02,21_02,panelist,none,1,0,0,1,4.2,1,0.1,4.3
21,15,03,21_03,panelist,high,1,1,0,0,4.2,0,0,4.2
21,15,04,21_04,panelist,none,1,0,0,1,4.2,0,0,4.2
21,15,05,21_05,panelist,low,1,0,1,0,4.2,0,0,4.2
21,15,06,21_06,panelist,med,1,0,0,0,4.2,0,0,4.2
21,15,07,21_07,panelist,high,1,1,0,0,4.2,0,0,4.2
21,15,08,21_08,panelist,high,1,1,0,0,4.2,1,-0.1,4.1
21,15,09,21_09,panelist,med,1,0,0,0,4.2,0,0,4.2
21,15,10,21_10,panelist,high,1,1,0,0,4.2,0,0,4.2
21,15,11,21_11,panelist,med,1,0,0,0,4.2,0,0,4.2
21,15,12,21_12,panelist,low,1,0,1,0,4.2,0,0,4.2
21,15,13,21_13,panelist,high,1,1,0,0,4.2,0,0,4.2
21,15,14,21_14,panelist,high,1,1,0,0,4.2,1,-0.1,4.1
21,15,15,21_15,panelist,med,1,0,0,0,4.2,1,-0.1,4.1
21,15,16,21_16,panelist,med,1,0,0,0,4.2,1,0.1,4.3
21,15,17,21_17,panelist,low,1,0,1,0,4.2,0,0,4.2
21,15,18,21_18,reviewer,med,0,0,0,0,4.2,0,0,4.2
21,15,19,21_19,reviewer,none,0,0,0,1,4.2,0,0,4.2
21,15,20,21_20,panelist,low,1,0,1,0,4.2,0,0,4.2
21,15,21,21_21,reviewer,med,0,0,0,0,4.2,1,0.2,4.4
21,15,22,21_22,panelist,med,1,0,0,0,4.2,0,0,4.2
21,15,23,21_23,panelist,none,1,0,0,1,4.2,1,-0.1,4.1
21,15,24,21_24,panelist,med,1,0,0,0,4.2,1,0.1,4.3
22,1,01,22_01,panelist,none,1,0,0,1,3.6,1,0.2,3.8
22,1,02,22_02,panelist,med,1,0,0,0,3.6,1,0.1,3.7
22,1,03,22_03,panelist,med,1,0,0,0,3.6,1,0.1,3.7
22,1,04,22_04,panelist,none,1,0,0,1,3.6,0,0,3.6
22,1,05,22_05,panelist,low,1,0,1,0,3.6,0,0,3.6
22,1,06,22_06,panelist,med,1,0,0,0,3.6,0,0,3.6
22,1,07,22_07,panelist,none,1,0,0,1,3.6,1,0.2,3.8
22,1,08,22_08,panelist,low,1,0,1,0,3.6,1,0.2,3.8
22,1,09,22_09,panelist,med,1,0,0,0,3.6,0,0,3.6
22,1,10,22_10,panelist,high,1,1,0,0,3.6,1,0.2,3.8
22,1,11,22_11,panelist,high,1,1,0,0,3.6,0,0,3.6
22,1,12,22_12,panelist,high,1,1,0,0,3.6,0,0,3.6
22,1,13,22_13,panelist,high,1,1,0,0,3.6,1,-0.3,3.5
22,1,14,22_14,panelist,low,1,0,1,0,3.6,0,0,3.6
22,1,15,22_15,reviewer,med,0,0,0,0,3.6,0,0,3.6
22,1,16,22_16,panelist,high,1,1,0,0,3.6,1,0.1,3.7
22,1,17,22_17,panelist,med,1,0,0,0,3.6,1,-0.1,3.5
22,1,18,22_18,panelist,none,1,0,0,1,3.6,1,0.1,3.7
22,1,19,22_19,panelist,med,1,0,0,0,3.6,0,0,3.6
22,1,20,22_20,reviewer,med,0,0,0,0,3.6,1,-0.1,3.5
22,1,21,22_21,panelist,med,1,0,0,0,3.6,0,0,3.6
22,1,22,22_22,panelist,med,1,0,0,0,3.6,1,0.1,3.7
22,1,23,22_23,reviewer,high,0,1,0,0,3.6,0,0,3.6
22,1,24,22_24,panelist,low,1,0,1,0,3.6,0,0,3.6
22,2,01,22_01,panelist,high,1,1,0,0,4.2,0,0,4.2
22,2,02,22_02,panelist,high,1,1,0,0,4.2,0,0,4.2
22,2,03,22_03,panelist,low,1,0,1,0,4.2,0,0,4.2
22,2,04,22_04,panelist,med,1,0,0,0,4.2,0,0,4.2
22,2,05,22_05,panelist,low,1,0,1,0,4.2,1,-0.3,3.9
22,2,06,22_06,panelist,med,1,0,0,0,4.2,0,0,4.2
22,2,07,22_07,panelist,none,1,0,0,1,4.2,0,0,4.2
22,2,08,22_08,panelist,none,1,0,0,1,4.2,0,0,4.2
22,2,09,22_09,panelist,low,1,0,1,0,4.2,1,-0.2,4
22,2,10,22_10,panelist,none,1,0,0,1,4.2,0,0,4.2
22,2,11,22_11,reviewer,med,0,0,0,0,4.2,0,0,4.2
22,2,12,22_12,panelist,med,1,0,0,0,4.2,0,0,4.2
22,2,13,22_13,panelist,high,1,1,0,0,4.2,0,0,4.2
22,2,14,22_14,panelist,med,1,0,0,0,4.2,0,0,4.2
22,2,15,22_15,panelist,high,1,1,0,0,4.2,1,-0.2,4
22,2,16,22_16,panelist,high,1,1,0,0,4.2,0,0,4.2
22,2,17,22_17,reviewer,med,0,0,0,0,4.2,1,0.1,4.3
22,2,18,22_18,panelist,med,1,0,0,0,4.2,1,-0.2,4
22,2,19,22_19,panelist,none,1,0,0,1,4.2,0,0,4.2
22,2,20,22_20,panelist,med,1,0,0,0,4.2,0,0,4.2
22,2,21,22_21,panelist,low,1,0,1,0,4.2,0,0,4.2
22,2,22,22_22,panelist,med,1,0,0,0,4.2,0,0,4.2
22,2,23,22_23,reviewer,med,0,0,0,0,4.2,0,0,4.2
22,2,24,22_24,panelist,high,1,1,0,0,4.2,0,0,4.2
22,3,01,22_01,panelist,high,1,1,0,0,4.1,0,0,4.1
22,3,02,22_02,panelist,high,1,1,0,0,4.1,0,0,4.1
22,3,03,22_03,panelist,med,1,0,0,0,4.1,0,0,4.1
22,3,04,22_04,panelist,med,1,0,0,0,4.1,0,0,4.1
22,3,05,22_05,panelist,med,1,0,0,0,4.1,1,0.2,4.3
22,3,06,22_06,panelist,low,1,0,1,0,4.1,1,-0.1,4
22,3,07,22_07,panelist,none,1,0,0,1,4.1,1,-0.1,4
22,3,08,22_08,panelist,low,1,0,1,0,4.1,1,-0.3,3.8
22,3,09,22_09,panelist,high,1,1,0,0,4.1,0,0,4.1
22,3,10,22_10,reviewer,high,0,1,0,0,4.1,0,0,4.1
22,3,11,22_11,panelist,med,1,0,0,0,4.1,1,-0.2,3.9
22,3,12,22_12,panelist,med,1,0,0,0,4.1,0,0,4.1
22,3,13,22_13,reviewer,med,0,0,0,0,4.1,0,0,4.1
22,3,14,22_14,reviewer,med,0,0,0,0,4.1,0,0,4.1
22,3,15,22_15,panelist,high,1,1,0,0,4.1,0,0,4.1
22,3,16,22_16,panelist,med,1,0,0,0,4.1,0,0,4.1
22,3,17,22_17,panelist,low,1,0,1,0,4.1,0,0,4.1
22,3,18,22_18,panelist,high,1,1,0,0,4.1,0,0,4.1
22,3,19,22_19,panelist,none,1,0,0,1,4.1,1,-0.4,3.7
22,3,20,22_20,panelist,med,1,0,0,0,4.1,0,0,4.1
22,3,21,22_21,panelist,med,1,0,0,0,4.1,0,0,4.1
22,3,22,22_22,panelist,low,1,0,1,0,4.1,0,0,4.1
22,3,23,22_23,panelist,none,1,0,0,1,4.1,0,0,4.1
22,3,24,22_24,panelist,none,1,0,0,1,4.1,0,0,4.1
22,4,01,22_01,panelist,med,1,0,0,0,3.8,1,-0.1,3.7
22,4,02,22_02,panelist,med,1,0,0,0,3.8,1,-0.2,3.6
22,4,03,22_03,panelist,med,1,0,0,0,3.8,0,0,3.8
22,4,04,22_04,panelist,high,1,1,0,0,3.8,0,0,3.8
22,4,05,22_05,panelist,low,1,0,1,0,3.8,0,0,3.8
22,4,06,22_06,reviewer,none,0,0,0,1,3.8,0,0,3.8
22,4,07,22_07,panelist,low,1,0,1,0,3.8,0,0,3.8
22,4,08,22_08,panelist,high,1,1,0,0,3.8,0,0,3.8
22,4,09,22_09,panelist,high,1,1,0,0,3.8,0,0,3.8
22,4,10,22_10,panelist,high,1,1,0,0,3.8,0,0,3.8
22,4,11,22_11,panelist,med,1,0,0,0,3.8,0,0,3.8
22,4,12,22_12,panelist,med,1,0,0,0,3.8,1,0.3,4.1
22,4,13,22_13,panelist,med,1,0,0,0,3.8,0,0,3.8
22,4,14,22_14,panelist,med,1,0,0,0,3.8,0,0,3.8
22,4,15,22_15,panelist,high,1,1,0,0,3.8,0,0,3.8
22,4,16,22_16,panelist,med,1,0,0,0,3.8,0,0,3.8
22,4,17,22_17,panelist,med,1,0,0,0,3.8,0,0,3.8
22,4,18,22_18,panelist,low,1,0,1,0,3.8,0,0,3.8
22,4,19,22_19,panelist,med,1,0,0,0,3.8,1,0.3,4.1
22,4,20,22_20,panelist,low,1,0,1,0,3.8,0,0,3.8
22,4,21,22_21,panelist,high,1,1,0,0,3.8,0,0,3.8
22,4,22,22_22,reviewer,none,0,0,0,1,3.8,0,0,3.8
22,4,23,22_23,panelist,none,1,0,0,1,3.8,0,0,3.8
22,4,24,22_24,reviewer,none,0,0,0,1,3.8,0,0,3.8
22,5,01,22_01,panelist,med,1,0,0,0,3.7,0,0,3.7
22,5,02,22_02,panelist,high,1,1,0,0,3.7,1,0.1,3.8
22,5,03,22_03,panelist,med,1,0,0,0,3.7,0,0,3.7
22,5,04,22_04,panelist,low,1,0,1,0,3.7,0,0,3.7
22,5,05,22_05,panelist,med,1,0,0,0,3.7,0,0,3.7
22,5,06,22_06,panelist,high,1,1,0,0,3.7,0,0,3.7
22,5,07,22_07,panelist,none,1,0,0,1,3.7,0,0,3.7
22,5,08,22_08,panelist,med,1,0,0,0,3.7,1,0.1,3.8
22,5,09,22_09,panelist,med,1,0,0,0,3.7,0,0,3.7
22,5,10,22_10,panelist,low,1,0,1,0,3.7,1,0.1,3.8
22,5,11,22_11,panelist,none,1,0,0,1,3.7,0,0,3.7
22,5,12,22_12,panelist,low,1,0,1,0,3.7,0,0,3.7
22,5,13,22_13,reviewer,low,0,0,1,0,3.7,1,0.3,4
22,5,14,22_14,panelist,none,1,0,0,1,3.7,1,-0.1,3.6
22,5,15,22_15,reviewer,high,0,1,0,0,3.7,0,0,3.7
22,5,16,22_16,panelist,med,1,0,0,0,3.7,0,0,3.7
22,5,17,22_17,reviewer,med,0,0,0,0,3.7,0,0,3.7
22,5,18,22_18,panelist,high,1,1,0,0,3.7,0,0,3.7
22,5,19,22_19,panelist,med,1,0,0,0,3.7,1,-0.3,3.5
22,5,20,22_20,panelist,high,1,1,0,0,3.7,1,0.2,3.9
22,5,21,22_21,panelist,med,1,0,0,0,3.7,0,0,3.7
22,5,22,22_22,panelist,high,1,1,0,0,3.7,0,0,3.7
22,5,23,22_23,panelist,med,1,0,0,0,3.7,0,0,3.7
22,5,24,22_24,panelist,none,1,0,0,1,3.7,1,-0.4,3.5
22,6,01,22_01,panelist,low,1,0,1,0,3.5,0,0,3.5
22,6,02,22_02,reviewer,med,0,0,0,0,3.5,0,0,3.5
22,6,03,22_03,panelist,high,1,1,0,0,3.5,0,0,3.5
22,6,04,22_04,panelist,low,1,0,1,0,3.5,1,-0.3,3.5
22,6,05,22_05,panelist,high,1,1,0,0,3.5,1,-0.3,3.5
22,6,06,22_06,panelist,med,1,0,0,0,3.5,0,0,3.5
22,6,07,22_07,panelist,med,1,0,0,0,3.5,0,0,3.5
22,6,08,22_08,panelist,med,1,0,0,0,3.5,0,0,3.5
22,6,09,22_09,panelist,high,1,1,0,0,3.5,0,0,3.5
22,6,10,22_10,panelist,med,1,0,0,0,3.5,1,-0.2,3.5
22,6,11,22_11,panelist,low,1,0,1,0,3.5,0,0,3.5
22,6,12,22_12,panelist,med,1,0,0,0,3.5,1,-0.2,3.5
22,6,13,22_13,panelist,none,1,0,0,1,3.5,0,0,3.5
22,6,14,22_14,panelist,med,1,0,0,0,3.5,0,0,3.5
22,6,15,22_15,panelist,med,1,0,0,0,3.5,0,0,3.5
22,6,16,22_16,reviewer,high,0,1,0,0,3.5,0,0,3.5
22,6,17,22_17,panelist,none,1,0,0,1,3.5,1,0.3,3.8
22,6,18,22_18,reviewer,med,0,0,0,0,3.5,0,0,3.5
22,6,19,22_19,panelist,high,1,1,0,0,3.5,0,0,3.5
22,6,20,22_20,panelist,high,1,1,0,0,3.5,1,0.1,3.6
22,6,21,22_21,panelist,low,1,0,1,0,3.5,1,0.1,3.6
22,6,22,22_22,panelist,none,1,0,0,1,3.5,0,0,3.5
22,6,23,22_23,panelist,med,1,0,0,0,3.5,0,0,3.5
22,6,24,22_24,panelist,none,1,0,0,1,3.5,1,0.1,3.6
22,7,01,22_01,panelist,high,1,1,0,0,3.9,0,0,3.9
22,7,02,22_02,panelist,high,1,1,0,0,3.9,1,-0.2,3.7
22,7,03,22_03,panelist,med,1,0,0,0,3.9,0,0,3.9
22,7,04,22_04,panelist,none,1,0,0,1,3.9,1,-0.1,3.8
22,7,05,22_05,reviewer,none,0,0,0,1,3.9,0,0,3.9
22,7,06,22_06,panelist,high,1,1,0,0,3.9,0,0,3.9
22,7,07,22_07,panelist,med,1,0,0,0,3.9,1,-0.2,3.7
22,7,08,22_08,reviewer,med,0,0,0,0,3.9,0,0,3.9
22,7,09,22_09,panelist,high,1,1,0,0,3.9,0,0,3.9
22,7,10,22_10,panelist,low,1,0,1,0,3.9,0,0,3.9
22,7,11,22_11,panelist,high,1,1,0,0,3.9,0,0,3.9
22,7,12,22_12,panelist,med,1,0,0,0,3.9,1,0.1,4
22,7,13,22_13,panelist,low,1,0,1,0,3.9,0,0,3.9
22,7,14,22_14,panelist,high,1,1,0,0,3.9,0,0,3.9
22,7,15,22_15,panelist,none,1,0,0,1,3.9,1,-0.2,3.7
22,7,16,22_16,panelist,med,1,0,0,0,3.9,1,-0.1,3.8
22,7,17,22_17,panelist,med,1,0,0,0,3.9,0,0,3.9
22,7,18,22_18,panelist,low,1,0,1,0,3.9,1,0.3,4.2
22,7,19,22_19,panelist,med,1,0,0,0,3.9,0,0,3.9
22,7,20,22_20,panelist,med,1,0,0,0,3.9,0,0,3.9
22,7,21,22_21,panelist,med,1,0,0,0,3.9,0,0,3.9
22,7,22,22_22,reviewer,med,0,0,0,0,3.9,0,0,3.9
22,7,23,22_23,panelist,none,1,0,0,1,3.9,0,0,3.9
22,7,24,22_24,panelist,low,1,0,1,0,3.9,0,0,3.9
22,8,01,22_01,panelist,high,1,1,0,0,3.5,1,-0.1,3.5
22,8,02,22_02,panelist,med,1,0,0,0,3.5,1,0.1,3.6
22,8,03,22_03,panelist,med,1,0,0,0,3.5,0,0,3.5
22,8,04,22_04,reviewer,high,0,1,0,0,3.5,0,0,3.5
22,8,05,22_05,panelist,med,1,0,0,0,3.5,1,-0.1,3.5
22,8,06,22_06,panelist,med,1,0,0,0,3.5,0,0,3.5
22,8,07,22_07,panelist,none,1,0,0,1,3.5,1,0.2,3.7
22,8,08,22_08,panelist,none,1,0,0,1,3.5,0,0,3.5
22,8,09,22_09,panelist,med,1,0,0,0,3.5,1,-0.3,3.5
22,8,10,22_10,panelist,low,1,0,1,0,3.5,1,-0.2,3.5
22,8,11,22_11,panelist,low,1,0,1,0,3.5,0,0,3.5
22,8,12,22_12,panelist,none,1,0,0,1,3.5,1,-0.1,3.5
22,8,13,22_13,panelist,med,1,0,0,0,3.5,0,0,3.5
22,8,14,22_14,panelist,med,1,0,0,0,3.5,1,0.2,3.7
22,8,15,22_15,panelist,med,1,0,0,0,3.5,1,-0.1,3.5
22,8,16,22_16,panelist,high,1,1,0,0,3.5,0,0,3.5
22,8,17,22_17,panelist,high,1,1,0,0,3.5,0,0,3.5
22,8,18,22_18,panelist,high,1,1,0,0,3.5,0,0,3.5
22,8,19,22_19,panelist,med,1,0,0,0,3.5,0,0,3.5
22,8,20,22_20,reviewer,low,0,0,1,0,3.5,0,0,3.5
22,8,21,22_21,panelist,med,1,0,0,0,3.5,0,0,3.5
22,8,22,22_22,panelist,none,1,0,0,1,3.5,0,0,3.5
22,8,23,22_23,panelist,high,1,1,0,0,3.5,1,0.1,3.6
22,8,24,22_24,reviewer,low,0,0,1,0,3.5,1,0.2,3.7
22,9,01,22_01,panelist,high,1,1,0,0,4.2,0,0,4.2
22,9,02,22_02,panelist,low,1,0,1,0,4.2,0,0,4.2
22,9,03,22_03,panelist,med,1,0,0,0,4.2,0,0,4.2
22,9,04,22_04,panelist,med,1,0,0,0,4.2,1,0.1,4.3
22,9,05,22_05,panelist,low,1,0,1,0,4.2,1,-0.3,3.9
22,9,06,22_06,panelist,none,1,0,0,1,4.2,1,-0.2,4
22,9,07,22_07,panelist,high,1,1,0,0,4.2,1,0.2,4.4
22,9,08,22_08,panelist,med,1,0,0,0,4.2,1,0.1,4.3
22,9,09,22_09,panelist,med,1,0,0,0,4.2,0,0,4.2
22,9,10,22_10,panelist,med,1,0,0,0,4.2,1,-0.1,4.1
22,9,11,22_11,panelist,med,1,0,0,0,4.2,1,0.1,4.3
22,9,12,22_12,panelist,none,1,0,0,1,4.2,1,0.2,4.4
22,9,13,22_13,reviewer,med,0,0,0,0,4.2,1,-0.1,4.1
22,9,14,22_14,panelist,high,1,1,0,0,4.2,1,-0.2,4
22,9,15,22_15,reviewer,med,0,0,0,0,4.2,0,0,4.2
22,9,16,22_16,panelist,high,1,1,0,0,4.2,1,-0.1,4.1
22,9,17,22_17,panelist,low,1,0,1,0,4.2,0,0,4.2
22,9,18,22_18,panelist,none,1,0,0,1,4.2,0,0,4.2
22,9,19,22_19,panelist,high,1,1,0,0,4.2,0,0,4.2
22,9,20,22_20,panelist,high,1,1,0,0,4.2,0,0,4.2
22,9,21,22_21,panelist,med,1,0,0,0,4.2,0,0,4.2
22,9,22,22_22,panelist,low,1,0,1,0,4.2,0,0,4.2
22,9,23,22_23,panelist,med,1,0,0,0,4.2,0,0,4.2
22,9,24,22_24,reviewer,none,0,0,0,1,4.2,0,0,4.2
22,10,01,22_01,panelist,high,1,1,0,0,4.5,0,0,4.5
22,10,02,22_02,panelist,high,1,1,0,0,4.5,1,-0.1,4.4
22,10,03,22_03,panelist,high,1,1,0,0,4.5,1,-0.2,4.3
22,10,04,22_04,panelist,med,1,0,0,0,4.5,0,0,4.5
22,10,05,22_05,panelist,med,1,0,0,0,4.5,0,0,4.5
22,10,06,22_06,panelist,low,1,0,1,0,4.5,0,0,4.5
22,10,07,22_07,panelist,med,1,0,0,0,4.5,0,0,4.5
22,10,08,22_08,reviewer,med,0,0,0,0,4.5,0,0,4.5
22,10,09,22_09,panelist,high,1,1,0,0,4.5,1,-0.1,4.4
22,10,10,22_10,panelist,low,1,0,1,0,4.5,0,0,4.5
22,10,11,22_11,panelist,med,1,0,0,0,4.5,1,-0.1,4.4
22,10,12,22_12,panelist,low,1,0,1,0,4.5,0,0,4.5
22,10,13,22_13,reviewer,med,0,0,0,0,4.5,0,0,4.5
22,10,14,22_14,panelist,med,1,0,0,0,4.5,1,0.2,4.7
22,10,15,22_15,reviewer,high,0,1,0,0,4.5,0,0,4.5
22,10,16,22_16,panelist,none,1,0,0,1,4.5,1,-0.2,4.3
22,10,17,22_17,panelist,med,1,0,0,0,4.5,1,0.1,4.6
22,10,18,22_18,panelist,none,1,0,0,1,4.5,1,-0.1,4.4
22,10,19,22_19,panelist,high,1,1,0,0,4.5,0,0,4.5
22,10,20,22_20,panelist,low,1,0,1,0,4.5,0,0,4.5
22,10,21,22_21,panelist,none,1,0,0,1,4.5,0,0,4.5
22,10,22,22_22,panelist,med,1,0,0,0,4.5,0,0,4.5
22,10,23,22_23,panelist,none,1,0,0,1,4.5,0,0,4.5
22,10,24,22_24,panelist,med,1,0,0,0,4.5,0,0,4.5
22,11,01,22_01,panelist,high,1,1,0,0,4.2,1,-0.2,4
22,11,02,22_02,panelist,high,1,1,0,0,4.2,0,0,4.2
22,11,03,22_03,panelist,low,1,0,1,0,4.2,1,-0.4,3.8
22,11,04,22_04,panelist,none,1,0,0,1,4.2,1,-0.1,4.1
22,11,05,22_05,panelist,med,1,0,0,0,4.2,0,0,4.2
22,11,06,22_06,panelist,med,1,0,0,0,4.2,0,0,4.2
22,11,07,22_07,panelist,none,1,0,0,1,4.2,0,0,4.2
22,11,08,22_08,panelist,low,1,0,1,0,4.2,0,0,4.2
22,11,09,22_09,panelist,high,1,1,0,0,4.2,1,0.1,4.3
22,11,10,22_10,reviewer,low,0,0,1,0,4.2,0,0,4.2
22,11,11,22_11,reviewer,med,0,0,0,0,4.2,0,0,4.2
22,11,12,22_12,panelist,none,1,0,0,1,4.2,0,0,4.2
22,11,13,22_13,panelist,high,1,1,0,0,4.2,1,0.1,4.3
22,11,14,22_14,reviewer,med,0,0,0,0,4.2,0,0,4.2
22,11,15,22_15,panelist,med,1,0,0,0,4.2,1,-0.2,4
22,11,16,22_16,panelist,high,1,1,0,0,4.2,1,-0.3,3.9
22,11,17,22_17,panelist,med,1,0,0,0,4.2,0,0,4.2
22,11,18,22_18,panelist,none,1,0,0,1,4.2,1,-0.2,4
22,11,19,22_19,panelist,med,1,0,0,0,4.2,0,0,4.2
22,11,20,22_20,panelist,med,1,0,0,0,4.2,0,0,4.2
22,11,21,22_21,panelist,low,1,0,1,0,4.2,0,0,4.2
22,11,22,22_22,panelist,med,1,0,0,0,4.2,0,0,4.2
22,11,23,22_23,panelist,med,1,0,0,0,4.2,1,0.1,4.3
22,11,24,22_24,panelist,high,1,1,0,0,4.2,1,0.1,4.3
22,12,01,22_01,panelist,low,1,0,1,0,4.8,0,0,4.8
22,12,02,22_02,panelist,med,1,0,0,0,4.8,1,0.2,4.9
22,12,03,22_03,panelist,low,1,0,1,0,4.8,1,-0.3,4.5
22,12,04,22_04,panelist,none,1,0,0,1,4.8,0,0,4.8
22,12,05,22_05,panelist,med,1,0,0,0,4.8,1,0.1,4.9
22,12,06,22_06,panelist,high,1,1,0,0,4.8,0,0,4.8
22,12,07,22_07,panelist,none,1,0,0,1,4.8,0,0,4.8
22,12,08,22_08,panelist,med,1,0,0,0,4.8,1,0.2,4.9
22,12,09,22_09,panelist,med,1,0,0,0,4.8,1,-0.1,4.7
22,12,10,22_10,panelist,high,1,1,0,0,4.8,0,0,4.8
22,12,11,22_11,panelist,med,1,0,0,0,4.8,0,0,4.8
22,12,12,22_12,panelist,med,1,0,0,0,4.8,1,-0.1,4.7
22,12,13,22_13,panelist,med,1,0,0,0,4.8,0,0,4.8
22,12,14,22_14,reviewer,low,0,0,1,0,4.8,0,0,4.8
22,12,15,22_15,reviewer,high,0,1,0,0,4.8,0,0,4.8
22,12,16,22_16,panelist,none,1,0,0,1,4.8,1,0.2,4.9
22,12,17,22_17,panelist,none,1,0,0,1,4.8,1,-0.1,4.7
22,12,18,22_18,panelist,med,1,0,0,0,4.8,1,-0.1,4.7
22,12,19,22_19,panelist,med,1,0,0,0,4.8,0,0,4.8
22,12,20,22_20,panelist,high,1,1,0,0,4.8,0,0,4.8
22,12,21,22_21,reviewer,high,0,1,0,0,4.8,0,0,4.8
22,12,22,22_22,panelist,low,1,0,1,0,4.8,1,0.1,4.9
22,12,23,22_23,panelist,high,1,1,0,0,4.8,0,0,4.8
22,12,24,22_24,panelist,med,1,0,0,0,4.8,0,0,4.8
22,13,01,22_01,panelist,high,1,1,0,0,4.6,0,0,4.6
22,13,02,22_02,panelist,med,1,0,0,0,4.6,1,0.2,4.8
22,13,03,22_03,panelist,med,1,0,0,0,4.6,1,0.1,4.7
22,13,04,22_04,panelist,none,1,0,0,1,4.6,0,0,4.6
22,13,05,22_05,panelist,med,1,0,0,0,4.6,0,0,4.6
22,13,06,22_06,reviewer,high,0,1,0,0,4.6,0,0,4.6
22,13,07,22_07,panelist,med,1,0,0,0,4.6,0,0,4.6
22,13,08,22_08,panelist,low,1,0,1,0,4.6,0,0,4.6
22,13,09,22_09,panelist,none,1,0,0,1,4.6,0,0,4.6
22,13,10,22_10,panelist,low,1,0,1,0,4.6,1,0.1,4.7
22,13,11,22_11,panelist,med,1,0,0,0,4.6,0,0,4.6
22,13,12,22_12,panelist,none,1,0,0,1,4.6,1,-0.2,4.4
22,13,13,22_13,panelist,none,1,0,0,1,4.6,0,0,4.6
22,13,14,22_14,panelist,med,1,0,0,0,4.6,0,0,4.6
22,13,15,22_15,panelist,high,1,1,0,0,4.6,0,0,4.6
22,13,16,22_16,panelist,med,1,0,0,0,4.6,0,0,4.6
22,13,17,22_17,panelist,med,1,0,0,0,4.6,1,-0.1,4.5
22,13,18,22_18,panelist,high,1,1,0,0,4.6,1,-0.1,4.5
22,13,19,22_19,reviewer,med,0,0,0,0,4.6,0,0,4.6
22,13,20,22_20,panelist,high,1,1,0,0,4.6,1,0.1,4.7
22,13,21,22_21,reviewer,high,0,1,0,0,4.6,0,0,4.6
22,13,22,22_22,panelist,low,1,0,1,0,4.6,0,0,4.6
22,13,23,22_23,panelist,med,1,0,0,0,4.6,0,0,4.6
22,13,24,22_24,panelist,low,1,0,1,0,4.6,0,0,4.6
22,14,01,22_01,panelist,med,1,0,0,0,3.5,1,0.2,3.7
22,14,02,22_02,panelist,high,1,1,0,0,3.5,0,0,3.5
22,14,03,22_03,panelist,med,1,0,0,0,3.5,1,-0.2,3.5
22,14,04,22_04,panelist,none,1,0,0,1,3.5,0,0,3.5
22,14,05,22_05,panelist,med,1,0,0,0,3.5,1,-0.1,3.5
22,14,06,22_06,panelist,med,1,0,0,0,3.5,0,0,3.5
22,14,07,22_07,reviewer,high,0,1,0,0,3.5,0,0,3.5
22,14,08,22_08,panelist,med,1,0,0,0,3.5,1,0.2,3.7
22,14,09,22_09,panelist,med,1,0,0,0,3.5,0,0,3.5
22,14,10,22_10,panelist,high,1,1,0,0,3.5,0,0,3.5
22,14,11,22_11,panelist,low,1,0,1,0,3.5,0,0,3.5
22,14,12,22_12,panelist,high,1,1,0,0,3.5,0,0,3.5
22,14,13,22_13,panelist,low,1,0,1,0,3.5,1,-0.3,3.5
22,14,14,22_14,panelist,med,1,0,0,0,3.5,1,-0.1,3.5
22,14,15,22_15,reviewer,med,0,0,0,0,3.5,1,-0.2,3.5
22,14,16,22_16,reviewer,low,0,0,1,0,3.5,0,0,3.5
22,14,17,22_17,panelist,none,1,0,0,1,3.5,0,0,3.5
22,14,18,22_18,panelist,high,1,1,0,0,3.5,0,0,3.5
22,14,19,22_19,panelist,none,1,0,0,1,3.5,0,0,3.5
22,14,20,22_20,panelist,low,1,0,1,0,3.5,0,0,3.5
22,14,21,22_21,panelist,none,1,0,0,1,3.5,1,-0.1,3.5
22,14,22,22_22,panelist,med,1,0,0,0,3.5,0,0,3.5
22,14,23,22_23,panelist,med,1,0,0,0,3.5,1,-0.1,3.5
22,14,24,22_24,panelist,high,1,1,0,0,3.5,0,0,3.5
22,15,01,22_01,panelist,med,1,0,0,0,4.3,0,0,4.3
22,15,02,22_02,panelist,high,1,1,0,0,4.3,0,0,4.3
22,15,03,22_03,panelist,none,1,0,0,1,4.3,1,0.1,4.4
22,15,04,22_04,panelist,med,1,0,0,0,4.3,0,0,4.3
22,15,05,22_05,reviewer,med,0,0,0,0,4.3,1,-0.3,4
22,15,06,22_06,panelist,med,1,0,0,0,4.3,1,-0.3,4
22,15,07,22_07,panelist,med,1,0,0,0,4.3,1,-0.2,4.1
22,15,08,22_08,panelist,none,1,0,0,1,4.3,1,0.2,4.5
22,15,09,22_09,panelist,low,1,0,1,0,4.3,1,0.1,4.4
22,15,10,22_10,reviewer,med,0,0,0,0,4.3,0,0,4.3
22,15,11,22_11,panelist,none,1,0,0,1,4.3,1,0.1,4.4
22,15,12,22_12,panelist,low,1,0,1,0,4.3,0,0,4.3
22,15,13,22_13,panelist,high,1,1,0,0,4.3,1,0.2,4.5
22,15,14,22_14,panelist,med,1,0,0,0,4.3,0,0,4.3
22,15,15,22_15,panelist,med,1,0,0,0,4.3,0,0,4.3
22,15,16,22_16,panelist,high,1,1,0,0,4.3,0,0,4.3
22,15,17,22_17,panelist,high,1,1,0,0,4.3,1,-0.3,4
22,15,18,22_18,panelist,none,1,0,0,1,4.3,0,0,4.3
22,15,19,22_19,panelist,low,1,0,1,0,4.3,0,0,4.3
22,15,20,22_20,panelist,high,1,1,0,0,4.3,0,0,4.3
22,15,21,22_21,panelist,med,1,0,0,0,4.3,1,-0.3,4
22,15,22,22_22,panelist,high,1,1,0,0,4.3,0,0,4.3
22,15,23,22_23,reviewer,med,0,0,0,0,4.3,1,-0.1,4.2
22,15,24,22_24,panelist,low,1,0,1,0,4.3,0,0,4.3
23,1,01,23_01,panelist,med,1,0,0,0,3.7,0,0,3.7
23,1,02,23_02,panelist,none,1,0,0,1,3.7,1,0.1,3.8
23,1,03,23_03,reviewer,low,0,0,1,0,3.7,0,0,3.7
23,1,04,23_04,panelist,high,1,1,0,0,3.7,1,-0.2,3.5
23,1,05,23_05,panelist,med,1,0,0,0,3.7,1,-0.1,3.6
23,1,06,23_06,panelist,med,1,0,0,0,3.7,0,0,3.7
23,1,07,23_07,panelist,high,1,1,0,0,3.7,0,0,3.7
23,1,08,23_08,reviewer,med,0,0,0,0,3.7,0,0,3.7
23,1,09,23_09,panelist,none,1,0,0,1,3.7,1,0.1,3.8
23,1,10,23_10,panelist,none,1,0,0,1,3.7,1,0.4,4.1
23,1,11,23_11,panelist,none,1,0,0,1,3.7,0,0,3.7
23,1,12,23_12,panelist,med,1,0,0,0,3.7,0,0,3.7
23,1,13,23_13,panelist,med,1,0,0,0,3.7,1,0.1,3.8
23,1,14,23_14,panelist,high,1,1,0,0,3.7,0,0,3.7
23,1,15,23_15,panelist,high,1,1,0,0,3.7,0,0,3.7
23,1,16,23_16,panelist,low,1,0,1,0,3.7,1,-0.1,3.6
23,1,17,23_17,reviewer,med,0,0,0,0,3.7,1,0.2,3.9
23,1,18,23_18,panelist,med,1,0,0,0,3.7,0,0,3.7
23,1,19,23_19,panelist,low,1,0,1,0,3.7,1,0.2,3.9
23,1,20,23_20,panelist,high,1,1,0,0,3.7,1,0.2,3.9
23,1,21,23_21,panelist,med,1,0,0,0,3.7,0,0,3.7
23,1,22,23_22,panelist,high,1,1,0,0,3.7,1,-0.1,3.6
23,1,23,23_23,panelist,low,1,0,1,0,3.7,0,0,3.7
23,1,24,23_24,panelist,med,1,0,0,0,3.7,0,0,3.7
23,2,01,23_01,panelist,med,1,0,0,0,4.3,0,0,4.3
23,2,02,23_02,panelist,high,1,1,0,0,4.3,0,0,4.3
23,2,03,23_03,panelist,med,1,0,0,0,4.3,1,-0.2,4.1
23,2,04,23_04,reviewer,high,0,1,0,0,4.3,0,0,4.3
23,2,05,23_05,panelist,low,1,0,1,0,4.3,0,0,4.3
23,2,06,23_06,panelist,med,1,0,0,0,4.3,0,0,4.3
23,2,07,23_07,panelist,low,1,0,1,0,4.3,0,0,4.3
23,2,08,23_08,panelist,none,1,0,0,1,4.3,0,0,4.3
23,2,09,23_09,reviewer,high,0,1,0,0,4.3,1,0.1,4.4
23,2,10,23_10,panelist,none,1,0,0,1,4.3,1,0.1,4.4
23,2,11,23_11,panelist,med,1,0,0,0,4.3,0,0,4.3
23,2,12,23_12,panelist,med,1,0,0,0,4.3,0,0,4.3
23,2,13,23_13,panelist,med,1,0,0,0,4.3,1,0.1,4.4
23,2,14,23_14,panelist,none,1,0,0,1,4.3,0,0,4.3
23,2,15,23_15,panelist,high,1,1,0,0,4.3,1,-0.1,4.2
23,2,16,23_16,panelist,high,1,1,0,0,4.3,0,0,4.3
23,2,17,23_17,reviewer,high,0,1,0,0,4.3,0,0,4.3
23,2,18,23_18,panelist,med,1,0,0,0,4.3,1,0.2,4.5
23,2,19,23_19,panelist,med,1,0,0,0,4.3,0,0,4.3
23,2,20,23_20,panelist,med,1,0,0,0,4.3,1,0.1,4.4
23,2,21,23_21,panelist,low,1,0,1,0,4.3,0,0,4.3
23,2,22,23_22,panelist,low,1,0,1,0,4.3,0,0,4.3
23,2,23,23_23,panelist,none,1,0,0,1,4.3,0,0,4.3
23,2,24,23_24,panelist,med,1,0,0,0,4.3,0,0,4.3
23,3,01,23_01,panelist,high,1,1,0,0,4.3,1,-0.1,4.2
23,3,02,23_02,panelist,high,1,1,0,0,4.3,0,0,4.3
23,3,03,23_03,panelist,med,1,0,0,0,4.3,0,0,4.3
23,3,04,23_04,panelist,med,1,0,0,0,4.3,0,0,4.3
23,3,05,23_05,panelist,high,1,1,0,0,4.3,0,0,4.3
23,3,06,23_06,panelist,none,1,0,0,1,4.3,1,0.1,4.4
23,3,07,23_07,panelist,med,1,0,0,0,4.3,1,0.2,4.5
23,3,08,23_08,reviewer,med,0,0,0,0,4.3,0,0,4.3
23,3,09,23_09,panelist,med,1,0,0,0,4.3,0,0,4.3
23,3,10,23_10,reviewer,low,0,0,1,0,4.3,0,0,4.3
23,3,11,23_11,panelist,med,1,0,0,0,4.3,0,0,4.3
23,3,12,23_12,panelist,none,1,0,0,1,4.3,0,0,4.3
23,3,13,23_13,panelist,med,1,0,0,0,4.3,0,0,4.3
23,3,14,23_14,panelist,low,1,0,1,0,4.3,0,0,4.3
23,3,15,23_15,panelist,med,1,0,0,0,4.3,1,-0.1,4.2
23,3,16,23_16,reviewer,none,0,0,0,1,4.3,0,0,4.3
23,3,17,23_17,panelist,high,1,1,0,0,4.3,1,-0.1,4.2
23,3,18,23_18,panelist,low,1,0,1,0,4.3,0,0,4.3
23,3,19,23_19,panelist,med,1,0,0,0,4.3,0,0,4.3
23,3,20,23_20,panelist,high,1,1,0,0,4.3,0,0,4.3
23,3,21,23_21,panelist,med,1,0,0,0,4.3,1,0.1,4.4
23,3,22,23_22,panelist,low,1,0,1,0,4.3,1,-0.1,4.2
23,3,23,23_23,panelist,none,1,0,0,1,4.3,1,-0.3,4
23,3,24,23_24,panelist,high,1,1,0,0,4.3,1,-0.1,4.2
23,4,01,23_01,panelist,med,1,0,0,0,3.9,0,0,3.9
23,4,02,23_02,panelist,med,1,0,0,0,3.9,0,0,3.9
23,4,03,23_03,panelist,high,1,1,0,0,3.9,0,0,3.9
23,4,04,23_04,panelist,high,1,1,0,0,3.9,0,0,3.9
23,4,05,23_05,panelist,low,1,0,1,0,3.9,0,0,3.9
23,4,06,23_06,reviewer,med,0,0,0,0,3.9,0,0,3.9
23,4,07,23_07,panelist,none,1,0,0,1,3.9,1,0.3,4.2
23,4,08,23_08,panelist,med,1,0,0,0,3.9,1,0.1,4
23,4,09,23_09,panelist,med,1,0,0,0,3.9,1,0.1,4
23,4,10,23_10,panelist,med,1,0,0,0,3.9,0,0,3.9
23,4,11,23_11,panelist,high,1,1,0,0,3.9,0,0,3.9
23,4,12,23_12,panelist,none,1,0,0,1,3.9,1,-0.2,3.7
23,4,13,23_13,panelist,low,1,0,1,0,3.9,0,0,3.9
23,4,14,23_14,panelist,med,1,0,0,0,3.9,1,-0.3,3.6
23,4,15,23_15,panelist,high,1,1,0,0,3.9,0,0,3.9
23,4,16,23_16,panelist,med,1,0,0,0,3.9,1,0.1,4
23,4,17,23_17,panelist,none,1,0,0,1,3.9,0,0,3.9
23,4,18,23_18,panelist,med,1,0,0,0,3.9,1,0.1,4
23,4,19,23_19,reviewer,low,0,0,1,0,3.9,1,-0.1,3.8
23,4,20,23_20,panelist,high,1,1,0,0,3.9,1,0.1,4
23,4,21,23_21,panelist,low,1,0,1,0,3.9,1,0.2,4.1
23,4,22,23_22,reviewer,none,0,0,0,1,3.9,0,0,3.9
23,4,23,23_23,panelist,high,1,1,0,0,3.9,0,0,3.9
23,4,24,23_24,panelist,med,1,0,0,0,3.9,0,0,3.9
23,5,01,23_01,panelist,none,1,0,0,1,3.8,1,0.1,3.9
23,5,02,23_02,panelist,high,1,1,0,0,3.8,0,0,3.8
23,5,03,23_03,panelist,none,1,0,0,1,3.8,0,0,3.8
23,5,04,23_04,panelist,med,1,0,0,0,3.8,0,0,3.8
23,5,05,23_05,panelist,low,1,0,1,0,3.8,0,0,3.8
23,5,06,23_06,panelist,med,1,0,0,0,3.8,0,0,3.8
23,5,07,23_07,panelist,high,1,1,0,0,3.8,1,0.1,3.9
23,5,08,23_08,panelist,low,1,0,1,0,3.8,0,0,3.8
23,5,09,23_09,reviewer,med,0,0,0,0,3.8,1,0.1,3.9
23,5,10,23_10,panelist,med,1,0,0,0,3.8,0,0,3.8
23,5,11,23_11,panelist,high,1,1,0,0,3.8,0,0,3.8
23,5,12,23_12,reviewer,none,0,0,0,1,3.8,1,0.2,4
23,5,13,23_13,panelist,med,1,0,0,0,3.8,0,0,3.8
23,5,14,23_14,panelist,low,1,0,1,0,3.8,1,-0.3,3.5
23,5,15,23_15,panelist,low,1,0,1,0,3.8,1,-0.2,3.6
23,5,16,23_16,panelist,none,1,0,0,1,3.8,0,0,3.8
23,5,17,23_17,panelist,med,1,0,0,0,3.8,1,-0.2,3.6
23,5,18,23_18,panelist,high,1,1,0,0,3.8,0,0,3.8
23,5,19,23_19,panelist,med,1,0,0,0,3.8,0,0,3.8
23,5,20,23_20,panelist,med,1,0,0,0,3.8,0,0,3.8
23,5,21,23_21,panelist,med,1,0,0,0,3.8,0,0,3.8
23,5,22,23_22,panelist,high,1,1,0,0,3.8,0,0,3.8
23,5,23,23_23,reviewer,med,0,0,0,0,3.8,0,0,3.8
23,5,24,23_24,panelist,high,1,1,0,0,3.8,0,0,3.8
23,6,01,23_01,panelist,low,1,0,1,0,3.6,0,0,3.6
23,6,02,23_02,panelist,high,1,1,0,0,3.6,0,0,3.6
23,6,03,23_03,reviewer,none,0,0,0,1,3.6,0,0,3.6
23,6,04,23_04,panelist,high,1,1,0,0,3.6,0,0,3.6
23,6,05,23_05,panelist,high,1,1,0,0,3.6,0,0,3.6
23,6,06,23_06,panelist,none,1,0,0,1,3.6,0,0,3.6
23,6,07,23_07,panelist,med,1,0,0,0,3.6,0,0,3.6
23,6,08,23_08,panelist,med,1,0,0,0,3.6,0,0,3.6
23,6,09,23_09,panelist,high,1,1,0,0,3.6,0,0,3.6
23,6,10,23_10,panelist,high,1,1,0,0,3.6,0,0,3.6
23,6,11,23_11,reviewer,low,0,0,1,0,3.6,1,-0.5,3.5
23,6,12,23_12,panelist,none,1,0,0,1,3.6,0,0,3.6
23,6,13,23_13,panelist,med,1,0,0,0,3.6,0,0,3.6
23,6,14,23_14,panelist,med,1,0,0,0,3.6,0,0,3.6
23,6,15,23_15,panelist,med,1,0,0,0,3.6,0,0,3.6
23,6,16,23_16,panelist,med,1,0,0,0,3.6,1,0.3,3.9
23,6,17,23_17,reviewer,med,0,0,0,0,3.6,0,0,3.6
23,6,18,23_18,panelist,high,1,1,0,0,3.6,1,-0.1,3.5
23,6,19,23_19,panelist,med,1,0,0,0,3.6,1,0.1,3.7
23,6,20,23_20,panelist,med,1,0,0,0,3.6,1,-0.2,3.5
23,6,21,23_21,panelist,low,1,0,1,0,3.6,1,0.3,3.9
23,6,22,23_22,panelist,none,1,0,0,1,3.6,1,0.2,3.8
23,6,23,23_23,panelist,med,1,0,0,0,3.6,0,0,3.6
23,6,24,23_24,panelist,low,1,0,1,0,3.6,0,0,3.6
23,7,01,23_01,panelist,med,1,0,0,0,4,1,-0.1,3.9
23,7,02,23_02,panelist,low,1,0,1,0,4,0,0,4
23,7,03,23_03,panelist,high,1,1,0,0,4,0,0,4
23,7,04,23_04,panelist,med,1,0,0,0,4,0,0,4
23,7,05,23_05,panelist,med,1,0,0,0,4,1,-0.1,3.9
23,7,06,23_06,panelist,high,1,1,0,0,4,0,0,4
23,7,07,23_07,panelist,low,1,0,1,0,4,1,0.1,4.1
23,7,08,23_08,panelist,high,1,1,0,0,4,0,0,4
23,7,09,23_09,reviewer,none,0,0,0,1,4,0,0,4
23,7,10,23_10,reviewer,med,0,0,0,0,4,0,0,4
23,7,11,23_11,panelist,high,1,1,0,0,4,0,0,4
23,7,12,23_12,panelist,low,1,0,1,0,4,0,0,4
23,7,13,23_13,reviewer,none,0,0,0,1,4,0,0,4
23,7,14,23_14,panelist,med,1,0,0,0,4,1,0.3,4.3
23,7,15,23_15,panelist,low,1,0,1,0,4,1,-0.1,3.9
23,7,16,23_16,panelist,med,1,0,0,0,4,0,0,4
23,7,17,23_17,panelist,none,1,0,0,1,4,0,0,4
23,7,18,23_18,panelist,none,1,0,0,1,4,0,0,4
23,7,19,23_19,panelist,med,1,0,0,0,4,1,-0.2,3.8
23,7,20,23_20,panelist,high,1,1,0,0,4,1,0.2,4.2
23,7,21,23_21,panelist,med,1,0,0,0,4,1,0.2,4.2
23,7,22,23_22,panelist,med,1,0,0,0,4,1,-0.2,3.8
23,7,23,23_23,panelist,high,1,1,0,0,4,0,0,4
23,7,24,23_24,panelist,med,1,0,0,0,4,0,0,4
23,8,01,23_01,panelist,high,1,1,0,0,3.6,1,-0.2,3.5
23,8,02,23_02,panelist,med,1,0,0,0,3.6,0,0,3.6
23,8,03,23_03,panelist,low,1,0,1,0,3.6,0,0,3.6
23,8,04,23_04,panelist,low,1,0,1,0,3.6,1,-0.3,3.5
23,8,05,23_05,panelist,med,1,0,0,0,3.6,0,0,3.6
23,8,06,23_06,panelist,med,1,0,0,0,3.6,0,0,3.6
23,8,07,23_07,panelist,high,1,1,0,0,3.6,0,0,3.6
23,8,08,23_08,reviewer,none,0,0,0,1,3.6,0,0,3.6
23,8,09,23_09,panelist,high,1,1,0,0,3.6,0,0,3.6
23,8,10,23_10,reviewer,med,0,0,0,0,3.6,0,0,3.6
23,8,11,23_11,panelist,none,1,0,0,1,3.6,0,0,3.6
23,8,12,23_12,panelist,low,1,0,1,0,3.6,0,0,3.6
23,8,13,23_13,panelist,med,1,0,0,0,3.6,1,0.3,3.9
23,8,14,23_14,reviewer,none,0,0,0,1,3.6,0,0,3.6
23,8,15,23_15,panelist,med,1,0,0,0,3.6,0,0,3.6
23,8,16,23_16,panelist,high,1,1,0,0,3.6,0,0,3.6
23,8,17,23_17,panelist,high,1,1,0,0,3.6,1,0.1,3.7
23,8,18,23_18,panelist,low,1,0,1,0,3.6,0,0,3.6
23,8,19,23_19,panelist,med,1,0,0,0,3.6,1,0.3,3.9
23,8,20,23_20,panelist,med,1,0,0,0,3.6,1,0.1,3.7
23,8,21,23_21,panelist,med,1,0,0,0,3.6,0,0,3.6
23,8,22,23_22,panelist,none,1,0,0,1,3.6,0,0,3.6
23,8,23,23_23,panelist,med,1,0,0,0,3.6,0,0,3.6
23,8,24,23_24,panelist,high,1,1,0,0,3.6,0,0,3.6
23,9,01,23_01,panelist,none,1,0,0,1,4.3,0,0,4.3
23,9,02,23_02,panelist,none,1,0,0,1,4.3,0,0,4.3
23,9,03,23_03,panelist,high,1,1,0,0,4.3,1,-0.1,4.2
23,9,04,23_04,panelist,low,1,0,1,0,4.3,0,0,4.3
23,9,05,23_05,panelist,high,1,1,0,0,4.3,0,0,4.3
23,9,06,23_06,panelist,med,1,0,0,0,4.3,0,0,4.3
23,9,07,23_07,panelist,med,1,0,0,0,4.3,1,0.1,4.4
23,9,08,23_08,reviewer,high,0,1,0,0,4.3,1,-0.2,4.1
23,9,09,23_09,panelist,med,1,0,0,0,4.3,1,-0.4,3.9
23,9,10,23_10,panelist,high,1,1,0,0,4.3,0,0,4.3
23,9,11,23_11,panelist,med,1,0,0,0,4.3,1,0.2,4.5
23,9,12,23_12,panelist,none,1,0,0,1,4.3,0,0,4.3
23,9,13,23_13,panelist,med,1,0,0,0,4.3,1,-0.1,4.2
23,9,14,23_14,panelist,high,1,1,0,0,4.3,0,0,4.3
23,9,15,23_15,panelist,med,1,0,0,0,4.3,0,0,4.3
23,9,16,23_16,panelist,med,1,0,0,0,4.3,0,0,4.3
23,9,17,23_17,panelist,none,1,0,0,1,4.3,1,-0.1,4.2
23,9,18,23_18,reviewer,low,0,0,1,0,4.3,1,-0.1,4.2
23,9,19,23_19,panelist,med,1,0,0,0,4.3,1,-0.1,4.2
23,9,20,23_20,panelist,low,1,0,1,0,4.3,0,0,4.3
23,9,21,23_21,panelist,med,1,0,0,0,4.3,0,0,4.3
23,9,22,23_22,panelist,high,1,1,0,0,4.3,1,0.1,4.4
23,9,23,23_23,reviewer,low,0,0,1,0,4.3,0,0,4.3
23,9,24,23_24,panelist,med,1,0,0,0,4.3,0,0,4.3
23,10,01,23_01,panelist,med,1,0,0,0,4.7,0,0,4.7
23,10,02,23_02,panelist,low,1,0,1,0,4.7,0,0,4.7
23,10,03,23_03,panelist,high,1,1,0,0,4.7,0,0,4.7
23,10,04,23_04,reviewer,high,0,1,0,0,4.7,0,0,4.7
23,10,05,23_05,panelist,high,1,1,0,0,4.7,1,0.1,4.8
23,10,06,23_06,panelist,low,1,0,1,0,4.7,0,0,4.7
23,10,07,23_07,panelist,high,1,1,0,0,4.7,0,0,4.7
23,10,08,23_08,panelist,med,1,0,0,0,4.7,0,0,4.7
23,10,09,23_09,panelist,high,1,1,0,0,4.7,0,0,4.7
23,10,10,23_10,panelist,high,1,1,0,0,4.7,1,0.2,4.9
23,10,11,23_11,panelist,med,1,0,0,0,4.7,0,0,4.7
23,10,12,23_12,panelist,med,1,0,0,0,4.7,0,0,4.7
23,10,13,23_13,panelist,low,1,0,1,0,4.7,0,0,4.7
23,10,14,23_14,panelist,none,1,0,0,1,4.7,1,-0.2,4.5
23,10,15,23_15,reviewer,med,0,0,0,0,4.7,0,0,4.7
23,10,16,23_16,panelist,none,1,0,0,1,4.7,1,-0.1,4.6
23,10,17,23_17,panelist,med,1,0,0,0,4.7,1,0.1,4.8
23,10,18,23_18,panelist,low,1,0,1,0,4.7,1,-0.2,4.5
23,10,19,23_19,panelist,med,1,0,0,0,4.7,0,0,4.7
23,10,20,23_20,panelist,none,1,0,0,1,4.7,0,0,4.7
23,10,21,23_21,panelist,med,1,0,0,0,4.7,0,0,4.7
23,10,22,23_22,panelist,med,1,0,0,0,4.7,0,0,4.7
23,10,23,23_23,reviewer,none,0,0,0,1,4.7,0,0,4.7
23,10,24,23_24,panelist,med,1,0,0,0,4.7,0,0,4.7
23,11,01,23_01,panelist,none,1,0,0,1,4.3,0,0,4.3
23,11,02,23_02,reviewer,high,0,1,0,0,4.3,1,-0.1,4.2
23,11,03,23_03,panelist,med,1,0,0,0,4.3,0,0,4.3
23,11,04,23_04,panelist,high,1,1,0,0,4.3,0,0,4.3
23,11,05,23_05,panelist,none,1,0,0,1,4.3,0,0,4.3
23,11,06,23_06,panelist,none,1,0,0,1,4.3,0,0,4.3
23,11,07,23_07,reviewer,med,0,0,0,0,4.3,0,0,4.3
23,11,08,23_08,reviewer,low,0,0,1,0,4.3,0,0,4.3
23,11,09,23_09,panelist,med,1,0,0,0,4.3,0,0,4.3
23,11,10,23_10,panelist,none,1,0,0,1,4.3,1,0.1,4.4
23,11,11,23_11,panelist,high,1,1,0,0,4.3,1,-0.3,4
23,11,12,23_12,panelist,low,1,0,1,0,4.3,0,0,4.3
23,11,13,23_13,panelist,high,1,1,0,0,4.3,0,0,4.3
23,11,14,23_14,panelist,high,1,1,0,0,4.3,0,0,4.3
23,11,15,23_15,panelist,med,1,0,0,0,4.3,0,0,4.3
23,11,16,23_16,panelist,med,1,0,0,0,4.3,1,0.1,4.4
23,11,17,23_17,panelist,med,1,0,0,0,4.3,1,-0.1,4.2
23,11,18,23_18,panelist,med,1,0,0,0,4.3,0,0,4.3
23,11,19,23_19,panelist,high,1,1,0,0,4.3,0,0,4.3
23,11,20,23_20,panelist,med,1,0,0,0,4.3,0,0,4.3
23,11,21,23_21,panelist,med,1,0,0,0,4.3,0,0,4.3
23,11,22,23_22,panelist,low,1,0,1,0,4.3,1,-0.1,4.2
23,11,23,23_23,panelist,low,1,0,1,0,4.3,0,0,4.3
23,11,24,23_24,panelist,med,1,0,0,0,4.3,0,0,4.3
23,12,01,23_01,panelist,none,1,0,0,1,4.9,0,0,4.9
23,12,02,23_02,panelist,med,1,0,0,0,4.9,0,0,4.9
23,12,03,23_03,panelist,low,1,0,1,0,4.9,1,0.2,4.9
23,12,04,23_04,panelist,high,1,1,0,0,4.9,1,-0.2,4.7
23,12,05,23_05,panelist,med,1,0,0,0,4.9,0,0,4.9
23,12,06,23_06,panelist,low,1,0,1,0,4.9,1,-0.1,4.8
23,12,07,23_07,reviewer,high,0,1,0,0,4.9,1,-0.3,4.6
23,12,08,23_08,panelist,high,1,1,0,0,4.9,0,0,4.9
23,12,09,23_09,panelist,high,1,1,0,0,4.9,0,0,4.9
23,12,10,23_10,panelist,low,1,0,1,0,4.9,0,0,4.9
23,12,11,23_11,panelist,med,1,0,0,0,4.9,0,0,4.9
23,12,12,23_12,reviewer,none,0,0,0,1,4.9,1,-0.1,4.8
23,12,13,23_13,panelist,med,1,0,0,0,4.9,0,0,4.9
23,12,14,23_14,panelist,med,1,0,0,0,4.9,0,0,4.9
23,12,15,23_15,panelist,none,1,0,0,1,4.9,0,0,4.9
23,12,16,23_16,panelist,none,1,0,0,1,4.9,0,0,4.9
23,12,17,23_17,panelist,med,1,0,0,0,4.9,0,0,4.9
23,12,18,23_18,panelist,high,1,1,0,0,4.9,0,0,4.9
23,12,19,23_19,panelist,med,1,0,0,0,4.9,0,0,4.9
23,12,20,23_20,panelist,med,1,0,0,0,4.9,0,0,4.9
23,12,21,23_21,panelist,med,1,0,0,0,4.9,0,0,4.9
23,12,22,23_22,reviewer,high,0,1,0,0,4.9,0,0,4.9
23,12,23,23_23,panelist,low,1,0,1,0,4.9,0,0,4.9
23,12,24,23_24,panelist,med,1,0,0,0,4.9,1,0.1,4.9
23,13,01,23_01,panelist,high,1,1,0,0,4.7,0,0,4.7
23,13,02,23_02,panelist,high,1,1,0,0,4.7,0,0,4.7
23,13,03,23_03,panelist,low,1,0,1,0,4.7,1,-0.1,4.6
23,13,04,23_04,panelist,low,1,0,1,0,4.7,0,0,4.7
23,13,05,23_05,panelist,none,1,0,0,1,4.7,1,0.1,4.8
23,13,06,23_06,reviewer,med,0,0,0,0,4.7,0,0,4.7
23,13,07,23_07,panelist,med,1,0,0,0,4.7,0,0,4.7
23,13,08,23_08,panelist,med,1,0,0,0,4.7,0,0,4.7
23,13,09,23_09,panelist,none,1,0,0,1,4.7,1,-0.1,4.6
23,13,10,23_10,panelist,none,1,0,0,1,4.7,1,-0.1,4.6
23,13,11,23_11,panelist,med,1,0,0,0,4.7,1,-0.3,4.4
23,13,12,23_12,panelist,low,1,0,1,0,4.7,1,0.1,4.8
23,13,13,23_13,panelist,low,1,0,1,0,4.7,0,0,4.7
23,13,14,23_14,reviewer,med,0,0,0,0,4.7,0,0,4.7
23,13,15,23_15,panelist,none,1,0,0,1,4.7,0,0,4.7
23,13,16,23_16,panelist,high,1,1,0,0,4.7,0,0,4.7
23,13,17,23_17,panelist,med,1,0,0,0,4.7,0,0,4.7
23,13,18,23_18,reviewer,med,0,0,0,0,4.7,0,0,4.7
23,13,19,23_19,panelist,high,1,1,0,0,4.7,1,-0.2,4.5
23,13,20,23_20,panelist,med,1,0,0,0,4.7,0,0,4.7
23,13,21,23_21,panelist,med,1,0,0,0,4.7,0,0,4.7
23,13,22,23_22,panelist,high,1,1,0,0,4.7,0,0,4.7
23,13,23,23_23,panelist,high,1,1,0,0,4.7,0,0,4.7
23,13,24,23_24,panelist,med,1,0,0,0,4.7,1,0.1,4.8
23,14,01,23_01,reviewer,none,0,0,0,1,3.7,0,0,3.7
23,14,02,23_02,panelist,low,1,0,1,0,3.7,0,0,3.7
23,14,03,23_03,panelist,med,1,0,0,0,3.7,1,-0.1,3.6
23,14,04,23_04,panelist,med,1,0,0,0,3.7,0,0,3.7
23,14,05,23_05,panelist,high,1,1,0,0,3.7,0,0,3.7
23,14,06,23_06,panelist,none,1,0,0,1,3.7,1,0.1,3.8
23,14,07,23_07,panelist,low,1,0,1,0,3.7,1,-0.3,3.5
23,14,08,23_08,panelist,high,1,1,0,0,3.7,0,0,3.7
23,14,09,23_09,panelist,high,1,1,0,0,3.7,0,0,3.7
23,14,10,23_10,panelist,med,1,0,0,0,3.7,0,0,3.7
23,14,11,23_11,panelist,med,1,0,0,0,3.7,0,0,3.7
23,14,12,23_12,panelist,med,1,0,0,0,3.7,1,0.3,4
23,14,13,23_13,panelist,med,1,0,0,0,3.7,0,0,3.7
23,14,14,23_14,reviewer,high,0,1,0,0,3.7,1,0.1,3.8
23,14,15,23_15,panelist,high,1,1,0,0,3.7,1,-0.1,3.6
23,14,16,23_16,panelist,med,1,0,0,0,3.7,1,0.1,3.8
23,14,17,23_17,panelist,med,1,0,0,0,3.7,0,0,3.7
23,14,18,23_18,panelist,low,1,0,1,0,3.7,1,0.1,3.8
23,14,19,23_19,panelist,high,1,1,0,0,3.7,1,0.2,3.9
23,14,20,23_20,panelist,med,1,0,0,0,3.7,1,-0.1,3.6
23,14,21,23_21,reviewer,none,0,0,0,1,3.7,0,0,3.7
23,14,22,23_22,panelist,low,1,0,1,0,3.7,0,0,3.7
23,14,23,23_23,panelist,none,1,0,0,1,3.7,1,0.2,3.9
23,14,24,23_24,panelist,med,1,0,0,0,3.7,0,0,3.7
23,15,01,23_01,panelist,med,1,0,0,0,4.4,0,0,4.4
23,15,02,23_02,panelist,high,1,1,0,0,4.4,0,0,4.4
23,15,03,23_03,panelist,low,1,0,1,0,4.4,0,0,4.4
23,15,04,23_04,panelist,med,1,0,0,0,4.4,0,0,4.4
23,15,05,23_05,panelist,med,1,0,0,0,4.4,0,0,4.4
23,15,06,23_06,panelist,med,1,0,0,0,4.4,0,0,4.4
23,15,07,23_07,panelist,med,1,0,0,0,4.4,1,0.3,4.7
23,15,08,23_08,panelist,low,1,0,1,0,4.4,1,0.1,4.5
23,15,09,23_09,panelist,low,1,0,1,0,4.4,0,0,4.4
23,15,10,23_10,reviewer,med,0,0,0,0,4.4,1,-0.1,4.3
23,15,11,23_11,panelist,none,1,0,0,1,4.4,0,0,4.4
23,15,12,23_12,panelist,med,1,0,0,0,4.4,0,0,4.4
23,15,13,23_13,panelist,med,1,0,0,0,4.4,0,0,4.4
23,15,14,23_14,reviewer,med,0,0,0,0,4.4,0,0,4.4
23,15,15,23_15,panelist,low,1,0,1,0,4.4,1,-0.3,4.1
23,15,16,23_16,panelist,high,1,1,0,0,4.4,1,0.1,4.5
23,15,17,23_17,panelist,high,1,1,0,0,4.4,0,0,4.4
23,15,18,23_18,panelist,none,1,0,0,1,4.4,1,-0.1,4.3
23,15,19,23_19,panelist,high,1,1,0,0,4.4,1,-0.1,4.3
23,15,20,23_20,panelist,none,1,0,0,1,4.4,1,0.2,4.6
23,15,21,23_21,panelist,med,1,0,0,0,4.4,1,-0.1,4.3
23,15,22,23_22,panelist,high,1,1,0,0,4.4,0,0,4.4
23,15,23,23_23,panelist,none,1,0,0,1,4.4,1,-0.2,4.2
23,15,24,23_24,reviewer,high,0,1,0,0,4.4,0,0,4.4
24,1,01,24_01,panelist,high,1,1,0,0,3.7,0,0,3.7
24,1,02,24_02,panelist,med,1,0,0,0,3.7,0,0,3.7
24,1,03,24_03,panelist,low,1,0,1,0,3.7,1,-0.3,3.5
24,1,04,24_04,panelist,med,1,0,0,0,3.7,0,0,3.7
24,1,05,24_05,reviewer,med,0,0,0,0,3.7,0,0,3.7
24,1,06,24_06,panelist,high,1,1,0,0,3.7,0,0,3.7
24,1,07,24_07,panelist,high,1,1,0,0,3.7,0,0,3.7
24,1,08,24_08,panelist,none,1,0,0,1,3.7,0,0,3.7
24,1,09,24_09,panelist,high,1,1,0,0,3.7,0,0,3.7
24,1,10,24_10,panelist,none,1,0,0,1,3.7,0,0,3.7
24,1,11,24_11,reviewer,med,0,0,0,0,3.7,1,-0.1,3.6
24,1,12,24_12,panelist,low,1,0,1,0,3.7,0,0,3.7
24,1,13,24_13,panelist,low,1,0,1,0,3.7,1,-0.2,3.5
24,1,14,24_14,panelist,med,1,0,0,0,3.7,1,-0.2,3.5
24,1,15,24_15,panelist,med,1,0,0,0,3.7,0,0,3.7
24,1,16,24_16,panelist,high,1,1,0,0,3.7,1,0.2,3.9
24,1,17,24_17,panelist,none,1,0,0,1,3.7,0,0,3.7
24,1,18,24_18,panelist,med,1,0,0,0,3.7,0,0,3.7
24,1,19,24_19,panelist,med,1,0,0,0,3.7,1,-0.1,3.6
24,1,20,24_20,reviewer,med,0,0,0,0,3.7,0,0,3.7
24,1,21,24_21,panelist,med,1,0,0,0,3.7,0,0,3.7
24,1,22,24_22,panelist,high,1,1,0,0,3.7,0,0,3.7
24,1,23,24_23,panelist,none,1,0,0,1,3.7,1,-0.2,3.5
24,1,24,24_24,panelist,low,1,0,1,0,3.7,1,0.3,4
24,2,01,24_01,panelist,med,1,0,0,0,4.3,0,0,4.3
24,2,02,24_02,panelist,low,1,0,1,0,4.3,0,0,4.3
24,2,03,24_03,reviewer,high,0,1,0,0,4.3,1,-0.2,4.1
24,2,04,24_04,panelist,low,1,0,1,0,4.3,0,0,4.3
24,2,05,24_05,panelist,none,1,0,0,1,4.3,1,-0.1,4.2
24,2,06,24_06,panelist,med,1,0,0,0,4.3,0,0,4.3
24,2,07,24_07,panelist,med,1,0,0,0,4.3,1,0.1,4.4
24,2,08,24_08,panelist,none,1,0,0,1,4.3,1,-0.3,4
24,2,09,24_09,panelist,high,1,1,0,0,4.3,1,-0.1,4.2
24,2,10,24_10,panelist,high,1,1,0,0,4.3,0,0,4.3
24,2,11,24_11,panelist,med,1,0,0,0,4.3,0,0,4.3
24,2,12,24_12,panelist,med,1,0,0,0,4.3,1,0.2,4.5
24,2,13,24_13,panelist,med,1,0,0,0,4.3,0,0,4.3
24,2,14,24_14,reviewer,low,0,0,1,0,4.3,1,0.2,4.5
24,2,15,24_15,panelist,med,1,0,0,0,4.3,1,0.1,4.4
24,2,16,24_16,reviewer,med,0,0,0,0,4.3,0,0,4.3
24,2,17,24_17,panelist,low,1,0,1,0,4.3,0,0,4.3
24,2,18,24_18,panelist,med,1,0,0,0,4.3,1,0.1,4.4
24,2,19,24_19,panelist,high,1,1,0,0,4.3,1,0.3,4.6
24,2,20,24_20,panelist,none,1,0,0,1,4.3,1,-0.1,4.2
24,2,21,24_21,panelist,high,1,1,0,0,4.3,0,0,4.3
24,2,22,24_22,panelist,med,1,0,0,0,4.3,1,0.2,4.5
24,2,23,24_23,panelist,high,1,1,0,0,4.3,0,0,4.3
24,2,24,24_24,panelist,none,1,0,0,1,4.3,1,-0.2,4.1
24,3,01,24_01,panelist,high,1,1,0,0,4.2,0,0,4.2
24,3,02,24_02,panelist,med,1,0,0,0,4.2,0,0,4.2
24,3,03,24_03,panelist,none,1,0,0,1,4.2,0,0,4.2
24,3,04,24_04,panelist,med,1,0,0,0,4.2,1,-0.2,4
24,3,05,24_05,panelist,none,1,0,0,1,4.2,1,0.2,4.4
24,3,06,24_06,panelist,high,1,1,0,0,4.2,1,0.1,4.3
24,3,07,24_07,reviewer,high,0,1,0,0,4.2,0,0,4.2
24,3,08,24_08,panelist,low,1,0,1,0,4.2,0,0,4.2
24,3,09,24_09,panelist,low,1,0,1,0,4.2,1,-0.2,4
24,3,10,24_10,panelist,med,1,0,0,0,4.2,1,-0.1,4.1
24,3,11,24_11,panelist,med,1,0,0,0,4.2,0,0,4.2
24,3,12,24_12,reviewer,med,0,0,0,0,4.2,1,-0.1,4.1
24,3,13,24_13,panelist,med,1,0,0,0,4.2,1,0.1,4.3
24,3,14,24_14,panelist,low,1,0,1,0,4.2,0,0,4.2
24,3,15,24_15,panelist,none,1,0,0,1,4.2,0,0,4.2
24,3,16,24_16,panelist,med,1,0,0,0,4.2,1,0.1,4.3
24,3,17,24_17,panelist,high,1,1,0,0,4.2,0,0,4.2
24,3,18,24_18,panelist,none,1,0,0,1,4.2,0,0,4.2
24,3,19,24_19,panelist,med,1,0,0,0,4.2,0,0,4.2
24,3,20,24_20,panelist,high,1,1,0,0,4.2,1,0.1,4.3
24,3,21,24_21,panelist,med,1,0,0,0,4.2,0,0,4.2
24,3,22,24_22,reviewer,low,0,0,1,0,4.2,0,0,4.2
24,3,23,24_23,panelist,high,1,1,0,0,4.2,0,0,4.2
24,3,24,24_24,panelist,med,1,0,0,0,4.2,0,0,4.2
24,4,01,24_01,panelist,high,1,1,0,0,3.8,1,0.4,4.2
24,4,02,24_02,reviewer,med,0,0,0,0,3.8,1,0.2,4
24,4,03,24_03,panelist,high,1,1,0,0,3.8,1,0.2,4
24,4,04,24_04,panelist,high,1,1,0,0,3.8,1,-0.1,3.7
24,4,05,24_05,panelist,med,1,0,0,0,3.8,1,0.2,4
24,4,06,24_06,panelist,none,1,0,0,1,3.8,0,0,3.8
24,4,07,24_07,panelist,med,1,0,0,0,3.8,0,0,3.8
24,4,08,24_08,panelist,med,1,0,0,0,3.8,1,-0.1,3.7
24,4,09,24_09,reviewer,low,0,0,1,0,3.8,0,0,3.8
24,4,10,24_10,panelist,med,1,0,0,0,3.8,0,0,3.8
24,4,11,24_11,panelist,med,1,0,0,0,3.8,0,0,3.8
24,4,12,24_12,panelist,low,1,0,1,0,3.8,1,-0.1,3.7
24,4,13,24_13,panelist,high,1,1,0,0,3.8,1,0.1,3.9
24,4,14,24_14,panelist,low,1,0,1,0,3.8,0,0,3.8
24,4,15,24_15,panelist,med,1,0,0,0,3.8,0,0,3.8
24,4,16,24_16,panelist,high,1,1,0,0,3.8,0,0,3.8
24,4,17,24_17,panelist,none,1,0,0,1,3.8,1,0.2,4
24,4,18,24_18,panelist,low,1,0,1,0,3.8,0,0,3.8
24,4,19,24_19,panelist,med,1,0,0,0,3.8,0,0,3.8
24,4,20,24_20,panelist,none,1,0,0,1,3.8,0,0,3.8
24,4,21,24_21,panelist,med,1,0,0,0,3.8,1,0.1,3.9
24,4,22,24_22,reviewer,none,0,0,0,1,3.8,1,0.2,4
24,4,23,24_23,panelist,med,1,0,0,0,3.8,1,-0.1,3.7
24,4,24,24_24,panelist,high,1,1,0,0,3.8,1,-0.3,3.5
24,5,01,24_01,panelist,med,1,0,0,0,3.7,0,0,3.7
24,5,02,24_02,panelist,low,1,0,1,0,3.7,0,0,3.7
24,5,03,24_03,panelist,med,1,0,0,0,3.7,0,0,3.7
24,5,04,24_04,panelist,med,1,0,0,0,3.7,0,0,3.7
24,5,05,24_05,panelist,none,1,0,0,1,3.7,1,-0.1,3.6
24,5,06,24_06,panelist,low,1,0,1,0,3.7,1,0.4,4.1
24,5,07,24_07,panelist,none,1,0,0,1,3.7,1,-0.1,3.6
24,5,08,24_08,panelist,none,1,0,0,1,3.7,1,0.1,3.8
24,5,09,24_09,panelist,high,1,1,0,0,3.7,0,0,3.7
24,5,10,24_10,panelist,med,1,0,0,0,3.7,1,-0.1,3.6
24,5,11,24_11,panelist,low,1,0,1,0,3.7,0,0,3.7
24,5,12,24_12,panelist,med,1,0,0,0,3.7,1,0.1,3.8
24,5,13,24_13,reviewer,high,0,1,0,0,3.7,0,0,3.7
24,5,14,24_14,reviewer,high,0,1,0,0,3.7,1,0.3,4
24,5,15,24_15,panelist,none,1,0,0,1,3.7,1,0.2,3.9
24,5,16,24_16,panelist,high,1,1,0,0,3.7,1,-0.2,3.5
24,5,17,24_17,panelist,high,1,1,0,0,3.7,1,0.3,4
24,5,18,24_18,panelist,med,1,0,0,0,3.7,1,-0.2,3.5
24,5,19,24_19,panelist,med,1,0,0,0,3.7,0,0,3.7
24,5,20,24_20,reviewer,med,0,0,0,0,3.7,0,0,3.7
24,5,21,24_21,panelist,low,1,0,1,0,3.7,0,0,3.7
24,5,22,24_22,panelist,med,1,0,0,0,3.7,1,0.1,3.8
24,5,23,24_23,panelist,med,1,0,0,0,3.7,1,0.1,3.8
24,5,24,24_24,panelist,high,1,1,0,0,3.7,1,-0.1,3.6
24,6,01,24_01,panelist,med,1,0,0,0,3.5,0,0,3.5
24,6,02,24_02,panelist,high,1,1,0,0,3.5,1,-0.2,3.5
24,6,03,24_03,reviewer,med,0,0,0,0,3.5,0,0,3.5
24,6,04,24_04,panelist,none,1,0,0,1,3.5,1,0.1,3.6
24,6,05,24_05,panelist,low,1,0,1,0,3.5,0,0,3.5
24,6,06,24_06,panelist,med,1,0,0,0,3.5,0,0,3.5
24,6,07,24_07,panelist,high,1,1,0,0,3.5,0,0,3.5
24,6,08,24_08,panelist,none,1,0,0,1,3.5,0,0,3.5
24,6,09,24_09,panelist,med,1,0,0,0,3.5,1,0.2,3.7
24,6,10,24_10,panelist,med,1,0,0,0,3.5,1,0.2,3.7
24,6,11,24_11,panelist,med,1,0,0,0,3.5,0,0,3.5
24,6,12,24_12,panelist,low,1,0,1,0,3.5,0,0,3.5
24,6,13,24_13,panelist,med,1,0,0,0,3.5,1,-0.5,3.5
24,6,14,24_14,panelist,med,1,0,0,0,3.5,0,0,3.5
24,6,15,24_15,panelist,high,1,1,0,0,3.5,1,-0.1,3.5
24,6,16,24_16,panelist,high,1,1,0,0,3.5,0,0,3.5
24,6,17,24_17,panelist,low,1,0,1,0,3.5,1,-0.1,3.5
24,6,18,24_18,reviewer,none,0,0,0,1,3.5,1,0.2,3.7
24,6,19,24_19,panelist,high,1,1,0,0,3.5,1,-0.1,3.5
24,6,20,24_20,panelist,low,1,0,1,0,3.5,0,0,3.5
24,6,21,24_21,panelist,high,1,1,0,0,3.5,1,0.1,3.6
24,6,22,24_22,panelist,med,1,0,0,0,3.5,1,-0.1,3.5
24,6,23,24_23,panelist,none,1,0,0,1,3.5,0,0,3.5
24,6,24,24_24,reviewer,med,0,0,0,0,3.5,1,0.1,3.6
24,7,01,24_01,panelist,med,1,0,0,0,4,1,0.3,4.3
24,7,02,24_02,panelist,med,1,0,0,0,4,0,0,4
24,7,03,24_03,panelist,none,1,0,0,1,4,0,0,4
24,7,04,24_04,panelist,none,1,0,0,1,4,1,0.2,4.2
24,7,05,24_05,panelist,med,1,0,0,0,4,1,-0.1,3.9
24,7,06,24_06,reviewer,high,0,1,0,0,4,0,0,4
24,7,07,24_07,panelist,none,1,0,0,1,4,1,0.1,4.1
24,7,08,24_08,reviewer,low,0,0,1,0,4,0,0,4
24,7,09,24_09,reviewer,none,0,0,0,1,4,0,0,4
24,7,10,24_10,panelist,high,1,1,0,0,4,0,0,4
24,7,11,24_11,panelist,med,1,0,0,0,4,0,0,4
24,7,12,24_12,panelist,med,1,0,0,0,4,1,-0.1,3.9
24,7,13,24_13,panelist,high,1,1,0,0,4,0,0,4
24,7,14,24_14,panelist,high,1,1,0,0,4,0,0,4
24,7,15,24_15,panelist,med,1,0,0,0,4,1,0.2,4.2
24,7,16,24_16,panelist,low,1,0,1,0,4,0,0,4
24,7,17,24_17,panelist,med,1,0,0,0,4,0,0,4
24,7,18,24_18,panelist,low,1,0,1,0,4,0,0,4
24,7,19,24_19,panelist,med,1,0,0,0,4,0,0,4
24,7,20,24_20,panelist,low,1,0,1,0,4,0,0,4
24,7,21,24_21,panelist,high,1,1,0,0,4,0,0,4
24,7,22,24_22,panelist,med,1,0,0,0,4,1,-0.2,3.8
24,7,23,24_23,panelist,high,1,1,0,0,4,0,0,4
24,7,24,24_24,panelist,med,1,0,0,0,4,1,0.1,4.1
24,8,01,24_01,panelist,high,1,1,0,0,3.5,0,0,3.5
24,8,02,24_02,panelist,low,1,0,1,0,3.5,1,-0.1,3.5
24,8,03,24_03,panelist,med,1,0,0,0,3.5,0,0,3.5
24,8,04,24_04,panelist,low,1,0,1,0,3.5,1,0.1,3.6
24,8,05,24_05,panelist,med,1,0,0,0,3.5,1,0.1,3.6
24,8,06,24_06,panelist,high,1,1,0,0,3.5,1,-0.1,3.5
24,8,07,24_07,panelist,none,1,0,0,1,3.5,1,-0.3,3.5
24,8,08,24_08,reviewer,med,0,0,0,0,3.5,0,0,3.5
24,8,09,24_09,panelist,med,1,0,0,0,3.5,1,0.1,3.6
24,8,10,24_10,panelist,high,1,1,0,0,3.5,1,0.1,3.6
24,8,11,24_11,reviewer,med,0,0,0,0,3.5,0,0,3.5
24,8,12,24_12,panelist,med,1,0,0,0,3.5,0,0,3.5
24,8,13,24_13,panelist,high,1,1,0,0,3.5,0,0,3.5
24,8,14,24_14,panelist,low,1,0,1,0,3.5,0,0,3.5
24,8,15,24_15,panelist,med,1,0,0,0,3.5,1,0.1,3.6
24,8,16,24_16,panelist,none,1,0,0,1,3.5,0,0,3.5
24,8,17,24_17,panelist,med,1,0,0,0,3.5,1,-0.1,3.5
24,8,18,24_18,reviewer,med,0,0,0,0,3.5,0,0,3.5
24,8,19,24_19,panelist,none,1,0,0,1,3.5,0,0,3.5
24,8,20,24_20,panelist,med,1,0,0,0,3.5,0,0,3.5
24,8,21,24_21,panelist,high,1,1,0,0,3.5,1,-0.1,3.5
24,8,22,24_22,panelist,none,1,0,0,1,3.5,1,-0.1,3.5
24,8,23,24_23,panelist,high,1,1,0,0,3.5,0,0,3.5
24,8,24,24_24,panelist,low,1,0,1,0,3.5,1,0.1,3.6
24,9,01,24_01,panelist,low,1,0,1,0,4.2,1,0.1,4.3
24,9,02,24_02,panelist,high,1,1,0,0,4.2,0,0,4.2
24,9,03,24_03,panelist,high,1,1,0,0,4.2,0,0,4.2
24,9,04,24_04,reviewer,med,0,0,0,0,4.2,0,0,4.2
24,9,05,24_05,panelist,med,1,0,0,0,4.2,0,0,4.2
24,9,06,24_06,panelist,med,1,0,0,0,4.2,0,0,4.2
24,9,07,24_07,reviewer,med,0,0,0,0,4.2,0,0,4.2
24,9,08,24_08,panelist,none,1,0,0,1,4.2,1,0.2,4.4
24,9,09,24_09,panelist,none,1,0,0,1,4.2,1,0.2,4.4
24,9,10,24_10,panelist,med,1,0,0,0,4.2,0,0,4.2
24,9,11,24_11,panelist,med,1,0,0,0,4.2,0,0,4.2
24,9,12,24_12,panelist,med,1,0,0,0,4.2,1,-0.1,4.1
24,9,13,24_13,panelist,low,1,0,1,0,4.2,0,0,4.2
24,9,14,24_14,panelist,med,1,0,0,0,4.2,1,0.3,4.5
24,9,15,24_15,panelist,low,1,0,1,0,4.2,0,0,4.2
24,9,16,24_16,reviewer,low,0,0,1,0,4.2,0,0,4.2
24,9,17,24_17,panelist,high,1,1,0,0,4.2,0,0,4.2
24,9,18,24_18,panelist,high,1,1,0,0,4.2,0,0,4.2
24,9,19,24_19,panelist,high,1,1,0,0,4.2,1,-0.1,4.1
24,9,20,24_20,panelist,med,1,0,0,0,4.2,0,0,4.2
24,9,21,24_21,panelist,none,1,0,0,1,4.2,0,0,4.2
24,9,22,24_22,panelist,none,1,0,0,1,4.2,1,0.1,4.3
24,9,23,24_23,panelist,high,1,1,0,0,4.2,0,0,4.2
24,9,24,24_24,panelist,med,1,0,0,0,4.2,0,0,4.2
24,10,01,24_01,panelist,high,1,1,0,0,4.6,0,0,4.6
24,10,02,24_02,panelist,high,1,1,0,0,4.6,0,0,4.6
24,10,03,24_03,panelist,low,1,0,1,0,4.6,1,-0.1,4.5
24,10,04,24_04,reviewer,med,0,0,0,0,4.6,1,-0.2,4.4
24,10,05,24_05,panelist,low,1,0,1,0,4.6,0,0,4.6
24,10,06,24_06,panelist,none,1,0,0,1,4.6,1,0.1,4.7
24,10,07,24_07,panelist,none,1,0,0,1,4.6,0,0,4.6
24,10,08,24_08,panelist,high,1,1,0,0,4.6,0,0,4.6
24,10,09,24_09,panelist,high,1,1,0,0,4.6,1,0.2,4.8
24,10,10,24_10,panelist,med,1,0,0,0,4.6,1,0.1,4.7
24,10,11,24_11,panelist,high,1,1,0,0,4.6,1,0.1,4.7
24,10,12,24_12,panelist,high,1,1,0,0,4.6,0,0,4.6
24,10,13,24_13,panelist,none,1,0,0,1,4.6,0,0,4.6
24,10,14,24_14,panelist,low,1,0,1,0,4.6,1,-0.1,4.5
24,10,15,24_15,panelist,med,1,0,0,0,4.6,1,-0.1,4.5
24,10,16,24_16,panelist,med,1,0,0,0,4.6,1,0.1,4.7
24,10,17,24_17,panelist,med,1,0,0,0,4.6,0,0,4.6
24,10,18,24_18,panelist,med,1,0,0,0,4.6,1,0.1,4.7
24,10,19,24_19,reviewer,none,0,0,0,1,4.6,1,-0.1,4.5
24,10,20,24_20,reviewer,med,0,0,0,0,4.6,0,0,4.6
24,10,21,24_21,panelist,med,1,0,0,0,4.6,0,0,4.6
24,10,22,24_22,panelist,med,1,0,0,0,4.6,0,0,4.6
24,10,23,24_23,panelist,low,1,0,1,0,4.6,0,0,4.6
24,10,24,24_24,panelist,med,1,0,0,0,4.6,0,0,4.6
24,11,01,24_01,panelist,high,1,1,0,0,4.2,0,0,4.2
24,11,02,24_02,panelist,med,1,0,0,0,4.2,1,0.3,4.5
24,11,03,24_03,panelist,high,1,1,0,0,4.2,1,0.1,4.3
24,11,04,24_04,panelist,med,1,0,0,0,4.2,0,0,4.2
24,11,05,24_05,reviewer,high,0,1,0,0,4.2,0,0,4.2
24,11,06,24_06,reviewer,low,0,0,1,0,4.2,1,-0.2,4
24,11,07,24_07,panelist,med,1,0,0,0,4.2,1,-0.4,3.8
24,11,08,24_08,panelist,high,1,1,0,0,4.2,0,0,4.2
24,11,09,24_09,panelist,med,1,0,0,0,4.2,0,0,4.2
24,11,10,24_10,panelist,med,1,0,0,0,4.2,0,0,4.2
24,11,11,24_11,panelist,none,1,0,0,1,4.2,1,0.1,4.3
24,11,12,24_12,panelist,none,1,0,0,1,4.2,0,0,4.2
24,11,13,24_13,panelist,med,1,0,0,0,4.2,0,0,4.2
24,11,14,24_14,panelist,low,1,0,1,0,4.2,0,0,4.2
24,11,15,24_15,panelist,none,1,0,0,1,4.2,0,0,4.2
24,11,16,24_16,panelist,low,1,0,1,0,4.2,0,0,4.2
24,11,17,24_17,panelist,med,1,0,0,0,4.2,0,0,4.2
24,11,18,24_18,panelist,high,1,1,0,0,4.2,0,0,4.2
24,11,19,24_19,panelist,low,1,0,1,0,4.2,1,0.1,4.3
24,11,20,24_20,reviewer,med,0,0,0,0,4.2,0,0,4.2
24,11,21,24_21,panelist,none,1,0,0,1,4.2,0,0,4.2
24,11,22,24_22,panelist,med,1,0,0,0,4.2,1,-0.2,4
24,11,23,24_23,panelist,med,1,0,0,0,4.2,0,0,4.2
24,11,24,24_24,panelist,high,1,1,0,0,4.2,0,0,4.2
24,12,01,24_01,reviewer,none,0,0,0,1,4.8,1,-0.1,4.7
24,12,02,24_02,panelist,med,1,0,0,0,4.8,0,0,4.8
24,12,03,24_03,panelist,high,1,1,0,0,4.8,0,0,4.8
24,12,04,24_04,panelist,low,1,0,1,0,4.8,0,0,4.8
24,12,05,24_05,panelist,med,1,0,0,0,4.8,0,0,4.8
24,12,06,24_06,panelist,high,1,1,0,0,4.8,0,0,4.8
24,12,07,24_07,panelist,none,1,0,0,1,4.8,0,0,4.8
24,12,08,24_08,panelist,med,1,0,0,0,4.8,0,0,4.8
24,12,09,24_09,panelist,med,1,0,0,0,4.8,0,0,4.8
24,12,10,24_10,panelist,low,1,0,1,0,4.8,0,0,4.8
24,12,11,24_11,panelist,high,1,1,0,0,4.8,0,0,4.8
24,12,12,24_12,panelist,med,1,0,0,0,4.8,1,-0.2,4.6
24,12,13,24_13,panelist,high,1,1,0,0,4.8,0,0,4.8
24,12,14,24_14,panelist,med,1,0,0,0,4.8,0,0,4.8
24,12,15,24_15,reviewer,none,0,0,0,1,4.8,1,-0.1,4.7
24,12,16,24_16,panelist,none,1,0,0,1,4.8,0,0,4.8
24,12,17,24_17,panelist,med,1,0,0,0,4.8,0,0,4.8
24,12,18,24_18,panelist,low,1,0,1,0,4.8,1,0.2,4.9
24,12,19,24_19,panelist,high,1,1,0,0,4.8,1,-0.2,4.6
24,12,20,24_20,panelist,med,1,0,0,0,4.8,0,0,4.8
24,12,21,24_21,panelist,med,1,0,0,0,4.8,1,-0.3,4.5
24,12,22,24_22,reviewer,high,0,1,0,0,4.8,0,0,4.8
24,12,23,24_23,panelist,med,1,0,0,0,4.8,1,0.1,4.9
24,12,24,24_24,panelist,low,1,0,1,0,4.8,0,0,4.8
24,13,01,24_01,panelist,med,1,0,0,0,4.6,1,0.1,4.7
24,13,02,24_02,panelist,med,1,0,0,0,4.6,0,0,4.6
24,13,03,24_03,panelist,high,1,1,0,0,4.6,0,0,4.6
24,13,04,24_04,panelist,high,1,1,0,0,4.6,1,-0.1,4.5
24,13,05,24_05,reviewer,med,0,0,0,0,4.6,0,0,4.6
24,13,06,24_06,panelist,high,1,1,0,0,4.6,1,0.1,4.7
24,13,07,24_07,panelist,high,1,1,0,0,4.6,0,0,4.6
24,13,08,24_08,panelist,high,1,1,0,0,4.6,1,0.2,4.8
24,13,09,24_09,panelist,med,1,0,0,0,4.6,0,0,4.6
24,13,10,24_10,reviewer,med,0,0,0,0,4.6,0,0,4.6
24,13,11,24_11,reviewer,none,0,0,0,1,4.6,0,0,4.6
24,13,12,24_12,panelist,low,1,0,1,0,4.6,0,0,4.6
24,13,13,24_13,panelist,none,1,0,0,1,4.6,1,0.1,4.7
24,13,14,24_14,panelist,none,1,0,0,1,4.6,1,-0.1,4.5
24,13,15,24_15,panelist,none,1,0,0,1,4.6,0,0,4.6
24,13,16,24_16,panelist,med,1,0,0,0,4.6,0,0,4.6
24,13,17,24_17,panelist,med,1,0,0,0,4.6,0,0,4.6
24,13,18,24_18,panelist,low,1,0,1,0,4.6,0,0,4.6
24,13,19,24_19,panelist,low,1,0,1,0,4.6,1,0.1,4.7
24,13,20,24_20,panelist,med,1,0,0,0,4.6,1,-0.1,4.5
24,13,21,24_21,panelist,med,1,0,0,0,4.6,1,0.1,4.7
24,13,22,24_22,panelist,high,1,1,0,0,4.6,0,0,4.6
24,13,23,24_23,panelist,low,1,0,1,0,4.6,1,0.1,4.7
24,13,24,24_24,panelist,med,1,0,0,0,4.6,0,0,4.6
24,14,01,24_01,panelist,low,1,0,1,0,3.6,0,0,3.6
24,14,02,24_02,panelist,low,1,0,1,0,3.6,0,0,3.6
24,14,03,24_03,panelist,med,1,0,0,0,3.6,1,-0.4,3.5
24,14,04,24_04,panelist,med,1,0,0,0,3.6,0,0,3.6
24,14,05,24_05,reviewer,none,0,0,0,1,3.6,0,0,3.6
24,14,06,24_06,panelist,med,1,0,0,0,3.6,0,0,3.6
24,14,07,24_07,panelist,none,1,0,0,1,3.6,0,0,3.6
24,14,08,24_08,panelist,low,1,0,1,0,3.6,1,0.1,3.7
24,14,09,24_09,panelist,med,1,0,0,0,3.6,1,0.1,3.7
24,14,10,24_10,panelist,med,1,0,0,0,3.6,1,0.1,3.7
24,14,11,24_11,panelist,high,1,1,0,0,3.6,0,0,3.6
24,14,12,24_12,panelist,med,1,0,0,0,3.6,0,0,3.6
24,14,13,24_13,panelist,none,1,0,0,1,3.6,1,0.1,3.7
24,14,14,24_14,reviewer,med,0,0,0,0,3.6,0,0,3.6
24,14,15,24_15,panelist,low,1,0,1,0,3.6,1,-0.1,3.5
24,14,16,24_16,panelist,high,1,1,0,0,3.6,1,-0.2,3.5
24,14,17,24_17,panelist,none,1,0,0,1,3.6,0,0,3.6
24,14,18,24_18,panelist,high,1,1,0,0,3.6,0,0,3.6
24,14,19,24_19,panelist,high,1,1,0,0,3.6,0,0,3.6
24,14,20,24_20,reviewer,high,0,1,0,0,3.6,0,0,3.6
24,14,21,24_21,panelist,med,1,0,0,0,3.6,0,0,3.6
24,14,22,24_22,panelist,high,1,1,0,0,3.6,1,-0.1,3.5
24,14,23,24_23,panelist,med,1,0,0,0,3.6,0,0,3.6
24,14,24,24_24,panelist,med,1,0,0,0,3.6,1,0.1,3.7
24,15,01,24_01,reviewer,none,0,0,0,1,4.4,0,0,4.4
24,15,02,24_02,panelist,none,1,0,0,1,4.4,0,0,4.4
24,15,03,24_03,panelist,low,1,0,1,0,4.4,1,-0.2,4.2
24,15,04,24_04,panelist,med,1,0,0,0,4.4,0,0,4.4
24,15,05,24_05,panelist,med,1,0,0,0,4.4,0,0,4.4
24,15,06,24_06,panelist,high,1,1,0,0,4.4,0,0,4.4
24,15,07,24_07,panelist,med,1,0,0,0,4.4,1,-0.3,4.1
24,15,08,24_08,panelist,low,1,0,1,0,4.4,1,-0.1,4.3
24,15,09,24_09,reviewer,med,0,0,0,0,4.4,1,-0.1,4.3
24,15,10,24_10,panelist,med,1,0,0,0,4.4,0,0,4.4
24,15,11,24_11,panelist,low,1,0,1,0,4.4,0,0,4.4
24,15,12,24_12,panelist,none,1,0,0,1,4.4,1,-0.1,4.3
24,15,13,24_13,panelist,med,1,0,0,0,4.4,1,0.2,4.6
24,15,14,24_14,panelist,high,1,1,0,0,4.4,1,0.2,4.6
24,15,15,24_15,panelist,med,1,0,0,0,4.4,0,0,4.4
24,15,16,24_16,panelist,high,1,1,0,0,4.4,0,0,4.4
24,15,17,24_17,panelist,med,1,0,0,0,4.4,0,0,4.4
24,15,18,24_18,panelist,med,1,0,0,0,4.4,1,-0.2,4.2
24,15,19,24_19,panelist,high,1,1,0,0,4.4,1,0.1,4.5
24,15,20,24_20,reviewer,med,0,0,0,0,4.4,1,0.2,4.6
24,15,21,24_21,panelist,high,1,1,0,0,4.4,0,0,4.4
24,15,22,24_22,panelist,high,1,1,0,0,4.4,0,0,4.4
24,15,23,24_23,panelist,low,1,0,1,0,4.4,0,0,4.4
24,15,24,24_24,panelist,none,1,0,0,1,4.4,0,0,4.4
25,1,01,25_01,panelist,med,1,0,0,0,3.9,1,-0.2,3.7
25,1,02,25_02,panelist,low,1,0,1,0,3.9,0,0,3.9
25,1,03,25_03,panelist,none,1,0,0,1,3.9,1,0.2,4.1
25,1,04,25_04,panelist,med,1,0,0,0,3.9,1,0.1,4
25,1,05,25_05,panelist,none,1,0,0,1,3.9,1,0.2,4.1
25,1,06,25_06,panelist,med,1,0,0,0,3.9,1,0.1,4
25,1,07,25_07,panelist,low,1,0,1,0,3.9,0,0,3.9
25,1,08,25_08,panelist,high,1,1,0,0,3.9,0,0,3.9
25,1,09,25_09,panelist,high,1,1,0,0,3.9,0,0,3.9
25,1,10,25_10,panelist,low,1,0,1,0,3.9,1,0.1,4
25,1,11,25_11,reviewer,high,0,1,0,0,3.9,0,0,3.9
25,1,12,25_12,panelist,low,1,0,1,0,3.9,1,-0.2,3.7
25,1,13,25_13,panelist,high,1,1,0,0,3.9,0,0,3.9
25,1,14,25_14,panelist,none,1,0,0,1,3.9,1,-0.1,3.8
25,1,15,25_15,reviewer,med,0,0,0,0,3.9,0,0,3.9
25,1,16,25_16,panelist,none,1,0,0,1,3.9,1,0.1,4
25,1,17,25_17,panelist,med,1,0,0,0,3.9,0,0,3.9
25,1,18,25_18,panelist,med,1,0,0,0,3.9,1,0.1,4
25,1,19,25_19,panelist,med,1,0,0,0,3.9,0,0,3.9
25,1,20,25_20,panelist,med,1,0,0,0,3.9,1,0.2,4.1
25,1,21,25_21,panelist,high,1,1,0,0,3.9,0,0,3.9
25,1,22,25_22,panelist,high,1,1,0,0,3.9,0,0,3.9
25,1,23,25_23,reviewer,med,0,0,0,0,3.9,1,-0.1,3.8
25,1,24,25_24,panelist,med,1,0,0,0,3.9,0,0,3.9
25,2,01,25_01,reviewer,med,0,0,0,0,4.5,0,0,4.5
25,2,02,25_02,panelist,low,1,0,1,0,4.5,0,0,4.5
25,2,03,25_03,panelist,med,1,0,0,0,4.5,0,0,4.5
25,2,04,25_04,panelist,med,1,0,0,0,4.5,1,-0.2,4.3
25,2,05,25_05,panelist,high,1,1,0,0,4.5,0,0,4.5
25,2,06,25_06,panelist,med,1,0,0,0,4.5,1,-0.1,4.4
25,2,07,25_07,panelist,low,1,0,1,0,4.5,0,0,4.5
25,2,08,25_08,panelist,high,1,1,0,0,4.5,0,0,4.5
25,2,09,25_09,reviewer,med,0,0,0,0,4.5,0,0,4.5
25,2,10,25_10,panelist,med,1,0,0,0,4.5,1,-0.2,4.3
25,2,11,25_11,panelist,med,1,0,0,0,4.5,1,0.1,4.6
25,2,12,25_12,reviewer,med,0,0,0,0,4.5,1,-0.3,4.2
25,2,13,25_13,panelist,low,1,0,1,0,4.5,1,-0.1,4.4
25,2,14,25_14,panelist,none,1,0,0,1,4.5,1,0.2,4.7
25,2,15,25_15,panelist,high,1,1,0,0,4.5,0,0,4.5
25,2,16,25_16,panelist,high,1,1,0,0,4.5,0,0,4.5
25,2,17,25_17,panelist,none,1,0,0,1,4.5,0,0,4.5
25,2,18,25_18,panelist,none,1,0,0,1,4.5,0,0,4.5
25,2,19,25_19,panelist,high,1,1,0,0,4.5,0,0,4.5
25,2,20,25_20,panelist,none,1,0,0,1,4.5,0,0,4.5
25,2,21,25_21,panelist,med,1,0,0,0,4.5,0,0,4.5
25,2,22,25_22,panelist,low,1,0,1,0,4.5,0,0,4.5
25,2,23,25_23,panelist,high,1,1,0,0,4.5,0,0,4.5
25,2,24,25_24,panelist,med,1,0,0,0,4.5,1,0.4,4.9
25,3,01,25_01,panelist,med,1,0,0,0,4.4,1,0.1,4.5
25,3,02,25_02,panelist,high,1,1,0,0,4.4,1,-0.1,4.3
25,3,03,25_03,panelist,none,1,0,0,1,4.4,0,0,4.4
25,3,04,25_04,reviewer,high,0,1,0,0,4.4,1,-0.1,4.3
25,3,05,25_05,panelist,low,1,0,1,0,4.4,1,-0.2,4.2
25,3,06,25_06,panelist,high,1,1,0,0,4.4,0,0,4.4
25,3,07,25_07,panelist,med,1,0,0,0,4.4,0,0,4.4
25,3,08,25_08,panelist,high,1,1,0,0,4.4,0,0,4.4
25,3,09,25_09,panelist,high,1,1,0,0,4.4,0,0,4.4
25,3,10,25_10,panelist,med,1,0,0,0,4.4,0,0,4.4
25,3,11,25_11,panelist,med,1,0,0,0,4.4,0,0,4.4
25,3,12,25_12,panelist,low,1,0,1,0,4.4,0,0,4.4
25,3,13,25_13,panelist,med,1,0,0,0,4.4,0,0,4.4
25,3,14,25_14,panelist,none,1,0,0,1,4.4,1,0.1,4.5
25,3,15,25_15,panelist,low,1,0,1,0,4.4,1,0.2,4.6
25,3,16,25_16,reviewer,none,0,0,0,1,4.4,0,0,4.4
25,3,17,25_17,reviewer,med,0,0,0,0,4.4,0,0,4.4
25,3,18,25_18,panelist,med,1,0,0,0,4.4,0,0,4.4
25,3,19,25_19,panelist,med,1,0,0,0,4.4,1,-0.2,4.2
25,3,20,25_20,panelist,low,1,0,1,0,4.4,0,0,4.4
25,3,21,25_21,panelist,high,1,1,0,0,4.4,0,0,4.4
25,3,22,25_22,panelist,med,1,0,0,0,4.4,1,-0.1,4.3
25,3,23,25_23,panelist,none,1,0,0,1,4.4,1,0.1,4.5
25,3,24,25_24,panelist,med,1,0,0,0,4.4,0,0,4.4
25,4,01,25_01,panelist,med,1,0,0,0,4,0,0,4
25,4,02,25_02,panelist,low,1,0,1,0,4,0,0,4
25,4,03,25_03,panelist,low,1,0,1,0,4,0,0,4
25,4,04,25_04,panelist,high,1,1,0,0,4,1,-0.1,3.9
25,4,05,25_05,panelist,low,1,0,1,0,4,0,0,4
25,4,06,25_06,panelist,med,1,0,0,0,4,1,-0.1,3.9
25,4,07,25_07,panelist,high,1,1,0,0,4,0,0,4
25,4,08,25_08,panelist,high,1,1,0,0,4,1,-0.2,3.8
25,4,09,25_09,panelist,high,1,1,0,0,4,0,0,4
25,4,10,25_10,panelist,med,1,0,0,0,4,1,0.1,4.1
25,4,11,25_11,panelist,none,1,0,0,1,4,1,-0.2,3.8
25,4,12,25_12,reviewer,med,0,0,0,0,4,0,0,4
25,4,13,25_13,panelist,low,1,0,1,0,4,0,0,4
25,4,14,25_14,panelist,med,1,0,0,0,4,1,0.1,4.1
25,4,15,25_15,panelist,high,1,1,0,0,4,0,0,4
25,4,16,25_16,panelist,med,1,0,0,0,4,0,0,4
25,4,17,25_17,panelist,med,1,0,0,0,4,0,0,4
25,4,18,25_18,panelist,none,1,0,0,1,4,1,0.1,4.1
25,4,19,25_19,panelist,none,1,0,0,1,4,1,-0.2,3.8
25,4,20,25_20,panelist,med,1,0,0,0,4,1,0.3,4.3
25,4,21,25_21,reviewer,high,0,1,0,0,4,1,0.1,4.1
25,4,22,25_22,reviewer,med,0,0,0,0,4,0,0,4
25,4,23,25_23,panelist,none,1,0,0,1,4,1,0.2,4.2
25,4,24,25_24,panelist,med,1,0,0,0,4,0,0,4
25,5,01,25_01,panelist,med,1,0,0,0,4,1,-0.3,3.7
25,5,02,25_02,panelist,none,1,0,0,1,4,0,0,4
25,5,03,25_03,panelist,med,1,0,0,0,4,1,0.2,4.2
25,5,04,25_04,panelist,high,1,1,0,0,4,0,0,4
25,5,05,25_05,panelist,high,1,1,0,0,4,1,0.3,4.3
25,5,06,25_06,reviewer,low,0,0,1,0,4,1,-0.2,3.8
25,5,07,25_07,panelist,high,1,1,0,0,4,1,0.2,4.2
25,5,08,25_08,panelist,med,1,0,0,0,4,1,0.1,4.1
25,5,09,25_09,panelist,none,1,0,0,1,4,1,-0.1,3.9
25,5,10,25_10,panelist,med,1,0,0,0,4,0,0,4
25,5,11,25_11,panelist,med,1,0,0,0,4,0,0,4
25,5,12,25_12,panelist,low,1,0,1,0,4,0,0,4
25,5,13,25_13,panelist,med,1,0,0,0,4,0,0,4
25,5,14,25_14,reviewer,med,0,0,0,0,4,0,0,4
25,5,15,25_15,panelist,high,1,1,0,0,4,0,0,4
25,5,16,25_16,panelist,low,1,0,1,0,4,0,0,4
25,5,17,25_17,panelist,med,1,0,0,0,4,1,-0.1,3.9
25,5,18,25_18,panelist,none,1,0,0,1,4,1,0.3,4.3
25,5,19,25_19,panelist,low,1,0,1,0,4,1,0.1,4.1
25,5,20,25_20,panelist,high,1,1,0,0,4,0,0,4
25,5,21,25_21,panelist,none,1,0,0,1,4,1,0.3,4.3
25,5,22,25_22,panelist,high,1,1,0,0,4,0,0,4
25,5,23,25_23,reviewer,med,0,0,0,0,4,1,-0.1,3.9
25,5,24,25_24,panelist,med,1,0,0,0,4,0,0,4
25,6,01,25_01,panelist,low,1,0,1,0,3.7,1,-0.2,3.5
25,6,02,25_02,panelist,high,1,1,0,0,3.7,0,0,3.7
25,6,03,25_03,panelist,med,1,0,0,0,3.7,1,-0.1,3.6
25,6,04,25_04,panelist,med,1,0,0,0,3.7,1,-0.1,3.6
25,6,05,25_05,panelist,med,1,0,0,0,3.7,1,-0.1,3.6
25,6,06,25_06,panelist,med,1,0,0,0,3.7,0,0,3.7
25,6,07,25_07,reviewer,none,0,0,0,1,3.7,1,-0.1,3.6
25,6,08,25_08,panelist,high,1,1,0,0,3.7,1,0.1,3.8
25,6,09,25_09,panelist,med,1,0,0,0,3.7,0,0,3.7
25,6,10,25_10,panelist,high,1,1,0,0,3.7,0,0,3.7
25,6,11,25_11,panelist,none,1,0,0,1,3.7,0,0,3.7
25,6,12,25_12,panelist,med,1,0,0,0,3.7,1,-0.1,3.6
25,6,13,25_13,panelist,med,1,0,0,0,3.7,0,0,3.7
25,6,14,25_14,panelist,none,1,0,0,1,3.7,1,-0.1,3.6
25,6,15,25_15,panelist,med,1,0,0,0,3.7,0,0,3.7
25,6,16,25_16,panelist,none,1,0,0,1,3.7,1,0.2,3.9
25,6,17,25_17,panelist,low,1,0,1,0,3.7,0,0,3.7
25,6,18,25_18,panelist,med,1,0,0,0,3.7,0,0,3.7
25,6,19,25_19,reviewer,high,0,1,0,0,3.7,1,0.1,3.8
25,6,20,25_20,panelist,high,1,1,0,0,3.7,0,0,3.7
25,6,21,25_21,panelist,med,1,0,0,0,3.7,1,0.2,3.9
25,6,22,25_22,reviewer,low,0,0,1,0,3.7,0,0,3.7
25,6,23,25_23,panelist,high,1,1,0,0,3.7,0,0,3.7
25,6,24,25_24,panelist,low,1,0,1,0,3.7,0,0,3.7
25,7,01,25_01,reviewer,med,0,0,0,0,4.2,0,0,4.2
25,7,02,25_02,panelist,med,1,0,0,0,4.2,0,0,4.2
25,7,03,25_03,panelist,low,1,0,1,0,4.2,1,0.2,4.4
25,7,04,25_04,panelist,med,1,0,0,0,4.2,0,0,4.2
25,7,05,25_05,panelist,low,1,0,1,0,4.2,1,-0.1,4.1
25,7,06,25_06,panelist,none,1,0,0,1,4.2,0,0,4.2
25,7,07,25_07,reviewer,high,0,1,0,0,4.2,0,0,4.2
25,7,08,25_08,panelist,none,1,0,0,1,4.2,0,0,4.2
25,7,09,25_09,panelist,none,1,0,0,1,4.2,0,0,4.2
25,7,10,25_10,panelist,low,1,0,1,0,4.2,0,0,4.2
25,7,11,25_11,panelist,med,1,0,0,0,4.2,0,0,4.2
25,7,12,25_12,panelist,high,1,1,0,0,4.2,0,0,4.2
25,7,13,25_13,panelist,med,1,0,0,0,4.2,0,0,4.2
25,7,14,25_14,panelist,med,1,0,0,0,4.2,1,0.1,4.3
25,7,15,25_15,panelist,high,1,1,0,0,4.2,0,0,4.2
25,7,16,25_16,panelist,high,1,1,0,0,4.2,0,0,4.2
25,7,17,25_17,panelist,med,1,0,0,0,4.2,0,0,4.2
25,7,18,25_18,panelist,low,1,0,1,0,4.2,0,0,4.2
25,7,19,25_19,panelist,none,1,0,0,1,4.2,1,0.4,4.6
25,7,20,25_20,panelist,med,1,0,0,0,4.2,0,0,4.2
25,7,21,25_21,panelist,high,1,1,0,0,4.2,1,-0.1,4.1
25,7,22,25_22,panelist,med,1,0,0,0,4.2,0,0,4.2
25,7,23,25_23,panelist,med,1,0,0,0,4.2,0,0,4.2
25,7,24,25_24,reviewer,high,0,1,0,0,4.2,0,0,4.2
25,8,01,25_01,reviewer,med,0,0,0,0,3.7,0,0,3.7
25,8,02,25_02,panelist,med,1,0,0,0,3.7,1,0.1,3.8
25,8,03,25_03,reviewer,med,0,0,0,0,3.7,1,0.1,3.8
25,8,04,25_04,reviewer,low,0,0,1,0,3.7,0,0,3.7
25,8,05,25_05,panelist,high,1,1,0,0,3.7,1,-0.1,3.6
25,8,06,25_06,panelist,none,1,0,0,1,3.7,1,-0.1,3.6
25,8,07,25_07,panelist,high,1,1,0,0,3.7,0,0,3.7
25,8,08,25_08,panelist,none,1,0,0,1,3.7,0,0,3.7
25,8,09,25_09,panelist,med,1,0,0,0,3.7,0,0,3.7
25,8,10,25_10,panelist,high,1,1,0,0,3.7,0,0,3.7
25,8,11,25_11,panelist,high,1,1,0,0,3.7,0,0,3.7
25,8,12,25_12,panelist,low,1,0,1,0,3.7,1,0.2,3.9
25,8,13,25_13,panelist,med,1,0,0,0,3.7,1,-0.1,3.6
25,8,14,25_14,panelist,med,1,0,0,0,3.7,0,0,3.7
25,8,15,25_15,panelist,med,1,0,0,0,3.7,0,0,3.7
25,8,16,25_16,panelist,high,1,1,0,0,3.7,1,0.1,3.8
25,8,17,25_17,panelist,med,1,0,0,0,3.7,1,-0.1,3.6
25,8,18,25_18,panelist,none,1,0,0,1,3.7,0,0,3.7
25,8,19,25_19,panelist,high,1,1,0,0,3.7,1,-0.1,3.6
25,8,20,25_20,panelist,low,1,0,1,0,3.7,0,0,3.7
25,8,21,25_21,panelist,low,1,0,1,0,3.7,0,0,3.7
25,8,22,25_22,panelist,med,1,0,0,0,3.7,0,0,3.7
25,8,23,25_23,panelist,none,1,0,0,1,3.7,0,0,3.7
25,8,24,25_24,panelist,med,1,0,0,0,3.7,0,0,3.7
25,9,01,25_01,panelist,med,1,0,0,0,4.5,0,0,4.5
25,9,02,25_02,panelist,high,1,1,0,0,4.5,0,0,4.5
25,9,03,25_03,panelist,none,1,0,0,1,4.5,1,0.1,4.6
25,9,04,25_04,panelist,none,1,0,0,1,4.5,1,-0.1,4.4
25,9,05,25_05,panelist,none,1,0,0,1,4.5,0,0,4.5
25,9,06,25_06,panelist,med,1,0,0,0,4.5,0,0,4.5
25,9,07,25_07,reviewer,low,0,0,1,0,4.5,1,-0.1,4.4
25,9,08,25_08,panelist,low,1,0,1,0,4.5,0,0,4.5
25,9,09,25_09,panelist,high,1,1,0,0,4.5,0,0,4.5
25,9,10,25_10,panelist,med,1,0,0,0,4.5,1,0.1,4.6
25,9,11,25_11,panelist,med,1,0,0,0,4.5,0,0,4.5
25,9,12,25_12,panelist,med,1,0,0,0,4.5,1,0.1,4.6
25,9,13,25_13,panelist,med,1,0,0,0,4.5,1,0.2,4.7
25,9,14,25_14,panelist,low,1,0,1,0,4.5,0,0,4.5
25,9,15,25_15,panelist,low,1,0,1,0,4.5,0,0,4.5
25,9,16,25_16,panelist,med,1,0,0,0,4.5,0,0,4.5
25,9,17,25_17,panelist,high,1,1,0,0,4.5,0,0,4.5
25,9,18,25_18,reviewer,high,0,1,0,0,4.5,0,0,4.5
25,9,19,25_19,reviewer,med,0,0,0,0,4.5,1,0.4,4.9
25,9,20,25_20,panelist,med,1,0,0,0,4.5,0,0,4.5
25,9,21,25_21,panelist,none,1,0,0,1,4.5,0,0,4.5
25,9,22,25_22,panelist,high,1,1,0,0,4.5,0,0,4.5
25,9,23,25_23,panelist,med,1,0,0,0,4.5,0,0,4.5
25,9,24,25_24,panelist,high,1,1,0,0,4.5,1,0.1,4.6
25,10,01,25_01,panelist,low,1,0,1,0,4.8,1,0.2,4.9
25,10,02,25_02,panelist,none,1,0,0,1,4.8,1,0.1,4.9
25,10,03,25_03,panelist,med,1,0,0,0,4.8,0,0,4.8
25,10,04,25_04,panelist,low,1,0,1,0,4.8,1,-0.3,4.5
25,10,05,25_05,panelist,med,1,0,0,0,4.8,1,0.2,4.9
25,10,06,25_06,panelist,high,1,1,0,0,4.8,0,0,4.8
25,10,07,25_07,reviewer,med,0,0,0,0,4.8,1,0.2,4.9
25,10,08,25_08,panelist,med,1,0,0,0,4.8,0,0,4.8
25,10,09,25_09,panelist,med,1,0,0,0,4.8,0,0,4.8
25,10,10,25_10,panelist,high,1,1,0,0,4.8,0,0,4.8
25,10,11,25_11,reviewer,high,0,1,0,0,4.8,1,-0.1,4.7
25,10,12,25_12,panelist,high,1,1,0,0,4.8,1,-0.2,4.6
25,10,13,25_13,panelist,med,1,0,0,0,4.8,0,0,4.8
25,10,14,25_14,panelist,low,1,0,1,0,4.8,0,0,4.8
25,10,15,25_15,panelist,med,1,0,0,0,4.8,0,0,4.8
25,10,16,25_16,panelist,high,1,1,0,0,4.8,0,0,4.8
25,10,17,25_17,reviewer,high,0,1,0,0,4.8,1,0.1,4.9
25,10,18,25_18,panelist,med,1,0,0,0,4.8,0,0,4.8
25,10,19,25_19,panelist,low,1,0,1,0,4.8,0,0,4.8
25,10,20,25_20,panelist,med,1,0,0,0,4.8,1,-0.1,4.7
25,10,21,25_21,panelist,none,1,0,0,1,4.8,0,0,4.8
25,10,22,25_22,panelist,none,1,0,0,1,4.8,0,0,4.8
25,10,23,25_23,panelist,med,1,0,0,0,4.8,0,0,4.8
25,10,24,25_24,panelist,none,1,0,0,1,4.8,0,0,4.8
25,11,01,25_01,panelist,med,1,0,0,0,4.4,0,0,4.4
25,11,02,25_02,panelist,med,1,0,0,0,4.4,0,0,4.4
25,11,03,25_03,panelist,none,1,0,0,1,4.4,0,0,4.4
25,11,04,25_04,panelist,med,1,0,0,0,4.4,1,-0.2,4.2
25,11,05,25_05,panelist,high,1,1,0,0,4.4,0,0,4.4
25,11,06,25_06,panelist,med,1,0,0,0,4.4,0,0,4.4
25,11,07,25_07,panelist,low,1,0,1,0,4.4,1,0.1,4.5
25,11,08,25_08,panelist,high,1,1,0,0,4.4,0,0,4.4
25,11,09,25_09,reviewer,high,0,1,0,0,4.4,0,0,4.4
25,11,10,25_10,panelist,high,1,1,0,0,4.4,0,0,4.4
25,11,11,25_11,reviewer,low,0,0,1,0,4.4,0,0,4.4
25,11,12,25_12,reviewer,none,0,0,0,1,4.4,0,0,4.4
25,11,13,25_13,panelist,none,1,0,0,1,4.4,1,0.1,4.5
25,11,14,25_14,panelist,med,1,0,0,0,4.4,0,0,4.4
25,11,15,25_15,panelist,med,1,0,0,0,4.4,1,0.1,4.5
25,11,16,25_16,panelist,low,1,0,1,0,4.4,1,0.1,4.5
25,11,17,25_17,panelist,med,1,0,0,0,4.4,0,0,4.4
25,11,18,25_18,panelist,none,1,0,0,1,4.4,0,0,4.4
25,11,19,25_19,panelist,med,1,0,0,0,4.4,1,0.2,4.6
25,11,20,25_20,panelist,med,1,0,0,0,4.4,0,0,4.4
25,11,21,25_21,panelist,med,1,0,0,0,4.4,1,0.2,4.6
25,11,22,25_22,panelist,low,1,0,1,0,4.4,0,0,4.4
25,11,23,25_23,panelist,high,1,1,0,0,4.4,1,0.1,4.5
25,11,24,25_24,panelist,high,1,1,0,0,4.4,0,0,4.4
25,12,01,25_01,panelist,none,1,0,0,1,4.9,1,0.1,4.9
25,12,02,25_02,panelist,high,1,1,0,0,4.9,0,0,4.9
25,12,03,25_03,panelist,high,1,1,0,0,4.9,0,0,4.9
25,12,04,25_04,panelist,med,1,0,0,0,4.9,0,0,4.9
25,12,05,25_05,reviewer,none,0,0,0,1,4.9,1,-0.1,4.8
25,12,06,25_06,panelist,low,1,0,1,0,4.9,0,0,4.9
25,12,07,25_07,panelist,med,1,0,0,0,4.9,1,-0.2,4.7
25,12,08,25_08,panelist,med,1,0,0,0,4.9,1,0.1,4.9
25,12,09,25_09,panelist,med,1,0,0,0,4.9,1,0.2,4.9
25,12,10,25_10,panelist,med,1,0,0,0,4.9,0,0,4.9
25,12,11,25_11,panelist,low,1,0,1,0,4.9,1,0.1,4.9
25,12,12,25_12,panelist,high,1,1,0,0,4.9,0,0,4.9
25,12,13,25_13,panelist,none,1,0,0,1,4.9,0,0,4.9
25,12,14,25_14,panelist,med,1,0,0,0,4.9,0,0,4.9
25,12,15,25_15,panelist,none,1,0,0,1,4.9,1,0.3,4.9
25,12,16,25_16,panelist,med,1,0,0,0,4.9,1,0.3,4.9
25,12,17,25_17,panelist,med,1,0,0,0,4.9,0,0,4.9
25,12,18,25_18,panelist,low,1,0,1,0,4.9,1,-0.3,4.6
25,12,19,25_19,panelist,med,1,0,0,0,4.9,0,0,4.9
25,12,20,25_20,panelist,high,1,1,0,0,4.9,0,0,4.9
25,12,21,25_21,panelist,high,1,1,0,0,4.9,1,-0.2,4.7
25,12,22,25_22,panelist,low,1,0,1,0,4.9,0,0,4.9
25,12,23,25_23,reviewer,med,0,0,0,0,4.9,0,0,4.9
25,12,24,25_24,reviewer,high,0,1,0,0,4.9,1,0.3,4.9
25,13,01,25_01,panelist,none,1,0,0,1,4.9,0,0,4.9
25,13,02,25_02,panelist,none,1,0,0,1,4.9,1,-0.1,4.8
25,13,03,25_03,panelist,high,1,1,0,0,4.9,1,0.1,4.9
25,13,04,25_04,reviewer,high,0,1,0,0,4.9,0,0,4.9
25,13,05,25_05,panelist,high,1,1,0,0,4.9,0,0,4.9
25,13,06,25_06,panelist,med,1,0,0,0,4.9,0,0,4.9
25,13,07,25_07,panelist,med,1,0,0,0,4.9,1,-0.1,4.8
25,13,08,25_08,panelist,med,1,0,0,0,4.9,0,0,4.9
25,13,09,25_09,panelist,med,1,0,0,0,4.9,0,0,4.9
25,13,10,25_10,panelist,med,1,0,0,0,4.9,0,0,4.9
25,13,11,25_11,panelist,none,1,0,0,1,4.9,0,0,4.9
25,13,12,25_12,panelist,low,1,0,1,0,4.9,0,0,4.9
25,13,13,25_13,panelist,high,1,1,0,0,4.9,0,0,4.9
25,13,14,25_14,reviewer,med,0,0,0,0,4.9,0,0,4.9
25,13,15,25_15,panelist,high,1,1,0,0,4.9,0,0,4.9
25,13,16,25_16,panelist,med,1,0,0,0,4.9,0,0,4.9
25,13,17,25_17,panelist,low,1,0,1,0,4.9,0,0,4.9
25,13,18,25_18,panelist,med,1,0,0,0,4.9,0,0,4.9
25,13,19,25_19,panelist,none,1,0,0,1,4.9,0,0,4.9
25,13,20,25_20,panelist,med,1,0,0,0,4.9,1,-0.2,4.7
25,13,21,25_21,panelist,high,1,1,0,0,4.9,0,0,4.9
25,13,22,25_22,panelist,low,1,0,1,0,4.9,1,0.1,4.9
25,13,23,25_23,reviewer,low,0,0,1,0,4.9,1,-0.2,4.7
25,13,24,25_24,panelist,med,1,0,0,0,4.9,1,0.2,4.9
25,14,01,25_01,panelist,high,1,1,0,0,3.8,0,0,3.8
25,14,02,25_02,panelist,med,1,0,0,0,3.8,0,0,3.8
25,14,03,25_03,panelist,high,1,1,0,0,3.8,0,0,3.8
25,14,04,25_04,panelist,low,1,0,1,0,3.8,1,-0.3,3.5
25,14,05,25_05,panelist,none,1,0,0,1,3.8,0,0,3.8
25,14,06,25_06,panelist,med,1,0,0,0,3.8,0,0,3.8
25,14,07,25_07,reviewer,low,0,0,1,0,3.8,1,0.1,3.9
25,14,08,25_08,panelist,none,1,0,0,1,3.8,0,0,3.8
25,14,09,25_09,panelist,med,1,0,0,0,3.8,0,0,3.8
25,14,10,25_10,panelist,med,1,0,0,0,3.8,0,0,3.8
25,14,11,25_11,panelist,none,1,0,0,1,3.8,0,0,3.8
25,14,12,25_12,panelist,high,1,1,0,0,3.8,0,0,3.8
25,14,13,25_13,panelist,med,1,0,0,0,3.8,0,0,3.8
25,14,14,25_14,panelist,high,1,1,0,0,3.8,0,0,3.8
25,14,15,25_15,panelist,low,1,0,1,0,3.8,0,0,3.8
25,14,16,25_16,panelist,med,1,0,0,0,3.8,0,0,3.8
25,14,17,25_17,panelist,med,1,0,0,0,3.8,0,0,3.8
25,14,18,25_18,panelist,high,1,1,0,0,3.8,0,0,3.8
25,14,19,25_19,reviewer,med,0,0,0,0,3.8,0,0,3.8
25,14,20,25_20,panelist,high,1,1,0,0,3.8,0,0,3.8
25,14,21,25_21,panelist,low,1,0,1,0,3.8,0,0,3.8
25,14,22,25_22,panelist,med,1,0,0,0,3.8,1,-0.3,3.5
25,14,23,25_23,panelist,none,1,0,0,1,3.8,1,0.2,4
25,14,24,25_24,reviewer,med,0,0,0,0,3.8,1,0.1,3.9
25,15,01,25_01,panelist,high,1,1,0,0,4.6,1,-0.1,4.5
25,15,02,25_02,reviewer,med,0,0,0,0,4.6,0,0,4.6
25,15,03,25_03,reviewer,high,0,1,0,0,4.6,0,0,4.6
25,15,04,25_04,panelist,med,1,0,0,0,4.6,0,0,4.6
25,15,05,25_05,panelist,none,1,0,0,1,4.6,1,-0.2,4.4
25,15,06,25_06,panelist,med,1,0,0,0,4.6,0,0,4.6
25,15,07,25_07,panelist,high,1,1,0,0,4.6,1,0.2,4.8
25,15,08,25_08,panelist,none,1,0,0,1,4.6,1,0.2,4.8
25,15,09,25_09,panelist,low,1,0,1,0,4.6,1,0.1,4.7
25,15,10,25_10,panelist,high,1,1,0,0,4.6,0,0,4.6
25,15,11,25_11,panelist,high,1,1,0,0,4.6,0,0,4.6
25,15,12,25_12,panelist,low,1,0,1,0,4.6,0,0,4.6
25,15,13,25_13,panelist,med,1,0,0,0,4.6,0,0,4.6
25,15,14,25_14,panelist,med,1,0,0,0,4.6,0,0,4.6
25,15,15,25_15,panelist,none,1,0,0,1,4.6,0,0,4.6
25,15,16,25_16,panelist,med,1,0,0,0,4.6,0,0,4.6
25,15,17,25_17,panelist,low,1,0,1,0,4.6,1,0.2,4.8
25,15,18,25_18,reviewer,high,0,1,0,0,4.6,0,0,4.6
25,15,19,25_19,panelist,low,1,0,1,0,4.6,1,0.1,4.7
25,15,20,25_20,panelist,none,1,0,0,1,4.6,1,0.2,4.8
25,15,21,25_21,panelist,med,1,0,0,0,4.6,0,0,4.6
25,15,22,25_22,panelist,med,1,0,0,0,4.6,0,0,4.6
25,15,23,25_23,panelist,med,1,0,0,0,4.6,1,0.1,4.7
25,15,24,25_24,panelist,med,1,0,0,0,4.6,0,0,4.6
26,1,01,26_01,panelist,high,1,1,0,0,3.7,0,0,3.7
26,1,02,26_02,panelist,high,1,1,0,0,3.7,0,0,3.7
26,1,03,26_03,panelist,low,1,0,1,0,3.7,0,0,3.7
26,1,04,26_04,panelist,high,1,1,0,0,3.7,1,-0.2,3.5
26,1,05,26_05,panelist,low,1,0,1,0,3.7,1,0.3,4
26,1,06,26_06,panelist,med,1,0,0,0,3.7,0,0,3.7
26,1,07,26_07,panelist,high,1,1,0,0,3.7,0,0,3.7
26,1,08,26_08,panelist,med,1,0,0,0,3.7,0,0,3.7
26,1,09,26_09,panelist,none,1,0,0,1,3.7,0,0,3.7
26,1,10,26_10,reviewer,high,0,1,0,0,3.7,0,0,3.7
26,1,11,26_11,panelist,med,1,0,0,0,3.7,0,0,3.7
26,1,12,26_12,panelist,med,1,0,0,0,3.7,1,0.1,3.8
26,1,13,26_13,reviewer,med,0,0,0,0,3.7,0,0,3.7
26,1,14,26_14,panelist,med,1,0,0,0,3.7,0,0,3.7
26,1,15,26_15,panelist,none,1,0,0,1,3.7,0,0,3.7
26,1,16,26_16,panelist,med,1,0,0,0,3.7,1,-0.1,3.6
26,1,17,26_17,panelist,low,1,0,1,0,3.7,1,-0.1,3.6
26,1,18,26_18,reviewer,med,0,0,0,0,3.7,0,0,3.7
26,1,19,26_19,panelist,med,1,0,0,0,3.7,0,0,3.7
26,1,20,26_20,panelist,none,1,0,0,1,3.7,1,-0.2,3.5
26,1,21,26_21,panelist,med,1,0,0,0,3.7,1,-0.3,3.5
26,1,22,26_22,panelist,high,1,1,0,0,3.7,0,0,3.7
26,1,23,26_23,panelist,low,1,0,1,0,3.7,0,0,3.7
26,1,24,26_24,panelist,none,1,0,0,1,3.7,1,0.2,3.9
26,2,01,26_01,panelist,low,1,0,1,0,4.3,0,0,4.3
26,2,02,26_02,panelist,med,1,0,0,0,4.3,0,0,4.3
26,2,03,26_03,reviewer,high,0,1,0,0,4.3,0,0,4.3
26,2,04,26_04,panelist,med,1,0,0,0,4.3,0,0,4.3
26,2,05,26_05,panelist,med,1,0,0,0,4.3,1,-0.2,4.1
26,2,06,26_06,panelist,high,1,1,0,0,4.3,1,-0.1,4.2
26,2,07,26_07,reviewer,med,0,0,0,0,4.3,1,-0.1,4.2
26,2,08,26_08,panelist,none,1,0,0,1,4.3,1,0.1,4.4
26,2,09,26_09,panelist,med,1,0,0,0,4.3,1,-0.2,4.1
26,2,10,26_10,panelist,none,1,0,0,1,4.3,1,-0.1,4.2
26,2,11,26_11,panelist,low,1,0,1,0,4.3,1,0.2,4.5
26,2,12,26_12,panelist,med,1,0,0,0,4.3,0,0,4.3
26,2,13,26_13,panelist,high,1,1,0,0,4.3,0,0,4.3
26,2,14,26_14,panelist,med,1,0,0,0,4.3,0,0,4.3
26,2,15,26_15,panelist,high,1,1,0,0,4.3,0,0,4.3
26,2,16,26_16,panelist,med,1,0,0,0,4.3,1,-0.2,4.1
26,2,17,26_17,panelist,med,1,0,0,0,4.3,0,0,4.3
26,2,18,26_18,panelist,high,1,1,0,0,4.3,0,0,4.3
26,2,19,26_19,panelist,low,1,0,1,0,4.3,0,0,4.3
26,2,20,26_20,panelist,none,1,0,0,1,4.3,1,-0.2,4.1
26,2,21,26_21,reviewer,high,0,1,0,0,4.3,0,0,4.3
26,2,22,26_22,panelist,none,1,0,0,1,4.3,0,0,4.3
26,2,23,26_23,panelist,med,1,0,0,0,4.3,1,-0.3,4
26,2,24,26_24,panelist,low,1,0,1,0,4.3,0,0,4.3
26,3,01,26_01,panelist,med,1,0,0,0,4.2,0,0,4.2
26,3,02,26_02,panelist,low,1,0,1,0,4.2,1,-0.1,4.1
26,3,03,26_03,panelist,none,1,0,0,1,4.2,0,0,4.2
26,3,04,26_04,panelist,high,1,1,0,0,4.2,0,0,4.2
26,3,05,26_05,panelist,med,1,0,0,0,4.2,0,0,4.2
26,3,06,26_06,panelist,med,1,0,0,0,4.2,0,0,4.2
26,3,07,26_07,panelist,none,1,0,0,1,4.2,0,0,4.2
26,3,08,26_08,panelist,high,1,1,0,0,4.2,0,0,4.2
26,3,09,26_09,panelist,low,1,0,1,0,4.2,0,0,4.2
26,3,10,26_10,panelist,high,1,1,0,0,4.2,0,0,4.2
26,3,11,26_11,panelist,med,1,0,0,0,4.2,0,0,4.2
26,3,12,26_12,panelist,med,1,0,0,0,4.2,0,0,4.2
26,3,13,26_13,reviewer,med,0,0,0,0,4.2,0,0,4.2
26,3,14,26_14,panelist,med,1,0,0,0,4.2,0,0,4.2
26,3,15,26_15,panelist,high,1,1,0,0,4.2,1,0.1,4.3
26,3,16,26_16,reviewer,med,0,0,0,0,4.2,1,0.3,4.5
26,3,17,26_17,reviewer,high,0,1,0,0,4.2,0,0,4.2
26,3,18,26_18,panelist,low,1,0,1,0,4.2,1,-0.1,4.1
26,3,19,26_19,panelist,none,1,0,0,1,4.2,0,0,4.2
26,3,20,26_20,panelist,high,1,1,0,0,4.2,0,0,4.2
26,3,21,26_21,panelist,none,1,0,0,1,4.2,0,0,4.2
26,3,22,26_22,panelist,low,1,0,1,0,4.2,1,-0.1,4.1
26,3,23,26_23,panelist,med,1,0,0,0,4.2,1,0.1,4.3
26,3,24,26_24,panelist,med,1,0,0,0,4.2,0,0,4.2
26,4,01,26_01,panelist,med,1,0,0,0,3.8,0,0,3.8
26,4,02,26_02,reviewer,none,0,0,0,1,3.8,0,0,3.8
26,4,03,26_03,panelist,low,1,0,1,0,3.8,1,0.4,4.2
26,4,04,26_04,panelist,low,1,0,1,0,3.8,0,0,3.8
26,4,05,26_05,panelist,high,1,1,0,0,3.8,0,0,3.8
26,4,06,26_06,panelist,low,1,0,1,0,3.8,0,0,3.8
26,4,07,26_07,panelist,none,1,0,0,1,3.8,0,0,3.8
26,4,08,26_08,panelist,med,1,0,0,0,3.8,0,0,3.8
26,4,09,26_09,panelist,high,1,1,0,0,3.8,0,0,3.8
26,4,10,26_10,panelist,med,1,0,0,0,3.8,0,0,3.8
26,4,11,26_11,panelist,med,1,0,0,0,3.8,0,0,3.8
26,4,12,26_12,reviewer,low,0,0,1,0,3.8,0,0,3.8
26,4,13,26_13,panelist,high,1,1,0,0,3.8,1,0.2,4
26,4,14,26_14,reviewer,med,0,0,0,0,3.8,1,-0.3,3.5
26,4,15,26_15,panelist,high,1,1,0,0,3.8,0,0,3.8
26,4,16,26_16,panelist,none,1,0,0,1,3.8,1,0.1,3.9
26,4,17,26_17,panelist,none,1,0,0,1,3.8,0,0,3.8
26,4,18,26_18,panelist,high,1,1,0,0,3.8,1,-0.2,3.6
26,4,19,26_19,panelist,med,1,0,0,0,3.8,0,0,3.8
26,4,20,26_20,panelist,med,1,0,0,0,3.8,1,-0.3,3.5
26,4,21,26_21,panelist,med,1,0,0,0,3.8,0,0,3.8
26,4,22,26_22,panelist,high,1,1,0,0,3.8,1,0.1,3.9
26,4,23,26_23,panelist,med,1,0,0,0,3.8,0,0,3.8
26,4,24,26_24,panelist,med,1,0,0,0,3.8,0,0,3.8
26,5,01,26_01,reviewer,low,0,0,1,0,3.8,1,0.1,3.9
26,5,02,26_02,panelist,low,1,0,1,0,3.8,1,0.1,3.9
26,5,03,26_03,panelist,high,1,1,0,0,3.8,0,0,3.8
26,5,04,26_04,reviewer,med,0,0,0,0,3.8,0,0,3.8
26,5,05,26_05,panelist,med,1,0,0,0,3.8,0,0,3.8
26,5,06,26_06,panelist,high,1,1,0,0,3.8,1,-0.2,3.6
26,5,07,26_07,panelist,low,1,0,1,0,3.8,0,0,3.8
26,5,08,26_08,panelist,med,1,0,0,0,3.8,0,0,3.8
26,5,09,26_09,panelist,med,1,0,0,0,3.8,0,0,3.8
26,5,10,26_10,panelist,high,1,1,0,0,3.8,1,-0.1,3.7
26,5,11,26_11,panelist,med,1,0,0,0,3.8,1,-0.1,3.7
26,5,12,26_12,reviewer,med,0,0,0,0,3.8,0,0,3.8
26,5,13,26_13,panelist,none,1,0,0,1,3.8,0,0,3.8
26,5,14,26_14,panelist,high,1,1,0,0,3.8,1,0.2,4
26,5,15,26_15,panelist,high,1,1,0,0,3.8,0,0,3.8
26,5,16,26_16,panelist,low,1,0,1,0,3.8,1,-0.1,3.7
26,5,17,26_17,panelist,none,1,0,0,1,3.8,1,0.1,3.9
26,5,18,26_18,panelist,med,1,0,0,0,3.8,1,0.1,3.9
26,5,19,26_19,panelist,high,1,1,0,0,3.8,0,0,3.8
26,5,20,26_20,panelist,none,1,0,0,1,3.8,1,-0.1,3.7
26,5,21,26_21,panelist,none,1,0,0,1,3.8,0,0,3.8
26,5,22,26_22,panelist,med,1,0,0,0,3.8,0,0,3.8
26,5,23,26_23,panelist,med,1,0,0,0,3.8,0,0,3.8
26,5,24,26_24,panelist,med,1,0,0,0,3.8,0,0,3.8
26,6,01,26_01,panelist,med,1,0,0,0,3.5,0,0,3.5
26,6,02,26_02,panelist,high,1,1,0,0,3.5,1,-0.1,3.5
26,6,03,26_03,panelist,high,1,1,0,0,3.5,0,0,3.5
26,6,04,26_04,panelist,med,1,0,0,0,3.5,1,-0.1,3.5
26,6,05,26_05,panelist,high,1,1,0,0,3.5,0,0,3.5
26,6,06,26_06,panelist,med,1,0,0,0,3.5,0,0,3.5
26,6,07,26_07,panelist,low,1,0,1,0,3.5,1,-0.1,3.5
26,6,08,26_08,panelist,low,1,0,1,0,3.5,0,0,3.5
26,6,09,26_09,panelist,med,1,0,0,0,3.5,0,0,3.5
26,6,10,26_10,panelist,low,1,0,1,0,3.5,0,0,3.5
26,6,11,26_11,reviewer,none,0,0,0,1,3.5,0,0,3.5
26,6,12,26_12,panelist,high,1,1,0,0,3.5,0,0,3.5
26,6,13,26_13,panelist,high,1,1,0,0,3.5,0,0,3.5
26,6,14,26_14,panelist,none,1,0,0,1,3.5,0,0,3.5
26,6,15,26_15,panelist,med,1,0,0,0,3.5,0,0,3.5
26,6,16,26_16,panelist,none,1,0,0,1,3.5,0,0,3.5
26,6,17,26_17,reviewer,med,0,0,0,0,3.5,0,0,3.5
26,6,18,26_18,panelist,med,1,0,0,0,3.5,1,0.2,3.7
26,6,19,26_19,panelist,med,1,0,0,0,3.5,0,0,3.5
26,6,20,26_20,reviewer,low,0,0,1,0,3.5,0,0,3.5
26,6,21,26_21,panelist,med,1,0,0,0,3.5,0,0,3.5
26,6,22,26_22,panelist,med,1,0,0,0,3.5,0,0,3.5
26,6,23,26_23,panelist,high,1,1,0,0,3.5,0,0,3.5
26,6,24,26_24,panelist,none,1,0,0,1,3.5,1,0.2,3.7
26,7,01,26_01,panelist,high,1,1,0,0,4,1,-0.1,3.9
26,7,02,26_02,panelist,high,1,1,0,0,4,0,0,4
26,7,03,26_03,panelist,med,1,0,0,0,4,0,0,4
26,7,04,26_04,panelist,high,1,1,0,0,4,0,0,4
26,7,05,26_05,reviewer,high,0,1,0,0,4,0,0,4
26,7,06,26_06,panelist,med,1,0,0,0,4,1,0.1,4.1
26,7,07,26_07,panelist,low,1,0,1,0,4,1,-0.2,3.8
26,7,08,26_08,reviewer,med,0,0,0,0,4,0,0,4
26,7,09,26_09,panelist,high,1,1,0,0,4,0,0,4
26,7,10,26_10,panelist,none,1,0,0,1,4,1,-0.3,3.7
26,7,11,26_11,reviewer,low,0,0,1,0,4,0,0,4
26,7,12,26_12,panelist,med,1,0,0,0,4,0,0,4
26,7,13,26_13,panelist,low,1,0,1,0,4,1,-0.2,3.8
26,7,14,26_14,panelist,med,1,0,0,0,4,1,-0.1,3.9
26,7,15,26_15,panelist,med,1,0,0,0,4,0,0,4
26,7,16,26_16,panelist,none,1,0,0,1,4,0,0,4
26,7,17,26_17,panelist,med,1,0,0,0,4,1,-0.1,3.9
26,7,18,26_18,panelist,none,1,0,0,1,4,1,0.1,4.1
26,7,19,26_19,panelist,med,1,0,0,0,4,0,0,4
26,7,20,26_20,panelist,med,1,0,0,0,4,0,0,4
26,7,21,26_21,panelist,low,1,0,1,0,4,0,0,4
26,7,22,26_22,panelist,med,1,0,0,0,4,1,-0.1,3.9
26,7,23,26_23,panelist,none,1,0,0,1,4,0,0,4
26,7,24,26_24,panelist,high,1,1,0,0,4,0,0,4
26,8,01,26_01,panelist,med,1,0,0,0,3.5,0,0,3.5
26,8,02,26_02,panelist,high,1,1,0,0,3.5,0,0,3.5
26,8,03,26_03,panelist,low,1,0,1,0,3.5,0,0,3.5
26,8,04,26_04,panelist,low,1,0,1,0,3.5,1,0.1,3.6
26,8,05,26_05,panelist,high,1,1,0,0,3.5,1,0.1,3.6
26,8,06,26_06,panelist,med,1,0,0,0,3.5,0,0,3.5
26,8,07,26_07,reviewer,med,0,0,0,0,3.5,1,0.1,3.6
26,8,08,26_08,panelist,none,1,0,0,1,3.5,0,0,3.5
26,8,09,26_09,reviewer,high,0,1,0,0,3.5,1,0.1,3.6
26,8,10,26_10,panelist,med,1,0,0,0,3.5,1,0.1,3.6
26,8,11,26_11,panelist,med,1,0,0,0,3.5,0,0,3.5
26,8,12,26_12,panelist,high,1,1,0,0,3.5,0,0,3.5
26,8,13,26_13,panelist,med,1,0,0,0,3.5,1,-0.1,3.5
26,8,14,26_14,panelist,none,1,0,0,1,3.5,0,0,3.5
26,8,15,26_15,panelist,med,1,0,0,0,3.5,0,0,3.5
26,8,16,26_16,reviewer,med,0,0,0,0,3.5,1,-0.1,3.5
26,8,17,26_17,panelist,low,1,0,1,0,3.5,1,0.2,3.7
26,8,18,26_18,panelist,high,1,1,0,0,3.5,0,0,3.5
26,8,19,26_19,panelist,low,1,0,1,0,3.5,0,0,3.5
26,8,20,26_20,panelist,med,1,0,0,0,3.5,0,0,3.5
26,8,21,26_21,panelist,med,1,0,0,0,3.5,0,0,3.5
26,8,22,26_22,panelist,none,1,0,0,1,3.5,0,0,3.5
26,8,23,26_23,panelist,high,1,1,0,0,3.5,0,0,3.5
26,8,24,26_24,panelist,none,1,0,0,1,3.5,1,-0.2,3.5
26,9,01,26_01,panelist,med,1,0,0,0,4.3,0,0,4.3
26,9,02,26_02,panelist,med,1,0,0,0,4.3,0,0,4.3
26,9,03,26_03,panelist,high,1,1,0,0,4.3,0,0,4.3
26,9,04,26_04,panelist,none,1,0,0,1,4.3,0,0,4.3
26,9,05,26_05,panelist,high,1,1,0,0,4.3,1,-0.1,4.2
26,9,06,26_06,reviewer,med,0,0,0,0,4.3,0,0,4.3
26,9,07,26_07,panelist,med,1,0,0,0,4.3,0,0,4.3
26,9,08,26_08,reviewer,med,0,0,0,0,4.3,0,0,4.3
26,9,09,26_09,panelist,med,1,0,0,0,4.3,1,-0.1,4.2
26,9,10,26_10,panelist,high,1,1,0,0,4.3,1,0.1,4.4
26,9,11,26_11,panelist,high,1,1,0,0,4.3,1,-0.1,4.2
26,9,12,26_12,panelist,high,1,1,0,0,4.3,1,0.2,4.5
26,9,13,26_13,panelist,none,1,0,0,1,4.3,1,0.2,4.5
26,9,14,26_14,panelist,med,1,0,0,0,4.3,1,-0.2,4.1
26,9,15,26_15,panelist,med,1,0,0,0,4.3,0,0,4.3
26,9,16,26_16,panelist,med,1,0,0,0,4.3,0,0,4.3
26,9,17,26_17,reviewer,low,0,0,1,0,4.3,0,0,4.3
26,9,18,26_18,panelist,none,1,0,0,1,4.3,1,0.1,4.4
26,9,19,26_19,panelist,high,1,1,0,0,4.3,0,0,4.3
26,9,20,26_20,panelist,low,1,0,1,0,4.3,0,0,4.3
26,9,21,26_21,panelist,none,1,0,0,1,4.3,0,0,4.3
26,9,22,26_22,panelist,low,1,0,1,0,4.3,1,0.1,4.4
26,9,23,26_23,panelist,med,1,0,0,0,4.3,1,0.1,4.4
26,9,24,26_24,panelist,low,1,0,1,0,4.3,0,0,4.3
26,10,01,26_01,panelist,low,1,0,1,0,4.6,0,0,4.6
26,10,02,26_02,panelist,med,1,0,0,0,4.6,1,0.2,4.8
26,10,03,26_03,reviewer,high,0,1,0,0,4.6,0,0,4.6
26,10,04,26_04,panelist,med,1,0,0,0,4.6,0,0,4.6
26,10,05,26_05,reviewer,high,0,1,0,0,4.6,1,-0.1,4.5
26,10,06,26_06,panelist,high,1,1,0,0,4.6,0,0,4.6
26,10,07,26_07,panelist,med,1,0,0,0,4.6,1,0.2,4.8
26,10,08,26_08,panelist,high,1,1,0,0,4.6,0,0,4.6
26,10,09,26_09,panelist,low,1,0,1,0,4.6,0,0,4.6
26,10,10,26_10,panelist,med,1,0,0,0,4.6,0,0,4.6
26,10,11,26_11,panelist,none,1,0,0,1,4.6,0,0,4.6
26,10,12,26_12,panelist,med,1,0,0,0,4.6,0,0,4.6
26,10,13,26_13,panelist,low,1,0,1,0,4.6,0,0,4.6
26,10,14,26_14,panelist,high,1,1,0,0,4.6,0,0,4.6
26,10,15,26_15,panelist,med,1,0,0,0,4.6,1,0.2,4.8
26,10,16,26_16,reviewer,med,0,0,0,0,4.6,0,0,4.6
26,10,17,26_17,panelist,med,1,0,0,0,4.6,1,-0.1,4.5
26,10,18,26_18,panelist,none,1,0,0,1,4.6,1,0.1,4.7
26,10,19,26_19,panelist,none,1,0,0,1,4.6,0,0,4.6
26,10,20,26_20,panelist,none,1,0,0,1,4.6,1,0.1,4.7
26,10,21,26_21,panelist,low,1,0,1,0,4.6,1,-0.2,4.4
26,10,22,26_22,panelist,med,1,0,0,0,4.6,0,0,4.6
26,10,23,26_23,panelist,high,1,1,0,0,4.6,1,0.1,4.7
26,10,24,26_24,panelist,med,1,0,0,0,4.6,1,-0.1,4.5
26,11,01,26_01,panelist,high,1,1,0,0,4.2,0,0,4.2
26,11,02,26_02,panelist,low,1,0,1,0,4.2,0,0,4.2
26,11,03,26_03,panelist,high,1,1,0,0,4.2,0,0,4.2
26,11,04,26_04,reviewer,none,0,0,0,1,4.2,0,0,4.2
26,11,05,26_05,panelist,high,1,1,0,0,4.2,0,0,4.2
26,11,06,26_06,panelist,high,1,1,0,0,4.2,0,0,4.2
26,11,07,26_07,panelist,low,1,0,1,0,4.2,1,-0.1,4.1
26,11,08,26_08,panelist,med,1,0,0,0,4.2,0,0,4.2
26,11,09,26_09,panelist,none,1,0,0,1,4.2,0,0,4.2
26,11,10,26_10,reviewer,med,0,0,0,0,4.2,0,0,4.2
26,11,11,26_11,reviewer,med,0,0,0,0,4.2,0,0,4.2
26,11,12,26_12,panelist,med,1,0,0,0,4.2,1,0.2,4.4
26,11,13,26_13,panelist,med,1,0,0,0,4.2,0,0,4.2
26,11,14,26_14,panelist,none,1,0,0,1,4.2,1,-0.1,4.1
26,11,15,26_15,panelist,med,1,0,0,0,4.2,1,-0.1,4.1
26,11,16,26_16,panelist,high,1,1,0,0,4.2,0,0,4.2
26,11,17,26_17,panelist,med,1,0,0,0,4.2,1,0.1,4.3
26,11,18,26_18,panelist,none,1,0,0,1,4.2,0,0,4.2
26,11,19,26_19,panelist,med,1,0,0,0,4.2,0,0,4.2
26,11,20,26_20,panelist,low,1,0,1,0,4.2,0,0,4.2
26,11,21,26_21,panelist,med,1,0,0,0,4.2,1,0.1,4.3
26,11,22,26_22,panelist,low,1,0,1,0,4.2,1,0.1,4.3
26,11,23,26_23,panelist,med,1,0,0,0,4.2,0,0,4.2
26,11,24,26_24,panelist,high,1,1,0,0,4.2,0,0,4.2
26,12,01,26_01,panelist,none,1,0,0,1,4.9,1,-0.1,4.8
26,12,02,26_02,panelist,med,1,0,0,0,4.9,1,-0.3,4.6
26,12,03,26_03,panelist,low,1,0,1,0,4.9,1,0.1,4.9
26,12,04,26_04,panelist,high,1,1,0,0,4.9,0,0,4.9
26,12,05,26_05,panelist,low,1,0,1,0,4.9,1,-0.1,4.8
26,12,06,26_06,panelist,med,1,0,0,0,4.9,1,0.2,4.9
26,12,07,26_07,panelist,high,1,1,0,0,4.9,0,0,4.9
26,12,08,26_08,panelist,med,1,0,0,0,4.9,1,-0.1,4.8
26,12,09,26_09,panelist,high,1,1,0,0,4.9,0,0,4.9
26,12,10,26_10,reviewer,none,0,0,0,1,4.9,0,0,4.9
26,12,11,26_11,reviewer,high,0,1,0,0,4.9,0,0,4.9
26,12,12,26_12,panelist,none,1,0,0,1,4.9,0,0,4.9
26,12,13,26_13,panelist,low,1,0,1,0,4.9,1,-0.1,4.8
26,12,14,26_14,panelist,med,1,0,0,0,4.9,1,-0.2,4.7
26,12,15,26_15,panelist,med,1,0,0,0,4.9,0,0,4.9
26,12,16,26_16,panelist,none,1,0,0,1,4.9,0,0,4.9
26,12,17,26_17,panelist,med,1,0,0,0,4.9,1,0.3,4.9
26,12,18,26_18,panelist,high,1,1,0,0,4.9,0,0,4.9
26,12,19,26_19,reviewer,high,0,1,0,0,4.9,0,0,4.9
26,12,20,26_20,panelist,med,1,0,0,0,4.9,0,0,4.9
26,12,21,26_21,panelist,med,1,0,0,0,4.9,0,0,4.9
26,12,22,26_22,panelist,low,1,0,1,0,4.9,1,0.1,4.9
26,12,23,26_23,panelist,med,1,0,0,0,4.9,1,0.1,4.9
26,12,24,26_24,panelist,med,1,0,0,0,4.9,0,0,4.9
26,13,01,26_01,panelist,med,1,0,0,0,4.7,0,0,4.7
26,13,02,26_02,panelist,none,1,0,0,1,4.7,0,0,4.7
26,13,03,26_03,panelist,med,1,0,0,0,4.7,0,0,4.7
26,13,04,26_04,panelist,med,1,0,0,0,4.7,0,0,4.7
26,13,05,26_05,panelist,low,1,0,1,0,4.7,1,0.2,4.9
26,13,06,26_06,panelist,med,1,0,0,0,4.7,0,0,4.7
26,13,07,26_07,panelist,high,1,1,0,0,4.7,0,0,4.7
26,13,08,26_08,panelist,high,1,1,0,0,4.7,0,0,4.7
26,13,09,26_09,panelist,none,1,0,0,1,4.7,0,0,4.7
26,13,10,26_10,panelist,high,1,1,0,0,4.7,1,0.1,4.8
26,13,11,26_11,panelist,high,1,1,0,0,4.7,0,0,4.7
26,13,12,26_12,panelist,med,1,0,0,0,4.7,0,0,4.7
26,13,13,26_13,reviewer,none,0,0,0,1,4.7,1,0.1,4.8
26,13,14,26_14,panelist,med,1,0,0,0,4.7,0,0,4.7
26,13,15,26_15,panelist,med,1,0,0,0,4.7,0,0,4.7
26,13,16,26_16,reviewer,low,0,0,1,0,4.7,1,0.1,4.8
26,13,17,26_17,panelist,med,1,0,0,0,4.7,1,0.1,4.8
26,13,18,26_18,reviewer,med,0,0,0,0,4.7,1,0.1,4.8
26,13,19,26_19,panelist,high,1,1,0,0,4.7,1,0.2,4.9
26,13,20,26_20,panelist,high,1,1,0,0,4.7,1,0.1,4.8
26,13,21,26_21,panelist,low,1,0,1,0,4.7,0,0,4.7
26,13,22,26_22,panelist,low,1,0,1,0,4.7,1,0.1,4.8
26,13,23,26_23,panelist,med,1,0,0,0,4.7,0,0,4.7
26,13,24,26_24,panelist,none,1,0,0,1,4.7,0,0,4.7
26,14,01,26_01,reviewer,med,0,0,0,0,3.6,0,0,3.6
26,14,02,26_02,reviewer,med,0,0,0,0,3.6,0,0,3.6
26,14,03,26_03,panelist,low,1,0,1,0,3.6,1,-0.1,3.5
26,14,04,26_04,panelist,med,1,0,0,0,3.6,1,-0.2,3.5
26,14,05,26_05,panelist,med,1,0,0,0,3.6,0,0,3.6
26,14,06,26_06,panelist,med,1,0,0,0,3.6,1,-0.1,3.5
26,14,07,26_07,panelist,none,1,0,0,1,3.6,0,0,3.6
26,14,08,26_08,panelist,med,1,0,0,0,3.6,0,0,3.6
26,14,09,26_09,panelist,low,1,0,1,0,3.6,1,0.1,3.7
26,14,10,26_10,panelist,high,1,1,0,0,3.6,0,0,3.6
26,14,11,26_11,panelist,med,1,0,0,0,3.6,1,0.4,4
26,14,12,26_12,panelist,low,1,0,1,0,3.6,0,0,3.6
26,14,13,26_13,panelist,med,1,0,0,0,3.6,0,0,3.6
26,14,14,26_14,panelist,med,1,0,0,0,3.6,0,0,3.6
26,14,15,26_15,panelist,high,1,1,0,0,3.6,0,0,3.6
26,14,16,26_16,panelist,high,1,1,0,0,3.6,1,-0.1,3.5
26,14,17,26_17,panelist,none,1,0,0,1,3.6,1,-0.1,3.5
26,14,18,26_18,panelist,low,1,0,1,0,3.6,1,0.1,3.7
26,14,19,26_19,panelist,high,1,1,0,0,3.6,0,0,3.6
26,14,20,26_20,panelist,high,1,1,0,0,3.6,0,0,3.6
26,14,21,26_21,panelist,none,1,0,0,1,3.6,0,0,3.6
26,14,22,26_22,reviewer,med,0,0,0,0,3.6,0,0,3.6
26,14,23,26_23,panelist,none,1,0,0,1,3.6,1,0.1,3.7
26,14,24,26_24,panelist,high,1,1,0,0,3.6,1,-0.1,3.5
26,15,01,26_01,panelist,med,1,0,0,0,4.4,1,-0.2,4.2
26,15,02,26_02,panelist,low,1,0,1,0,4.4,1,0.1,4.5
26,15,03,26_03,panelist,med,1,0,0,0,4.4,0,0,4.4
26,15,04,26_04,panelist,none,1,0,0,1,4.4,0,0,4.4
26,15,05,26_05,panelist,none,1,0,0,1,4.4,0,0,4.4
26,15,06,26_06,reviewer,med,0,0,0,0,4.4,0,0,4.4
26,15,07,26_07,panelist,high,1,1,0,0,4.4,1,0.1,4.5
26,15,08,26_08,panelist,med,1,0,0,0,4.4,0,0,4.4
26,15,09,26_09,panelist,none,1,0,0,1,4.4,0,0,4.4
26,15,10,26_10,panelist,none,1,0,0,1,4.4,1,-0.3,4.1
26,15,11,26_11,panelist,low,1,0,1,0,4.4,1,0.1,4.5
26,15,12,26_12,panelist,med,1,0,0,0,4.4,0,0,4.4
26,15,13,26_13,panelist,med,1,0,0,0,4.4,0,0,4.4
26,15,14,26_14,reviewer,med,0,0,0,0,4.4,1,-0.1,4.3
26,15,15,26_15,reviewer,med,0,0,0,0,4.4,0,0,4.4
26,15,16,26_16,panelist,high,1,1,0,0,4.4,0,0,4.4
26,15,17,26_17,panelist,med,1,0,0,0,4.4,1,0.2,4.6
26,15,18,26_18,panelist,med,1,0,0,0,4.4,1,0.1,4.5
26,15,19,26_19,panelist,low,1,0,1,0,4.4,1,0.1,4.5
26,15,20,26_20,panelist,high,1,1,0,0,4.4,0,0,4.4
26,15,21,26_21,panelist,high,1,1,0,0,4.4,0,0,4.4
26,15,22,26_22,panelist,high,1,1,0,0,4.4,0,0,4.4
26,15,23,26_23,panelist,low,1,0,1,0,4.4,1,-0.1,4.3
26,15,24,26_24,panelist,high,1,1,0,0,4.4,0,0,4.4
27,1,01,27_01,panelist,none,1,0,0,1,3.5,0,0,3.5
27,1,02,27_02,panelist,med,1,0,0,0,3.5,1,-0.2,3.5
27,1,03,27_03,panelist,high,1,1,0,0,3.5,0,0,3.5
27,1,04,27_04,panelist,none,1,0,0,1,3.5,0,0,3.5
27,1,05,27_05,panelist,med,1,0,0,0,3.5,1,0.2,3.7
27,1,06,27_06,panelist,none,1,0,0,1,3.5,1,0.2,3.7
27,1,07,27_07,panelist,high,1,1,0,0,3.5,1,-0.3,3.5
27,1,08,27_08,panelist,high,1,1,0,0,3.5,0,0,3.5
27,1,09,27_09,panelist,med,1,0,0,0,3.5,1,0.3,3.8
27,1,10,27_10,panelist,med,1,0,0,0,3.5,0,0,3.5
27,1,11,27_11,panelist,med,1,0,0,0,3.5,0,0,3.5
27,1,12,27_12,panelist,low,1,0,1,0,3.5,0,0,3.5
27,1,13,27_13,reviewer,med,0,0,0,0,3.5,0,0,3.5
27,1,14,27_14,panelist,low,1,0,1,0,3.5,0,0,3.5
27,1,15,27_15,panelist,low,1,0,1,0,3.5,0,0,3.5
27,1,16,27_16,panelist,high,1,1,0,0,3.5,0,0,3.5
27,1,17,27_17,reviewer,low,0,0,1,0,3.5,1,0.3,3.8
27,1,18,27_18,panelist,none,1,0,0,1,3.5,1,-0.2,3.5
27,1,19,27_19,panelist,med,1,0,0,0,3.5,1,0.1,3.6
27,1,20,27_20,panelist,med,1,0,0,0,3.5,1,-0.1,3.5
27,1,21,27_21,panelist,high,1,1,0,0,3.5,1,0.3,3.8
27,1,22,27_22,reviewer,high,0,1,0,0,3.5,0,0,3.5
27,1,23,27_23,panelist,med,1,0,0,0,3.5,0,0,3.5
27,1,24,27_24,panelist,med,1,0,0,0,3.5,1,0.1,3.6
27,2,01,27_01,panelist,med,1,0,0,0,4.1,0,0,4.1
27,2,02,27_02,panelist,none,1,0,0,1,4.1,0,0,4.1
27,2,03,27_03,panelist,high,1,1,0,0,4.1,1,0.1,4.2
27,2,04,27_04,reviewer,low,0,0,1,0,4.1,0,0,4.1
27,2,05,27_05,reviewer,med,0,0,0,0,4.1,0,0,4.1
27,2,06,27_06,panelist,high,1,1,0,0,4.1,0,0,4.1
27,2,07,27_07,panelist,none,1,0,0,1,4.1,0,0,4.1
27,2,08,27_08,panelist,high,1,1,0,0,4.1,0,0,4.1
27,2,09,27_09,panelist,low,1,0,1,0,4.1,0,0,4.1
27,2,10,27_10,panelist,low,1,0,1,0,4.1,1,0.1,4.2
27,2,11,27_11,panelist,med,1,0,0,0,4.1,1,-0.2,3.9
27,2,12,27_12,panelist,med,1,0,0,0,4.1,0,0,4.1
27,2,13,27_13,reviewer,high,0,1,0,0,4.1,0,0,4.1
27,2,14,27_14,panelist,high,1,1,0,0,4.1,0,0,4.1
27,2,15,27_15,panelist,med,1,0,0,0,4.1,0,0,4.1
27,2,16,27_16,panelist,med,1,0,0,0,4.1,1,0.3,4.4
27,2,17,27_17,panelist,none,1,0,0,1,4.1,0,0,4.1
27,2,18,27_18,panelist,high,1,1,0,0,4.1,1,0.2,4.3
27,2,19,27_19,panelist,low,1,0,1,0,4.1,1,0.1,4.2
27,2,20,27_20,panelist,med,1,0,0,0,4.1,0,0,4.1
27,2,21,27_21,panelist,med,1,0,0,0,4.1,0,0,4.1
27,2,22,27_22,panelist,none,1,0,0,1,4.1,0,0,4.1
27,2,23,27_23,panelist,med,1,0,0,0,4.1,0,0,4.1
27,2,24,27_24,panelist,med,1,0,0,0,4.1,1,-0.2,3.9
27,3,01,27_01,panelist,none,1,0,0,1,4,1,-0.3,3.7
27,3,02,27_02,reviewer,high,0,1,0,0,4,1,-0.2,3.8
27,3,03,27_03,panelist,high,1,1,0,0,4,0,0,4
27,3,04,27_04,panelist,med,1,0,0,0,4,1,-0.3,3.7
27,3,05,27_05,panelist,none,1,0,0,1,4,1,-0.1,3.9
27,3,06,27_06,panelist,med,1,0,0,0,4,1,0.3,4.3
27,3,07,27_07,panelist,med,1,0,0,0,4,1,0.2,4.2
27,3,08,27_08,panelist,low,1,0,1,0,4,0,0,4
27,3,09,27_09,panelist,low,1,0,1,0,4,0,0,4
27,3,10,27_10,panelist,none,1,0,0,1,4,1,0.1,4.1
27,3,11,27_11,panelist,med,1,0,0,0,4,0,0,4
27,3,12,27_12,panelist,med,1,0,0,0,4,0,0,4
27,3,13,27_13,panelist,med,1,0,0,0,4,0,0,4
27,3,14,27_14,panelist,high,1,1,0,0,4,0,0,4
27,3,15,27_15,panelist,none,1,0,0,1,4,0,0,4
27,3,16,27_16,panelist,high,1,1,0,0,4,1,0.1,4.1
27,3,17,27_17,panelist,low,1,0,1,0,4,0,0,4
27,3,18,27_18,reviewer,low,0,0,1,0,4,1,0.2,4.2
27,3,19,27_19,panelist,high,1,1,0,0,4,0,0,4
27,3,20,27_20,panelist,med,1,0,0,0,4,0,0,4
27,3,21,27_21,panelist,med,1,0,0,0,4,0,0,4
27,3,22,27_22,panelist,high,1,1,0,0,4,0,0,4
27,3,23,27_23,reviewer,med,0,0,0,0,4,0,0,4
27,3,24,27_24,panelist,med,1,0,0,0,4,0,0,4
27,4,01,27_01,reviewer,none,0,0,0,1,3.6,0,0,3.6
27,4,02,27_02,panelist,none,1,0,0,1,3.6,0,0,3.6
27,4,03,27_03,panelist,med,1,0,0,0,3.6,1,-0.2,3.5
27,4,04,27_04,panelist,med,1,0,0,0,3.6,1,0.2,3.8
27,4,05,27_05,panelist,high,1,1,0,0,3.6,1,0.1,3.7
27,4,06,27_06,panelist,med,1,0,0,0,3.6,0,0,3.6
27,4,07,27_07,panelist,med,1,0,0,0,3.6,0,0,3.6
27,4,08,27_08,panelist,med,1,0,0,0,3.6,0,0,3.6
27,4,09,27_09,reviewer,high,0,1,0,0,3.6,1,-0.3,3.5
27,4,10,27_10,panelist,low,1,0,1,0,3.6,0,0,3.6
27,4,11,27_11,panelist,high,1,1,0,0,3.6,0,0,3.6
27,4,12,27_12,panelist,med,1,0,0,0,3.6,1,0.3,3.9
27,4,13,27_13,panelist,low,1,0,1,0,3.6,1,0.1,3.7
27,4,14,27_14,panelist,med,1,0,0,0,3.6,1,-0.2,3.5
27,4,15,27_15,panelist,med,1,0,0,0,3.6,0,0,3.6
27,4,16,27_16,reviewer,med,0,0,0,0,3.6,1,-0.1,3.5
27,4,17,27_17,panelist,high,1,1,0,0,3.6,0,0,3.6
27,4,18,27_18,panelist,high,1,1,0,0,3.6,0,0,3.6
27,4,19,27_19,panelist,med,1,0,0,0,3.6,0,0,3.6
27,4,20,27_20,panelist,none,1,0,0,1,3.6,1,0.1,3.7
27,4,21,27_21,panelist,high,1,1,0,0,3.6,0,0,3.6
27,4,22,27_22,panelist,none,1,0,0,1,3.6,0,0,3.6
27,4,23,27_23,panelist,low,1,0,1,0,3.6,1,-0.1,3.5
27,4,24,27_24,panelist,low,1,0,1,0,3.6,0,0,3.6
27,5,01,27_01,panelist,med,1,0,0,0,3.5,0,0,3.5
27,5,02,27_02,panelist,none,1,0,0,1,3.5,0,0,3.5
27,5,03,27_03,panelist,low,1,0,1,0,3.5,1,0.3,3.8
27,5,04,27_04,panelist,none,1,0,0,1,3.5,0,0,3.5
27,5,05,27_05,reviewer,high,0,1,0,0,3.5,0,0,3.5
27,5,06,27_06,panelist,low,1,0,1,0,3.5,0,0,3.5
27,5,07,27_07,panelist,med,1,0,0,0,3.5,1,-0.2,3.5
27,5,08,27_08,panelist,med,1,0,0,0,3.5,0,0,3.5
27,5,09,27_09,panelist,med,1,0,0,0,3.5,1,-0.2,3.5
27,5,10,27_10,panelist,high,1,1,0,0,3.5,1,0.1,3.6
27,5,11,27_11,panelist,med,1,0,0,0,3.5,1,-0.2,3.5
27,5,12,27_12,panelist,med,1,0,0,0,3.5,0,0,3.5
27,5,13,27_13,panelist,low,1,0,1,0,3.5,0,0,3.5
27,5,14,27_14,panelist,med,1,0,0,0,3.5,0,0,3.5
27,5,15,27_15,reviewer,high,0,1,0,0,3.5,1,0.1,3.6
27,5,16,27_16,panelist,med,1,0,0,0,3.5,1,0.1,3.6
27,5,17,27_17,panelist,high,1,1,0,0,3.5,1,-0.2,3.5
27,5,18,27_18,reviewer,high,0,1,0,0,3.5,0,0,3.5
27,5,19,27_19,panelist,low,1,0,1,0,3.5,0,0,3.5
27,5,20,27_20,panelist,none,1,0,0,1,3.5,0,0,3.5
27,5,21,27_21,panelist,med,1,0,0,0,3.5,0,0,3.5
27,5,22,27_22,panelist,med,1,0,0,0,3.5,0,0,3.5
27,5,23,27_23,panelist,none,1,0,0,1,3.5,1,-0.1,3.5
27,5,24,27_24,panelist,high,1,1,0,0,3.5,1,0.2,3.7
27,6,01,27_01,panelist,none,1,0,0,1,3.5,1,0.2,3.7
27,6,02,27_02,panelist,med,1,0,0,0,3.5,0,0,3.5
27,6,03,27_03,panelist,none,1,0,0,1,3.5,1,-0.2,3.5
27,6,04,27_04,panelist,med,1,0,0,0,3.5,0,0,3.5
27,6,05,27_05,panelist,med,1,0,0,0,3.5,1,-0.2,3.5
27,6,06,27_06,panelist,low,1,0,1,0,3.5,0,0,3.5
27,6,07,27_07,panelist,med,1,0,0,0,3.5,1,0.3,3.8
27,6,08,27_08,panelist,med,1,0,0,0,3.5,0,0,3.5
27,6,09,27_09,panelist,high,1,1,0,0,3.5,0,0,3.5
27,6,10,27_10,reviewer,med,0,0,0,0,3.5,0,0,3.5
27,6,11,27_11,panelist,med,1,0,0,0,3.5,0,0,3.5
27,6,12,27_12,panelist,none,1,0,0,1,3.5,1,0.1,3.6
27,6,13,27_13,panelist,none,1,0,0,1,3.5,0,0,3.5
27,6,14,27_14,reviewer,high,0,1,0,0,3.5,0,0,3.5
27,6,15,27_15,panelist,high,1,1,0,0,3.5,0,0,3.5
27,6,16,27_16,panelist,low,1,0,1,0,3.5,1,-0.1,3.5
27,6,17,27_17,panelist,high,1,1,0,0,3.5,0,0,3.5
27,6,18,27_18,panelist,low,1,0,1,0,3.5,1,0.1,3.6
27,6,19,27_19,panelist,high,1,1,0,0,3.5,0,0,3.5
27,6,20,27_20,reviewer,med,0,0,0,0,3.5,1,-0.1,3.5
27,6,21,27_21,panelist,high,1,1,0,0,3.5,1,0.1,3.6
27,6,22,27_22,panelist,med,1,0,0,0,3.5,1,0.1,3.6
27,6,23,27_23,panelist,low,1,0,1,0,3.5,1,0.2,3.7
27,6,24,27_24,panelist,med,1,0,0,0,3.5,1,0.2,3.7
27,7,01,27_01,panelist,med,1,0,0,0,3.8,1,-0.1,3.7
27,7,02,27_02,panelist,low,1,0,1,0,3.8,0,0,3.8
27,7,03,27_03,panelist,high,1,1,0,0,3.8,0,0,3.8
27,7,04,27_04,panelist,low,1,0,1,0,3.8,1,0.1,3.9
27,7,05,27_05,panelist,none,1,0,0,1,3.8,1,0.2,4
27,7,06,27_06,panelist,med,1,0,0,0,3.8,0,0,3.8
27,7,07,27_07,panelist,med,1,0,0,0,3.8,1,-0.2,3.6
27,7,08,27_08,panelist,med,1,0,0,0,3.8,1,0.1,3.9
27,7,09,27_09,panelist,high,1,1,0,0,3.8,0,0,3.8
27,7,10,27_10,panelist,med,1,0,0,0,3.8,0,0,3.8
27,7,11,27_11,panelist,low,1,0,1,0,3.8,1,-0.1,3.7
27,7,12,27_12,panelist,none,1,0,0,1,3.8,0,0,3.8
27,7,13,27_13,panelist,high,1,1,0,0,3.8,0,0,3.8
27,7,14,27_14,panelist,high,1,1,0,0,3.8,0,0,3.8
27,7,15,27_15,reviewer,none,0,0,0,1,3.8,0,0,3.8
27,7,16,27_16,panelist,low,1,0,1,0,3.8,0,0,3.8
27,7,17,27_17,reviewer,none,0,0,0,1,3.8,1,0.2,4
27,7,18,27_18,panelist,med,1,0,0,0,3.8,0,0,3.8
27,7,19,27_19,panelist,high,1,1,0,0,3.8,0,0,3.8
27,7,20,27_20,panelist,med,1,0,0,0,3.8,0,0,3.8
27,7,21,27_21,panelist,med,1,0,0,0,3.8,0,0,3.8
27,7,22,27_22,panelist,med,1,0,0,0,3.8,0,0,3.8
27,7,23,27_23,reviewer,med,0,0,0,0,3.8,1,-0.3,3.5
27,7,24,27_24,panelist,high,1,1,0,0,3.8,0,0,3.8
27,8,01,27_01,panelist,none,1,0,0,1,3.5,1,-0.2,3.5
27,8,02,27_02,panelist,none,1,0,0,1,3.5,1,0.1,3.6
27,8,03,27_03,panelist,med,1,0,0,0,3.5,0,0,3.5
27,8,04,27_04,panelist,med,1,0,0,0,3.5,0,0,3.5
27,8,05,27_05,panelist,high,1,1,0,0,3.5,1,0.1,3.6
27,8,06,27_06,panelist,high,1,1,0,0,3.5,0,0,3.5
27,8,07,27_07,reviewer,med,0,0,0,0,3.5,0,0,3.5
27,8,08,27_08,panelist,med,1,0,0,0,3.5,1,0.1,3.6
27,8,09,27_09,panelist,high,1,1,0,0,3.5,0,0,3.5
27,8,10,27_10,panelist,low,1,0,1,0,3.5,0,0,3.5
27,8,11,27_11,panelist,med,1,0,0,0,3.5,1,-0.3,3.5
27,8,12,27_12,panelist,med,1,0,0,0,3.5,0,0,3.5
27,8,13,27_13,panelist,high,1,1,0,0,3.5,1,-0.1,3.5
27,8,14,27_14,panelist,med,1,0,0,0,3.5,0,0,3.5
27,8,15,27_15,panelist,low,1,0,1,0,3.5,0,0,3.5
27,8,16,27_16,panelist,high,1,1,0,0,3.5,0,0,3.5
27,8,17,27_17,panelist,none,1,0,0,1,3.5,0,0,3.5
27,8,18,27_18,panelist,med,1,0,0,0,3.5,0,0,3.5
27,8,19,27_19,panelist,none,1,0,0,1,3.5,1,-0.1,3.5
27,8,20,27_20,reviewer,low,0,0,1,0,3.5,0,0,3.5
27,8,21,27_21,reviewer,low,0,0,1,0,3.5,1,-0.1,3.5
27,8,22,27_22,panelist,med,1,0,0,0,3.5,1,-0.2,3.5
27,8,23,27_23,panelist,med,1,0,0,0,3.5,0,0,3.5
27,8,24,27_24,panelist,high,1,1,0,0,3.5,0,0,3.5
27,9,01,27_01,panelist,med,1,0,0,0,4,1,-0.2,3.8
27,9,02,27_02,panelist,low,1,0,1,0,4,0,0,4
27,9,03,27_03,panelist,med,1,0,0,0,4,0,0,4
27,9,04,27_04,panelist,med,1,0,0,0,4,0,0,4
27,9,05,27_05,panelist,med,1,0,0,0,4,0,0,4
27,9,06,27_06,panelist,med,1,0,0,0,4,0,0,4
27,9,07,27_07,panelist,low,1,0,1,0,4,0,0,4
27,9,08,27_08,panelist,med,1,0,0,0,4,0,0,4
27,9,09,27_09,panelist,med,1,0,0,0,4,0,0,4
27,9,10,27_10,panelist,med,1,0,0,0,4,0,0,4
27,9,11,27_11,reviewer,low,0,0,1,0,4,1,-0.1,3.9
27,9,12,27_12,panelist,none,1,0,0,1,4,1,0.1,4.1
27,9,13,27_13,panelist,med,1,0,0,0,4,0,0,4
27,9,14,27_14,panelist,high,1,1,0,0,4,0,0,4
27,9,15,27_15,panelist,none,1,0,0,1,4,0,0,4
27,9,16,27_16,panelist,high,1,1,0,0,4,0,0,4
27,9,17,27_17,panelist,high,1,1,0,0,4,0,0,4
27,9,18,27_18,panelist,high,1,1,0,0,4,0,0,4
27,9,19,27_19,panelist,low,1,0,1,0,4,1,0.1,4.1
27,9,20,27_20,reviewer,none,0,0,0,1,4,0,0,4
27,9,21,27_21,reviewer,high,0,1,0,0,4,1,-0.2,3.8
27,9,22,27_22,panelist,high,1,1,0,0,4,0,0,4
27,9,23,27_23,panelist,med,1,0,0,0,4,0,0,4
27,9,24,27_24,panelist,none,1,0,0,1,4,1,-0.1,3.9
27,10,01,27_01,panelist,low,1,0,1,0,4.4,0,0,4.4
27,10,02,27_02,panelist,none,1,0,0,1,4.4,1,-0.1,4.3
27,10,03,27_03,panelist,med,1,0,0,0,4.4,0,0,4.4
27,10,04,27_04,panelist,low,1,0,1,0,4.4,1,0.1,4.5
27,10,05,27_05,reviewer,none,0,0,0,1,4.4,0,0,4.4
27,10,06,27_06,panelist,med,1,0,0,0,4.4,1,0.2,4.6
27,10,07,27_07,panelist,med,1,0,0,0,4.4,0,0,4.4
27,10,08,27_08,panelist,none,1,0,0,1,4.4,1,-0.2,4.2
27,10,09,27_09,panelist,low,1,0,1,0,4.4,1,-0.3,4.1
27,10,10,27_10,panelist,high,1,1,0,0,4.4,0,0,4.4
27,10,11,27_11,panelist,med,1,0,0,0,4.4,0,0,4.4
27,10,12,27_12,panelist,none,1,0,0,1,4.4,0,0,4.4
27,10,13,27_13,panelist,med,1,0,0,0,4.4,1,0.1,4.5
27,10,14,27_14,panelist,med,1,0,0,0,4.4,0,0,4.4
27,10,15,27_15,panelist,med,1,0,0,0,4.4,1,-0.1,4.3
27,10,16,27_16,panelist,med,1,0,0,0,4.4,0,0,4.4
27,10,17,27_17,panelist,high,1,1,0,0,4.4,0,0,4.4
27,10,18,27_18,reviewer,high,0,1,0,0,4.4,0,0,4.4
27,10,19,27_19,reviewer,low,0,0,1,0,4.4,0,0,4.4
27,10,20,27_20,panelist,high,1,1,0,0,4.4,0,0,4.4
27,10,21,27_21,panelist,high,1,1,0,0,4.4,0,0,4.4
27,10,22,27_22,panelist,high,1,1,0,0,4.4,0,0,4.4
27,10,23,27_23,panelist,med,1,0,0,0,4.4,0,0,4.4
27,10,24,27_24,panelist,med,1,0,0,0,4.4,1,0.3,4.7
27,11,01,27_01,reviewer,low,0,0,1,0,4,0,0,4
27,11,02,27_02,panelist,high,1,1,0,0,4,0,0,4
27,11,03,27_03,panelist,none,1,0,0,1,4,1,0.3,4.3
27,11,04,27_04,reviewer,med,0,0,0,0,4,0,0,4
27,11,05,27_05,panelist,med,1,0,0,0,4,1,-0.2,3.8
27,11,06,27_06,panelist,med,1,0,0,0,4,1,0.1,4.1
27,11,07,27_07,panelist,high,1,1,0,0,4,0,0,4
27,11,08,27_08,panelist,low,1,0,1,0,4,0,0,4
27,11,09,27_09,panelist,high,1,1,0,0,4,1,-0.1,3.9
27,11,10,27_10,panelist,med,1,0,0,0,4,0,0,4
27,11,11,27_11,panelist,high,1,1,0,0,4,1,0.2,4.2
27,11,12,27_12,panelist,high,1,1,0,0,4,0,0,4
27,11,13,27_13,panelist,low,1,0,1,0,4,0,0,4
27,11,14,27_14,panelist,med,1,0,0,0,4,0,0,4
27,11,15,27_15,panelist,none,1,0,0,1,4,0,0,4
27,11,16,27_16,panelist,none,1,0,0,1,4,1,0.1,4.1
27,11,17,27_17,panelist,med,1,0,0,0,4,0,0,4
27,11,18,27_18,reviewer,high,0,1,0,0,4,1,0.2,4.2
27,11,19,27_19,panelist,none,1,0,0,1,4,1,-0.3,3.7
27,11,20,27_20,panelist,med,1,0,0,0,4,1,-0.2,3.8
27,11,21,27_21,panelist,med,1,0,0,0,4,1,-0.1,3.9
27,11,22,27_22,panelist,med,1,0,0,0,4,1,0.2,4.2
27,11,23,27_23,panelist,med,1,0,0,0,4,0,0,4
27,11,24,27_24,panelist,low,1,0,1,0,4,0,0,4
27,12,01,27_01,panelist,high,1,1,0,0,4.7,0,0,4.7
27,12,02,27_02,panelist,none,1,0,0,1,4.7,0,0,4.7
27,12,03,27_03,panelist,med,1,0,0,0,4.7,1,-0.1,4.6
27,12,04,27_04,panelist,low,1,0,1,0,4.7,1,0.1,4.8
27,12,05,27_05,panelist,low,1,0,1,0,4.7,0,0,4.7
27,12,06,27_06,reviewer,med,0,0,0,0,4.7,0,0,4.7
27,12,07,27_07,panelist,med,1,0,0,0,4.7,1,0.1,4.8
27,12,08,27_08,panelist,none,1,0,0,1,4.7,1,-0.1,4.6
27,12,09,27_09,panelist,low,1,0,1,0,4.7,1,-0.1,4.6
27,12,10,27_10,reviewer,med,0,0,0,0,4.7,0,0,4.7
27,12,11,27_11,panelist,med,1,0,0,0,4.7,0,0,4.7
27,12,12,27_12,panelist,none,1,0,0,1,4.7,0,0,4.7
27,12,13,27_13,panelist,high,1,1,0,0,4.7,0,0,4.7
27,12,14,27_14,reviewer,med,0,0,0,0,4.7,0,0,4.7
27,12,15,27_15,panelist,med,1,0,0,0,4.7,0,0,4.7
27,12,16,27_16,panelist,none,1,0,0,1,4.7,1,-0.1,4.6
27,12,17,27_17,panelist,high,1,1,0,0,4.7,0,0,4.7
27,12,18,27_18,panelist,med,1,0,0,0,4.7,1,0.1,4.8
27,12,19,27_19,panelist,high,1,1,0,0,4.7,0,0,4.7
27,12,20,27_20,panelist,low,1,0,1,0,4.7,1,-0.1,4.6
27,12,21,27_21,panelist,high,1,1,0,0,4.7,0,0,4.7
27,12,22,27_22,panelist,high,1,1,0,0,4.7,0,0,4.7
27,12,23,27_23,panelist,med,1,0,0,0,4.7,1,-0.2,4.5
27,12,24,27_24,panelist,med,1,0,0,0,4.7,0,0,4.7
27,13,01,27_01,panelist,low,1,0,1,0,4.4,1,0.3,4.7
27,13,02,27_02,panelist,high,1,1,0,0,4.4,0,0,4.4
27,13,03,27_03,panelist,low,1,0,1,0,4.4,0,0,4.4
27,13,04,27_04,panelist,med,1,0,0,0,4.4,1,0.2,4.6
27,13,05,27_05,panelist,low,1,0,1,0,4.4,0,0,4.4
27,13,06,27_06,reviewer,med,0,0,0,0,4.4,1,-0.2,4.2
27,13,07,27_07,reviewer,none,0,0,0,1,4.4,0,0,4.4
27,13,08,27_08,panelist,med,1,0,0,0,4.4,0,0,4.4
27,13,09,27_09,panelist,none,1,0,0,1,4.4,1,0.3,4.7
27,13,10,27_10,panelist,high,1,1,0,0,4.4,1,0.2,4.6
27,13,11,27_11,panelist,med,1,0,0,0,4.4,0,0,4.4
27,13,12,27_12,panelist,high,1,1,0,0,4.4,1,0.3,4.7
27,13,13,27_13,panelist,low,1,0,1,0,4.4,1,0.2,4.6
27,13,14,27_14,panelist,med,1,0,0,0,4.4,1,0.2,4.6
27,13,15,27_15,panelist,med,1,0,0,0,4.4,0,0,4.4
27,13,16,27_16,reviewer,high,0,1,0,0,4.4,0,0,4.4
27,13,17,27_17,panelist,none,1,0,0,1,4.4,1,-0.1,4.3
27,13,18,27_18,panelist,med,1,0,0,0,4.4,1,0.2,4.6
27,13,19,27_19,panelist,med,1,0,0,0,4.4,1,-0.1,4.3
27,13,20,27_20,panelist,med,1,0,0,0,4.4,0,0,4.4
27,13,21,27_21,panelist,med,1,0,0,0,4.4,1,-0.2,4.2
27,13,22,27_22,panelist,none,1,0,0,1,4.4,1,0.2,4.6
27,13,23,27_23,panelist,high,1,1,0,0,4.4,0,0,4.4
27,13,24,27_24,panelist,high,1,1,0,0,4.4,0,0,4.4
27,14,01,27_01,panelist,high,1,1,0,0,3.5,0,0,3.5
27,14,02,27_02,reviewer,med,0,0,0,0,3.5,1,0.1,3.6
27,14,03,27_03,panelist,high,1,1,0,0,3.5,0,0,3.5
27,14,04,27_04,panelist,high,1,1,0,0,3.5,0,0,3.5
27,14,05,27_05,panelist,none,1,0,0,1,3.5,0,0,3.5
27,14,06,27_06,panelist,none,1,0,0,1,3.5,0,0,3.5
27,14,07,27_07,panelist,none,1,0,0,1,3.5,1,-0.1,3.5
27,14,08,27_08,panelist,high,1,1,0,0,3.5,1,0.2,3.7
27,14,09,27_09,panelist,med,1,0,0,0,3.5,1,-0.1,3.5
27,14,10,27_10,panelist,med,1,0,0,0,3.5,0,0,3.5
27,14,11,27_11,panelist,med,1,0,0,0,3.5,1,-0.3,3.5
27,14,12,27_12,panelist,low,1,0,1,0,3.5,0,0,3.5
27,14,13,27_13,panelist,med,1,0,0,0,3.5,1,0.1,3.6
27,14,14,27_14,panelist,high,1,1,0,0,3.5,0,0,3.5
27,14,15,27_15,panelist,med,1,0,0,0,3.5,0,0,3.5
27,14,16,27_16,panelist,low,1,0,1,0,3.5,1,0.1,3.6
27,14,17,27_17,reviewer,med,0,0,0,0,3.5,0,0,3.5
27,14,18,27_18,panelist,low,1,0,1,0,3.5,1,-0.2,3.5
27,14,19,27_19,panelist,med,1,0,0,0,3.5,1,-0.2,3.5
27,14,20,27_20,panelist,med,1,0,0,0,3.5,0,0,3.5
27,14,21,27_21,panelist,low,1,0,1,0,3.5,1,-0.1,3.5
27,14,22,27_22,panelist,med,1,0,0,0,3.5,1,0.1,3.6
27,14,23,27_23,panelist,high,1,1,0,0,3.5,0,0,3.5
27,14,24,27_24,reviewer,none,0,0,0,1,3.5,0,0,3.5
27,15,01,27_01,panelist,med,1,0,0,0,4.2,1,-0.1,4.1
27,15,02,27_02,panelist,none,1,0,0,1,4.2,1,0.1,4.3
27,15,03,27_03,panelist,med,1,0,0,0,4.2,1,0.1,4.3
27,15,04,27_04,panelist,med,1,0,0,0,4.2,0,0,4.2
27,15,05,27_05,panelist,med,1,0,0,0,4.2,1,-0.1,4.1
27,15,06,27_06,panelist,high,1,1,0,0,4.2,0,0,4.2
27,15,07,27_07,panelist,high,1,1,0,0,4.2,0,0,4.2
27,15,08,27_08,panelist,none,1,0,0,1,4.2,0,0,4.2
27,15,09,27_09,panelist,low,1,0,1,0,4.2,0,0,4.2
27,15,10,27_10,panelist,med,1,0,0,0,4.2,1,0.2,4.4
27,15,11,27_11,reviewer,low,0,0,1,0,4.2,0,0,4.2
27,15,12,27_12,panelist,med,1,0,0,0,4.2,0,0,4.2
27,15,13,27_13,panelist,high,1,1,0,0,4.2,0,0,4.2
27,15,14,27_14,reviewer,low,0,0,1,0,4.2,0,0,4.2
27,15,15,27_15,panelist,low,1,0,1,0,4.2,1,0.2,4.4
27,15,16,27_16,panelist,none,1,0,0,1,4.2,0,0,4.2
27,15,17,27_17,panelist,high,1,1,0,0,4.2,1,-0.1,4.1
27,15,18,27_18,panelist,med,1,0,0,0,4.2,0,0,4.2
27,15,19,27_19,panelist,high,1,1,0,0,4.2,1,-0.1,4.1
27,15,20,27_20,panelist,med,1,0,0,0,4.2,0,0,4.2
27,15,21,27_21,panelist,none,1,0,0,1,4.2,0,0,4.2
27,15,22,27_22,reviewer,med,0,0,0,0,4.2,1,-0.2,4
27,15,23,27_23,panelist,med,1,0,0,0,4.2,0,0,4.2
27,15,24,27_24,panelist,high,1,1,0,0,4.2,0,0,4.2
28,1,01,28_01,panelist,med,1,0,0,0,3.5,0,0,3.5
28,1,02,28_02,panelist,med,1,0,0,0,3.5,0,0,3.5
28,1,03,28_03,panelist,med,1,0,0,0,3.5,1,-0.1,3.5
28,1,04,28_04,reviewer,med,0,0,0,0,3.5,0,0,3.5
28,1,05,28_05,panelist,low,1,0,1,0,3.5,0,0,3.5
28,1,06,28_06,panelist,high,1,1,0,0,3.5,1,-0.1,3.5
28,1,07,28_07,panelist,low,1,0,1,0,3.5,1,-0.4,3.5
28,1,08,28_08,reviewer,med,0,0,0,0,3.5,1,-0.2,3.5
28,1,09,28_09,reviewer,med,0,0,0,0,3.5,0,0,3.5
28,1,10,28_10,panelist,high,1,1,0,0,3.5,0,0,3.5
28,1,11,28_11,panelist,med,1,0,0,0,3.5,0,0,3.5
28,1,12,28_12,panelist,none,1,0,0,1,3.5,1,-0.2,3.5
28,1,13,28_13,panelist,none,1,0,0,1,3.5,0,0,3.5
28,1,14,28_14,panelist,high,1,1,0,0,3.5,0,0,3.5
28,1,15,28_15,panelist,none,1,0,0,1,3.5,0,0,3.5
28,1,16,28_16,panelist,high,1,1,0,0,3.5,0,0,3.5
28,1,17,28_17,panelist,high,1,1,0,0,3.5,0,0,3.5
28,1,18,28_18,panelist,none,1,0,0,1,3.5,0,0,3.5
28,1,19,28_19,panelist,low,1,0,1,0,3.5,0,0,3.5
28,1,20,28_20,panelist,med,1,0,0,0,3.5,1,-0.1,3.5
28,1,21,28_21,panelist,med,1,0,0,0,3.5,1,0.2,3.7
28,1,22,28_22,panelist,high,1,1,0,0,3.5,0,0,3.5
28,1,23,28_23,panelist,med,1,0,0,0,3.5,1,-0.2,3.5
28,1,24,28_24,panelist,low,1,0,1,0,3.5,1,-0.1,3.5
28,2,01,28_01,panelist,none,1,0,0,1,4.1,1,-0.3,3.8
28,2,02,28_02,panelist,low,1,0,1,0,4.1,0,0,4.1
28,2,03,28_03,panelist,none,1,0,0,1,4.1,1,-0.2,3.9
28,2,04,28_04,reviewer,high,0,1,0,0,4.1,0,0,4.1
28,2,05,28_05,panelist,med,1,0,0,0,4.1,0,0,4.1
28,2,06,28_06,panelist,med,1,0,0,0,4.1,1,-0.1,4
28,2,07,28_07,panelist,high,1,1,0,0,4.1,0,0,4.1
28,2,08,28_08,panelist,low,1,0,1,0,4.1,1,-0.1,4
28,2,09,28_09,panelist,med,1,0,0,0,4.1,1,0.2,4.3
28,2,10,28_10,panelist,high,1,1,0,0,4.1,0,0,4.1
28,2,11,28_11,panelist,low,1,0,1,0,4.1,1,0.1,4.2
28,2,12,28_12,panelist,high,1,1,0,0,4.1,0,0,4.1
28,2,13,28_13,panelist,med,1,0,0,0,4.1,0,0,4.1
28,2,14,28_14,panelist,high,1,1,0,0,4.1,0,0,4.1
28,2,15,28_15,panelist,med,1,0,0,0,4.1,1,0.1,4.2
28,2,16,28_16,panelist,none,1,0,0,1,4.1,0,0,4.1
28,2,17,28_17,panelist,med,1,0,0,0,4.1,0,0,4.1
28,2,18,28_18,reviewer,med,0,0,0,0,4.1,0,0,4.1
28,2,19,28_19,panelist,med,1,0,0,0,4.1,1,0.1,4.2
28,2,20,28_20,reviewer,med,0,0,0,0,4.1,1,0.1,4.2
28,2,21,28_21,panelist,high,1,1,0,0,4.1,0,0,4.1
28,2,22,28_22,panelist,med,1,0,0,0,4.1,1,-0.2,3.9
28,2,23,28_23,panelist,low,1,0,1,0,4.1,1,-0.1,4
28,2,24,28_24,panelist,none,1,0,0,1,4.1,1,0.1,4.2
28,3,01,28_01,panelist,none,1,0,0,1,4,0,0,4
28,3,02,28_02,panelist,med,1,0,0,0,4,1,0.1,4.1
28,3,03,28_03,panelist,high,1,1,0,0,4,0,0,4
28,3,04,28_04,panelist,med,1,0,0,0,4,0,0,4
28,3,05,28_05,reviewer,med,0,0,0,0,4,1,0.2,4.2
28,3,06,28_06,panelist,med,1,0,0,0,4,0,0,4
28,3,07,28_07,panelist,high,1,1,0,0,4,1,0.1,4.1
28,3,08,28_08,panelist,low,1,0,1,0,4,0,0,4
28,3,09,28_09,panelist,med,1,0,0,0,4,1,0.2,4.2
28,3,10,28_10,panelist,med,1,0,0,0,4,1,0.1,4.1
28,3,11,28_11,reviewer,none,0,0,0,1,4,0,0,4
28,3,12,28_12,panelist,high,1,1,0,0,4,1,-0.1,3.9
28,3,13,28_13,reviewer,med,0,0,0,0,4,0,0,4
28,3,14,28_14,panelist,low,1,0,1,0,4,0,0,4
28,3,15,28_15,panelist,none,1,0,0,1,4,1,-0.3,3.7
28,3,16,28_16,panelist,high,1,1,0,0,4,0,0,4
28,3,17,28_17,panelist,low,1,0,1,0,4,1,-0.1,3.9
28,3,18,28_18,panelist,med,1,0,0,0,4,1,0.2,4.2
28,3,19,28_19,panelist,high,1,1,0,0,4,0,0,4
28,3,20,28_20,panelist,none,1,0,0,1,4,0,0,4
28,3,21,28_21,panelist,low,1,0,1,0,4,0,0,4
28,3,22,28_22,panelist,med,1,0,0,0,4,0,0,4
28,3,23,28_23,panelist,med,1,0,0,0,4,0,0,4
28,3,24,28_24,panelist,high,1,1,0,0,4,1,-0.1,3.9
28,4,01,28_01,panelist,med,1,0,0,0,3.6,0,0,3.6
28,4,02,28_02,panelist,high,1,1,0,0,3.6,1,0.1,3.7
28,4,03,28_03,panelist,none,1,0,0,1,3.6,1,0.1,3.7
28,4,04,28_04,panelist,med,1,0,0,0,3.6,0,0,3.6
28,4,05,28_05,reviewer,high,0,1,0,0,3.6,1,-0.2,3.5
28,4,06,28_06,panelist,med,1,0,0,0,3.6,0,0,3.6
28,4,07,28_07,panelist,high,1,1,0,0,3.6,0,0,3.6
28,4,08,28_08,reviewer,med,0,0,0,0,3.6,1,0.2,3.8
28,4,09,28_09,panelist,med,1,0,0,0,3.6,1,0.2,3.8
28,4,10,28_10,panelist,low,1,0,1,0,3.6,0,0,3.6
28,4,11,28_11,panelist,med,1,0,0,0,3.6,0,0,3.6
28,4,12,28_12,panelist,med,1,0,0,0,3.6,1,-0.1,3.5
28,4,13,28_13,panelist,none,1,0,0,1,3.6,0,0,3.6
28,4,14,28_14,panelist,low,1,0,1,0,3.6,0,0,3.6
28,4,15,28_15,panelist,med,1,0,0,0,3.6,0,0,3.6
28,4,16,28_16,panelist,med,1,0,0,0,3.6,0,0,3.6
28,4,17,28_17,panelist,low,1,0,1,0,3.6,0,0,3.6
28,4,18,28_18,panelist,none,1,0,0,1,3.6,1,0.3,3.9
28,4,19,28_19,panelist,med,1,0,0,0,3.6,1,0.1,3.7
28,4,20,28_20,panelist,high,1,1,0,0,3.6,1,0.2,3.8
28,4,21,28_21,panelist,high,1,1,0,0,3.6,1,-0.2,3.5
28,4,22,28_22,reviewer,high,0,1,0,0,3.6,0,0,3.6
28,4,23,28_23,panelist,none,1,0,0,1,3.6,1,0.1,3.7
28,4,24,28_24,panelist,low,1,0,1,0,3.6,1,-0.1,3.5
28,5,01,28_01,panelist,low,1,0,1,0,3.5,0,0,3.5
28,5,02,28_02,panelist,none,1,0,0,1,3.5,0,0,3.5
28,5,03,28_03,panelist,med,1,0,0,0,3.5,1,0.1,3.6
28,5,04,28_04,panelist,med,1,0,0,0,3.5,1,0.1,3.6
28,5,05,28_05,panelist,high,1,1,0,0,3.5,0,0,3.5
28,5,06,28_06,panelist,none,1,0,0,1,3.5,0,0,3.5
28,5,07,28_07,reviewer,med,0,0,0,0,3.5,1,-0.2,3.5
28,5,08,28_08,panelist,high,1,1,0,0,3.5,0,0,3.5
28,5,09,28_09,panelist,med,1,0,0,0,3.5,1,-0.1,3.5
28,5,10,28_10,panelist,med,1,0,0,0,3.5,0,0,3.5
28,5,11,28_11,panelist,med,1,0,0,0,3.5,0,0,3.5
28,5,12,28_12,panelist,low,1,0,1,0,3.5,0,0,3.5
28,5,13,28_13,reviewer,high,0,1,0,0,3.5,0,0,3.5
28,5,14,28_14,panelist,low,1,0,1,0,3.5,1,-0.1,3.5
28,5,15,28_15,panelist,med,1,0,0,0,3.5,1,0.1,3.6
28,5,16,28_16,panelist,med,1,0,0,0,3.5,1,-0.2,3.5
28,5,17,28_17,panelist,high,1,1,0,0,3.5,0,0,3.5
28,5,18,28_18,panelist,med,1,0,0,0,3.5,0,0,3.5
28,5,19,28_19,panelist,none,1,0,0,1,3.5,0,0,3.5
28,5,20,28_20,panelist,high,1,1,0,0,3.5,1,-0.1,3.5
28,5,21,28_21,panelist,high,1,1,0,0,3.5,0,0,3.5
28,5,22,28_22,reviewer,med,0,0,0,0,3.5,0,0,3.5
28,5,23,28_23,panelist,low,1,0,1,0,3.5,0,0,3.5
28,5,24,28_24,panelist,none,1,0,0,1,3.5,0,0,3.5
28,6,01,28_01,panelist,high,1,1,0,0,3.5,0,0,3.5
28,6,02,28_02,panelist,med,1,0,0,0,3.5,0,0,3.5
28,6,03,28_03,panelist,high,1,1,0,0,3.5,0,0,3.5
28,6,04,28_04,panelist,med,1,0,0,0,3.5,0,0,3.5
28,6,05,28_05,panelist,high,1,1,0,0,3.5,1,-0.1,3.5
28,6,06,28_06,panelist,high,1,1,0,0,3.5,0,0,3.5
28,6,07,28_07,panelist,high,1,1,0,0,3.5,0,0,3.5
28,6,08,28_08,panelist,low,1,0,1,0,3.5,1,0.1,3.6
28,6,09,28_09,panelist,med,1,0,0,0,3.5,1,0.2,3.7
28,6,10,28_10,panelist,none,1,0,0,1,3.5,1,0.1,3.6
28,6,11,28_11,panelist,med,1,0,0,0,3.5,0,0,3.5
28,6,12,28_12,panelist,low,1,0,1,0,3.5,0,0,3.5
28,6,13,28_13,reviewer,med,0,0,0,0,3.5,1,-0.1,3.5
28,6,14,28_14,panelist,med,1,0,0,0,3.5,0,0,3.5
28,6,15,28_15,panelist,med,1,0,0,0,3.5,1,-0.1,3.5
28,6,16,28_16,panelist,none,1,0,0,1,3.5,0,0,3.5
28,6,17,28_17,panelist,low,1,0,1,0,3.5,1,0.1,3.6
28,6,18,28_18,reviewer,none,0,0,0,1,3.5,1,0.1,3.6
28,6,19,28_19,panelist,none,1,0,0,1,3.5,1,-0.2,3.5
28,6,20,28_20,panelist,high,1,1,0,0,3.5,1,-0.2,3.5
28,6,21,28_21,panelist,med,1,0,0,0,3.5,1,0.2,3.7
28,6,22,28_22,reviewer,low,0,0,1,0,3.5,0,0,3.5
28,6,23,28_23,panelist,med,1,0,0,0,3.5,0,0,3.5
28,6,24,28_24,panelist,med,1,0,0,0,3.5,0,0,3.5
28,7,01,28_01,reviewer,high,0,1,0,0,3.8,0,0,3.8
28,7,02,28_02,panelist,med,1,0,0,0,3.8,0,0,3.8
28,7,03,28_03,panelist,none,1,0,0,1,3.8,1,0.2,4
28,7,04,28_04,reviewer,high,0,1,0,0,3.8,0,0,3.8
28,7,05,28_05,reviewer,low,0,0,1,0,3.8,0,0,3.8
28,7,06,28_06,panelist,high,1,1,0,0,3.8,0,0,3.8
28,7,07,28_07,panelist,med,1,0,0,0,3.8,0,0,3.8
28,7,08,28_08,panelist,low,1,0,1,0,3.8,0,0,3.8
28,7,09,28_09,panelist,med,1,0,0,0,3.8,0,0,3.8
28,7,10,28_10,panelist,high,1,1,0,0,3.8,1,0.1,3.9
28,7,11,28_11,panelist,none,1,0,0,1,3.8,1,0.1,3.9
28,7,12,28_12,panelist,med,1,0,0,0,3.8,0,0,3.8
28,7,13,28_13,panelist,med,1,0,0,0,3.8,1,-0.2,3.6
28,7,14,28_14,panelist,med,1,0,0,0,3.8,0,0,3.8
28,7,15,28_15,panelist,high,1,1,0,0,3.8,0,0,3.8
28,7,16,28_16,panelist,none,1,0,0,1,3.8,0,0,3.8
28,7,17,28_17,panelist,med,1,0,0,0,3.8,0,0,3.8
28,7,18,28_18,panelist,med,1,0,0,0,3.8,1,-0.4,3.5
28,7,19,28_19,panelist,med,1,0,0,0,3.8,1,-0.1,3.7
28,7,20,28_20,panelist,low,1,0,1,0,3.8,1,0.2,4
28,7,21,28_21,panelist,none,1,0,0,1,3.8,1,-0.2,3.6
28,7,22,28_22,panelist,med,1,0,0,0,3.8,0,0,3.8
28,7,23,28_23,panelist,low,1,0,1,0,3.8,0,0,3.8
28,7,24,28_24,panelist,high,1,1,0,0,3.8,1,0.1,3.9
28,8,01,28_01,reviewer,med,0,0,0,0,3.5,0,0,3.5
28,8,02,28_02,panelist,med,1,0,0,0,3.5,0,0,3.5
28,8,03,28_03,panelist,med,1,0,0,0,3.5,0,0,3.5
28,8,04,28_04,panelist,med,1,0,0,0,3.5,1,0.1,3.6
28,8,05,28_05,panelist,high,1,1,0,0,3.5,1,-0.1,3.5
28,8,06,28_06,panelist,none,1,0,0,1,3.5,0,0,3.5
28,8,07,28_07,panelist,med,1,0,0,0,3.5,1,-0.2,3.5
28,8,08,28_08,reviewer,high,0,1,0,0,3.5,0,0,3.5
28,8,09,28_09,panelist,med,1,0,0,0,3.5,0,0,3.5
28,8,10,28_10,panelist,high,1,1,0,0,3.5,0,0,3.5
28,8,11,28_11,panelist,high,1,1,0,0,3.5,0,0,3.5
28,8,12,28_12,panelist,low,1,0,1,0,3.5,1,-0.1,3.5
28,8,13,28_13,panelist,med,1,0,0,0,3.5,0,0,3.5
28,8,14,28_14,panelist,none,1,0,0,1,3.5,1,-0.1,3.5
28,8,15,28_15,panelist,none,1,0,0,1,3.5,0,0,3.5
28,8,16,28_16,panelist,low,1,0,1,0,3.5,1,0.3,3.8
28,8,17,28_17,panelist,low,1,0,1,0,3.5,0,0,3.5
28,8,18,28_18,panelist,low,1,0,1,0,3.5,1,0.1,3.6
28,8,19,28_19,panelist,med,1,0,0,0,3.5,1,-0.1,3.5
28,8,20,28_20,panelist,high,1,1,0,0,3.5,0,0,3.5
28,8,21,28_21,panelist,high,1,1,0,0,3.5,0,0,3.5
28,8,22,28_22,panelist,none,1,0,0,1,3.5,0,0,3.5
28,8,23,28_23,panelist,med,1,0,0,0,3.5,0,0,3.5
28,8,24,28_24,reviewer,med,0,0,0,0,3.5,0,0,3.5
28,9,01,28_01,panelist,low,1,0,1,0,4,1,-0.1,3.9
28,9,02,28_02,panelist,high,1,1,0,0,4,0,0,4
28,9,03,28_03,panelist,high,1,1,0,0,4,0,0,4
28,9,04,28_04,panelist,low,1,0,1,0,4,0,0,4
28,9,05,28_05,panelist,med,1,0,0,0,4,0,0,4
28,9,06,28_06,panelist,low,1,0,1,0,4,0,0,4
28,9,07,28_07,panelist,high,1,1,0,0,4,0,0,4
28,9,08,28_08,panelist,high,1,1,0,0,4,0,0,4
28,9,09,28_09,panelist,low,1,0,1,0,4,0,0,4
28,9,10,28_10,panelist,med,1,0,0,0,4,0,0,4
28,9,11,28_11,panelist,med,1,0,0,0,4,1,0.1,4.1
28,9,12,28_12,panelist,med,1,0,0,0,4,1,-0.2,3.8
28,9,13,28_13,panelist,med,1,0,0,0,4,0,0,4
28,9,14,28_14,panelist,none,1,0,0,1,4,0,0,4
28,9,15,28_15,reviewer,high,0,1,0,0,4,0,0,4
28,9,16,28_16,reviewer,med,0,0,0,0,4,0,0,4
28,9,17,28_17,panelist,med,1,0,0,0,4,1,-0.1,3.9
28,9,18,28_18,panelist,none,1,0,0,1,4,1,0.2,4.2
28,9,19,28_19,panelist,med,1,0,0,0,4,0,0,4
28,9,20,28_20,reviewer,med,0,0,0,0,4,0,0,4
28,9,21,28_21,panelist,none,1,0,0,1,4,0,0,4
28,9,22,28_22,panelist,med,1,0,0,0,4,1,-0.3,3.7
28,9,23,28_23,panelist,high,1,1,0,0,4,0,0,4
28,9,24,28_24,panelist,none,1,0,0,1,4,1,0.1,4.1
28,10,01,28_01,reviewer,med,0,0,0,0,4.4,0,0,4.4
28,10,02,28_02,panelist,low,1,0,1,0,4.4,0,0,4.4
28,10,03,28_03,panelist,none,1,0,0,1,4.4,1,0.1,4.5
28,10,04,28_04,panelist,med,1,0,0,0,4.4,1,-0.1,4.3
28,10,05,28_05,panelist,med,1,0,0,0,4.4,1,0.2,4.6
28,10,06,28_06,panelist,med,1,0,0,0,4.4,0,0,4.4
28,10,07,28_07,panelist,high,1,1,0,0,4.4,0,0,4.4
28,10,08,28_08,panelist,low,1,0,1,0,4.4,1,-0.3,4.1
28,10,09,28_09,panelist,med,1,0,0,0,4.4,0,0,4.4
28,10,10,28_10,panelist,high,1,1,0,0,4.4,1,0.1,4.5
28,10,11,28_11,panelist,med,1,0,0,0,4.4,0,0,4.4
28,10,12,28_12,panelist,none,1,0,0,1,4.4,1,-0.1,4.3
28,10,13,28_13,panelist,high,1,1,0,0,4.4,0,0,4.4
28,10,14,28_14,panelist,med,1,0,0,0,4.4,1,0.1,4.5
28,10,15,28_15,panelist,high,1,1,0,0,4.4,0,0,4.4
28,10,16,28_16,panelist,med,1,0,0,0,4.4,0,0,4.4
28,10,17,28_17,panelist,low,1,0,1,0,4.4,0,0,4.4
28,10,18,28_18,panelist,med,1,0,0,0,4.4,0,0,4.4
28,10,19,28_19,panelist,med,1,0,0,0,4.4,1,-0.1,4.3
28,10,20,28_20,panelist,none,1,0,0,1,4.4,1,-0.1,4.3
28,10,21,28_21,reviewer,high,0,1,0,0,4.4,0,0,4.4
28,10,22,28_22,panelist,high,1,1,0,0,4.4,0,0,4.4
28,10,23,28_23,panelist,low,1,0,1,0,4.4,1,-0.3,4.1
28,10,24,28_24,reviewer,none,0,0,0,1,4.4,1,-0.1,4.3
28,11,01,28_01,panelist,low,1,0,1,0,4,0,0,4
28,11,02,28_02,panelist,med,1,0,0,0,4,1,-0.3,3.7
28,11,03,28_03,panelist,high,1,1,0,0,4,0,0,4
28,11,04,28_04,panelist,low,1,0,1,0,4,1,-0.2,3.8
28,11,05,28_05,panelist,med,1,0,0,0,4,0,0,4
28,11,06,28_06,panelist,low,1,0,1,0,4,0,0,4
28,11,07,28_07,panelist,med,1,0,0,0,4,0,0,4
28,11,08,28_08,panelist,high,1,1,0,0,4,0,0,4
28,11,09,28_09,panelist,high,1,1,0,0,4,0,0,4
28,11,10,28_10,reviewer,none,0,0,0,1,4,1,-0.3,3.7
28,11,11,28_11,panelist,high,1,1,0,0,4,0,0,4
28,11,12,28_12,panelist,med,1,0,0,0,4,1,-0.2,3.8
28,11,13,28_13,reviewer,med,0,0,0,0,4,0,0,4
28,11,14,28_14,panelist,med,1,0,0,0,4,0,0,4
28,11,15,28_15,panelist,med,1,0,0,0,4,0,0,4
28,11,16,28_16,panelist,med,1,0,0,0,4,0,0,4
28,11,17,28_17,reviewer,med,0,0,0,0,4,0,0,4
28,11,18,28_18,panelist,low,1,0,1,0,4,0,0,4
28,11,19,28_19,panelist,med,1,0,0,0,4,1,-0.1,3.9
28,11,20,28_20,panelist,none,1,0,0,1,4,0,0,4
28,11,21,28_21,panelist,high,1,1,0,0,4,0,0,4
28,11,22,28_22,panelist,high,1,1,0,0,4,0,0,4
28,11,23,28_23,panelist,none,1,0,0,1,4,0,0,4
28,11,24,28_24,panelist,none,1,0,0,1,4,1,-0.1,3.9
28,12,01,28_01,panelist,med,1,0,0,0,4.7,0,0,4.7
28,12,02,28_02,panelist,med,1,0,0,0,4.7,0,0,4.7
28,12,03,28_03,panelist,low,1,0,1,0,4.7,0,0,4.7
28,12,04,28_04,panelist,high,1,1,0,0,4.7,0,0,4.7
28,12,05,28_05,panelist,low,1,0,1,0,4.7,0,0,4.7
28,12,06,28_06,reviewer,high,0,1,0,0,4.7,1,0.1,4.8
28,12,07,28_07,panelist,med,1,0,0,0,4.7,0,0,4.7
28,12,08,28_08,panelist,high,1,1,0,0,4.7,0,0,4.7
28,12,09,28_09,panelist,low,1,0,1,0,4.7,0,0,4.7
28,12,10,28_10,panelist,none,1,0,0,1,4.7,1,-0.3,4.4
28,12,11,28_11,panelist,med,1,0,0,0,4.7,0,0,4.7
28,12,12,28_12,panelist,med,1,0,0,0,4.7,1,0.1,4.8
28,12,13,28_13,panelist,none,1,0,0,1,4.7,1,0.2,4.9
28,12,14,28_14,panelist,none,1,0,0,1,4.7,1,-0.2,4.5
28,12,15,28_15,panelist,high,1,1,0,0,4.7,0,0,4.7
28,12,16,28_16,panelist,high,1,1,0,0,4.7,0,0,4.7
28,12,17,28_17,panelist,med,1,0,0,0,4.7,1,-0.2,4.5
28,12,18,28_18,panelist,med,1,0,0,0,4.7,1,-0.2,4.5
28,12,19,28_19,reviewer,med,0,0,0,0,4.7,0,0,4.7
28,12,20,28_20,panelist,none,1,0,0,1,4.7,1,-0.1,4.6
28,12,21,28_21,panelist,high,1,1,0,0,4.7,1,0.2,4.9
28,12,22,28_22,reviewer,med,0,0,0,0,4.7,1,0.3,4.9
28,12,23,28_23,panelist,med,1,0,0,0,4.7,0,0,4.7
28,12,24,28_24,panelist,low,1,0,1,0,4.7,1,-0.2,4.5
28,13,01,28_01,panelist,none,1,0,0,1,4.4,1,0.1,4.5
28,13,02,28_02,panelist,high,1,1,0,0,4.4,0,0,4.4
28,13,03,28_03,panelist,med,1,0,0,0,4.4,0,0,4.4
28,13,04,28_04,panelist,med,1,0,0,0,4.4,1,0.2,4.6
28,13,05,28_05,panelist,low,1,0,1,0,4.4,1,-0.1,4.3
28,13,06,28_06,panelist,high,1,1,0,0,4.4,0,0,4.4
28,13,07,28_07,panelist,med,1,0,0,0,4.4,0,0,4.4
28,13,08,28_08,panelist,none,1,0,0,1,4.4,1,0.2,4.6
28,13,09,28_09,panelist,none,1,0,0,1,4.4,1,-0.1,4.3
28,13,10,28_10,panelist,med,1,0,0,0,4.4,0,0,4.4
28,13,11,28_11,panelist,high,1,1,0,0,4.4,0,0,4.4
28,13,12,28_12,panelist,high,1,1,0,0,4.4,0,0,4.4
28,13,13,28_13,panelist,med,1,0,0,0,4.4,1,-0.2,4.2
28,13,14,28_14,reviewer,none,0,0,0,1,4.4,0,0,4.4
28,13,15,28_15,panelist,high,1,1,0,0,4.4,0,0,4.4
28,13,16,28_16,panelist,high,1,1,0,0,4.4,0,0,4.4
28,13,17,28_17,panelist,med,1,0,0,0,4.4,1,-0.1,4.3
28,13,18,28_18,panelist,low,1,0,1,0,4.4,1,0.1,4.5
28,13,19,28_19,reviewer,med,0,0,0,0,4.4,0,0,4.4
28,13,20,28_20,panelist,low,1,0,1,0,4.4,0,0,4.4
28,13,21,28_21,panelist,low,1,0,1,0,4.4,1,0.2,4.6
28,13,22,28_22,panelist,med,1,0,0,0,4.4,1,-0.1,4.3
28,13,23,28_23,panelist,med,1,0,0,0,4.4,0,0,4.4
28,13,24,28_24,reviewer,med,0,0,0,0,4.4,0,0,4.4
28,14,01,28_01,reviewer,high,0,1,0,0,3.5,0,0,3.5
28,14,02,28_02,panelist,med,1,0,0,0,3.5,0,0,3.5
28,14,03,28_03,panelist,med,1,0,0,0,3.5,0,0,3.5
28,14,04,28_04,panelist,med,1,0,0,0,3.5,0,0,3.5
28,14,05,28_05,panelist,low,1,0,1,0,3.5,0,0,3.5
28,14,06,28_06,panelist,high,1,1,0,0,3.5,1,0.1,3.6
28,14,07,28_07,panelist,high,1,1,0,0,3.5,0,0,3.5
28,14,08,28_08,reviewer,low,0,0,1,0,3.5,1,-0.2,3.5
28,14,09,28_09,panelist,none,1,0,0,1,3.5,0,0,3.5
28,14,10,28_10,panelist,none,1,0,0,1,3.5,1,-0.1,3.5
28,14,11,28_11,panelist,med,1,0,0,0,3.5,0,0,3.5
28,14,12,28_12,panelist,med,1,0,0,0,3.5,0,0,3.5
28,14,13,28_13,panelist,med,1,0,0,0,3.5,0,0,3.5
28,14,14,28_14,panelist,med,1,0,0,0,3.5,1,-0.1,3.5
28,14,15,28_15,panelist,low,1,0,1,0,3.5,0,0,3.5
28,14,16,28_16,panelist,med,1,0,0,0,3.5,1,-0.1,3.5
28,14,17,28_17,panelist,med,1,0,0,0,3.5,0,0,3.5
28,14,18,28_18,panelist,high,1,1,0,0,3.5,1,0.2,3.7
28,14,19,28_19,panelist,high,1,1,0,0,3.5,0,0,3.5
28,14,20,28_20,panelist,none,1,0,0,1,3.5,0,0,3.5
28,14,21,28_21,panelist,none,1,0,0,1,3.5,1,0.1,3.6
28,14,22,28_22,panelist,high,1,1,0,0,3.5,1,0.2,3.7
28,14,23,28_23,reviewer,med,0,0,0,0,3.5,0,0,3.5
28,14,24,28_24,panelist,low,1,0,1,0,3.5,0,0,3.5
28,15,01,28_01,panelist,low,1,0,1,0,4.2,1,0.1,4.3
28,15,02,28_02,reviewer,med,0,0,0,0,4.2,1,0.2,4.4
28,15,03,28_03,panelist,med,1,0,0,0,4.2,1,0.1,4.3
28,15,04,28_04,panelist,none,1,0,0,1,4.2,0,0,4.2
28,15,05,28_05,reviewer,high,0,1,0,0,4.2,0,0,4.2
28,15,06,28_06,panelist,med,1,0,0,0,4.2,1,-0.2,4
28,15,07,28_07,panelist,none,1,0,0,1,4.2,0,0,4.2
28,15,08,28_08,panelist,med,1,0,0,0,4.2,0,0,4.2
28,15,09,28_09,panelist,med,1,0,0,0,4.2,1,0.1,4.3
28,15,10,28_10,panelist,none,1,0,0,1,4.2,0,0,4.2
28,15,11,28_11,panelist,low,1,0,1,0,4.2,0,0,4.2
28,15,12,28_12,panelist,med,1,0,0,0,4.2,0,0,4.2
28,15,13,28_13,panelist,low,1,0,1,0,4.2,0,0,4.2
28,15,14,28_14,panelist,med,1,0,0,0,4.2,0,0,4.2
28,15,15,28_15,panelist,high,1,1,0,0,4.2,0,0,4.2
28,15,16,28_16,panelist,high,1,1,0,0,4.2,1,0.1,4.3
28,15,17,28_17,panelist,high,1,1,0,0,4.2,0,0,4.2
28,15,18,28_18,panelist,med,1,0,0,0,4.2,0,0,4.2
28,15,19,28_19,reviewer,none,0,0,0,1,4.2,0,0,4.2
28,15,20,28_20,panelist,high,1,1,0,0,4.2,0,0,4.2
28,15,21,28_21,panelist,low,1,0,1,0,4.2,0,0,4.2
28,15,22,28_22,panelist,med,1,0,0,0,4.2,1,-0.1,4.1
28,15,23,28_23,panelist,med,1,0,0,0,4.2,1,0.2,4.4
28,15,24,28_24,panelist,high,1,1,0,0,4.2,0,0,4.2
29,1,01,29_01,reviewer,med,0,0,0,0,3.9,0,0,3.9
29,1,02,29_02,panelist,low,1,0,1,0,3.9,1,0.1,4
29,1,03,29_03,panelist,low,1,0,1,0,3.9,0,0,3.9
29,1,04,29_04,panelist,none,1,0,0,1,3.9,1,-0.1,3.8
29,1,05,29_05,panelist,none,1,0,0,1,3.9,0,0,3.9
29,1,06,29_06,panelist,high,1,1,0,0,3.9,1,-0.1,3.8
29,1,07,29_07,panelist,med,1,0,0,0,3.9,0,0,3.9
29,1,08,29_08,panelist,none,1,0,0,1,3.9,0,0,3.9
29,1,09,29_09,panelist,low,1,0,1,0,3.9,1,-0.1,3.8
29,1,10,29_10,panelist,high,1,1,0,0,3.9,1,0.1,4
29,1,11,29_11,panelist,high,1,1,0,0,3.9,0,0,3.9
29,1,12,29_12,reviewer,med,0,0,0,0,3.9,0,0,3.9
29,1,13,29_13,reviewer,low,0,0,1,0,3.9,0,0,3.9
29,1,14,29_14,panelist,med,1,0,0,0,3.9,1,0.1,4
29,1,15,29_15,panelist,high,1,1,0,0,3.9,0,0,3.9
29,1,16,29_16,panelist,high,1,1,0,0,3.9,1,0.2,4.1
29,1,17,29_17,panelist,med,1,0,0,0,3.9,0,0,3.9
29,1,18,29_18,panelist,high,1,1,0,0,3.9,0,0,3.9
29,1,19,29_19,panelist,med,1,0,0,0,3.9,0,0,3.9
29,1,20,29_20,panelist,med,1,0,0,0,3.9,0,0,3.9
29,1,21,29_21,panelist,med,1,0,0,0,3.9,0,0,3.9
29,1,22,29_22,panelist,none,1,0,0,1,3.9,0,0,3.9
29,1,23,29_23,panelist,med,1,0,0,0,3.9,1,-0.1,3.8
29,1,24,29_24,panelist,med,1,0,0,0,3.9,0,0,3.9
29,2,01,29_01,panelist,low,1,0,1,0,4.5,0,0,4.5
29,2,02,29_02,panelist,low,1,0,1,0,4.5,0,0,4.5
29,2,03,29_03,panelist,med,1,0,0,0,4.5,0,0,4.5
29,2,04,29_04,panelist,high,1,1,0,0,4.5,0,0,4.5
29,2,05,29_05,panelist,none,1,0,0,1,4.5,1,-0.1,4.4
29,2,06,29_06,panelist,high,1,1,0,0,4.5,0,0,4.5
29,2,07,29_07,panelist,none,1,0,0,1,4.5,0,0,4.5
29,2,08,29_08,panelist,med,1,0,0,0,4.5,1,0.2,4.7
29,2,09,29_09,panelist,high,1,1,0,0,4.5,0,0,4.5
29,2,10,29_10,reviewer,med,0,0,0,0,4.5,0,0,4.5
29,2,11,29_11,panelist,med,1,0,0,0,4.5,0,0,4.5
29,2,12,29_12,panelist,med,1,0,0,0,4.5,0,0,4.5
29,2,13,29_13,panelist,high,1,1,0,0,4.5,0,0,4.5
29,2,14,29_14,panelist,med,1,0,0,0,4.5,0,0,4.5
29,2,15,29_15,panelist,low,1,0,1,0,4.5,0,0,4.5
29,2,16,29_16,panelist,none,1,0,0,1,4.5,1,0.2,4.7
29,2,17,29_17,panelist,high,1,1,0,0,4.5,1,-0.2,4.3
29,2,18,29_18,reviewer,med,0,0,0,0,4.5,1,0.1,4.6
29,2,19,29_19,panelist,med,1,0,0,0,4.5,1,0.1,4.6
29,2,20,29_20,panelist,low,1,0,1,0,4.5,0,0,4.5
29,2,21,29_21,panelist,med,1,0,0,0,4.5,1,0.2,4.7
29,2,22,29_22,panelist,none,1,0,0,1,4.5,1,0.2,4.7
29,2,23,29_23,panelist,high,1,1,0,0,4.5,0,0,4.5
29,2,24,29_24,reviewer,med,0,0,0,0,4.5,1,0.1,4.6
29,3,01,29_01,panelist,med,1,0,0,0,4.4,0,0,4.4
29,3,02,29_02,panelist,high,1,1,0,0,4.4,0,0,4.4
29,3,03,29_03,panelist,low,1,0,1,0,4.4,0,0,4.4
29,3,04,29_04,panelist,med,1,0,0,0,4.4,0,0,4.4
29,3,05,29_05,panelist,none,1,0,0,1,4.4,0,0,4.4
29,3,06,29_06,panelist,none,1,0,0,1,4.4,0,0,4.4
29,3,07,29_07,panelist,high,1,1,0,0,4.4,0,0,4.4
29,3,08,29_08,panelist,med,1,0,0,0,4.4,1,-0.1,4.3
29,3,09,29_09,panelist,high,1,1,0,0,4.4,1,0.2,4.6
29,3,10,29_10,reviewer,med,0,0,0,0,4.4,0,0,4.4
29,3,11,29_11,reviewer,med,0,0,0,0,4.4,1,-0.1,4.3
29,3,12,29_12,panelist,high,1,1,0,0,4.4,1,0.1,4.5
29,3,13,29_13,panelist,med,1,0,0,0,4.4,1,0.2,4.6
29,3,14,29_14,panelist,low,1,0,1,0,4.4,0,0,4.4
29,3,15,29_15,panelist,med,1,0,0,0,4.4,0,0,4.4
29,3,16,29_16,panelist,high,1,1,0,0,4.4,0,0,4.4
29,3,17,29_17,panelist,low,1,0,1,0,4.4,1,-0.1,4.3
29,3,18,29_18,panelist,med,1,0,0,0,4.4,0,0,4.4
29,3,19,29_19,panelist,med,1,0,0,0,4.4,0,0,4.4
29,3,20,29_20,panelist,med,1,0,0,0,4.4,1,0.1,4.5
29,3,21,29_21,panelist,none,1,0,0,1,4.4,0,0,4.4
29,3,22,29_22,panelist,low,1,0,1,0,4.4,1,0.3,4.7
29,3,23,29_23,reviewer,none,0,0,0,1,4.4,1,0.1,4.5
29,3,24,29_24,panelist,high,1,1,0,0,4.4,0,0,4.4
29,4,01,29_01,panelist,med,1,0,0,0,4,0,0,4
29,4,02,29_02,reviewer,med,0,0,0,0,4,0,0,4
29,4,03,29_03,panelist,none,1,0,0,1,4,1,0.2,4.2
29,4,04,29_04,panelist,high,1,1,0,0,4,1,0.4,4.4
29,4,05,29_05,panelist,low,1,0,1,0,4,0,0,4
29,4,06,29_06,panelist,high,1,1,0,0,4,1,0.2,4.2
29,4,07,29_07,reviewer,low,0,0,1,0,4,0,0,4
29,4,08,29_08,panelist,med,1,0,0,0,4,1,0.1,4.1
29,4,09,29_09,panelist,low,1,0,1,0,4,1,0.2,4.2
29,4,10,29_10,panelist,low,1,0,1,0,4,1,0.2,4.2
29,4,11,29_11,panelist,high,1,1,0,0,4,1,0.2,4.2
29,4,12,29_12,panelist,none,1,0,0,1,4,1,-0.1,3.9
29,4,13,29_13,panelist,med,1,0,0,0,4,0,0,4
29,4,14,29_14,panelist,med,1,0,0,0,4,0,0,4
29,4,15,29_15,panelist,med,1,0,0,0,4,1,-0.2,3.8
29,4,16,29_16,panelist,high,1,1,0,0,4,1,-0.2,3.8
29,4,17,29_17,panelist,none,1,0,0,1,4,0,0,4
29,4,18,29_18,panelist,high,1,1,0,0,4,1,-0.1,3.9
29,4,19,29_19,panelist,med,1,0,0,0,4,1,0.2,4.2
29,4,20,29_20,panelist,med,1,0,0,0,4,1,-0.2,3.8
29,4,21,29_21,panelist,none,1,0,0,1,4,1,0.1,4.1
29,4,22,29_22,panelist,high,1,1,0,0,4,1,-0.3,3.7
29,4,23,29_23,reviewer,med,0,0,0,0,4,0,0,4
29,4,24,29_24,panelist,med,1,0,0,0,4,0,0,4
29,5,01,29_01,panelist,none,1,0,0,1,3.9,0,0,3.9
29,5,02,29_02,reviewer,low,0,0,1,0,3.9,1,-0.2,3.7
29,5,03,29_03,panelist,high,1,1,0,0,3.9,0,0,3.9
29,5,04,29_04,panelist,none,1,0,0,1,3.9,0,0,3.9
29,5,05,29_05,reviewer,med,0,0,0,0,3.9,0,0,3.9
29,5,06,29_06,panelist,low,1,0,1,0,3.9,0,0,3.9
29,5,07,29_07,panelist,med,1,0,0,0,3.9,0,0,3.9
29,5,08,29_08,panelist,high,1,1,0,0,3.9,0,0,3.9
29,5,09,29_09,panelist,high,1,1,0,0,3.9,1,-0.2,3.7
29,5,10,29_10,panelist,med,1,0,0,0,3.9,0,0,3.9
29,5,11,29_11,panelist,med,1,0,0,0,3.9,0,0,3.9
29,5,12,29_12,panelist,med,1,0,0,0,3.9,0,0,3.9
29,5,13,29_13,panelist,high,1,1,0,0,3.9,0,0,3.9
29,5,14,29_14,panelist,none,1,0,0,1,3.9,0,0,3.9
29,5,15,29_15,panelist,med,1,0,0,0,3.9,0,0,3.9
29,5,16,29_16,panelist,med,1,0,0,0,3.9,0,0,3.9
29,5,17,29_17,reviewer,low,0,0,1,0,3.9,1,0.1,4
29,5,18,29_18,panelist,none,1,0,0,1,3.9,1,-0.2,3.7
29,5,19,29_19,panelist,high,1,1,0,0,3.9,0,0,3.9
29,5,20,29_20,panelist,low,1,0,1,0,3.9,0,0,3.9
29,5,21,29_21,panelist,high,1,1,0,0,3.9,0,0,3.9
29,5,22,29_22,panelist,med,1,0,0,0,3.9,1,-0.1,3.8
29,5,23,29_23,panelist,med,1,0,0,0,3.9,0,0,3.9
29,5,24,29_24,panelist,med,1,0,0,0,3.9,0,0,3.9
29,6,01,29_01,panelist,med,1,0,0,0,3.7,0,0,3.7
29,6,02,29_02,panelist,med,1,0,0,0,3.7,0,0,3.7
29,6,03,29_03,panelist,none,1,0,0,1,3.7,1,0.4,4.1
29,6,04,29_04,panelist,none,1,0,0,1,3.7,1,-0.1,3.6
29,6,05,29_05,panelist,med,1,0,0,0,3.7,0,0,3.7
29,6,06,29_06,panelist,high,1,1,0,0,3.7,0,0,3.7
29,6,07,29_07,panelist,high,1,1,0,0,3.7,1,-0.4,3.5
29,6,08,29_08,panelist,med,1,0,0,0,3.7,0,0,3.7
29,6,09,29_09,panelist,med,1,0,0,0,3.7,0,0,3.7
29,6,10,29_10,panelist,high,1,1,0,0,3.7,0,0,3.7
29,6,11,29_11,reviewer,med,0,0,0,0,3.7,0,0,3.7
29,6,12,29_12,panelist,none,1,0,0,1,3.7,0,0,3.7
29,6,13,29_13,panelist,high,1,1,0,0,3.7,1,0.1,3.8
29,6,14,29_14,panelist,high,1,1,0,0,3.7,0,0,3.7
29,6,15,29_15,panelist,high,1,1,0,0,3.7,1,0.1,3.8
29,6,16,29_16,panelist,med,1,0,0,0,3.7,0,0,3.7
29,6,17,29_17,panelist,low,1,0,1,0,3.7,1,-0.2,3.5
29,6,18,29_18,panelist,low,1,0,1,0,3.7,0,0,3.7
29,6,19,29_19,reviewer,med,0,0,0,0,3.7,0,0,3.7
29,6,20,29_20,panelist,med,1,0,0,0,3.7,1,-0.4,3.5
29,6,21,29_21,panelist,med,1,0,0,0,3.7,0,0,3.7
29,6,22,29_22,reviewer,none,0,0,0,1,3.7,0,0,3.7
29,6,23,29_23,panelist,low,1,0,1,0,3.7,1,-0.2,3.5
29,6,24,29_24,panelist,low,1,0,1,0,3.7,0,0,3.7
29,7,01,29_01,panelist,high,1,1,0,0,4.1,1,-0.2,3.9
29,7,02,29_02,panelist,high,1,1,0,0,4.1,0,0,4.1
29,7,03,29_03,panelist,med,1,0,0,0,4.1,0,0,4.1
29,7,04,29_04,reviewer,med,0,0,0,0,4.1,0,0,4.1
29,7,05,29_05,panelist,med,1,0,0,0,4.1,1,0.1,4.2
29,7,06,29_06,panelist,none,1,0,0,1,4.1,1,0.2,4.3
29,7,07,29_07,panelist,none,1,0,0,1,4.1,1,0.1,4.2
29,7,08,29_08,panelist,med,1,0,0,0,4.1,0,0,4.1
29,7,09,29_09,panelist,low,1,0,1,0,4.1,1,0.1,4.2
29,7,10,29_10,panelist,high,1,1,0,0,4.1,0,0,4.1
29,7,11,29_11,panelist,med,1,0,0,0,4.1,0,0,4.1
29,7,12,29_12,panelist,med,1,0,0,0,4.1,1,0.1,4.2
29,7,13,29_13,panelist,low,1,0,1,0,4.1,0,0,4.1
29,7,14,29_14,panelist,high,1,1,0,0,4.1,0,0,4.1
29,7,15,29_15,panelist,high,1,1,0,0,4.1,0,0,4.1
29,7,16,29_16,panelist,med,1,0,0,0,4.1,1,0.2,4.3
29,7,17,29_17,reviewer,high,0,1,0,0,4.1,0,0,4.1
29,7,18,29_18,panelist,low,1,0,1,0,4.1,0,0,4.1
29,7,19,29_19,panelist,med,1,0,0,0,4.1,1,-0.1,4
29,7,20,29_20,panelist,med,1,0,0,0,4.1,0,0,4.1
29,7,21,29_21,panelist,none,1,0,0,1,4.1,0,0,4.1
29,7,22,29_22,panelist,med,1,0,0,0,4.1,1,-0.1,4
29,7,23,29_23,reviewer,low,0,0,1,0,4.1,0,0,4.1
29,7,24,29_24,panelist,none,1,0,0,1,4.1,1,0.3,4.4
29,8,01,29_01,panelist,high,1,1,0,0,3.7,0,0,3.7
29,8,02,29_02,panelist,med,1,0,0,0,3.7,1,0.1,3.8
29,8,03,29_03,panelist,none,1,0,0,1,3.7,1,-0.1,3.6
29,8,04,29_04,panelist,low,1,0,1,0,3.7,1,0.2,3.9
29,8,05,29_05,panelist,med,1,0,0,0,3.7,0,0,3.7
29,8,06,29_06,panelist,low,1,0,1,0,3.7,1,-0.1,3.6
29,8,07,29_07,panelist,med,1,0,0,0,3.7,1,0.2,3.9
29,8,08,29_08,panelist,med,1,0,0,0,3.7,1,0.1,3.8
29,8,09,29_09,reviewer,med,0,0,0,0,3.7,0,0,3.7
29,8,10,29_10,panelist,low,1,0,1,0,3.7,0,0,3.7
29,8,11,29_11,panelist,high,1,1,0,0,3.7,0,0,3.7
29,8,12,29_12,panelist,high,1,1,0,0,3.7,1,-0.2,3.5
29,8,13,29_13,panelist,high,1,1,0,0,3.7,0,0,3.7
29,8,14,29_14,panelist,high,1,1,0,0,3.7,0,0,3.7
29,8,15,29_15,reviewer,med,0,0,0,0,3.7,1,0.4,4.1
29,8,16,29_16,reviewer,high,0,1,0,0,3.7,0,0,3.7
29,8,17,29_17,panelist,none,1,0,0,1,3.7,0,0,3.7
29,8,18,29_18,panelist,none,1,0,0,1,3.7,1,-0.2,3.5
29,8,19,29_19,panelist,low,1,0,1,0,3.7,0,0,3.7
29,8,20,29_20,panelist,med,1,0,0,0,3.7,0,0,3.7
29,8,21,29_21,panelist,med,1,0,0,0,3.7,1,-0.1,3.6
29,8,22,29_22,panelist,none,1,0,0,1,3.7,1,-0.2,3.5
29,8,23,29_23,panelist,med,1,0,0,0,3.7,0,0,3.7
29,8,24,29_24,panelist,med,1,0,0,0,3.7,0,0,3.7
29,9,01,29_01,panelist,med,1,0,0,0,4.4,0,0,4.4
29,9,02,29_02,panelist,med,1,0,0,0,4.4,0,0,4.4
29,9,03,29_03,panelist,med,1,0,0,0,4.4,0,0,4.4
29,9,04,29_04,panelist,high,1,1,0,0,4.4,0,0,4.4
29,9,05,29_05,panelist,high,1,1,0,0,4.4,0,0,4.4
29,9,06,29_06,panelist,none,1,0,0,1,4.4,0,0,4.4
29,9,07,29_07,panelist,low,1,0,1,0,4.4,1,0.1,4.5
29,9,08,29_08,panelist,low,1,0,1,0,4.4,0,0,4.4
29,9,09,29_09,panelist,none,1,0,0,1,4.4,0,0,4.4
29,9,10,29_10,panelist,med,1,0,0,0,4.4,0,0,4.4
29,9,11,29_11,reviewer,low,0,0,1,0,4.4,0,0,4.4
29,9,12,29_12,panelist,med,1,0,0,0,4.4,1,-0.1,4.3
29,9,13,29_13,panelist,med,1,0,0,0,4.4,1,0.1,4.5
29,9,14,29_14,panelist,med,1,0,0,0,4.4,0,0,4.4
29,9,15,29_15,panelist,high,1,1,0,0,4.4,0,0,4.4
29,9,16,29_16,reviewer,high,0,1,0,0,4.4,0,0,4.4
29,9,17,29_17,panelist,none,1,0,0,1,4.4,0,0,4.4
29,9,18,29_18,reviewer,med,0,0,0,0,4.4,0,0,4.4
29,9,19,29_19,panelist,med,1,0,0,0,4.4,1,-0.1,4.3
29,9,20,29_20,panelist,none,1,0,0,1,4.4,1,0.1,4.5
29,9,21,29_21,panelist,high,1,1,0,0,4.4,0,0,4.4
29,9,22,29_22,panelist,high,1,1,0,0,4.4,0,0,4.4
29,9,23,29_23,panelist,med,1,0,0,0,4.4,0,0,4.4
29,9,24,29_24,panelist,low,1,0,1,0,4.4,1,0.4,4.8
29,10,01,29_01,panelist,med,1,0,0,0,4.8,0,0,4.8
29,10,02,29_02,panelist,med,1,0,0,0,4.8,0,0,4.8
29,10,03,29_03,panelist,none,1,0,0,1,4.8,1,-0.2,4.6
29,10,04,29_04,panelist,med,1,0,0,0,4.8,0,0,4.8
29,10,05,29_05,panelist,high,1,1,0,0,4.8,1,0.1,4.9
29,10,06,29_06,panelist,high,1,1,0,0,4.8,0,0,4.8
29,10,07,29_07,panelist,high,1,1,0,0,4.8,0,0,4.8
29,10,08,29_08,panelist,low,1,0,1,0,4.8,1,0.4,4.9
29,10,09,29_09,panelist,med,1,0,0,0,4.8,0,0,4.8
29,10,10,29_10,panelist,none,1,0,0,1,4.8,0,0,4.8
29,10,11,29_11,panelist,none,1,0,0,1,4.8,0,0,4.8
29,10,12,29_12,panelist,med,1,0,0,0,4.8,1,0.2,4.9
29,10,13,29_13,reviewer,med,0,0,0,0,4.8,0,0,4.8
29,10,14,29_14,panelist,low,1,0,1,0,4.8,1,-0.1,4.7
29,10,15,29_15,panelist,low,1,0,1,0,4.8,0,0,4.8
29,10,16,29_16,panelist,med,1,0,0,0,4.8,1,-0.1,4.7
29,10,17,29_17,panelist,med,1,0,0,0,4.8,1,-0.1,4.7
29,10,18,29_18,panelist,none,1,0,0,1,4.8,0,0,4.8
29,10,19,29_19,reviewer,high,0,1,0,0,4.8,1,-0.1,4.7
29,10,20,29_20,panelist,med,1,0,0,0,4.8,1,0.2,4.9
29,10,21,29_21,reviewer,high,0,1,0,0,4.8,1,0.3,4.9
29,10,22,29_22,panelist,high,1,1,0,0,4.8,0,0,4.8
29,10,23,29_23,panelist,med,1,0,0,0,4.8,0,0,4.8
29,10,24,29_24,panelist,low,1,0,1,0,4.8,0,0,4.8
29,11,01,29_01,reviewer,med,0,0,0,0,4.4,0,0,4.4
29,11,02,29_02,panelist,high,1,1,0,0,4.4,1,-0.2,4.2
29,11,03,29_03,panelist,med,1,0,0,0,4.4,0,0,4.4
29,11,04,29_04,panelist,none,1,0,0,1,4.4,0,0,4.4
29,11,05,29_05,panelist,low,1,0,1,0,4.4,1,-0.2,4.2
29,11,06,29_06,panelist,med,1,0,0,0,4.4,0,0,4.4
29,11,07,29_07,panelist,none,1,0,0,1,4.4,1,0.1,4.5
29,11,08,29_08,panelist,none,1,0,0,1,4.4,0,0,4.4
29,11,09,29_09,panelist,low,1,0,1,0,4.4,1,0.3,4.7
29,11,10,29_10,panelist,med,1,0,0,0,4.4,1,-0.1,4.3
29,11,11,29_11,panelist,med,1,0,0,0,4.4,1,-0.4,4
29,11,12,29_12,panelist,med,1,0,0,0,4.4,1,-0.1,4.3
29,11,13,29_13,panelist,med,1,0,0,0,4.4,0,0,4.4
29,11,14,29_14,reviewer,med,0,0,0,0,4.4,0,0,4.4
29,11,15,29_15,panelist,high,1,1,0,0,4.4,0,0,4.4
29,11,16,29_16,panelist,high,1,1,0,0,4.4,0,0,4.4
29,11,17,29_17,panelist,high,1,1,0,0,4.4,0,0,4.4
29,11,18,29_18,panelist,low,1,0,1,0,4.4,1,0.1,4.5
29,11,19,29_19,panelist,med,1,0,0,0,4.4,1,0.2,4.6
29,11,20,29_20,reviewer,none,0,0,0,1,4.4,0,0,4.4
29,11,21,29_21,panelist,high,1,1,0,0,4.4,0,0,4.4
29,11,22,29_22,panelist,low,1,0,1,0,4.4,1,-0.2,4.2
29,11,23,29_23,panelist,med,1,0,0,0,4.4,0,0,4.4
29,11,24,29_24,panelist,high,1,1,0,0,4.4,0,0,4.4
29,12,01,29_01,panelist,high,1,1,0,0,4.9,0,0,4.9
29,12,02,29_02,panelist,med,1,0,0,0,4.9,0,0,4.9
29,12,03,29_03,panelist,med,1,0,0,0,4.9,0,0,4.9
29,12,04,29_04,panelist,med,1,0,0,0,4.9,0,0,4.9
29,12,05,29_05,panelist,none,1,0,0,1,4.9,0,0,4.9
29,12,06,29_06,reviewer,low,0,0,1,0,4.9,0,0,4.9
29,12,07,29_07,panelist,med,1,0,0,0,4.9,0,0,4.9
29,12,08,29_08,panelist,med,1,0,0,0,4.9,0,0,4.9
29,12,09,29_09,panelist,med,1,0,0,0,4.9,1,-0.1,4.8
29,12,10,29_10,panelist,med,1,0,0,0,4.9,1,0.1,4.9
29,12,11,29_11,panelist,low,1,0,1,0,4.9,1,-0.2,4.7
29,12,12,29_12,panelist,med,1,0,0,0,4.9,1,-0.2,4.7
29,12,13,29_13,panelist,none,1,0,0,1,4.9,0,0,4.9
29,12,14,29_14,panelist,high,1,1,0,0,4.9,0,0,4.9
29,12,15,29_15,panelist,high,1,1,0,0,4.9,0,0,4.9
29,12,16,29_16,panelist,none,1,0,0,1,4.9,1,-0.1,4.8
29,12,17,29_17,reviewer,none,0,0,0,1,4.9,1,-0.1,4.8
29,12,18,29_18,panelist,low,1,0,1,0,4.9,0,0,4.9
29,12,19,29_19,panelist,high,1,1,0,0,4.9,1,0.2,4.9
29,12,20,29_20,panelist,med,1,0,0,0,4.9,1,-0.1,4.8
29,12,21,29_21,panelist,high,1,1,0,0,4.9,0,0,4.9
29,12,22,29_22,reviewer,high,0,1,0,0,4.9,1,0.2,4.9
29,12,23,29_23,panelist,low,1,0,1,0,4.9,1,0.4,4.9
29,12,24,29_24,panelist,med,1,0,0,0,4.9,1,-0.1,4.8
29,13,01,29_01,panelist,med,1,0,0,0,4.8,1,-0.2,4.6
29,13,02,29_02,reviewer,none,0,0,0,1,4.8,0,0,4.8
29,13,03,29_03,reviewer,low,0,0,1,0,4.8,1,0.2,4.9
29,13,04,29_04,panelist,high,1,1,0,0,4.8,1,0.1,4.9
29,13,05,29_05,panelist,high,1,1,0,0,4.8,0,0,4.8
29,13,06,29_06,panelist,high,1,1,0,0,4.8,0,0,4.8
29,13,07,29_07,reviewer,med,0,0,0,0,4.8,0,0,4.8
29,13,08,29_08,panelist,high,1,1,0,0,4.8,0,0,4.8
29,13,09,29_09,panelist,low,1,0,1,0,4.8,1,-0.1,4.7
29,13,10,29_10,panelist,none,1,0,0,1,4.8,0,0,4.8
29,13,11,29_11,panelist,med,1,0,0,0,4.8,1,-0.4,4.4
29,13,12,29_12,panelist,low,1,0,1,0,4.8,0,0,4.8
29,13,13,29_13,panelist,none,1,0,0,1,4.8,0,0,4.8
29,13,14,29_14,panelist,med,1,0,0,0,4.8,0,0,4.8
29,13,15,29_15,panelist,med,1,0,0,0,4.8,0,0,4.8
29,13,16,29_16,panelist,med,1,0,0,0,4.8,0,0,4.8
29,13,17,29_17,panelist,med,1,0,0,0,4.8,1,0.2,4.9
29,13,18,29_18,panelist,med,1,0,0,0,4.8,0,0,4.8
29,13,19,29_19,panelist,low,1,0,1,0,4.8,1,0.1,4.9
29,13,20,29_20,panelist,med,1,0,0,0,4.8,0,0,4.8
29,13,21,29_21,panelist,high,1,1,0,0,4.8,0,0,4.8
29,13,22,29_22,panelist,high,1,1,0,0,4.8,0,0,4.8
29,13,23,29_23,panelist,none,1,0,0,1,4.8,0,0,4.8
29,13,24,29_24,panelist,med,1,0,0,0,4.8,0,0,4.8
29,14,01,29_01,reviewer,low,0,0,1,0,3.8,0,0,3.8
29,14,02,29_02,panelist,low,1,0,1,0,3.8,1,-0.1,3.7
29,14,03,29_03,panelist,med,1,0,0,0,3.8,0,0,3.8
29,14,04,29_04,panelist,med,1,0,0,0,3.8,0,0,3.8
29,14,05,29_05,panelist,low,1,0,1,0,3.8,0,0,3.8
29,14,06,29_06,panelist,none,1,0,0,1,3.8,1,0.1,3.9
29,14,07,29_07,panelist,med,1,0,0,0,3.8,0,0,3.8
29,14,08,29_08,panelist,low,1,0,1,0,3.8,0,0,3.8
29,14,09,29_09,panelist,none,1,0,0,1,3.8,1,0.2,4
29,14,10,29_10,panelist,high,1,1,0,0,3.8,0,0,3.8
29,14,11,29_11,panelist,med,1,0,0,0,3.8,1,0.3,4.1
29,14,12,29_12,panelist,med,1,0,0,0,3.8,0,0,3.8
29,14,13,29_13,panelist,high,1,1,0,0,3.8,1,-0.4,3.5
29,14,14,29_14,panelist,med,1,0,0,0,3.8,0,0,3.8
29,14,15,29_15,panelist,high,1,1,0,0,3.8,1,0.3,4.1
29,14,16,29_16,panelist,high,1,1,0,0,3.8,1,-0.1,3.7
29,14,17,29_17,reviewer,med,0,0,0,0,3.8,0,0,3.8
29,14,18,29_18,panelist,none,1,0,0,1,3.8,0,0,3.8
29,14,19,29_19,panelist,med,1,0,0,0,3.8,1,0.2,4
29,14,20,29_20,panelist,none,1,0,0,1,3.8,0,0,3.8
29,14,21,29_21,reviewer,med,0,0,0,0,3.8,0,0,3.8
29,14,22,29_22,panelist,high,1,1,0,0,3.8,0,0,3.8
29,14,23,29_23,panelist,med,1,0,0,0,3.8,1,-0.1,3.7
29,14,24,29_24,panelist,high,1,1,0,0,3.8,1,-0.3,3.5
29,15,01,29_01,panelist,low,1,0,1,0,4.6,1,0.1,4.7
29,15,02,29_02,panelist,med,1,0,0,0,4.6,1,-0.1,4.5
29,15,03,29_03,reviewer,low,0,0,1,0,4.6,1,-0.1,4.5
29,15,04,29_04,panelist,med,1,0,0,0,4.6,0,0,4.6
29,15,05,29_05,panelist,med,1,0,0,0,4.6,0,0,4.6
29,15,06,29_06,panelist,high,1,1,0,0,4.6,1,-0.2,4.4
29,15,07,29_07,panelist,low,1,0,1,0,4.6,0,0,4.6
29,15,08,29_08,panelist,none,1,0,0,1,4.6,1,0.2,4.8
29,15,09,29_09,panelist,none,1,0,0,1,4.6,0,0,4.6
29,15,10,29_10,panelist,high,1,1,0,0,4.6,0,0,4.6
29,15,11,29_11,panelist,high,1,1,0,0,4.6,0,0,4.6
29,15,12,29_12,panelist,med,1,0,0,0,4.6,0,0,4.6
29,15,13,29_13,panelist,high,1,1,0,0,4.6,0,0,4.6
29,15,14,29_14,reviewer,none,0,0,0,1,4.6,0,0,4.6
29,15,15,29_15,panelist,med,1,0,0,0,4.6,1,-0.2,4.4
29,15,16,29_16,panelist,med,1,0,0,0,4.6,1,0.1,4.7
29,15,17,29_17,panelist,med,1,0,0,0,4.6,1,0.1,4.7
29,15,18,29_18,panelist,high,1,1,0,0,4.6,1,0.2,4.8
29,15,19,29_19,reviewer,none,0,0,0,1,4.6,1,-0.1,4.5
29,15,20,29_20,panelist,med,1,0,0,0,4.6,1,-0.2,4.4
29,15,21,29_21,panelist,high,1,1,0,0,4.6,1,-0.2,4.4
29,15,22,29_22,panelist,med,1,0,0,0,4.6,1,-0.1,4.5
29,15,23,29_23,panelist,low,1,0,1,0,4.6,0,0,4.6
29,15,24,29_24,panelist,med,1,0,0,0,4.6,0,0,4.6
30,1,01,30_01,panelist,low,1,0,1,0,3.7,0,0,3.7
30,1,02,30_02,reviewer,high,0,1,0,0,3.7,0,0,3.7
30,1,03,30_03,panelist,med,1,0,0,0,3.7,0,0,3.7
30,1,04,30_04,panelist,med,1,0,0,0,3.7,0,0,3.7
30,1,05,30_05,panelist,none,1,0,0,1,3.7,0,0,3.7
30,1,06,30_06,panelist,med,1,0,0,0,3.7,0,0,3.7
30,1,07,30_07,panelist,low,1,0,1,0,3.7,0,0,3.7
30,1,08,30_08,panelist,low,1,0,1,0,3.7,0,0,3.7
30,1,09,30_09,panelist,none,1,0,0,1,3.7,1,-0.1,3.6
30,1,10,30_10,panelist,high,1,1,0,0,3.7,1,-0.2,3.5
30,1,11,30_11,panelist,med,1,0,0,0,3.7,0,0,3.7
30,1,12,30_12,panelist,med,1,0,0,0,3.7,0,0,3.7
30,1,13,30_13,reviewer,med,0,0,0,0,3.7,0,0,3.7
30,1,14,30_14,panelist,high,1,1,0,0,3.7,0,0,3.7
30,1,15,30_15,panelist,high,1,1,0,0,3.7,1,0.1,3.8
30,1,16,30_16,reviewer,high,0,1,0,0,3.7,0,0,3.7
30,1,17,30_17,panelist,med,1,0,0,0,3.7,1,0.1,3.8
30,1,18,30_18,panelist,none,1,0,0,1,3.7,1,0.1,3.8
30,1,19,30_19,panelist,none,1,0,0,1,3.7,0,0,3.7
30,1,20,30_20,panelist,high,1,1,0,0,3.7,0,0,3.7
30,1,21,30_21,panelist,med,1,0,0,0,3.7,1,0.1,3.8
30,1,22,30_22,panelist,med,1,0,0,0,3.7,1,0.1,3.8
30,1,23,30_23,panelist,low,1,0,1,0,3.7,0,0,3.7
30,1,24,30_24,panelist,med,1,0,0,0,3.7,1,0.2,3.9
30,2,01,30_01,reviewer,high,0,1,0,0,4.3,0,0,4.3
30,2,02,30_02,panelist,med,1,0,0,0,4.3,0,0,4.3
30,2,03,30_03,panelist,none,1,0,0,1,4.3,0,0,4.3
30,2,04,30_04,panelist,low,1,0,1,0,4.3,0,0,4.3
30,2,05,30_05,panelist,none,1,0,0,1,4.3,1,-0.1,4.2
30,2,06,30_06,panelist,med,1,0,0,0,4.3,0,0,4.3
30,2,07,30_07,panelist,high,1,1,0,0,4.3,0,0,4.3
30,2,08,30_08,panelist,high,1,1,0,0,4.3,1,-0.1,4.2
30,2,09,30_09,panelist,med,1,0,0,0,4.3,1,-0.2,4.1
30,2,10,30_10,panelist,med,1,0,0,0,4.3,1,0.2,4.5
30,2,11,30_11,panelist,med,1,0,0,0,4.3,0,0,4.3
30,2,12,30_12,panelist,low,1,0,1,0,4.3,0,0,4.3
30,2,13,30_13,panelist,none,1,0,0,1,4.3,1,-0.1,4.2
30,2,14,30_14,panelist,med,1,0,0,0,4.3,0,0,4.3
30,2,15,30_15,panelist,med,1,0,0,0,4.3,0,0,4.3
30,2,16,30_16,panelist,low,1,0,1,0,4.3,0,0,4.3
30,2,17,30_17,panelist,high,1,1,0,0,4.3,1,-0.1,4.2
30,2,18,30_18,panelist,med,1,0,0,0,4.3,0,0,4.3
30,2,19,30_19,panelist,low,1,0,1,0,4.3,1,0.1,4.4
30,2,20,30_20,panelist,high,1,1,0,0,4.3,1,-0.2,4.1
30,2,21,30_21,panelist,med,1,0,0,0,4.3,1,0.3,4.6
30,2,22,30_22,reviewer,none,0,0,0,1,4.3,0,0,4.3
30,2,23,30_23,panelist,med,1,0,0,0,4.3,1,-0.1,4.2
30,2,24,30_24,reviewer,high,0,1,0,0,4.3,0,0,4.3
30,3,01,30_01,panelist,none,1,0,0,1,4.2,1,-0.1,4.1
30,3,02,30_02,panelist,med,1,0,0,0,4.2,0,0,4.2
30,3,03,30_03,panelist,low,1,0,1,0,4.2,1,0.1,4.3
30,3,04,30_04,panelist,high,1,1,0,0,4.2,0,0,4.2
30,3,05,30_05,panelist,med,1,0,0,0,4.2,0,0,4.2
30,3,06,30_06,panelist,med,1,0,0,0,4.2,1,-0.1,4.1
30,3,07,30_07,panelist,med,1,0,0,0,4.2,0,0,4.2
30,3,08,30_08,reviewer,med,0,0,0,0,4.2,0,0,4.2
30,3,09,30_09,panelist,low,1,0,1,0,4.2,1,0.1,4.3
30,3,10,30_10,panelist,none,1,0,0,1,4.2,1,-0.2,4
30,3,11,30_11,panelist,high,1,1,0,0,4.2,0,0,4.2
30,3,12,30_12,panelist,low,1,0,1,0,4.2,0,0,4.2
30,3,13,30_13,panelist,med,1,0,0,0,4.2,0,0,4.2
30,3,14,30_14,panelist,high,1,1,0,0,4.2,0,0,4.2
30,3,15,30_15,panelist,med,1,0,0,0,4.2,0,0,4.2
30,3,16,30_16,panelist,med,1,0,0,0,4.2,1,0.2,4.4
30,3,17,30_17,panelist,high,1,1,0,0,4.2,1,0.1,4.3
30,3,18,30_18,panelist,low,1,0,1,0,4.2,1,0.2,4.4
30,3,19,30_19,panelist,high,1,1,0,0,4.2,1,-0.1,4.1
30,3,20,30_20,reviewer,med,0,0,0,0,4.2,1,-0.2,4
30,3,21,30_21,reviewer,none,0,0,0,1,4.2,1,0.2,4.4
30,3,22,30_22,panelist,med,1,0,0,0,4.2,0,0,4.2
30,3,23,30_23,panelist,high,1,1,0,0,4.2,1,-0.1,4.1
30,3,24,30_24,panelist,none,1,0,0,1,4.2,1,-0.3,3.9
30,4,01,30_01,panelist,none,1,0,0,1,3.8,1,0.2,4
30,4,02,30_02,panelist,med,1,0,0,0,3.8,0,0,3.8
30,4,03,30_03,panelist,high,1,1,0,0,3.8,0,0,3.8
30,4,04,30_04,panelist,med,1,0,0,0,3.8,1,-0.4,3.5
30,4,05,30_05,panelist,none,1,0,0,1,3.8,1,-0.2,3.6
30,4,06,30_06,panelist,med,1,0,0,0,3.8,1,-0.3,3.5
30,4,07,30_07,panelist,none,1,0,0,1,3.8,1,-0.4,3.5
30,4,08,30_08,panelist,med,1,0,0,0,3.8,0,0,3.8
30,4,09,30_09,panelist,high,1,1,0,0,3.8,1,0.1,3.9
30,4,10,30_10,panelist,high,1,1,0,0,3.8,0,0,3.8
30,4,11,30_11,reviewer,high,0,1,0,0,3.8,0,0,3.8
30,4,12,30_12,reviewer,med,0,0,0,0,3.8,1,-0.1,3.7
30,4,13,30_13,panelist,med,1,0,0,0,3.8,0,0,3.8
30,4,14,30_14,panelist,med,1,0,0,0,3.8,0,0,3.8
30,4,15,30_15,panelist,med,1,0,0,0,3.8,1,0.1,3.9
30,4,16,30_16,panelist,low,1,0,1,0,3.8,1,0.2,4
30,4,17,30_17,panelist,low,1,0,1,0,3.8,1,0.1,3.9
30,4,18,30_18,panelist,low,1,0,1,0,3.8,0,0,3.8
30,4,19,30_19,panelist,high,1,1,0,0,3.8,1,0.1,3.9
30,4,20,30_20,reviewer,high,0,1,0,0,3.8,0,0,3.8
30,4,21,30_21,panelist,none,1,0,0,1,3.8,0,0,3.8
30,4,22,30_22,panelist,med,1,0,0,0,3.8,0,0,3.8
30,4,23,30_23,panelist,low,1,0,1,0,3.8,1,-0.2,3.6
30,4,24,30_24,panelist,med,1,0,0,0,3.8,0,0,3.8
30,5,01,30_01,panelist,high,1,1,0,0,3.7,0,0,3.7
30,5,02,30_02,panelist,med,1,0,0,0,3.7,0,0,3.7
30,5,03,30_03,panelist,none,1,0,0,1,3.7,1,0.2,3.9
30,5,04,30_04,panelist,high,1,1,0,0,3.7,0,0,3.7
30,5,05,30_05,panelist,none,1,0,0,1,3.7,1,-0.2,3.5
30,5,06,30_06,panelist,med,1,0,0,0,3.7,1,0.2,3.9
30,5,07,30_07,reviewer,high,0,1,0,0,3.7,0,0,3.7
30,5,08,30_08,panelist,med,1,0,0,0,3.7,1,-0.1,3.6
30,5,09,30_09,panelist,low,1,0,1,0,3.7,1,0.1,3.8
30,5,10,30_10,panelist,med,1,0,0,0,3.7,1,0.1,3.8
30,5,11,30_11,panelist,low,1,0,1,0,3.7,1,0.3,4
30,5,12,30_12,panelist,med,1,0,0,0,3.7,0,0,3.7
30,5,13,30_13,panelist,low,1,0,1,0,3.7,1,0.2,3.9
30,5,14,30_14,panelist,med,1,0,0,0,3.7,0,0,3.7
30,5,15,30_15,panelist,low,1,0,1,0,3.7,1,0.2,3.9
30,5,16,30_16,panelist,high,1,1,0,0,3.7,0,0,3.7
30,5,17,30_17,panelist,med,1,0,0,0,3.7,1,0.3,4
30,5,18,30_18,reviewer,med,0,0,0,0,3.7,0,0,3.7
30,5,19,30_19,panelist,high,1,1,0,0,3.7,0,0,3.7
30,5,20,30_20,panelist,none,1,0,0,1,3.7,1,0.2,3.9
30,5,21,30_21,panelist,none,1,0,0,1,3.7,1,-0.1,3.6
30,5,22,30_22,reviewer,high,0,1,0,0,3.7,0,0,3.7
30,5,23,30_23,panelist,med,1,0,0,0,3.7,0,0,3.7
30,5,24,30_24,panelist,med,1,0,0,0,3.7,0,0,3.7
30,6,01,30_01,panelist,none,1,0,0,1,3.5,0,0,3.5
30,6,02,30_02,reviewer,med,0,0,0,0,3.5,1,0.1,3.6
30,6,03,30_03,reviewer,med,0,0,0,0,3.5,0,0,3.5
30,6,04,30_04,panelist,none,1,0,0,1,3.5,0,0,3.5
30,6,05,30_05,panelist,high,1,1,0,0,3.5,0,0,3.5
30,6,06,30_06,reviewer,med,0,0,0,0,3.5,1,0.1,3.6
30,6,07,30_07,panelist,none,1,0,0,1,3.5,1,0.2,3.7
30,6,08,30_08,panelist,med,1,0,0,0,3.5,0,0,3.5
30,6,09,30_09,panelist,high,1,1,0,0,3.5,0,0,3.5
30,6,10,30_10,panelist,low,1,0,1,0,3.5,0,0,3.5
30,6,11,30_11,panelist,med,1,0,0,0,3.5,0,0,3.5
30,6,12,30_12,panelist,med,1,0,0,0,3.5,1,-0.1,3.5
30,6,13,30_13,panelist,low,1,0,1,0,3.5,0,0,3.5
30,6,14,30_14,panelist,high,1,1,0,0,3.5,1,-0.1,3.5
30,6,15,30_15,panelist,high,1,1,0,0,3.5,1,-0.1,3.5
30,6,16,30_16,panelist,med,1,0,0,0,3.5,1,-0.1,3.5
30,6,17,30_17,panelist,med,1,0,0,0,3.5,1,0.3,3.8
30,6,18,30_18,panelist,med,1,0,0,0,3.5,0,0,3.5
30,6,19,30_19,panelist,med,1,0,0,0,3.5,0,0,3.5
30,6,20,30_20,panelist,high,1,1,0,0,3.5,0,0,3.5
30,6,21,30_21,panelist,none,1,0,0,1,3.5,0,0,3.5
30,6,22,30_22,panelist,high,1,1,0,0,3.5,0,0,3.5
30,6,23,30_23,panelist,low,1,0,1,0,3.5,0,0,3.5
30,6,24,30_24,panelist,low,1,0,1,0,3.5,0,0,3.5
30,7,01,30_01,reviewer,med,0,0,0,0,4,0,0,4
30,7,02,30_02,panelist,none,1,0,0,1,4,0,0,4
30,7,03,30_03,panelist,none,1,0,0,1,4,1,-0.1,3.9
30,7,04,30_04,panelist,high,1,1,0,0,4,0,0,4
30,7,05,30_05,panelist,med,1,0,0,0,4,1,0.1,4.1
30,7,06,30_06,panelist,med,1,0,0,0,4,1,-0.1,3.9
30,7,07,30_07,panelist,med,1,0,0,0,4,1,0.2,4.2
30,7,08,30_08,panelist,low,1,0,1,0,4,0,0,4
30,7,09,30_09,panelist,low,1,0,1,0,4,0,0,4
30,7,10,30_10,panelist,med,1,0,0,0,4,0,0,4
30,7,11,30_11,panelist,med,1,0,0,0,4,0,0,4
30,7,12,30_12,panelist,med,1,0,0,0,4,0,0,4
30,7,13,30_13,panelist,med,1,0,0,0,4,1,0.2,4.2
30,7,14,30_14,panelist,high,1,1,0,0,4,1,0.1,4.1
30,7,15,30_15,panelist,low,1,0,1,0,4,1,0.2,4.2
30,7,16,30_16,panelist,high,1,1,0,0,4,1,0.1,4.1
30,7,17,30_17,panelist,med,1,0,0,0,4,0,0,4
30,7,18,30_18,panelist,low,1,0,1,0,4,0,0,4
30,7,19,30_19,panelist,high,1,1,0,0,4,1,-0.1,3.9
30,7,20,30_20,panelist,none,1,0,0,1,4,0,0,4
30,7,21,30_21,reviewer,none,0,0,0,1,4,1,0.1,4.1
30,7,22,30_22,panelist,high,1,1,0,0,4,0,0,4
30,7,23,30_23,reviewer,med,0,0,0,0,4,1,0.1,4.1
30,7,24,30_24,panelist,high,1,1,0,0,4,0,0,4
30,8,01,30_01,panelist,high,1,1,0,0,3.5,0,0,3.5
30,8,02,30_02,panelist,high,1,1,0,0,3.5,1,-0.2,3.5
30,8,03,30_03,reviewer,med,0,0,0,0,3.5,0,0,3.5
30,8,04,30_04,panelist,high,1,1,0,0,3.5,0,0,3.5
30,8,05,30_05,panelist,med,1,0,0,0,3.5,1,-0.2,3.5
30,8,06,30_06,reviewer,high,0,1,0,0,3.5,0,0,3.5
30,8,07,30_07,panelist,none,1,0,0,1,3.5,0,0,3.5
30,8,08,30_08,panelist,med,1,0,0,0,3.5,0,0,3.5
30,8,09,30_09,panelist,none,1,0,0,1,3.5,0,0,3.5
30,8,10,30_10,panelist,none,1,0,0,1,3.5,0,0,3.5
30,8,11,30_11,panelist,med,1,0,0,0,3.5,0,0,3.5
30,8,12,30_12,reviewer,none,0,0,0,1,3.5,1,0.2,3.7
30,8,13,30_13,panelist,high,1,1,0,0,3.5,0,0,3.5
30,8,14,30_14,panelist,low,1,0,1,0,3.5,0,0,3.5
30,8,15,30_15,panelist,high,1,1,0,0,3.5,1,-0.2,3.5
30,8,16,30_16,panelist,low,1,0,1,0,3.5,1,-0.1,3.5
30,8,17,30_17,panelist,low,1,0,1,0,3.5,1,0.1,3.6
30,8,18,30_18,panelist,med,1,0,0,0,3.5,1,-0.2,3.5
30,8,19,30_19,panelist,low,1,0,1,0,3.5,1,0.2,3.7
30,8,20,30_20,panelist,med,1,0,0,0,3.5,0,0,3.5
30,8,21,30_21,panelist,med,1,0,0,0,3.5,0,0,3.5
30,8,22,30_22,panelist,med,1,0,0,0,3.5,0,0,3.5
30,8,23,30_23,panelist,med,1,0,0,0,3.5,0,0,3.5
30,8,24,30_24,panelist,med,1,0,0,0,3.5,1,0.3,3.8
30,9,01,30_01,reviewer,low,0,0,1,0,4.2,0,0,4.2
30,9,02,30_02,panelist,med,1,0,0,0,4.2,1,0.1,4.3
30,9,03,30_03,panelist,high,1,1,0,0,4.2,1,0.1,4.3
30,9,04,30_04,panelist,med,1,0,0,0,4.2,1,-0.2,4
30,9,05,30_05,reviewer,med,0,0,0,0,4.2,0,0,4.2
30,9,06,30_06,panelist,none,1,0,0,1,4.2,1,-0.1,4.1
30,9,07,30_07,panelist,med,1,0,0,0,4.2,0,0,4.2
30,9,08,30_08,panelist,low,1,0,1,0,4.2,1,0.1,4.3
30,9,09,30_09,panelist,high,1,1,0,0,4.2,0,0,4.2
30,9,10,30_10,panelist,high,1,1,0,0,4.2,1,0.2,4.4
30,9,11,30_11,panelist,high,1,1,0,0,4.2,0,0,4.2
30,9,12,30_12,panelist,none,1,0,0,1,4.2,1,-0.2,4
30,9,13,30_13,panelist,med,1,0,0,0,4.2,1,-0.2,4
30,9,14,30_14,panelist,none,1,0,0,1,4.2,1,0.3,4.5
30,9,15,30_15,panelist,high,1,1,0,0,4.2,0,0,4.2
30,9,16,30_16,panelist,low,1,0,1,0,4.2,1,-0.1,4.1
30,9,17,30_17,panelist,med,1,0,0,0,4.2,0,0,4.2
30,9,18,30_18,panelist,low,1,0,1,0,4.2,0,0,4.2
30,9,19,30_19,panelist,high,1,1,0,0,4.2,0,0,4.2
30,9,20,30_20,panelist,none,1,0,0,1,4.2,0,0,4.2
30,9,21,30_21,panelist,med,1,0,0,0,4.2,0,0,4.2
30,9,22,30_22,reviewer,med,0,0,0,0,4.2,0,0,4.2
30,9,23,30_23,panelist,med,1,0,0,0,4.2,0,0,4.2
30,9,24,30_24,panelist,med,1,0,0,0,4.2,0,0,4.2
30,10,01,30_01,panelist,high,1,1,0,0,4.6,0,0,4.6
30,10,02,30_02,panelist,low,1,0,1,0,4.6,1,-0.2,4.4
30,10,03,30_03,panelist,med,1,0,0,0,4.6,0,0,4.6
30,10,04,30_04,panelist,none,1,0,0,1,4.6,1,-0.1,4.5
30,10,05,30_05,panelist,high,1,1,0,0,4.6,0,0,4.6
30,10,06,30_06,panelist,med,1,0,0,0,4.6,0,0,4.6
30,10,07,30_07,panelist,med,1,0,0,0,4.6,1,-0.1,4.5
30,10,08,30_08,reviewer,med,0,0,0,0,4.6,1,0.1,4.7
30,10,09,30_09,panelist,med,1,0,0,0,4.6,0,0,4.6
30,10,10,30_10,panelist,high,1,1,0,0,4.6,0,0,4.6
30,10,11,30_11,panelist,high,1,1,0,0,4.6,0,0,4.6
30,10,12,30_12,panelist,med,1,0,0,0,4.6,0,0,4.6
30,10,13,30_13,panelist,high,1,1,0,0,4.6,0,0,4.6
30,10,14,30_14,panelist,none,1,0,0,1,4.6,0,0,4.6
30,10,15,30_15,panelist,low,1,0,1,0,4.6,1,-0.1,4.5
30,10,16,30_16,panelist,med,1,0,0,0,4.6,0,0,4.6
30,10,17,30_17,panelist,none,1,0,0,1,4.6,0,0,4.6
30,10,18,30_18,panelist,med,1,0,0,0,4.6,1,0.1,4.7
30,10,19,30_19,panelist,med,1,0,0,0,4.6,1,0.2,4.8
30,10,20,30_20,reviewer,low,0,0,1,0,4.6,0,0,4.6
30,10,21,30_21,panelist,high,1,1,0,0,4.6,1,-0.1,4.5
30,10,22,30_22,reviewer,med,0,0,0,0,4.6,0,0,4.6
30,10,23,30_23,panelist,low,1,0,1,0,4.6,0,0,4.6
30,10,24,30_24,panelist,none,1,0,0,1,4.6,0,0,4.6
30,11,01,30_01,panelist,none,1,0,0,1,4.2,0,0,4.2
30,11,02,30_02,panelist,none,1,0,0,1,4.2,1,-0.2,4
30,11,03,30_03,panelist,none,1,0,0,1,4.2,0,0,4.2
30,11,04,30_04,panelist,med,1,0,0,0,4.2,0,0,4.2
30,11,05,30_05,panelist,med,1,0,0,0,4.2,0,0,4.2
30,11,06,30_06,panelist,med,1,0,0,0,4.2,0,0,4.2
30,11,07,30_07,panelist,high,1,1,0,0,4.2,0,0,4.2
30,11,08,30_08,reviewer,med,0,0,0,0,4.2,0,0,4.2
30,11,09,30_09,panelist,med,1,0,0,0,4.2,1,0.3,4.5
30,11,10,30_10,panelist,high,1,1,0,0,4.2,0,0,4.2
30,11,11,30_11,panelist,high,1,1,0,0,4.2,0,0,4.2
30,11,12,30_12,reviewer,high,0,1,0,0,4.2,0,0,4.2
30,11,13,30_13,reviewer,med,0,0,0,0,4.2,0,0,4.2
30,11,14,30_14,panelist,low,1,0,1,0,4.2,0,0,4.2
30,11,15,30_15,panelist,low,1,0,1,0,4.2,1,0.1,4.3
30,11,16,30_16,panelist,low,1,0,1,0,4.2,0,0,4.2
30,11,17,30_17,panelist,med,1,0,0,0,4.2,0,0,4.2
30,11,18,30_18,panelist,high,1,1,0,0,4.2,0,0,4.2
30,11,19,30_19,panelist,none,1,0,0,1,4.2,1,-0.2,4
30,11,20,30_20,panelist,med,1,0,0,0,4.2,1,-0.1,4.1
30,11,21,30_21,panelist,low,1,0,1,0,4.2,0,0,4.2
30,11,22,30_22,panelist,med,1,0,0,0,4.2,0,0,4.2
30,11,23,30_23,panelist,high,1,1,0,0,4.2,0,0,4.2
30,11,24,30_24,panelist,med,1,0,0,0,4.2,0,0,4.2
30,12,01,30_01,panelist,low,1,0,1,0,4.8,1,0.3,4.9
30,12,02,30_02,panelist,high,1,1,0,0,4.8,0,0,4.8
30,12,03,30_03,reviewer,high,0,1,0,0,4.8,1,-0.2,4.6
30,12,04,30_04,panelist,none,1,0,0,1,4.8,0,0,4.8
30,12,05,30_05,panelist,low,1,0,1,0,4.8,1,0.1,4.9
30,12,06,30_06,panelist,med,1,0,0,0,4.8,0,0,4.8
30,12,07,30_07,panelist,med,1,0,0,0,4.8,0,0,4.8
30,12,08,30_08,panelist,high,1,1,0,0,4.8,0,0,4.8
30,12,09,30_09,panelist,med,1,0,0,0,4.8,0,0,4.8
30,12,10,30_10,panelist,med,1,0,0,0,4.8,0,0,4.8
30,12,11,30_11,reviewer,none,0,0,0,1,4.8,0,0,4.8
30,12,12,30_12,panelist,med,1,0,0,0,4.8,1,-0.4,4.4
30,12,13,30_13,panelist,none,1,0,0,1,4.8,1,-0.1,4.7
30,12,14,30_14,panelist,med,1,0,0,0,4.8,1,0.1,4.9
30,12,15,30_15,panelist,med,1,0,0,0,4.8,0,0,4.8
30,12,16,30_16,panelist,med,1,0,0,0,4.8,1,0.3,4.9
30,12,17,30_17,panelist,low,1,0,1,0,4.8,1,-0.3,4.5
30,12,18,30_18,reviewer,med,0,0,0,0,4.8,0,0,4.8
30,12,19,30_19,panelist,high,1,1,0,0,4.8,0,0,4.8
30,12,20,30_20,panelist,none,1,0,0,1,4.8,1,0.1,4.9
30,12,21,30_21,panelist,high,1,1,0,0,4.8,0,0,4.8
30,12,22,30_22,panelist,high,1,1,0,0,4.8,0,0,4.8
30,12,23,30_23,panelist,low,1,0,1,0,4.8,0,0,4.8
30,12,24,30_24,panelist,med,1,0,0,0,4.8,0,0,4.8
30,13,01,30_01,panelist,med,1,0,0,0,4.6,0,0,4.6
30,13,02,30_02,panelist,none,1,0,0,1,4.6,0,0,4.6
30,13,03,30_03,panelist,low,1,0,1,0,4.6,1,-0.3,4.3
30,13,04,30_04,panelist,high,1,1,0,0,4.6,0,0,4.6
30,13,05,30_05,panelist,high,1,1,0,0,4.6,0,0,4.6
30,13,06,30_06,panelist,low,1,0,1,0,4.6,1,0.2,4.8
30,13,07,30_07,panelist,high,1,1,0,0,4.6,0,0,4.6
30,13,08,30_08,panelist,low,1,0,1,0,4.6,0,0,4.6
30,13,09,30_09,panelist,med,1,0,0,0,4.6,1,-0.1,4.5
30,13,10,30_10,panelist,none,1,0,0,1,4.6,1,-0.1,4.5
30,13,11,30_11,panelist,med,1,0,0,0,4.6,0,0,4.6
30,13,12,30_12,panelist,low,1,0,1,0,4.6,1,-0.4,4.2
30,13,13,30_13,panelist,none,1,0,0,1,4.6,0,0,4.6
30,13,14,30_14,panelist,med,1,0,0,0,4.6,0,0,4.6
30,13,15,30_15,reviewer,none,0,0,0,1,4.6,0,0,4.6
30,13,16,30_16,reviewer,high,0,1,0,0,4.6,0,0,4.6
30,13,17,30_17,panelist,med,1,0,0,0,4.6,0,0,4.6
30,13,18,30_18,panelist,high,1,1,0,0,4.6,0,0,4.6
30,13,19,30_19,panelist,high,1,1,0,0,4.6,0,0,4.6
30,13,20,30_20,panelist,med,1,0,0,0,4.6,0,0,4.6
30,13,21,30_21,panelist,med,1,0,0,0,4.6,1,0.1,4.7
30,13,22,30_22,panelist,med,1,0,0,0,4.6,1,0.1,4.7
30,13,23,30_23,panelist,med,1,0,0,0,4.6,1,0.1,4.7
30,13,24,30_24,reviewer,med,0,0,0,0,4.6,1,0.2,4.8
30,14,01,30_01,panelist,high,1,1,0,0,3.6,0,0,3.6
30,14,02,30_02,panelist,med,1,0,0,0,3.6,1,0.2,3.8
30,14,03,30_03,panelist,none,1,0,0,1,3.6,1,0.3,3.9
30,14,04,30_04,panelist,none,1,0,0,1,3.6,0,0,3.6
30,14,05,30_05,panelist,med,1,0,0,0,3.6,1,0.4,4
30,14,06,30_06,reviewer,high,0,1,0,0,3.6,0,0,3.6
30,14,07,30_07,panelist,low,1,0,1,0,3.6,1,0.2,3.8
30,14,08,30_08,reviewer,med,0,0,0,0,3.6,0,0,3.6
30,14,09,30_09,panelist,med,1,0,0,0,3.6,0,0,3.6
30,14,10,30_10,reviewer,low,0,0,1,0,3.6,0,0,3.6
30,14,11,30_11,panelist,med,1,0,0,0,3.6,0,0,3.6
30,14,12,30_12,panelist,none,1,0,0,1,3.6,1,-0.1,3.5
30,14,13,30_13,panelist,none,1,0,0,1,3.6,1,-0.1,3.5
30,14,14,30_14,panelist,med,1,0,0,0,3.6,0,0,3.6
30,14,15,30_15,panelist,med,1,0,0,0,3.6,0,0,3.6
30,14,16,30_16,panelist,med,1,0,0,0,3.6,0,0,3.6
30,14,17,30_17,panelist,low,1,0,1,0,3.6,0,0,3.6
30,14,18,30_18,panelist,low,1,0,1,0,3.6,0,0,3.6
30,14,19,30_19,panelist,med,1,0,0,0,3.6,0,0,3.6
30,14,20,30_20,panelist,high,1,1,0,0,3.6,1,0.3,3.9
30,14,21,30_21,panelist,med,1,0,0,0,3.6,0,0,3.6
30,14,22,30_22,panelist,high,1,1,0,0,3.6,0,0,3.6
30,14,23,30_23,panelist,high,1,1,0,0,3.6,1,-0.5,3.5
30,14,24,30_24,panelist,high,1,1,0,0,3.6,1,0.3,3.9
30,15,01,30_01,panelist,high,1,1,0,0,4.4,0,0,4.4
30,15,02,30_02,panelist,med,1,0,0,0,4.4,0,0,4.4
30,15,03,30_03,panelist,low,1,0,1,0,4.4,1,0.3,4.7
30,15,04,30_04,panelist,med,1,0,0,0,4.4,0,0,4.4
30,15,05,30_05,panelist,none,1,0,0,1,4.4,0,0,4.4
30,15,06,30_06,panelist,low,1,0,1,0,4.4,0,0,4.4
30,15,07,30_07,panelist,med,1,0,0,0,4.4,0,0,4.4
30,15,08,30_08,reviewer,med,0,0,0,0,4.4,1,0.1,4.5
30,15,09,30_09,panelist,med,1,0,0,0,4.4,1,-0.1,4.3
30,15,10,30_10,panelist,none,1,0,0,1,4.4,1,-0.1,4.3
30,15,11,30_11,panelist,high,1,1,0,0,4.4,0,0,4.4
30,15,12,30_12,panelist,med,1,0,0,0,4.4,1,-0.1,4.3
30,15,13,30_13,panelist,high,1,1,0,0,4.4,0,0,4.4
30,15,14,30_14,panelist,high,1,1,0,0,4.4,0,0,4.4
30,15,15,30_15,panelist,high,1,1,0,0,4.4,1,0.1,4.5
30,15,16,30_16,panelist,med,1,0,0,0,4.4,0,0,4.4
30,15,17,30_17,reviewer,high,0,1,0,0,4.4,0,0,4.4
30,15,18,30_18,panelist,med,1,0,0,0,4.4,1,0.1,4.5
30,15,19,30_19,panelist,low,1,0,1,0,4.4,1,-0.1,4.3
30,15,20,30_20,panelist,med,1,0,0,0,4.4,1,-0.3,4.1
30,15,21,30_21,panelist,none,1,0,0,1,4.4,0,0,4.4
30,15,22,30_22,panelist,none,1,0,0,1,4.4,1,0.1,4.5
30,15,23,30_23,reviewer,low,0,0,1,0,4.4,1,-0.1,4.3
30,15,24,30_24,panelist,med,1,0,0,0,4.4,1,0.1,4.5
31,1,01,31_01,panelist,high,1,1,0,0,3.7,0,0,3.7
31,1,02,31_02,panelist,none,1,0,0,1,3.7,1,0.1,3.8
31,1,03,31_03,panelist,med,1,0,0,0,3.7,0,0,3.7
31,1,04,31_04,panelist,none,1,0,0,1,3.7,0,0,3.7
31,1,05,31_05,reviewer,med,0,0,0,0,3.7,0,0,3.7
31,1,06,31_06,panelist,low,1,0,1,0,3.7,0,0,3.7
31,1,07,31_07,reviewer,med,0,0,0,0,3.7,1,-0.1,3.6
31,1,08,31_08,panelist,low,1,0,1,0,3.7,0,0,3.7
31,1,09,31_09,panelist,high,1,1,0,0,3.7,0,0,3.7
31,1,10,31_10,panelist,med,1,0,0,0,3.7,0,0,3.7
31,1,11,31_11,panelist,med,1,0,0,0,3.7,1,0.2,3.9
31,1,12,31_12,panelist,high,1,1,0,0,3.7,1,-0.1,3.6
31,1,13,31_13,panelist,high,1,1,0,0,3.7,1,0.1,3.8
31,1,14,31_14,panelist,low,1,0,1,0,3.7,0,0,3.7
31,1,15,31_15,panelist,med,1,0,0,0,3.7,1,0.1,3.8
31,1,16,31_16,panelist,none,1,0,0,1,3.7,1,-0.2,3.5
31,1,17,31_17,panelist,high,1,1,0,0,3.7,1,0.4,4.1
31,1,18,31_18,panelist,high,1,1,0,0,3.7,0,0,3.7
31,1,19,31_19,reviewer,med,0,0,0,0,3.7,0,0,3.7
31,1,20,31_20,panelist,low,1,0,1,0,3.7,0,0,3.7
31,1,21,31_21,panelist,none,1,0,0,1,3.7,0,0,3.7
31,1,22,31_22,panelist,med,1,0,0,0,3.7,1,-0.1,3.6
31,1,23,31_23,panelist,med,1,0,0,0,3.7,0,0,3.7
31,1,24,31_24,panelist,med,1,0,0,0,3.7,0,0,3.7
31,2,01,31_01,panelist,med,1,0,0,0,4.3,0,0,4.3
31,2,02,31_02,panelist,low,1,0,1,0,4.3,0,0,4.3
31,2,03,31_03,reviewer,med,0,0,0,0,4.3,1,0.1,4.4
31,2,04,31_04,panelist,high,1,1,0,0,4.3,1,-0.2,4.1
31,2,05,31_05,panelist,med,1,0,0,0,4.3,0,0,4.3
31,2,06,31_06,panelist,high,1,1,0,0,4.3,1,-0.2,4.1
31,2,07,31_07,panelist,low,1,0,1,0,4.3,0,0,4.3
31,2,08,31_08,panelist,high,1,1,0,0,4.3,0,0,4.3
31,2,09,31_09,panelist,none,1,0,0,1,4.3,1,-0.1,4.2
31,2,10,31_10,panelist,med,1,0,0,0,4.3,0,0,4.3
31,2,11,31_11,panelist,high,1,1,0,0,4.3,0,0,4.3
31,2,12,31_12,panelist,high,1,1,0,0,4.3,1,-0.2,4.1
31,2,13,31_13,reviewer,med,0,0,0,0,4.3,0,0,4.3
31,2,14,31_14,panelist,med,1,0,0,0,4.3,0,0,4.3
31,2,15,31_15,panelist,med,1,0,0,0,4.3,0,0,4.3
31,2,16,31_16,reviewer,low,0,0,1,0,4.3,0,0,4.3
31,2,17,31_17,panelist,none,1,0,0,1,4.3,0,0,4.3
31,2,18,31_18,panelist,med,1,0,0,0,4.3,1,0.1,4.4
31,2,19,31_19,panelist,none,1,0,0,1,4.3,1,-0.1,4.2
31,2,20,31_20,panelist,med,1,0,0,0,4.3,0,0,4.3
31,2,21,31_21,panelist,low,1,0,1,0,4.3,0,0,4.3
31,2,22,31_22,panelist,med,1,0,0,0,4.3,0,0,4.3
31,2,23,31_23,panelist,none,1,0,0,1,4.3,1,-0.1,4.2
31,2,24,31_24,panelist,high,1,1,0,0,4.3,0,0,4.3
31,3,01,31_01,reviewer,med,0,0,0,0,4.2,1,-0.1,4.1
31,3,02,31_02,panelist,none,1,0,0,1,4.2,1,0.1,4.3
31,3,03,31_03,panelist,none,1,0,0,1,4.2,1,0.1,4.3
31,3,04,31_04,panelist,high,1,1,0,0,4.2,1,-0.2,4
31,3,05,31_05,panelist,med,1,0,0,0,4.2,0,0,4.2
31,3,06,31_06,panelist,med,1,0,0,0,4.2,0,0,4.2
31,3,07,31_07,panelist,med,1,0,0,0,4.2,0,0,4.2
31,3,08,31_08,panelist,med,1,0,0,0,4.2,0,0,4.2
31,3,09,31_09,panelist,low,1,0,1,0,4.2,0,0,4.2
31,3,10,31_10,panelist,low,1,0,1,0,4.2,1,-0.2,4
31,3,11,31_11,panelist,high,1,1,0,0,4.2,1,-0.2,4
31,3,12,31_12,panelist,med,1,0,0,0,4.2,1,0.3,4.5
31,3,13,31_13,panelist,low,1,0,1,0,4.2,0,0,4.2
31,3,14,31_14,panelist,none,1,0,0,1,4.2,0,0,4.2
31,3,15,31_15,panelist,med,1,0,0,0,4.2,1,0.2,4.4
31,3,16,31_16,panelist,med,1,0,0,0,4.2,0,0,4.2
31,3,17,31_17,panelist,high,1,1,0,0,4.2,1,-0.2,4
31,3,18,31_18,panelist,med,1,0,0,0,4.2,0,0,4.2
31,3,19,31_19,panelist,med,1,0,0,0,4.2,0,0,4.2
31,3,20,31_20,panelist,high,1,1,0,0,4.2,1,0.2,4.4
31,3,21,31_21,panelist,high,1,1,0,0,4.2,0,0,4.2
31,3,22,31_22,reviewer,high,0,1,0,0,4.2,0,0,4.2
31,3,23,31_23,panelist,none,1,0,0,1,4.2,1,-0.2,4
31,3,24,31_24,reviewer,low,0,0,1,0,4.2,1,-0.1,4.1
31,4,01,31_01,panelist,med,1,0,0,0,3.8,0,0,3.8
31,4,02,31_02,panelist,low,1,0,1,0,3.8,1,0.2,4
31,4,03,31_03,panelist,med,1,0,0,0,3.8,0,0,3.8
31,4,04,31_04,panelist,med,1,0,0,0,3.8,0,0,3.8
31,4,05,31_05,panelist,med,1,0,0,0,3.8,0,0,3.8
31,4,06,31_06,panelist,high,1,1,0,0,3.8,0,0,3.8
31,4,07,31_07,panelist,med,1,0,0,0,3.8,0,0,3.8
31,4,08,31_08,reviewer,low,0,0,1,0,3.8,1,-0.1,3.7
31,4,09,31_09,panelist,high,1,1,0,0,3.8,0,0,3.8
31,4,10,31_10,panelist,med,1,0,0,0,3.8,1,-0.2,3.6
31,4,11,31_11,panelist,none,1,0,0,1,3.8,0,0,3.8
31,4,12,31_12,panelist,none,1,0,0,1,3.8,0,0,3.8
31,4,13,31_13,reviewer,med,0,0,0,0,3.8,0,0,3.8
31,4,14,31_14,reviewer,med,0,0,0,0,3.8,0,0,3.8
31,4,15,31_15,panelist,none,1,0,0,1,3.8,0,0,3.8
31,4,16,31_16,panelist,high,1,1,0,0,3.8,0,0,3.8
31,4,17,31_17,panelist,high,1,1,0,0,3.8,0,0,3.8
31,4,18,31_18,panelist,low,1,0,1,0,3.8,1,-0.3,3.5
31,4,19,31_19,panelist,none,1,0,0,1,3.8,0,0,3.8
31,4,20,31_20,panelist,med,1,0,0,0,3.8,1,-0.1,3.7
31,4,21,31_21,panelist,low,1,0,1,0,3.8,1,-0.1,3.7
31,4,22,31_22,panelist,high,1,1,0,0,3.8,1,-0.3,3.5
31,4,23,31_23,panelist,high,1,1,0,0,3.8,0,0,3.8
31,4,24,31_24,panelist,med,1,0,0,0,3.8,1,0.1,3.9
31,5,01,31_01,panelist,none,1,0,0,1,3.7,0,0,3.7
31,5,02,31_02,panelist,med,1,0,0,0,3.7,1,0.1,3.8
31,5,03,31_03,panelist,med,1,0,0,0,3.7,0,0,3.7
31,5,04,31_04,panelist,none,1,0,0,1,3.7,1,-0.1,3.6
31,5,05,31_05,panelist,med,1,0,0,0,3.7,1,0.1,3.8
31,5,06,31_06,panelist,high,1,1,0,0,3.7,0,0,3.7
31,5,07,31_07,panelist,med,1,0,0,0,3.7,1,0.1,3.8
31,5,08,31_08,panelist,high,1,1,0,0,3.7,1,0.3,4
31,5,09,31_09,panelist,med,1,0,0,0,3.7,0,0,3.7
31,5,10,31_10,panelist,high,1,1,0,0,3.7,1,-0.1,3.6
31,5,11,31_11,reviewer,med,0,0,0,0,3.7,1,-0.3,3.5
31,5,12,31_12,panelist,high,1,1,0,0,3.7,0,0,3.7
31,5,13,31_13,panelist,low,1,0,1,0,3.7,0,0,3.7
31,5,14,31_14,panelist,high,1,1,0,0,3.7,1,0.1,3.8
31,5,15,31_15,panelist,med,1,0,0,0,3.7,0,0,3.7
31,5,16,31_16,reviewer,low,0,0,1,0,3.7,1,-0.1,3.6
31,5,17,31_17,panelist,low,1,0,1,0,3.7,0,0,3.7
31,5,18,31_18,reviewer,high,0,1,0,0,3.7,1,-0.1,3.6
31,5,19,31_19,panelist,med,1,0,0,0,3.7,0,0,3.7
31,5,20,31_20,panelist,med,1,0,0,0,3.7,0,0,3.7
31,5,21,31_21,panelist,med,1,0,0,0,3.7,0,0,3.7
31,5,22,31_22,panelist,none,1,0,0,1,3.7,0,0,3.7
31,5,23,31_23,panelist,none,1,0,0,1,3.7,0,0,3.7
31,5,24,31_24,panelist,low,1,0,1,0,3.7,1,0.2,3.9
31,6,01,31_01,panelist,none,1,0,0,1,3.5,1,-0.1,3.5
31,6,02,31_02,panelist,none,1,0,0,1,3.5,0,0,3.5
31,6,03,31_03,panelist,high,1,1,0,0,3.5,1,-0.3,3.5
31,6,04,31_04,panelist,low,1,0,1,0,3.5,1,-0.2,3.5
31,6,05,31_05,panelist,low,1,0,1,0,3.5,0,0,3.5
31,6,06,31_06,panelist,none,1,0,0,1,3.5,1,-0.1,3.5
31,6,07,31_07,panelist,med,1,0,0,0,3.5,0,0,3.5
31,6,08,31_08,reviewer,low,0,0,1,0,3.5,0,0,3.5
31,6,09,31_09,panelist,med,1,0,0,0,3.5,0,0,3.5
31,6,10,31_10,panelist,med,1,0,0,0,3.5,1,0.2,3.7
31,6,11,31_11,panelist,med,1,0,0,0,3.5,1,0.2,3.7
31,6,12,31_12,panelist,med,1,0,0,0,3.5,0,0,3.5
31,6,13,31_13,reviewer,low,0,0,1,0,3.5,0,0,3.5
31,6,14,31_14,panelist,med,1,0,0,0,3.5,1,0.1,3.6
31,6,15,31_15,panelist,high,1,1,0,0,3.5,1,-0.1,3.5
31,6,16,31_16,panelist,med,1,0,0,0,3.5,0,0,3.5
31,6,17,31_17,panelist,high,1,1,0,0,3.5,0,0,3.5
31,6,18,31_18,panelist,med,1,0,0,0,3.5,1,0.2,3.7
31,6,19,31_19,panelist,high,1,1,0,0,3.5,1,0.2,3.7
31,6,20,31_20,panelist,high,1,1,0,0,3.5,0,0,3.5
31,6,21,31_21,panelist,high,1,1,0,0,3.5,1,-0.3,3.5
31,6,22,31_22,reviewer,none,0,0,0,1,3.5,0,0,3.5
31,6,23,31_23,panelist,med,1,0,0,0,3.5,0,0,3.5
31,6,24,31_24,panelist,med,1,0,0,0,3.5,0,0,3.5
31,7,01,31_01,panelist,none,1,0,0,1,4,0,0,4
31,7,02,31_02,panelist,low,1,0,1,0,4,0,0,4
31,7,03,31_03,panelist,none,1,0,0,1,4,1,0.2,4.2
31,7,04,31_04,panelist,high,1,1,0,0,4,0,0,4
31,7,05,31_05,panelist,med,1,0,0,0,4,0,0,4
31,7,06,31_06,panelist,med,1,0,0,0,4,0,0,4
31,7,07,31_07,panelist,med,1,0,0,0,4,1,-0.1,3.9
31,7,08,31_08,reviewer,high,0,1,0,0,4,1,-0.1,3.9
31,7,09,31_09,panelist,low,1,0,1,0,4,1,-0.1,3.9
31,7,10,31_10,panelist,med,1,0,0,0,4,1,-0.1,3.9
31,7,11,31_11,panelist,med,1,0,0,0,4,0,0,4
31,7,12,31_12,panelist,high,1,1,0,0,4,0,0,4
31,7,13,31_13,panelist,med,1,0,0,0,4,0,0,4
31,7,14,31_14,panelist,med,1,0,0,0,4,0,0,4
31,7,15,31_15,panelist,high,1,1,0,0,4,0,0,4
31,7,16,31_16,reviewer,med,0,0,0,0,4,0,0,4
31,7,17,31_17,panelist,high,1,1,0,0,4,1,0.1,4.1
31,7,18,31_18,panelist,high,1,1,0,0,4,0,0,4
31,7,19,31_19,reviewer,med,0,0,0,0,4,0,0,4
31,7,20,31_20,panelist,low,1,0,1,0,4,0,0,4
31,7,21,31_21,panelist,none,1,0,0,1,4,1,0.1,4.1
31,7,22,31_22,panelist,low,1,0,1,0,4,0,0,4
31,7,23,31_23,panelist,med,1,0,0,0,4,1,-0.2,3.8
31,7,24,31_24,panelist,none,1,0,0,1,4,0,0,4
31,8,01,31_01,reviewer,med,0,0,0,0,3.5,0,0,3.5
31,8,02,31_02,panelist,med,1,0,0,0,3.5,0,0,3.5
31,8,03,31_03,panelist,high,1,1,0,0,3.5,0,0,3.5
31,8,04,31_04,panelist,high,1,1,0,0,3.5,0,0,3.5
31,8,05,31_05,panelist,med,1,0,0,0,3.5,1,-0.1,3.5
31,8,06,31_06,panelist,med,1,0,0,0,3.5,0,0,3.5
31,8,07,31_07,panelist,none,1,0,0,1,3.5,1,0.1,3.6
31,8,08,31_08,panelist,high,1,1,0,0,3.5,0,0,3.5
31,8,09,31_09,panelist,low,1,0,1,0,3.5,0,0,3.5
31,8,10,31_10,panelist,high,1,1,0,0,3.5,0,0,3.5
31,8,11,31_11,panelist,med,1,0,0,0,3.5,0,0,3.5
31,8,12,31_12,reviewer,med,0,0,0,0,3.5,0,0,3.5
31,8,13,31_13,panelist,none,1,0,0,1,3.5,1,0.2,3.7
31,8,14,31_14,panelist,none,1,0,0,1,3.5,1,0.1,3.6
31,8,15,31_15,panelist,med,1,0,0,0,3.5,0,0,3.5
31,8,16,31_16,panelist,low,1,0,1,0,3.5,1,-0.1,3.5
31,8,17,31_17,panelist,none,1,0,0,1,3.5,0,0,3.5
31,8,18,31_18,reviewer,high,0,1,0,0,3.5,1,-0.1,3.5
31,8,19,31_19,panelist,low,1,0,1,0,3.5,0,0,3.5
31,8,20,31_20,panelist,med,1,0,0,0,3.5,1,-0.1,3.5
31,8,21,31_21,panelist,med,1,0,0,0,3.5,1,-0.2,3.5
31,8,22,31_22,panelist,low,1,0,1,0,3.5,0,0,3.5
31,8,23,31_23,panelist,high,1,1,0,0,3.5,0,0,3.5
31,8,24,31_24,panelist,med,1,0,0,0,3.5,0,0,3.5
31,9,01,31_01,panelist,low,1,0,1,0,4.2,1,-0.3,3.9
31,9,02,31_02,panelist,low,1,0,1,0,4.2,0,0,4.2
31,9,03,31_03,panelist,low,1,0,1,0,4.2,0,0,4.2
31,9,04,31_04,panelist,med,1,0,0,0,4.2,0,0,4.2
31,9,05,31_05,panelist,low,1,0,1,0,4.2,1,-0.1,4.1
31,9,06,31_06,panelist,none,1,0,0,1,4.2,1,-0.2,4
31,9,07,31_07,reviewer,med,0,0,0,0,4.2,0,0,4.2
31,9,08,31_08,panelist,high,1,1,0,0,4.2,0,0,4.2
31,9,09,31_09,panelist,med,1,0,0,0,4.2,0,0,4.2
31,9,10,31_10,reviewer,high,0,1,0,0,4.2,1,-0.2,4
31,9,11,31_11,panelist,med,1,0,0,0,4.2,0,0,4.2
31,9,12,31_12,reviewer,med,0,0,0,0,4.2,1,0.1,4.3
31,9,13,31_13,panelist,high,1,1,0,0,4.2,0,0,4.2
31,9,14,31_14,panelist,med,1,0,0,0,4.2,1,-0.1,4.1
31,9,15,31_15,panelist,med,1,0,0,0,4.2,0,0,4.2
31,9,16,31_16,panelist,high,1,1,0,0,4.2,1,0.1,4.3
31,9,17,31_17,panelist,none,1,0,0,1,4.2,0,0,4.2
31,9,18,31_18,panelist,med,1,0,0,0,4.2,0,0,4.2
31,9,19,31_19,panelist,high,1,1,0,0,4.2,0,0,4.2
31,9,20,31_20,panelist,med,1,0,0,0,4.2,0,0,4.2
31,9,21,31_21,panelist,high,1,1,0,0,4.2,1,-0.1,4.1
31,9,22,31_22,panelist,med,1,0,0,0,4.2,0,0,4.2
31,9,23,31_23,panelist,none,1,0,0,1,4.2,1,-0.2,4
31,9,24,31_24,panelist,none,1,0,0,1,4.2,0,0,4.2
31,10,01,31_01,panelist,low,1,0,1,0,4.6,0,0,4.6
31,10,02,31_02,panelist,high,1,1,0,0,4.6,0,0,4.6
31,10,03,31_03,panelist,none,1,0,0,1,4.6,1,0.4,4.9
31,10,04,31_04,panelist,high,1,1,0,0,4.6,1,-0.2,4.4
31,10,05,31_05,panelist,med,1,0,0,0,4.6,1,0.1,4.7
31,10,06,31_06,panelist,med,1,0,0,0,4.6,1,0.1,4.7
31,10,07,31_07,panelist,low,1,0,1,0,4.6,0,0,4.6
31,10,08,31_08,panelist,none,1,0,0,1,4.6,0,0,4.6
31,10,09,31_09,panelist,high,1,1,0,0,4.6,0,0,4.6
31,10,10,31_10,panelist,med,1,0,0,0,4.6,0,0,4.6
31,10,11,31_11,panelist,med,1,0,0,0,4.6,0,0,4.6
31,10,12,31_12,reviewer,high,0,1,0,0,4.6,0,0,4.6
31,10,13,31_13,reviewer,none,0,0,0,1,4.6,0,0,4.6
31,10,14,31_14,panelist,low,1,0,1,0,4.6,0,0,4.6
31,10,15,31_15,panelist,high,1,1,0,0,4.6,1,0.2,4.8
31,10,16,31_16,panelist,med,1,0,0,0,4.6,0,0,4.6
31,10,17,31_17,panelist,none,1,0,0,1,4.6,0,0,4.6
31,10,18,31_18,panelist,high,1,1,0,0,4.6,0,0,4.6
31,10,19,31_19,panelist,med,1,0,0,0,4.6,0,0,4.6
31,10,20,31_20,panelist,med,1,0,0,0,4.6,1,0.1,4.7
31,10,21,31_21,reviewer,med,0,0,0,0,4.6,0,0,4.6
31,10,22,31_22,panelist,med,1,0,0,0,4.6,1,0.1,4.7
31,10,23,31_23,panelist,med,1,0,0,0,4.6,1,-0.1,4.5
31,10,24,31_24,panelist,low,1,0,1,0,4.6,1,0.1,4.7
31,11,01,31_01,panelist,none,1,0,0,1,4.2,1,-0.1,4.1
31,11,02,31_02,panelist,low,1,0,1,0,4.2,0,0,4.2
31,11,03,31_03,panelist,med,1,0,0,0,4.2,0,0,4.2
31,11,04,31_04,panelist,none,1,0,0,1,4.2,0,0,4.2
31,11,05,31_05,panelist,med,1,0,0,0,4.2,0,0,4.2
31,11,06,31_06,panelist,med,1,0,0,0,4.2,0,0,4.2
31,11,07,31_07,panelist,high,1,1,0,0,4.2,0,0,4.2
31,11,08,31_08,panelist,med,1,0,0,0,4.2,0,0,4.2
31,11,09,31_09,panelist,high,1,1,0,0,4.2,0,0,4.2
31,11,10,31_10,panelist,med,1,0,0,0,4.2,1,-0.2,4
31,11,11,31_11,reviewer,med,0,0,0,0,4.2,1,0.1,4.3
31,11,12,31_12,panelist,med,1,0,0,0,4.2,0,0,4.2
31,11,13,31_13,panelist,high,1,1,0,0,4.2,1,0.1,4.3
31,11,14,31_14,panelist,high,1,1,0,0,4.2,1,0.2,4.4
31,11,15,31_15,panelist,low,1,0,1,0,4.2,1,0.1,4.3
31,11,16,31_16,reviewer,low,0,0,1,0,4.2,1,0.1,4.3
31,11,17,31_17,panelist,high,1,1,0,0,4.2,0,0,4.2
31,11,18,31_18,panelist,med,1,0,0,0,4.2,0,0,4.2
31,11,19,31_19,panelist,med,1,0,0,0,4.2,0,0,4.2
31,11,20,31_20,panelist,low,1,0,1,0,4.2,1,0.1,4.3
31,11,21,31_21,panelist,high,1,1,0,0,4.2,1,0.1,4.3
31,11,22,31_22,reviewer,none,0,0,0,1,4.2,1,0.2,4.4
31,11,23,31_23,panelist,med,1,0,0,0,4.2,1,0.2,4.4
31,11,24,31_24,panelist,none,1,0,0,1,4.2,1,0.1,4.3
31,12,01,31_01,panelist,none,1,0,0,1,4.9,0,0,4.9
31,12,02,31_02,panelist,med,1,0,0,0,4.9,1,-0.1,4.8
31,12,03,31_03,panelist,low,1,0,1,0,4.9,0,0,4.9
31,12,04,31_04,panelist,none,1,0,0,1,4.9,1,0.2,4.9
31,12,05,31_05,panelist,high,1,1,0,0,4.9,0,0,4.9
31,12,06,31_06,panelist,high,1,1,0,0,4.9,0,0,4.9
31,12,07,31_07,panelist,high,1,1,0,0,4.9,0,0,4.9
31,12,08,31_08,panelist,med,1,0,0,0,4.9,0,0,4.9
31,12,09,31_09,panelist,none,1,0,0,1,4.9,1,-0.1,4.8
31,12,10,31_10,reviewer,none,0,0,0,1,4.9,1,-0.3,4.6
31,12,11,31_11,reviewer,med,0,0,0,0,4.9,1,-0.2,4.7
31,12,12,31_12,panelist,high,1,1,0,0,4.9,0,0,4.9
31,12,13,31_13,reviewer,med,0,0,0,0,4.9,0,0,4.9
31,12,14,31_14,panelist,low,1,0,1,0,4.9,0,0,4.9
31,12,15,31_15,panelist,med,1,0,0,0,4.9,1,0.2,4.9
31,12,16,31_16,panelist,med,1,0,0,0,4.9,0,0,4.9
31,12,17,31_17,panelist,high,1,1,0,0,4.9,1,0.1,4.9
31,12,18,31_18,panelist,low,1,0,1,0,4.9,1,0.1,4.9
31,12,19,31_19,panelist,high,1,1,0,0,4.9,1,0.1,4.9
31,12,20,31_20,panelist,med,1,0,0,0,4.9,0,0,4.9
31,12,21,31_21,panelist,med,1,0,0,0,4.9,0,0,4.9
31,12,22,31_22,panelist,med,1,0,0,0,4.9,1,0.2,4.9
31,12,23,31_23,panelist,med,1,0,0,0,4.9,1,0.1,4.9
31,12,24,31_24,panelist,low,1,0,1,0,4.9,1,-0.1,4.8
31,13,01,31_01,panelist,med,1,0,0,0,4.6,1,0.2,4.8
31,13,02,31_02,panelist,med,1,0,0,0,4.6,1,0.3,4.9
31,13,03,31_03,panelist,high,1,1,0,0,4.6,0,0,4.6
31,13,04,31_04,panelist,high,1,1,0,0,4.6,1,0.2,4.8
31,13,05,31_05,panelist,high,1,1,0,0,4.6,1,0.1,4.7
31,13,06,31_06,reviewer,med,0,0,0,0,4.6,0,0,4.6
31,13,07,31_07,reviewer,none,0,0,0,1,4.6,0,0,4.6
31,13,08,31_08,panelist,high,1,1,0,0,4.6,1,0.1,4.7
31,13,09,31_09,panelist,none,1,0,0,1,4.6,0,0,4.6
31,13,10,31_10,panelist,med,1,0,0,0,4.6,1,0.2,4.8
31,13,11,31_11,panelist,med,1,0,0,0,4.6,1,-0.1,4.5
31,13,12,31_12,panelist,low,1,0,1,0,4.6,0,0,4.6
31,13,13,31_13,panelist,high,1,1,0,0,4.6,0,0,4.6
31,13,14,31_14,panelist,none,1,0,0,1,4.6,0,0,4.6
31,13,15,31_15,panelist,med,1,0,0,0,4.6,0,0,4.6
31,13,16,31_16,panelist,low,1,0,1,0,4.6,0,0,4.6
31,13,17,31_17,panelist,med,1,0,0,0,4.6,1,0.1,4.7
31,13,18,31_18,panelist,low,1,0,1,0,4.6,0,0,4.6
31,13,19,31_19,panelist,med,1,0,0,0,4.6,0,0,4.6
31,13,20,31_20,panelist,med,1,0,0,0,4.6,0,0,4.6
31,13,21,31_21,panelist,none,1,0,0,1,4.6,0,0,4.6
31,13,22,31_22,panelist,high,1,1,0,0,4.6,1,0.2,4.8
31,13,23,31_23,reviewer,low,0,0,1,0,4.6,0,0,4.6
31,13,24,31_24,panelist,med,1,0,0,0,4.6,1,0.1,4.7
31,14,01,31_01,panelist,med,1,0,0,0,3.6,1,0.2,3.8
31,14,02,31_02,panelist,none,1,0,0,1,3.6,1,0.1,3.7
31,14,03,31_03,panelist,med,1,0,0,0,3.6,0,0,3.6
31,14,04,31_04,panelist,high,1,1,0,0,3.6,0,0,3.6
31,14,05,31_05,panelist,low,1,0,1,0,3.6,1,0.2,3.8
31,14,06,31_06,panelist,med,1,0,0,0,3.6,1,0.1,3.7
31,14,07,31_07,panelist,med,1,0,0,0,3.6,1,0.3,3.9
31,14,08,31_08,panelist,none,1,0,0,1,3.6,1,-0.2,3.5
31,14,09,31_09,panelist,low,1,0,1,0,3.6,0,0,3.6
31,14,10,31_10,panelist,med,1,0,0,0,3.6,1,-0.2,3.5
31,14,11,31_11,panelist,high,1,1,0,0,3.6,0,0,3.6
31,14,12,31_12,panelist,med,1,0,0,0,3.6,0,0,3.6
31,14,13,31_13,panelist,high,1,1,0,0,3.6,0,0,3.6
31,14,14,31_14,panelist,low,1,0,1,0,3.6,1,0.1,3.7
31,14,15,31_15,panelist,med,1,0,0,0,3.6,0,0,3.6
31,14,16,31_16,panelist,none,1,0,0,1,3.6,0,0,3.6
31,14,17,31_17,reviewer,low,0,0,1,0,3.6,1,0.1,3.7
31,14,18,31_18,reviewer,med,0,0,0,0,3.6,0,0,3.6
31,14,19,31_19,reviewer,high,0,1,0,0,3.6,0,0,3.6
31,14,20,31_20,panelist,high,1,1,0,0,3.6,0,0,3.6
31,14,21,31_21,panelist,none,1,0,0,1,3.6,1,-0.1,3.5
31,14,22,31_22,panelist,med,1,0,0,0,3.6,0,0,3.6
31,14,23,31_23,panelist,high,1,1,0,0,3.6,1,0.2,3.8
31,14,24,31_24,panelist,med,1,0,0,0,3.6,1,-0.2,3.5
31,15,01,31_01,panelist,none,1,0,0,1,4.4,0,0,4.4
31,15,02,31_02,panelist,low,1,0,1,0,4.4,1,0.3,4.7
31,15,03,31_03,panelist,none,1,0,0,1,4.4,0,0,4.4
31,15,04,31_04,panelist,med,1,0,0,0,4.4,0,0,4.4
31,15,05,31_05,reviewer,med,0,0,0,0,4.4,1,0.2,4.6
31,15,06,31_06,panelist,none,1,0,0,1,4.4,0,0,4.4
31,15,07,31_07,panelist,high,1,1,0,0,4.4,0,0,4.4
31,15,08,31_08,panelist,med,1,0,0,0,4.4,1,-0.2,4.2
31,15,09,31_09,reviewer,none,0,0,0,1,4.4,0,0,4.4
31,15,10,31_10,panelist,high,1,1,0,0,4.4,0,0,4.4
31,15,11,31_11,panelist,high,1,1,0,0,4.4,0,0,4.4
31,15,12,31_12,panelist,med,1,0,0,0,4.4,0,0,4.4
31,15,13,31_13,panelist,med,1,0,0,0,4.4,0,0,4.4
31,15,14,31_14,panelist,med,1,0,0,0,4.4,0,0,4.4
31,15,15,31_15,panelist,low,1,0,1,0,4.4,0,0,4.4
31,15,16,31_16,panelist,high,1,1,0,0,4.4,0,0,4.4
31,15,17,31_17,reviewer,high,0,1,0,0,4.4,0,0,4.4
31,15,18,31_18,panelist,med,1,0,0,0,4.4,0,0,4.4
31,15,19,31_19,panelist,low,1,0,1,0,4.4,1,-0.2,4.2
31,15,20,31_20,panelist,med,1,0,0,0,4.4,0,0,4.4
31,15,21,31_21,panelist,med,1,0,0,0,4.4,0,0,4.4
31,15,22,31_22,panelist,med,1,0,0,0,4.4,0,0,4.4
31,15,23,31_23,panelist,high,1,1,0,0,4.4,0,0,4.4
31,15,24,31_24,panelist,low,1,0,1,0,4.4,0,0,4.4
32,1,01,32_01,panelist,high,1,1,0,0,3.7,0,0,3.7
32,1,02,32_02,panelist,none,1,0,0,1,3.7,0,0,3.7
32,1,03,32_03,panelist,med,1,0,0,0,3.7,1,-0.1,3.6
32,1,04,32_04,panelist,low,1,0,1,0,3.7,1,0.1,3.8
32,1,05,32_05,panelist,high,1,1,0,0,3.7,0,0,3.7
32,1,06,32_06,panelist,low,1,0,1,0,3.7,0,0,3.7
32,1,07,32_07,panelist,med,1,0,0,0,3.7,1,0.2,3.9
32,1,08,32_08,panelist,high,1,1,0,0,3.7,0,0,3.7
32,1,09,32_09,reviewer,med,0,0,0,0,3.7,0,0,3.7
32,1,10,32_10,panelist,med,1,0,0,0,3.7,1,0.1,3.8
32,1,11,32_11,panelist,med,1,0,0,0,3.7,0,0,3.7
32,1,12,32_12,panelist,none,1,0,0,1,3.7,0,0,3.7
32,1,13,32_13,panelist,med,1,0,0,0,3.7,0,0,3.7
32,1,14,32_14,panelist,none,1,0,0,1,3.7,0,0,3.7
32,1,15,32_15,panelist,med,1,0,0,0,3.7,1,-0.1,3.6
32,1,16,32_16,panelist,high,1,1,0,0,3.7,0,0,3.7
32,1,17,32_17,reviewer,med,0,0,0,0,3.7,1,-0.1,3.6
32,1,18,32_18,panelist,med,1,0,0,0,3.7,0,0,3.7
32,1,19,32_19,panelist,high,1,1,0,0,3.7,1,0.2,3.9
32,1,20,32_20,panelist,high,1,1,0,0,3.7,0,0,3.7
32,1,21,32_21,panelist,low,1,0,1,0,3.7,1,0.1,3.8
32,1,22,32_22,panelist,med,1,0,0,0,3.7,0,0,3.7
32,1,23,32_23,reviewer,low,0,0,1,0,3.7,0,0,3.7
32,1,24,32_24,panelist,none,1,0,0,1,3.7,1,0.1,3.8
32,2,01,32_01,panelist,med,1,0,0,0,4.3,1,-0.1,4.2
32,2,02,32_02,panelist,low,1,0,1,0,4.3,1,0.3,4.6
32,2,03,32_03,panelist,high,1,1,0,0,4.3,1,0.1,4.4
32,2,04,32_04,panelist,med,1,0,0,0,4.3,0,0,4.3
32,2,05,32_05,panelist,high,1,1,0,0,4.3,0,0,4.3
32,2,06,32_06,reviewer,none,0,0,0,1,4.3,0,0,4.3
32,2,07,32_07,panelist,med,1,0,0,0,4.3,0,0,4.3
32,2,08,32_08,panelist,med,1,0,0,0,4.3,1,0.2,4.5
32,2,09,32_09,reviewer,high,0,1,0,0,4.3,0,0,4.3
32,2,10,32_10,panelist,med,1,0,0,0,4.3,0,0,4.3
32,2,11,32_11,panelist,med,1,0,0,0,4.3,1,0.2,4.5
32,2,12,32_12,panelist,none,1,0,0,1,4.3,1,-0.2,4.1
32,2,13,32_13,panelist,none,1,0,0,1,4.3,1,0.2,4.5
32,2,14,32_14,reviewer,high,0,1,0,0,4.3,1,0.1,4.4
32,2,15,32_15,panelist,high,1,1,0,0,4.3,0,0,4.3
32,2,16,32_16,panelist,low,1,0,1,0,4.3,0,0,4.3
32,2,17,32_17,panelist,med,1,0,0,0,4.3,0,0,4.3
32,2,18,32_18,panelist,none,1,0,0,1,4.3,1,0.2,4.5
32,2,19,32_19,panelist,low,1,0,1,0,4.3,0,0,4.3
32,2,20,32_20,panelist,high,1,1,0,0,4.3,0,0,4.3
32,2,21,32_21,panelist,med,1,0,0,0,4.3,1,-0.1,4.2
32,2,22,32_22,panelist,med,1,0,0,0,4.3,0,0,4.3
32,2,23,32_23,panelist,low,1,0,1,0,4.3,0,0,4.3
32,2,24,32_24,panelist,med,1,0,0,0,4.3,0,0,4.3
32,3,01,32_01,panelist,high,1,1,0,0,4.2,0,0,4.2
32,3,02,32_02,panelist,high,1,1,0,0,4.2,1,0.1,4.3
32,3,03,32_03,panelist,low,1,0,1,0,4.2,0,0,4.2
32,3,04,32_04,panelist,none,1,0,0,1,4.2,0,0,4.2
32,3,05,32_05,reviewer,low,0,0,1,0,4.2,1,-0.1,4.1
32,3,06,32_06,panelist,high,1,1,0,0,4.2,1,-0.1,4.1
32,3,07,32_07,panelist,med,1,0,0,0,4.2,0,0,4.2
32,3,08,32_08,panelist,med,1,0,0,0,4.2,0,0,4.2
32,3,09,32_09,panelist,high,1,1,0,0,4.2,1,-0.3,3.9
32,3,10,32_10,panelist,med,1,0,0,0,4.2,0,0,4.2
32,3,11,32_11,panelist,med,1,0,0,0,4.2,0,0,4.2
32,3,12,32_12,reviewer,low,0,0,1,0,4.2,0,0,4.2
32,3,13,32_13,panelist,high,1,1,0,0,4.2,0,0,4.2
32,3,14,32_14,panelist,high,1,1,0,0,4.2,0,0,4.2
32,3,15,32_15,panelist,none,1,0,0,1,4.2,0,0,4.2
32,3,16,32_16,panelist,med,1,0,0,0,4.2,0,0,4.2
32,3,17,32_17,reviewer,med,0,0,0,0,4.2,1,-0.1,4.1
32,3,18,32_18,panelist,none,1,0,0,1,4.2,0,0,4.2
32,3,19,32_19,panelist,med,1,0,0,0,4.2,1,0.2,4.4
32,3,20,32_20,panelist,med,1,0,0,0,4.2,0,0,4.2
32,3,21,32_21,panelist,med,1,0,0,0,4.2,0,0,4.2
32,3,22,32_22,panelist,low,1,0,1,0,4.2,1,0.2,4.4
32,3,23,32_23,panelist,none,1,0,0,1,4.2,1,-0.1,4.1
32,3,24,32_24,panelist,med,1,0,0,0,4.2,1,0.2,4.4
32,4,01,32_01,panelist,med,1,0,0,0,3.8,0,0,3.8
32,4,02,32_02,panelist,med,1,0,0,0,3.8,0,0,3.8
32,4,03,32_03,panelist,high,1,1,0,0,3.8,0,0,3.8
32,4,04,32_04,panelist,high,1,1,0,0,3.8,0,0,3.8
32,4,05,32_05,panelist,med,1,0,0,0,3.8,1,-0.3,3.5
32,4,06,32_06,panelist,med,1,0,0,0,3.8,1,-0.3,3.5
32,4,07,32_07,panelist,low,1,0,1,0,3.8,1,-0.3,3.5
32,4,08,32_08,reviewer,high,0,1,0,0,3.8,0,0,3.8
32,4,09,32_09,panelist,med,1,0,0,0,3.8,0,0,3.8
32,4,10,32_10,panelist,high,1,1,0,0,3.8,1,-0.2,3.6
32,4,11,32_11,panelist,med,1,0,0,0,3.8,0,0,3.8
32,4,12,32_12,panelist,none,1,0,0,1,3.8,1,-0.1,3.7
32,4,13,32_13,panelist,med,1,0,0,0,3.8,0,0,3.8
32,4,14,32_14,panelist,none,1,0,0,1,3.8,0,0,3.8
32,4,15,32_15,panelist,low,1,0,1,0,3.8,0,0,3.8
32,4,16,32_16,panelist,none,1,0,0,1,3.8,1,-0.1,3.7
32,4,17,32_17,reviewer,none,0,0,0,1,3.8,0,0,3.8
32,4,18,32_18,panelist,low,1,0,1,0,3.8,1,0.1,3.9
32,4,19,32_19,panelist,high,1,1,0,0,3.8,1,0.1,3.9
32,4,20,32_20,panelist,low,1,0,1,0,3.8,0,0,3.8
32,4,21,32_21,reviewer,med,0,0,0,0,3.8,0,0,3.8
32,4,22,32_22,panelist,med,1,0,0,0,3.8,1,0.2,4
32,4,23,32_23,panelist,high,1,1,0,0,3.8,0,0,3.8
32,4,24,32_24,panelist,med,1,0,0,0,3.8,1,-0.1,3.7
32,5,01,32_01,panelist,low,1,0,1,0,3.8,0,0,3.8
32,5,02,32_02,panelist,none,1,0,0,1,3.8,1,-0.1,3.7
32,5,03,32_03,reviewer,high,0,1,0,0,3.8,0,0,3.8
32,5,04,32_04,panelist,high,1,1,0,0,3.8,0,0,3.8
32,5,05,32_05,panelist,high,1,1,0,0,3.8,0,0,3.8
32,5,06,32_06,panelist,med,1,0,0,0,3.8,0,0,3.8
32,5,07,32_07,reviewer,med,0,0,0,0,3.8,0,0,3.8
32,5,08,32_08,panelist,none,1,0,0,1,3.8,1,-0.1,3.7
32,5,09,32_09,panelist,med,1,0,0,0,3.8,0,0,3.8
32,5,10,32_10,panelist,low,1,0,1,0,3.8,0,0,3.8
32,5,11,32_11,panelist,med,1,0,0,0,3.8,1,-0.4,3.5
32,5,12,32_12,panelist,high,1,1,0,0,3.8,0,0,3.8
32,5,13,32_13,panelist,med,1,0,0,0,3.8,1,-0.1,3.7
32,5,14,32_14,panelist,med,1,0,0,0,3.8,1,-0.1,3.7
32,5,15,32_15,panelist,low,1,0,1,0,3.8,1,-0.2,3.6
32,5,16,32_16,panelist,none,1,0,0,1,3.8,0,0,3.8
32,5,17,32_17,panelist,none,1,0,0,1,3.8,1,-0.1,3.7
32,5,18,32_18,panelist,med,1,0,0,0,3.8,0,0,3.8
32,5,19,32_19,panelist,med,1,0,0,0,3.8,0,0,3.8
32,5,20,32_20,panelist,high,1,1,0,0,3.8,0,0,3.8
32,5,21,32_21,reviewer,low,0,0,1,0,3.8,1,0.2,4
32,5,22,32_22,panelist,high,1,1,0,0,3.8,0,0,3.8
32,5,23,32_23,panelist,med,1,0,0,0,3.8,1,-0.3,3.5
32,5,24,32_24,panelist,med,1,0,0,0,3.8,0,0,3.8
32,6,01,32_01,reviewer,low,0,0,1,0,3.5,0,0,3.5
32,6,02,32_02,panelist,med,1,0,0,0,3.5,0,0,3.5
32,6,03,32_03,panelist,med,1,0,0,0,3.5,0,0,3.5
32,6,04,32_04,panelist,high,1,1,0,0,3.5,0,0,3.5
32,6,05,32_05,panelist,med,1,0,0,0,3.5,1,0.1,3.6
32,6,06,32_06,panelist,med,1,0,0,0,3.5,1,-0.5,3.5
32,6,07,32_07,panelist,med,1,0,0,0,3.5,0,0,3.5
32,6,08,32_08,panelist,med,1,0,0,0,3.5,1,0.1,3.6
32,6,09,32_09,panelist,low,1,0,1,0,3.5,0,0,3.5
32,6,10,32_10,panelist,high,1,1,0,0,3.5,1,0.1,3.6
32,6,11,32_11,panelist,med,1,0,0,0,3.5,1,-0.1,3.5
32,6,12,32_12,panelist,med,1,0,0,0,3.5,0,0,3.5
32,6,13,32_13,panelist,high,1,1,0,0,3.5,0,0,3.5
32,6,14,32_14,panelist,low,1,0,1,0,3.5,0,0,3.5
32,6,15,32_15,panelist,high,1,1,0,0,3.5,0,0,3.5
32,6,16,32_16,panelist,low,1,0,1,0,3.5,1,-0.2,3.5
32,6,17,32_17,panelist,none,1,0,0,1,3.5,0,0,3.5
32,6,18,32_18,panelist,none,1,0,0,1,3.5,1,0.1,3.6
32,6,19,32_19,panelist,none,1,0,0,1,3.5,1,-0.2,3.5
32,6,20,32_20,panelist,med,1,0,0,0,3.5,0,0,3.5
32,6,21,32_21,reviewer,none,0,0,0,1,3.5,1,-0.2,3.5
32,6,22,32_22,panelist,med,1,0,0,0,3.5,1,0.1,3.6
32,6,23,32_23,panelist,high,1,1,0,0,3.5,0,0,3.5
32,6,24,32_24,reviewer,high,0,1,0,0,3.5,0,0,3.5
32,7,01,32_01,panelist,med,1,0,0,0,4,0,0,4
32,7,02,32_02,panelist,low,1,0,1,0,4,0,0,4
32,7,03,32_03,panelist,med,1,0,0,0,4,1,0.1,4.1
32,7,04,32_04,reviewer,high,0,1,0,0,4,0,0,4
32,7,05,32_05,panelist,high,1,1,0,0,4,0,0,4
32,7,06,32_06,panelist,med,1,0,0,0,4,0,0,4
32,7,07,32_07,panelist,low,1,0,1,0,4,0,0,4
32,7,08,32_08,panelist,med,1,0,0,0,4,1,-0.1,3.9
32,7,09,32_09,reviewer,med,0,0,0,0,4,0,0,4
32,7,10,32_10,panelist,med,1,0,0,0,4,1,-0.2,3.8
32,7,11,32_11,panelist,none,1,0,0,1,4,1,0.2,4.2
32,7,12,32_12,panelist,high,1,1,0,0,4,0,0,4
32,7,13,32_13,panelist,none,1,0,0,1,4,0,0,4
32,7,14,32_14,panelist,high,1,1,0,0,4,0,0,4
32,7,15,32_15,panelist,med,1,0,0,0,4,0,0,4
32,7,16,32_16,panelist,med,1,0,0,0,4,0,0,4
32,7,17,32_17,panelist,med,1,0,0,0,4,0,0,4
32,7,18,32_18,panelist,high,1,1,0,0,4,0,0,4
32,7,19,32_19,panelist,none,1,0,0,1,4,0,0,4
32,7,20,32_20,reviewer,none,0,0,0,1,4,0,0,4
32,7,21,32_21,panelist,high,1,1,0,0,4,0,0,4
32,7,22,32_22,panelist,low,1,0,1,0,4,0,0,4
32,7,23,32_23,panelist,low,1,0,1,0,4,1,0.1,4.1
32,7,24,32_24,panelist,med,1,0,0,0,4,0,0,4
32,8,01,32_01,panelist,med,1,0,0,0,3.5,0,0,3.5
32,8,02,32_02,panelist,low,1,0,1,0,3.5,0,0,3.5
32,8,03,32_03,panelist,high,1,1,0,0,3.5,0,0,3.5
32,8,04,32_04,reviewer,high,0,1,0,0,3.5,0,0,3.5
32,8,05,32_05,panelist,none,1,0,0,1,3.5,1,0.1,3.6
32,8,06,32_06,panelist,none,1,0,0,1,3.5,1,0.1,3.6
32,8,07,32_07,panelist,low,1,0,1,0,3.5,1,0.2,3.7
32,8,08,32_08,panelist,low,1,0,1,0,3.5,1,-0.1,3.5
32,8,09,32_09,reviewer,high,0,1,0,0,3.5,0,0,3.5
32,8,10,32_10,panelist,med,1,0,0,0,3.5,0,0,3.5
32,8,11,32_11,panelist,low,1,0,1,0,3.5,0,0,3.5
32,8,12,32_12,panelist,none,1,0,0,1,3.5,0,0,3.5
32,8,13,32_13,panelist,med,1,0,0,0,3.5,0,0,3.5
32,8,14,32_14,panelist,none,1,0,0,1,3.5,0,0,3.5
32,8,15,32_15,panelist,high,1,1,0,0,3.5,1,0.1,3.6
32,8,16,32_16,panelist,med,1,0,0,0,3.5,1,0.2,3.7
32,8,17,32_17,panelist,high,1,1,0,0,3.5,0,0,3.5
32,8,18,32_18,panelist,med,1,0,0,0,3.5,0,0,3.5
32,8,19,32_19,panelist,med,1,0,0,0,3.5,0,0,3.5
32,8,20,32_20,panelist,med,1,0,0,0,3.5,0,0,3.5
32,8,21,32_21,panelist,med,1,0,0,0,3.5,0,0,3.5
32,8,22,32_22,panelist,high,1,1,0,0,3.5,0,0,3.5
32,8,23,32_23,panelist,med,1,0,0,0,3.5,0,0,3.5
32,8,24,32_24,reviewer,med,0,0,0,0,3.5,0,0,3.5
32,9,01,32_01,panelist,med,1,0,0,0,4.3,1,0.1,4.4
32,9,02,32_02,panelist,med,1,0,0,0,4.3,0,0,4.3
32,9,03,32_03,reviewer,none,0,0,0,1,4.3,1,0.1,4.4
32,9,04,32_04,panelist,med,1,0,0,0,4.3,1,0.1,4.4
32,9,05,32_05,panelist,high,1,1,0,0,4.3,0,0,4.3
32,9,06,32_06,panelist,med,1,0,0,0,4.3,0,0,4.3
32,9,07,32_07,panelist,med,1,0,0,0,4.3,0,0,4.3
32,9,08,32_08,panelist,med,1,0,0,0,4.3,0,0,4.3
32,9,09,32_09,panelist,med,1,0,0,0,4.3,0,0,4.3
32,9,10,32_10,panelist,low,1,0,1,0,4.3,0,0,4.3
32,9,11,32_11,panelist,low,1,0,1,0,4.3,0,0,4.3
32,9,12,32_12,panelist,none,1,0,0,1,4.3,0,0,4.3
32,9,13,32_13,panelist,high,1,1,0,0,4.3,0,0,4.3
32,9,14,32_14,panelist,none,1,0,0,1,4.3,0,0,4.3
32,9,15,32_15,panelist,high,1,1,0,0,4.3,0,0,4.3
32,9,16,32_16,panelist,high,1,1,0,0,4.3,0,0,4.3
32,9,17,32_17,panelist,med,1,0,0,0,4.3,1,0.1,4.4
32,9,18,32_18,panelist,high,1,1,0,0,4.3,0,0,4.3
32,9,19,32_19,panelist,low,1,0,1,0,4.3,1,-0.2,4.1
32,9,20,32_20,panelist,low,1,0,1,0,4.3,0,0,4.3
32,9,21,32_21,reviewer,none,0,0,0,1,4.3,1,-0.2,4.1
32,9,22,32_22,panelist,high,1,1,0,0,4.3,0,0,4.3
32,9,23,32_23,panelist,med,1,0,0,0,4.3,0,0,4.3
32,9,24,32_24,reviewer,med,0,0,0,0,4.3,1,-0.1,4.2
32,10,01,32_01,panelist,low,1,0,1,0,4.6,1,-0.2,4.4
32,10,02,32_02,panelist,high,1,1,0,0,4.6,0,0,4.6
32,10,03,32_03,panelist,high,1,1,0,0,4.6,0,0,4.6
32,10,04,32_04,reviewer,high,0,1,0,0,4.6,0,0,4.6
32,10,05,32_05,panelist,med,1,0,0,0,4.6,1,0.1,4.7
32,10,06,32_06,panelist,low,1,0,1,0,4.6,1,-0.1,4.5
32,10,07,32_07,panelist,high,1,1,0,0,4.6,1,0.2,4.8
32,10,08,32_08,panelist,low,1,0,1,0,4.6,0,0,4.6
32,10,09,32_09,reviewer,high,0,1,0,0,4.6,1,0.1,4.7
32,10,10,32_10,panelist,med,1,0,0,0,4.6,0,0,4.6
32,10,11,32_11,panelist,low,1,0,1,0,4.6,1,-0.1,4.5
32,10,12,32_12,panelist,med,1,0,0,0,4.6,1,0.1,4.7
32,10,13,32_13,reviewer,high,0,1,0,0,4.6,1,0.2,4.8
32,10,14,32_14,panelist,med,1,0,0,0,4.6,1,-0.1,4.5
32,10,15,32_15,panelist,med,1,0,0,0,4.6,0,0,4.6
32,10,16,32_16,panelist,med,1,0,0,0,4.6,1,-0.1,4.5
32,10,17,32_17,panelist,none,1,0,0,1,4.6,0,0,4.6
32,10,18,32_18,panelist,none,1,0,0,1,4.6,1,-0.1,4.5
32,10,19,32_19,panelist,med,1,0,0,0,4.6,0,0,4.6
32,10,20,32_20,panelist,none,1,0,0,1,4.6,1,0.2,4.8
32,10,21,32_21,panelist,none,1,0,0,1,4.6,1,0.3,4.9
32,10,22,32_22,panelist,med,1,0,0,0,4.6,0,0,4.6
32,10,23,32_23,panelist,med,1,0,0,0,4.6,0,0,4.6
32,10,24,32_24,panelist,med,1,0,0,0,4.6,0,0,4.6
32,11,01,32_01,panelist,med,1,0,0,0,4.2,1,0.2,4.4
32,11,02,32_02,panelist,high,1,1,0,0,4.2,0,0,4.2
32,11,03,32_03,reviewer,high,0,1,0,0,4.2,0,0,4.2
32,11,04,32_04,panelist,med,1,0,0,0,4.2,1,-0.3,3.9
32,11,05,32_05,panelist,none,1,0,0,1,4.2,1,-0.1,4.1
32,11,06,32_06,panelist,high,1,1,0,0,4.2,0,0,4.2
32,11,07,32_07,panelist,high,1,1,0,0,4.2,0,0,4.2
32,11,08,32_08,panelist,none,1,0,0,1,4.2,1,-0.3,3.9
32,11,09,32_09,panelist,med,1,0,0,0,4.2,0,0,4.2
32,11,10,32_10,panelist,med,1,0,0,0,4.2,0,0,4.2
32,11,11,32_11,panelist,med,1,0,0,0,4.2,1,0.2,4.4
32,11,12,32_12,panelist,none,1,0,0,1,4.2,1,-0.2,4
32,11,13,32_13,panelist,med,1,0,0,0,4.2,1,-0.1,4.1
32,11,14,32_14,panelist,med,1,0,0,0,4.2,0,0,4.2
32,11,15,32_15,panelist,low,1,0,1,0,4.2,1,-0.1,4.1
32,11,16,32_16,panelist,med,1,0,0,0,4.2,0,0,4.2
32,11,17,32_17,panelist,high,1,1,0,0,4.2,0,0,4.2
32,11,18,32_18,panelist,low,1,0,1,0,4.2,1,-0.1,4.1
32,11,19,32_19,reviewer,low,0,0,1,0,4.2,0,0,4.2
32,11,20,32_20,panelist,high,1,1,0,0,4.2,0,0,4.2
32,11,21,32_21,panelist,none,1,0,0,1,4.2,1,0.1,4.3
32,11,22,32_22,reviewer,med,0,0,0,0,4.2,0,0,4.2
32,11,23,32_23,panelist,med,1,0,0,0,4.2,0,0,4.2
32,11,24,32_24,panelist,low,1,0,1,0,4.2,1,-0.1,4.1
32,12,01,32_01,panelist,high,1,1,0,0,4.9,1,0.1,4.9
32,12,02,32_02,panelist,high,1,1,0,0,4.9,0,0,4.9
32,12,03,32_03,panelist,high,1,1,0,0,4.9,0,0,4.9
32,12,04,32_04,panelist,none,1,0,0,1,4.9,0,0,4.9
32,12,05,32_05,panelist,none,1,0,0,1,4.9,0,0,4.9
32,12,06,32_06,panelist,med,1,0,0,0,4.9,0,0,4.9
32,12,07,32_07,panelist,med,1,0,0,0,4.9,0,0,4.9
32,12,08,32_08,reviewer,low,0,0,1,0,4.9,0,0,4.9
32,12,09,32_09,panelist,med,1,0,0,0,4.9,0,0,4.9
32,12,10,32_10,panelist,none,1,0,0,1,4.9,1,0.1,4.9
32,12,11,32_11,panelist,med,1,0,0,0,4.9,0,0,4.9
32,12,12,32_12,panelist,low,1,0,1,0,4.9,0,0,4.9
32,12,13,32_13,reviewer,med,0,0,0,0,4.9,0,0,4.9
32,12,14,32_14,panelist,high,1,1,0,0,4.9,0,0,4.9
32,12,15,32_15,panelist,med,1,0,0,0,4.9,0,0,4.9
32,12,16,32_16,panelist,high,1,1,0,0,4.9,0,0,4.9
32,12,17,32_17,reviewer,low,0,0,1,0,4.9,1,0.2,4.9
32,12,18,32_18,panelist,med,1,0,0,0,4.9,0,0,4.9
32,12,19,32_19,panelist,low,1,0,1,0,4.9,1,-0.2,4.7
32,12,20,32_20,panelist,high,1,1,0,0,4.9,0,0,4.9
32,12,21,32_21,panelist,med,1,0,0,0,4.9,0,0,4.9
32,12,22,32_22,panelist,med,1,0,0,0,4.9,1,-0.2,4.7
32,12,23,32_23,panelist,med,1,0,0,0,4.9,1,0.1,4.9
32,12,24,32_24,panelist,none,1,0,0,1,4.9,0,0,4.9
32,13,01,32_01,panelist,med,1,0,0,0,4.7,1,0.1,4.8
32,13,02,32_02,panelist,low,1,0,1,0,4.7,0,0,4.7
32,13,03,32_03,panelist,high,1,1,0,0,4.7,1,-0.1,4.6
32,13,04,32_04,panelist,med,1,0,0,0,4.7,1,-0.1,4.6
32,13,05,32_05,panelist,med,1,0,0,0,4.7,1,-0.2,4.5
32,13,06,32_06,reviewer,none,0,0,0,1,4.7,1,0.1,4.8
32,13,07,32_07,panelist,none,1,0,0,1,4.7,0,0,4.7
32,13,08,32_08,panelist,med,1,0,0,0,4.7,1,0.1,4.8
32,13,09,32_09,panelist,high,1,1,0,0,4.7,1,-0.2,4.5
32,13,10,32_10,panelist,high,1,1,0,0,4.7,0,0,4.7
32,13,11,32_11,panelist,high,1,1,0,0,4.7,0,0,4.7
32,13,12,32_12,panelist,low,1,0,1,0,4.7,1,0.1,4.8
32,13,13,32_13,panelist,med,1,0,0,0,4.7,1,-0.2,4.5
32,13,14,32_14,panelist,none,1,0,0,1,4.7,0,0,4.7
32,13,15,32_15,panelist,med,1,0,0,0,4.7,0,0,4.7
32,13,16,32_16,panelist,med,1,0,0,0,4.7,1,0.4,4.9
32,13,17,32_17,panelist,low,1,0,1,0,4.7,1,-0.1,4.6
32,13,18,32_18,panelist,med,1,0,0,0,4.7,0,0,4.7
32,13,19,32_19,panelist,high,1,1,0,0,4.7,0,0,4.7
32,13,20,32_20,panelist,low,1,0,1,0,4.7,0,0,4.7
32,13,21,32_21,panelist,none,1,0,0,1,4.7,0,0,4.7
32,13,22,32_22,reviewer,high,0,1,0,0,4.7,0,0,4.7
32,13,23,32_23,reviewer,med,0,0,0,0,4.7,0,0,4.7
32,13,24,32_24,panelist,med,1,0,0,0,4.7,1,-0.1,4.6
32,14,01,32_01,panelist,med,1,0,0,0,3.6,0,0,3.6
32,14,02,32_02,panelist,high,1,1,0,0,3.6,0,0,3.6
32,14,03,32_03,panelist,med,1,0,0,0,3.6,0,0,3.6
32,14,04,32_04,panelist,high,1,1,0,0,3.6,0,0,3.6
32,14,05,32_05,panelist,low,1,0,1,0,3.6,0,0,3.6
32,14,06,32_06,panelist,med,1,0,0,0,3.6,0,0,3.6
32,14,07,32_07,panelist,high,1,1,0,0,3.6,1,0.1,3.7
32,14,08,32_08,panelist,high,1,1,0,0,3.6,0,0,3.6
32,14,09,32_09,panelist,med,1,0,0,0,3.6,0,0,3.6
32,14,10,32_10,panelist,low,1,0,1,0,3.6,1,-0.2,3.5
32,14,11,32_11,panelist,none,1,0,0,1,3.6,0,0,3.6
32,14,12,32_12,panelist,med,1,0,0,0,3.6,0,0,3.6
32,14,13,32_13,reviewer,low,0,0,1,0,3.6,1,-0.2,3.5
32,14,14,32_14,panelist,high,1,1,0,0,3.6,1,0.1,3.7
32,14,15,32_15,reviewer,med,0,0,0,0,3.6,1,-0.1,3.5
32,14,16,32_16,reviewer,none,0,0,0,1,3.6,0,0,3.6
32,14,17,32_17,panelist,med,1,0,0,0,3.6,0,0,3.6
32,14,18,32_18,panelist,none,1,0,0,1,3.6,1,0.2,3.8
32,14,19,32_19,panelist,high,1,1,0,0,3.6,0,0,3.6
32,14,20,32_20,panelist,none,1,0,0,1,3.6,1,0.2,3.8
32,14,21,32_21,panelist,med,1,0,0,0,3.6,0,0,3.6
32,14,22,32_22,panelist,low,1,0,1,0,3.6,0,0,3.6
32,14,23,32_23,panelist,med,1,0,0,0,3.6,1,0.1,3.7
32,14,24,32_24,panelist,med,1,0,0,0,3.6,0,0,3.6
32,15,01,32_01,panelist,med,1,0,0,0,4.4,0,0,4.4
32,15,02,32_02,panelist,high,1,1,0,0,4.4,0,0,4.4
32,15,03,32_03,panelist,high,1,1,0,0,4.4,1,-0.1,4.3
32,15,04,32_04,panelist,none,1,0,0,1,4.4,0,0,4.4
32,15,05,32_05,panelist,low,1,0,1,0,4.4,0,0,4.4
32,15,06,32_06,panelist,med,1,0,0,0,4.4,1,0.1,4.5
32,15,07,32_07,panelist,low,1,0,1,0,4.4,1,0.1,4.5
32,15,08,32_08,panelist,none,1,0,0,1,4.4,0,0,4.4
32,15,09,32_09,panelist,low,1,0,1,0,4.4,0,0,4.4
32,15,10,32_10,panelist,high,1,1,0,0,4.4,0,0,4.4
32,15,11,32_11,panelist,med,1,0,0,0,4.4,1,0.1,4.5
32,15,12,32_12,panelist,med,1,0,0,0,4.4,1,-0.2,4.2
32,15,13,32_13,reviewer,low,0,0,1,0,4.4,0,0,4.4
32,15,14,32_14,panelist,med,1,0,0,0,4.4,0,0,4.4
32,15,15,32_15,reviewer,none,0,0,0,1,4.4,0,0,4.4
32,15,16,32_16,panelist,med,1,0,0,0,4.4,0,0,4.4
32,15,17,32_17,panelist,med,1,0,0,0,4.4,0,0,4.4
32,15,18,32_18,reviewer,high,0,1,0,0,4.4,0,0,4.4
32,15,19,32_19,panelist,none,1,0,0,1,4.4,0,0,4.4
32,15,20,32_20,panelist,med,1,0,0,0,4.4,1,0.1,4.5
32,15,21,32_21,panelist,high,1,1,0,0,4.4,0,0,4.4
32,15,22,32_22,panelist,med,1,0,0,0,4.4,1,0.3,4.7
32,15,23,32_23,panelist,med,1,0,0,0,4.4,0,0,4.4
32,15,24,32_24,panelist,high,1,1,0,0,4.4,0,0,4.4
33,1,01,33_01,panelist,low,1,0,1,0,3.7,1,0.2,3.9
33,1,02,33_02,panelist,low,1,0,1,0,3.7,0,0,3.7
33,1,03,33_03,panelist,med,1,0,0,0,3.7,0,0,3.7
33,1,04,33_04,panelist,med,1,0,0,0,3.7,1,0.1,3.8
33,1,05,33_05,panelist,high,1,1,0,0,3.7,0,0,3.7
33,1,06,33_06,panelist,high,1,1,0,0,3.7,0,0,3.7
33,1,07,33_07,panelist,low,1,0,1,0,3.7,0,0,3.7
33,1,08,33_08,panelist,med,1,0,0,0,3.7,1,0.1,3.8
33,1,09,33_09,panelist,low,1,0,1,0,3.7,1,0.2,3.9
33,1,10,33_10,panelist,med,1,0,0,0,3.7,0,0,3.7
33,1,11,33_11,panelist,none,1,0,0,1,3.7,0,0,3.7
33,1,12,33_12,panelist,high,1,1,0,0,3.7,0,0,3.7
33,1,13,33_13,panelist,med,1,0,0,0,3.7,0,0,3.7
33,1,14,33_14,panelist,med,1,0,0,0,3.7,0,0,3.7
33,1,15,33_15,panelist,med,1,0,0,0,3.7,0,0,3.7
33,1,16,33_16,panelist,high,1,1,0,0,3.7,1,0.1,3.8
33,1,17,33_17,reviewer,none,0,0,0,1,3.7,0,0,3.7
33,1,18,33_18,panelist,high,1,1,0,0,3.7,0,0,3.7
33,1,19,33_19,panelist,med,1,0,0,0,3.7,0,0,3.7
33,1,20,33_20,reviewer,none,0,0,0,1,3.7,0,0,3.7
33,1,21,33_21,panelist,med,1,0,0,0,3.7,1,0.1,3.8
33,1,22,33_22,panelist,none,1,0,0,1,3.7,0,0,3.7
33,1,23,33_23,panelist,high,1,1,0,0,3.7,0,0,3.7
33,1,24,33_24,reviewer,med,0,0,0,0,3.7,0,0,3.7
33,2,01,33_01,panelist,high,1,1,0,0,4.3,0,0,4.3
33,2,02,33_02,panelist,high,1,1,0,0,4.3,1,-0.2,4.1
33,2,03,33_03,reviewer,med,0,0,0,0,4.3,0,0,4.3
33,2,04,33_04,panelist,none,1,0,0,1,4.3,1,-0.2,4.1
33,2,05,33_05,panelist,med,1,0,0,0,4.3,1,-0.3,4
33,2,06,33_06,reviewer,low,0,0,1,0,4.3,1,-0.3,4
33,2,07,33_07,panelist,med,1,0,0,0,4.3,0,0,4.3
33,2,08,33_08,panelist,high,1,1,0,0,4.3,0,0,4.3
33,2,09,33_09,panelist,med,1,0,0,0,4.3,0,0,4.3
33,2,10,33_10,panelist,low,1,0,1,0,4.3,0,0,4.3
33,2,11,33_11,reviewer,low,0,0,1,0,4.3,0,0,4.3
33,2,12,33_12,panelist,med,1,0,0,0,4.3,0,0,4.3
33,2,13,33_13,panelist,high,1,1,0,0,4.3,0,0,4.3
33,2,14,33_14,panelist,high,1,1,0,0,4.3,1,-0.1,4.2
33,2,15,33_15,panelist,med,1,0,0,0,4.3,1,0.1,4.4
33,2,16,33_16,panelist,high,1,1,0,0,4.3,1,-0.1,4.2
33,2,17,33_17,panelist,none,1,0,0,1,4.3,1,0.1,4.4
33,2,18,33_18,panelist,med,1,0,0,0,4.3,0,0,4.3
33,2,19,33_19,panelist,low,1,0,1,0,4.3,1,-0.2,4.1
33,2,20,33_20,panelist,med,1,0,0,0,4.3,0,0,4.3
33,2,21,33_21,panelist,med,1,0,0,0,4.3,1,-0.1,4.2
33,2,22,33_22,panelist,med,1,0,0,0,4.3,0,0,4.3
33,2,23,33_23,panelist,none,1,0,0,1,4.3,1,0.1,4.4
33,2,24,33_24,panelist,none,1,0,0,1,4.3,1,-0.1,4.2
33,3,01,33_01,panelist,med,1,0,0,0,4.2,0,0,4.2
33,3,02,33_02,panelist,none,1,0,0,1,4.2,0,0,4.2
33,3,03,33_03,panelist,low,1,0,1,0,4.2,1,-0.1,4.1
33,3,04,33_04,panelist,med,1,0,0,0,4.2,0,0,4.2
33,3,05,33_05,panelist,med,1,0,0,0,4.2,0,0,4.2
33,3,06,33_06,panelist,high,1,1,0,0,4.2,0,0,4.2
33,3,07,33_07,reviewer,high,0,1,0,0,4.2,0,0,4.2
33,3,08,33_08,panelist,med,1,0,0,0,4.2,1,-0.1,4.1
33,3,09,33_09,panelist,high,1,1,0,0,4.2,0,0,4.2
33,3,10,33_10,panelist,low,1,0,1,0,4.2,1,-0.2,4
33,3,11,33_11,panelist,none,1,0,0,1,4.2,0,0,4.2
33,3,12,33_12,panelist,high,1,1,0,0,4.2,0,0,4.2
33,3,13,33_13,reviewer,none,0,0,0,1,4.2,0,0,4.2
33,3,14,33_14,panelist,high,1,1,0,0,4.2,0,0,4.2
33,3,15,33_15,panelist,med,1,0,0,0,4.2,1,-0.2,4
33,3,16,33_16,panelist,med,1,0,0,0,4.2,0,0,4.2
33,3,17,33_17,panelist,med,1,0,0,0,4.2,0,0,4.2
33,3,18,33_18,panelist,med,1,0,0,0,4.2,0,0,4.2
33,3,19,33_19,panelist,none,1,0,0,1,4.2,0,0,4.2
33,3,20,33_20,panelist,high,1,1,0,0,4.2,1,0.1,4.3
33,3,21,33_21,reviewer,low,0,0,1,0,4.2,0,0,4.2
33,3,22,33_22,panelist,low,1,0,1,0,4.2,1,0.1,4.3
33,3,23,33_23,panelist,med,1,0,0,0,4.2,1,-0.1,4.1
33,3,24,33_24,panelist,med,1,0,0,0,4.2,0,0,4.2
33,4,01,33_01,reviewer,med,0,0,0,0,3.8,1,-0.1,3.7
33,4,02,33_02,panelist,low,1,0,1,0,3.8,0,0,3.8
33,4,03,33_03,panelist,high,1,1,0,0,3.8,0,0,3.8
33,4,04,33_04,panelist,med,1,0,0,0,3.8,1,-0.1,3.7
33,4,05,33_05,panelist,med,1,0,0,0,3.8,0,0,3.8
33,4,06,33_06,panelist,med,1,0,0,0,3.8,0,0,3.8
33,4,07,33_07,panelist,high,1,1,0,0,3.8,1,-0.1,3.7
33,4,08,33_08,panelist,med,1,0,0,0,3.8,1,0.1,3.9
33,4,09,33_09,panelist,high,1,1,0,0,3.8,1,-0.2,3.6
33,4,10,33_10,panelist,med,1,0,0,0,3.8,0,0,3.8
33,4,11,33_11,panelist,med,1,0,0,0,3.8,1,0.1,3.9
33,4,12,33_12,reviewer,high,0,1,0,0,3.8,0,0,3.8
33,4,13,33_13,panelist,high,1,1,0,0,3.8,0,0,3.8
33,4,14,33_14,panelist,low,1,0,1,0,3.8,0,0,3.8
33,4,15,33_15,panelist,none,1,0,0,1,3.8,1,-0.2,3.6
33,4,16,33_16,panelist,none,1,0,0,1,3.8,1,0.1,3.9
33,4,17,33_17,panelist,none,1,0,0,1,3.8,0,0,3.8
33,4,18,33_18,reviewer,none,0,0,0,1,3.8,0,0,3.8
33,4,19,33_19,panelist,low,1,0,1,0,3.8,0,0,3.8
33,4,20,33_20,panelist,med,1,0,0,0,3.8,0,0,3.8
33,4,21,33_21,panelist,med,1,0,0,0,3.8,1,0.2,4
33,4,22,33_22,panelist,med,1,0,0,0,3.8,1,0.1,3.9
33,4,23,33_23,panelist,low,1,0,1,0,3.8,0,0,3.8
33,4,24,33_24,panelist,high,1,1,0,0,3.8,0,0,3.8
33,5,01,33_01,panelist,low,1,0,1,0,3.8,1,0.1,3.9
33,5,02,33_02,panelist,high,1,1,0,0,3.8,0,0,3.8
33,5,03,33_03,panelist,med,1,0,0,0,3.8,1,0.1,3.9
33,5,04,33_04,panelist,none,1,0,0,1,3.8,0,0,3.8
33,5,05,33_05,panelist,low,1,0,1,0,3.8,1,-0.2,3.6
33,5,06,33_06,reviewer,high,0,1,0,0,3.8,0,0,3.8
33,5,07,33_07,panelist,high,1,1,0,0,3.8,0,0,3.8
33,5,08,33_08,panelist,high,1,1,0,0,3.8,1,0.1,3.9
33,5,09,33_09,panelist,med,1,0,0,0,3.8,0,0,3.8
33,5,10,33_10,panelist,low,1,0,1,0,3.8,1,-0.1,3.7
33,5,11,33_11,panelist,none,1,0,0,1,3.8,1,-0.2,3.6
33,5,12,33_12,panelist,med,1,0,0,0,3.8,0,0,3.8
33,5,13,33_13,panelist,high,1,1,0,0,3.8,1,-0.2,3.6
33,5,14,33_14,panelist,none,1,0,0,1,3.8,0,0,3.8
33,5,15,33_15,reviewer,med,0,0,0,0,3.8,0,0,3.8
33,5,16,33_16,panelist,med,1,0,0,0,3.8,0,0,3.8
33,5,17,33_17,panelist,med,1,0,0,0,3.8,1,0.2,4
33,5,18,33_18,panelist,none,1,0,0,1,3.8,1,-0.2,3.6
33,5,19,33_19,panelist,med,1,0,0,0,3.8,1,0.1,3.9
33,5,20,33_20,panelist,med,1,0,0,0,3.8,1,0.1,3.9
33,5,21,33_21,reviewer,med,0,0,0,0,3.8,0,0,3.8
33,5,22,33_22,panelist,low,1,0,1,0,3.8,0,0,3.8
33,5,23,33_23,panelist,med,1,0,0,0,3.8,1,-0.1,3.7
33,5,24,33_24,panelist,high,1,1,0,0,3.8,1,0.1,3.9
33,6,01,33_01,panelist,high,1,1,0,0,3.6,0,0,3.6
33,6,02,33_02,panelist,high,1,1,0,0,3.6,1,0.3,3.9
33,6,03,33_03,panelist,med,1,0,0,0,3.6,0,0,3.6
33,6,04,33_04,panelist,none,1,0,0,1,3.6,0,0,3.6
33,6,05,33_05,panelist,high,1,1,0,0,3.6,0,0,3.6
33,6,06,33_06,panelist,low,1,0,1,0,3.6,1,0.2,3.8
33,6,07,33_07,reviewer,med,0,0,0,0,3.6,0,0,3.6
33,6,08,33_08,panelist,none,1,0,0,1,3.6,0,0,3.6
33,6,09,33_09,reviewer,low,0,0,1,0,3.6,0,0,3.6
33,6,10,33_10,panelist,med,1,0,0,0,3.6,1,-0.2,3.5
33,6,11,33_11,panelist,high,1,1,0,0,3.6,1,-0.3,3.5
33,6,12,33_12,panelist,med,1,0,0,0,3.6,0,0,3.6
33,6,13,33_13,reviewer,med,0,0,0,0,3.6,1,-0.2,3.5
33,6,14,33_14,panelist,high,1,1,0,0,3.6,0,0,3.6
33,6,15,33_15,panelist,med,1,0,0,0,3.6,1,-0.2,3.5
33,6,16,33_16,panelist,low,1,0,1,0,3.6,1,-0.1,3.5
33,6,17,33_17,panelist,none,1,0,0,1,3.6,1,-0.1,3.5
33,6,18,33_18,panelist,med,1,0,0,0,3.6,0,0,3.6
33,6,19,33_19,panelist,none,1,0,0,1,3.6,0,0,3.6
33,6,20,33_20,panelist,low,1,0,1,0,3.6,1,-0.2,3.5
33,6,21,33_21,panelist,med,1,0,0,0,3.6,0,0,3.6
33,6,22,33_22,panelist,med,1,0,0,0,3.6,1,0.1,3.7
33,6,23,33_23,panelist,med,1,0,0,0,3.6,0,0,3.6
33,6,24,33_24,panelist,high,1,1,0,0,3.6,0,0,3.6
33,7,01,33_01,panelist,high,1,1,0,0,4,0,0,4
33,7,02,33_02,panelist,none,1,0,0,1,4,1,0.1,4.1
33,7,03,33_03,panelist,med,1,0,0,0,4,0,0,4
33,7,04,33_04,panelist,med,1,0,0,0,4,1,-0.1,3.9
33,7,05,33_05,panelist,med,1,0,0,0,4,0,0,4
33,7,06,33_06,panelist,med,1,0,0,0,4,1,0.2,4.2
33,7,07,33_07,panelist,none,1,0,0,1,4,0,0,4
33,7,08,33_08,panelist,none,1,0,0,1,4,1,0.1,4.1
33,7,09,33_09,panelist,med,1,0,0,0,4,0,0,4
33,7,10,33_10,reviewer,high,0,1,0,0,4,1,0.3,4.3
33,7,11,33_11,reviewer,low,0,0,1,0,4,1,-0.2,3.8
33,7,12,33_12,panelist,med,1,0,0,0,4,0,0,4
33,7,13,33_13,panelist,med,1,0,0,0,4,0,0,4
33,7,14,33_14,panelist,high,1,1,0,0,4,0,0,4
33,7,15,33_15,panelist,low,1,0,1,0,4,0,0,4
33,7,16,33_16,reviewer,none,0,0,0,1,4,1,-0.3,3.7
33,7,17,33_17,panelist,med,1,0,0,0,4,0,0,4
33,7,18,33_18,panelist,high,1,1,0,0,4,0,0,4
33,7,19,33_19,panelist,high,1,1,0,0,4,0,0,4
33,7,20,33_20,panelist,med,1,0,0,0,4,0,0,4
33,7,21,33_21,panelist,low,1,0,1,0,4,0,0,4
33,7,22,33_22,panelist,low,1,0,1,0,4,1,0.1,4.1
33,7,23,33_23,panelist,high,1,1,0,0,4,0,0,4
33,7,24,33_24,panelist,med,1,0,0,0,4,0,0,4
33,8,01,33_01,panelist,med,1,0,0,0,3.5,0,0,3.5
33,8,02,33_02,reviewer,high,0,1,0,0,3.5,0,0,3.5
33,8,03,33_03,panelist,none,1,0,0,1,3.5,0,0,3.5
33,8,04,33_04,panelist,low,1,0,1,0,3.5,1,-0.1,3.5
33,8,05,33_05,panelist,med,1,0,0,0,3.5,0,0,3.5
33,8,06,33_06,panelist,high,1,1,0,0,3.5,0,0,3.5
33,8,07,33_07,panelist,med,1,0,0,0,3.5,0,0,3.5
33,8,08,33_08,panelist,high,1,1,0,0,3.5,0,0,3.5
33,8,09,33_09,panelist,low,1,0,1,0,3.5,1,-0.3,3.5
33,8,10,33_10,panelist,med,1,0,0,0,3.5,0,0,3.5
33,8,11,33_11,panelist,med,1,0,0,0,3.5,0,0,3.5
33,8,12,33_12,panelist,high,1,1,0,0,3.5,0,0,3.5
33,8,13,33_13,panelist,low,1,0,1,0,3.5,0,0,3.5
33,8,14,33_14,reviewer,med,0,0,0,0,3.5,1,0.2,3.7
33,8,15,33_15,panelist,med,1,0,0,0,3.5,0,0,3.5
33,8,16,33_16,panelist,high,1,1,0,0,3.5,0,0,3.5
33,8,17,33_17,panelist,none,1,0,0,1,3.5,0,0,3.5
33,8,18,33_18,panelist,med,1,0,0,0,3.5,0,0,3.5
33,8,19,33_19,panelist,med,1,0,0,0,3.5,0,0,3.5
33,8,20,33_20,panelist,high,1,1,0,0,3.5,0,0,3.5
33,8,21,33_21,panelist,none,1,0,0,1,3.5,1,0.1,3.6
33,8,22,33_22,panelist,low,1,0,1,0,3.5,1,-0.1,3.5
33,8,23,33_23,panelist,med,1,0,0,0,3.5,1,-0.2,3.5
33,8,24,33_24,reviewer,none,0,0,0,1,3.5,0,0,3.5
33,9,01,33_01,panelist,med,1,0,0,0,4.3,0,0,4.3
33,9,02,33_02,panelist,med,1,0,0,0,4.3,0,0,4.3
33,9,03,33_03,panelist,high,1,1,0,0,4.3,0,0,4.3
33,9,04,33_04,panelist,none,1,0,0,1,4.3,1,-0.1,4.2
33,9,05,33_05,panelist,med,1,0,0,0,4.3,0,0,4.3
33,9,06,33_06,panelist,med,1,0,0,0,4.3,1,-0.1,4.2
33,9,07,33_07,reviewer,none,0,0,0,1,4.3,1,0.1,4.4
33,9,08,33_08,panelist,low,1,0,1,0,4.3,1,0.3,4.6
33,9,09,33_09,panelist,med,1,0,0,0,4.3,0,0,4.3
33,9,10,33_10,panelist,med,1,0,0,0,4.3,0,0,4.3
33,9,11,33_11,panelist,high,1,1,0,0,4.3,0,0,4.3
33,9,12,33_12,panelist,high,1,1,0,0,4.3,0,0,4.3
33,9,13,33_13,reviewer,high,0,1,0,0,4.3,1,0.3,4.6
33,9,14,33_14,panelist,none,1,0,0,1,4.3,0,0,4.3
33,9,15,33_15,panelist,low,1,0,1,0,4.3,1,-0.1,4.2
33,9,16,33_16,panelist,med,1,0,0,0,4.3,0,0,4.3
33,9,17,33_17,panelist,med,1,0,0,0,4.3,1,0.1,4.4
33,9,18,33_18,panelist,high,1,1,0,0,4.3,0,0,4.3
33,9,19,33_19,panelist,med,1,0,0,0,4.3,0,0,4.3
33,9,20,33_20,reviewer,med,0,0,0,0,4.3,0,0,4.3
33,9,21,33_21,panelist,low,1,0,1,0,4.3,1,0.1,4.4
33,9,22,33_22,panelist,none,1,0,0,1,4.3,1,0.2,4.5
33,9,23,33_23,panelist,high,1,1,0,0,4.3,0,0,4.3
33,9,24,33_24,panelist,low,1,0,1,0,4.3,1,0.1,4.4
33,10,01,33_01,panelist,high,1,1,0,0,4.6,0,0,4.6
33,10,02,33_02,panelist,high,1,1,0,0,4.6,0,0,4.6
33,10,03,33_03,panelist,none,1,0,0,1,4.6,1,0.1,4.7
33,10,04,33_04,reviewer,high,0,1,0,0,4.6,0,0,4.6
33,10,05,33_05,panelist,med,1,0,0,0,4.6,0,0,4.6
33,10,06,33_06,panelist,none,1,0,0,1,4.6,1,-0.1,4.5
33,10,07,33_07,reviewer,low,0,0,1,0,4.6,1,0.3,4.9
33,10,08,33_08,panelist,none,1,0,0,1,4.6,1,-0.2,4.4
33,10,09,33_09,reviewer,med,0,0,0,0,4.6,1,-0.2,4.4
33,10,10,33_10,panelist,med,1,0,0,0,4.6,0,0,4.6
33,10,11,33_11,panelist,med,1,0,0,0,4.6,0,0,4.6
33,10,12,33_12,panelist,med,1,0,0,0,4.6,0,0,4.6
33,10,13,33_13,panelist,med,1,0,0,0,4.6,0,0,4.6
33,10,14,33_14,panelist,med,1,0,0,0,4.6,0,0,4.6
33,10,15,33_15,panelist,none,1,0,0,1,4.6,1,-0.1,4.5
33,10,16,33_16,panelist,low,1,0,1,0,4.6,0,0,4.6
33,10,17,33_17,panelist,high,1,1,0,0,4.6,1,-0.1,4.5
33,10,18,33_18,panelist,med,1,0,0,0,4.6,1,0.1,4.7
33,10,19,33_19,panelist,med,1,0,0,0,4.6,0,0,4.6
33,10,20,33_20,panelist,med,1,0,0,0,4.6,1,-0.1,4.5
33,10,21,33_21,panelist,low,1,0,1,0,4.6,0,0,4.6
33,10,22,33_22,panelist,high,1,1,0,0,4.6,1,-0.3,4.3
33,10,23,33_23,panelist,low,1,0,1,0,4.6,0,0,4.6
33,10,24,33_24,panelist,high,1,1,0,0,4.6,0,0,4.6
33,11,01,33_01,panelist,med,1,0,0,0,4.2,1,-0.1,4.1
33,11,02,33_02,reviewer,low,0,0,1,0,4.2,1,-0.1,4.1
33,11,03,33_03,panelist,high,1,1,0,0,4.2,1,0.1,4.3
33,11,04,33_04,panelist,med,1,0,0,0,4.2,0,0,4.2
33,11,05,33_05,panelist,low,1,0,1,0,4.2,0,0,4.2
33,11,06,33_06,panelist,high,1,1,0,0,4.2,0,0,4.2
33,11,07,33_07,reviewer,none,0,0,0,1,4.2,0,0,4.2
33,11,08,33_08,panelist,med,1,0,0,0,4.2,0,0,4.2
33,11,09,33_09,panelist,med,1,0,0,0,4.2,0,0,4.2
33,11,10,33_10,panelist,high,1,1,0,0,4.2,0,0,4.2
33,11,11,33_11,panelist,med,1,0,0,0,4.2,1,-0.1,4.1
33,11,12,33_12,panelist,med,1,0,0,0,4.2,1,-0.1,4.1
33,11,13,33_13,panelist,none,1,0,0,1,4.2,0,0,4.2
33,11,14,33_14,panelist,high,1,1,0,0,4.2,1,0.2,4.4
33,11,15,33_15,panelist,med,1,0,0,0,4.2,1,0.4,4.6
33,11,16,33_16,panelist,low,1,0,1,0,4.2,1,0.1,4.3
33,11,17,33_17,panelist,high,1,1,0,0,4.2,0,0,4.2
33,11,18,33_18,panelist,none,1,0,0,1,4.2,0,0,4.2
33,11,19,33_19,panelist,low,1,0,1,0,4.2,0,0,4.2
33,11,20,33_20,panelist,none,1,0,0,1,4.2,0,0,4.2
33,11,21,33_21,panelist,med,1,0,0,0,4.2,1,0.2,4.4
33,11,22,33_22,reviewer,med,0,0,0,0,4.2,1,-0.1,4.1
33,11,23,33_23,panelist,med,1,0,0,0,4.2,0,0,4.2
33,11,24,33_24,panelist,high,1,1,0,0,4.2,0,0,4.2
33,12,01,33_01,panelist,high,1,1,0,0,4.9,0,0,4.9
33,12,02,33_02,reviewer,high,0,1,0,0,4.9,0,0,4.9
33,12,03,33_03,panelist,high,1,1,0,0,4.9,1,-0.1,4.8
33,12,04,33_04,panelist,none,1,0,0,1,4.9,0,0,4.9
33,12,05,33_05,panelist,low,1,0,1,0,4.9,1,-0.1,4.8
33,12,06,33_06,panelist,med,1,0,0,0,4.9,0,0,4.9
33,12,07,33_07,panelist,none,1,0,0,1,4.9,0,0,4.9
33,12,08,33_08,panelist,med,1,0,0,0,4.9,0,0,4.9
33,12,09,33_09,panelist,low,1,0,1,0,4.9,0,0,4.9
33,12,10,33_10,panelist,med,1,0,0,0,4.9,1,0.2,4.9
33,12,11,33_11,panelist,none,1,0,0,1,4.9,0,0,4.9
33,12,12,33_12,panelist,low,1,0,1,0,4.9,1,0.2,4.9
33,12,13,33_13,reviewer,high,0,1,0,0,4.9,1,-0.1,4.8
33,12,14,33_14,panelist,high,1,1,0,0,4.9,0,0,4.9
33,12,15,33_15,panelist,med,1,0,0,0,4.9,0,0,4.9
33,12,16,33_16,panelist,none,1,0,0,1,4.9,1,-0.1,4.8
33,12,17,33_17,reviewer,med,0,0,0,0,4.9,0,0,4.9
33,12,18,33_18,panelist,med,1,0,0,0,4.9,0,0,4.9
33,12,19,33_19,panelist,low,1,0,1,0,4.9,0,0,4.9
33,12,20,33_20,panelist,high,1,1,0,0,4.9,0,0,4.9
33,12,21,33_21,panelist,med,1,0,0,0,4.9,1,-0.1,4.8
33,12,22,33_22,panelist,med,1,0,0,0,4.9,0,0,4.9
33,12,23,33_23,panelist,med,1,0,0,0,4.9,1,0.2,4.9
33,12,24,33_24,panelist,med,1,0,0,0,4.9,1,-0.1,4.8
33,13,01,33_01,panelist,none,1,0,0,1,4.7,0,0,4.7
33,13,02,33_02,panelist,none,1,0,0,1,4.7,1,-0.1,4.6
33,13,03,33_03,panelist,med,1,0,0,0,4.7,1,-0.1,4.6
33,13,04,33_04,panelist,none,1,0,0,1,4.7,0,0,4.7
33,13,05,33_05,panelist,high,1,1,0,0,4.7,0,0,4.7
33,13,06,33_06,reviewer,med,0,0,0,0,4.7,0,0,4.7
33,13,07,33_07,panelist,high,1,1,0,0,4.7,0,0,4.7
33,13,08,33_08,reviewer,med,0,0,0,0,4.7,0,0,4.7
33,13,09,33_09,panelist,low,1,0,1,0,4.7,1,-0.2,4.5
33,13,10,33_10,panelist,none,1,0,0,1,4.7,0,0,4.7
33,13,11,33_11,panelist,med,1,0,0,0,4.7,0,0,4.7
33,13,12,33_12,panelist,low,1,0,1,0,4.7,0,0,4.7
33,13,13,33_13,panelist,med,1,0,0,0,4.7,1,-0.1,4.6
33,13,14,33_14,panelist,high,1,1,0,0,4.7,0,0,4.7
33,13,15,33_15,panelist,high,1,1,0,0,4.7,0,0,4.7
33,13,16,33_16,panelist,low,1,0,1,0,4.7,0,0,4.7
33,13,17,33_17,panelist,med,1,0,0,0,4.7,0,0,4.7
33,13,18,33_18,reviewer,med,0,0,0,0,4.7,0,0,4.7
33,13,19,33_19,panelist,high,1,1,0,0,4.7,0,0,4.7
33,13,20,33_20,panelist,high,1,1,0,0,4.7,0,0,4.7
33,13,21,33_21,panelist,med,1,0,0,0,4.7,0,0,4.7
33,13,22,33_22,panelist,med,1,0,0,0,4.7,0,0,4.7
33,13,23,33_23,panelist,low,1,0,1,0,4.7,1,-0.2,4.5
33,13,24,33_24,panelist,med,1,0,0,0,4.7,1,-0.1,4.6
33,14,01,33_01,panelist,med,1,0,0,0,3.6,1,-0.1,3.5
33,14,02,33_02,panelist,med,1,0,0,0,3.6,0,0,3.6
33,14,03,33_03,panelist,low,1,0,1,0,3.6,0,0,3.6
33,14,04,33_04,panelist,med,1,0,0,0,3.6,0,0,3.6
33,14,05,33_05,reviewer,high,0,1,0,0,3.6,1,-0.1,3.5
33,14,06,33_06,panelist,none,1,0,0,1,3.6,0,0,3.6
33,14,07,33_07,panelist,med,1,0,0,0,3.6,0,0,3.6
33,14,08,33_08,panelist,high,1,1,0,0,3.6,0,0,3.6
33,14,09,33_09,panelist,med,1,0,0,0,3.6,1,0.1,3.7
33,14,10,33_10,panelist,none,1,0,0,1,3.6,0,0,3.6
33,14,11,33_11,panelist,low,1,0,1,0,3.6,0,0,3.6
33,14,12,33_12,panelist,med,1,0,0,0,3.6,0,0,3.6
33,14,13,33_13,panelist,med,1,0,0,0,3.6,0,0,3.6
33,14,14,33_14,panelist,high,1,1,0,0,3.6,0,0,3.6
33,14,15,33_15,panelist,high,1,1,0,0,3.6,0,0,3.6
33,14,16,33_16,panelist,med,1,0,0,0,3.6,1,-0.3,3.5
33,14,17,33_17,panelist,high,1,1,0,0,3.6,1,0.2,3.8
33,14,18,33_18,panelist,med,1,0,0,0,3.6,0,0,3.6
33,14,19,33_19,panelist,none,1,0,0,1,3.6,0,0,3.6
33,14,20,33_20,panelist,med,1,0,0,0,3.6,0,0,3.6
33,14,21,33_21,panelist,low,1,0,1,0,3.6,0,0,3.6
33,14,22,33_22,reviewer,high,0,1,0,0,3.6,0,0,3.6
33,14,23,33_23,reviewer,none,0,0,0,1,3.6,0,0,3.6
33,14,24,33_24,panelist,low,1,0,1,0,3.6,0,0,3.6
33,15,01,33_01,panelist,med,1,0,0,0,4.4,0,0,4.4
33,15,02,33_02,panelist,med,1,0,0,0,4.4,0,0,4.4
33,15,03,33_03,panelist,low,1,0,1,0,4.4,0,0,4.4
33,15,04,33_04,reviewer,med,0,0,0,0,4.4,1,0.1,4.5
33,15,05,33_05,reviewer,med,0,0,0,0,4.4,0,0,4.4
33,15,06,33_06,panelist,high,1,1,0,0,4.4,0,0,4.4
33,15,07,33_07,panelist,none,1,0,0,1,4.4,0,0,4.4
33,15,08,33_08,panelist,high,1,1,0,0,4.4,0,0,4.4
33,15,09,33_09,panelist,med,1,0,0,0,4.4,0,0,4.4
33,15,10,33_10,panelist,med,1,0,0,0,4.4,1,-0.2,4.2
33,15,11,33_11,panelist,high,1,1,0,0,4.4,0,0,4.4
33,15,12,33_12,panelist,high,1,1,0,0,4.4,0,0,4.4
33,15,13,33_13,panelist,none,1,0,0,1,4.4,0,0,4.4
33,15,14,33_14,panelist,high,1,1,0,0,4.4,0,0,4.4
33,15,15,33_15,panelist,med,1,0,0,0,4.4,1,-0.3,4.1
33,15,16,33_16,panelist,low,1,0,1,0,4.4,1,0.2,4.6
33,15,17,33_17,panelist,low,1,0,1,0,4.4,1,0.1,4.5
33,15,18,33_18,panelist,med,1,0,0,0,4.4,1,-0.4,4
33,15,19,33_19,panelist,med,1,0,0,0,4.4,0,0,4.4
33,15,20,33_20,panelist,none,1,0,0,1,4.4,1,0.3,4.7
33,15,21,33_21,panelist,none,1,0,0,1,4.4,1,-0.2,4.2
33,15,22,33_22,panelist,med,1,0,0,0,4.4,1,-0.2,4.2
33,15,23,33_23,reviewer,high,0,1,0,0,4.4,0,0,4.4
33,15,24,33_24,panelist,low,1,0,1,0,4.4,1,-0.1,4.3
34,1,01,34_01,reviewer,med,0,0,0,0,3.6,0,0,3.6
34,1,02,34_02,panelist,high,1,1,0,0,3.6,0,0,3.6
34,1,03,34_03,panelist,high,1,1,0,0,3.6,0,0,3.6
34,1,04,34_04,panelist,low,1,0,1,0,3.6,0,0,3.6
34,1,05,34_05,panelist,med,1,0,0,0,3.6,0,0,3.6
34,1,06,34_06,panelist,high,1,1,0,0,3.6,0,0,3.6
34,1,07,34_07,panelist,none,1,0,0,1,3.6,0,0,3.6
34,1,08,34_08,panelist,med,1,0,0,0,3.6,1,-0.1,3.5
34,1,09,34_09,reviewer,med,0,0,0,0,3.6,1,0.1,3.7
34,1,10,34_10,panelist,low,1,0,1,0,3.6,1,0.2,3.8
34,1,11,34_11,panelist,none,1,0,0,1,3.6,1,0.1,3.7
34,1,12,34_12,panelist,high,1,1,0,0,3.6,0,0,3.6
34,1,13,34_13,panelist,none,1,0,0,1,3.6,1,-0.1,3.5
34,1,14,34_14,panelist,high,1,1,0,0,3.6,0,0,3.6
34,1,15,34_15,panelist,med,1,0,0,0,3.6,1,-0.1,3.5
34,1,16,34_16,panelist,med,1,0,0,0,3.6,0,0,3.6
34,1,17,34_17,panelist,med,1,0,0,0,3.6,1,0.3,3.9
34,1,18,34_18,panelist,none,1,0,0,1,3.6,1,0.1,3.7
34,1,19,34_19,panelist,med,1,0,0,0,3.6,1,0.2,3.8
34,1,20,34_20,reviewer,med,0,0,0,0,3.6,0,0,3.6
34,1,21,34_21,panelist,high,1,1,0,0,3.6,0,0,3.6
34,1,22,34_22,panelist,low,1,0,1,0,3.6,1,-0.2,3.5
34,1,23,34_23,panelist,low,1,0,1,0,3.6,0,0,3.6
34,1,24,34_24,panelist,med,1,0,0,0,3.6,0,0,3.6
34,2,01,34_01,panelist,med,1,0,0,0,4.2,0,0,4.2
34,2,02,34_02,panelist,med,1,0,0,0,4.2,0,0,4.2
34,2,03,34_03,panelist,none,1,0,0,1,4.2,0,0,4.2
34,2,04,34_04,panelist,med,1,0,0,0,4.2,1,-0.1,4.1
34,2,05,34_05,panelist,high,1,1,0,0,4.2,0,0,4.2
34,2,06,34_06,panelist,med,1,0,0,0,4.2,0,0,4.2
34,2,07,34_07,panelist,low,1,0,1,0,4.2,1,-0.1,4.1
34,2,08,34_08,panelist,high,1,1,0,0,4.2,1,-0.3,3.9
34,2,09,34_09,panelist,med,1,0,0,0,4.2,0,0,4.2
34,2,10,34_10,panelist,low,1,0,1,0,4.2,0,0,4.2
34,2,11,34_11,panelist,high,1,1,0,0,4.2,0,0,4.2
34,2,12,34_12,panelist,high,1,1,0,0,4.2,0,0,4.2
34,2,13,34_13,panelist,low,1,0,1,0,4.2,0,0,4.2
34,2,14,34_14,reviewer,none,0,0,0,1,4.2,1,0.2,4.4
34,2,15,34_15,panelist,med,1,0,0,0,4.2,1,0.1,4.3
34,2,16,34_16,panelist,none,1,0,0,1,4.2,0,0,4.2
34,2,17,34_17,panelist,none,1,0,0,1,4.2,1,0.1,4.3
34,2,18,34_18,panelist,high,1,1,0,0,4.2,0,0,4.2
34,2,19,34_19,panelist,low,1,0,1,0,4.2,0,0,4.2
34,2,20,34_20,reviewer,high,0,1,0,0,4.2,0,0,4.2
34,2,21,34_21,reviewer,med,0,0,0,0,4.2,1,0.2,4.4
34,2,22,34_22,panelist,med,1,0,0,0,4.2,0,0,4.2
34,2,23,34_23,panelist,med,1,0,0,0,4.2,0,0,4.2
34,2,24,34_24,panelist,med,1,0,0,0,4.2,1,-0.1,4.1
34,3,01,34_01,panelist,none,1,0,0,1,4.1,1,0.1,4.2
34,3,02,34_02,panelist,low,1,0,1,0,4.1,0,0,4.1
34,3,03,34_03,panelist,med,1,0,0,0,4.1,1,-0.1,4
34,3,04,34_04,panelist,none,1,0,0,1,4.1,0,0,4.1
34,3,05,34_05,reviewer,med,0,0,0,0,4.1,0,0,4.1
34,3,06,34_06,panelist,med,1,0,0,0,4.1,1,0.2,4.3
34,3,07,34_07,reviewer,high,0,1,0,0,4.1,1,0.1,4.2
34,3,08,34_08,panelist,none,1,0,0,1,4.1,1,-0.1,4
34,3,09,34_09,panelist,low,1,0,1,0,4.1,0,0,4.1
34,3,10,34_10,panelist,med,1,0,0,0,4.1,0,0,4.1
34,3,11,34_11,panelist,med,1,0,0,0,4.1,0,0,4.1
34,3,12,34_12,panelist,med,1,0,0,0,4.1,0,0,4.1
34,3,13,34_13,panelist,high,1,1,0,0,4.1,1,-0.2,3.9
34,3,14,34_14,panelist,low,1,0,1,0,4.1,1,0.1,4.2
34,3,15,34_15,panelist,low,1,0,1,0,4.1,0,0,4.1
34,3,16,34_16,panelist,med,1,0,0,0,4.1,0,0,4.1
34,3,17,34_17,panelist,high,1,1,0,0,4.1,0,0,4.1
34,3,18,34_18,panelist,high,1,1,0,0,4.1,0,0,4.1
34,3,19,34_19,reviewer,high,0,1,0,0,4.1,1,-0.1,4
34,3,20,34_20,panelist,med,1,0,0,0,4.1,0,0,4.1
34,3,21,34_21,panelist,high,1,1,0,0,4.1,0,0,4.1
34,3,22,34_22,panelist,none,1,0,0,1,4.1,1,-0.2,3.9
34,3,23,34_23,panelist,med,1,0,0,0,4.1,1,0.1,4.2
34,3,24,34_24,panelist,med,1,0,0,0,4.1,1,-0.2,3.9
34,4,01,34_01,panelist,med,1,0,0,0,3.8,0,0,3.8
34,4,02,34_02,panelist,med,1,0,0,0,3.8,0,0,3.8
34,4,03,34_03,panelist,med,1,0,0,0,3.8,1,0.1,3.9
34,4,04,34_04,panelist,med,1,0,0,0,3.8,1,-0.2,3.6
34,4,05,34_05,reviewer,low,0,0,1,0,3.8,0,0,3.8
34,4,06,34_06,panelist,med,1,0,0,0,3.8,0,0,3.8
34,4,07,34_07,panelist,med,1,0,0,0,3.8,0,0,3.8
34,4,08,34_08,panelist,none,1,0,0,1,3.8,0,0,3.8
34,4,09,34_09,panelist,med,1,0,0,0,3.8,0,0,3.8
34,4,10,34_10,panelist,none,1,0,0,1,3.8,0,0,3.8
34,4,11,34_11,panelist,low,1,0,1,0,3.8,0,0,3.8
34,4,12,34_12,reviewer,high,0,1,0,0,3.8,0,0,3.8
34,4,13,34_13,panelist,none,1,0,0,1,3.8,0,0,3.8
34,4,14,34_14,panelist,med,1,0,0,0,3.8,0,0,3.8
34,4,15,34_15,panelist,none,1,0,0,1,3.8,1,-0.1,3.7
34,4,16,34_16,panelist,high,1,1,0,0,3.8,1,-0.1,3.7
34,4,17,34_17,panelist,low,1,0,1,0,3.8,1,0.1,3.9
34,4,18,34_18,panelist,high,1,1,0,0,3.8,0,0,3.8
34,4,19,34_19,panelist,low,1,0,1,0,3.8,0,0,3.8
34,4,20,34_20,panelist,med,1,0,0,0,3.8,0,0,3.8
34,4,21,34_21,panelist,high,1,1,0,0,3.8,0,0,3.8
34,4,22,34_22,reviewer,high,0,1,0,0,3.8,0,0,3.8
34,4,23,34_23,panelist,high,1,1,0,0,3.8,0,0,3.8
34,4,24,34_24,panelist,med,1,0,0,0,3.8,0,0,3.8
34,5,01,34_01,panelist,high,1,1,0,0,3.7,0,0,3.7
34,5,02,34_02,panelist,low,1,0,1,0,3.7,0,0,3.7
34,5,03,34_03,panelist,low,1,0,1,0,3.7,1,-0.1,3.6
34,5,04,34_04,panelist,high,1,1,0,0,3.7,1,-0.2,3.5
34,5,05,34_05,panelist,med,1,0,0,0,3.7,0,0,3.7
34,5,06,34_06,panelist,med,1,0,0,0,3.7,0,0,3.7
34,5,07,34_07,reviewer,med,0,0,0,0,3.7,0,0,3.7
34,5,08,34_08,panelist,low,1,0,1,0,3.7,1,-0.3,3.5
34,5,09,34_09,panelist,med,1,0,0,0,3.7,0,0,3.7
34,5,10,34_10,panelist,med,1,0,0,0,3.7,1,0.3,4
34,5,11,34_11,reviewer,none,0,0,0,1,3.7,0,0,3.7
34,5,12,34_12,panelist,high,1,1,0,0,3.7,0,0,3.7
34,5,13,34_13,panelist,med,1,0,0,0,3.7,0,0,3.7
34,5,14,34_14,panelist,none,1,0,0,1,3.7,1,0.1,3.8
34,5,15,34_15,panelist,med,1,0,0,0,3.7,1,0.1,3.8
34,5,16,34_16,panelist,med,1,0,0,0,3.7,1,0.2,3.9
34,5,17,34_17,panelist,none,1,0,0,1,3.7,1,-0.1,3.6
34,5,18,34_18,panelist,med,1,0,0,0,3.7,0,0,3.7
34,5,19,34_19,reviewer,none,0,0,0,1,3.7,1,0.1,3.8
34,5,20,34_20,panelist,high,1,1,0,0,3.7,0,0,3.7
34,5,21,34_21,panelist,high,1,1,0,0,3.7,1,0.1,3.8
34,5,22,34_22,panelist,high,1,1,0,0,3.7,0,0,3.7
34,5,23,34_23,panelist,med,1,0,0,0,3.7,1,0.1,3.8
34,5,24,34_24,panelist,low,1,0,1,0,3.7,0,0,3.7
34,6,01,34_01,panelist,none,1,0,0,1,3.5,1,0.1,3.6
34,6,02,34_02,reviewer,med,0,0,0,0,3.5,1,0.1,3.6
34,6,03,34_03,panelist,none,1,0,0,1,3.5,0,0,3.5
34,6,04,34_04,panelist,high,1,1,0,0,3.5,1,-0.2,3.5
34,6,05,34_05,panelist,med,1,0,0,0,3.5,0,0,3.5
34,6,06,34_06,panelist,none,1,0,0,1,3.5,1,-0.2,3.5
34,6,07,34_07,panelist,high,1,1,0,0,3.5,0,0,3.5
34,6,08,34_08,panelist,med,1,0,0,0,3.5,0,0,3.5
34,6,09,34_09,panelist,med,1,0,0,0,3.5,0,0,3.5
34,6,10,34_10,panelist,low,1,0,1,0,3.5,0,0,3.5
34,6,11,34_11,panelist,high,1,1,0,0,3.5,0,0,3.5
34,6,12,34_12,panelist,high,1,1,0,0,3.5,0,0,3.5
34,6,13,34_13,panelist,high,1,1,0,0,3.5,1,-0.1,3.5
34,6,14,34_14,panelist,med,1,0,0,0,3.5,1,0.2,3.7
34,6,15,34_15,panelist,med,1,0,0,0,3.5,1,0.1,3.6
34,6,16,34_16,reviewer,low,0,0,1,0,3.5,0,0,3.5
34,6,17,34_17,panelist,none,1,0,0,1,3.5,0,0,3.5
34,6,18,34_18,panelist,low,1,0,1,0,3.5,1,0.2,3.7
34,6,19,34_19,panelist,low,1,0,1,0,3.5,0,0,3.5
34,6,20,34_20,panelist,high,1,1,0,0,3.5,0,0,3.5
34,6,21,34_21,reviewer,med,0,0,0,0,3.5,1,0.1,3.6
34,6,22,34_22,panelist,med,1,0,0,0,3.5,1,-0.1,3.5
34,6,23,34_23,panelist,med,1,0,0,0,3.5,0,0,3.5
34,6,24,34_24,panelist,med,1,0,0,0,3.5,0,0,3.5
34,7,01,34_01,panelist,low,1,0,1,0,3.9,1,-0.2,3.7
34,7,02,34_02,panelist,high,1,1,0,0,3.9,0,0,3.9
34,7,03,34_03,panelist,med,1,0,0,0,3.9,0,0,3.9
34,7,04,34_04,panelist,med,1,0,0,0,3.9,0,0,3.9
34,7,05,34_05,panelist,low,1,0,1,0,3.9,0,0,3.9
34,7,06,34_06,panelist,med,1,0,0,0,3.9,0,0,3.9
34,7,07,34_07,panelist,med,1,0,0,0,3.9,1,-0.1,3.8
34,7,08,34_08,panelist,med,1,0,0,0,3.9,0,0,3.9
34,7,09,34_09,panelist,high,1,1,0,0,3.9,0,0,3.9
34,7,10,34_10,panelist,low,1,0,1,0,3.9,0,0,3.9
34,7,11,34_11,panelist,none,1,0,0,1,3.9,0,0,3.9
34,7,12,34_12,panelist,med,1,0,0,0,3.9,1,0.1,4
34,7,13,34_13,panelist,high,1,1,0,0,3.9,0,0,3.9
34,7,14,34_14,panelist,high,1,1,0,0,3.9,1,0.2,4.1
34,7,15,34_15,panelist,none,1,0,0,1,3.9,0,0,3.9
34,7,16,34_16,panelist,high,1,1,0,0,3.9,0,0,3.9
34,7,17,34_17,panelist,none,1,0,0,1,3.9,1,-0.1,3.8
34,7,18,34_18,panelist,med,1,0,0,0,3.9,0,0,3.9
34,7,19,34_19,reviewer,med,0,0,0,0,3.9,0,0,3.9
34,7,20,34_20,panelist,med,1,0,0,0,3.9,0,0,3.9
34,7,21,34_21,reviewer,none,0,0,0,1,3.9,0,0,3.9
34,7,22,34_22,panelist,low,1,0,1,0,3.9,0,0,3.9
34,7,23,34_23,reviewer,med,0,0,0,0,3.9,0,0,3.9
34,7,24,34_24,panelist,high,1,1,0,0,3.9,0,0,3.9
34,8,01,34_01,panelist,med,1,0,0,0,3.5,0,0,3.5
34,8,02,34_02,panelist,none,1,0,0,1,3.5,1,0.1,3.6
34,8,03,34_03,panelist,none,1,0,0,1,3.5,1,-0.2,3.5
34,8,04,34_04,panelist,low,1,0,1,0,3.5,0,0,3.5
34,8,05,34_05,panelist,low,1,0,1,0,3.5,0,0,3.5
34,8,06,34_06,reviewer,low,0,0,1,0,3.5,0,0,3.5
34,8,07,34_07,panelist,med,1,0,0,0,3.5,1,-0.1,3.5
34,8,08,34_08,panelist,high,1,1,0,0,3.5,0,0,3.5
34,8,09,34_09,panelist,none,1,0,0,1,3.5,1,0.1,3.6
34,8,10,34_10,panelist,med,1,0,0,0,3.5,1,-0.1,3.5
34,8,11,34_11,panelist,med,1,0,0,0,3.5,1,0.1,3.6
34,8,12,34_12,reviewer,med,0,0,0,0,3.5,0,0,3.5
34,8,13,34_13,panelist,high,1,1,0,0,3.5,0,0,3.5
34,8,14,34_14,panelist,none,1,0,0,1,3.5,0,0,3.5
34,8,15,34_15,panelist,med,1,0,0,0,3.5,0,0,3.5
34,8,16,34_16,panelist,med,1,0,0,0,3.5,0,0,3.5
34,8,17,34_17,reviewer,med,0,0,0,0,3.5,0,0,3.5
34,8,18,34_18,panelist,low,1,0,1,0,3.5,0,0,3.5
34,8,19,34_19,panelist,high,1,1,0,0,3.5,1,-0.1,3.5
34,8,20,34_20,panelist,high,1,1,0,0,3.5,0,0,3.5
34,8,21,34_21,panelist,high,1,1,0,0,3.5,0,0,3.5
34,8,22,34_22,panelist,med,1,0,0,0,3.5,1,-0.1,3.5
34,8,23,34_23,panelist,med,1,0,0,0,3.5,0,0,3.5
34,8,24,34_24,panelist,high,1,1,0,0,3.5,1,-0.1,3.5
34,9,01,34_01,panelist,low,1,0,1,0,4.2,0,0,4.2
34,9,02,34_02,panelist,med,1,0,0,0,4.2,0,0,4.2
34,9,03,34_03,panelist,high,1,1,0,0,4.2,0,0,4.2
34,9,04,34_04,panelist,high,1,1,0,0,4.2,0,0,4.2
34,9,05,34_05,reviewer,high,0,1,0,0,4.2,0,0,4.2
34,9,06,34_06,panelist,none,1,0,0,1,4.2,1,0.3,4.5
34,9,07,34_07,reviewer,low,0,0,1,0,4.2,0,0,4.2
34,9,08,34_08,panelist,none,1,0,0,1,4.2,0,0,4.2
34,9,09,34_09,panelist,med,1,0,0,0,4.2,1,0.2,4.4
34,9,10,34_10,panelist,high,1,1,0,0,4.2,0,0,4.2
34,9,11,34_11,panelist,none,1,0,0,1,4.2,0,0,4.2
34,9,12,34_12,panelist,none,1,0,0,1,4.2,0,0,4.2
34,9,13,34_13,reviewer,low,0,0,1,0,4.2,1,0.3,4.5
34,9,14,34_14,panelist,high,1,1,0,0,4.2,0,0,4.2
34,9,15,34_15,panelist,med,1,0,0,0,4.2,0,0,4.2
34,9,16,34_16,panelist,med,1,0,0,0,4.2,0,0,4.2
34,9,17,34_17,panelist,high,1,1,0,0,4.2,0,0,4.2
34,9,18,34_18,panelist,med,1,0,0,0,4.2,0,0,4.2
34,9,19,34_19,panelist,low,1,0,1,0,4.2,0,0,4.2
34,9,20,34_20,panelist,med,1,0,0,0,4.2,0,0,4.2
34,9,21,34_21,panelist,med,1,0,0,0,4.2,1,-0.3,3.9
34,9,22,34_22,panelist,med,1,0,0,0,4.2,0,0,4.2
34,9,23,34_23,panelist,med,1,0,0,0,4.2,0,0,4.2
34,9,24,34_24,panelist,med,1,0,0,0,4.2,1,0.3,4.5
34,10,01,34_01,panelist,high,1,1,0,0,4.5,1,-0.1,4.4
34,10,02,34_02,panelist,high,1,1,0,0,4.5,0,0,4.5
34,10,03,34_03,panelist,med,1,0,0,0,4.5,0,0,4.5
34,10,04,34_04,panelist,med,1,0,0,0,4.5,1,0.1,4.6
34,10,05,34_05,panelist,none,1,0,0,1,4.5,1,-0.1,4.4
34,10,06,34_06,reviewer,med,0,0,0,0,4.5,1,0.2,4.7
34,10,07,34_07,reviewer,high,0,1,0,0,4.5,0,0,4.5
34,10,08,34_08,panelist,high,1,1,0,0,4.5,0,0,4.5
34,10,09,34_09,panelist,low,1,0,1,0,4.5,0,0,4.5
34,10,10,34_10,panelist,none,1,0,0,1,4.5,0,0,4.5
34,10,11,34_11,panelist,high,1,1,0,0,4.5,0,0,4.5
34,10,12,34_12,panelist,none,1,0,0,1,4.5,0,0,4.5
34,10,13,34_13,panelist,med,1,0,0,0,4.5,0,0,4.5
34,10,14,34_14,panelist,low,1,0,1,0,4.5,1,0.1,4.6
34,10,15,34_15,panelist,none,1,0,0,1,4.5,0,0,4.5
34,10,16,34_16,panelist,med,1,0,0,0,4.5,0,0,4.5
34,10,17,34_17,panelist,low,1,0,1,0,4.5,0,0,4.5
34,10,18,34_18,panelist,med,1,0,0,0,4.5,1,-0.1,4.4
34,10,19,34_19,panelist,med,1,0,0,0,4.5,0,0,4.5
34,10,20,34_20,panelist,med,1,0,0,0,4.5,0,0,4.5
34,10,21,34_21,panelist,low,1,0,1,0,4.5,0,0,4.5
34,10,22,34_22,panelist,high,1,1,0,0,4.5,0,0,4.5
34,10,23,34_23,panelist,med,1,0,0,0,4.5,0,0,4.5
34,10,24,34_24,reviewer,med,0,0,0,0,4.5,0,0,4.5
34,11,01,34_01,reviewer,high,0,1,0,0,4.2,0,0,4.2
34,11,02,34_02,panelist,none,1,0,0,1,4.2,0,0,4.2
34,11,03,34_03,panelist,low,1,0,1,0,4.2,0,0,4.2
34,11,04,34_04,reviewer,med,0,0,0,0,4.2,0,0,4.2
34,11,05,34_05,panelist,med,1,0,0,0,4.2,1,-0.1,4.1
34,11,06,34_06,panelist,med,1,0,0,0,4.2,1,-0.2,4
34,11,07,34_07,panelist,med,1,0,0,0,4.2,0,0,4.2
34,11,08,34_08,panelist,med,1,0,0,0,4.2,0,0,4.2
34,11,09,34_09,panelist,high,1,1,0,0,4.2,0,0,4.2
34,11,10,34_10,panelist,med,1,0,0,0,4.2,0,0,4.2
34,11,11,34_11,panelist,high,1,1,0,0,4.2,1,-0.1,4.1
34,11,12,34_12,panelist,low,1,0,1,0,4.2,1,-0.2,4
34,11,13,34_13,panelist,med,1,0,0,0,4.2,0,0,4.2
34,11,14,34_14,panelist,med,1,0,0,0,4.2,0,0,4.2
34,11,15,34_15,panelist,none,1,0,0,1,4.2,0,0,4.2
34,11,16,34_16,panelist,low,1,0,1,0,4.2,0,0,4.2
34,11,17,34_17,reviewer,med,0,0,0,0,4.2,0,0,4.2
34,11,18,34_18,panelist,med,1,0,0,0,4.2,0,0,4.2
34,11,19,34_19,panelist,low,1,0,1,0,4.2,0,0,4.2
34,11,20,34_20,panelist,high,1,1,0,0,4.2,1,0.2,4.4
34,11,21,34_21,panelist,high,1,1,0,0,4.2,1,0.1,4.3
34,11,22,34_22,panelist,none,1,0,0,1,4.2,0,0,4.2
34,11,23,34_23,panelist,none,1,0,0,1,4.2,1,0.1,4.3
34,11,24,34_24,panelist,high,1,1,0,0,4.2,1,0.2,4.4
34,12,01,34_01,panelist,high,1,1,0,0,4.8,0,0,4.8
34,12,02,34_02,reviewer,low,0,0,1,0,4.8,1,0.1,4.9
34,12,03,34_03,reviewer,med,0,0,0,0,4.8,1,-0.1,4.7
34,12,04,34_04,panelist,none,1,0,0,1,4.8,0,0,4.8
34,12,05,34_05,panelist,high,1,1,0,0,4.8,0,0,4.8
34,12,06,34_06,panelist,low,1,0,1,0,4.8,1,0.2,4.9
34,12,07,34_07,panelist,med,1,0,0,0,4.8,0,0,4.8
34,12,08,34_08,reviewer,high,0,1,0,0,4.8,0,0,4.8
34,12,09,34_09,panelist,med,1,0,0,0,4.8,0,0,4.8
34,12,10,34_10,panelist,med,1,0,0,0,4.8,0,0,4.8
34,12,11,34_11,panelist,none,1,0,0,1,4.8,1,0.1,4.9
34,12,12,34_12,panelist,med,1,0,0,0,4.8,0,0,4.8
34,12,13,34_13,panelist,med,1,0,0,0,4.8,1,0.2,4.9
34,12,14,34_14,panelist,low,1,0,1,0,4.8,0,0,4.8
34,12,15,34_15,panelist,high,1,1,0,0,4.8,0,0,4.8
34,12,16,34_16,panelist,low,1,0,1,0,4.8,0,0,4.8
34,12,17,34_17,panelist,none,1,0,0,1,4.8,1,-0.1,4.7
34,12,18,34_18,panelist,med,1,0,0,0,4.8,0,0,4.8
34,12,19,34_19,panelist,med,1,0,0,0,4.8,0,0,4.8
34,12,20,34_20,panelist,high,1,1,0,0,4.8,0,0,4.8
34,12,21,34_21,panelist,med,1,0,0,0,4.8,0,0,4.8
34,12,22,34_22,panelist,med,1,0,0,0,4.8,0,0,4.8
34,12,23,34_23,panelist,high,1,1,0,0,4.8,1,0.2,4.9
34,12,24,34_24,panelist,none,1,0,0,1,4.8,0,0,4.8
34,13,01,34_01,panelist,med,1,0,0,0,4.6,0,0,4.6
34,13,02,34_02,panelist,high,1,1,0,0,4.6,1,0.1,4.7
34,13,03,34_03,panelist,med,1,0,0,0,4.6,1,-0.2,4.4
34,13,04,34_04,panelist,low,1,0,1,0,4.6,1,-0.2,4.4
34,13,05,34_05,panelist,med,1,0,0,0,4.6,0,0,4.6
34,13,06,34_06,panelist,med,1,0,0,0,4.6,0,0,4.6
34,13,07,34_07,panelist,low,1,0,1,0,4.6,0,0,4.6
34,13,08,34_08,panelist,none,1,0,0,1,4.6,1,0.2,4.8
34,13,09,34_09,panelist,med,1,0,0,0,4.6,0,0,4.6
34,13,10,34_10,panelist,med,1,0,0,0,4.6,0,0,4.6
34,13,11,34_11,panelist,med,1,0,0,0,4.6,0,0,4.6
34,13,12,34_12,panelist,med,1,0,0,0,4.6,1,-0.1,4.5
34,13,13,34_13,panelist,high,1,1,0,0,4.6,0,0,4.6
34,13,14,34_14,panelist,high,1,1,0,0,4.6,0,0,4.6
34,13,15,34_15,panelist,high,1,1,0,0,4.6,0,0,4.6
34,13,16,34_16,reviewer,high,0,1,0,0,4.6,1,-0.1,4.5
34,13,17,34_17,panelist,none,1,0,0,1,4.6,1,-0.1,4.5
34,13,18,34_18,reviewer,none,0,0,0,1,4.6,1,-0.2,4.4
34,13,19,34_19,panelist,low,1,0,1,0,4.6,0,0,4.6
34,13,20,34_20,panelist,med,1,0,0,0,4.6,0,0,4.6
34,13,21,34_21,panelist,low,1,0,1,0,4.6,0,0,4.6
34,13,22,34_22,panelist,med,1,0,0,0,4.6,0,0,4.6
34,13,23,34_23,panelist,high,1,1,0,0,4.6,0,0,4.6
34,13,24,34_24,reviewer,none,0,0,0,1,4.6,0,0,4.6
34,14,01,34_01,panelist,low,1,0,1,0,3.5,1,-0.1,3.5
34,14,02,34_02,panelist,med,1,0,0,0,3.5,0,0,3.5
34,14,03,34_03,panelist,high,1,1,0,0,3.5,1,-0.1,3.5
34,14,04,34_04,panelist,med,1,0,0,0,3.5,0,0,3.5
34,14,05,34_05,reviewer,med,0,0,0,0,3.5,0,0,3.5
34,14,06,34_06,panelist,high,1,1,0,0,3.5,1,0.1,3.6
34,14,07,34_07,panelist,high,1,1,0,0,3.5,1,-0.1,3.5
34,14,08,34_08,reviewer,none,0,0,0,1,3.5,1,0.1,3.6
34,14,09,34_09,panelist,low,1,0,1,0,3.5,1,-0.4,3.5
34,14,10,34_10,panelist,low,1,0,1,0,3.5,1,-0.1,3.5
34,14,11,34_11,panelist,high,1,1,0,0,3.5,0,0,3.5
34,14,12,34_12,reviewer,none,0,0,0,1,3.5,0,0,3.5
34,14,13,34_13,panelist,med,1,0,0,0,3.5,1,-0.1,3.5
34,14,14,34_14,panelist,med,1,0,0,0,3.5,0,0,3.5
34,14,15,34_15,panelist,high,1,1,0,0,3.5,0,0,3.5
34,14,16,34_16,panelist,med,1,0,0,0,3.5,0,0,3.5
34,14,17,34_17,panelist,med,1,0,0,0,3.5,1,-0.1,3.5
34,14,18,34_18,panelist,none,1,0,0,1,3.5,1,0.2,3.7
34,14,19,34_19,panelist,low,1,0,1,0,3.5,1,-0.3,3.5
34,14,20,34_20,panelist,high,1,1,0,0,3.5,0,0,3.5
34,14,21,34_21,panelist,med,1,0,0,0,3.5,0,0,3.5
34,14,22,34_22,panelist,none,1,0,0,1,3.5,0,0,3.5
34,14,23,34_23,panelist,med,1,0,0,0,3.5,1,-0.1,3.5
34,14,24,34_24,panelist,med,1,0,0,0,3.5,1,0.2,3.7
34,15,01,34_01,panelist,high,1,1,0,0,4.3,0,0,4.3
34,15,02,34_02,panelist,med,1,0,0,0,4.3,0,0,4.3
34,15,03,34_03,panelist,high,1,1,0,0,4.3,0,0,4.3
34,15,04,34_04,panelist,med,1,0,0,0,4.3,1,-0.1,4.2
34,15,05,34_05,panelist,none,1,0,0,1,4.3,1,0.2,4.5
34,15,06,34_06,panelist,none,1,0,0,1,4.3,0,0,4.3
34,15,07,34_07,panelist,none,1,0,0,1,4.3,0,0,4.3
34,15,08,34_08,panelist,med,1,0,0,0,4.3,0,0,4.3
34,15,09,34_09,panelist,low,1,0,1,0,4.3,0,0,4.3
34,15,10,34_10,reviewer,med,0,0,0,0,4.3,0,0,4.3
34,15,11,34_11,panelist,low,1,0,1,0,4.3,1,0.1,4.4
34,15,12,34_12,panelist,high,1,1,0,0,4.3,1,0.1,4.4
34,15,13,34_13,panelist,low,1,0,1,0,4.3,1,0.2,4.5
34,15,14,34_14,panelist,med,1,0,0,0,4.3,0,0,4.3
34,15,15,34_15,reviewer,high,0,1,0,0,4.3,1,0.2,4.5
34,15,16,34_16,panelist,med,1,0,0,0,4.3,1,-0.1,4.2
34,15,17,34_17,panelist,none,1,0,0,1,4.3,0,0,4.3
34,15,18,34_18,panelist,med,1,0,0,0,4.3,0,0,4.3
34,15,19,34_19,reviewer,med,0,0,0,0,4.3,0,0,4.3
34,15,20,34_20,panelist,med,1,0,0,0,4.3,0,0,4.3
34,15,21,34_21,panelist,low,1,0,1,0,4.3,0,0,4.3
34,15,22,34_22,panelist,med,1,0,0,0,4.3,0,0,4.3
34,15,23,34_23,panelist,high,1,1,0,0,4.3,0,0,4.3
34,15,24,34_24,panelist,high,1,1,0,0,4.3,0,0,4.3
35,1,01,35_01,panelist,med,1,0,0,0,3.9,1,-0.1,3.8
35,1,02,35_02,panelist,med,1,0,0,0,3.9,1,0.1,4
35,1,03,35_03,panelist,low,1,0,1,0,3.9,0,0,3.9
35,1,04,35_04,reviewer,low,0,0,1,0,3.9,0,0,3.9
35,1,05,35_05,panelist,low,1,0,1,0,3.9,0,0,3.9
35,1,06,35_06,panelist,high,1,1,0,0,3.9,0,0,3.9
35,1,07,35_07,panelist,none,1,0,0,1,3.9,1,0.2,4.1
35,1,08,35_08,panelist,med,1,0,0,0,3.9,1,0.1,4
35,1,09,35_09,panelist,med,1,0,0,0,3.9,0,0,3.9
35,1,10,35_10,panelist,med,1,0,0,0,3.9,1,0.1,4
35,1,11,35_11,panelist,none,1,0,0,1,3.9,0,0,3.9
35,1,12,35_12,panelist,high,1,1,0,0,3.9,0,0,3.9
35,1,13,35_13,panelist,high,1,1,0,0,3.9,1,0.1,4
35,1,14,35_14,panelist,none,1,0,0,1,3.9,1,0.3,4.2
35,1,15,35_15,panelist,med,1,0,0,0,3.9,0,0,3.9
35,1,16,35_16,panelist,none,1,0,0,1,3.9,0,0,3.9
35,1,17,35_17,panelist,low,1,0,1,0,3.9,1,-0.2,3.7
35,1,18,35_18,panelist,high,1,1,0,0,3.9,0,0,3.9
35,1,19,35_19,panelist,high,1,1,0,0,3.9,0,0,3.9
35,1,20,35_20,panelist,med,1,0,0,0,3.9,1,-0.1,3.8
35,1,21,35_21,panelist,med,1,0,0,0,3.9,1,-0.1,3.8
35,1,22,35_22,panelist,med,1,0,0,0,3.9,0,0,3.9
35,1,23,35_23,reviewer,high,0,1,0,0,3.9,0,0,3.9
35,1,24,35_24,reviewer,med,0,0,0,0,3.9,0,0,3.9
35,2,01,35_01,panelist,med,1,0,0,0,4.5,1,0.1,4.6
35,2,02,35_02,panelist,high,1,1,0,0,4.5,0,0,4.5
35,2,03,35_03,panelist,high,1,1,0,0,4.5,1,0.2,4.7
35,2,04,35_04,panelist,med,1,0,0,0,4.5,0,0,4.5
35,2,05,35_05,reviewer,med,0,0,0,0,4.5,0,0,4.5
35,2,06,35_06,panelist,med,1,0,0,0,4.5,1,-0.1,4.4
35,2,07,35_07,reviewer,low,0,0,1,0,4.5,0,0,4.5
35,2,08,35_08,panelist,none,1,0,0,1,4.5,1,0.1,4.6
35,2,09,35_09,reviewer,med,0,0,0,0,4.5,0,0,4.5
35,2,10,35_10,panelist,med,1,0,0,0,4.5,0,0,4.5
35,2,11,35_11,panelist,high,1,1,0,0,4.5,0,0,4.5
35,2,12,35_12,panelist,high,1,1,0,0,4.5,0,0,4.5
35,2,13,35_13,panelist,med,1,0,0,0,4.5,0,0,4.5
35,2,14,35_14,panelist,low,1,0,1,0,4.5,1,-0.2,4.3
35,2,15,35_15,panelist,med,1,0,0,0,4.5,1,-0.2,4.3
35,2,16,35_16,panelist,none,1,0,0,1,4.5,1,0.2,4.7
35,2,17,35_17,panelist,high,1,1,0,0,4.5,0,0,4.5
35,2,18,35_18,panelist,none,1,0,0,1,4.5,0,0,4.5
35,2,19,35_19,panelist,none,1,0,0,1,4.5,0,0,4.5
35,2,20,35_20,panelist,low,1,0,1,0,4.5,1,-0.2,4.3
35,2,21,35_21,panelist,high,1,1,0,0,4.5,1,-0.1,4.4
35,2,22,35_22,panelist,med,1,0,0,0,4.5,0,0,4.5
35,2,23,35_23,panelist,med,1,0,0,0,4.5,1,0.2,4.7
35,2,24,35_24,panelist,low,1,0,1,0,4.5,0,0,4.5
35,3,01,35_01,panelist,med,1,0,0,0,4.4,0,0,4.4
35,3,02,35_02,panelist,low,1,0,1,0,4.4,1,0.2,4.6
35,3,03,35_03,panelist,none,1,0,0,1,4.4,1,-0.1,4.3
35,3,04,35_04,panelist,med,1,0,0,0,4.4,0,0,4.4
35,3,05,35_05,panelist,low,1,0,1,0,4.4,1,0.1,4.5
35,3,06,35_06,panelist,med,1,0,0,0,4.4,0,0,4.4
35,3,07,35_07,panelist,high,1,1,0,0,4.4,0,0,4.4
35,3,08,35_08,panelist,med,1,0,0,0,4.4,0,0,4.4
35,3,09,35_09,panelist,high,1,1,0,0,4.4,1,-0.1,4.3
35,3,10,35_10,panelist,low,1,0,1,0,4.4,1,0.1,4.5
35,3,11,35_11,panelist,high,1,1,0,0,4.4,0,0,4.4
35,3,12,35_12,panelist,none,1,0,0,1,4.4,0,0,4.4
35,3,13,35_13,panelist,high,1,1,0,0,4.4,0,0,4.4
35,3,14,35_14,panelist,med,1,0,0,0,4.4,0,0,4.4
35,3,15,35_15,panelist,high,1,1,0,0,4.4,0,0,4.4
35,3,16,35_16,reviewer,med,0,0,0,0,4.4,1,0.3,4.7
35,3,17,35_17,reviewer,none,0,0,0,1,4.4,1,-0.3,4.1
35,3,18,35_18,panelist,low,1,0,1,0,4.4,0,0,4.4
35,3,19,35_19,panelist,med,1,0,0,0,4.4,0,0,4.4
35,3,20,35_20,panelist,med,1,0,0,0,4.4,1,-0.1,4.3
35,3,21,35_21,panelist,none,1,0,0,1,4.4,1,-0.2,4.2
35,3,22,35_22,panelist,med,1,0,0,0,4.4,0,0,4.4
35,3,23,35_23,reviewer,high,0,1,0,0,4.4,1,-0.3,4.1
35,3,24,35_24,panelist,med,1,0,0,0,4.4,0,0,4.4
35,4,01,35_01,panelist,med,1,0,0,0,4,0,0,4
35,4,02,35_02,panelist,low,1,0,1,0,4,1,0.1,4.1
35,4,03,35_03,panelist,none,1,0,0,1,4,1,0.2,4.2
35,4,04,35_04,panelist,med,1,0,0,0,4,0,0,4
35,4,05,35_05,panelist,high,1,1,0,0,4,0,0,4
35,4,06,35_06,panelist,none,1,0,0,1,4,0,0,4
35,4,07,35_07,panelist,high,1,1,0,0,4,1,-0.2,3.8
35,4,08,35_08,panelist,high,1,1,0,0,4,0,0,4
35,4,09,35_09,panelist,high,1,1,0,0,4,1,-0.1,3.9
35,4,10,35_10,reviewer,low,0,0,1,0,4,0,0,4
35,4,11,35_11,panelist,high,1,1,0,0,4,0,0,4
35,4,12,35_12,panelist,med,1,0,0,0,4,1,-0.1,3.9
35,4,13,35_13,panelist,none,1,0,0,1,4,1,0.1,4.1
35,4,14,35_14,reviewer,med,0,0,0,0,4,0,0,4
35,4,15,35_15,panelist,none,1,0,0,1,4,0,0,4
35,4,16,35_16,panelist,low,1,0,1,0,4,0,0,4
35,4,17,35_17,panelist,med,1,0,0,0,4,0,0,4
35,4,18,35_18,panelist,low,1,0,1,0,4,0,0,4
35,4,19,35_19,panelist,med,1,0,0,0,4,0,0,4
35,4,20,35_20,panelist,med,1,0,0,0,4,0,0,4
35,4,21,35_21,panelist,high,1,1,0,0,4,0,0,4
35,4,22,35_22,reviewer,med,0,0,0,0,4,0,0,4
35,4,23,35_23,panelist,med,1,0,0,0,4,1,-0.4,3.6
35,4,24,35_24,panelist,med,1,0,0,0,4,0,0,4
35,5,01,35_01,reviewer,med,0,0,0,0,3.9,0,0,3.9
35,5,02,35_02,panelist,med,1,0,0,0,3.9,1,-0.2,3.7
35,5,03,35_03,panelist,med,1,0,0,0,3.9,1,-0.1,3.8
35,5,04,35_04,panelist,low,1,0,1,0,3.9,1,-0.2,3.7
35,5,05,35_05,panelist,high,1,1,0,0,3.9,0,0,3.9
35,5,06,35_06,panelist,none,1,0,0,1,3.9,0,0,3.9
35,5,07,35_07,panelist,med,1,0,0,0,3.9,0,0,3.9
35,5,08,35_08,panelist,med,1,0,0,0,3.9,0,0,3.9
35,5,09,35_09,panelist,low,1,0,1,0,3.9,0,0,3.9
35,5,10,35_10,panelist,none,1,0,0,1,3.9,0,0,3.9
35,5,11,35_11,panelist,high,1,1,0,0,3.9,0,0,3.9
35,5,12,35_12,reviewer,med,0,0,0,0,3.9,0,0,3.9
35,5,13,35_13,panelist,med,1,0,0,0,3.9,0,0,3.9
35,5,14,35_14,panelist,none,1,0,0,1,3.9,0,0,3.9
35,5,15,35_15,reviewer,low,0,0,1,0,3.9,0,0,3.9
35,5,16,35_16,panelist,high,1,1,0,0,3.9,0,0,3.9
35,5,17,35_17,panelist,high,1,1,0,0,3.9,0,0,3.9
35,5,18,35_18,panelist,med,1,0,0,0,3.9,1,0.2,4.1
35,5,19,35_19,panelist,none,1,0,0,1,3.9,0,0,3.9
35,5,20,35_20,panelist,low,1,0,1,0,3.9,0,0,3.9
35,5,21,35_21,panelist,high,1,1,0,0,3.9,1,0.1,4
35,5,22,35_22,panelist,high,1,1,0,0,3.9,0,0,3.9
35,5,23,35_23,panelist,med,1,0,0,0,3.9,1,0.2,4.1
35,5,24,35_24,panelist,med,1,0,0,0,3.9,1,0.1,4
35,6,01,35_01,panelist,none,1,0,0,1,3.7,0,0,3.7
35,6,02,35_02,reviewer,high,0,1,0,0,3.7,0,0,3.7
35,6,03,35_03,panelist,med,1,0,0,0,3.7,1,-0.2,3.5
35,6,04,35_04,panelist,high,1,1,0,0,3.7,1,-0.2,3.5
35,6,05,35_05,reviewer,med,0,0,0,0,3.7,0,0,3.7
35,6,06,35_06,panelist,high,1,1,0,0,3.7,0,0,3.7
35,6,07,35_07,panelist,high,1,1,0,0,3.7,1,0.1,3.8
35,6,08,35_08,panelist,med,1,0,0,0,3.7,1,-0.1,3.6
35,6,09,35_09,panelist,low,1,0,1,0,3.7,0,0,3.7
35,6,10,35_10,panelist,low,1,0,1,0,3.7,0,0,3.7
35,6,11,35_11,panelist,none,1,0,0,1,3.7,1,0.1,3.8
35,6,12,35_12,panelist,med,1,0,0,0,3.7,0,0,3.7
35,6,13,35_13,panelist,med,1,0,0,0,3.7,0,0,3.7
35,6,14,35_14,panelist,med,1,0,0,0,3.7,1,-0.1,3.6
35,6,15,35_15,panelist,low,1,0,1,0,3.7,0,0,3.7
35,6,16,35_16,panelist,none,1,0,0,1,3.7,1,-0.2,3.5
35,6,17,35_17,panelist,med,1,0,0,0,3.7,1,-0.2,3.5
35,6,18,35_18,panelist,high,1,1,0,0,3.7,0,0,3.7
35,6,19,35_19,panelist,none,1,0,0,1,3.7,0,0,3.7
35,6,20,35_20,panelist,low,1,0,1,0,3.7,1,0.1,3.8
35,6,21,35_21,panelist,med,1,0,0,0,3.7,0,0,3.7
35,6,22,35_22,panelist,high,1,1,0,0,3.7,0,0,3.7
35,6,23,35_23,reviewer,med,0,0,0,0,3.7,0,0,3.7
35,6,24,35_24,panelist,med,1,0,0,0,3.7,1,0.2,3.9
35,7,01,35_01,panelist,high,1,1,0,0,4.2,0,0,4.2
35,7,02,35_02,panelist,high,1,1,0,0,4.2,0,0,4.2
35,7,03,35_03,panelist,med,1,0,0,0,4.2,1,0.1,4.3
35,7,04,35_04,panelist,high,1,1,0,0,4.2,0,0,4.2
35,7,05,35_05,panelist,med,1,0,0,0,4.2,0,0,4.2
35,7,06,35_06,panelist,med,1,0,0,0,4.2,0,0,4.2
35,7,07,35_07,reviewer,low,0,0,1,0,4.2,0,0,4.2
35,7,08,35_08,panelist,med,1,0,0,0,4.2,1,-0.1,4.1
35,7,09,35_09,panelist,med,1,0,0,0,4.2,0,0,4.2
35,7,10,35_10,panelist,med,1,0,0,0,4.2,0,0,4.2
35,7,11,35_11,panelist,med,1,0,0,0,4.2,0,0,4.2
35,7,12,35_12,panelist,med,1,0,0,0,4.2,0,0,4.2
35,7,13,35_13,panelist,low,1,0,1,0,4.2,0,0,4.2
35,7,14,35_14,panelist,high,1,1,0,0,4.2,1,-0.1,4.1
35,7,15,35_15,panelist,none,1,0,0,1,4.2,1,-0.2,4
35,7,16,35_16,panelist,none,1,0,0,1,4.2,0,0,4.2
35,7,17,35_17,panelist,med,1,0,0,0,4.2,0,0,4.2
35,7,18,35_18,panelist,high,1,1,0,0,4.2,0,0,4.2
35,7,19,35_19,panelist,none,1,0,0,1,4.2,0,0,4.2
35,7,20,35_20,panelist,low,1,0,1,0,4.2,1,0.2,4.4
35,7,21,35_21,reviewer,high,0,1,0,0,4.2,0,0,4.2
35,7,22,35_22,reviewer,med,0,0,0,0,4.2,0,0,4.2
35,7,23,35_23,panelist,none,1,0,0,1,4.2,1,0.2,4.4
35,7,24,35_24,panelist,low,1,0,1,0,4.2,1,-0.3,3.9
35,8,01,35_01,panelist,high,1,1,0,0,3.7,0,0,3.7
35,8,02,35_02,panelist,none,1,0,0,1,3.7,1,-0.2,3.5
35,8,03,35_03,panelist,med,1,0,0,0,3.7,0,0,3.7
35,8,04,35_04,panelist,low,1,0,1,0,3.7,1,-0.1,3.6
35,8,05,35_05,panelist,high,1,1,0,0,3.7,1,-0.1,3.6
35,8,06,35_06,panelist,high,1,1,0,0,3.7,0,0,3.7
35,8,07,35_07,panelist,med,1,0,0,0,3.7,0,0,3.7
35,8,08,35_08,reviewer,med,0,0,0,0,3.7,0,0,3.7
35,8,09,35_09,panelist,none,1,0,0,1,3.7,0,0,3.7
35,8,10,35_10,reviewer,med,0,0,0,0,3.7,0,0,3.7
35,8,11,35_11,panelist,none,1,0,0,1,3.7,0,0,3.7
35,8,12,35_12,panelist,low,1,0,1,0,3.7,0,0,3.7
35,8,13,35_13,panelist,low,1,0,1,0,3.7,0,0,3.7
35,8,14,35_14,reviewer,high,0,1,0,0,3.7,0,0,3.7
35,8,15,35_15,panelist,med,1,0,0,0,3.7,1,-0.1,3.6
35,8,16,35_16,panelist,med,1,0,0,0,3.7,0,0,3.7
35,8,17,35_17,panelist,med,1,0,0,0,3.7,0,0,3.7
35,8,18,35_18,panelist,low,1,0,1,0,3.7,1,-0.1,3.6
35,8,19,35_19,panelist,none,1,0,0,1,3.7,1,0.2,3.9
35,8,20,35_20,panelist,med,1,0,0,0,3.7,1,-0.2,3.5
35,8,21,35_21,panelist,high,1,1,0,0,3.7,1,-0.2,3.5
35,8,22,35_22,panelist,high,1,1,0,0,3.7,0,0,3.7
35,8,23,35_23,panelist,med,1,0,0,0,3.7,1,0.1,3.8
35,8,24,35_24,panelist,med,1,0,0,0,3.7,1,0.1,3.8
35,9,01,35_01,panelist,med,1,0,0,0,4.4,1,0.1,4.5
35,9,02,35_02,panelist,med,1,0,0,0,4.4,0,0,4.4
35,9,03,35_03,panelist,none,1,0,0,1,4.4,1,-0.1,4.3
35,9,04,35_04,panelist,low,1,0,1,0,4.4,0,0,4.4
35,9,05,35_05,panelist,med,1,0,0,0,4.4,1,-0.1,4.3
35,9,06,35_06,panelist,high,1,1,0,0,4.4,0,0,4.4
35,9,07,35_07,panelist,med,1,0,0,0,4.4,1,-0.2,4.2
35,9,08,35_08,panelist,high,1,1,0,0,4.4,0,0,4.4
35,9,09,35_09,panelist,med,1,0,0,0,4.4,1,-0.2,4.2
35,9,10,35_10,panelist,high,1,1,0,0,4.4,0,0,4.4
35,9,11,35_11,panelist,med,1,0,0,0,4.4,0,0,4.4
35,9,12,35_12,panelist,low,1,0,1,0,4.4,0,0,4.4
35,9,13,35_13,panelist,high,1,1,0,0,4.4,0,0,4.4
35,9,14,35_14,panelist,high,1,1,0,0,4.4,0,0,4.4
35,9,15,35_15,panelist,med,1,0,0,0,4.4,1,0.1,4.5
35,9,16,35_16,panelist,med,1,0,0,0,4.4,1,-0.3,4.1
35,9,17,35_17,panelist,none,1,0,0,1,4.4,0,0,4.4
35,9,18,35_18,panelist,none,1,0,0,1,4.4,1,0.1,4.5
35,9,19,35_19,reviewer,high,0,1,0,0,4.4,1,-0.1,4.3
35,9,20,35_20,reviewer,low,0,0,1,0,4.4,1,0.2,4.6
35,9,21,35_21,panelist,med,1,0,0,0,4.4,0,0,4.4
35,9,22,35_22,panelist,none,1,0,0,1,4.4,1,-0.1,4.3
35,9,23,35_23,panelist,low,1,0,1,0,4.4,1,0.1,4.5
35,9,24,35_24,reviewer,med,0,0,0,0,4.4,0,0,4.4
35,10,01,35_01,panelist,high,1,1,0,0,4.8,0,0,4.8
35,10,02,35_02,panelist,high,1,1,0,0,4.8,0,0,4.8
35,10,03,35_03,panelist,low,1,0,1,0,4.8,0,0,4.8
35,10,04,35_04,panelist,high,1,1,0,0,4.8,0,0,4.8
35,10,05,35_05,panelist,med,1,0,0,0,4.8,0,0,4.8
35,10,06,35_06,panelist,high,1,1,0,0,4.8,0,0,4.8
35,10,07,35_07,panelist,med,1,0,0,0,4.8,0,0,4.8
35,10,08,35_08,panelist,med,1,0,0,0,4.8,1,-0.1,4.7
35,10,09,35_09,panelist,med,1,0,0,0,4.8,0,0,4.8
35,10,10,35_10,panelist,low,1,0,1,0,4.8,0,0,4.8
35,10,11,35_11,panelist,med,1,0,0,0,4.8,0,0,4.8
35,10,12,35_12,panelist,med,1,0,0,0,4.8,0,0,4.8
35,10,13,35_13,reviewer,low,0,0,1,0,4.8,0,0,4.8
35,10,14,35_14,panelist,low,1,0,1,0,4.8,1,0.1,4.9
35,10,15,35_15,reviewer,med,0,0,0,0,4.8,1,0.2,4.9
35,10,16,35_16,panelist,med,1,0,0,0,4.8,0,0,4.8
35,10,17,35_17,panelist,high,1,1,0,0,4.8,0,0,4.8
35,10,18,35_18,reviewer,med,0,0,0,0,4.8,1,-0.1,4.7
35,10,19,35_19,panelist,none,1,0,0,1,4.8,0,0,4.8
35,10,20,35_20,panelist,high,1,1,0,0,4.8,0,0,4.8
35,10,21,35_21,panelist,med,1,0,0,0,4.8,1,0.2,4.9
35,10,22,35_22,panelist,none,1,0,0,1,4.8,1,0.2,4.9
35,10,23,35_23,panelist,none,1,0,0,1,4.8,0,0,4.8
35,10,24,35_24,panelist,none,1,0,0,1,4.8,0,0,4.8
35,11,01,35_01,panelist,low,1,0,1,0,4.4,0,0,4.4
35,11,02,35_02,panelist,med,1,0,0,0,4.4,0,0,4.4
35,11,03,35_03,panelist,high,1,1,0,0,4.4,0,0,4.4
35,11,04,35_04,panelist,med,1,0,0,0,4.4,1,-0.2,4.2
35,11,05,35_05,panelist,med,1,0,0,0,4.4,0,0,4.4
35,11,06,35_06,panelist,low,1,0,1,0,4.4,1,-0.2,4.2
35,11,07,35_07,panelist,high,1,1,0,0,4.4,0,0,4.4
35,11,08,35_08,panelist,med,1,0,0,0,4.4,1,-0.1,4.3
35,11,09,35_09,panelist,high,1,1,0,0,4.4,0,0,4.4
35,11,10,35_10,reviewer,none,0,0,0,1,4.4,0,0,4.4
35,11,11,35_11,panelist,med,1,0,0,0,4.4,0,0,4.4
35,11,12,35_12,panelist,none,1,0,0,1,4.4,0,0,4.4
35,11,13,35_13,panelist,high,1,1,0,0,4.4,1,-0.2,4.2
35,11,14,35_14,panelist,low,1,0,1,0,4.4,0,0,4.4
35,11,15,35_15,panelist,low,1,0,1,0,4.4,1,0.1,4.5
35,11,16,35_16,reviewer,high,0,1,0,0,4.4,0,0,4.4
35,11,17,35_17,panelist,none,1,0,0,1,4.4,1,0.2,4.6
35,11,18,35_18,panelist,none,1,0,0,1,4.4,1,0.2,4.6
35,11,19,35_19,panelist,med,1,0,0,0,4.4,1,-0.1,4.3
35,11,20,35_20,reviewer,med,0,0,0,0,4.4,0,0,4.4
35,11,21,35_21,panelist,med,1,0,0,0,4.4,0,0,4.4
35,11,22,35_22,panelist,med,1,0,0,0,4.4,0,0,4.4
35,11,23,35_23,panelist,high,1,1,0,0,4.4,1,0.4,4.8
35,11,24,35_24,panelist,med,1,0,0,0,4.4,0,0,4.4
35,12,01,35_01,panelist,med,1,0,0,0,4.9,0,0,4.9
35,12,02,35_02,panelist,med,1,0,0,0,4.9,0,0,4.9
35,12,03,35_03,panelist,high,1,1,0,0,4.9,1,0.2,4.9
35,12,04,35_04,reviewer,high,0,1,0,0,4.9,0,0,4.9
35,12,05,35_05,panelist,none,1,0,0,1,4.9,1,0.1,4.9
35,12,06,35_06,panelist,med,1,0,0,0,4.9,0,0,4.9
35,12,07,35_07,panelist,none,1,0,0,1,4.9,1,0.2,4.9
35,12,08,35_08,reviewer,med,0,0,0,0,4.9,0,0,4.9
35,12,09,35_09,panelist,high,1,1,0,0,4.9,0,0,4.9
35,12,10,35_10,panelist,med,1,0,0,0,4.9,0,0,4.9
35,12,11,35_11,reviewer,med,0,0,0,0,4.9,0,0,4.9
35,12,12,35_12,panelist,med,1,0,0,0,4.9,1,0.2,4.9
35,12,13,35_13,panelist,none,1,0,0,1,4.9,0,0,4.9
35,12,14,35_14,panelist,high,1,1,0,0,4.9,0,0,4.9
35,12,15,35_15,panelist,high,1,1,0,0,4.9,1,-0.1,4.8
35,12,16,35_16,panelist,none,1,0,0,1,4.9,0,0,4.9
35,12,17,35_17,panelist,low,1,0,1,0,4.9,0,0,4.9
35,12,18,35_18,panelist,low,1,0,1,0,4.9,0,0,4.9
35,12,19,35_19,panelist,med,1,0,0,0,4.9,0,0,4.9
35,12,20,35_20,panelist,low,1,0,1,0,4.9,0,0,4.9
35,12,21,35_21,panelist,med,1,0,0,0,4.9,0,0,4.9
35,12,22,35_22,panelist,low,1,0,1,0,4.9,1,0.2,4.9
35,12,23,35_23,panelist,med,1,0,0,0,4.9,0,0,4.9
35,12,24,35_24,panelist,high,1,1,0,0,4.9,0,0,4.9
35,13,01,35_01,panelist,none,1,0,0,1,4.8,1,-0.1,4.7
35,13,02,35_02,reviewer,med,0,0,0,0,4.8,0,0,4.8
35,13,03,35_03,panelist,high,1,1,0,0,4.8,0,0,4.8
35,13,04,35_04,panelist,med,1,0,0,0,4.8,0,0,4.8
35,13,05,35_05,reviewer,high,0,1,0,0,4.8,0,0,4.8
35,13,06,35_06,panelist,none,1,0,0,1,4.8,0,0,4.8
35,13,07,35_07,panelist,high,1,1,0,0,4.8,0,0,4.8
35,13,08,35_08,panelist,med,1,0,0,0,4.8,1,0.2,4.9
35,13,09,35_09,panelist,med,1,0,0,0,4.8,1,-0.2,4.6
35,13,10,35_10,panelist,none,1,0,0,1,4.8,1,-0.3,4.5
35,13,11,35_11,panelist,med,1,0,0,0,4.8,0,0,4.8
35,13,12,35_12,panelist,med,1,0,0,0,4.8,1,-0.1,4.7
35,13,13,35_13,panelist,med,1,0,0,0,4.8,1,0.1,4.9
35,13,14,35_14,panelist,med,1,0,0,0,4.8,1,0.3,4.9
35,13,15,35_15,reviewer,low,0,0,1,0,4.8,0,0,4.8
35,13,16,35_16,panelist,low,1,0,1,0,4.8,1,0.1,4.9
35,13,17,35_17,panelist,med,1,0,0,0,4.8,0,0,4.8
35,13,18,35_18,panelist,none,1,0,0,1,4.8,0,0,4.8
35,13,19,35_19,panelist,low,1,0,1,0,4.8,0,0,4.8
35,13,20,35_20,panelist,high,1,1,0,0,4.8,0,0,4.8
35,13,21,35_21,panelist,high,1,1,0,0,4.8,1,0.1,4.9
35,13,22,35_22,panelist,high,1,1,0,0,4.8,0,0,4.8
35,13,23,35_23,panelist,med,1,0,0,0,4.8,0,0,4.8
35,13,24,35_24,panelist,low,1,0,1,0,4.8,1,0.1,4.9
35,14,01,35_01,panelist,none,1,0,0,1,3.8,0,0,3.8
35,14,02,35_02,panelist,high,1,1,0,0,3.8,0,0,3.8
35,14,03,35_03,panelist,high,1,1,0,0,3.8,1,0.1,3.9
35,14,04,35_04,panelist,low,1,0,1,0,3.8,0,0,3.8
35,14,05,35_05,panelist,high,1,1,0,0,3.8,0,0,3.8
35,14,06,35_06,panelist,med,1,0,0,0,3.8,1,0.1,3.9
35,14,07,35_07,reviewer,none,0,0,0,1,3.8,0,0,3.8
35,14,08,35_08,panelist,med,1,0,0,0,3.8,0,0,3.8
35,14,09,35_09,panelist,low,1,0,1,0,3.8,1,-0.2,3.6
35,14,10,35_10,panelist,none,1,0,0,1,3.8,1,-0.1,3.7
35,14,11,35_11,panelist,med,1,0,0,0,3.8,0,0,3.8
35,14,12,35_12,reviewer,med,0,0,0,0,3.8,0,0,3.8
35,14,13,35_13,panelist,high,1,1,0,0,3.8,1,0.1,3.9
35,14,14,35_14,panelist,low,1,0,1,0,3.8,1,-0.2,3.6
35,14,15,35_15,panelist,low,1,0,1,0,3.8,1,-0.1,3.7
35,14,16,35_16,panelist,med,1,0,0,0,3.8,0,0,3.8
35,14,17,35_17,panelist,med,1,0,0,0,3.8,0,0,3.8
35,14,18,35_18,panelist,med,1,0,0,0,3.8,0,0,3.8
35,14,19,35_19,panelist,med,1,0,0,0,3.8,0,0,3.8
35,14,20,35_20,panelist,high,1,1,0,0,3.8,0,0,3.8
35,14,21,35_21,panelist,med,1,0,0,0,3.8,0,0,3.8
35,14,22,35_22,reviewer,none,0,0,0,1,3.8,0,0,3.8
35,14,23,35_23,panelist,med,1,0,0,0,3.8,0,0,3.8
35,14,24,35_24,panelist,high,1,1,0,0,3.8,0,0,3.8
35,15,01,35_01,panelist,none,1,0,0,1,4.6,0,0,4.6
35,15,02,35_02,panelist,med,1,0,0,0,4.6,0,0,4.6
35,15,03,35_03,panelist,low,1,0,1,0,4.6,0,0,4.6
35,15,04,35_04,panelist,med,1,0,0,0,4.6,0,0,4.6
35,15,05,35_05,panelist,high,1,1,0,0,4.6,0,0,4.6
35,15,06,35_06,panelist,low,1,0,1,0,4.6,0,0,4.6
35,15,07,35_07,panelist,med,1,0,0,0,4.6,0,0,4.6
35,15,08,35_08,reviewer,med,0,0,0,0,4.6,0,0,4.6
35,15,09,35_09,panelist,none,1,0,0,1,4.6,1,0.1,4.7
35,15,10,35_10,panelist,none,1,0,0,1,4.6,0,0,4.6
35,15,11,35_11,panelist,med,1,0,0,0,4.6,0,0,4.6
35,15,12,35_12,reviewer,low,0,0,1,0,4.6,0,0,4.6
35,15,13,35_13,panelist,high,1,1,0,0,4.6,0,0,4.6
35,15,14,35_14,panelist,high,1,1,0,0,4.6,0,0,4.6
35,15,15,35_15,panelist,high,1,1,0,0,4.6,0,0,4.6
35,15,16,35_16,panelist,med,1,0,0,0,4.6,1,0.1,4.7
35,15,17,35_17,panelist,low,1,0,1,0,4.6,1,0.2,4.8
35,15,18,35_18,panelist,med,1,0,0,0,4.6,1,0.2,4.8
35,15,19,35_19,panelist,none,1,0,0,1,4.6,0,0,4.6
35,15,20,35_20,reviewer,high,0,1,0,0,4.6,1,-0.2,4.4
35,15,21,35_21,panelist,med,1,0,0,0,4.6,1,0.1,4.7
35,15,22,35_22,panelist,med,1,0,0,0,4.6,0,0,4.6
35,15,23,35_23,panelist,high,1,1,0,0,4.6,1,0.1,4.7
35,15,24,35_24,panelist,med,1,0,0,0,4.6,0,0,4.6
36,1,01,36_01,panelist,med,1,0,0,0,3.7,0,0,3.7
36,1,02,36_02,panelist,high,1,1,0,0,3.7,1,0.2,3.9
36,1,03,36_03,panelist,none,1,0,0,1,3.7,0,0,3.7
36,1,04,36_04,panelist,med,1,0,0,0,3.7,0,0,3.7
36,1,05,36_05,panelist,med,1,0,0,0,3.7,0,0,3.7
36,1,06,36_06,reviewer,high,0,1,0,0,3.7,0,0,3.7
36,1,07,36_07,reviewer,high,0,1,0,0,3.7,0,0,3.7
36,1,08,36_08,panelist,high,1,1,0,0,3.7,0,0,3.7
36,1,09,36_09,panelist,low,1,0,1,0,3.7,1,0.1,3.8
36,1,10,36_10,panelist,none,1,0,0,1,3.7,1,-0.2,3.5
36,1,11,36_11,reviewer,med,0,0,0,0,3.7,1,-0.3,3.5
36,1,12,36_12,panelist,high,1,1,0,0,3.7,0,0,3.7
36,1,13,36_13,panelist,low,1,0,1,0,3.7,1,0.3,4
36,1,14,36_14,panelist,med,1,0,0,0,3.7,0,0,3.7
36,1,15,36_15,panelist,med,1,0,0,0,3.7,0,0,3.7
36,1,16,36_16,panelist,low,1,0,1,0,3.7,0,0,3.7
36,1,17,36_17,panelist,med,1,0,0,0,3.7,0,0,3.7
36,1,18,36_18,panelist,none,1,0,0,1,3.7,1,-0.2,3.5
36,1,19,36_19,panelist,high,1,1,0,0,3.7,1,0.2,3.9
36,1,20,36_20,panelist,low,1,0,1,0,3.7,1,0.1,3.8
36,1,21,36_21,panelist,none,1,0,0,1,3.7,1,-0.1,3.6
36,1,22,36_22,panelist,med,1,0,0,0,3.7,0,0,3.7
36,1,23,36_23,panelist,med,1,0,0,0,3.7,1,0.1,3.8
36,1,24,36_24,panelist,med,1,0,0,0,3.7,1,-0.2,3.5
36,2,01,36_01,reviewer,med,0,0,0,0,4.2,0,0,4.2
36,2,02,36_02,panelist,med,1,0,0,0,4.2,1,-0.1,4.1
36,2,03,36_03,panelist,high,1,1,0,0,4.2,0,0,4.2
36,2,04,36_04,panelist,med,1,0,0,0,4.2,0,0,4.2
36,2,05,36_05,panelist,med,1,0,0,0,4.2,0,0,4.2
36,2,06,36_06,panelist,low,1,0,1,0,4.2,0,0,4.2
36,2,07,36_07,panelist,med,1,0,0,0,4.2,1,-0.1,4.1
36,2,08,36_08,panelist,med,1,0,0,0,4.2,1,0.1,4.3
36,2,09,36_09,panelist,none,1,0,0,1,4.2,1,-0.1,4.1
36,2,10,36_10,panelist,low,1,0,1,0,4.2,0,0,4.2
36,2,11,36_11,panelist,med,1,0,0,0,4.2,1,-0.1,4.1
36,2,12,36_12,reviewer,med,0,0,0,0,4.2,0,0,4.2
36,2,13,36_13,reviewer,none,0,0,0,1,4.2,1,-0.1,4.1
36,2,14,36_14,panelist,high,1,1,0,0,4.2,0,0,4.2
36,2,15,36_15,panelist,none,1,0,0,1,4.2,1,0.1,4.3
36,2,16,36_16,panelist,high,1,1,0,0,4.2,1,-0.1,4.1
36,2,17,36_17,panelist,none,1,0,0,1,4.2,1,-0.2,4
36,2,18,36_18,panelist,high,1,1,0,0,4.2,0,0,4.2
36,2,19,36_19,panelist,med,1,0,0,0,4.2,0,0,4.2
36,2,20,36_20,panelist,med,1,0,0,0,4.2,0,0,4.2
36,2,21,36_21,panelist,high,1,1,0,0,4.2,0,0,4.2
36,2,22,36_22,panelist,low,1,0,1,0,4.2,0,0,4.2
36,2,23,36_23,panelist,high,1,1,0,0,4.2,1,-0.1,4.1
36,2,24,36_24,panelist,low,1,0,1,0,4.2,1,-0.2,4
36,3,01,36_01,panelist,low,1,0,1,0,4.2,0,0,4.2
36,3,02,36_02,panelist,none,1,0,0,1,4.2,0,0,4.2
36,3,03,36_03,panelist,med,1,0,0,0,4.2,0,0,4.2
36,3,04,36_04,panelist,low,1,0,1,0,4.2,1,0.2,4.4
36,3,05,36_05,reviewer,none,0,0,0,1,4.2,1,-0.2,4
36,3,06,36_06,panelist,med,1,0,0,0,4.2,0,0,4.2
36,3,07,36_07,panelist,high,1,1,0,0,4.2,0,0,4.2
36,3,08,36_08,panelist,med,1,0,0,0,4.2,0,0,4.2
36,3,09,36_09,panelist,low,1,0,1,0,4.2,1,0.3,4.5
36,3,10,36_10,panelist,med,1,0,0,0,4.2,0,0,4.2
36,3,11,36_11,panelist,low,1,0,1,0,4.2,1,-0.1,4.1
36,3,12,36_12,panelist,high,1,1,0,0,4.2,1,0.1,4.3
36,3,13,36_13,panelist,med,1,0,0,0,4.2,0,0,4.2
36,3,14,36_14,panelist,med,1,0,0,0,4.2,0,0,4.2
36,3,15,36_15,panelist,high,1,1,0,0,4.2,0,0,4.2
36,3,16,36_16,panelist,high,1,1,0,0,4.2,0,0,4.2
36,3,17,36_17,panelist,med,1,0,0,0,4.2,0,0,4.2
36,3,18,36_18,reviewer,none,0,0,0,1,4.2,0,0,4.2
36,3,19,36_19,panelist,none,1,0,0,1,4.2,1,0.4,4.6
36,3,20,36_20,panelist,med,1,0,0,0,4.2,1,-0.1,4.1
36,3,21,36_21,reviewer,med,0,0,0,0,4.2,0,0,4.2
36,3,22,36_22,panelist,high,1,1,0,0,4.2,0,0,4.2
36,3,23,36_23,panelist,med,1,0,0,0,4.2,0,0,4.2
36,3,24,36_24,panelist,high,1,1,0,0,4.2,0,0,4.2
36,4,01,36_01,panelist,low,1,0,1,0,3.8,1,0.4,4.2
36,4,02,36_02,panelist,low,1,0,1,0,3.8,0,0,3.8
36,4,03,36_03,panelist,none,1,0,0,1,3.8,0,0,3.8
36,4,04,36_04,panelist,med,1,0,0,0,3.8,1,0.1,3.9
36,4,05,36_05,panelist,high,1,1,0,0,3.8,0,0,3.8
36,4,06,36_06,panelist,med,1,0,0,0,3.8,0,0,3.8
36,4,07,36_07,panelist,none,1,0,0,1,3.8,1,0.1,3.9
36,4,08,36_08,reviewer,med,0,0,0,0,3.8,1,-0.1,3.7
36,4,09,36_09,panelist,med,1,0,0,0,3.8,1,-0.2,3.6
36,4,10,36_10,panelist,low,1,0,1,0,3.8,0,0,3.8
36,4,11,36_11,panelist,med,1,0,0,0,3.8,0,0,3.8
36,4,12,36_12,panelist,none,1,0,0,1,3.8,1,-0.1,3.7
36,4,13,36_13,panelist,none,1,0,0,1,3.8,0,0,3.8
36,4,14,36_14,reviewer,high,0,1,0,0,3.8,0,0,3.8
36,4,15,36_15,panelist,high,1,1,0,0,3.8,0,0,3.8
36,4,16,36_16,panelist,med,1,0,0,0,3.8,0,0,3.8
36,4,17,36_17,panelist,med,1,0,0,0,3.8,0,0,3.8
36,4,18,36_18,panelist,high,1,1,0,0,3.8,1,-0.2,3.6
36,4,19,36_19,panelist,med,1,0,0,0,3.8,0,0,3.8
36,4,20,36_20,panelist,low,1,0,1,0,3.8,0,0,3.8
36,4,21,36_21,panelist,med,1,0,0,0,3.8,0,0,3.8
36,4,22,36_22,reviewer,high,0,1,0,0,3.8,0,0,3.8
36,4,23,36_23,panelist,high,1,1,0,0,3.8,1,0.1,3.9
36,4,24,36_24,panelist,med,1,0,0,0,3.8,0,0,3.8
36,5,01,36_01,panelist,med,1,0,0,0,3.7,0,0,3.7
36,5,02,36_02,panelist,none,1,0,0,1,3.7,1,-0.2,3.5
36,5,03,36_03,panelist,low,1,0,1,0,3.7,1,0.1,3.8
36,5,04,36_04,panelist,low,1,0,1,0,3.7,0,0,3.7
36,5,05,36_05,panelist,med,1,0,0,0,3.7,1,-0.2,3.5
36,5,06,36_06,panelist,low,1,0,1,0,3.7,0,0,3.7
36,5,07,36_07,panelist,low,1,0,1,0,3.7,0,0,3.7
36,5,08,36_08,panelist,none,1,0,0,1,3.7,0,0,3.7
36,5,09,36_09,panelist,med,1,0,0,0,3.7,1,0.1,3.8
36,5,10,36_10,panelist,med,1,0,0,0,3.7,0,0,3.7
36,5,11,36_11,panelist,none,1,0,0,1,3.7,0,0,3.7
36,5,12,36_12,panelist,med,1,0,0,0,3.7,0,0,3.7
36,5,13,36_13,panelist,med,1,0,0,0,3.7,1,0.2,3.9
36,5,14,36_14,panelist,high,1,1,0,0,3.7,0,0,3.7
36,5,15,36_15,panelist,high,1,1,0,0,3.7,0,0,3.7
36,5,16,36_16,panelist,med,1,0,0,0,3.7,0,0,3.7
36,5,17,36_17,panelist,high,1,1,0,0,3.7,0,0,3.7
36,5,18,36_18,reviewer,high,0,1,0,0,3.7,0,0,3.7
36,5,19,36_19,panelist,none,1,0,0,1,3.7,0,0,3.7
36,5,20,36_20,panelist,high,1,1,0,0,3.7,0,0,3.7
36,5,21,36_21,reviewer,med,0,0,0,0,3.7,1,0.3,4
36,5,22,36_22,reviewer,med,0,0,0,0,3.7,0,0,3.7
36,5,23,36_23,panelist,med,1,0,0,0,3.7,1,-0.2,3.5
36,5,24,36_24,panelist,high,1,1,0,0,3.7,0,0,3.7
36,6,01,36_01,panelist,none,1,0,0,1,3.5,0,0,3.5
36,6,02,36_02,panelist,high,1,1,0,0,3.5,1,-0.2,3.5
36,6,03,36_03,panelist,med,1,0,0,0,3.5,1,0.1,3.6
36,6,04,36_04,panelist,low,1,0,1,0,3.5,0,0,3.5
36,6,05,36_05,panelist,low,1,0,1,0,3.5,1,0.1,3.6
36,6,06,36_06,panelist,high,1,1,0,0,3.5,1,0.2,3.7
36,6,07,36_07,panelist,none,1,0,0,1,3.5,1,0.3,3.8
36,6,08,36_08,reviewer,low,0,0,1,0,3.5,0,0,3.5
36,6,09,36_09,panelist,none,1,0,0,1,3.5,0,0,3.5
36,6,10,36_10,panelist,none,1,0,0,1,3.5,0,0,3.5
36,6,11,36_11,panelist,med,1,0,0,0,3.5,0,0,3.5
36,6,12,36_12,panelist,med,1,0,0,0,3.5,1,0.1,3.6
36,6,13,36_13,panelist,low,1,0,1,0,3.5,1,-0.1,3.5
36,6,14,36_14,panelist,med,1,0,0,0,3.5,0,0,3.5
36,6,15,36_15,reviewer,high,0,1,0,0,3.5,0,0,3.5
36,6,16,36_16,panelist,high,1,1,0,0,3.5,0,0,3.5
36,6,17,36_17,panelist,med,1,0,0,0,3.5,0,0,3.5
36,6,18,36_18,panelist,med,1,0,0,0,3.5,1,0.3,3.8
36,6,19,36_19,reviewer,med,0,0,0,0,3.5,0,0,3.5
36,6,20,36_20,panelist,med,1,0,0,0,3.5,1,-0.1,3.5
36,6,21,36_21,panelist,high,1,1,0,0,3.5,0,0,3.5
36,6,22,36_22,panelist,med,1,0,0,0,3.5,0,0,3.5
36,6,23,36_23,panelist,med,1,0,0,0,3.5,1,-0.1,3.5
36,6,24,36_24,panelist,high,1,1,0,0,3.5,0,0,3.5
36,7,01,36_01,reviewer,high,0,1,0,0,3.9,0,0,3.9
36,7,02,36_02,panelist,med,1,0,0,0,3.9,1,-0.1,3.8
36,7,03,36_03,panelist,med,1,0,0,0,3.9,1,-0.1,3.8
36,7,04,36_04,panelist,med,1,0,0,0,3.9,1,0.2,4.1
36,7,05,36_05,panelist,low,1,0,1,0,3.9,1,-0.1,3.8
36,7,06,36_06,panelist,high,1,1,0,0,3.9,1,0.1,4
36,7,07,36_07,panelist,none,1,0,0,1,3.9,0,0,3.9
36,7,08,36_08,panelist,none,1,0,0,1,3.9,1,0.2,4.1
36,7,09,36_09,panelist,high,1,1,0,0,3.9,0,0,3.9
36,7,10,36_10,panelist,high,1,1,0,0,3.9,0,0,3.9
36,7,11,36_11,reviewer,none,0,0,0,1,3.9,0,0,3.9
36,7,12,36_12,reviewer,med,0,0,0,0,3.9,0,0,3.9
36,7,13,36_13,panelist,low,1,0,1,0,3.9,0,0,3.9
36,7,14,36_14,panelist,low,1,0,1,0,3.9,1,-0.1,3.8
36,7,15,36_15,panelist,med,1,0,0,0,3.9,1,-0.2,3.7
36,7,16,36_16,panelist,low,1,0,1,0,3.9,1,-0.2,3.7
36,7,17,36_17,panelist,med,1,0,0,0,3.9,0,0,3.9
36,7,18,36_18,panelist,high,1,1,0,0,3.9,1,0.1,4
36,7,19,36_19,panelist,med,1,0,0,0,3.9,0,0,3.9
36,7,20,36_20,panelist,none,1,0,0,1,3.9,0,0,3.9
36,7,21,36_21,panelist,med,1,0,0,0,3.9,0,0,3.9
36,7,22,36_22,panelist,high,1,1,0,0,3.9,1,-0.3,3.6
36,7,23,36_23,panelist,med,1,0,0,0,3.9,0,0,3.9
36,7,24,36_24,panelist,med,1,0,0,0,3.9,1,-0.1,3.8
36,8,01,36_01,panelist,med,1,0,0,0,3.5,0,0,3.5
36,8,02,36_02,reviewer,high,0,1,0,0,3.5,1,0.2,3.7
36,8,03,36_03,panelist,low,1,0,1,0,3.5,0,0,3.5
36,8,04,36_04,panelist,none,1,0,0,1,3.5,0,0,3.5
36,8,05,36_05,panelist,med,1,0,0,0,3.5,1,0.1,3.6
36,8,06,36_06,panelist,med,1,0,0,0,3.5,0,0,3.5
36,8,07,36_07,panelist,high,1,1,0,0,3.5,1,0.1,3.6
36,8,08,36_08,panelist,low,1,0,1,0,3.5,0,0,3.5
36,8,09,36_09,panelist,high,1,1,0,0,3.5,0,0,3.5
36,8,10,36_10,panelist,none,1,0,0,1,3.5,0,0,3.5
36,8,11,36_11,reviewer,med,0,0,0,0,3.5,1,-0.2,3.5
36,8,12,36_12,panelist,high,1,1,0,0,3.5,1,-0.1,3.5
36,8,13,36_13,panelist,none,1,0,0,1,3.5,0,0,3.5
36,8,14,36_14,panelist,med,1,0,0,0,3.5,0,0,3.5
36,8,15,36_15,panelist,low,1,0,1,0,3.5,1,0.1,3.6
36,8,16,36_16,panelist,high,1,1,0,0,3.5,1,0.1,3.6
36,8,17,36_17,panelist,med,1,0,0,0,3.5,0,0,3.5
36,8,18,36_18,panelist,med,1,0,0,0,3.5,0,0,3.5
36,8,19,36_19,panelist,med,1,0,0,0,3.5,0,0,3.5
36,8,20,36_20,panelist,med,1,0,0,0,3.5,1,0.1,3.6
36,8,21,36_21,reviewer,none,0,0,0,1,3.5,0,0,3.5
36,8,22,36_22,panelist,med,1,0,0,0,3.5,0,0,3.5
36,8,23,36_23,panelist,low,1,0,1,0,3.5,1,0.1,3.6
36,8,24,36_24,panelist,high,1,1,0,0,3.5,0,0,3.5
36,9,01,36_01,reviewer,none,0,0,0,1,4.2,1,0.3,4.5
36,9,02,36_02,panelist,high,1,1,0,0,4.2,0,0,4.2
36,9,03,36_03,panelist,high,1,1,0,0,4.2,1,0.2,4.4
36,9,04,36_04,panelist,high,1,1,0,0,4.2,0,0,4.2
36,9,05,36_05,reviewer,high,0,1,0,0,4.2,1,0.1,4.3
36,9,06,36_06,panelist,low,1,0,1,0,4.2,0,0,4.2
36,9,07,36_07,panelist,med,1,0,0,0,4.2,0,0,4.2
36,9,08,36_08,panelist,high,1,1,0,0,4.2,0,0,4.2
36,9,09,36_09,panelist,med,1,0,0,0,4.2,1,-0.1,4.1
36,9,10,36_10,panelist,med,1,0,0,0,4.2,0,0,4.2
36,9,11,36_11,panelist,low,1,0,1,0,4.2,0,0,4.2
36,9,12,36_12,panelist,low,1,0,1,0,4.2,0,0,4.2
36,9,13,36_13,panelist,high,1,1,0,0,4.2,0,0,4.2
36,9,14,36_14,panelist,med,1,0,0,0,4.2,0,0,4.2
36,9,15,36_15,panelist,low,1,0,1,0,4.2,0,0,4.2
36,9,16,36_16,panelist,med,1,0,0,0,4.2,0,0,4.2
36,9,17,36_17,panelist,none,1,0,0,1,4.2,0,0,4.2
36,9,18,36_18,panelist,med,1,0,0,0,4.2,0,0,4.2
36,9,19,36_19,reviewer,none,0,0,0,1,4.2,0,0,4.2
36,9,20,36_20,panelist,med,1,0,0,0,4.2,0,0,4.2
36,9,21,36_21,panelist,med,1,0,0,0,4.2,0,0,4.2
36,9,22,36_22,panelist,none,1,0,0,1,4.2,1,-0.3,3.9
36,9,23,36_23,panelist,med,1,0,0,0,4.2,1,-0.3,3.9
36,9,24,36_24,panelist,med,1,0,0,0,4.2,0,0,4.2
36,10,01,36_01,panelist,none,1,0,0,1,4.6,0,0,4.6
36,10,02,36_02,panelist,high,1,1,0,0,4.6,0,0,4.6
36,10,03,36_03,panelist,low,1,0,1,0,4.6,0,0,4.6
36,10,04,36_04,panelist,med,1,0,0,0,4.6,0,0,4.6
36,10,05,36_05,panelist,none,1,0,0,1,4.6,0,0,4.6
36,10,06,36_06,reviewer,med,0,0,0,0,4.6,1,0.4,4.9
36,10,07,36_07,panelist,med,1,0,0,0,4.6,0,0,4.6
36,10,08,36_08,panelist,high,1,1,0,0,4.6,1,0.1,4.7
36,10,09,36_09,panelist,med,1,0,0,0,4.6,0,0,4.6
36,10,10,36_10,reviewer,med,0,0,0,0,4.6,0,0,4.6
36,10,11,36_11,panelist,low,1,0,1,0,4.6,0,0,4.6
36,10,12,36_12,panelist,high,1,1,0,0,4.6,0,0,4.6
36,10,13,36_13,panelist,med,1,0,0,0,4.6,0,0,4.6
36,10,14,36_14,panelist,low,1,0,1,0,4.6,0,0,4.6
36,10,15,36_15,panelist,none,1,0,0,1,4.6,1,-0.1,4.5
36,10,16,36_16,panelist,high,1,1,0,0,4.6,0,0,4.6
36,10,17,36_17,reviewer,med,0,0,0,0,4.6,0,0,4.6
36,10,18,36_18,panelist,high,1,1,0,0,4.6,0,0,4.6
36,10,19,36_19,panelist,med,1,0,0,0,4.6,1,0.2,4.8
36,10,20,36_20,panelist,med,1,0,0,0,4.6,0,0,4.6
36,10,21,36_21,panelist,med,1,0,0,0,4.6,0,0,4.6
36,10,22,36_22,panelist,low,1,0,1,0,4.6,0,0,4.6
36,10,23,36_23,panelist,none,1,0,0,1,4.6,0,0,4.6
36,10,24,36_24,panelist,high,1,1,0,0,4.6,1,0.1,4.7
36,11,01,36_01,panelist,high,1,1,0,0,4.2,0,0,4.2
36,11,02,36_02,panelist,none,1,0,0,1,4.2,0,0,4.2
36,11,03,36_03,panelist,high,1,1,0,0,4.2,0,0,4.2
36,11,04,36_04,panelist,med,1,0,0,0,4.2,1,-0.1,4.1
36,11,05,36_05,reviewer,low,0,0,1,0,4.2,0,0,4.2
36,11,06,36_06,panelist,none,1,0,0,1,4.2,0,0,4.2
36,11,07,36_07,panelist,med,1,0,0,0,4.2,1,0.2,4.4
36,11,08,36_08,panelist,med,1,0,0,0,4.2,1,0.2,4.4
36,11,09,36_09,panelist,none,1,0,0,1,4.2,1,0.2,4.4
36,11,10,36_10,panelist,med,1,0,0,0,4.2,0,0,4.2
36,11,11,36_11,panelist,med,1,0,0,0,4.2,0,0,4.2
36,11,12,36_12,panelist,low,1,0,1,0,4.2,0,0,4.2
36,11,13,36_13,panelist,med,1,0,0,0,4.2,0,0,4.2
36,11,14,36_14,panelist,med,1,0,0,0,4.2,0,0,4.2
36,11,15,36_15,panelist,low,1,0,1,0,4.2,0,0,4.2
36,11,16,36_16,panelist,none,1,0,0,1,4.2,1,-0.1,4.1
36,11,17,36_17,reviewer,high,0,1,0,0,4.2,0,0,4.2
36,11,18,36_18,panelist,low,1,0,1,0,4.2,0,0,4.2
36,11,19,36_19,panelist,high,1,1,0,0,4.2,0,0,4.2
36,11,20,36_20,panelist,high,1,1,0,0,4.2,1,-0.2,4
36,11,21,36_21,panelist,med,1,0,0,0,4.2,0,0,4.2
36,11,22,36_22,reviewer,med,0,0,0,0,4.2,1,-0.2,4
36,11,23,36_23,panelist,med,1,0,0,0,4.2,1,0.2,4.4
36,11,24,36_24,panelist,high,1,1,0,0,4.2,1,-0.1,4.1
36,12,01,36_01,reviewer,low,0,0,1,0,4.8,0,0,4.8
36,12,02,36_02,panelist,high,1,1,0,0,4.8,0,0,4.8
36,12,03,36_03,panelist,high,1,1,0,0,4.8,0,0,4.8
36,12,04,36_04,panelist,high,1,1,0,0,4.8,1,-0.2,4.6
36,12,05,36_05,panelist,low,1,0,1,0,4.8,1,0.2,4.9
36,12,06,36_06,panelist,high,1,1,0,0,4.8,1,-0.1,4.7
36,12,07,36_07,panelist,med,1,0,0,0,4.8,0,0,4.8
36,12,08,36_08,reviewer,low,0,0,1,0,4.8,0,0,4.8
36,12,09,36_09,panelist,med,1,0,0,0,4.8,0,0,4.8
36,12,10,36_10,panelist,none,1,0,0,1,4.8,1,-0.1,4.7
36,12,11,36_11,panelist,med,1,0,0,0,4.8,0,0,4.8
36,12,12,36_12,panelist,low,1,0,1,0,4.8,1,-0.2,4.6
36,12,13,36_13,panelist,med,1,0,0,0,4.8,0,0,4.8
36,12,14,36_14,panelist,med,1,0,0,0,4.8,0,0,4.8
36,12,15,36_15,panelist,med,1,0,0,0,4.8,1,0.2,4.9
36,12,16,36_16,panelist,med,1,0,0,0,4.8,0,0,4.8
36,12,17,36_17,panelist,none,1,0,0,1,4.8,1,0.2,4.9
36,12,18,36_18,panelist,none,1,0,0,1,4.8,1,0.1,4.9
36,12,19,36_19,panelist,med,1,0,0,0,4.8,0,0,4.8
36,12,20,36_20,panelist,med,1,0,0,0,4.8,1,-0.1,4.7
36,12,21,36_21,panelist,high,1,1,0,0,4.8,0,0,4.8
36,12,22,36_22,panelist,none,1,0,0,1,4.8,0,0,4.8
36,12,23,36_23,reviewer,high,0,1,0,0,4.8,0,0,4.8
36,12,24,36_24,panelist,med,1,0,0,0,4.8,0,0,4.8
36,13,01,36_01,panelist,med,1,0,0,0,4.6,0,0,4.6
36,13,02,36_02,reviewer,high,0,1,0,0,4.6,0,0,4.6
36,13,03,36_03,panelist,low,1,0,1,0,4.6,0,0,4.6
36,13,04,36_04,panelist,low,1,0,1,0,4.6,0,0,4.6
36,13,05,36_05,panelist,low,1,0,1,0,4.6,1,0.1,4.7
36,13,06,36_06,panelist,high,1,1,0,0,4.6,0,0,4.6
36,13,07,36_07,panelist,none,1,0,0,1,4.6,1,0.2,4.8
36,13,08,36_08,panelist,med,1,0,0,0,4.6,0,0,4.6
36,13,09,36_09,panelist,med,1,0,0,0,4.6,0,0,4.6
36,13,10,36_10,reviewer,med,0,0,0,0,4.6,0,0,4.6
36,13,11,36_11,panelist,med,1,0,0,0,4.6,1,0.1,4.7
36,13,12,36_12,panelist,low,1,0,1,0,4.6,1,0.2,4.8
36,13,13,36_13,panelist,med,1,0,0,0,4.6,1,0.1,4.7
36,13,14,36_14,panelist,high,1,1,0,0,4.6,1,0.1,4.7
36,13,15,36_15,panelist,high,1,1,0,0,4.6,0,0,4.6
36,13,16,36_16,panelist,high,1,1,0,0,4.6,0,0,4.6
36,13,17,36_17,panelist,med,1,0,0,0,4.6,0,0,4.6
36,13,18,36_18,reviewer,med,0,0,0,0,4.6,0,0,4.6
36,13,19,36_19,panelist,med,1,0,0,0,4.6,1,0.1,4.7
36,13,20,36_20,panelist,high,1,1,0,0,4.6,0,0,4.6
36,13,21,36_21,panelist,none,1,0,0,1,4.6,0,0,4.6
36,13,22,36_22,panelist,med,1,0,0,0,4.6,1,0.2,4.8
36,13,23,36_23,panelist,none,1,0,0,1,4.6,0,0,4.6
36,13,24,36_24,panelist,none,1,0,0,1,4.6,1,0.3,4.9
36,14,01,36_01,panelist,none,1,0,0,1,3.6,1,0.1,3.7
36,14,02,36_02,panelist,low,1,0,1,0,3.6,0,0,3.6
36,14,03,36_03,panelist,med,1,0,0,0,3.6,1,-0.1,3.5
36,14,04,36_04,reviewer,none,0,0,0,1,3.6,1,-0.1,3.5
36,14,05,36_05,panelist,med,1,0,0,0,3.6,0,0,3.6
36,14,06,36_06,panelist,high,1,1,0,0,3.6,1,0.1,3.7
36,14,07,36_07,panelist,high,1,1,0,0,3.6,0,0,3.6
36,14,08,36_08,panelist,med,1,0,0,0,3.6,1,-0.1,3.5
36,14,09,36_09,panelist,high,1,1,0,0,3.6,0,0,3.6
36,14,10,36_10,panelist,med,1,0,0,0,3.6,1,-0.1,3.5
36,14,11,36_11,panelist,low,1,0,1,0,3.6,1,0.2,3.8
36,14,12,36_12,panelist,high,1,1,0,0,3.6,0,0,3.6
36,14,13,36_13,panelist,med,1,0,0,0,3.6,1,0.2,3.8
36,14,14,36_14,panelist,high,1,1,0,0,3.6,0,0,3.6
36,14,15,36_15,panelist,med,1,0,0,0,3.6,0,0,3.6
36,14,16,36_16,panelist,high,1,1,0,0,3.6,0,0,3.6
36,14,17,36_17,panelist,none,1,0,0,1,3.6,1,0.2,3.8
36,14,18,36_18,panelist,low,1,0,1,0,3.6,0,0,3.6
36,14,19,36_19,reviewer,none,0,0,0,1,3.6,1,-0.1,3.5
36,14,20,36_20,panelist,low,1,0,1,0,3.6,1,-0.1,3.5
36,14,21,36_21,panelist,med,1,0,0,0,3.6,0,0,3.6
36,14,22,36_22,panelist,med,1,0,0,0,3.6,0,0,3.6
36,14,23,36_23,reviewer,med,0,0,0,0,3.6,1,0.1,3.7
36,14,24,36_24,panelist,med,1,0,0,0,3.6,0,0,3.6
36,15,01,36_01,reviewer,low,0,0,1,0,4.3,0,0,4.3
36,15,02,36_02,panelist,high,1,1,0,0,4.3,0,0,4.3
36,15,03,36_03,panelist,high,1,1,0,0,4.3,0,0,4.3
36,15,04,36_04,panelist,high,1,1,0,0,4.3,0,0,4.3
36,15,05,36_05,panelist,low,1,0,1,0,4.3,1,-0.1,4.2
36,15,06,36_06,panelist,low,1,0,1,0,4.3,0,0,4.3
36,15,07,36_07,panelist,high,1,1,0,0,4.3,0,0,4.3
36,15,08,36_08,panelist,none,1,0,0,1,4.3,1,0.1,4.4
36,15,09,36_09,panelist,med,1,0,0,0,4.3,0,0,4.3
36,15,10,36_10,panelist,med,1,0,0,0,4.3,0,0,4.3
36,15,11,36_11,panelist,med,1,0,0,0,4.3,1,0.2,4.5
36,15,12,36_12,panelist,none,1,0,0,1,4.3,0,0,4.3
36,15,13,36_13,panelist,med,1,0,0,0,4.3,1,0.1,4.4
36,15,14,36_14,panelist,med,1,0,0,0,4.3,1,0.1,4.4
36,15,15,36_15,panelist,med,1,0,0,0,4.3,0,0,4.3
36,15,16,36_16,panelist,high,1,1,0,0,4.3,0,0,4.3
36,15,17,36_17,reviewer,low,0,0,1,0,4.3,1,-0.1,4.2
36,15,18,36_18,panelist,med,1,0,0,0,4.3,0,0,4.3
36,15,19,36_19,reviewer,med,0,0,0,0,4.3,1,0.1,4.4
36,15,20,36_20,panelist,none,1,0,0,1,4.3,0,0,4.3
36,15,21,36_21,panelist,med,1,0,0,0,4.3,1,-0.3,4
36,15,22,36_22,panelist,high,1,1,0,0,4.3,1,0.2,4.5
36,15,23,36_23,panelist,med,1,0,0,0,4.3,1,-0.1,4.2
36,15,24,36_24,panelist,none,1,0,0,1,4.3,1,0.2,4.5
37,1,01,37_01,panelist,med,1,0,0,0,3.7,0,0,3.7
37,1,02,37_02,panelist,med,1,0,0,0,3.7,1,-0.1,3.6
37,1,03,37_03,panelist,high,1,1,0,0,3.7,0,0,3.7
37,1,04,37_04,reviewer,none,0,0,0,1,3.7,0,0,3.7
37,1,05,37_05,panelist,med,1,0,0,0,3.7,0,0,3.7
37,1,06,37_06,panelist,high,1,1,0,0,3.7,1,-0.1,3.6
37,1,07,37_07,panelist,high,1,1,0,0,3.7,0,0,3.7
37,1,08,37_08,panelist,med,1,0,0,0,3.7,0,0,3.7
37,1,09,37_09,panelist,high,1,1,0,0,3.7,0,0,3.7
37,1,10,37_10,panelist,none,1,0,0,1,3.7,1,-0.3,3.5
37,1,11,37_11,panelist,med,1,0,0,0,3.7,1,0.1,3.8
37,1,12,37_12,panelist,low,1,0,1,0,3.7,0,0,3.7
37,1,13,37_13,panelist,low,1,0,1,0,3.7,1,0.1,3.8
37,1,14,37_14,panelist,med,1,0,0,0,3.7,0,0,3.7
37,1,15,37_15,panelist,med,1,0,0,0,3.7,1,-0.2,3.5
37,1,16,37_16,panelist,med,1,0,0,0,3.7,0,0,3.7
37,1,17,37_17,panelist,low,1,0,1,0,3.7,0,0,3.7
37,1,18,37_18,panelist,none,1,0,0,1,3.7,1,0.2,3.9
37,1,19,37_19,reviewer,none,0,0,0,1,3.7,0,0,3.7
37,1,20,37_20,reviewer,med,0,0,0,0,3.7,1,0.1,3.8
37,1,21,37_21,panelist,high,1,1,0,0,3.7,0,0,3.7
37,1,22,37_22,panelist,low,1,0,1,0,3.7,0,0,3.7
37,1,23,37_23,panelist,med,1,0,0,0,3.7,0,0,3.7
37,1,24,37_24,panelist,high,1,1,0,0,3.7,1,-0.1,3.6
37,2,01,37_01,panelist,low,1,0,1,0,4.3,0,0,4.3
37,2,02,37_02,panelist,med,1,0,0,0,4.3,0,0,4.3
37,2,03,37_03,panelist,med,1,0,0,0,4.3,1,0.2,4.5
37,2,04,37_04,panelist,high,1,1,0,0,4.3,0,0,4.3
37,2,05,37_05,panelist,med,1,0,0,0,4.3,1,0.1,4.4
37,2,06,37_06,reviewer,med,0,0,0,0,4.3,0,0,4.3
37,2,07,37_07,reviewer,med,0,0,0,0,4.3,0,0,4.3
37,2,08,37_08,panelist,high,1,1,0,0,4.3,0,0,4.3
37,2,09,37_09,panelist,med,1,0,0,0,4.3,1,0.1,4.4
37,2,10,37_10,panelist,med,1,0,0,0,4.3,1,-0.1,4.2
37,2,11,37_11,panelist,med,1,0,0,0,4.3,1,-0.1,4.2
37,2,12,37_12,panelist,none,1,0,0,1,4.3,1,-0.1,4.2
37,2,13,37_13,panelist,none,1,0,0,1,4.3,0,0,4.3
37,2,14,37_14,panelist,high,1,1,0,0,4.3,0,0,4.3
37,2,15,37_15,panelist,none,1,0,0,1,4.3,0,0,4.3
37,2,16,37_16,panelist,med,1,0,0,0,4.3,1,0.1,4.4
37,2,17,37_17,panelist,high,1,1,0,0,4.3,0,0,4.3
37,2,18,37_18,panelist,low,1,0,1,0,4.3,0,0,4.3
37,2,19,37_19,panelist,none,1,0,0,1,4.3,0,0,4.3
37,2,20,37_20,reviewer,high,0,1,0,0,4.3,0,0,4.3
37,2,21,37_21,panelist,med,1,0,0,0,4.3,1,-0.1,4.2
37,2,22,37_22,panelist,low,1,0,1,0,4.3,0,0,4.3
37,2,23,37_23,panelist,low,1,0,1,0,4.3,1,-0.1,4.2
37,2,24,37_24,panelist,high,1,1,0,0,4.3,0,0,4.3
37,3,01,37_01,panelist,none,1,0,0,1,4.2,0,0,4.2
37,3,02,37_02,panelist,med,1,0,0,0,4.2,1,0.1,4.3
37,3,03,37_03,panelist,high,1,1,0,0,4.2,0,0,4.2
37,3,04,37_04,panelist,low,1,0,1,0,4.2,1,0.1,4.3
37,3,05,37_05,panelist,high,1,1,0,0,4.2,1,0.1,4.3
37,3,06,37_06,panelist,med,1,0,0,0,4.2,0,0,4.2
37,3,07,37_07,panelist,med,1,0,0,0,4.2,0,0,4.2
37,3,08,37_08,panelist,med,1,0,0,0,4.2,1,0.2,4.4
37,3,09,37_09,reviewer,none,0,0,0,1,4.2,1,0.1,4.3
37,3,10,37_10,panelist,none,1,0,0,1,4.2,0,0,4.2
37,3,11,37_11,panelist,med,1,0,0,0,4.2,1,-0.3,3.9
37,3,12,37_12,panelist,high,1,1,0,0,4.2,0,0,4.2
37,3,13,37_13,panelist,high,1,1,0,0,4.2,0,0,4.2
37,3,14,37_14,panelist,med,1,0,0,0,4.2,0,0,4.2
37,3,15,37_15,panelist,med,1,0,0,0,4.2,1,0.2,4.4
37,3,16,37_16,reviewer,low,0,0,1,0,4.2,0,0,4.2
37,3,17,37_17,reviewer,low,0,0,1,0,4.2,0,0,4.2
37,3,18,37_18,panelist,med,1,0,0,0,4.2,0,0,4.2
37,3,19,37_19,panelist,med,1,0,0,0,4.2,0,0,4.2
37,3,20,37_20,panelist,med,1,0,0,0,4.2,0,0,4.2
37,3,21,37_21,panelist,high,1,1,0,0,4.2,1,0.1,4.3
37,3,22,37_22,panelist,none,1,0,0,1,4.2,0,0,4.2
37,3,23,37_23,panelist,high,1,1,0,0,4.2,0,0,4.2
37,3,24,37_24,panelist,low,1,0,1,0,4.2,0,0,4.2
37,4,01,37_01,panelist,med,1,0,0,0,3.9,0,0,3.9
37,4,02,37_02,reviewer,low,0,0,1,0,3.9,0,0,3.9
37,4,03,37_03,panelist,none,1,0,0,1,3.9,0,0,3.9
37,4,04,37_04,panelist,high,1,1,0,0,3.9,0,0,3.9
37,4,05,37_05,panelist,high,1,1,0,0,3.9,0,0,3.9
37,4,06,37_06,panelist,high,1,1,0,0,3.9,1,0.1,4
37,4,07,37_07,panelist,low,1,0,1,0,3.9,0,0,3.9
37,4,08,37_08,panelist,none,1,0,0,1,3.9,0,0,3.9
37,4,09,37_09,panelist,none,1,0,0,1,3.9,0,0,3.9
37,4,10,37_10,reviewer,med,0,0,0,0,3.9,0,0,3.9
37,4,11,37_11,panelist,med,1,0,0,0,3.9,1,0.1,4
37,4,12,37_12,panelist,med,1,0,0,0,3.9,0,0,3.9
37,4,13,37_13,panelist,med,1,0,0,0,3.9,1,-0.2,3.7
37,4,14,37_14,panelist,high,1,1,0,0,3.9,0,0,3.9
37,4,15,37_15,panelist,high,1,1,0,0,3.9,0,0,3.9
37,4,16,37_16,reviewer,med,0,0,0,0,3.9,0,0,3.9
37,4,17,37_17,panelist,none,1,0,0,1,3.9,0,0,3.9
37,4,18,37_18,panelist,low,1,0,1,0,3.9,0,0,3.9
37,4,19,37_19,panelist,med,1,0,0,0,3.9,1,0.1,4
37,4,20,37_20,panelist,med,1,0,0,0,3.9,1,0.1,4
37,4,21,37_21,panelist,med,1,0,0,0,3.9,0,0,3.9
37,4,22,37_22,panelist,high,1,1,0,0,3.9,0,0,3.9
37,4,23,37_23,panelist,med,1,0,0,0,3.9,1,0.1,4
37,4,24,37_24,panelist,low,1,0,1,0,3.9,0,0,3.9
37,5,01,37_01,panelist,med,1,0,0,0,3.8,0,0,3.8
37,5,02,37_02,panelist,low,1,0,1,0,3.8,1,-0.2,3.6
37,5,03,37_03,panelist,none,1,0,0,1,3.8,1,0.1,3.9
37,5,04,37_04,panelist,none,1,0,0,1,3.8,0,0,3.8
37,5,05,37_05,panelist,med,1,0,0,0,3.8,1,-0.3,3.5
37,5,06,37_06,panelist,low,1,0,1,0,3.8,0,0,3.8
37,5,07,37_07,panelist,med,1,0,0,0,3.8,1,0.1,3.9
37,5,08,37_08,panelist,high,1,1,0,0,3.8,1,-0.2,3.6
37,5,09,37_09,reviewer,high,0,1,0,0,3.8,0,0,3.8
37,5,10,37_10,panelist,low,1,0,1,0,3.8,1,-0.1,3.7
37,5,11,37_11,panelist,med,1,0,0,0,3.8,0,0,3.8
37,5,12,37_12,panelist,none,1,0,0,1,3.8,0,0,3.8
37,5,13,37_13,panelist,med,1,0,0,0,3.8,1,-0.2,3.6
37,5,14,37_14,panelist,high,1,1,0,0,3.8,0,0,3.8
37,5,15,37_15,panelist,high,1,1,0,0,3.8,0,0,3.8
37,5,16,37_16,panelist,med,1,0,0,0,3.8,0,0,3.8
37,5,17,37_17,panelist,med,1,0,0,0,3.8,0,0,3.8
37,5,18,37_18,panelist,med,1,0,0,0,3.8,1,0.1,3.9
37,5,19,37_19,panelist,med,1,0,0,0,3.8,0,0,3.8
37,5,20,37_20,panelist,none,1,0,0,1,3.8,0,0,3.8
37,5,21,37_21,panelist,high,1,1,0,0,3.8,0,0,3.8
37,5,22,37_22,reviewer,low,0,0,1,0,3.8,0,0,3.8
37,5,23,37_23,panelist,high,1,1,0,0,3.8,0,0,3.8
37,5,24,37_24,reviewer,med,0,0,0,0,3.8,0,0,3.8
37,6,01,37_01,panelist,none,1,0,0,1,3.6,1,-0.1,3.5
37,6,02,37_02,panelist,none,1,0,0,1,3.6,1,0.2,3.8
37,6,03,37_03,panelist,none,1,0,0,1,3.6,1,0.1,3.7
37,6,04,37_04,panelist,med,1,0,0,0,3.6,0,0,3.6
37,6,05,37_05,panelist,low,1,0,1,0,3.6,0,0,3.6
37,6,06,37_06,panelist,high,1,1,0,0,3.6,0,0,3.6
37,6,07,37_07,panelist,med,1,0,0,0,3.6,1,-0.2,3.5
37,6,08,37_08,panelist,med,1,0,0,0,3.6,0,0,3.6
37,6,09,37_09,panelist,high,1,1,0,0,3.6,1,-0.2,3.5
37,6,10,37_10,panelist,low,1,0,1,0,3.6,0,0,3.6
37,6,11,37_11,reviewer,med,0,0,0,0,3.6,1,0.3,3.9
37,6,12,37_12,panelist,none,1,0,0,1,3.6,1,-0.2,3.5
37,6,13,37_13,panelist,med,1,0,0,0,3.6,1,0.2,3.8
37,6,14,37_14,panelist,med,1,0,0,0,3.6,0,0,3.6
37,6,15,37_15,panelist,med,1,0,0,0,3.6,1,-0.1,3.5
37,6,16,37_16,panelist,high,1,1,0,0,3.6,0,0,3.6
37,6,17,37_17,reviewer,low,0,0,1,0,3.6,1,0.1,3.7
37,6,18,37_18,panelist,high,1,1,0,0,3.6,0,0,3.6
37,6,19,37_19,panelist,med,1,0,0,0,3.6,0,0,3.6
37,6,20,37_20,panelist,high,1,1,0,0,3.6,1,0.3,3.9
37,6,21,37_21,panelist,low,1,0,1,0,3.6,1,0.2,3.8
37,6,22,37_22,panelist,med,1,0,0,0,3.6,0,0,3.6
37,6,23,37_23,reviewer,high,0,1,0,0,3.6,0,0,3.6
37,6,24,37_24,panelist,med,1,0,0,0,3.6,0,0,3.6
37,7,01,37_01,panelist,med,1,0,0,0,4,0,0,4
37,7,02,37_02,panelist,med,1,0,0,0,4,1,0.1,4.1
37,7,03,37_03,panelist,high,1,1,0,0,4,0,0,4
37,7,04,37_04,panelist,med,1,0,0,0,4,0,0,4
37,7,05,37_05,panelist,high,1,1,0,0,4,0,0,4
37,7,06,37_06,panelist,med,1,0,0,0,4,1,0.2,4.2
37,7,07,37_07,panelist,med,1,0,0,0,4,1,0.2,4.2
37,7,08,37_08,panelist,high,1,1,0,0,4,0,0,4
37,7,09,37_09,panelist,med,1,0,0,0,4,1,-0.1,3.9
37,7,10,37_10,reviewer,high,0,1,0,0,4,0,0,4
37,7,11,37_11,panelist,low,1,0,1,0,4,0,0,4
37,7,12,37_12,panelist,none,1,0,0,1,4,1,0.2,4.2
37,7,13,37_13,panelist,med,1,0,0,0,4,0,0,4
37,7,14,37_14,panelist,med,1,0,0,0,4,0,0,4
37,7,15,37_15,reviewer,high,0,1,0,0,4,0,0,4
37,7,16,37_16,panelist,none,1,0,0,1,4,0,0,4
37,7,17,37_17,panelist,med,1,0,0,0,4,0,0,4
37,7,18,37_18,reviewer,none,0,0,0,1,4,1,0.1,4.1
37,7,19,37_19,panelist,med,1,0,0,0,4,0,0,4
37,7,20,37_20,panelist,low,1,0,1,0,4,1,-0.1,3.9
37,7,21,37_21,panelist,none,1,0,0,1,4,0,0,4
37,7,22,37_22,panelist,high,1,1,0,0,4,0,0,4
37,7,23,37_23,panelist,low,1,0,1,0,4,1,0.1,4.1
37,7,24,37_24,panelist,low,1,0,1,0,4,1,0.3,4.3
37,8,01,37_01,panelist,med,1,0,0,0,3.5,1,-0.2,3.5
37,8,02,37_02,panelist,low,1,0,1,0,3.5,0,0,3.5
37,8,03,37_03,panelist,med,1,0,0,0,3.5,0,0,3.5
37,8,04,37_04,panelist,med,1,0,0,0,3.5,0,0,3.5
37,8,05,37_05,panelist,high,1,1,0,0,3.5,0,0,3.5
37,8,06,37_06,reviewer,med,0,0,0,0,3.5,0,0,3.5
37,8,07,37_07,panelist,med,1,0,0,0,3.5,0,0,3.5
37,8,08,37_08,panelist,high,1,1,0,0,3.5,0,0,3.5
37,8,09,37_09,reviewer,med,0,0,0,0,3.5,1,-0.1,3.5
37,8,10,37_10,panelist,none,1,0,0,1,3.5,0,0,3.5
37,8,11,37_11,panelist,none,1,0,0,1,3.5,0,0,3.5
37,8,12,37_12,panelist,med,1,0,0,0,3.5,1,-0.1,3.5
37,8,13,37_13,panelist,med,1,0,0,0,3.5,0,0,3.5
37,8,14,37_14,panelist,high,1,1,0,0,3.5,1,0.1,3.6
37,8,15,37_15,panelist,high,1,1,0,0,3.5,1,-0.2,3.5
37,8,16,37_16,reviewer,low,0,0,1,0,3.5,1,-0.1,3.5
37,8,17,37_17,panelist,none,1,0,0,1,3.5,0,0,3.5
37,8,18,37_18,panelist,high,1,1,0,0,3.5,1,0.1,3.6
37,8,19,37_19,panelist,high,1,1,0,0,3.5,0,0,3.5
37,8,20,37_20,panelist,med,1,0,0,0,3.5,1,-0.1,3.5
37,8,21,37_21,panelist,low,1,0,1,0,3.5,0,0,3.5
37,8,22,37_22,panelist,low,1,0,1,0,3.5,0,0,3.5
37,8,23,37_23,panelist,med,1,0,0,0,3.5,0,0,3.5
37,8,24,37_24,panelist,none,1,0,0,1,3.5,1,0.2,3.7
37,9,01,37_01,panelist,high,1,1,0,0,4.3,1,0.2,4.5
37,9,02,37_02,reviewer,none,0,0,0,1,4.3,1,-0.2,4.1
37,9,03,37_03,panelist,low,1,0,1,0,4.3,0,0,4.3
37,9,04,37_04,panelist,med,1,0,0,0,4.3,1,-0.2,4.1
37,9,05,37_05,panelist,med,1,0,0,0,4.3,0,0,4.3
37,9,06,37_06,panelist,med,1,0,0,0,4.3,1,-0.2,4.1
37,9,07,37_07,panelist,med,1,0,0,0,4.3,1,-0.3,4
37,9,08,37_08,panelist,med,1,0,0,0,4.3,0,0,4.3
37,9,09,37_09,panelist,high,1,1,0,0,4.3,1,0.2,4.5
37,9,10,37_10,panelist,low,1,0,1,0,4.3,0,0,4.3
37,9,11,37_11,panelist,none,1,0,0,1,4.3,1,-0.1,4.2
37,9,12,37_12,panelist,high,1,1,0,0,4.3,1,-0.2,4.1
37,9,13,37_13,panelist,med,1,0,0,0,4.3,0,0,4.3
37,9,14,37_14,panelist,high,1,1,0,0,4.3,1,0.1,4.4
37,9,15,37_15,panelist,high,1,1,0,0,4.3,0,0,4.3
37,9,16,37_16,panelist,low,1,0,1,0,4.3,1,0.2,4.5
37,9,17,37_17,reviewer,med,0,0,0,0,4.3,0,0,4.3
37,9,18,37_18,reviewer,med,0,0,0,0,4.3,0,0,4.3
37,9,19,37_19,panelist,med,1,0,0,0,4.3,0,0,4.3
37,9,20,37_20,panelist,none,1,0,0,1,4.3,0,0,4.3
37,9,21,37_21,panelist,low,1,0,1,0,4.3,1,-0.3,4
37,9,22,37_22,panelist,none,1,0,0,1,4.3,1,-0.2,4.1
37,9,23,37_23,panelist,high,1,1,0,0,4.3,1,-0.5,3.8
37,9,24,37_24,panelist,med,1,0,0,0,4.3,0,0,4.3
37,10,01,37_01,panelist,med,1,0,0,0,4.6,0,0,4.6
37,10,02,37_02,reviewer,high,0,1,0,0,4.6,1,0.1,4.7
37,10,03,37_03,panelist,med,1,0,0,0,4.6,0,0,4.6
37,10,04,37_04,panelist,med,1,0,0,0,4.6,1,0.1,4.7
37,10,05,37_05,panelist,low,1,0,1,0,4.6,1,0.1,4.7
37,10,06,37_06,panelist,none,1,0,0,1,4.6,0,0,4.6
37,10,07,37_07,panelist,low,1,0,1,0,4.6,0,0,4.6
37,10,08,37_08,panelist,med,1,0,0,0,4.6,1,-0.1,4.5
37,10,09,37_09,panelist,none,1,0,0,1,4.6,0,0,4.6
37,10,10,37_10,panelist,high,1,1,0,0,4.6,1,0.1,4.7
37,10,11,37_11,reviewer,med,0,0,0,0,4.6,0,0,4.6
37,10,12,37_12,panelist,med,1,0,0,0,4.6,1,-0.1,4.5
37,10,13,37_13,panelist,none,1,0,0,1,4.6,1,0.1,4.7
37,10,14,37_14,panelist,med,1,0,0,0,4.6,0,0,4.6
37,10,15,37_15,panelist,high,1,1,0,0,4.6,0,0,4.6
37,10,16,37_16,panelist,low,1,0,1,0,4.6,1,0.1,4.7
37,10,17,37_17,panelist,med,1,0,0,0,4.6,0,0,4.6
37,10,18,37_18,panelist,med,1,0,0,0,4.6,1,-0.1,4.5
37,10,19,37_19,panelist,high,1,1,0,0,4.6,0,0,4.6
37,10,20,37_20,reviewer,high,0,1,0,0,4.6,0,0,4.6
37,10,21,37_21,panelist,low,1,0,1,0,4.6,0,0,4.6
37,10,22,37_22,panelist,high,1,1,0,0,4.6,1,-0.3,4.3
37,10,23,37_23,panelist,none,1,0,0,1,4.6,0,0,4.6
37,10,24,37_24,panelist,med,1,0,0,0,4.6,0,0,4.6
37,11,01,37_01,panelist,med,1,0,0,0,4.3,0,0,4.3
37,11,02,37_02,panelist,med,1,0,0,0,4.3,1,-0.3,4
37,11,03,37_03,panelist,high,1,1,0,0,4.3,0,0,4.3
37,11,04,37_04,panelist,med,1,0,0,0,4.3,0,0,4.3
37,11,05,37_05,panelist,med,1,0,0,0,4.3,1,0.1,4.4
37,11,06,37_06,panelist,low,1,0,1,0,4.3,1,-0.3,4
37,11,07,37_07,panelist,high,1,1,0,0,4.3,0,0,4.3
37,11,08,37_08,panelist,high,1,1,0,0,4.3,0,0,4.3
37,11,09,37_09,reviewer,high,0,1,0,0,4.3,0,0,4.3
37,11,10,37_10,panelist,high,1,1,0,0,4.3,0,0,4.3
37,11,11,37_11,panelist,none,1,0,0,1,4.3,0,0,4.3
37,11,12,37_12,panelist,med,1,0,0,0,4.3,0,0,4.3
37,11,13,37_13,panelist,low,1,0,1,0,4.3,0,0,4.3
37,11,14,37_14,panelist,none,1,0,0,1,4.3,1,-0.2,4.1
37,11,15,37_15,panelist,med,1,0,0,0,4.3,0,0,4.3
37,11,16,37_16,reviewer,med,0,0,0,0,4.3,1,0.1,4.4
37,11,17,37_17,panelist,med,1,0,0,0,4.3,0,0,4.3
37,11,18,37_18,panelist,high,1,1,0,0,4.3,0,0,4.3
37,11,19,37_19,panelist,none,1,0,0,1,4.3,1,-0.1,4.2
37,11,20,37_20,panelist,med,1,0,0,0,4.3,0,0,4.3
37,11,21,37_21,panelist,med,1,0,0,0,4.3,0,0,4.3
37,11,22,37_22,reviewer,low,0,0,1,0,4.3,0,0,4.3
37,11,23,37_23,panelist,low,1,0,1,0,4.3,1,-0.1,4.2
37,11,24,37_24,panelist,none,1,0,0,1,4.3,1,-0.3,4
37,12,01,37_01,panelist,med,1,0,0,0,4.9,0,0,4.9
37,12,02,37_02,panelist,none,1,0,0,1,4.9,1,-0.1,4.8
37,12,03,37_03,panelist,med,1,0,0,0,4.9,0,0,4.9
37,12,04,37_04,panelist,med,1,0,0,0,4.9,0,0,4.9
37,12,05,37_05,panelist,high,1,1,0,0,4.9,0,0,4.9
37,12,06,37_06,panelist,none,1,0,0,1,4.9,0,0,4.9
37,12,07,37_07,panelist,low,1,0,1,0,4.9,0,0,4.9
37,12,08,37_08,panelist,high,1,1,0,0,4.9,1,0.2,4.9
37,12,09,37_09,panelist,low,1,0,1,0,4.9,0,0,4.9
37,12,10,37_10,panelist,med,1,0,0,0,4.9,1,0.3,4.9
37,12,11,37_11,panelist,low,1,0,1,0,4.9,1,0.1,4.9
37,12,12,37_12,panelist,none,1,0,0,1,4.9,0,0,4.9
37,12,13,37_13,panelist,med,1,0,0,0,4.9,0,0,4.9
37,12,14,37_14,panelist,med,1,0,0,0,4.9,0,0,4.9
37,12,15,37_15,panelist,high,1,1,0,0,4.9,0,0,4.9
37,12,16,37_16,panelist,high,1,1,0,0,4.9,0,0,4.9
37,12,17,37_17,panelist,high,1,1,0,0,4.9,0,0,4.9
37,12,18,37_18,panelist,med,1,0,0,0,4.9,0,0,4.9
37,12,19,37_19,reviewer,med,0,0,0,0,4.9,1,0.2,4.9
37,12,20,37_20,panelist,med,1,0,0,0,4.9,0,0,4.9
37,12,21,37_21,reviewer,low,0,0,1,0,4.9,0,0,4.9
37,12,22,37_22,reviewer,med,0,0,0,0,4.9,0,0,4.9
37,12,23,37_23,panelist,none,1,0,0,1,4.9,0,0,4.9
37,12,24,37_24,panelist,high,1,1,0,0,4.9,0,0,4.9
37,13,01,37_01,panelist,none,1,0,0,1,4.7,0,0,4.7
37,13,02,37_02,panelist,med,1,0,0,0,4.7,0,0,4.7
37,13,03,37_03,panelist,med,1,0,0,0,4.7,1,-0.4,4.3
37,13,04,37_04,reviewer,med,0,0,0,0,4.7,0,0,4.7
37,13,05,37_05,panelist,med,1,0,0,0,4.7,0,0,4.7
37,13,06,37_06,panelist,med,1,0,0,0,4.7,0,0,4.7
37,13,07,37_07,panelist,low,1,0,1,0,4.7,0,0,4.7
37,13,08,37_08,panelist,none,1,0,0,1,4.7,1,0.2,4.9
37,13,09,37_09,reviewer,low,0,0,1,0,4.7,1,-0.2,4.5
37,13,10,37_10,panelist,high,1,1,0,0,4.7,0,0,4.7
37,13,11,37_11,panelist,high,1,1,0,0,4.7,1,-0.3,4.4
37,13,12,37_12,panelist,low,1,0,1,0,4.7,0,0,4.7
37,13,13,37_13,panelist,high,1,1,0,0,4.7,0,0,4.7
37,13,14,37_14,reviewer,med,0,0,0,0,4.7,1,-0.1,4.6
37,13,15,37_15,panelist,high,1,1,0,0,4.7,0,0,4.7
37,13,16,37_16,panelist,low,1,0,1,0,4.7,0,0,4.7
37,13,17,37_17,panelist,high,1,1,0,0,4.7,0,0,4.7
37,13,18,37_18,panelist,high,1,1,0,0,4.7,0,0,4.7
37,13,19,37_19,panelist,med,1,0,0,0,4.7,0,0,4.7
37,13,20,37_20,panelist,med,1,0,0,0,4.7,0,0,4.7
37,13,21,37_21,panelist,none,1,0,0,1,4.7,1,-0.2,4.5
37,13,22,37_22,panelist,none,1,0,0,1,4.7,1,0.1,4.8
37,13,23,37_23,panelist,med,1,0,0,0,4.7,0,0,4.7
37,13,24,37_24,panelist,med,1,0,0,0,4.7,1,-0.1,4.6
37,14,01,37_01,panelist,med,1,0,0,0,3.6,1,0.2,3.8
37,14,02,37_02,panelist,med,1,0,0,0,3.6,0,0,3.6
37,14,03,37_03,panelist,med,1,0,0,0,3.6,0,0,3.6
37,14,04,37_04,panelist,med,1,0,0,0,3.6,1,0.1,3.7
37,14,05,37_05,panelist,med,1,0,0,0,3.6,0,0,3.6
37,14,06,37_06,reviewer,low,0,0,1,0,3.6,1,-0.1,3.5
37,14,07,37_07,panelist,low,1,0,1,0,3.6,1,-0.3,3.5
37,14,08,37_08,panelist,high,1,1,0,0,3.6,1,0.1,3.7
37,14,09,37_09,panelist,med,1,0,0,0,3.6,0,0,3.6
37,14,10,37_10,panelist,high,1,1,0,0,3.6,1,-0.1,3.5
37,14,11,37_11,panelist,med,1,0,0,0,3.6,0,0,3.6
37,14,12,37_12,panelist,none,1,0,0,1,3.6,0,0,3.6
37,14,13,37_13,reviewer,none,0,0,0,1,3.6,0,0,3.6
37,14,14,37_14,reviewer,none,0,0,0,1,3.6,1,-0.1,3.5
37,14,15,37_15,panelist,med,1,0,0,0,3.6,0,0,3.6
37,14,16,37_16,panelist,low,1,0,1,0,3.6,0,0,3.6
37,14,17,37_17,panelist,none,1,0,0,1,3.6,0,0,3.6
37,14,18,37_18,panelist,low,1,0,1,0,3.6,0,0,3.6
37,14,19,37_19,panelist,high,1,1,0,0,3.6,0,0,3.6
37,14,20,37_20,panelist,med,1,0,0,0,3.6,0,0,3.6
37,14,21,37_21,panelist,high,1,1,0,0,3.6,0,0,3.6
37,14,22,37_22,panelist,high,1,1,0,0,3.6,0,0,3.6
37,14,23,37_23,panelist,med,1,0,0,0,3.6,1,-0.1,3.5
37,14,24,37_24,panelist,high,1,1,0,0,3.6,0,0,3.6
37,15,01,37_01,panelist,low,1,0,1,0,4.4,0,0,4.4
37,15,02,37_02,panelist,med,1,0,0,0,4.4,0,0,4.4
37,15,03,37_03,panelist,med,1,0,0,0,4.4,1,0.1,4.5
37,15,04,37_04,panelist,low,1,0,1,0,4.4,0,0,4.4
37,15,05,37_05,panelist,none,1,0,0,1,4.4,0,0,4.4
37,15,06,37_06,panelist,high,1,1,0,0,4.4,0,0,4.4
37,15,07,37_07,panelist,med,1,0,0,0,4.4,1,-0.3,4.1
37,15,08,37_08,panelist,high,1,1,0,0,4.4,1,-0.1,4.3
37,15,09,37_09,panelist,high,1,1,0,0,4.4,0,0,4.4
37,15,10,37_10,panelist,high,1,1,0,0,4.4,1,-0.2,4.2
37,15,11,37_11,panelist,none,1,0,0,1,4.4,0,0,4.4
37,15,12,37_12,panelist,med,1,0,0,0,4.4,0,0,4.4
37,15,13,37_13,panelist,low,1,0,1,0,4.4,1,0.2,4.6
37,15,14,37_14,reviewer,none,0,0,0,1,4.4,1,0.1,4.5
37,15,15,37_15,panelist,med,1,0,0,0,4.4,0,0,4.4
37,15,16,37_16,panelist,med,1,0,0,0,4.4,1,0.1,4.5
37,15,17,37_17,reviewer,med,0,0,0,0,4.4,0,0,4.4
37,15,18,37_18,reviewer,none,0,0,0,1,4.4,1,0.2,4.6
37,15,19,37_19,panelist,high,1,1,0,0,4.4,0,0,4.4
37,15,20,37_20,panelist,med,1,0,0,0,4.4,0,0,4.4
37,15,21,37_21,panelist,low,1,0,1,0,4.4,0,0,4.4
37,15,22,37_22,panelist,high,1,1,0,0,4.4,0,0,4.4
37,15,23,37_23,panelist,med,1,0,0,0,4.4,0,0,4.4
37,15,24,37_24,panelist,med,1,0,0,0,4.4,1,0.2,4.6
38,1,01,38_01,panelist,low,1,0,1,0,3.8,1,0.2,4
38,1,02,38_02,panelist,low,1,0,1,0,3.8,1,-0.4,3.5
38,1,03,38_03,panelist,high,1,1,0,0,3.8,0,0,3.8
38,1,04,38_04,panelist,med,1,0,0,0,3.8,0,0,3.8
38,1,05,38_05,panelist,med,1,0,0,0,3.8,0,0,3.8
38,1,06,38_06,panelist,med,1,0,0,0,3.8,0,0,3.8
38,1,07,38_07,panelist,none,1,0,0,1,3.8,1,0.1,3.9
38,1,08,38_08,panelist,med,1,0,0,0,3.8,0,0,3.8
38,1,09,38_09,panelist,none,1,0,0,1,3.8,0,0,3.8
38,1,10,38_10,panelist,med,1,0,0,0,3.8,0,0,3.8
38,1,11,38_11,panelist,high,1,1,0,0,3.8,0,0,3.8
38,1,12,38_12,panelist,low,1,0,1,0,3.8,0,0,3.8
38,1,13,38_13,panelist,med,1,0,0,0,3.8,0,0,3.8
38,1,14,38_14,reviewer,high,0,1,0,0,3.8,0,0,3.8
38,1,15,38_15,panelist,high,1,1,0,0,3.8,0,0,3.8
38,1,16,38_16,panelist,high,1,1,0,0,3.8,0,0,3.8
38,1,17,38_17,reviewer,none,0,0,0,1,3.8,0,0,3.8
38,1,18,38_18,panelist,med,1,0,0,0,3.8,1,0.1,3.9
38,1,19,38_19,reviewer,none,0,0,0,1,3.8,1,-0.1,3.7
38,1,20,38_20,panelist,med,1,0,0,0,3.8,1,-0.1,3.7
38,1,21,38_21,panelist,low,1,0,1,0,3.8,1,0.1,3.9
38,1,22,38_22,panelist,med,1,0,0,0,3.8,1,-0.1,3.7
38,1,23,38_23,panelist,med,1,0,0,0,3.8,1,0.1,3.9
38,1,24,38_24,panelist,high,1,1,0,0,3.8,0,0,3.8
38,2,01,38_01,panelist,med,1,0,0,0,4.4,0,0,4.4
38,2,02,38_02,panelist,none,1,0,0,1,4.4,1,0.1,4.5
38,2,03,38_03,reviewer,med,0,0,0,0,4.4,0,0,4.4
38,2,04,38_04,panelist,med,1,0,0,0,4.4,0,0,4.4
38,2,05,38_05,panelist,med,1,0,0,0,4.4,0,0,4.4
38,2,06,38_06,reviewer,med,0,0,0,0,4.4,0,0,4.4
38,2,07,38_07,panelist,low,1,0,1,0,4.4,1,-0.1,4.3
38,2,08,38_08,reviewer,high,0,1,0,0,4.4,0,0,4.4
38,2,09,38_09,panelist,high,1,1,0,0,4.4,0,0,4.4
38,2,10,38_10,panelist,med,1,0,0,0,4.4,0,0,4.4
38,2,11,38_11,panelist,low,1,0,1,0,4.4,1,-0.1,4.3
38,2,12,38_12,panelist,med,1,0,0,0,4.4,1,0.1,4.5
38,2,13,38_13,panelist,med,1,0,0,0,4.4,0,0,4.4
38,2,14,38_14,panelist,med,1,0,0,0,4.4,0,0,4.4
38,2,15,38_15,panelist,none,1,0,0,1,4.4,0,0,4.4
38,2,16,38_16,panelist,high,1,1,0,0,4.4,1,0.2,4.6
38,2,17,38_17,panelist,none,1,0,0,1,4.4,0,0,4.4
38,2,18,38_18,panelist,med,1,0,0,0,4.4,0,0,4.4
38,2,19,38_19,panelist,low,1,0,1,0,4.4,0,0,4.4
38,2,20,38_20,panelist,none,1,0,0,1,4.4,1,-0.1,4.3
38,2,21,38_21,panelist,low,1,0,1,0,4.4,1,0.1,4.5
38,2,22,38_22,panelist,high,1,1,0,0,4.4,0,0,4.4
38,2,23,38_23,panelist,high,1,1,0,0,4.4,0,0,4.4
38,2,24,38_24,panelist,high,1,1,0,0,4.4,0,0,4.4
38,3,01,38_01,panelist,med,1,0,0,0,4.3,1,-0.2,4.1
38,3,02,38_02,panelist,med,1,0,0,0,4.3,1,-0.2,4.1
38,3,03,38_03,panelist,med,1,0,0,0,4.3,0,0,4.3
38,3,04,38_04,panelist,high,1,1,0,0,4.3,0,0,4.3
38,3,05,38_05,panelist,high,1,1,0,0,4.3,0,0,4.3
38,3,06,38_06,panelist,med,1,0,0,0,4.3,0,0,4.3
38,3,07,38_07,panelist,none,1,0,0,1,4.3,0,0,4.3
38,3,08,38_08,panelist,none,1,0,0,1,4.3,1,0.2,4.5
38,3,09,38_09,panelist,med,1,0,0,0,4.3,0,0,4.3
38,3,10,38_10,panelist,high,1,1,0,0,4.3,0,0,4.3
38,3,11,38_11,panelist,none,1,0,0,1,4.3,1,0.1,4.4
38,3,12,38_12,reviewer,high,0,1,0,0,4.3,0,0,4.3
38,3,13,38_13,reviewer,med,0,0,0,0,4.3,0,0,4.3
38,3,14,38_14,panelist,low,1,0,1,0,4.3,1,-0.1,4.2
38,3,15,38_15,panelist,none,1,0,0,1,4.3,0,0,4.3
38,3,16,38_16,panelist,low,1,0,1,0,4.3,1,-0.4,3.9
38,3,17,38_17,panelist,med,1,0,0,0,4.3,0,0,4.3
38,3,18,38_18,panelist,high,1,1,0,0,4.3,0,0,4.3
38,3,19,38_19,reviewer,high,0,1,0,0,4.3,0,0,4.3
38,3,20,38_20,panelist,med,1,0,0,0,4.3,0,0,4.3
38,3,21,38_21,panelist,med,1,0,0,0,4.3,0,0,4.3
38,3,22,38_22,panelist,low,1,0,1,0,4.3,1,-0.1,4.2
38,3,23,38_23,panelist,low,1,0,1,0,4.3,1,0.1,4.4
38,3,24,38_24,panelist,med,1,0,0,0,4.3,1,0.2,4.5
38,4,01,38_01,panelist,none,1,0,0,1,3.9,0,0,3.9
38,4,02,38_02,reviewer,high,0,1,0,0,3.9,0,0,3.9
38,4,03,38_03,reviewer,low,0,0,1,0,3.9,1,0.3,4.2
38,4,04,38_04,panelist,med,1,0,0,0,3.9,0,0,3.9
38,4,05,38_05,panelist,low,1,0,1,0,3.9,1,0.2,4.1
38,4,06,38_06,panelist,high,1,1,0,0,3.9,0,0,3.9
38,4,07,38_07,panelist,low,1,0,1,0,3.9,1,0.2,4.1
38,4,08,38_08,panelist,med,1,0,0,0,3.9,1,0.3,4.2
38,4,09,38_09,panelist,none,1,0,0,1,3.9,1,0.1,4
38,4,10,38_10,reviewer,high,0,1,0,0,3.9,0,0,3.9
38,4,11,38_11,panelist,med,1,0,0,0,3.9,0,0,3.9
38,4,12,38_12,panelist,low,1,0,1,0,3.9,1,-0.1,3.8
38,4,13,38_13,panelist,med,1,0,0,0,3.9,0,0,3.9
38,4,14,38_14,panelist,med,1,0,0,0,3.9,1,-0.1,3.8
38,4,15,38_15,panelist,med,1,0,0,0,3.9,0,0,3.9
38,4,16,38_16,panelist,none,1,0,0,1,3.9,0,0,3.9
38,4,17,38_17,panelist,high,1,1,0,0,3.9,0,0,3.9
38,4,18,38_18,panelist,none,1,0,0,1,3.9,1,0.2,4.1
38,4,19,38_19,panelist,med,1,0,0,0,3.9,1,0.1,4
38,4,20,38_20,panelist,med,1,0,0,0,3.9,0,0,3.9
38,4,21,38_21,panelist,high,1,1,0,0,3.9,0,0,3.9
38,4,22,38_22,panelist,med,1,0,0,0,3.9,0,0,3.9
38,4,23,38_23,panelist,high,1,1,0,0,3.9,0,0,3.9
38,4,24,38_24,panelist,med,1,0,0,0,3.9,0,0,3.9
38,5,01,38_01,panelist,low,1,0,1,0,3.8,0,0,3.8
38,5,02,38_02,panelist,none,1,0,0,1,3.8,1,0.2,4
38,5,03,38_03,panelist,high,1,1,0,0,3.8,1,-0.1,3.7
38,5,04,38_04,panelist,high,1,1,0,0,3.8,0,0,3.8
38,5,05,38_05,panelist,none,1,0,0,1,3.8,1,-0.3,3.5
38,5,06,38_06,panelist,none,1,0,0,1,3.8,1,-0.1,3.7
38,5,07,38_07,panelist,med,1,0,0,0,3.8,0,0,3.8
38,5,08,38_08,panelist,none,1,0,0,1,3.8,0,0,3.8
38,5,09,38_09,panelist,med,1,0,0,0,3.8,0,0,3.8
38,5,10,38_10,panelist,high,1,1,0,0,3.8,0,0,3.8
38,5,11,38_11,reviewer,med,0,0,0,0,3.8,1,-0.2,3.6
38,5,12,38_12,panelist,med,1,0,0,0,3.8,0,0,3.8
38,5,13,38_13,panelist,low,1,0,1,0,3.8,0,0,3.8
38,5,14,38_14,panelist,med,1,0,0,0,3.8,0,0,3.8
38,5,15,38_15,panelist,med,1,0,0,0,3.8,0,0,3.8
38,5,16,38_16,panelist,med,1,0,0,0,3.8,1,0.2,4
38,5,17,38_17,panelist,high,1,1,0,0,3.8,0,0,3.8
38,5,18,38_18,panelist,med,1,0,0,0,3.8,1,-0.2,3.6
38,5,19,38_19,reviewer,low,0,0,1,0,3.8,1,-0.2,3.6
38,5,20,38_20,panelist,high,1,1,0,0,3.8,0,0,3.8
38,5,21,38_21,panelist,med,1,0,0,0,3.8,0,0,3.8
38,5,22,38_22,panelist,med,1,0,0,0,3.8,0,0,3.8
38,5,23,38_23,panelist,high,1,1,0,0,3.8,1,-0.3,3.5
38,5,24,38_24,reviewer,low,0,0,1,0,3.8,0,0,3.8
38,6,01,38_01,panelist,low,1,0,1,0,3.6,1,0.1,3.7
38,6,02,38_02,panelist,med,1,0,0,0,3.6,0,0,3.6
38,6,03,38_03,panelist,med,1,0,0,0,3.6,0,0,3.6
38,6,04,38_04,panelist,med,1,0,0,0,3.6,0,0,3.6
38,6,05,38_05,panelist,med,1,0,0,0,3.6,0,0,3.6
38,6,06,38_06,panelist,med,1,0,0,0,3.6,0,0,3.6
38,6,07,38_07,panelist,high,1,1,0,0,3.6,1,-0.2,3.5
38,6,08,38_08,panelist,high,1,1,0,0,3.6,1,0.2,3.8
38,6,09,38_09,panelist,high,1,1,0,0,3.6,0,0,3.6
38,6,10,38_10,reviewer,med,0,0,0,0,3.6,1,0.3,3.9
38,6,11,38_11,panelist,low,1,0,1,0,3.6,1,0.3,3.9
38,6,12,38_12,panelist,med,1,0,0,0,3.6,0,0,3.6
38,6,13,38_13,panelist,med,1,0,0,0,3.6,1,0.1,3.7
38,6,14,38_14,panelist,high,1,1,0,0,3.6,0,0,3.6
38,6,15,38_15,panelist,low,1,0,1,0,3.6,1,0.1,3.7
38,6,16,38_16,panelist,high,1,1,0,0,3.6,0,0,3.6
38,6,17,38_17,panelist,none,1,0,0,1,3.6,1,-0.1,3.5
38,6,18,38_18,panelist,low,1,0,1,0,3.6,0,0,3.6
38,6,19,38_19,reviewer,none,0,0,0,1,3.6,1,-0.1,3.5
38,6,20,38_20,reviewer,med,0,0,0,0,3.6,0,0,3.6
38,6,21,38_21,panelist,med,1,0,0,0,3.6,0,0,3.6
38,6,22,38_22,panelist,high,1,1,0,0,3.6,0,0,3.6
38,6,23,38_23,panelist,none,1,0,0,1,3.6,0,0,3.6
38,6,24,38_24,panelist,none,1,0,0,1,3.6,1,-0.3,3.5
38,7,01,38_01,panelist,low,1,0,1,0,4.1,1,-0.1,4
38,7,02,38_02,panelist,med,1,0,0,0,4.1,0,0,4.1
38,7,03,38_03,panelist,high,1,1,0,0,4.1,0,0,4.1
38,7,04,38_04,panelist,low,1,0,1,0,4.1,1,0.1,4.2
38,7,05,38_05,panelist,med,1,0,0,0,4.1,1,0.2,4.3
38,7,06,38_06,panelist,low,1,0,1,0,4.1,1,-0.1,4
38,7,07,38_07,reviewer,med,0,0,0,0,4.1,0,0,4.1
38,7,08,38_08,panelist,none,1,0,0,1,4.1,0,0,4.1
38,7,09,38_09,reviewer,high,0,1,0,0,4.1,0,0,4.1
38,7,10,38_10,panelist,med,1,0,0,0,4.1,0,0,4.1
38,7,11,38_11,panelist,med,1,0,0,0,4.1,0,0,4.1
38,7,12,38_12,panelist,none,1,0,0,1,4.1,1,-0.3,3.8
38,7,13,38_13,panelist,med,1,0,0,0,4.1,1,0.3,4.4
38,7,14,38_14,panelist,high,1,1,0,0,4.1,1,-0.4,3.7
38,7,15,38_15,panelist,high,1,1,0,0,4.1,0,0,4.1
38,7,16,38_16,panelist,med,1,0,0,0,4.1,1,0.1,4.2
38,7,17,38_17,panelist,low,1,0,1,0,4.1,0,0,4.1
38,7,18,38_18,panelist,high,1,1,0,0,4.1,1,0.2,4.3
38,7,19,38_19,panelist,med,1,0,0,0,4.1,1,0.1,4.2
38,7,20,38_20,reviewer,none,0,0,0,1,4.1,0,0,4.1
38,7,21,38_21,panelist,med,1,0,0,0,4.1,0,0,4.1
38,7,22,38_22,panelist,none,1,0,0,1,4.1,1,0.1,4.2
38,7,23,38_23,panelist,high,1,1,0,0,4.1,0,0,4.1
38,7,24,38_24,panelist,med,1,0,0,0,4.1,1,0.4,4.5
38,8,01,38_01,panelist,high,1,1,0,0,3.6,0,0,3.6
38,8,02,38_02,reviewer,none,0,0,0,1,3.6,0,0,3.6
38,8,03,38_03,panelist,low,1,0,1,0,3.6,1,-0.1,3.5
38,8,04,38_04,panelist,med,1,0,0,0,3.6,1,0.2,3.8
38,8,05,38_05,reviewer,med,0,0,0,0,3.6,1,-0.2,3.5
38,8,06,38_06,panelist,med,1,0,0,0,3.6,1,-0.1,3.5
38,8,07,38_07,reviewer,none,0,0,0,1,3.6,0,0,3.6
38,8,08,38_08,panelist,med,1,0,0,0,3.6,0,0,3.6
38,8,09,38_09,panelist,med,1,0,0,0,3.6,0,0,3.6
38,8,10,38_10,panelist,med,1,0,0,0,3.6,0,0,3.6
38,8,11,38_11,panelist,med,1,0,0,0,3.6,0,0,3.6
38,8,12,38_12,panelist,med,1,0,0,0,3.6,0,0,3.6
38,8,13,38_13,panelist,high,1,1,0,0,3.6,0,0,3.6
38,8,14,38_14,panelist,high,1,1,0,0,3.6,1,-0.1,3.5
38,8,15,38_15,panelist,med,1,0,0,0,3.6,0,0,3.6
38,8,16,38_16,panelist,high,1,1,0,0,3.6,0,0,3.6
38,8,17,38_17,panelist,none,1,0,0,1,3.6,0,0,3.6
38,8,18,38_18,panelist,high,1,1,0,0,3.6,0,0,3.6
38,8,19,38_19,panelist,low,1,0,1,0,3.6,1,-0.1,3.5
38,8,20,38_20,panelist,low,1,0,1,0,3.6,1,0.1,3.7
38,8,21,38_21,panelist,high,1,1,0,0,3.6,0,0,3.6
38,8,22,38_22,panelist,med,1,0,0,0,3.6,0,0,3.6
38,8,23,38_23,panelist,low,1,0,1,0,3.6,0,0,3.6
38,8,24,38_24,panelist,none,1,0,0,1,3.6,0,0,3.6
38,9,01,38_01,panelist,low,1,0,1,0,4.3,0,0,4.3
38,9,02,38_02,panelist,med,1,0,0,0,4.3,0,0,4.3
38,9,03,38_03,panelist,high,1,1,0,0,4.3,1,0.1,4.4
38,9,04,38_04,panelist,med,1,0,0,0,4.3,0,0,4.3
38,9,05,38_05,reviewer,med,0,0,0,0,4.3,0,0,4.3
38,9,06,38_06,panelist,med,1,0,0,0,4.3,0,0,4.3
38,9,07,38_07,reviewer,none,0,0,0,1,4.3,1,-0.2,4.1
38,9,08,38_08,panelist,high,1,1,0,0,4.3,0,0,4.3
38,9,09,38_09,panelist,none,1,0,0,1,4.3,0,0,4.3
38,9,10,38_10,panelist,med,1,0,0,0,4.3,0,0,4.3
38,9,11,38_11,panelist,none,1,0,0,1,4.3,1,-0.1,4.2
38,9,12,38_12,panelist,med,1,0,0,0,4.3,0,0,4.3
38,9,13,38_13,panelist,high,1,1,0,0,4.3,0,0,4.3
38,9,14,38_14,panelist,none,1,0,0,1,4.3,1,0.1,4.4
38,9,15,38_15,panelist,med,1,0,0,0,4.3,0,0,4.3
38,9,16,38_16,panelist,low,1,0,1,0,4.3,1,-0.2,4.1
38,9,17,38_17,panelist,high,1,1,0,0,4.3,0,0,4.3
38,9,18,38_18,panelist,low,1,0,1,0,4.3,0,0,4.3
38,9,19,38_19,panelist,high,1,1,0,0,4.3,0,0,4.3
38,9,20,38_20,reviewer,high,0,1,0,0,4.3,0,0,4.3
38,9,21,38_21,panelist,med,1,0,0,0,4.3,0,0,4.3
38,9,22,38_22,panelist,low,1,0,1,0,4.3,1,0.1,4.4
38,9,23,38_23,panelist,med,1,0,0,0,4.3,0,0,4.3
38,9,24,38_24,panelist,med,1,0,0,0,4.3,1,-0.1,4.2
38,10,01,38_01,panelist,low,1,0,1,0,4.7,0,0,4.7
38,10,02,38_02,panelist,high,1,1,0,0,4.7,0,0,4.7
38,10,03,38_03,reviewer,low,0,0,1,0,4.7,1,0.2,4.9
38,10,04,38_04,panelist,med,1,0,0,0,4.7,0,0,4.7
38,10,05,38_05,panelist,high,1,1,0,0,4.7,0,0,4.7
38,10,06,38_06,panelist,high,1,1,0,0,4.7,0,0,4.7
38,10,07,38_07,panelist,med,1,0,0,0,4.7,1,-0.2,4.5
38,10,08,38_08,panelist,none,1,0,0,1,4.7,1,-0.3,4.4
38,10,09,38_09,panelist,med,1,0,0,0,4.7,1,0.1,4.8
38,10,10,38_10,panelist,med,1,0,0,0,4.7,0,0,4.7
38,10,11,38_11,panelist,med,1,0,0,0,4.7,0,0,4.7
38,10,12,38_12,panelist,med,1,0,0,0,4.7,1,-0.3,4.4
38,10,13,38_13,panelist,high,1,1,0,0,4.7,0,0,4.7
38,10,14,38_14,panelist,med,1,0,0,0,4.7,0,0,4.7
38,10,15,38_15,panelist,low,1,0,1,0,4.7,1,-0.1,4.6
38,10,16,38_16,panelist,none,1,0,0,1,4.7,0,0,4.7
38,10,17,38_17,panelist,none,1,0,0,1,4.7,0,0,4.7
38,10,18,38_18,panelist,low,1,0,1,0,4.7,1,-0.1,4.6
38,10,19,38_19,panelist,med,1,0,0,0,4.7,1,-0.2,4.5
38,10,20,38_20,reviewer,high,0,1,0,0,4.7,1,-0.1,4.6
38,10,21,38_21,panelist,high,1,1,0,0,4.7,1,-0.1,4.6
38,10,22,38_22,panelist,med,1,0,0,0,4.7,0,0,4.7
38,10,23,38_23,reviewer,med,0,0,0,0,4.7,0,0,4.7
38,10,24,38_24,panelist,none,1,0,0,1,4.7,1,0.4,4.9
38,11,01,38_01,panelist,med,1,0,0,0,4.3,0,0,4.3
38,11,02,38_02,panelist,med,1,0,0,0,4.3,1,-0.1,4.2
38,11,03,38_03,reviewer,none,0,0,0,1,4.3,0,0,4.3
38,11,04,38_04,panelist,high,1,1,0,0,4.3,0,0,4.3
38,11,05,38_05,panelist,low,1,0,1,0,4.3,1,-0.2,4.1
38,11,06,38_06,reviewer,med,0,0,0,0,4.3,0,0,4.3
38,11,07,38_07,panelist,med,1,0,0,0,4.3,1,-0.1,4.2
38,11,08,38_08,panelist,med,1,0,0,0,4.3,0,0,4.3
38,11,09,38_09,panelist,med,1,0,0,0,4.3,0,0,4.3
38,11,10,38_10,panelist,low,1,0,1,0,4.3,0,0,4.3
38,11,11,38_11,panelist,low,1,0,1,0,4.3,0,0,4.3
38,11,12,38_12,panelist,high,1,1,0,0,4.3,1,0.2,4.5
38,11,13,38_13,panelist,med,1,0,0,0,4.3,0,0,4.3
38,11,14,38_14,panelist,high,1,1,0,0,4.3,0,0,4.3
38,11,15,38_15,panelist,med,1,0,0,0,4.3,1,-0.2,4.1
38,11,16,38_16,panelist,none,1,0,0,1,4.3,1,-0.2,4.1
38,11,17,38_17,panelist,none,1,0,0,1,4.3,0,0,4.3
38,11,18,38_18,panelist,med,1,0,0,0,4.3,1,-0.2,4.1
38,11,19,38_19,panelist,high,1,1,0,0,4.3,0,0,4.3
38,11,20,38_20,panelist,med,1,0,0,0,4.3,1,-0.1,4.2
38,11,21,38_21,reviewer,high,0,1,0,0,4.3,1,0.2,4.5
38,11,22,38_22,panelist,high,1,1,0,0,4.3,0,0,4.3
38,11,23,38_23,panelist,none,1,0,0,1,4.3,0,0,4.3
38,11,24,38_24,panelist,low,1,0,1,0,4.3,0,0,4.3
38,12,01,38_01,panelist,med,1,0,0,0,4.9,0,0,4.9
38,12,02,38_02,panelist,med,1,0,0,0,4.9,1,-0.1,4.8
38,12,03,38_03,panelist,none,1,0,0,1,4.9,0,0,4.9
38,12,04,38_04,panelist,med,1,0,0,0,4.9,0,0,4.9
38,12,05,38_05,reviewer,med,0,0,0,0,4.9,1,-0.2,4.7
38,12,06,38_06,panelist,med,1,0,0,0,4.9,0,0,4.9
38,12,07,38_07,panelist,low,1,0,1,0,4.9,0,0,4.9
38,12,08,38_08,panelist,med,1,0,0,0,4.9,0,0,4.9
38,12,09,38_09,panelist,high,1,1,0,0,4.9,0,0,4.9
38,12,10,38_10,panelist,high,1,1,0,0,4.9,0,0,4.9
38,12,11,38_11,panelist,med,1,0,0,0,4.9,0,0,4.9
38,12,12,38_12,panelist,med,1,0,0,0,4.9,1,0.1,4.9
38,12,13,38_13,reviewer,low,0,0,1,0,4.9,0,0,4.9
38,12,14,38_14,panelist,none,1,0,0,1,4.9,0,0,4.9
38,12,15,38_15,panelist,high,1,1,0,0,4.9,0,0,4.9
38,12,16,38_16,panelist,med,1,0,0,0,4.9,0,0,4.9
38,12,17,38_17,panelist,med,1,0,0,0,4.9,0,0,4.9
38,12,18,38_18,panelist,high,1,1,0,0,4.9,0,0,4.9
38,12,19,38_19,panelist,none,1,0,0,1,4.9,0,0,4.9
38,12,20,38_20,panelist,high,1,1,0,0,4.9,1,-0.2,4.7
38,12,21,38_21,panelist,high,1,1,0,0,4.9,0,0,4.9
38,12,22,38_22,panelist,low,1,0,1,0,4.9,0,0,4.9
38,12,23,38_23,panelist,none,1,0,0,1,4.9,0,0,4.9
38,12,24,38_24,reviewer,low,0,0,1,0,4.9,1,-0.4,4.5
38,13,01,38_01,panelist,high,1,1,0,0,4.7,0,0,4.7
38,13,02,38_02,reviewer,med,0,0,0,0,4.7,0,0,4.7
38,13,03,38_03,panelist,low,1,0,1,0,4.7,0,0,4.7
38,13,04,38_04,panelist,med,1,0,0,0,4.7,0,0,4.7
38,13,05,38_05,panelist,low,1,0,1,0,4.7,1,-0.1,4.6
38,13,06,38_06,panelist,high,1,1,0,0,4.7,0,0,4.7
38,13,07,38_07,panelist,none,1,0,0,1,4.7,1,-0.2,4.5
38,13,08,38_08,panelist,low,1,0,1,0,4.7,1,0.1,4.8
38,13,09,38_09,panelist,med,1,0,0,0,4.7,0,0,4.7
38,13,10,38_10,panelist,med,1,0,0,0,4.7,0,0,4.7
38,13,11,38_11,panelist,med,1,0,0,0,4.7,1,-0.1,4.6
38,13,12,38_12,panelist,med,1,0,0,0,4.7,0,0,4.7
38,13,13,38_13,reviewer,none,0,0,0,1,4.7,0,0,4.7
38,13,14,38_14,panelist,med,1,0,0,0,4.7,0,0,4.7
38,13,15,38_15,panelist,med,1,0,0,0,4.7,1,-0.2,4.5
38,13,16,38_16,panelist,low,1,0,1,0,4.7,1,-0.3,4.4
38,13,17,38_17,reviewer,high,0,1,0,0,4.7,0,0,4.7
38,13,18,38_18,panelist,high,1,1,0,0,4.7,1,-0.1,4.6
38,13,19,38_19,panelist,none,1,0,0,1,4.7,1,0.3,4.9
38,13,20,38_20,panelist,high,1,1,0,0,4.7,1,-0.1,4.6
38,13,21,38_21,panelist,med,1,0,0,0,4.7,1,0.1,4.8
38,13,22,38_22,panelist,med,1,0,0,0,4.7,1,-0.1,4.6
38,13,23,38_23,panelist,high,1,1,0,0,4.7,1,0.1,4.8
38,13,24,38_24,panelist,none,1,0,0,1,4.7,1,-0.2,4.5
38,14,01,38_01,panelist,high,1,1,0,0,3.7,0,0,3.7
38,14,02,38_02,panelist,high,1,1,0,0,3.7,0,0,3.7
38,14,03,38_03,panelist,none,1,0,0,1,3.7,0,0,3.7
38,14,04,38_04,panelist,low,1,0,1,0,3.7,1,0.1,3.8
38,14,05,38_05,panelist,high,1,1,0,0,3.7,0,0,3.7
38,14,06,38_06,panelist,med,1,0,0,0,3.7,0,0,3.7
38,14,07,38_07,panelist,med,1,0,0,0,3.7,0,0,3.7
38,14,08,38_08,panelist,none,1,0,0,1,3.7,1,-0.2,3.5
38,14,09,38_09,panelist,low,1,0,1,0,3.7,0,0,3.7
38,14,10,38_10,panelist,med,1,0,0,0,3.7,1,-0.1,3.6
38,14,11,38_11,panelist,high,1,1,0,0,3.7,0,0,3.7
38,14,12,38_12,panelist,high,1,1,0,0,3.7,1,-0.3,3.5
38,14,13,38_13,panelist,none,1,0,0,1,3.7,0,0,3.7
38,14,14,38_14,panelist,med,1,0,0,0,3.7,0,0,3.7
38,14,15,38_15,panelist,none,1,0,0,1,3.7,1,-0.1,3.6
38,14,16,38_16,reviewer,med,0,0,0,0,3.7,1,0.1,3.8
38,14,17,38_17,reviewer,med,0,0,0,0,3.7,0,0,3.7
38,14,18,38_18,panelist,low,1,0,1,0,3.7,0,0,3.7
38,14,19,38_19,panelist,med,1,0,0,0,3.7,0,0,3.7
38,14,20,38_20,panelist,med,1,0,0,0,3.7,1,-0.1,3.6
38,14,21,38_21,reviewer,med,0,0,0,0,3.7,1,0.3,4
38,14,22,38_22,panelist,low,1,0,1,0,3.7,0,0,3.7
38,14,23,38_23,panelist,med,1,0,0,0,3.7,0,0,3.7
38,14,24,38_24,panelist,high,1,1,0,0,3.7,0,0,3.7
38,15,01,38_01,panelist,med,1,0,0,0,4.5,1,-0.1,4.4
38,15,02,38_02,reviewer,high,0,1,0,0,4.5,0,0,4.5
38,15,03,38_03,panelist,none,1,0,0,1,4.5,0,0,4.5
38,15,04,38_04,panelist,med,1,0,0,0,4.5,1,-0.3,4.2
38,15,05,38_05,reviewer,med,0,0,0,0,4.5,0,0,4.5
38,15,06,38_06,panelist,high,1,1,0,0,4.5,0,0,4.5
38,15,07,38_07,panelist,low,1,0,1,0,4.5,0,0,4.5
38,15,08,38_08,panelist,high,1,1,0,0,4.5,0,0,4.5
38,15,09,38_09,panelist,high,1,1,0,0,4.5,1,-0.1,4.4
38,15,10,38_10,panelist,med,1,0,0,0,4.5,0,0,4.5
38,15,11,38_11,panelist,med,1,0,0,0,4.5,1,-0.1,4.4
38,15,12,38_12,panelist,high,1,1,0,0,4.5,0,0,4.5
38,15,13,38_13,panelist,low,1,0,1,0,4.5,1,-0.1,4.4
38,15,14,38_14,panelist,none,1,0,0,1,4.5,0,0,4.5
38,15,15,38_15,panelist,low,1,0,1,0,4.5,1,0.2,4.7
38,15,16,38_16,panelist,med,1,0,0,0,4.5,0,0,4.5
38,15,17,38_17,reviewer,med,0,0,0,0,4.5,0,0,4.5
38,15,18,38_18,panelist,med,1,0,0,0,4.5,1,0.2,4.7
38,15,19,38_19,panelist,med,1,0,0,0,4.5,0,0,4.5
38,15,20,38_20,panelist,high,1,1,0,0,4.5,0,0,4.5
38,15,21,38_21,panelist,low,1,0,1,0,4.5,0,0,4.5
38,15,22,38_22,panelist,none,1,0,0,1,4.5,0,0,4.5
38,15,23,38_23,panelist,med,1,0,0,0,4.5,0,0,4.5
38,15,24,38_24,panelist,none,1,0,0,1,4.5,1,0.1,4.6
39,1,01,39_01,panelist,med,1,0,0,0,3.6,0,0,3.6
39,1,02,39_02,panelist,none,1,0,0,1,3.6,1,0.1,3.7
39,1,03,39_03,panelist,med,1,0,0,0,3.6,1,-0.1,3.5
39,1,04,39_04,panelist,low,1,0,1,0,3.6,0,0,3.6
39,1,05,39_05,reviewer,med,0,0,0,0,3.6,0,0,3.6
39,1,06,39_06,panelist,high,1,1,0,0,3.6,0,0,3.6
39,1,07,39_07,panelist,med,1,0,0,0,3.6,0,0,3.6
39,1,08,39_08,panelist,med,1,0,0,0,3.6,1,0.1,3.7
39,1,09,39_09,panelist,low,1,0,1,0,3.6,0,0,3.6
39,1,10,39_10,panelist,high,1,1,0,0,3.6,0,0,3.6
39,1,11,39_11,panelist,high,1,1,0,0,3.6,1,-0.1,3.5
39,1,12,39_12,reviewer,none,0,0,0,1,3.6,1,0.1,3.7
39,1,13,39_13,panelist,med,1,0,0,0,3.6,0,0,3.6
39,1,14,39_14,panelist,high,1,1,0,0,3.6,1,-0.1,3.5
39,1,15,39_15,panelist,high,1,1,0,0,3.6,0,0,3.6
39,1,16,39_16,panelist,high,1,1,0,0,3.6,0,0,3.6
39,1,17,39_17,panelist,none,1,0,0,1,3.6,0,0,3.6
39,1,18,39_18,panelist,med,1,0,0,0,3.6,1,-0.1,3.5
39,1,19,39_19,panelist,none,1,0,0,1,3.6,0,0,3.6
39,1,20,39_20,panelist,low,1,0,1,0,3.6,0,0,3.6
39,1,21,39_21,panelist,med,1,0,0,0,3.6,1,0.1,3.7
39,1,22,39_22,panelist,low,1,0,1,0,3.6,1,-0.1,3.5
39,1,23,39_23,reviewer,med,0,0,0,0,3.6,1,-0.1,3.5
39,1,24,39_24,panelist,med,1,0,0,0,3.6,0,0,3.6
39,2,01,39_01,panelist,low,1,0,1,0,4.2,1,-0.2,4
39,2,02,39_02,panelist,med,1,0,0,0,4.2,1,-0.3,3.9
39,2,03,39_03,panelist,none,1,0,0,1,4.2,0,0,4.2
39,2,04,39_04,panelist,med,1,0,0,0,4.2,0,0,4.2
39,2,05,39_05,reviewer,low,0,0,1,0,4.2,0,0,4.2
39,2,06,39_06,panelist,low,1,0,1,0,4.2,0,0,4.2
39,2,07,39_07,panelist,med,1,0,0,0,4.2,0,0,4.2
39,2,08,39_08,panelist,high,1,1,0,0,4.2,0,0,4.2
39,2,09,39_09,panelist,med,1,0,0,0,4.2,1,-0.1,4.1
39,2,10,39_10,panelist,low,1,0,1,0,4.2,1,-0.1,4.1
39,2,11,39_11,panelist,high,1,1,0,0,4.2,1,-0.1,4.1
39,2,12,39_12,panelist,high,1,1,0,0,4.2,0,0,4.2
39,2,13,39_13,panelist,high,1,1,0,0,4.2,0,0,4.2
39,2,14,39_14,panelist,med,1,0,0,0,4.2,0,0,4.2
39,2,15,39_15,panelist,med,1,0,0,0,4.2,0,0,4.2
39,2,16,39_16,panelist,high,1,1,0,0,4.2,0,0,4.2
39,2,17,39_17,panelist,med,1,0,0,0,4.2,0,0,4.2
39,2,18,39_18,reviewer,none,0,0,0,1,4.2,0,0,4.2
39,2,19,39_19,panelist,none,1,0,0,1,4.2,0,0,4.2
39,2,20,39_20,panelist,none,1,0,0,1,4.2,0,0,4.2
39,2,21,39_21,panelist,high,1,1,0,0,4.2,1,-0.2,4
39,2,22,39_22,panelist,med,1,0,0,0,4.2,1,0.2,4.4
39,2,23,39_23,panelist,med,1,0,0,0,4.2,0,0,4.2
39,2,24,39_24,reviewer,med,0,0,0,0,4.2,1,0.1,4.3
39,3,01,39_01,panelist,med,1,0,0,0,4.2,0,0,4.2
39,3,02,39_02,panelist,none,1,0,0,1,4.2,0,0,4.2
39,3,03,39_03,panelist,high,1,1,0,0,4.2,1,-0.1,4.1
39,3,04,39_04,panelist,med,1,0,0,0,4.2,0,0,4.2
39,3,05,39_05,panelist,low,1,0,1,0,4.2,0,0,4.2
39,3,06,39_06,panelist,low,1,0,1,0,4.2,0,0,4.2
39,3,07,39_07,panelist,high,1,1,0,0,4.2,0,0,4.2
39,3,08,39_08,panelist,med,1,0,0,0,4.2,0,0,4.2
39,3,09,39_09,panelist,none,1,0,0,1,4.2,1,-0.1,4.1
39,3,10,39_10,panelist,med,1,0,0,0,4.2,1,-0.1,4.1
39,3,11,39_11,reviewer,high,0,1,0,0,4.2,1,0.1,4.3
39,3,12,39_12,panelist,high,1,1,0,0,4.2,0,0,4.2
39,3,13,39_13,reviewer,low,0,0,1,0,4.2,0,0,4.2
39,3,14,39_14,panelist,high,1,1,0,0,4.2,0,0,4.2
39,3,15,39_15,panelist,med,1,0,0,0,4.2,1,0.1,4.3
39,3,16,39_16,panelist,none,1,0,0,1,4.2,1,-0.2,4
39,3,17,39_17,panelist,high,1,1,0,0,4.2,1,0.2,4.4
39,3,18,39_18,panelist,none,1,0,0,1,4.2,1,0.3,4.5
39,3,19,39_19,panelist,med,1,0,0,0,4.2,0,0,4.2
39,3,20,39_20,reviewer,med,0,0,0,0,4.2,1,0.2,4.4
39,3,21,39_21,panelist,med,1,0,0,0,4.2,0,0,4.2
39,3,22,39_22,panelist,med,1,0,0,0,4.2,0,0,4.2
39,3,23,39_23,panelist,med,1,0,0,0,4.2,1,-0.1,4.1
39,3,24,39_24,panelist,low,1,0,1,0,4.2,1,-0.1,4.1
39,4,01,39_01,panelist,med,1,0,0,0,3.8,1,0.1,3.9
39,4,02,39_02,reviewer,med,0,0,0,0,3.8,0,0,3.8
39,4,03,39_03,panelist,high,1,1,0,0,3.8,0,0,3.8
39,4,04,39_04,panelist,low,1,0,1,0,3.8,0,0,3.8
39,4,05,39_05,panelist,high,1,1,0,0,3.8,0,0,3.8
39,4,06,39_06,reviewer,high,0,1,0,0,3.8,0,0,3.8
39,4,07,39_07,panelist,med,1,0,0,0,3.8,1,0.1,3.9
39,4,08,39_08,panelist,med,1,0,0,0,3.8,0,0,3.8
39,4,09,39_09,panelist,low,1,0,1,0,3.8,0,0,3.8
39,4,10,39_10,panelist,high,1,1,0,0,3.8,0,0,3.8
39,4,11,39_11,panelist,med,1,0,0,0,3.8,1,-0.3,3.5
39,4,12,39_12,panelist,med,1,0,0,0,3.8,0,0,3.8
39,4,13,39_13,panelist,med,1,0,0,0,3.8,1,0.3,4.1
39,4,14,39_14,panelist,none,1,0,0,1,3.8,1,-0.2,3.6
39,4,15,39_15,panelist,low,1,0,1,0,3.8,0,0,3.8
39,4,16,39_16,panelist,med,1,0,0,0,3.8,0,0,3.8
39,4,17,39_17,panelist,none,1,0,0,1,3.8,0,0,3.8
39,4,18,39_18,panelist,none,1,0,0,1,3.8,0,0,3.8
39,4,19,39_19,reviewer,high,0,1,0,0,3.8,1,0.2,4
39,4,20,39_20,panelist,med,1,0,0,0,3.8,0,0,3.8
39,4,21,39_21,panelist,low,1,0,1,0,3.8,0,0,3.8
39,4,22,39_22,panelist,med,1,0,0,0,3.8,0,0,3.8
39,4,23,39_23,panelist,high,1,1,0,0,3.8,0,0,3.8
39,4,24,39_24,panelist,none,1,0,0,1,3.8,1,0.3,4.1
39,5,01,39_01,panelist,low,1,0,1,0,3.7,0,0,3.7
39,5,02,39_02,panelist,med,1,0,0,0,3.7,0,0,3.7
39,5,03,39_03,panelist,none,1,0,0,1,3.7,0,0,3.7
39,5,04,39_04,panelist,med,1,0,0,0,3.7,1,0.1,3.8
39,5,05,39_05,panelist,none,1,0,0,1,3.7,1,-0.1,3.6
39,5,06,39_06,panelist,high,1,1,0,0,3.7,1,-0.1,3.6
39,5,07,39_07,panelist,med,1,0,0,0,3.7,0,0,3.7
39,5,08,39_08,panelist,low,1,0,1,0,3.7,1,-0.2,3.5
39,5,09,39_09,panelist,high,1,1,0,0,3.7,0,0,3.7
39,5,10,39_10,panelist,none,1,0,0,1,3.7,0,0,3.7
39,5,11,39_11,panelist,med,1,0,0,0,3.7,1,0.1,3.8
39,5,12,39_12,panelist,high,1,1,0,0,3.7,0,0,3.7
39,5,13,39_13,panelist,med,1,0,0,0,3.7,0,0,3.7
39,5,14,39_14,panelist,med,1,0,0,0,3.7,1,0.1,3.8
39,5,15,39_15,panelist,med,1,0,0,0,3.7,1,-0.1,3.6
39,5,16,39_16,panelist,high,1,1,0,0,3.7,0,0,3.7
39,5,17,39_17,reviewer,low,0,0,1,0,3.7,1,0.2,3.9
39,5,18,39_18,reviewer,high,0,1,0,0,3.7,0,0,3.7
39,5,19,39_19,reviewer,med,0,0,0,0,3.7,1,-0.1,3.6
39,5,20,39_20,panelist,med,1,0,0,0,3.7,1,-0.4,3.5
39,5,21,39_21,panelist,none,1,0,0,1,3.7,1,0.1,3.8
39,5,22,39_22,panelist,med,1,0,0,0,3.7,0,0,3.7
39,5,23,39_23,panelist,low,1,0,1,0,3.7,1,-0.1,3.6
39,5,24,39_24,panelist,high,1,1,0,0,3.7,1,0.1,3.8
39,6,01,39_01,panelist,med,1,0,0,0,3.5,0,0,3.5
39,6,02,39_02,panelist,low,1,0,1,0,3.5,0,0,3.5
39,6,03,39_03,panelist,high,1,1,0,0,3.5,0,0,3.5
39,6,04,39_04,panelist,high,1,1,0,0,3.5,0,0,3.5
39,6,05,39_05,panelist,high,1,1,0,0,3.5,0,0,3.5
39,6,06,39_06,panelist,none,1,0,0,1,3.5,0,0,3.5
39,6,07,39_07,panelist,low,1,0,1,0,3.5,0,0,3.5
39,6,08,39_08,panelist,high,1,1,0,0,3.5,0,0,3.5
39,6,09,39_09,panelist,none,1,0,0,1,3.5,0,0,3.5
39,6,10,39_10,panelist,med,1,0,0,0,3.5,0,0,3.5
39,6,11,39_11,panelist,high,1,1,0,0,3.5,1,0.1,3.6
39,6,12,39_12,panelist,low,1,0,1,0,3.5,0,0,3.5
39,6,13,39_13,panelist,med,1,0,0,0,3.5,0,0,3.5
39,6,14,39_14,panelist,med,1,0,0,0,3.5,0,0,3.5
39,6,15,39_15,panelist,med,1,0,0,0,3.5,1,-0.1,3.5
39,6,16,39_16,panelist,high,1,1,0,0,3.5,1,0.2,3.7
39,6,17,39_17,reviewer,med,0,0,0,0,3.5,0,0,3.5
39,6,18,39_18,reviewer,med,0,0,0,0,3.5,0,0,3.5
39,6,19,39_19,panelist,none,1,0,0,1,3.5,1,-0.2,3.5
39,6,20,39_20,panelist,none,1,0,0,1,3.5,1,-0.1,3.5
39,6,21,39_21,panelist,low,1,0,1,0,3.5,1,0.1,3.6
39,6,22,39_22,reviewer,med,0,0,0,0,3.5,0,0,3.5
39,6,23,39_23,panelist,med,1,0,0,0,3.5,0,0,3.5
39,6,24,39_24,panelist,med,1,0,0,0,3.5,0,0,3.5
39,7,01,39_01,panelist,med,1,0,0,0,3.9,0,0,3.9
39,7,02,39_02,panelist,med,1,0,0,0,3.9,0,0,3.9
39,7,03,39_03,panelist,high,1,1,0,0,3.9,0,0,3.9
39,7,04,39_04,panelist,high,1,1,0,0,3.9,1,-0.2,3.7
39,7,05,39_05,panelist,med,1,0,0,0,3.9,1,0.2,4.1
39,7,06,39_06,panelist,none,1,0,0,1,3.9,1,-0.1,3.8
39,7,07,39_07,panelist,low,1,0,1,0,3.9,1,0.1,4
39,7,08,39_08,panelist,med,1,0,0,0,3.9,1,0.1,4
39,7,09,39_09,reviewer,med,0,0,0,0,3.9,1,0.1,4
39,7,10,39_10,panelist,med,1,0,0,0,3.9,0,0,3.9
39,7,11,39_11,panelist,med,1,0,0,0,3.9,1,-0.2,3.7
39,7,12,39_12,reviewer,med,0,0,0,0,3.9,0,0,3.9
39,7,13,39_13,reviewer,high,0,1,0,0,3.9,0,0,3.9
39,7,14,39_14,panelist,high,1,1,0,0,3.9,0,0,3.9
39,7,15,39_15,panelist,low,1,0,1,0,3.9,1,0.4,4.3
39,7,16,39_16,panelist,none,1,0,0,1,3.9,1,0.1,4
39,7,17,39_17,panelist,med,1,0,0,0,3.9,0,0,3.9
39,7,18,39_18,panelist,med,1,0,0,0,3.9,0,0,3.9
39,7,19,39_19,panelist,low,1,0,1,0,3.9,0,0,3.9
39,7,20,39_20,panelist,high,1,1,0,0,3.9,0,0,3.9
39,7,21,39_21,panelist,none,1,0,0,1,3.9,0,0,3.9
39,7,22,39_22,panelist,high,1,1,0,0,3.9,0,0,3.9
39,7,23,39_23,panelist,low,1,0,1,0,3.9,0,0,3.9
39,7,24,39_24,panelist,none,1,0,0,1,3.9,0,0,3.9
39,8,01,39_01,panelist,med,1,0,0,0,3.5,0,0,3.5
39,8,02,39_02,panelist,high,1,1,0,0,3.5,0,0,3.5
39,8,03,39_03,panelist,med,1,0,0,0,3.5,0,0,3.5
39,8,04,39_04,panelist,med,1,0,0,0,3.5,1,0.1,3.6
39,8,05,39_05,panelist,none,1,0,0,1,3.5,0,0,3.5
39,8,06,39_06,panelist,med,1,0,0,0,3.5,0,0,3.5
39,8,07,39_07,panelist,none,1,0,0,1,3.5,0,0,3.5
39,8,08,39_08,reviewer,high,0,1,0,0,3.5,0,0,3.5
39,8,09,39_09,panelist,med,1,0,0,0,3.5,1,-0.2,3.5
39,8,10,39_10,panelist,low,1,0,1,0,3.5,0,0,3.5
39,8,11,39_11,panelist,med,1,0,0,0,3.5,0,0,3.5
39,8,12,39_12,panelist,med,1,0,0,0,3.5,0,0,3.5
39,8,13,39_13,panelist,high,1,1,0,0,3.5,0,0,3.5
39,8,14,39_14,panelist,none,1,0,0,1,3.5,0,0,3.5
39,8,15,39_15,reviewer,low,0,0,1,0,3.5,0,0,3.5
39,8,16,39_16,panelist,high,1,1,0,0,3.5,1,0.1,3.6
39,8,17,39_17,panelist,low,1,0,1,0,3.5,1,-0.2,3.5
39,8,18,39_18,panelist,med,1,0,0,0,3.5,0,0,3.5
39,8,19,39_19,panelist,med,1,0,0,0,3.5,0,0,3.5
39,8,20,39_20,panelist,high,1,1,0,0,3.5,0,0,3.5
39,8,21,39_21,panelist,low,1,0,1,0,3.5,0,0,3.5
39,8,22,39_22,panelist,med,1,0,0,0,3.5,0,0,3.5
39,8,23,39_23,panelist,none,1,0,0,1,3.5,0,0,3.5
39,8,24,39_24,reviewer,high,0,1,0,0,3.5,1,0.2,3.7
39,9,01,39_01,panelist,med,1,0,0,0,4.2,0,0,4.2
39,9,02,39_02,panelist,med,1,0,0,0,4.2,0,0,4.2
39,9,03,39_03,panelist,med,1,0,0,0,4.2,1,0.2,4.4
39,9,04,39_04,panelist,low,1,0,1,0,4.2,1,0.1,4.3
39,9,05,39_05,panelist,high,1,1,0,0,4.2,1,0.3,4.5
39,9,06,39_06,panelist,none,1,0,0,1,4.2,1,0.2,4.4
39,9,07,39_07,reviewer,none,0,0,0,1,4.2,0,0,4.2
39,9,08,39_08,panelist,none,1,0,0,1,4.2,1,-0.3,3.9
39,9,09,39_09,panelist,med,1,0,0,0,4.2,0,0,4.2
39,9,10,39_10,panelist,med,1,0,0,0,4.2,0,0,4.2
39,9,11,39_11,panelist,med,1,0,0,0,4.2,0,0,4.2
39,9,12,39_12,panelist,med,1,0,0,0,4.2,0,0,4.2
39,9,13,39_13,panelist,high,1,1,0,0,4.2,0,0,4.2
39,9,14,39_14,panelist,none,1,0,0,1,4.2,1,-0.1,4.1
39,9,15,39_15,panelist,high,1,1,0,0,4.2,0,0,4.2
39,9,16,39_16,panelist,low,1,0,1,0,4.2,0,0,4.2
39,9,17,39_17,panelist,med,1,0,0,0,4.2,0,0,4.2
39,9,18,39_18,panelist,high,1,1,0,0,4.2,0,0,4.2
39,9,19,39_19,panelist,med,1,0,0,0,4.2,0,0,4.2
39,9,20,39_20,panelist,low,1,0,1,0,4.2,0,0,4.2
39,9,21,39_21,panelist,med,1,0,0,0,4.2,0,0,4.2
39,9,22,39_22,panelist,high,1,1,0,0,4.2,0,0,4.2
39,9,23,39_23,reviewer,high,0,1,0,0,4.2,0,0,4.2
39,9,24,39_24,reviewer,low,0,0,1,0,4.2,1,-0.2,4
39,10,01,39_01,panelist,med,1,0,0,0,4.6,0,0,4.6
39,10,02,39_02,panelist,med,1,0,0,0,4.6,1,-0.2,4.4
39,10,03,39_03,panelist,high,1,1,0,0,4.6,0,0,4.6
39,10,04,39_04,panelist,low,1,0,1,0,4.6,0,0,4.6
39,10,05,39_05,panelist,none,1,0,0,1,4.6,1,0.1,4.7
39,10,06,39_06,panelist,med,1,0,0,0,4.6,0,0,4.6
39,10,07,39_07,panelist,low,1,0,1,0,4.6,1,-0.1,4.5
39,10,08,39_08,reviewer,med,0,0,0,0,4.6,1,0.1,4.7
39,10,09,39_09,panelist,low,1,0,1,0,4.6,1,0.4,4.9
39,10,10,39_10,panelist,none,1,0,0,1,4.6,0,0,4.6
39,10,11,39_11,panelist,med,1,0,0,0,4.6,0,0,4.6
39,10,12,39_12,panelist,med,1,0,0,0,4.6,0,0,4.6
39,10,13,39_13,reviewer,none,0,0,0,1,4.6,1,0.1,4.7
39,10,14,39_14,panelist,med,1,0,0,0,4.6,1,-0.1,4.5
39,10,15,39_15,panelist,med,1,0,0,0,4.6,1,0.3,4.9
39,10,16,39_16,panelist,none,1,0,0,1,4.6,0,0,4.6
39,10,17,39_17,panelist,high,1,1,0,0,4.6,1,-0.1,4.5
39,10,18,39_18,panelist,high,1,1,0,0,4.6,1,-0.2,4.4
39,10,19,39_19,panelist,high,1,1,0,0,4.6,0,0,4.6
39,10,20,39_20,panelist,high,1,1,0,0,4.6,0,0,4.6
39,10,21,39_21,panelist,high,1,1,0,0,4.6,0,0,4.6
39,10,22,39_22,reviewer,med,0,0,0,0,4.6,0,0,4.6
39,10,23,39_23,panelist,low,1,0,1,0,4.6,0,0,4.6
39,10,24,39_24,panelist,med,1,0,0,0,4.6,0,0,4.6
39,11,01,39_01,panelist,high,1,1,0,0,4.2,1,0.1,4.3
39,11,02,39_02,panelist,med,1,0,0,0,4.2,0,0,4.2
39,11,03,39_03,panelist,none,1,0,0,1,4.2,0,0,4.2
39,11,04,39_04,panelist,high,1,1,0,0,4.2,0,0,4.2
39,11,05,39_05,panelist,high,1,1,0,0,4.2,1,0.2,4.4
39,11,06,39_06,panelist,low,1,0,1,0,4.2,0,0,4.2
39,11,07,39_07,reviewer,med,0,0,0,0,4.2,1,0.1,4.3
39,11,08,39_08,panelist,none,1,0,0,1,4.2,1,0.1,4.3
39,11,09,39_09,reviewer,med,0,0,0,0,4.2,0,0,4.2
39,11,10,39_10,panelist,med,1,0,0,0,4.2,1,-0.2,4
39,11,11,39_11,panelist,high,1,1,0,0,4.2,0,0,4.2
39,11,12,39_12,panelist,low,1,0,1,0,4.2,0,0,4.2
39,11,13,39_13,panelist,low,1,0,1,0,4.2,1,-0.1,4.1
39,11,14,39_14,panelist,none,1,0,0,1,4.2,1,0.2,4.4
39,11,15,39_15,panelist,none,1,0,0,1,4.2,1,-0.1,4.1
39,11,16,39_16,reviewer,med,0,0,0,0,4.2,0,0,4.2
39,11,17,39_17,panelist,med,1,0,0,0,4.2,1,-0.1,4.1
39,11,18,39_18,panelist,high,1,1,0,0,4.2,0,0,4.2
39,11,19,39_19,panelist,med,1,0,0,0,4.2,1,-0.1,4.1
39,11,20,39_20,panelist,low,1,0,1,0,4.2,0,0,4.2
39,11,21,39_21,panelist,med,1,0,0,0,4.2,1,0.1,4.3
39,11,22,39_22,panelist,high,1,1,0,0,4.2,1,-0.2,4
39,11,23,39_23,panelist,med,1,0,0,0,4.2,0,0,4.2
39,11,24,39_24,panelist,med,1,0,0,0,4.2,0,0,4.2
39,12,01,39_01,panelist,none,1,0,0,1,4.8,1,-0.1,4.7
39,12,02,39_02,reviewer,high,0,1,0,0,4.8,0,0,4.8
39,12,03,39_03,panelist,none,1,0,0,1,4.8,1,0.2,4.9
39,12,04,39_04,panelist,med,1,0,0,0,4.8,1,0.3,4.9
39,12,05,39_05,panelist,med,1,0,0,0,4.8,1,-0.1,4.7
39,12,06,39_06,panelist,low,1,0,1,0,4.8,0,0,4.8
39,12,07,39_07,panelist,med,1,0,0,0,4.8,0,0,4.8
39,12,08,39_08,panelist,high,1,1,0,0,4.8,1,-0.2,4.6
39,12,09,39_09,panelist,med,1,0,0,0,4.8,0,0,4.8
39,12,10,39_10,panelist,low,1,0,1,0,4.8,0,0,4.8
39,12,11,39_11,panelist,high,1,1,0,0,4.8,0,0,4.8
39,12,12,39_12,panelist,low,1,0,1,0,4.8,1,0.1,4.9
39,12,13,39_13,panelist,med,1,0,0,0,4.8,0,0,4.8
39,12,14,39_14,panelist,low,1,0,1,0,4.8,0,0,4.8
39,12,15,39_15,panelist,high,1,1,0,0,4.8,0,0,4.8
39,12,16,39_16,panelist,none,1,0,0,1,4.8,0,0,4.8
39,12,17,39_17,reviewer,med,0,0,0,0,4.8,0,0,4.8
39,12,18,39_18,panelist,high,1,1,0,0,4.8,0,0,4.8
39,12,19,39_19,panelist,high,1,1,0,0,4.8,1,-0.1,4.7
39,12,20,39_20,panelist,med,1,0,0,0,4.8,0,0,4.8
39,12,21,39_21,reviewer,none,0,0,0,1,4.8,1,0.1,4.9
39,12,22,39_22,panelist,med,1,0,0,0,4.8,1,0.1,4.9
39,12,23,39_23,panelist,med,1,0,0,0,4.8,1,-0.1,4.7
39,12,24,39_24,panelist,med,1,0,0,0,4.8,1,-0.1,4.7
39,13,01,39_01,panelist,none,1,0,0,1,4.6,1,-0.2,4.4
39,13,02,39_02,panelist,med,1,0,0,0,4.6,0,0,4.6
39,13,03,39_03,panelist,med,1,0,0,0,4.6,0,0,4.6
39,13,04,39_04,panelist,high,1,1,0,0,4.6,1,-0.3,4.3
39,13,05,39_05,panelist,high,1,1,0,0,4.6,1,0.1,4.7
39,13,06,39_06,panelist,med,1,0,0,0,4.6,1,0.1,4.7
39,13,07,39_07,panelist,none,1,0,0,1,4.6,0,0,4.6
39,13,08,39_08,panelist,med,1,0,0,0,4.6,1,0.1,4.7
39,13,09,39_09,reviewer,high,0,1,0,0,4.6,1,0.2,4.8
39,13,10,39_10,panelist,low,1,0,1,0,4.6,0,0,4.6
39,13,11,39_11,reviewer,none,0,0,0,1,4.6,0,0,4.6
39,13,12,39_12,panelist,none,1,0,0,1,4.6,1,0.1,4.7
39,13,13,39_13,panelist,med,1,0,0,0,4.6,1,-0.1,4.5
39,13,14,39_14,panelist,high,1,1,0,0,4.6,1,-0.1,4.5
39,13,15,39_15,panelist,low,1,0,1,0,4.6,1,0.1,4.7
39,13,16,39_16,panelist,med,1,0,0,0,4.6,0,0,4.6
39,13,17,39_17,panelist,low,1,0,1,0,4.6,0,0,4.6
39,13,18,39_18,panelist,med,1,0,0,0,4.6,0,0,4.6
39,13,19,39_19,panelist,high,1,1,0,0,4.6,0,0,4.6
39,13,20,39_20,reviewer,low,0,0,1,0,4.6,1,0.3,4.9
39,13,21,39_21,panelist,med,1,0,0,0,4.6,1,-0.2,4.4
39,13,22,39_22,panelist,med,1,0,0,0,4.6,0,0,4.6
39,13,23,39_23,panelist,med,1,0,0,0,4.6,1,-0.1,4.5
39,13,24,39_24,panelist,high,1,1,0,0,4.6,0,0,4.6
39,14,01,39_01,panelist,none,1,0,0,1,3.6,1,-0.1,3.5
39,14,02,39_02,reviewer,med,0,0,0,0,3.6,0,0,3.6
39,14,03,39_03,panelist,med,1,0,0,0,3.6,0,0,3.6
39,14,04,39_04,panelist,none,1,0,0,1,3.6,0,0,3.6
39,14,05,39_05,panelist,high,1,1,0,0,3.6,0,0,3.6
39,14,06,39_06,panelist,high,1,1,0,0,3.6,0,0,3.6
39,14,07,39_07,panelist,high,1,1,0,0,3.6,0,0,3.6
39,14,08,39_08,reviewer,high,0,1,0,0,3.6,1,-0.1,3.5
39,14,09,39_09,panelist,med,1,0,0,0,3.6,0,0,3.6
39,14,10,39_10,panelist,none,1,0,0,1,3.6,1,0.1,3.7
39,14,11,39_11,panelist,med,1,0,0,0,3.6,0,0,3.6
39,14,12,39_12,panelist,low,1,0,1,0,3.6,0,0,3.6
39,14,13,39_13,panelist,med,1,0,0,0,3.6,0,0,3.6
39,14,14,39_14,panelist,med,1,0,0,0,3.6,0,0,3.6
39,14,15,39_15,panelist,med,1,0,0,0,3.6,1,0.1,3.7
39,14,16,39_16,panelist,med,1,0,0,0,3.6,0,0,3.6
39,14,17,39_17,panelist,low,1,0,1,0,3.6,0,0,3.6
39,14,18,39_18,reviewer,low,0,0,1,0,3.6,1,0.3,3.9
39,14,19,39_19,panelist,high,1,1,0,0,3.6,0,0,3.6
39,14,20,39_20,panelist,none,1,0,0,1,3.6,1,0.1,3.7
39,14,21,39_21,panelist,med,1,0,0,0,3.6,0,0,3.6
39,14,22,39_22,panelist,low,1,0,1,0,3.6,0,0,3.6
39,14,23,39_23,panelist,med,1,0,0,0,3.6,1,0.2,3.8
39,14,24,39_24,panelist,high,1,1,0,0,3.6,0,0,3.6
39,15,01,39_01,panelist,med,1,0,0,0,4.3,1,0.1,4.4
39,15,02,39_02,panelist,none,1,0,0,1,4.3,0,0,4.3
39,15,03,39_03,reviewer,low,0,0,1,0,4.3,0,0,4.3
39,15,04,39_04,panelist,med,1,0,0,0,4.3,1,-0.1,4.2
39,15,05,39_05,panelist,med,1,0,0,0,4.3,1,0.3,4.6
39,15,06,39_06,panelist,low,1,0,1,0,4.3,0,0,4.3
39,15,07,39_07,panelist,med,1,0,0,0,4.3,0,0,4.3
39,15,08,39_08,panelist,high,1,1,0,0,4.3,0,0,4.3
39,15,09,39_09,panelist,med,1,0,0,0,4.3,1,-0.1,4.2
39,15,10,39_10,panelist,low,1,0,1,0,4.3,0,0,4.3
39,15,11,39_11,panelist,high,1,1,0,0,4.3,0,0,4.3
39,15,12,39_12,panelist,med,1,0,0,0,4.3,1,-0.2,4.1
39,15,13,39_13,panelist,high,1,1,0,0,4.3,0,0,4.3
39,15,14,39_14,panelist,low,1,0,1,0,4.3,1,-0.1,4.2
39,15,15,39_15,panelist,med,1,0,0,0,4.3,0,0,4.3
39,15,16,39_16,reviewer,none,0,0,0,1,4.3,1,0.1,4.4
39,15,17,39_17,reviewer,high,0,1,0,0,4.3,0,0,4.3
39,15,18,39_18,panelist,none,1,0,0,1,4.3,0,0,4.3
39,15,19,39_19,panelist,high,1,1,0,0,4.3,1,-0.1,4.2
39,15,20,39_20,panelist,high,1,1,0,0,4.3,1,0.1,4.4
39,15,21,39_21,panelist,none,1,0,0,1,4.3,1,0.4,4.7
39,15,22,39_22,panelist,med,1,0,0,0,4.3,0,0,4.3
39,15,23,39_23,panelist,med,1,0,0,0,4.3,0,0,4.3
39,15,24,39_24,panelist,med,1,0,0,0,4.3,0,0,4.3
40,1,01,40_01,panelist,med,1,0,0,0,3.7,1,0.3,4
40,1,02,40_02,panelist,med,1,0,0,0,3.7,1,0.1,3.8
40,1,03,40_03,panelist,med,1,0,0,0,3.7,1,0.1,3.8
40,1,04,40_04,panelist,high,1,1,0,0,3.7,1,-0.1,3.6
40,1,05,40_05,panelist,low,1,0,1,0,3.7,0,0,3.7
40,1,06,40_06,panelist,high,1,1,0,0,3.7,1,-0.2,3.5
40,1,07,40_07,panelist,med,1,0,0,0,3.7,1,-0.3,3.5
40,1,08,40_08,panelist,high,1,1,0,0,3.7,1,0.2,3.9
40,1,09,40_09,reviewer,med,0,0,0,0,3.7,1,-0.2,3.5
40,1,10,40_10,reviewer,high,0,1,0,0,3.7,0,0,3.7
40,1,11,40_11,reviewer,none,0,0,0,1,3.7,1,0.1,3.8
40,1,12,40_12,panelist,low,1,0,1,0,3.7,1,-0.1,3.6
40,1,13,40_13,panelist,med,1,0,0,0,3.7,0,0,3.7
40,1,14,40_14,panelist,none,1,0,0,1,3.7,0,0,3.7
40,1,15,40_15,panelist,low,1,0,1,0,3.7,0,0,3.7
40,1,16,40_16,panelist,none,1,0,0,1,3.7,0,0,3.7
40,1,17,40_17,panelist,med,1,0,0,0,3.7,0,0,3.7
40,1,18,40_18,panelist,none,1,0,0,1,3.7,1,0.2,3.9
40,1,19,40_19,panelist,med,1,0,0,0,3.7,1,-0.1,3.6
40,1,20,40_20,panelist,med,1,0,0,0,3.7,0,0,3.7
40,1,21,40_21,panelist,med,1,0,0,0,3.7,0,0,3.7
40,1,22,40_22,panelist,high,1,1,0,0,3.7,0,0,3.7
40,1,23,40_23,panelist,low,1,0,1,0,3.7,0,0,3.7
40,1,24,40_24,panelist,high,1,1,0,0,3.7,0,0,3.7
40,2,01,40_01,panelist,med,1,0,0,0,4.3,0,0,4.3
40,2,02,40_02,panelist,high,1,1,0,0,4.3,0,0,4.3
40,2,03,40_03,panelist,low,1,0,1,0,4.3,0,0,4.3
40,2,04,40_04,panelist,med,1,0,0,0,4.3,0,0,4.3
40,2,05,40_05,reviewer,high,0,1,0,0,4.3,0,0,4.3
40,2,06,40_06,panelist,high,1,1,0,0,4.3,1,0.1,4.4
40,2,07,40_07,panelist,high,1,1,0,0,4.3,0,0,4.3
40,2,08,40_08,panelist,low,1,0,1,0,4.3,0,0,4.3
40,2,09,40_09,panelist,med,1,0,0,0,4.3,0,0,4.3
40,2,10,40_10,panelist,none,1,0,0,1,4.3,1,0.2,4.5
40,2,11,40_11,panelist,med,1,0,0,0,4.3,0,0,4.3
40,2,12,40_12,panelist,none,1,0,0,1,4.3,1,-0.1,4.2
40,2,13,40_13,panelist,med,1,0,0,0,4.3,0,0,4.3
40,2,14,40_14,reviewer,low,0,0,1,0,4.3,0,0,4.3
40,2,15,40_15,panelist,low,1,0,1,0,4.3,1,0.3,4.6
40,2,16,40_16,panelist,med,1,0,0,0,4.3,0,0,4.3
40,2,17,40_17,reviewer,med,0,0,0,0,4.3,0,0,4.3
40,2,18,40_18,panelist,high,1,1,0,0,4.3,0,0,4.3
40,2,19,40_19,panelist,none,1,0,0,1,4.3,1,0.3,4.6
40,2,20,40_20,panelist,high,1,1,0,0,4.3,0,0,4.3
40,2,21,40_21,panelist,none,1,0,0,1,4.3,1,0.1,4.4
40,2,22,40_22,panelist,med,1,0,0,0,4.3,0,0,4.3
40,2,23,40_23,panelist,med,1,0,0,0,4.3,1,-0.1,4.2
40,2,24,40_24,panelist,med,1,0,0,0,4.3,0,0,4.3
40,3,01,40_01,panelist,none,1,0,0,1,4.2,1,-0.1,4.1
40,3,02,40_02,panelist,med,1,0,0,0,4.2,0,0,4.2
40,3,03,40_03,panelist,high,1,1,0,0,4.2,1,0.1,4.3
40,3,04,40_04,panelist,high,1,1,0,0,4.2,0,0,4.2
40,3,05,40_05,panelist,med,1,0,0,0,4.2,0,0,4.2
40,3,06,40_06,panelist,high,1,1,0,0,4.2,0,0,4.2
40,3,07,40_07,panelist,med,1,0,0,0,4.2,1,-0.1,4.1
40,3,08,40_08,panelist,low,1,0,1,0,4.2,1,-0.1,4.1
40,3,09,40_09,panelist,high,1,1,0,0,4.2,1,-0.1,4.1
40,3,10,40_10,panelist,med,1,0,0,0,4.2,1,0.2,4.4
40,3,11,40_11,reviewer,med,0,0,0,0,4.2,1,-0.1,4.1
40,3,12,40_12,reviewer,med,0,0,0,0,4.2,1,-0.3,3.9
40,3,13,40_13,panelist,high,1,1,0,0,4.2,0,0,4.2
40,3,14,40_14,reviewer,med,0,0,0,0,4.2,0,0,4.2
40,3,15,40_15,panelist,med,1,0,0,0,4.2,1,0.1,4.3
40,3,16,40_16,panelist,med,1,0,0,0,4.2,1,0.1,4.3
40,3,17,40_17,panelist,med,1,0,0,0,4.2,0,0,4.2
40,3,18,40_18,panelist,none,1,0,0,1,4.2,1,-0.2,4
40,3,19,40_19,panelist,low,1,0,1,0,4.2,0,0,4.2
40,3,20,40_20,panelist,low,1,0,1,0,4.2,0,0,4.2
40,3,21,40_21,panelist,high,1,1,0,0,4.2,0,0,4.2
40,3,22,40_22,panelist,none,1,0,0,1,4.2,0,0,4.2
40,3,23,40_23,panelist,none,1,0,0,1,4.2,0,0,4.2
40,3,24,40_24,panelist,low,1,0,1,0,4.2,0,0,4.2
40,4,01,40_01,panelist,low,1,0,1,0,3.8,1,-0.1,3.7
40,4,02,40_02,reviewer,med,0,0,0,0,3.8,0,0,3.8
40,4,03,40_03,reviewer,med,0,0,0,0,3.8,0,0,3.8
40,4,04,40_04,panelist,med,1,0,0,0,3.8,1,-0.2,3.6
40,4,05,40_05,panelist,med,1,0,0,0,3.8,0,0,3.8
40,4,06,40_06,panelist,high,1,1,0,0,3.8,0,0,3.8
40,4,07,40_07,panelist,low,1,0,1,0,3.8,1,0.1,3.9
40,4,08,40_08,panelist,high,1,1,0,0,3.8,1,0.3,4.1
40,4,09,40_09,panelist,low,1,0,1,0,3.8,1,-0.1,3.7
40,4,10,40_10,panelist,med,1,0,0,0,3.8,0,0,3.8
40,4,11,40_11,panelist,med,1,0,0,0,3.8,0,0,3.8
40,4,12,40_12,panelist,none,1,0,0,1,3.8,1,-0.4,3.5
40,4,13,40_13,panelist,high,1,1,0,0,3.8,0,0,3.8
40,4,14,40_14,reviewer,low,0,0,1,0,3.8,1,-0.1,3.7
40,4,15,40_15,panelist,med,1,0,0,0,3.8,1,0.1,3.9
40,4,16,40_16,panelist,high,1,1,0,0,3.8,0,0,3.8
40,4,17,40_17,panelist,none,1,0,0,1,3.8,0,0,3.8
40,4,18,40_18,panelist,none,1,0,0,1,3.8,1,0.1,3.9
40,4,19,40_19,panelist,med,1,0,0,0,3.8,1,-0.1,3.7
40,4,20,40_20,panelist,med,1,0,0,0,3.8,0,0,3.8
40,4,21,40_21,panelist,high,1,1,0,0,3.8,0,0,3.8
40,4,22,40_22,panelist,high,1,1,0,0,3.8,0,0,3.8
40,4,23,40_23,panelist,none,1,0,0,1,3.8,1,-0.3,3.5
40,4,24,40_24,panelist,med,1,0,0,0,3.8,1,-0.1,3.7
40,5,01,40_01,panelist,low,1,0,1,0,3.8,0,0,3.8
40,5,02,40_02,panelist,low,1,0,1,0,3.8,1,-0.2,3.6
40,5,03,40_03,panelist,med,1,0,0,0,3.8,1,0.1,3.9
40,5,04,40_04,panelist,none,1,0,0,1,3.8,0,0,3.8
40,5,05,40_05,panelist,med,1,0,0,0,3.8,0,0,3.8
40,5,06,40_06,panelist,high,1,1,0,0,3.8,0,0,3.8
40,5,07,40_07,panelist,none,1,0,0,1,3.8,1,0.1,3.9
40,5,08,40_08,panelist,high,1,1,0,0,3.8,0,0,3.8
40,5,09,40_09,panelist,high,1,1,0,0,3.8,0,0,3.8
40,5,10,40_10,reviewer,high,0,1,0,0,3.8,0,0,3.8
40,5,11,40_11,panelist,med,1,0,0,0,3.8,0,0,3.8
40,5,12,40_12,panelist,med,1,0,0,0,3.8,0,0,3.8
40,5,13,40_13,reviewer,med,0,0,0,0,3.8,1,-0.1,3.7
40,5,14,40_14,panelist,med,1,0,0,0,3.8,0,0,3.8
40,5,15,40_15,panelist,none,1,0,0,1,3.8,0,0,3.8
40,5,16,40_16,panelist,high,1,1,0,0,3.8,1,-0.2,3.6
40,5,17,40_17,panelist,high,1,1,0,0,3.8,0,0,3.8
40,5,18,40_18,panelist,med,1,0,0,0,3.8,0,0,3.8
40,5,19,40_19,panelist,low,1,0,1,0,3.8,0,0,3.8
40,5,20,40_20,panelist,med,1,0,0,0,3.8,1,-0.2,3.6
40,5,21,40_21,reviewer,low,0,0,1,0,3.8,0,0,3.8
40,5,22,40_22,panelist,med,1,0,0,0,3.8,0,0,3.8
40,5,23,40_23,panelist,none,1,0,0,1,3.8,1,0.2,4
40,5,24,40_24,panelist,med,1,0,0,0,3.8,0,0,3.8
40,6,01,40_01,panelist,med,1,0,0,0,3.5,0,0,3.5
40,6,02,40_02,reviewer,high,0,1,0,0,3.5,0,0,3.5
40,6,03,40_03,panelist,none,1,0,0,1,3.5,0,0,3.5
40,6,04,40_04,panelist,med,1,0,0,0,3.5,0,0,3.5
40,6,05,40_05,panelist,high,1,1,0,0,3.5,1,0.1,3.6
40,6,06,40_06,panelist,med,1,0,0,0,3.5,0,0,3.5
40,6,07,40_07,panelist,med,1,0,0,0,3.5,0,0,3.5
40,6,08,40_08,panelist,med,1,0,0,0,3.5,0,0,3.5
40,6,09,40_09,panelist,none,1,0,0,1,3.5,1,-0.1,3.5
40,6,10,40_10,reviewer,high,0,1,0,0,3.5,0,0,3.5
40,6,11,40_11,panelist,low,1,0,1,0,3.5,1,0.1,3.6
40,6,12,40_12,panelist,high,1,1,0,0,3.5,0,0,3.5
40,6,13,40_13,panelist,low,1,0,1,0,3.5,1,-0.1,3.5
40,6,14,40_14,panelist,low,1,0,1,0,3.5,1,-0.1,3.5
40,6,15,40_15,panelist,med,1,0,0,0,3.5,1,-0.1,3.5
40,6,16,40_16,panelist,high,1,1,0,0,3.5,1,-0.1,3.5
40,6,17,40_17,panelist,med,1,0,0,0,3.5,0,0,3.5
40,6,18,40_18,panelist,med,1,0,0,0,3.5,0,0,3.5
40,6,19,40_19,panelist,none,1,0,0,1,3.5,1,-0.2,3.5
40,6,20,40_20,panelist,med,1,0,0,0,3.5,0,0,3.5
40,6,21,40_21,reviewer,med,0,0,0,0,3.5,1,0.1,3.6
40,6,22,40_22,panelist,low,1,0,1,0,3.5,0,0,3.5
40,6,23,40_23,panelist,high,1,1,0,0,3.5,0,0,3.5
40,6,24,40_24,panelist,none,1,0,0,1,3.5,0,0,3.5
40,7,01,40_01,panelist,low,1,0,1,0,4,1,0.2,4.2
40,7,02,40_02,panelist,low,1,0,1,0,4,1,0.1,4.1
40,7,03,40_03,panelist,high,1,1,0,0,4,1,-0.3,3.7
40,7,04,40_04,reviewer,med,0,0,0,0,4,0,0,4
40,7,05,40_05,panelist,low,1,0,1,0,4,1,-0.1,3.9
40,7,06,40_06,panelist,high,1,1,0,0,4,0,0,4
40,7,07,40_07,panelist,none,1,0,0,1,4,1,0.2,4.2
40,7,08,40_08,panelist,med,1,0,0,0,4,0,0,4
40,7,09,40_09,panelist,med,1,0,0,0,4,1,0.2,4.2
40,7,10,40_10,panelist,none,1,0,0,1,4,1,0.1,4.1
40,7,11,40_11,panelist,high,1,1,0,0,4,1,0.1,4.1
40,7,12,40_12,panelist,med,1,0,0,0,4,0,0,4
40,7,13,40_13,reviewer,high,0,1,0,0,4,0,0,4
40,7,14,40_14,panelist,med,1,0,0,0,4,0,0,4
40,7,15,40_15,panelist,none,1,0,0,1,4,1,-0.1,3.9
40,7,16,40_16,panelist,med,1,0,0,0,4,0,0,4
40,7,17,40_17,panelist,med,1,0,0,0,4,1,-0.3,3.7
40,7,18,40_18,panelist,high,1,1,0,0,4,0,0,4
40,7,19,40_19,panelist,med,1,0,0,0,4,1,-0.1,3.9
40,7,20,40_20,panelist,med,1,0,0,0,4,1,0.1,4.1
40,7,21,40_21,panelist,low,1,0,1,0,4,0,0,4
40,7,22,40_22,reviewer,med,0,0,0,0,4,0,0,4
40,7,23,40_23,panelist,none,1,0,0,1,4,1,-0.1,3.9
40,7,24,40_24,panelist,high,1,1,0,0,4,1,0.1,4.1
40,8,01,40_01,panelist,high,1,1,0,0,3.5,1,0.1,3.6
40,8,02,40_02,panelist,med,1,0,0,0,3.5,1,-0.1,3.5
40,8,03,40_03,reviewer,low,0,0,1,0,3.5,0,0,3.5
40,8,04,40_04,panelist,none,1,0,0,1,3.5,0,0,3.5
40,8,05,40_05,panelist,low,1,0,1,0,3.5,0,0,3.5
40,8,06,40_06,panelist,med,1,0,0,0,3.5,0,0,3.5
40,8,07,40_07,panelist,med,1,0,0,0,3.5,1,-0.3,3.5
40,8,08,40_08,reviewer,high,0,1,0,0,3.5,0,0,3.5
40,8,09,40_09,panelist,high,1,1,0,0,3.5,0,0,3.5
40,8,10,40_10,panelist,med,1,0,0,0,3.5,0,0,3.5
40,8,11,40_11,panelist,none,1,0,0,1,3.5,0,0,3.5
40,8,12,40_12,panelist,high,1,1,0,0,3.5,1,-0.2,3.5
40,8,13,40_13,panelist,med,1,0,0,0,3.5,1,-0.1,3.5
40,8,14,40_14,panelist,med,1,0,0,0,3.5,0,0,3.5
40,8,15,40_15,panelist,med,1,0,0,0,3.5,0,0,3.5
40,8,16,40_16,panelist,med,1,0,0,0,3.5,0,0,3.5
40,8,17,40_17,panelist,none,1,0,0,1,3.5,1,0.2,3.7
40,8,18,40_18,panelist,high,1,1,0,0,3.5,1,-0.1,3.5
40,8,19,40_19,panelist,med,1,0,0,0,3.5,1,0.3,3.8
40,8,20,40_20,panelist,high,1,1,0,0,3.5,1,0.1,3.6
40,8,21,40_21,panelist,low,1,0,1,0,3.5,0,0,3.5
40,8,22,40_22,reviewer,low,0,0,1,0,3.5,0,0,3.5
40,8,23,40_23,panelist,med,1,0,0,0,3.5,0,0,3.5
40,8,24,40_24,panelist,none,1,0,0,1,3.5,0,0,3.5
40,9,01,40_01,panelist,med,1,0,0,0,4.3,0,0,4.3
40,9,02,40_02,reviewer,high,0,1,0,0,4.3,0,0,4.3
40,9,03,40_03,panelist,high,1,1,0,0,4.3,0,0,4.3
40,9,04,40_04,panelist,high,1,1,0,0,4.3,1,-0.2,4.1
40,9,05,40_05,panelist,low,1,0,1,0,4.3,0,0,4.3
40,9,06,40_06,panelist,low,1,0,1,0,4.3,0,0,4.3
40,9,07,40_07,panelist,none,1,0,0,1,4.3,0,0,4.3
40,9,08,40_08,panelist,med,1,0,0,0,4.3,1,0.1,4.4
40,9,09,40_09,panelist,med,1,0,0,0,4.3,1,0.2,4.5
40,9,10,40_10,panelist,med,1,0,0,0,4.3,0,0,4.3
40,9,11,40_11,panelist,med,1,0,0,0,4.3,1,-0.3,4
40,9,12,40_12,panelist,none,1,0,0,1,4.3,1,-0.1,4.2
40,9,13,40_13,panelist,med,1,0,0,0,4.3,0,0,4.3
40,9,14,40_14,panelist,med,1,0,0,0,4.3,1,0.3,4.6
40,9,15,40_15,panelist,high,1,1,0,0,4.3,0,0,4.3
40,9,16,40_16,reviewer,med,0,0,0,0,4.3,0,0,4.3
40,9,17,40_17,panelist,none,1,0,0,1,4.3,1,0.1,4.4
40,9,18,40_18,panelist,med,1,0,0,0,4.3,0,0,4.3
40,9,19,40_19,panelist,low,1,0,1,0,4.3,0,0,4.3
40,9,20,40_20,panelist,none,1,0,0,1,4.3,1,0.2,4.5
40,9,21,40_21,panelist,med,1,0,0,0,4.3,0,0,4.3
40,9,22,40_22,reviewer,high,0,1,0,0,4.3,1,0.1,4.4
40,9,23,40_23,panelist,low,1,0,1,0,4.3,1,0.2,4.5
40,9,24,40_24,panelist,high,1,1,0,0,4.3,0,0,4.3
40,10,01,40_01,panelist,med,1,0,0,0,4.6,0,0,4.6
40,10,02,40_02,panelist,none,1,0,0,1,4.6,1,-0.2,4.4
40,10,03,40_03,panelist,high,1,1,0,0,4.6,0,0,4.6
40,10,04,40_04,panelist,med,1,0,0,0,4.6,0,0,4.6
40,10,05,40_05,panelist,low,1,0,1,0,4.6,1,0.4,4.9
40,10,06,40_06,panelist,med,1,0,0,0,4.6,0,0,4.6
40,10,07,40_07,panelist,med,1,0,0,0,4.6,0,0,4.6
40,10,08,40_08,panelist,none,1,0,0,1,4.6,0,0,4.6
40,10,09,40_09,panelist,med,1,0,0,0,4.6,1,-0.1,4.5
40,10,10,40_10,panelist,high,1,1,0,0,4.6,1,-0.1,4.5
40,10,11,40_11,reviewer,med,0,0,0,0,4.6,1,-0.2,4.4
40,10,12,40_12,panelist,high,1,1,0,0,4.6,0,0,4.6
40,10,13,40_13,panelist,med,1,0,0,0,4.6,0,0,4.6
40,10,14,40_14,panelist,high,1,1,0,0,4.6,1,-0.1,4.5
40,10,15,40_15,panelist,med,1,0,0,0,4.6,0,0,4.6
40,10,16,40_16,panelist,med,1,0,0,0,4.6,0,0,4.6
40,10,17,40_17,panelist,low,1,0,1,0,4.6,0,0,4.6
40,10,18,40_18,panelist,med,1,0,0,0,4.6,0,0,4.6
40,10,19,40_19,panelist,none,1,0,0,1,4.6,0,0,4.6
40,10,20,40_20,panelist,high,1,1,0,0,4.6,0,0,4.6
40,10,21,40_21,panelist,low,1,0,1,0,4.6,1,0.1,4.7
40,10,22,40_22,reviewer,low,0,0,1,0,4.6,0,0,4.6
40,10,23,40_23,panelist,high,1,1,0,0,4.6,0,0,4.6
40,10,24,40_24,reviewer,none,0,0,0,1,4.6,0,0,4.6
40,11,01,40_01,panelist,high,1,1,0,0,4.2,0,0,4.2
40,11,02,40_02,reviewer,none,0,0,0,1,4.2,0,0,4.2
40,11,03,40_03,panelist,none,1,0,0,1,4.2,1,-0.1,4.1
40,11,04,40_04,panelist,high,1,1,0,0,4.2,0,0,4.2
40,11,05,40_05,panelist,med,1,0,0,0,4.2,1,0.1,4.3
40,11,06,40_06,panelist,med,1,0,0,0,4.2,0,0,4.2
40,11,07,40_07,panelist,med,1,0,0,0,4.2,1,-0.2,4
40,11,08,40_08,panelist,med,1,0,0,0,4.2,1,0.1,4.3
40,11,09,40_09,panelist,high,1,1,0,0,4.2,0,0,4.2
40,11,10,40_10,panelist,none,1,0,0,1,4.2,0,0,4.2
40,11,11,40_11,panelist,high,1,1,0,0,4.2,1,0.1,4.3
40,11,12,40_12,panelist,med,1,0,0,0,4.2,1,0.1,4.3
40,11,13,40_13,panelist,high,1,1,0,0,4.2,0,0,4.2
40,11,14,40_14,panelist,none,1,0,0,1,4.2,1,-0.2,4
40,11,15,40_15,panelist,low,1,0,1,0,4.2,1,0.1,4.3
40,11,16,40_16,panelist,med,1,0,0,0,4.2,1,-0.1,4.1
40,11,17,40_17,panelist,low,1,0,1,0,4.2,1,-0.1,4.1
40,11,18,40_18,panelist,high,1,1,0,0,4.2,1,0.2,4.4
40,11,19,40_19,reviewer,low,0,0,1,0,4.2,1,0.1,4.3
40,11,20,40_20,reviewer,med,0,0,0,0,4.2,0,0,4.2
40,11,21,40_21,panelist,low,1,0,1,0,4.2,1,-0.1,4.1
40,11,22,40_22,panelist,med,1,0,0,0,4.2,0,0,4.2
40,11,23,40_23,panelist,med,1,0,0,0,4.2,0,0,4.2
40,11,24,40_24,panelist,med,1,0,0,0,4.2,0,0,4.2
40,12,01,40_01,panelist,med,1,0,0,0,4.9,0,0,4.9
40,12,02,40_02,panelist,med,1,0,0,0,4.9,1,0.1,4.9
40,12,03,40_03,reviewer,med,0,0,0,0,4.9,0,0,4.9
40,12,04,40_04,panelist,low,1,0,1,0,4.9,1,0.2,4.9
40,12,05,40_05,reviewer,none,0,0,0,1,4.9,1,0.1,4.9
40,12,06,40_06,panelist,med,1,0,0,0,4.9,0,0,4.9
40,12,07,40_07,panelist,none,1,0,0,1,4.9,1,0.1,4.9
40,12,08,40_08,panelist,none,1,0,0,1,4.9,1,0.2,4.9
40,12,09,40_09,panelist,low,1,0,1,0,4.9,1,0.2,4.9
40,12,10,40_10,panelist,med,1,0,0,0,4.9,0,0,4.9
40,12,11,40_11,panelist,high,1,1,0,0,4.9,0,0,4.9
40,12,12,40_12,panelist,low,1,0,1,0,4.9,1,-0.1,4.8
40,12,13,40_13,panelist,high,1,1,0,0,4.9,0,0,4.9
40,12,14,40_14,panelist,med,1,0,0,0,4.9,0,0,4.9
40,12,15,40_15,reviewer,none,0,0,0,1,4.9,0,0,4.9
40,12,16,40_16,panelist,med,1,0,0,0,4.9,0,0,4.9
40,12,17,40_17,panelist,med,1,0,0,0,4.9,0,0,4.9
40,12,18,40_18,panelist,high,1,1,0,0,4.9,0,0,4.9
40,12,19,40_19,panelist,low,1,0,1,0,4.9,0,0,4.9
40,12,20,40_20,panelist,med,1,0,0,0,4.9,0,0,4.9
40,12,21,40_21,panelist,high,1,1,0,0,4.9,1,0.2,4.9
40,12,22,40_22,panelist,high,1,1,0,0,4.9,1,-0.2,4.7
40,12,23,40_23,panelist,med,1,0,0,0,4.9,0,0,4.9
40,12,24,40_24,panelist,high,1,1,0,0,4.9,1,-0.3,4.6
40,13,01,40_01,reviewer,none,0,0,0,1,4.6,0,0,4.6
40,13,02,40_02,panelist,low,1,0,1,0,4.6,0,0,4.6
40,13,03,40_03,panelist,high,1,1,0,0,4.6,1,0.3,4.9
40,13,04,40_04,panelist,none,1,0,0,1,4.6,0,0,4.6
40,13,05,40_05,panelist,high,1,1,0,0,4.6,1,0.1,4.7
40,13,06,40_06,panelist,low,1,0,1,0,4.6,1,0.1,4.7
40,13,07,40_07,panelist,high,1,1,0,0,4.6,0,0,4.6
40,13,08,40_08,panelist,med,1,0,0,0,4.6,1,-0.1,4.5
40,13,09,40_09,panelist,med,1,0,0,0,4.6,0,0,4.6
40,13,10,40_10,panelist,med,1,0,0,0,4.6,1,-0.1,4.5
40,13,11,40_11,panelist,med,1,0,0,0,4.6,0,0,4.6
40,13,12,40_12,panelist,med,1,0,0,0,4.6,0,0,4.6
40,13,13,40_13,panelist,med,1,0,0,0,4.6,0,0,4.6
40,13,14,40_14,panelist,high,1,1,0,0,4.6,1,-0.1,4.5
40,13,15,40_15,panelist,med,1,0,0,0,4.6,1,0.1,4.7
40,13,16,40_16,reviewer,none,0,0,0,1,4.6,0,0,4.6
40,13,17,40_17,panelist,none,1,0,0,1,4.6,0,0,4.6
40,13,18,40_18,panelist,low,1,0,1,0,4.6,1,-0.1,4.5
40,13,19,40_19,panelist,med,1,0,0,0,4.6,0,0,4.6
40,13,20,40_20,panelist,med,1,0,0,0,4.6,0,0,4.6
40,13,21,40_21,panelist,high,1,1,0,0,4.6,0,0,4.6
40,13,22,40_22,reviewer,med,0,0,0,0,4.6,1,0.2,4.8
40,13,23,40_23,panelist,high,1,1,0,0,4.6,0,0,4.6
40,13,24,40_24,panelist,low,1,0,1,0,4.6,1,-0.2,4.4
40,14,01,40_01,panelist,none,1,0,0,1,3.6,0,0,3.6
40,14,02,40_02,panelist,med,1,0,0,0,3.6,0,0,3.6
40,14,03,40_03,panelist,high,1,1,0,0,3.6,0,0,3.6
40,14,04,40_04,panelist,med,1,0,0,0,3.6,0,0,3.6
40,14,05,40_05,reviewer,med,0,0,0,0,3.6,0,0,3.6
40,14,06,40_06,panelist,med,1,0,0,0,3.6,0,0,3.6
40,14,07,40_07,panelist,high,1,1,0,0,3.6,0,0,3.6
40,14,08,40_08,panelist,high,1,1,0,0,3.6,0,0,3.6
40,14,09,40_09,panelist,none,1,0,0,1,3.6,1,-0.1,3.5
40,14,10,40_10,panelist,none,1,0,0,1,3.6,0,0,3.6
40,14,11,40_11,panelist,low,1,0,1,0,3.6,0,0,3.6
40,14,12,40_12,panelist,med,1,0,0,0,3.6,1,-0.1,3.5
40,14,13,40_13,panelist,med,1,0,0,0,3.6,1,0.1,3.7
40,14,14,40_14,panelist,med,1,0,0,0,3.6,1,0.2,3.8
40,14,15,40_15,reviewer,low,0,0,1,0,3.6,0,0,3.6
40,14,16,40_16,panelist,low,1,0,1,0,3.6,0,0,3.6
40,14,17,40_17,panelist,med,1,0,0,0,3.6,0,0,3.6
40,14,18,40_18,reviewer,high,0,1,0,0,3.6,0,0,3.6
40,14,19,40_19,panelist,med,1,0,0,0,3.6,1,-0.2,3.5
40,14,20,40_20,panelist,med,1,0,0,0,3.6,0,0,3.6
40,14,21,40_21,panelist,high,1,1,0,0,3.6,0,0,3.6
40,14,22,40_22,panelist,low,1,0,1,0,3.6,0,0,3.6
40,14,23,40_23,panelist,none,1,0,0,1,3.6,1,-0.3,3.5
40,14,24,40_24,panelist,high,1,1,0,0,3.6,0,0,3.6
40,15,01,40_01,panelist,med,1,0,0,0,4.4,0,0,4.4
40,15,02,40_02,panelist,low,1,0,1,0,4.4,1,0.1,4.5
40,15,03,40_03,reviewer,med,0,0,0,0,4.4,0,0,4.4
40,15,04,40_04,panelist,none,1,0,0,1,4.4,0,0,4.4
40,15,05,40_05,panelist,none,1,0,0,1,4.4,1,0.1,4.5
40,15,06,40_06,panelist,none,1,0,0,1,4.4,0,0,4.4
40,15,07,40_07,panelist,high,1,1,0,0,4.4,1,-0.2,4.2
40,15,08,40_08,panelist,low,1,0,1,0,4.4,1,-0.2,4.2
40,15,09,40_09,panelist,high,1,1,0,0,4.4,1,-0.1,4.3
40,15,10,40_10,panelist,high,1,1,0,0,4.4,1,-0.1,4.3
40,15,11,40_11,panelist,med,1,0,0,0,4.4,1,0.4,4.8
40,15,12,40_12,panelist,med,1,0,0,0,4.4,1,0.2,4.6
40,15,13,40_13,panelist,med,1,0,0,0,4.4,0,0,4.4
40,15,14,40_14,panelist,low,1,0,1,0,4.4,0,0,4.4
40,15,15,40_15,panelist,med,1,0,0,0,4.4,0,0,4.4
40,15,16,40_16,panelist,none,1,0,0,1,4.4,1,-0.1,4.3
40,15,17,40_17,panelist,low,1,0,1,0,4.4,1,-0.1,4.3
40,15,18,40_18,panelist,high,1,1,0,0,4.4,1,0.3,4.7
40,15,19,40_19,panelist,high,1,1,0,0,4.4,0,0,4.4
40,15,20,40_20,panelist,med,1,0,0,0,4.4,0,0,4.4
40,15,21,40_21,panelist,high,1,1,0,0,4.4,0,0,4.4
40,15,22,40_22,reviewer,med,0,0,0,0,4.4,0,0,4.4
40,15,23,40_23,reviewer,med,0,0,0,0,4.4,1,0.1,4.5
40,15,24,40_24,panelist,med,1,0,0,0,4.4,0,0,4.4
41,1,01,41_01,panelist,med,1,0,0,0,3.7,1,-0.2,3.5
41,1,02,41_02,panelist,low,1,0,1,0,3.7,0,0,3.7
41,1,03,41_03,panelist,high,1,1,0,0,3.7,0,0,3.7
41,1,04,41_04,panelist,none,1,0,0,1,3.7,0,0,3.7
41,1,05,41_05,panelist,low,1,0,1,0,3.7,0,0,3.7
41,1,06,41_06,reviewer,med,0,0,0,0,3.7,0,0,3.7
41,1,07,41_07,reviewer,med,0,0,0,0,3.7,0,0,3.7
41,1,08,41_08,panelist,med,1,0,0,0,3.7,1,0.1,3.8
41,1,09,41_09,panelist,high,1,1,0,0,3.7,0,0,3.7
41,1,10,41_10,panelist,med,1,0,0,0,3.7,0,0,3.7
41,1,11,41_11,panelist,med,1,0,0,0,3.7,0,0,3.7
41,1,12,41_12,panelist,high,1,1,0,0,3.7,0,0,3.7
41,1,13,41_13,panelist,high,1,1,0,0,3.7,0,0,3.7
41,1,14,41_14,reviewer,none,0,0,0,1,3.7,0,0,3.7
41,1,15,41_15,panelist,none,1,0,0,1,3.7,0,0,3.7
41,1,16,41_16,panelist,med,1,0,0,0,3.7,0,0,3.7
41,1,17,41_17,panelist,none,1,0,0,1,3.7,0,0,3.7
41,1,18,41_18,panelist,low,1,0,1,0,3.7,1,0.2,3.9
41,1,19,41_19,panelist,high,1,1,0,0,3.7,1,0.1,3.8
41,1,20,41_20,panelist,med,1,0,0,0,3.7,0,0,3.7
41,1,21,41_21,panelist,low,1,0,1,0,3.7,0,0,3.7
41,1,22,41_22,panelist,med,1,0,0,0,3.7,1,0.1,3.8
41,1,23,41_23,panelist,high,1,1,0,0,3.7,1,0.1,3.8
41,1,24,41_24,panelist,med,1,0,0,0,3.7,1,0.1,3.8
41,2,01,41_01,reviewer,high,0,1,0,0,4.3,0,0,4.3
41,2,02,41_02,panelist,med,1,0,0,0,4.3,1,-0.1,4.2
41,2,03,41_03,panelist,low,1,0,1,0,4.3,0,0,4.3
41,2,04,41_04,panelist,med,1,0,0,0,4.3,0,0,4.3
41,2,05,41_05,panelist,low,1,0,1,0,4.3,0,0,4.3
41,2,06,41_06,panelist,high,1,1,0,0,4.3,0,0,4.3
41,2,07,41_07,reviewer,med,0,0,0,0,4.3,0,0,4.3
41,2,08,41_08,panelist,none,1,0,0,1,4.3,0,0,4.3
41,2,09,41_09,panelist,med,1,0,0,0,4.3,0,0,4.3
41,2,10,41_10,panelist,none,1,0,0,1,4.3,0,0,4.3
41,2,11,41_11,panelist,high,1,1,0,0,4.3,1,0.1,4.4
41,2,12,41_12,panelist,med,1,0,0,0,4.3,1,0.2,4.5
41,2,13,41_13,panelist,none,1,0,0,1,4.3,0,0,4.3
41,2,14,41_14,panelist,med,1,0,0,0,4.3,0,0,4.3
41,2,15,41_15,panelist,med,1,0,0,0,4.3,0,0,4.3
41,2,16,41_16,reviewer,none,0,0,0,1,4.3,0,0,4.3
41,2,17,41_17,panelist,high,1,1,0,0,4.3,0,0,4.3
41,2,18,41_18,panelist,low,1,0,1,0,4.3,0,0,4.3
41,2,19,41_19,panelist,low,1,0,1,0,4.3,0,0,4.3
41,2,20,41_20,panelist,med,1,0,0,0,4.3,0,0,4.3
41,2,21,41_21,panelist,high,1,1,0,0,4.3,0,0,4.3
41,2,22,41_22,panelist,med,1,0,0,0,4.3,0,0,4.3
41,2,23,41_23,panelist,med,1,0,0,0,4.3,0,0,4.3
41,2,24,41_24,panelist,high,1,1,0,0,4.3,0,0,4.3
41,3,01,41_01,panelist,med,1,0,0,0,4.2,0,0,4.2
41,3,02,41_02,panelist,none,1,0,0,1,4.2,1,-0.2,4
41,3,03,41_03,panelist,none,1,0,0,1,4.2,1,0.2,4.4
41,3,04,41_04,panelist,med,1,0,0,0,4.2,1,0.1,4.3
41,3,05,41_05,panelist,high,1,1,0,0,4.2,0,0,4.2
41,3,06,41_06,panelist,med,1,0,0,0,4.2,1,0.3,4.5
41,3,07,41_07,panelist,med,1,0,0,0,4.2,0,0,4.2
41,3,08,41_08,panelist,low,1,0,1,0,4.2,0,0,4.2
41,3,09,41_09,panelist,med,1,0,0,0,4.2,0,0,4.2
41,3,10,41_10,panelist,none,1,0,0,1,4.2,1,0.2,4.4
41,3,11,41_11,panelist,low,1,0,1,0,4.2,0,0,4.2
41,3,12,41_12,panelist,med,1,0,0,0,4.2,1,-0.3,3.9
41,3,13,41_13,reviewer,med,0,0,0,0,4.2,0,0,4.2
41,3,14,41_14,panelist,high,1,1,0,0,4.2,1,-0.2,4
41,3,15,41_15,reviewer,high,0,1,0,0,4.2,0,0,4.2
41,3,16,41_16,panelist,high,1,1,0,0,4.2,1,0.2,4.4
41,3,17,41_17,panelist,high,1,1,0,0,4.2,1,0.2,4.4
41,3,18,41_18,panelist,med,1,0,0,0,4.2,0,0,4.2
41,3,19,41_19,panelist,low,1,0,1,0,4.2,1,-0.1,4.1
41,3,20,41_20,panelist,none,1,0,0,1,4.2,0,0,4.2
41,3,21,41_21,panelist,high,1,1,0,0,4.2,1,0.1,4.3
41,3,22,41_22,panelist,med,1,0,0,0,4.2,0,0,4.2
41,3,23,41_23,reviewer,med,0,0,0,0,4.2,0,0,4.2
41,3,24,41_24,panelist,low,1,0,1,0,4.2,0,0,4.2
41,4,01,41_01,panelist,none,1,0,0,1,3.8,1,-0.2,3.6
41,4,02,41_02,reviewer,med,0,0,0,0,3.8,0,0,3.8
41,4,03,41_03,panelist,med,1,0,0,0,3.8,0,0,3.8
41,4,04,41_04,panelist,med,1,0,0,0,3.8,0,0,3.8
41,4,05,41_05,panelist,high,1,1,0,0,3.8,0,0,3.8
41,4,06,41_06,reviewer,high,0,1,0,0,3.8,0,0,3.8
41,4,07,41_07,panelist,low,1,0,1,0,3.8,1,0.4,4.2
41,4,08,41_08,reviewer,high,0,1,0,0,3.8,0,0,3.8
41,4,09,41_09,panelist,low,1,0,1,0,3.8,0,0,3.8
41,4,10,41_10,panelist,med,1,0,0,0,3.8,0,0,3.8
41,4,11,41_11,panelist,none,1,0,0,1,3.8,1,-0.1,3.7
41,4,12,41_12,panelist,med,1,0,0,0,3.8,0,0,3.8
41,4,13,41_13,panelist,none,1,0,0,1,3.8,0,0,3.8
41,4,14,41_14,panelist,med,1,0,0,0,3.8,1,0.2,4
41,4,15,41_15,panelist,med,1,0,0,0,3.8,0,0,3.8
41,4,16,41_16,panelist,med,1,0,0,0,3.8,1,0.1,3.9
41,4,17,41_17,panelist,high,1,1,0,0,3.8,0,0,3.8
41,4,18,41_18,panelist,none,1,0,0,1,3.8,0,0,3.8
41,4,19,41_19,panelist,high,1,1,0,0,3.8,0,0,3.8
41,4,20,41_20,panelist,med,1,0,0,0,3.8,0,0,3.8
41,4,21,41_21,panelist,high,1,1,0,0,3.8,0,0,3.8
41,4,22,41_22,panelist,low,1,0,1,0,3.8,0,0,3.8
41,4,23,41_23,panelist,low,1,0,1,0,3.8,1,0.1,3.9
41,4,24,41_24,panelist,med,1,0,0,0,3.8,1,0.1,3.9
41,5,01,41_01,panelist,none,1,0,0,1,3.8,1,0.1,3.9
41,5,02,41_02,reviewer,none,0,0,0,1,3.8,0,0,3.8
41,5,03,41_03,panelist,med,1,0,0,0,3.8,1,-0.1,3.7
41,5,04,41_04,reviewer,med,0,0,0,0,3.8,1,0.1,3.9
41,5,05,41_05,panelist,med,1,0,0,0,3.8,1,-0.1,3.7
41,5,06,41_06,panelist,high,1,1,0,0,3.8,0,0,3.8
41,5,07,41_07,panelist,med,1,0,0,0,3.8,0,0,3.8
41,5,08,41_08,panelist,high,1,1,0,0,3.8,1,0.1,3.9
41,5,09,41_09,panelist,med,1,0,0,0,3.8,0,0,3.8
41,5,10,41_10,panelist,high,1,1,0,0,3.8,1,0.1,3.9
41,5,11,41_11,panelist,med,1,0,0,0,3.8,0,0,3.8
41,5,12,41_12,panelist,none,1,0,0,1,3.8,0,0,3.8
41,5,13,41_13,panelist,low,1,0,1,0,3.8,1,-0.1,3.7
41,5,14,41_14,panelist,none,1,0,0,1,3.8,1,0.1,3.9
41,5,15,41_15,panelist,high,1,1,0,0,3.8,0,0,3.8
41,5,16,41_16,panelist,med,1,0,0,0,3.8,0,0,3.8
41,5,17,41_17,panelist,low,1,0,1,0,3.8,0,0,3.8
41,5,18,41_18,panelist,high,1,1,0,0,3.8,0,0,3.8
41,5,19,41_19,panelist,med,1,0,0,0,3.8,1,0.1,3.9
41,5,20,41_20,panelist,low,1,0,1,0,3.8,0,0,3.8
41,5,21,41_21,panelist,med,1,0,0,0,3.8,0,0,3.8
41,5,22,41_22,reviewer,low,0,0,1,0,3.8,1,0.3,4.1
41,5,23,41_23,panelist,med,1,0,0,0,3.8,1,-0.1,3.7
41,5,24,41_24,panelist,high,1,1,0,0,3.8,1,0.1,3.9
41,6,01,41_01,panelist,high,1,1,0,0,3.5,0,0,3.5
41,6,02,41_02,panelist,high,1,1,0,0,3.5,0,0,3.5
41,6,03,41_03,panelist,low,1,0,1,0,3.5,1,0.1,3.6
41,6,04,41_04,panelist,med,1,0,0,0,3.5,1,0.1,3.6
41,6,05,41_05,panelist,med,1,0,0,0,3.5,0,0,3.5
41,6,06,41_06,panelist,med,1,0,0,0,3.5,1,0.1,3.6
41,6,07,41_07,panelist,high,1,1,0,0,3.5,1,-0.1,3.5
41,6,08,41_08,panelist,low,1,0,1,0,3.5,0,0,3.5
41,6,09,41_09,panelist,none,1,0,0,1,3.5,0,0,3.5
41,6,10,41_10,panelist,med,1,0,0,0,3.5,1,-0.2,3.5
41,6,11,41_11,panelist,low,1,0,1,0,3.5,1,-0.1,3.5
41,6,12,41_12,reviewer,none,0,0,0,1,3.5,0,0,3.5
41,6,13,41_13,panelist,med,1,0,0,0,3.5,0,0,3.5
41,6,14,41_14,panelist,high,1,1,0,0,3.5,0,0,3.5
41,6,15,41_15,reviewer,high,0,1,0,0,3.5,0,0,3.5
41,6,16,41_16,panelist,high,1,1,0,0,3.5,0,0,3.5
41,6,17,41_17,reviewer,med,0,0,0,0,3.5,0,0,3.5
41,6,18,41_18,panelist,low,1,0,1,0,3.5,0,0,3.5
41,6,19,41_19,panelist,med,1,0,0,0,3.5,1,-0.2,3.5
41,6,20,41_20,panelist,med,1,0,0,0,3.5,1,0.3,3.8
41,6,21,41_21,panelist,none,1,0,0,1,3.5,1,-0.2,3.5
41,6,22,41_22,panelist,none,1,0,0,1,3.5,0,0,3.5
41,6,23,41_23,panelist,med,1,0,0,0,3.5,0,0,3.5
41,6,24,41_24,panelist,med,1,0,0,0,3.5,1,0.3,3.8
41,7,01,41_01,panelist,low,1,0,1,0,4,1,0.1,4.1
41,7,02,41_02,panelist,high,1,1,0,0,4,1,-0.3,3.7
41,7,03,41_03,panelist,none,1,0,0,1,4,0,0,4
41,7,04,41_04,panelist,high,1,1,0,0,4,0,0,4
41,7,05,41_05,panelist,low,1,0,1,0,4,0,0,4
41,7,06,41_06,panelist,med,1,0,0,0,4,1,-0.2,3.8
41,7,07,41_07,panelist,med,1,0,0,0,4,1,-0.3,3.7
41,7,08,41_08,panelist,low,1,0,1,0,4,1,-0.3,3.7
41,7,09,41_09,panelist,med,1,0,0,0,4,1,0.3,4.3
41,7,10,41_10,reviewer,med,0,0,0,0,4,1,-0.1,3.9
41,7,11,41_11,panelist,high,1,1,0,0,4,0,0,4
41,7,12,41_12,panelist,med,1,0,0,0,4,1,-0.2,3.8
41,7,13,41_13,panelist,none,1,0,0,1,4,1,0.2,4.2
41,7,14,41_14,panelist,med,1,0,0,0,4,1,0.2,4.2
41,7,15,41_15,panelist,high,1,1,0,0,4,0,0,4
41,7,16,41_16,panelist,none,1,0,0,1,4,0,0,4
41,7,17,41_17,panelist,med,1,0,0,0,4,0,0,4
41,7,18,41_18,panelist,med,1,0,0,0,4,0,0,4
41,7,19,41_19,reviewer,med,0,0,0,0,4,0,0,4
41,7,20,41_20,panelist,med,1,0,0,0,4,1,0.3,4.3
41,7,21,41_21,panelist,high,1,1,0,0,4,0,0,4
41,7,22,41_22,panelist,none,1,0,0,1,4,0,0,4
41,7,23,41_23,reviewer,high,0,1,0,0,4,0,0,4
41,7,24,41_24,panelist,low,1,0,1,0,4,0,0,4
41,8,01,41_01,panelist,med,1,0,0,0,3.5,1,0.4,3.9
41,8,02,41_02,panelist,low,1,0,1,0,3.5,1,-0.2,3.5
41,8,03,41_03,panelist,med,1,0,0,0,3.5,0,0,3.5
41,8,04,41_04,panelist,med,1,0,0,0,3.5,0,0,3.5
41,8,05,41_05,panelist,high,1,1,0,0,3.5,0,0,3.5
41,8,06,41_06,panelist,high,1,1,0,0,3.5,0,0,3.5
41,8,07,41_07,panelist,none,1,0,0,1,3.5,0,0,3.5
41,8,08,41_08,panelist,none,1,0,0,1,3.5,0,0,3.5
41,8,09,41_09,panelist,med,1,0,0,0,3.5,1,0.3,3.8
41,8,10,41_10,panelist,med,1,0,0,0,3.5,0,0,3.5
41,8,11,41_11,panelist,high,1,1,0,0,3.5,0,0,3.5
41,8,12,41_12,panelist,none,1,0,0,1,3.5,1,0.3,3.8
41,8,13,41_13,panelist,med,1,0,0,0,3.5,1,0.1,3.6
41,8,14,41_14,reviewer,low,0,0,1,0,3.5,1,0.2,3.7
41,8,15,41_15,panelist,med,1,0,0,0,3.5,1,0.1,3.6
41,8,16,41_16,panelist,high,1,1,0,0,3.5,0,0,3.5
41,8,17,41_17,panelist,high,1,1,0,0,3.5,0,0,3.5
41,8,18,41_18,panelist,med,1,0,0,0,3.5,0,0,3.5
41,8,19,41_19,panelist,low,1,0,1,0,3.5,1,-0.2,3.5
41,8,20,41_20,panelist,med,1,0,0,0,3.5,1,-0.2,3.5
41,8,21,41_21,panelist,none,1,0,0,1,3.5,0,0,3.5
41,8,22,41_22,reviewer,med,0,0,0,0,3.5,0,0,3.5
41,8,23,41_23,panelist,low,1,0,1,0,3.5,1,-0.1,3.5
41,8,24,41_24,reviewer,high,0,1,0,0,3.5,1,-0.1,3.5
41,9,01,41_01,panelist,med,1,0,0,0,4.3,1,0.1,4.4
41,9,02,41_02,panelist,high,1,1,0,0,4.3,0,0,4.3
41,9,03,41_03,panelist,med,1,0,0,0,4.3,0,0,4.3
41,9,04,41_04,panelist,med,1,0,0,0,4.3,0,0,4.3
41,9,05,41_05,panelist,none,1,0,0,1,4.3,0,0,4.3
41,9,06,41_06,panelist,low,1,0,1,0,4.3,1,-0.2,4.1
41,9,07,41_07,panelist,med,1,0,0,0,4.3,0,0,4.3
41,9,08,41_08,panelist,med,1,0,0,0,4.3,0,0,4.3
41,9,09,41_09,panelist,low,1,0,1,0,4.3,0,0,4.3
41,9,10,41_10,panelist,high,1,1,0,0,4.3,0,0,4.3
41,9,11,41_11,panelist,low,1,0,1,0,4.3,0,0,4.3
41,9,12,41_12,panelist,med,1,0,0,0,4.3,0,0,4.3
41,9,13,41_13,panelist,high,1,1,0,0,4.3,0,0,4.3
41,9,14,41_14,panelist,none,1,0,0,1,4.3,0,0,4.3
41,9,15,41_15,panelist,high,1,1,0,0,4.3,0,0,4.3
41,9,16,41_16,reviewer,none,0,0,0,1,4.3,0,0,4.3
41,9,17,41_17,panelist,med,1,0,0,0,4.3,1,0.1,4.4
41,9,18,41_18,panelist,high,1,1,0,0,4.3,0,0,4.3
41,9,19,41_19,panelist,low,1,0,1,0,4.3,1,0.1,4.4
41,9,20,41_20,panelist,med,1,0,0,0,4.3,0,0,4.3
41,9,21,41_21,reviewer,med,0,0,0,0,4.3,0,0,4.3
41,9,22,41_22,reviewer,med,0,0,0,0,4.3,1,-0.1,4.2
41,9,23,41_23,panelist,high,1,1,0,0,4.3,0,0,4.3
41,9,24,41_24,panelist,none,1,0,0,1,4.3,0,0,4.3
41,10,01,41_01,panelist,med,1,0,0,0,4.6,0,0,4.6
41,10,02,41_02,reviewer,low,0,0,1,0,4.6,0,0,4.6
41,10,03,41_03,panelist,none,1,0,0,1,4.6,1,-0.2,4.4
41,10,04,41_04,panelist,none,1,0,0,1,4.6,0,0,4.6
41,10,05,41_05,panelist,med,1,0,0,0,4.6,1,-0.2,4.4
41,10,06,41_06,panelist,high,1,1,0,0,4.6,1,0.3,4.9
41,10,07,41_07,panelist,med,1,0,0,0,4.6,0,0,4.6
41,10,08,41_08,panelist,med,1,0,0,0,4.6,1,-0.1,4.5
41,10,09,41_09,reviewer,low,0,0,1,0,4.6,0,0,4.6
41,10,10,41_10,panelist,high,1,1,0,0,4.6,0,0,4.6
41,10,11,41_11,panelist,low,1,0,1,0,4.6,1,0.1,4.7
41,10,12,41_12,panelist,low,1,0,1,0,4.6,0,0,4.6
41,10,13,41_13,reviewer,high,0,1,0,0,4.6,0,0,4.6
41,10,14,41_14,panelist,none,1,0,0,1,4.6,1,0.1,4.7
41,10,15,41_15,panelist,high,1,1,0,0,4.6,0,0,4.6
41,10,16,41_16,panelist,med,1,0,0,0,4.6,1,-0.1,4.5
41,10,17,41_17,panelist,med,1,0,0,0,4.6,0,0,4.6
41,10,18,41_18,panelist,med,1,0,0,0,4.6,1,0.1,4.7
41,10,19,41_19,panelist,med,1,0,0,0,4.6,0,0,4.6
41,10,20,41_20,panelist,high,1,1,0,0,4.6,0,0,4.6
41,10,21,41_21,panelist,high,1,1,0,0,4.6,0,0,4.6
41,10,22,41_22,panelist,med,1,0,0,0,4.6,1,-0.2,4.4
41,10,23,41_23,panelist,none,1,0,0,1,4.6,0,0,4.6
41,10,24,41_24,panelist,med,1,0,0,0,4.6,1,0.1,4.7
41,11,01,41_01,panelist,none,1,0,0,1,4.2,1,-0.1,4.1
41,11,02,41_02,panelist,none,1,0,0,1,4.2,1,0.1,4.3
41,11,03,41_03,panelist,low,1,0,1,0,4.2,1,-0.2,4
41,11,04,41_04,panelist,med,1,0,0,0,4.2,0,0,4.2
41,11,05,41_05,panelist,high,1,1,0,0,4.2,0,0,4.2
41,11,06,41_06,panelist,low,1,0,1,0,4.2,1,-0.1,4.1
41,11,07,41_07,panelist,med,1,0,0,0,4.2,1,0.1,4.3
41,11,08,41_08,panelist,med,1,0,0,0,4.2,0,0,4.2
41,11,09,41_09,panelist,med,1,0,0,0,4.2,0,0,4.2
41,11,10,41_10,panelist,high,1,1,0,0,4.2,0,0,4.2
41,11,11,41_11,panelist,high,1,1,0,0,4.2,1,0.1,4.3
41,11,12,41_12,panelist,low,1,0,1,0,4.2,1,0.1,4.3
41,11,13,41_13,panelist,med,1,0,0,0,4.2,0,0,4.2
41,11,14,41_14,panelist,med,1,0,0,0,4.2,0,0,4.2
41,11,15,41_15,panelist,high,1,1,0,0,4.2,1,0.1,4.3
41,11,16,41_16,panelist,med,1,0,0,0,4.2,1,0.1,4.3
41,11,17,41_17,panelist,none,1,0,0,1,4.2,0,0,4.2
41,11,18,41_18,panelist,low,1,0,1,0,4.2,0,0,4.2
41,11,19,41_19,panelist,high,1,1,0,0,4.2,0,0,4.2
41,11,20,41_20,panelist,med,1,0,0,0,4.2,0,0,4.2
41,11,21,41_21,panelist,med,1,0,0,0,4.2,0,0,4.2
41,11,22,41_22,reviewer,med,0,0,0,0,4.2,0,0,4.2
41,11,23,41_23,reviewer,none,0,0,0,1,4.2,0,0,4.2
41,11,24,41_24,reviewer,high,0,1,0,0,4.2,0,0,4.2
41,12,01,41_01,panelist,high,1,1,0,0,4.9,0,0,4.9
41,12,02,41_02,panelist,high,1,1,0,0,4.9,0,0,4.9
41,12,03,41_03,panelist,med,1,0,0,0,4.9,1,-0.1,4.8
41,12,04,41_04,panelist,none,1,0,0,1,4.9,0,0,4.9
41,12,05,41_05,panelist,high,1,1,0,0,4.9,1,0.3,4.9
41,12,06,41_06,reviewer,none,0,0,0,1,4.9,0,0,4.9
41,12,07,41_07,panelist,none,1,0,0,1,4.9,0,0,4.9
41,12,08,41_08,panelist,low,1,0,1,0,4.9,0,0,4.9
41,12,09,41_09,panelist,med,1,0,0,0,4.9,0,0,4.9
41,12,10,41_10,panelist,med,1,0,0,0,4.9,1,-0.1,4.8
41,12,11,41_11,panelist,med,1,0,0,0,4.9,0,0,4.9
41,12,12,41_12,panelist,med,1,0,0,0,4.9,1,0.2,4.9
41,12,13,41_13,panelist,high,1,1,0,0,4.9,0,0,4.9
41,12,14,41_14,reviewer,low,0,0,1,0,4.9,0,0,4.9
41,12,15,41_15,panelist,med,1,0,0,0,4.9,1,-0.1,4.8
41,12,16,41_16,panelist,none,1,0,0,1,4.9,0,0,4.9
41,12,17,41_17,panelist,high,1,1,0,0,4.9,0,0,4.9
41,12,18,41_18,panelist,med,1,0,0,0,4.9,1,-0.1,4.8
41,12,19,41_19,panelist,med,1,0,0,0,4.9,1,0.2,4.9
41,12,20,41_20,panelist,med,1,0,0,0,4.9,1,-0.1,4.8
41,12,21,41_21,panelist,low,1,0,1,0,4.9,1,0.1,4.9
41,12,22,41_22,panelist,high,1,1,0,0,4.9,1,0.2,4.9
41,12,23,41_23,panelist,low,1,0,1,0,4.9,1,-0.1,4.8
41,12,24,41_24,reviewer,med,0,0,0,0,4.9,0,0,4.9
41,13,01,41_01,panelist,med,1,0,0,0,4.7,0,0,4.7
41,13,02,41_02,panelist,med,1,0,0,0,4.7,1,0.1,4.8
41,13,03,41_03,panelist,high,1,1,0,0,4.7,0,0,4.7
41,13,04,41_04,panelist,med,1,0,0,0,4.7,0,0,4.7
41,13,05,41_05,panelist,low,1,0,1,0,4.7,0,0,4.7
41,13,06,41_06,panelist,high,1,1,0,0,4.7,0,0,4.7
41,13,07,41_07,panelist,low,1,0,1,0,4.7,1,0.1,4.8
41,13,08,41_08,panelist,high,1,1,0,0,4.7,1,0.1,4.8
41,13,09,41_09,panelist,med,1,0,0,0,4.7,1,0.2,4.9
41,13,10,41_10,panelist,none,1,0,0,1,4.7,0,0,4.7
41,13,11,41_11,panelist,med,1,0,0,0,4.7,0,0,4.7
41,13,12,41_12,reviewer,none,0,0,0,1,4.7,0,0,4.7
41,13,13,41_13,panelist,high,1,1,0,0,4.7,1,-0.1,4.6
41,13,14,41_14,panelist,high,1,1,0,0,4.7,0,0,4.7
41,13,15,41_15,reviewer,low,0,0,1,0,4.7,0,0,4.7
41,13,16,41_16,panelist,med,1,0,0,0,4.7,0,0,4.7
41,13,17,41_17,panelist,low,1,0,1,0,4.7,0,0,4.7
41,13,18,41_18,panelist,none,1,0,0,1,4.7,1,0.2,4.9
41,13,19,41_19,panelist,med,1,0,0,0,4.7,0,0,4.7
41,13,20,41_20,panelist,med,1,0,0,0,4.7,0,0,4.7
41,13,21,41_21,reviewer,med,0,0,0,0,4.7,0,0,4.7
41,13,22,41_22,panelist,med,1,0,0,0,4.7,0,0,4.7
41,13,23,41_23,panelist,high,1,1,0,0,4.7,1,0.1,4.8
41,13,24,41_24,panelist,none,1,0,0,1,4.7,0,0,4.7
41,14,01,41_01,panelist,none,1,0,0,1,3.6,0,0,3.6
41,14,02,41_02,panelist,low,1,0,1,0,3.6,0,0,3.6
41,14,03,41_03,panelist,med,1,0,0,0,3.6,0,0,3.6
41,14,04,41_04,panelist,med,1,0,0,0,3.6,0,0,3.6
41,14,05,41_05,reviewer,med,0,0,0,0,3.6,0,0,3.6
41,14,06,41_06,panelist,med,1,0,0,0,3.6,0,0,3.6
41,14,07,41_07,panelist,high,1,1,0,0,3.6,0,0,3.6
41,14,08,41_08,panelist,med,1,0,0,0,3.6,0,0,3.6
41,14,09,41_09,panelist,med,1,0,0,0,3.6,0,0,3.6
41,14,10,41_10,panelist,med,1,0,0,0,3.6,1,-0.1,3.5
41,14,11,41_11,panelist,med,1,0,0,0,3.6,0,0,3.6
41,14,12,41_12,reviewer,high,0,1,0,0,3.6,1,-0.2,3.5
41,14,13,41_13,panelist,high,1,1,0,0,3.6,0,0,3.6
41,14,14,41_14,reviewer,high,0,1,0,0,3.6,0,0,3.6
41,14,15,41_15,panelist,med,1,0,0,0,3.6,0,0,3.6
41,14,16,41_16,panelist,high,1,1,0,0,3.6,0,0,3.6
41,14,17,41_17,panelist,none,1,0,0,1,3.6,1,0.2,3.8
41,14,18,41_18,panelist,low,1,0,1,0,3.6,0,0,3.6
41,14,19,41_19,panelist,high,1,1,0,0,3.6,0,0,3.6
41,14,20,41_20,panelist,med,1,0,0,0,3.6,1,0.1,3.7
41,14,21,41_21,panelist,none,1,0,0,1,3.6,0,0,3.6
41,14,22,41_22,panelist,none,1,0,0,1,3.6,0,0,3.6
41,14,23,41_23,panelist,low,1,0,1,0,3.6,0,0,3.6
41,14,24,41_24,panelist,low,1,0,1,0,3.6,0,0,3.6
41,15,01,41_01,panelist,none,1,0,0,1,4.4,0,0,4.4
41,15,02,41_02,panelist,none,1,0,0,1,4.4,0,0,4.4
41,15,03,41_03,reviewer,med,0,0,0,0,4.4,0,0,4.4
41,15,04,41_04,panelist,med,1,0,0,0,4.4,1,0.1,4.5
41,15,05,41_05,reviewer,med,0,0,0,0,4.4,0,0,4.4
41,15,06,41_06,panelist,med,1,0,0,0,4.4,0,0,4.4
41,15,07,41_07,panelist,med,1,0,0,0,4.4,0,0,4.4
41,15,08,41_08,panelist,high,1,1,0,0,4.4,0,0,4.4
41,15,09,41_09,panelist,low,1,0,1,0,4.4,0,0,4.4
41,15,10,41_10,panelist,med,1,0,0,0,4.4,0,0,4.4
41,15,11,41_11,panelist,med,1,0,0,0,4.4,1,0.3,4.7
41,15,12,41_12,panelist,high,1,1,0,0,4.4,1,-0.3,4.1
41,15,13,41_13,reviewer,none,0,0,0,1,4.4,1,-0.4,4
41,15,14,41_14,panelist,none,1,0,0,1,4.4,0,0,4.4
41,15,15,41_15,panelist,high,1,1,0,0,4.4,0,0,4.4
41,15,16,41_16,panelist,high,1,1,0,0,4.4,0,0,4.4
41,15,17,41_17,panelist,low,1,0,1,0,4.4,1,0.1,4.5
41,15,18,41_18,panelist,high,1,1,0,0,4.4,0,0,4.4
41,15,19,41_19,panelist,low,1,0,1,0,4.4,0,0,4.4
41,15,20,41_20,panelist,med,1,0,0,0,4.4,0,0,4.4
41,15,21,41_21,panelist,low,1,0,1,0,4.4,1,-0.1,4.3
41,15,22,41_22,panelist,high,1,1,0,0,4.4,1,0.2,4.6
41,15,23,41_23,panelist,med,1,0,0,0,4.4,0,0,4.4
41,15,24,41_24,panelist,med,1,0,0,0,4.4,0,0,4.4
42,1,01,42_01,panelist,high,1,1,0,0,3.6,0,0,3.6
42,1,02,42_02,panelist,high,1,1,0,0,3.6,1,0.2,3.8
42,1,03,42_03,panelist,high,1,1,0,0,3.6,0,0,3.6
42,1,04,42_04,panelist,med,1,0,0,0,3.6,1,0.1,3.7
42,1,05,42_05,panelist,med,1,0,0,0,3.6,0,0,3.6
42,1,06,42_06,panelist,med,1,0,0,0,3.6,0,0,3.6
42,1,07,42_07,panelist,none,1,0,0,1,3.6,0,0,3.6
42,1,08,42_08,panelist,high,1,1,0,0,3.6,0,0,3.6
42,1,09,42_09,panelist,med,1,0,0,0,3.6,0,0,3.6
42,1,10,42_10,panelist,low,1,0,1,0,3.6,1,0.1,3.7
42,1,11,42_11,panelist,high,1,1,0,0,3.6,0,0,3.6
42,1,12,42_12,panelist,none,1,0,0,1,3.6,1,-0.1,3.5
42,1,13,42_13,panelist,low,1,0,1,0,3.6,1,0.1,3.7
42,1,14,42_14,panelist,high,1,1,0,0,3.6,0,0,3.6
42,1,15,42_15,panelist,med,1,0,0,0,3.6,0,0,3.6
42,1,16,42_16,reviewer,low,0,0,1,0,3.6,0,0,3.6
42,1,17,42_17,reviewer,med,0,0,0,0,3.6,1,-0.1,3.5
42,1,18,42_18,panelist,none,1,0,0,1,3.6,1,-0.2,3.5
42,1,19,42_19,panelist,low,1,0,1,0,3.6,0,0,3.6
42,1,20,42_20,panelist,med,1,0,0,0,3.6,0,0,3.6
42,1,21,42_21,reviewer,med,0,0,0,0,3.6,0,0,3.6
42,1,22,42_22,panelist,none,1,0,0,1,3.6,1,0.5,4.1
42,1,23,42_23,panelist,med,1,0,0,0,3.6,0,0,3.6
42,1,24,42_24,panelist,med,1,0,0,0,3.6,1,0.1,3.7
42,2,01,42_01,panelist,med,1,0,0,0,4.2,0,0,4.2
42,2,02,42_02,panelist,med,1,0,0,0,4.2,0,0,4.2
42,2,03,42_03,panelist,med,1,0,0,0,4.2,0,0,4.2
42,2,04,42_04,panelist,med,1,0,0,0,4.2,1,-0.2,4
42,2,05,42_05,panelist,low,1,0,1,0,4.2,1,0.3,4.5
42,2,06,42_06,panelist,med,1,0,0,0,4.2,1,-0.1,4.1
42,2,07,42_07,reviewer,high,0,1,0,0,4.2,0,0,4.2
42,2,08,42_08,panelist,high,1,1,0,0,4.2,1,-0.2,4
42,2,09,42_09,panelist,low,1,0,1,0,4.2,0,0,4.2
42,2,10,42_10,panelist,med,1,0,0,0,4.2,0,0,4.2
42,2,11,42_11,panelist,high,1,1,0,0,4.2,0,0,4.2
42,2,12,42_12,panelist,none,1,0,0,1,4.2,0,0,4.2
42,2,13,42_13,panelist,none,1,0,0,1,4.2,0,0,4.2
42,2,14,42_14,panelist,high,1,1,0,0,4.2,0,0,4.2
42,2,15,42_15,reviewer,high,0,1,0,0,4.2,0,0,4.2
42,2,16,42_16,panelist,high,1,1,0,0,4.2,0,0,4.2
42,2,17,42_17,panelist,none,1,0,0,1,4.2,1,0.1,4.3
42,2,18,42_18,panelist,low,1,0,1,0,4.2,1,0.1,4.3
42,2,19,42_19,panelist,med,1,0,0,0,4.2,0,0,4.2
42,2,20,42_20,panelist,low,1,0,1,0,4.2,0,0,4.2
42,2,21,42_21,reviewer,med,0,0,0,0,4.2,0,0,4.2
42,2,22,42_22,panelist,med,1,0,0,0,4.2,1,0.1,4.3
42,2,23,42_23,panelist,none,1,0,0,1,4.2,0,0,4.2
42,2,24,42_24,panelist,med,1,0,0,0,4.2,1,-0.1,4.1
42,3,01,42_01,panelist,med,1,0,0,0,4.1,0,0,4.1
42,3,02,42_02,panelist,med,1,0,0,0,4.1,0,0,4.1
42,3,03,42_03,panelist,high,1,1,0,0,4.1,0,0,4.1
42,3,04,42_04,panelist,none,1,0,0,1,4.1,0,0,4.1
42,3,05,42_05,reviewer,high,0,1,0,0,4.1,0,0,4.1
42,3,06,42_06,panelist,low,1,0,1,0,4.1,0,0,4.1
42,3,07,42_07,panelist,med,1,0,0,0,4.1,0,0,4.1
42,3,08,42_08,panelist,none,1,0,0,1,4.1,0,0,4.1
42,3,09,42_09,panelist,med,1,0,0,0,4.1,1,-0.2,3.9
42,3,10,42_10,panelist,high,1,1,0,0,4.1,0,0,4.1
42,3,11,42_11,panelist,none,1,0,0,1,4.1,0,0,4.1
42,3,12,42_12,panelist,med,1,0,0,0,4.1,0,0,4.1
42,3,13,42_13,panelist,high,1,1,0,0,4.1,0,0,4.1
42,3,14,42_14,panelist,none,1,0,0,1,4.1,1,0.1,4.2
42,3,15,42_15,panelist,low,1,0,1,0,4.1,0,0,4.1
42,3,16,42_16,panelist,med,1,0,0,0,4.1,0,0,4.1
42,3,17,42_17,panelist,high,1,1,0,0,4.1,0,0,4.1
42,3,18,42_18,panelist,low,1,0,1,0,4.1,1,-0.1,4
42,3,19,42_19,panelist,med,1,0,0,0,4.1,1,0.1,4.2
42,3,20,42_20,panelist,med,1,0,0,0,4.1,1,-0.1,4
42,3,21,42_21,panelist,high,1,1,0,0,4.1,0,0,4.1
42,3,22,42_22,reviewer,med,0,0,0,0,4.1,1,-0.2,3.9
42,3,23,42_23,panelist,med,1,0,0,0,4.1,1,0.1,4.2
42,3,24,42_24,reviewer,low,0,0,1,0,4.1,0,0,4.1
42,4,01,42_01,panelist,low,1,0,1,0,3.8,0,0,3.8
42,4,02,42_02,reviewer,high,0,1,0,0,3.8,0,0,3.8
42,4,03,42_03,panelist,high,1,1,0,0,3.8,0,0,3.8
42,4,04,42_04,panelist,med,1,0,0,0,3.8,1,0.2,4
42,4,05,42_05,reviewer,med,0,0,0,0,3.8,1,0.1,3.9
42,4,06,42_06,panelist,med,1,0,0,0,3.8,1,-0.1,3.7
42,4,07,42_07,panelist,high,1,1,0,0,3.8,0,0,3.8
42,4,08,42_08,panelist,low,1,0,1,0,3.8,1,-0.1,3.7
42,4,09,42_09,panelist,none,1,0,0,1,3.8,0,0,3.8
42,4,10,42_10,panelist,med,1,0,0,0,3.8,1,0.2,4
42,4,11,42_11,panelist,none,1,0,0,1,3.8,0,0,3.8
42,4,12,42_12,panelist,low,1,0,1,0,3.8,1,0.3,4.1
42,4,13,42_13,panelist,med,1,0,0,0,3.8,1,0.2,4
42,4,14,42_14,panelist,med,1,0,0,0,3.8,1,0.3,4.1
42,4,15,42_15,panelist,med,1,0,0,0,3.8,0,0,3.8
42,4,16,42_16,panelist,high,1,1,0,0,3.8,0,0,3.8
42,4,17,42_17,panelist,high,1,1,0,0,3.8,1,0.2,4
42,4,18,42_18,panelist,med,1,0,0,0,3.8,1,0.1,3.9
42,4,19,42_19,panelist,low,1,0,1,0,3.8,0,0,3.8
42,4,20,42_20,reviewer,none,0,0,0,1,3.8,1,-0.1,3.7
42,4,21,42_21,panelist,none,1,0,0,1,3.8,0,0,3.8
42,4,22,42_22,panelist,high,1,1,0,0,3.8,0,0,3.8
42,4,23,42_23,panelist,med,1,0,0,0,3.8,0,0,3.8
42,4,24,42_24,panelist,med,1,0,0,0,3.8,0,0,3.8
42,5,01,42_01,panelist,med,1,0,0,0,3.7,1,0.2,3.9
42,5,02,42_02,panelist,high,1,1,0,0,3.7,0,0,3.7
42,5,03,42_03,panelist,high,1,1,0,0,3.7,0,0,3.7
42,5,04,42_04,panelist,med,1,0,0,0,3.7,0,0,3.7
42,5,05,42_05,panelist,low,1,0,1,0,3.7,0,0,3.7
42,5,06,42_06,panelist,med,1,0,0,0,3.7,0,0,3.7
42,5,07,42_07,panelist,none,1,0,0,1,3.7,0,0,3.7
42,5,08,42_08,panelist,none,1,0,0,1,3.7,0,0,3.7
42,5,09,42_09,reviewer,high,0,1,0,0,3.7,0,0,3.7
42,5,10,42_10,panelist,med,1,0,0,0,3.7,0,0,3.7
42,5,11,42_11,reviewer,med,0,0,0,0,3.7,1,-0.3,3.5
42,5,12,42_12,panelist,low,1,0,1,0,3.7,1,0.3,4
42,5,13,42_13,panelist,none,1,0,0,1,3.7,0,0,3.7
42,5,14,42_14,panelist,high,1,1,0,0,3.7,1,0.2,3.9
42,5,15,42_15,panelist,med,1,0,0,0,3.7,0,0,3.7
42,5,16,42_16,panelist,med,1,0,0,0,3.7,0,0,3.7
42,5,17,42_17,panelist,low,1,0,1,0,3.7,1,0.1,3.8
42,5,18,42_18,panelist,low,1,0,1,0,3.7,0,0,3.7
42,5,19,42_19,panelist,med,1,0,0,0,3.7,0,0,3.7
42,5,20,42_20,panelist,med,1,0,0,0,3.7,0,0,3.7
42,5,21,42_21,panelist,none,1,0,0,1,3.7,1,0.3,4
42,5,22,42_22,reviewer,high,0,1,0,0,3.7,1,0.1,3.8
42,5,23,42_23,panelist,med,1,0,0,0,3.7,0,0,3.7
42,5,24,42_24,panelist,high,1,1,0,0,3.7,0,0,3.7
42,6,01,42_01,panelist,none,1,0,0,1,3.5,0,0,3.5
42,6,02,42_02,reviewer,high,0,1,0,0,3.5,0,0,3.5
42,6,03,42_03,panelist,high,1,1,0,0,3.5,0,0,3.5
42,6,04,42_04,panelist,med,1,0,0,0,3.5,0,0,3.5
42,6,05,42_05,panelist,high,1,1,0,0,3.5,1,-0.1,3.5
42,6,06,42_06,panelist,med,1,0,0,0,3.5,1,0.1,3.6
42,6,07,42_07,panelist,low,1,0,1,0,3.5,0,0,3.5
42,6,08,42_08,panelist,low,1,0,1,0,3.5,1,0.1,3.6
42,6,09,42_09,panelist,low,1,0,1,0,3.5,0,0,3.5
42,6,10,42_10,panelist,med,1,0,0,0,3.5,0,0,3.5
42,6,11,42_11,panelist,med,1,0,0,0,3.5,0,0,3.5
42,6,12,42_12,panelist,none,1,0,0,1,3.5,1,0.2,3.7
42,6,13,42_13,panelist,med,1,0,0,0,3.5,0,0,3.5
42,6,14,42_14,panelist,none,1,0,0,1,3.5,0,0,3.5
42,6,15,42_15,panelist,med,1,0,0,0,3.5,0,0,3.5
42,6,16,42_16,panelist,low,1,0,1,0,3.5,0,0,3.5
42,6,17,42_17,reviewer,med,0,0,0,0,3.5,0,0,3.5
42,6,18,42_18,panelist,high,1,1,0,0,3.5,1,-0.1,3.5
42,6,19,42_19,panelist,med,1,0,0,0,3.5,0,0,3.5
42,6,20,42_20,reviewer,med,0,0,0,0,3.5,0,0,3.5
42,6,21,42_21,panelist,high,1,1,0,0,3.5,0,0,3.5
42,6,22,42_22,panelist,none,1,0,0,1,3.5,0,0,3.5
42,6,23,42_23,panelist,med,1,0,0,0,3.5,0,0,3.5
42,6,24,42_24,panelist,high,1,1,0,0,3.5,0,0,3.5
42,7,01,42_01,panelist,none,1,0,0,1,3.9,0,0,3.9
42,7,02,42_02,panelist,med,1,0,0,0,3.9,1,-0.1,3.8
42,7,03,42_03,reviewer,high,0,1,0,0,3.9,0,0,3.9
42,7,04,42_04,panelist,med,1,0,0,0,3.9,0,0,3.9
42,7,05,42_05,panelist,med,1,0,0,0,3.9,0,0,3.9
42,7,06,42_06,panelist,low,1,0,1,0,3.9,0,0,3.9
42,7,07,42_07,panelist,med,1,0,0,0,3.9,1,-0.2,3.7
42,7,08,42_08,panelist,high,1,1,0,0,3.9,0,0,3.9
42,7,09,42_09,panelist,med,1,0,0,0,3.9,0,0,3.9
42,7,10,42_10,panelist,med,1,0,0,0,3.9,1,0.3,4.2
42,7,11,42_11,panelist,high,1,1,0,0,3.9,0,0,3.9
42,7,12,42_12,panelist,high,1,1,0,0,3.9,0,0,3.9
42,7,13,42_13,reviewer,low,0,0,1,0,3.9,1,-0.1,3.8
42,7,14,42_14,panelist,low,1,0,1,0,3.9,0,0,3.9
42,7,15,42_15,panelist,none,1,0,0,1,3.9,0,0,3.9
42,7,16,42_16,panelist,none,1,0,0,1,3.9,1,-0.2,3.7
42,7,17,42_17,panelist,none,1,0,0,1,3.9,0,0,3.9
42,7,18,42_18,panelist,med,1,0,0,0,3.9,1,0.1,4
42,7,19,42_19,panelist,med,1,0,0,0,3.9,0,0,3.9
42,7,20,42_20,reviewer,med,0,0,0,0,3.9,0,0,3.9
42,7,21,42_21,panelist,high,1,1,0,0,3.9,1,0.2,4.1
42,7,22,42_22,panelist,low,1,0,1,0,3.9,0,0,3.9
42,7,23,42_23,panelist,med,1,0,0,0,3.9,1,0.1,4
42,7,24,42_24,panelist,high,1,1,0,0,3.9,0,0,3.9
42,8,01,42_01,panelist,med,1,0,0,0,3.5,0,0,3.5
42,8,02,42_02,panelist,none,1,0,0,1,3.5,1,0.1,3.6
42,8,03,42_03,panelist,med,1,0,0,0,3.5,0,0,3.5
42,8,04,42_04,panelist,low,1,0,1,0,3.5,1,-0.1,3.5
42,8,05,42_05,panelist,low,1,0,1,0,3.5,0,0,3.5
42,8,06,42_06,panelist,med,1,0,0,0,3.5,0,0,3.5
42,8,07,42_07,panelist,med,1,0,0,0,3.5,1,-0.2,3.5
42,8,08,42_08,panelist,high,1,1,0,0,3.5,0,0,3.5
42,8,09,42_09,panelist,high,1,1,0,0,3.5,0,0,3.5
42,8,10,42_10,panelist,high,1,1,0,0,3.5,0,0,3.5
42,8,11,42_11,panelist,med,1,0,0,0,3.5,1,-0.2,3.5
42,8,12,42_12,panelist,med,1,0,0,0,3.5,1,-0.2,3.5
42,8,13,42_13,panelist,high,1,1,0,0,3.5,0,0,3.5
42,8,14,42_14,panelist,low,1,0,1,0,3.5,0,0,3.5
42,8,15,42_15,reviewer,high,0,1,0,0,3.5,0,0,3.5
42,8,16,42_16,panelist,none,1,0,0,1,3.5,1,-0.1,3.5
42,8,17,42_17,reviewer,med,0,0,0,0,3.5,1,0.2,3.7
42,8,18,42_18,panelist,none,1,0,0,1,3.5,1,-0.1,3.5
42,8,19,42_19,panelist,high,1,1,0,0,3.5,0,0,3.5
42,8,20,42_20,reviewer,med,0,0,0,0,3.5,1,0.2,3.7
42,8,21,42_21,panelist,med,1,0,0,0,3.5,0,0,3.5
42,8,22,42_22,panelist,med,1,0,0,0,3.5,0,0,3.5
42,8,23,42_23,panelist,low,1,0,1,0,3.5,1,-0.3,3.5
42,8,24,42_24,panelist,none,1,0,0,1,3.5,0,0,3.5
42,9,01,42_01,reviewer,med,0,0,0,0,4.2,0,0,4.2
42,9,02,42_02,panelist,med,1,0,0,0,4.2,1,-0.1,4.1
42,9,03,42_03,panelist,med,1,0,0,0,4.2,1,0.2,4.4
42,9,04,42_04,reviewer,med,0,0,0,0,4.2,0,0,4.2
42,9,05,42_05,panelist,low,1,0,1,0,4.2,0,0,4.2
42,9,06,42_06,panelist,high,1,1,0,0,4.2,0,0,4.2
42,9,07,42_07,panelist,low,1,0,1,0,4.2,1,-0.3,3.9
42,9,08,42_08,panelist,high,1,1,0,0,4.2,1,-0.1,4.1
42,9,09,42_09,panelist,none,1,0,0,1,4.2,0,0,4.2
42,9,10,42_10,panelist,med,1,0,0,0,4.2,0,0,4.2
42,9,11,42_11,panelist,none,1,0,0,1,4.2,0,0,4.2
42,9,12,42_12,panelist,low,1,0,1,0,4.2,1,0.1,4.3
42,9,13,42_13,panelist,med,1,0,0,0,4.2,0,0,4.2
42,9,14,42_14,panelist,med,1,0,0,0,4.2,0,0,4.2
42,9,15,42_15,panelist,med,1,0,0,0,4.2,0,0,4.2
42,9,16,42_16,panelist,none,1,0,0,1,4.2,0,0,4.2
42,9,17,42_17,panelist,low,1,0,1,0,4.2,0,0,4.2
42,9,18,42_18,panelist,high,1,1,0,0,4.2,0,0,4.2
42,9,19,42_19,reviewer,high,0,1,0,0,4.2,0,0,4.2
42,9,20,42_20,panelist,med,1,0,0,0,4.2,0,0,4.2
42,9,21,42_21,panelist,high,1,1,0,0,4.2,0,0,4.2
42,9,22,42_22,panelist,high,1,1,0,0,4.2,0,0,4.2
42,9,23,42_23,panelist,none,1,0,0,1,4.2,0,0,4.2
42,9,24,42_24,panelist,med,1,0,0,0,4.2,1,0.1,4.3
42,10,01,42_01,panelist,high,1,1,0,0,4.5,1,-0.1,4.4
42,10,02,42_02,panelist,med,1,0,0,0,4.5,0,0,4.5
42,10,03,42_03,panelist,med,1,0,0,0,4.5,0,0,4.5
42,10,04,42_04,panelist,med,1,0,0,0,4.5,0,0,4.5
42,10,05,42_05,panelist,med,1,0,0,0,4.5,0,0,4.5
42,10,06,42_06,panelist,low,1,0,1,0,4.5,1,0.3,4.8
42,10,07,42_07,panelist,med,1,0,0,0,4.5,0,0,4.5
42,10,08,42_08,panelist,high,1,1,0,0,4.5,0,0,4.5
42,10,09,42_09,reviewer,low,0,0,1,0,4.5,0,0,4.5
42,10,10,42_10,panelist,med,1,0,0,0,4.5,1,-0.2,4.3
42,10,11,42_11,panelist,high,1,1,0,0,4.5,0,0,4.5
42,10,12,42_12,panelist,none,1,0,0,1,4.5,1,0.3,4.8
42,10,13,42_13,reviewer,med,0,0,0,0,4.5,0,0,4.5
42,10,14,42_14,panelist,med,1,0,0,0,4.5,0,0,4.5
42,10,15,42_15,panelist,low,1,0,1,0,4.5,1,0.1,4.6
42,10,16,42_16,panelist,med,1,0,0,0,4.5,1,0.1,4.6
42,10,17,42_17,panelist,none,1,0,0,1,4.5,0,0,4.5
42,10,18,42_18,panelist,high,1,1,0,0,4.5,0,0,4.5
42,10,19,42_19,panelist,none,1,0,0,1,4.5,0,0,4.5
42,10,20,42_20,panelist,high,1,1,0,0,4.5,0,0,4.5
42,10,21,42_21,panelist,low,1,0,1,0,4.5,1,0.3,4.8
42,10,22,42_22,panelist,high,1,1,0,0,4.5,0,0,4.5
42,10,23,42_23,panelist,med,1,0,0,0,4.5,1,0.1,4.6
42,10,24,42_24,reviewer,none,0,0,0,1,4.5,0,0,4.5
42,11,01,42_01,panelist,none,1,0,0,1,4.2,0,0,4.2
42,11,02,42_02,reviewer,med,0,0,0,0,4.2,0,0,4.2
42,11,03,42_03,panelist,high,1,1,0,0,4.2,0,0,4.2
42,11,04,42_04,panelist,low,1,0,1,0,4.2,0,0,4.2
42,11,05,42_05,panelist,none,1,0,0,1,4.2,1,-0.2,4
42,11,06,42_06,panelist,high,1,1,0,0,4.2,1,0.3,4.5
42,11,07,42_07,panelist,med,1,0,0,0,4.2,0,0,4.2
42,11,08,42_08,panelist,med,1,0,0,0,4.2,0,0,4.2
42,11,09,42_09,panelist,med,1,0,0,0,4.2,0,0,4.2
42,11,10,42_10,panelist,low,1,0,1,0,4.2,0,0,4.2
42,11,11,42_11,panelist,med,1,0,0,0,4.2,0,0,4.2
42,11,12,42_12,panelist,high,1,1,0,0,4.2,1,-0.2,4
42,11,13,42_13,panelist,none,1,0,0,1,4.2,1,0.2,4.4
42,11,14,42_14,panelist,med,1,0,0,0,4.2,0,0,4.2
42,11,15,42_15,panelist,low,1,0,1,0,4.2,0,0,4.2
42,11,16,42_16,panelist,med,1,0,0,0,4.2,1,0.1,4.3
42,11,17,42_17,panelist,low,1,0,1,0,4.2,0,0,4.2
42,11,18,42_18,panelist,high,1,1,0,0,4.2,0,0,4.2
42,11,19,42_19,reviewer,med,0,0,0,0,4.2,1,0.1,4.3
42,11,20,42_20,panelist,med,1,0,0,0,4.2,0,0,4.2
42,11,21,42_21,panelist,none,1,0,0,1,4.2,0,0,4.2
42,11,22,42_22,panelist,high,1,1,0,0,4.2,0,0,4.2
42,11,23,42_23,panelist,med,1,0,0,0,4.2,1,-0.1,4.1
42,11,24,42_24,reviewer,high,0,1,0,0,4.2,0,0,4.2
42,12,01,42_01,panelist,none,1,0,0,1,4.8,0,0,4.8
42,12,02,42_02,panelist,low,1,0,1,0,4.8,0,0,4.8
42,12,03,42_03,panelist,high,1,1,0,0,4.8,1,-0.2,4.6
42,12,04,42_04,panelist,med,1,0,0,0,4.8,1,-0.1,4.7
42,12,05,42_05,panelist,med,1,0,0,0,4.8,0,0,4.8
42,12,06,42_06,panelist,med,1,0,0,0,4.8,0,0,4.8
42,12,07,42_07,panelist,med,1,0,0,0,4.8,0,0,4.8
42,12,08,42_08,panelist,low,1,0,1,0,4.8,0,0,4.8
42,12,09,42_09,reviewer,med,0,0,0,0,4.8,1,0.1,4.9
42,12,10,42_10,panelist,high,1,1,0,0,4.8,1,-0.2,4.6
42,12,11,42_11,panelist,none,1,0,0,1,4.8,1,0.1,4.9
42,12,12,42_12,panelist,med,1,0,0,0,4.8,0,0,4.8
42,12,13,42_13,panelist,none,1,0,0,1,4.8,1,-0.1,4.7
42,12,14,42_14,panelist,med,1,0,0,0,4.8,0,0,4.8
42,12,15,42_15,panelist,high,1,1,0,0,4.8,0,0,4.8
42,12,16,42_16,panelist,low,1,0,1,0,4.8,1,0.1,4.9
42,12,17,42_17,panelist,high,1,1,0,0,4.8,1,0.1,4.9
42,12,18,42_18,panelist,med,1,0,0,0,4.8,1,-0.1,4.7
42,12,19,42_19,panelist,med,1,0,0,0,4.8,1,0.1,4.9
42,12,20,42_20,reviewer,low,0,0,1,0,4.8,1,0.1,4.9
42,12,21,42_21,panelist,high,1,1,0,0,4.8,0,0,4.8
42,12,22,42_22,reviewer,none,0,0,0,1,4.8,0,0,4.8
42,12,23,42_23,panelist,high,1,1,0,0,4.8,1,0.3,4.9
42,12,24,42_24,panelist,med,1,0,0,0,4.8,0,0,4.8
42,13,01,42_01,panelist,med,1,0,0,0,4.6,0,0,4.6
42,13,02,42_02,panelist,high,1,1,0,0,4.6,0,0,4.6
42,13,03,42_03,panelist,none,1,0,0,1,4.6,1,-0.1,4.5
42,13,04,42_04,panelist,med,1,0,0,0,4.6,1,-0.1,4.5
42,13,05,42_05,panelist,med,1,0,0,0,4.6,0,0,4.6
42,13,06,42_06,panelist,none,1,0,0,1,4.6,1,0.1,4.7
42,13,07,42_07,panelist,high,1,1,0,0,4.6,0,0,4.6
42,13,08,42_08,panelist,med,1,0,0,0,4.6,0,0,4.6
42,13,09,42_09,reviewer,med,0,0,0,0,4.6,1,-0.1,4.5
42,13,10,42_10,reviewer,none,0,0,0,1,4.6,0,0,4.6
42,13,11,42_11,panelist,med,1,0,0,0,4.6,0,0,4.6
42,13,12,42_12,panelist,med,1,0,0,0,4.6,1,-0.1,4.5
42,13,13,42_13,panelist,med,1,0,0,0,4.6,1,0.2,4.8
42,13,14,42_14,panelist,high,1,1,0,0,4.6,1,0.2,4.8
42,13,15,42_15,panelist,low,1,0,1,0,4.6,0,0,4.6
42,13,16,42_16,panelist,low,1,0,1,0,4.6,0,0,4.6
42,13,17,42_17,panelist,low,1,0,1,0,4.6,1,0.1,4.7
42,13,18,42_18,panelist,med,1,0,0,0,4.6,1,-0.2,4.4
42,13,19,42_19,panelist,high,1,1,0,0,4.6,1,0.1,4.7
42,13,20,42_20,panelist,low,1,0,1,0,4.6,1,0.1,4.7
42,13,21,42_21,panelist,high,1,1,0,0,4.6,0,0,4.6
42,13,22,42_22,reviewer,none,0,0,0,1,4.6,0,0,4.6
42,13,23,42_23,panelist,high,1,1,0,0,4.6,0,0,4.6
42,13,24,42_24,panelist,med,1,0,0,0,4.6,0,0,4.6
42,14,01,42_01,panelist,none,1,0,0,1,3.5,1,0.2,3.7
42,14,02,42_02,panelist,high,1,1,0,0,3.5,0,0,3.5
42,14,03,42_03,panelist,med,1,0,0,0,3.5,0,0,3.5
42,14,04,42_04,panelist,none,1,0,0,1,3.5,1,-0.1,3.5
42,14,05,42_05,reviewer,high,0,1,0,0,3.5,0,0,3.5
42,14,06,42_06,panelist,low,1,0,1,0,3.5,1,-0.1,3.5
42,14,07,42_07,panelist,med,1,0,0,0,3.5,1,-0.1,3.5
42,14,08,42_08,panelist,high,1,1,0,0,3.5,1,-0.2,3.5
42,14,09,42_09,panelist,none,1,0,0,1,3.5,1,0.1,3.6
42,14,10,42_10,reviewer,med,0,0,0,0,3.5,0,0,3.5
42,14,11,42_11,panelist,low,1,0,1,0,3.5,0,0,3.5
42,14,12,42_12,panelist,med,1,0,0,0,3.5,1,0.3,3.8
42,14,13,42_13,panelist,med,1,0,0,0,3.5,1,0.1,3.6
42,14,14,42_14,panelist,med,1,0,0,0,3.5,0,0,3.5
42,14,15,42_15,panelist,med,1,0,0,0,3.5,1,0.4,3.9
42,14,16,42_16,panelist,high,1,1,0,0,3.5,0,0,3.5
42,14,17,42_17,panelist,none,1,0,0,1,3.5,0,0,3.5
42,14,18,42_18,panelist,low,1,0,1,0,3.5,1,0.2,3.7
42,14,19,42_19,panelist,low,1,0,1,0,3.5,0,0,3.5
42,14,20,42_20,panelist,med,1,0,0,0,3.5,1,-0.2,3.5
42,14,21,42_21,panelist,med,1,0,0,0,3.5,0,0,3.5
42,14,22,42_22,reviewer,med,0,0,0,0,3.5,1,0.1,3.6
42,14,23,42_23,panelist,high,1,1,0,0,3.5,0,0,3.5
42,14,24,42_24,panelist,high,1,1,0,0,3.5,0,0,3.5
42,15,01,42_01,panelist,high,1,1,0,0,4.3,0,0,4.3
42,15,02,42_02,panelist,high,1,1,0,0,4.3,0,0,4.3
42,15,03,42_03,panelist,none,1,0,0,1,4.3,1,-0.2,4.1
42,15,04,42_04,panelist,low,1,0,1,0,4.3,1,0.1,4.4
42,15,05,42_05,panelist,med,1,0,0,0,4.3,0,0,4.3
42,15,06,42_06,reviewer,high,0,1,0,0,4.3,0,0,4.3
42,15,07,42_07,panelist,low,1,0,1,0,4.3,0,0,4.3
42,15,08,42_08,reviewer,med,0,0,0,0,4.3,0,0,4.3
42,15,09,42_09,panelist,high,1,1,0,0,4.3,0,0,4.3
42,15,10,42_10,panelist,med,1,0,0,0,4.3,0,0,4.3
42,15,11,42_11,panelist,med,1,0,0,0,4.3,1,0.2,4.5
42,15,12,42_12,panelist,low,1,0,1,0,4.3,1,-0.1,4.2
42,15,13,42_13,panelist,med,1,0,0,0,4.3,1,0.1,4.4
42,15,14,42_14,reviewer,low,0,0,1,0,4.3,0,0,4.3
42,15,15,42_15,panelist,med,1,0,0,0,4.3,0,0,4.3
42,15,16,42_16,panelist,high,1,1,0,0,4.3,1,-0.1,4.2
42,15,17,42_17,panelist,med,1,0,0,0,4.3,0,0,4.3
42,15,18,42_18,panelist,med,1,0,0,0,4.3,1,-0.1,4.2
42,15,19,42_19,panelist,none,1,0,0,1,4.3,1,-0.1,4.2
42,15,20,42_20,panelist,med,1,0,0,0,4.3,0,0,4.3
42,15,21,42_21,panelist,high,1,1,0,0,4.3,0,0,4.3
42,15,22,42_22,panelist,med,1,0,0,0,4.3,1,-0.2,4.1
42,15,23,42_23,panelist,none,1,0,0,1,4.3,1,-0.2,4.1
42,15,24,42_24,panelist,none,1,0,0,1,4.3,1,0.1,4.4
43,1,01,43_01,panelist,none,1,0,0,1,3.6,1,-0.2,3.5
43,1,02,43_02,panelist,low,1,0,1,0,3.6,1,-0.3,3.5
43,1,03,43_03,panelist,med,1,0,0,0,3.6,0,0,3.6
43,1,04,43_04,panelist,none,1,0,0,1,3.6,0,0,3.6
43,1,05,43_05,panelist,none,1,0,0,1,3.6,1,0.1,3.7
43,1,06,43_06,panelist,low,1,0,1,0,3.6,1,0.2,3.8
43,1,07,43_07,panelist,med,1,0,0,0,3.6,0,0,3.6
43,1,08,43_08,panelist,high,1,1,0,0,3.6,0,0,3.6
43,1,09,43_09,panelist,high,1,1,0,0,3.6,1,0.1,3.7
43,1,10,43_10,panelist,high,1,1,0,0,3.6,1,0.1,3.7
43,1,11,43_11,panelist,med,1,0,0,0,3.6,0,0,3.6
43,1,12,43_12,reviewer,med,0,0,0,0,3.6,0,0,3.6
43,1,13,43_13,panelist,med,1,0,0,0,3.6,0,0,3.6
43,1,14,43_14,panelist,none,1,0,0,1,3.6,1,0.2,3.8
43,1,15,43_15,panelist,high,1,1,0,0,3.6,1,-0.1,3.5
43,1,16,43_16,panelist,med,1,0,0,0,3.6,1,-0.2,3.5
43,1,17,43_17,panelist,med,1,0,0,0,3.6,0,0,3.6
43,1,18,43_18,panelist,med,1,0,0,0,3.6,0,0,3.6
43,1,19,43_19,panelist,low,1,0,1,0,3.6,0,0,3.6
43,1,20,43_20,panelist,med,1,0,0,0,3.6,0,0,3.6
43,1,21,43_21,panelist,high,1,1,0,0,3.6,0,0,3.6
43,1,22,43_22,panelist,med,1,0,0,0,3.6,1,0.2,3.8
43,1,23,43_23,reviewer,low,0,0,1,0,3.6,1,-0.2,3.5
43,1,24,43_24,reviewer,high,0,1,0,0,3.6,0,0,3.6
43,2,01,43_01,panelist,none,1,0,0,1,4.1,1,-0.1,4
43,2,02,43_02,panelist,med,1,0,0,0,4.1,0,0,4.1
43,2,03,43_03,panelist,med,1,0,0,0,4.1,0,0,4.1
43,2,04,43_04,panelist,none,1,0,0,1,4.1,1,0.1,4.2
43,2,05,43_05,panelist,none,1,0,0,1,4.1,1,-0.2,3.9
43,2,06,43_06,reviewer,med,0,0,0,0,4.1,0,0,4.1
43,2,07,43_07,panelist,low,1,0,1,0,4.1,0,0,4.1
43,2,08,43_08,panelist,med,1,0,0,0,4.1,0,0,4.1
43,2,09,43_09,panelist,med,1,0,0,0,4.1,0,0,4.1
43,2,10,43_10,panelist,high,1,1,0,0,4.1,1,0.3,4.4
43,2,11,43_11,panelist,med,1,0,0,0,4.1,0,0,4.1
43,2,12,43_12,panelist,high,1,1,0,0,4.1,1,0.1,4.2
43,2,13,43_13,reviewer,high,0,1,0,0,4.1,1,-0.1,4
43,2,14,43_14,panelist,high,1,1,0,0,4.1,1,0.2,4.3
43,2,15,43_15,panelist,med,1,0,0,0,4.1,0,0,4.1
43,2,16,43_16,reviewer,med,0,0,0,0,4.1,0,0,4.1
43,2,17,43_17,panelist,med,1,0,0,0,4.1,0,0,4.1
43,2,18,43_18,panelist,high,1,1,0,0,4.1,1,0.1,4.2
43,2,19,43_19,panelist,low,1,0,1,0,4.1,1,-0.2,3.9
43,2,20,43_20,panelist,none,1,0,0,1,4.1,1,-0.1,4
43,2,21,43_21,panelist,low,1,0,1,0,4.1,0,0,4.1
43,2,22,43_22,panelist,low,1,0,1,0,4.1,0,0,4.1
43,2,23,43_23,panelist,high,1,1,0,0,4.1,0,0,4.1
43,2,24,43_24,panelist,med,1,0,0,0,4.1,0,0,4.1
43,3,01,43_01,panelist,med,1,0,0,0,4.1,0,0,4.1
43,3,02,43_02,panelist,high,1,1,0,0,4.1,0,0,4.1
43,3,03,43_03,panelist,med,1,0,0,0,4.1,1,-0.2,3.9
43,3,04,43_04,panelist,med,1,0,0,0,4.1,0,0,4.1
43,3,05,43_05,reviewer,med,0,0,0,0,4.1,0,0,4.1
43,3,06,43_06,panelist,low,1,0,1,0,4.1,0,0,4.1
43,3,07,43_07,panelist,high,1,1,0,0,4.1,1,-0.2,3.9
43,3,08,43_08,panelist,high,1,1,0,0,4.1,0,0,4.1
43,3,09,43_09,panelist,low,1,0,1,0,4.1,0,0,4.1
43,3,10,43_10,panelist,low,1,0,1,0,4.1,0,0,4.1
43,3,11,43_11,panelist,med,1,0,0,0,4.1,1,-0.1,4
43,3,12,43_12,panelist,none,1,0,0,1,4.1,0,0,4.1
43,3,13,43_13,reviewer,med,0,0,0,0,4.1,0,0,4.1
43,3,14,43_14,panelist,high,1,1,0,0,4.1,1,0.2,4.3
43,3,15,43_15,panelist,low,1,0,1,0,4.1,1,-0.1,4
43,3,16,43_16,panelist,high,1,1,0,0,4.1,0,0,4.1
43,3,17,43_17,panelist,none,1,0,0,1,4.1,1,0.3,4.4
43,3,18,43_18,panelist,none,1,0,0,1,4.1,0,0,4.1
43,3,19,43_19,panelist,none,1,0,0,1,4.1,0,0,4.1
43,3,20,43_20,reviewer,med,0,0,0,0,4.1,1,0.2,4.3
43,3,21,43_21,panelist,med,1,0,0,0,4.1,1,-0.1,4
43,3,22,43_22,panelist,high,1,1,0,0,4.1,1,-0.1,4
43,3,23,43_23,panelist,med,1,0,0,0,4.1,1,0.2,4.3
43,3,24,43_24,panelist,med,1,0,0,0,4.1,0,0,4.1
43,4,01,43_01,panelist,med,1,0,0,0,3.7,0,0,3.7
43,4,02,43_02,panelist,med,1,0,0,0,3.7,1,-0.3,3.5
43,4,03,43_03,panelist,high,1,1,0,0,3.7,0,0,3.7
43,4,04,43_04,reviewer,none,0,0,0,1,3.7,1,0.2,3.9
43,4,05,43_05,panelist,med,1,0,0,0,3.7,0,0,3.7
43,4,06,43_06,panelist,med,1,0,0,0,3.7,0,0,3.7
43,4,07,43_07,panelist,none,1,0,0,1,3.7,1,0.1,3.8
43,4,08,43_08,panelist,low,1,0,1,0,3.7,0,0,3.7
43,4,09,43_09,panelist,high,1,1,0,0,3.7,1,0.3,4
43,4,10,43_10,panelist,med,1,0,0,0,3.7,0,0,3.7
43,4,11,43_11,panelist,med,1,0,0,0,3.7,1,0.2,3.9
43,4,12,43_12,panelist,low,1,0,1,0,3.7,1,-0.1,3.6
43,4,13,43_13,panelist,med,1,0,0,0,3.7,0,0,3.7
43,4,14,43_14,panelist,high,1,1,0,0,3.7,0,0,3.7
43,4,15,43_15,panelist,high,1,1,0,0,3.7,0,0,3.7
43,4,16,43_16,reviewer,low,0,0,1,0,3.7,0,0,3.7
43,4,17,43_17,panelist,med,1,0,0,0,3.7,0,0,3.7
43,4,18,43_18,panelist,none,1,0,0,1,3.7,0,0,3.7
43,4,19,43_19,panelist,med,1,0,0,0,3.7,0,0,3.7
43,4,20,43_20,reviewer,high,0,1,0,0,3.7,0,0,3.7
43,4,21,43_21,panelist,high,1,1,0,0,3.7,1,0.1,3.8
43,4,22,43_22,panelist,low,1,0,1,0,3.7,0,0,3.7
43,4,23,43_23,panelist,med,1,0,0,0,3.7,1,0.1,3.8
43,4,24,43_24,panelist,none,1,0,0,1,3.7,0,0,3.7
43,5,01,43_01,reviewer,high,0,1,0,0,3.6,0,0,3.6
43,5,02,43_02,reviewer,med,0,0,0,0,3.6,0,0,3.6
43,5,03,43_03,panelist,none,1,0,0,1,3.6,1,0.2,3.8
43,5,04,43_04,panelist,med,1,0,0,0,3.6,1,0.2,3.8
43,5,05,43_05,panelist,none,1,0,0,1,3.6,0,0,3.6
43,5,06,43_06,panelist,med,1,0,0,0,3.6,1,-0.1,3.5
43,5,07,43_07,panelist,high,1,1,0,0,3.6,0,0,3.6
43,5,08,43_08,panelist,high,1,1,0,0,3.6,0,0,3.6
43,5,09,43_09,panelist,high,1,1,0,0,3.6,0,0,3.6
43,5,10,43_10,panelist,low,1,0,1,0,3.6,1,0.3,3.9
43,5,11,43_11,panelist,med,1,0,0,0,3.6,0,0,3.6
43,5,12,43_12,panelist,low,1,0,1,0,3.6,1,-0.1,3.5
43,5,13,43_13,panelist,high,1,1,0,0,3.6,0,0,3.6
43,5,14,43_14,panelist,none,1,0,0,1,3.6,0,0,3.6
43,5,15,43_15,panelist,med,1,0,0,0,3.6,0,0,3.6
43,5,16,43_16,panelist,med,1,0,0,0,3.6,0,0,3.6
43,5,17,43_17,panelist,none,1,0,0,1,3.6,0,0,3.6
43,5,18,43_18,panelist,med,1,0,0,0,3.6,1,-0.1,3.5
43,5,19,43_19,panelist,low,1,0,1,0,3.6,0,0,3.6
43,5,20,43_20,panelist,med,1,0,0,0,3.6,0,0,3.6
43,5,21,43_21,panelist,med,1,0,0,0,3.6,1,-0.2,3.5
43,5,22,43_22,panelist,med,1,0,0,0,3.6,0,0,3.6
43,5,23,43_23,reviewer,low,0,0,1,0,3.6,1,0.1,3.7
43,5,24,43_24,panelist,high,1,1,0,0,3.6,0,0,3.6
43,6,01,43_01,panelist,high,1,1,0,0,3.5,0,0,3.5
43,6,02,43_02,panelist,high,1,1,0,0,3.5,1,-0.2,3.5
43,6,03,43_03,panelist,high,1,1,0,0,3.5,0,0,3.5
43,6,04,43_04,panelist,med,1,0,0,0,3.5,1,0.1,3.6
43,6,05,43_05,panelist,none,1,0,0,1,3.5,1,0.1,3.6
43,6,06,43_06,panelist,low,1,0,1,0,3.5,1,-0.1,3.5
43,6,07,43_07,panelist,none,1,0,0,1,3.5,1,-0.1,3.5
43,6,08,43_08,panelist,low,1,0,1,0,3.5,0,0,3.5
43,6,09,43_09,panelist,med,1,0,0,0,3.5,1,0.1,3.6
43,6,10,43_10,panelist,med,1,0,0,0,3.5,0,0,3.5
43,6,11,43_11,panelist,med,1,0,0,0,3.5,0,0,3.5
43,6,12,43_12,panelist,med,1,0,0,0,3.5,0,0,3.5
43,6,13,43_13,reviewer,med,0,0,0,0,3.5,1,-0.1,3.5
43,6,14,43_14,reviewer,none,0,0,0,1,3.5,0,0,3.5
43,6,15,43_15,panelist,med,1,0,0,0,3.5,0,0,3.5
43,6,16,43_16,panelist,med,1,0,0,0,3.5,1,0.2,3.7
43,6,17,43_17,panelist,low,1,0,1,0,3.5,1,-0.3,3.5
43,6,18,43_18,panelist,med,1,0,0,0,3.5,0,0,3.5
43,6,19,43_19,reviewer,high,0,1,0,0,3.5,0,0,3.5
43,6,20,43_20,panelist,none,1,0,0,1,3.5,0,0,3.5
43,6,21,43_21,panelist,low,1,0,1,0,3.5,0,0,3.5
43,6,22,43_22,panelist,high,1,1,0,0,3.5,0,0,3.5
43,6,23,43_23,panelist,med,1,0,0,0,3.5,0,0,3.5
43,6,24,43_24,panelist,high,1,1,0,0,3.5,1,-0.1,3.5
43,7,01,43_01,panelist,med,1,0,0,0,3.8,1,0.2,4
43,7,02,43_02,panelist,high,1,1,0,0,3.8,1,-0.1,3.7
43,7,03,43_03,panelist,med,1,0,0,0,3.8,0,0,3.8
43,7,04,43_04,panelist,med,1,0,0,0,3.8,0,0,3.8
43,7,05,43_05,panelist,none,1,0,0,1,3.8,0,0,3.8
43,7,06,43_06,panelist,high,1,1,0,0,3.8,0,0,3.8
43,7,07,43_07,panelist,low,1,0,1,0,3.8,1,-0.1,3.7
43,7,08,43_08,panelist,none,1,0,0,1,3.8,1,-0.2,3.6
43,7,09,43_09,panelist,high,1,1,0,0,3.8,0,0,3.8
43,7,10,43_10,reviewer,med,0,0,0,0,3.8,0,0,3.8
43,7,11,43_11,panelist,low,1,0,1,0,3.8,0,0,3.8
43,7,12,43_12,panelist,med,1,0,0,0,3.8,0,0,3.8
43,7,13,43_13,panelist,none,1,0,0,1,3.8,0,0,3.8
43,7,14,43_14,panelist,high,1,1,0,0,3.8,0,0,3.8
43,7,15,43_15,panelist,med,1,0,0,0,3.8,0,0,3.8
43,7,16,43_16,panelist,med,1,0,0,0,3.8,0,0,3.8
43,7,17,43_17,reviewer,low,0,0,1,0,3.8,1,-0.1,3.7
43,7,18,43_18,panelist,high,1,1,0,0,3.8,0,0,3.8
43,7,19,43_19,panelist,med,1,0,0,0,3.8,0,0,3.8
43,7,20,43_20,panelist,none,1,0,0,1,3.8,0,0,3.8
43,7,21,43_21,panelist,high,1,1,0,0,3.8,0,0,3.8
43,7,22,43_22,panelist,med,1,0,0,0,3.8,0,0,3.8
43,7,23,43_23,panelist,med,1,0,0,0,3.8,0,0,3.8
43,7,24,43_24,reviewer,low,0,0,1,0,3.8,0,0,3.8
43,8,01,43_01,reviewer,low,0,0,1,0,3.5,0,0,3.5
43,8,02,43_02,panelist,med,1,0,0,0,3.5,1,-0.1,3.5
43,8,03,43_03,reviewer,low,0,0,1,0,3.5,1,0.2,3.7
43,8,04,43_04,panelist,med,1,0,0,0,3.5,0,0,3.5
43,8,05,43_05,panelist,high,1,1,0,0,3.5,0,0,3.5
43,8,06,43_06,panelist,high,1,1,0,0,3.5,1,0.1,3.6
43,8,07,43_07,panelist,med,1,0,0,0,3.5,0,0,3.5
43,8,08,43_08,panelist,med,1,0,0,0,3.5,0,0,3.5
43,8,09,43_09,panelist,low,1,0,1,0,3.5,0,0,3.5
43,8,10,43_10,panelist,med,1,0,0,0,3.5,0,0,3.5
43,8,11,43_11,panelist,none,1,0,0,1,3.5,1,-0.1,3.5
43,8,12,43_12,reviewer,med,0,0,0,0,3.5,0,0,3.5
43,8,13,43_13,panelist,med,1,0,0,0,3.5,0,0,3.5
43,8,14,43_14,panelist,none,1,0,0,1,3.5,0,0,3.5
43,8,15,43_15,panelist,high,1,1,0,0,3.5,0,0,3.5
43,8,16,43_16,panelist,high,1,1,0,0,3.5,0,0,3.5
43,8,17,43_17,panelist,low,1,0,1,0,3.5,1,-0.1,3.5
43,8,18,43_18,panelist,med,1,0,0,0,3.5,1,-0.1,3.5
43,8,19,43_19,panelist,none,1,0,0,1,3.5,0,0,3.5
43,8,20,43_20,panelist,none,1,0,0,1,3.5,1,-0.1,3.5
43,8,21,43_21,panelist,high,1,1,0,0,3.5,0,0,3.5
43,8,22,43_22,panelist,med,1,0,0,0,3.5,1,0.1,3.6
43,8,23,43_23,panelist,high,1,1,0,0,3.5,1,0.1,3.6
43,8,24,43_24,panelist,med,1,0,0,0,3.5,0,0,3.5
43,9,01,43_01,panelist,med,1,0,0,0,4.1,0,0,4.1
43,9,02,43_02,panelist,med,1,0,0,0,4.1,0,0,4.1
43,9,03,43_03,panelist,med,1,0,0,0,4.1,1,0.1,4.2
43,9,04,43_04,panelist,high,1,1,0,0,4.1,0,0,4.1
43,9,05,43_05,panelist,none,1,0,0,1,4.1,1,0.1,4.2
43,9,06,43_06,panelist,med,1,0,0,0,4.1,1,0.1,4.2
43,9,07,43_07,panelist,med,1,0,0,0,4.1,1,0.1,4.2
43,9,08,43_08,reviewer,low,0,0,1,0,4.1,1,0.2,4.3
43,9,09,43_09,panelist,low,1,0,1,0,4.1,0,0,4.1
43,9,10,43_10,panelist,high,1,1,0,0,4.1,1,-0.1,4
43,9,11,43_11,panelist,med,1,0,0,0,4.1,0,0,4.1
43,9,12,43_12,reviewer,med,0,0,0,0,4.1,1,0.1,4.2
43,9,13,43_13,panelist,med,1,0,0,0,4.1,1,-0.1,4
43,9,14,43_14,panelist,none,1,0,0,1,4.1,0,0,4.1
43,9,15,43_15,reviewer,med,0,0,0,0,4.1,1,0.3,4.4
43,9,16,43_16,panelist,low,1,0,1,0,4.1,0,0,4.1
43,9,17,43_17,panelist,none,1,0,0,1,4.1,0,0,4.1
43,9,18,43_18,panelist,high,1,1,0,0,4.1,1,-0.1,4
43,9,19,43_19,panelist,low,1,0,1,0,4.1,0,0,4.1
43,9,20,43_20,panelist,med,1,0,0,0,4.1,0,0,4.1
43,9,21,43_21,panelist,high,1,1,0,0,4.1,1,-0.2,3.9
43,9,22,43_22,panelist,high,1,1,0,0,4.1,0,0,4.1
43,9,23,43_23,panelist,none,1,0,0,1,4.1,0,0,4.1
43,9,24,43_24,panelist,high,1,1,0,0,4.1,1,0.1,4.2
43,10,01,43_01,panelist,med,1,0,0,0,4.5,0,0,4.5
43,10,02,43_02,panelist,med,1,0,0,0,4.5,0,0,4.5
43,10,03,43_03,panelist,high,1,1,0,0,4.5,0,0,4.5
43,10,04,43_04,panelist,high,1,1,0,0,4.5,0,0,4.5
43,10,05,43_05,reviewer,med,0,0,0,0,4.5,1,-0.1,4.4
43,10,06,43_06,panelist,high,1,1,0,0,4.5,0,0,4.5
43,10,07,43_07,panelist,med,1,0,0,0,4.5,0,0,4.5
43,10,08,43_08,panelist,med,1,0,0,0,4.5,0,0,4.5
43,10,09,43_09,panelist,low,1,0,1,0,4.5,0,0,4.5
43,10,10,43_10,panelist,med,1,0,0,0,4.5,1,-0.1,4.4
43,10,11,43_11,panelist,low,1,0,1,0,4.5,0,0,4.5
43,10,12,43_12,panelist,high,1,1,0,0,4.5,0,0,4.5
43,10,13,43_13,panelist,high,1,1,0,0,4.5,1,0.1,4.6
43,10,14,43_14,panelist,low,1,0,1,0,4.5,0,0,4.5
43,10,15,43_15,reviewer,med,0,0,0,0,4.5,0,0,4.5
43,10,16,43_16,panelist,high,1,1,0,0,4.5,0,0,4.5
43,10,17,43_17,panelist,none,1,0,0,1,4.5,0,0,4.5
43,10,18,43_18,panelist,med,1,0,0,0,4.5,0,0,4.5
43,10,19,43_19,panelist,none,1,0,0,1,4.5,1,0.2,4.7
43,10,20,43_20,panelist,low,1,0,1,0,4.5,0,0,4.5
43,10,21,43_21,panelist,med,1,0,0,0,4.5,0,0,4.5
43,10,22,43_22,panelist,none,1,0,0,1,4.5,0,0,4.5
43,10,23,43_23,panelist,none,1,0,0,1,4.5,0,0,4.5
43,10,24,43_24,reviewer,med,0,0,0,0,4.5,1,-0.2,4.3
43,11,01,43_01,panelist,med,1,0,0,0,4.1,0,0,4.1
43,11,02,43_02,panelist,high,1,1,0,0,4.1,0,0,4.1
43,11,03,43_03,reviewer,none,0,0,0,1,4.1,0,0,4.1
43,11,04,43_04,panelist,med,1,0,0,0,4.1,0,0,4.1
43,11,05,43_05,panelist,low,1,0,1,0,4.1,0,0,4.1
43,11,06,43_06,panelist,none,1,0,0,1,4.1,0,0,4.1
43,11,07,43_07,panelist,med,1,0,0,0,4.1,0,0,4.1
43,11,08,43_08,reviewer,high,0,1,0,0,4.1,0,0,4.1
43,11,09,43_09,panelist,none,1,0,0,1,4.1,0,0,4.1
43,11,10,43_10,panelist,none,1,0,0,1,4.1,1,0.2,4.3
43,11,11,43_11,panelist,med,1,0,0,0,4.1,0,0,4.1
43,11,12,43_12,reviewer,high,0,1,0,0,4.1,0,0,4.1
43,11,13,43_13,panelist,med,1,0,0,0,4.1,1,0.2,4.3
43,11,14,43_14,panelist,low,1,0,1,0,4.1,0,0,4.1
43,11,15,43_15,panelist,med,1,0,0,0,4.1,0,0,4.1
43,11,16,43_16,panelist,high,1,1,0,0,4.1,0,0,4.1
43,11,17,43_17,panelist,med,1,0,0,0,4.1,0,0,4.1
43,11,18,43_18,panelist,med,1,0,0,0,4.1,0,0,4.1
43,11,19,43_19,panelist,low,1,0,1,0,4.1,0,0,4.1
43,11,20,43_20,panelist,low,1,0,1,0,4.1,1,0.1,4.2
43,11,21,43_21,panelist,med,1,0,0,0,4.1,0,0,4.1
43,11,22,43_22,panelist,high,1,1,0,0,4.1,0,0,4.1
43,11,23,43_23,panelist,high,1,1,0,0,4.1,1,0.3,4.4
43,11,24,43_24,panelist,med,1,0,0,0,4.1,0,0,4.1
43,12,01,43_01,panelist,none,1,0,0,1,4.7,0,0,4.7
43,12,02,43_02,panelist,low,1,0,1,0,4.7,0,0,4.7
43,12,03,43_03,panelist,med,1,0,0,0,4.7,1,0.1,4.8
43,12,04,43_04,panelist,med,1,0,0,0,4.7,1,0.2,4.9
43,12,05,43_05,panelist,high,1,1,0,0,4.7,0,0,4.7
43,12,06,43_06,reviewer,high,0,1,0,0,4.7,0,0,4.7
43,12,07,43_07,panelist,none,1,0,0,1,4.7,1,-0.2,4.5
43,12,08,43_08,panelist,low,1,0,1,0,4.7,1,0.3,4.9
43,12,09,43_09,panelist,high,1,1,0,0,4.7,0,0,4.7
43,12,10,43_10,panelist,med,1,0,0,0,4.7,1,-0.1,4.6
43,12,11,43_11,panelist,med,1,0,0,0,4.7,1,-0.1,4.6
43,12,12,43_12,panelist,low,1,0,1,0,4.7,0,0,4.7
43,12,13,43_13,panelist,none,1,0,0,1,4.7,1,0.3,4.9
43,12,14,43_14,reviewer,high,0,1,0,0,4.7,0,0,4.7
43,12,15,43_15,panelist,high,1,1,0,0,4.7,0,0,4.7
43,12,16,43_16,panelist,med,1,0,0,0,4.7,0,0,4.7
43,12,17,43_17,panelist,med,1,0,0,0,4.7,0,0,4.7
43,12,18,43_18,panelist,med,1,0,0,0,4.7,0,0,4.7
43,12,19,43_19,panelist,med,1,0,0,0,4.7,0,0,4.7
43,12,20,43_20,reviewer,med,0,0,0,0,4.7,0,0,4.7
43,12,21,43_21,panelist,none,1,0,0,1,4.7,1,0.2,4.9
43,12,22,43_22,panelist,low,1,0,1,0,4.7,0,0,4.7
43,12,23,43_23,panelist,high,1,1,0,0,4.7,0,0,4.7
43,12,24,43_24,panelist,med,1,0,0,0,4.7,0,0,4.7
43,13,01,43_01,panelist,low,1,0,1,0,4.5,1,0.1,4.6
43,13,02,43_02,panelist,low,1,0,1,0,4.5,0,0,4.5
43,13,03,43_03,panelist,med,1,0,0,0,4.5,0,0,4.5
43,13,04,43_04,panelist,high,1,1,0,0,4.5,0,0,4.5
43,13,05,43_05,panelist,none,1,0,0,1,4.5,1,0.2,4.7
43,13,06,43_06,panelist,high,1,1,0,0,4.5,0,0,4.5
43,13,07,43_07,reviewer,low,0,0,1,0,4.5,0,0,4.5
43,13,08,43_08,panelist,high,1,1,0,0,4.5,0,0,4.5
43,13,09,43_09,panelist,med,1,0,0,0,4.5,1,0.1,4.6
43,13,10,43_10,panelist,med,1,0,0,0,4.5,0,0,4.5
43,13,11,43_11,panelist,none,1,0,0,1,4.5,1,0.1,4.6
43,13,12,43_12,panelist,med,1,0,0,0,4.5,1,-0.2,4.3
43,13,13,43_13,panelist,med,1,0,0,0,4.5,0,0,4.5
43,13,14,43_14,panelist,high,1,1,0,0,4.5,1,-0.3,4.2
43,13,15,43_15,panelist,med,1,0,0,0,4.5,1,-0.1,4.4
43,13,16,43_16,panelist,med,1,0,0,0,4.5,1,0.3,4.8
43,13,17,43_17,panelist,none,1,0,0,1,4.5,1,-0.3,4.2
43,13,18,43_18,reviewer,low,0,0,1,0,4.5,1,0.1,4.6
43,13,19,43_19,panelist,high,1,1,0,0,4.5,1,-0.1,4.4
43,13,20,43_20,reviewer,med,0,0,0,0,4.5,0,0,4.5
43,13,21,43_21,panelist,high,1,1,0,0,4.5,1,-0.3,4.2
43,13,22,43_22,panelist,med,1,0,0,0,4.5,0,0,4.5
43,13,23,43_23,panelist,med,1,0,0,0,4.5,0,0,4.5
43,13,24,43_24,panelist,none,1,0,0,1,4.5,1,-0.1,4.4
43,14,01,43_01,panelist,low,1,0,1,0,3.5,0,0,3.5
43,14,02,43_02,panelist,low,1,0,1,0,3.5,0,0,3.5
43,14,03,43_03,panelist,med,1,0,0,0,3.5,0,0,3.5
43,14,04,43_04,panelist,low,1,0,1,0,3.5,1,-0.2,3.5
43,14,05,43_05,panelist,med,1,0,0,0,3.5,1,-0.2,3.5
43,14,06,43_06,panelist,high,1,1,0,0,3.5,0,0,3.5
43,14,07,43_07,panelist,none,1,0,0,1,3.5,0,0,3.5
43,14,08,43_08,panelist,med,1,0,0,0,3.5,1,0.2,3.7
43,14,09,43_09,panelist,high,1,1,0,0,3.5,0,0,3.5
43,14,10,43_10,panelist,med,1,0,0,0,3.5,0,0,3.5
43,14,11,43_11,reviewer,high,0,1,0,0,3.5,0,0,3.5
43,14,12,43_12,panelist,med,1,0,0,0,3.5,0,0,3.5
43,14,13,43_13,panelist,med,1,0,0,0,3.5,1,-0.1,3.5
43,14,14,43_14,panelist,med,1,0,0,0,3.5,0,0,3.5
43,14,15,43_15,panelist,high,1,1,0,0,3.5,0,0,3.5
43,14,16,43_16,panelist,med,1,0,0,0,3.5,0,0,3.5
43,14,17,43_17,panelist,none,1,0,0,1,3.5,1,0.4,3.9
43,14,18,43_18,panelist,med,1,0,0,0,3.5,1,0.1,3.6
43,14,19,43_19,panelist,high,1,1,0,0,3.5,0,0,3.5
43,14,20,43_20,panelist,high,1,1,0,0,3.5,1,-0.2,3.5
43,14,21,43_21,reviewer,none,0,0,0,1,3.5,0,0,3.5
43,14,22,43_22,reviewer,none,0,0,0,1,3.5,1,-0.2,3.5
43,14,23,43_23,panelist,med,1,0,0,0,3.5,1,0.1,3.6
43,14,24,43_24,panelist,low,1,0,1,0,3.5,0,0,3.5
43,15,01,43_01,panelist,med,1,0,0,0,4.2,1,-0.2,4
43,15,02,43_02,panelist,high,1,1,0,0,4.2,1,-0.2,4
43,15,03,43_03,panelist,low,1,0,1,0,4.2,1,0.1,4.3
43,15,04,43_04,panelist,med,1,0,0,0,4.2,0,0,4.2
43,15,05,43_05,panelist,low,1,0,1,0,4.2,0,0,4.2
43,15,06,43_06,panelist,high,1,1,0,0,4.2,0,0,4.2
43,15,07,43_07,panelist,high,1,1,0,0,4.2,0,0,4.2
43,15,08,43_08,panelist,none,1,0,0,1,4.2,1,0.2,4.4
43,15,09,43_09,panelist,med,1,0,0,0,4.2,1,-0.2,4
43,15,10,43_10,panelist,none,1,0,0,1,4.2,0,0,4.2
43,15,11,43_11,panelist,med,1,0,0,0,4.2,0,0,4.2
43,15,12,43_12,panelist,low,1,0,1,0,4.2,1,-0.2,4
43,15,13,43_13,panelist,med,1,0,0,0,4.2,0,0,4.2
43,15,14,43_14,reviewer,high,0,1,0,0,4.2,0,0,4.2
43,15,15,43_15,panelist,high,1,1,0,0,4.2,0,0,4.2
43,15,16,43_16,panelist,med,1,0,0,0,4.2,1,0.3,4.5
43,15,17,43_17,panelist,low,1,0,1,0,4.2,0,0,4.2
43,15,18,43_18,panelist,high,1,1,0,0,4.2,0,0,4.2
43,15,19,43_19,reviewer,med,0,0,0,0,4.2,0,0,4.2
43,15,20,43_20,reviewer,med,0,0,0,0,4.2,0,0,4.2
43,15,21,43_21,panelist,med,1,0,0,0,4.2,0,0,4.2
43,15,22,43_22,panelist,none,1,0,0,1,4.2,0,0,4.2
43,15,23,43_23,panelist,med,1,0,0,0,4.2,0,0,4.2
43,15,24,43_24,panelist,none,1,0,0,1,4.2,1,0.2,4.4
44,1,01,44_01,panelist,none,1,0,0,1,3.6,1,-0.3,3.5
44,1,02,44_02,panelist,med,1,0,0,0,3.6,0,0,3.6
44,1,03,44_03,panelist,high,1,1,0,0,3.6,1,-0.1,3.5
44,1,04,44_04,panelist,low,1,0,1,0,3.6,0,0,3.6
44,1,05,44_05,panelist,low,1,0,1,0,3.6,1,-0.1,3.5
44,1,06,44_06,panelist,high,1,1,0,0,3.6,0,0,3.6
44,1,07,44_07,panelist,high,1,1,0,0,3.6,1,-0.1,3.5
44,1,08,44_08,reviewer,low,0,0,1,0,3.6,0,0,3.6
44,1,09,44_09,panelist,med,1,0,0,0,3.6,1,-0.2,3.5
44,1,10,44_10,panelist,med,1,0,0,0,3.6,1,-0.2,3.5
44,1,11,44_11,panelist,low,1,0,1,0,3.6,0,0,3.6
44,1,12,44_12,panelist,none,1,0,0,1,3.6,0,0,3.6
44,1,13,44_13,panelist,med,1,0,0,0,3.6,0,0,3.6
44,1,14,44_14,panelist,high,1,1,0,0,3.6,1,0.2,3.8
44,1,15,44_15,panelist,med,1,0,0,0,3.6,1,0.2,3.8
44,1,16,44_16,panelist,high,1,1,0,0,3.6,0,0,3.6
44,1,17,44_17,panelist,none,1,0,0,1,3.6,0,0,3.6
44,1,18,44_18,reviewer,none,0,0,0,1,3.6,0,0,3.6
44,1,19,44_19,panelist,med,1,0,0,0,3.6,0,0,3.6
44,1,20,44_20,panelist,med,1,0,0,0,3.6,0,0,3.6
44,1,21,44_21,panelist,med,1,0,0,0,3.6,1,-0.2,3.5
44,1,22,44_22,panelist,med,1,0,0,0,3.6,0,0,3.6
44,1,23,44_23,reviewer,high,0,1,0,0,3.6,0,0,3.6
44,1,24,44_24,panelist,med,1,0,0,0,3.6,0,0,3.6
44,2,01,44_01,panelist,low,1,0,1,0,4.2,1,0.1,4.3
44,2,02,44_02,panelist,med,1,0,0,0,4.2,0,0,4.2
44,2,03,44_03,panelist,med,1,0,0,0,4.2,1,-0.1,4.1
44,2,04,44_04,panelist,none,1,0,0,1,4.2,0,0,4.2
44,2,05,44_05,panelist,low,1,0,1,0,4.2,0,0,4.2
44,2,06,44_06,panelist,high,1,1,0,0,4.2,0,0,4.2
44,2,07,44_07,panelist,high,1,1,0,0,4.2,0,0,4.2
44,2,08,44_08,panelist,med,1,0,0,0,4.2,0,0,4.2
44,2,09,44_09,panelist,high,1,1,0,0,4.2,0,0,4.2
44,2,10,44_10,panelist,med,1,0,0,0,4.2,0,0,4.2
44,2,11,44_11,panelist,high,1,1,0,0,4.2,0,0,4.2
44,2,12,44_12,panelist,high,1,1,0,0,4.2,0,0,4.2
44,2,13,44_13,reviewer,med,0,0,0,0,4.2,0,0,4.2
44,2,14,44_14,panelist,low,1,0,1,0,4.2,0,0,4.2
44,2,15,44_15,panelist,med,1,0,0,0,4.2,1,-0.1,4.1
44,2,16,44_16,reviewer,med,0,0,0,0,4.2,1,0.3,4.5
44,2,17,44_17,panelist,high,1,1,0,0,4.2,0,0,4.2
44,2,18,44_18,panelist,none,1,0,0,1,4.2,1,0.1,4.3
44,2,19,44_19,panelist,med,1,0,0,0,4.2,0,0,4.2
44,2,20,44_20,panelist,low,1,0,1,0,4.2,0,0,4.2
44,2,21,44_21,reviewer,med,0,0,0,0,4.2,1,-0.1,4.1
44,2,22,44_22,panelist,none,1,0,0,1,4.2,1,0.2,4.4
44,2,23,44_23,panelist,med,1,0,0,0,4.2,0,0,4.2
44,2,24,44_24,panelist,none,1,0,0,1,4.2,1,-0.2,4
44,3,01,44_01,panelist,med,1,0,0,0,4.1,1,0.2,4.3
44,3,02,44_02,panelist,med,1,0,0,0,4.1,0,0,4.1
44,3,03,44_03,reviewer,high,0,1,0,0,4.1,0,0,4.1
44,3,04,44_04,panelist,med,1,0,0,0,4.1,1,0.2,4.3
44,3,05,44_05,panelist,low,1,0,1,0,4.1,1,0.1,4.2
44,3,06,44_06,panelist,med,1,0,0,0,4.1,0,0,4.1
44,3,07,44_07,reviewer,med,0,0,0,0,4.1,0,0,4.1
44,3,08,44_08,panelist,med,1,0,0,0,4.1,0,0,4.1
44,3,09,44_09,panelist,high,1,1,0,0,4.1,1,-0.1,4
44,3,10,44_10,panelist,high,1,1,0,0,4.1,0,0,4.1
44,3,11,44_11,panelist,high,1,1,0,0,4.1,0,0,4.1
44,3,12,44_12,panelist,med,1,0,0,0,4.1,1,-0.1,4
44,3,13,44_13,panelist,low,1,0,1,0,4.1,1,-0.2,3.9
44,3,14,44_14,panelist,none,1,0,0,1,4.1,1,0.2,4.3
44,3,15,44_15,reviewer,high,0,1,0,0,4.1,0,0,4.1
44,3,16,44_16,panelist,low,1,0,1,0,4.1,1,0.1,4.2
44,3,17,44_17,panelist,high,1,1,0,0,4.1,0,0,4.1
44,3,18,44_18,panelist,low,1,0,1,0,4.1,0,0,4.1
44,3,19,44_19,panelist,none,1,0,0,1,4.1,1,0.1,4.2
44,3,20,44_20,panelist,med,1,0,0,0,4.1,0,0,4.1
44,3,21,44_21,panelist,none,1,0,0,1,4.1,1,0.2,4.3
44,3,22,44_22,panelist,med,1,0,0,0,4.1,1,0.1,4.2
44,3,23,44_23,panelist,none,1,0,0,1,4.1,1,-0.2,3.9
44,3,24,44_24,panelist,med,1,0,0,0,4.1,0,0,4.1
44,4,01,44_01,panelist,none,1,0,0,1,3.8,1,0.1,3.9
44,4,02,44_02,panelist,high,1,1,0,0,3.8,1,-0.2,3.6
44,4,03,44_03,panelist,med,1,0,0,0,3.8,0,0,3.8
44,4,04,44_04,panelist,none,1,0,0,1,3.8,1,-0.2,3.6
44,4,05,44_05,panelist,high,1,1,0,0,3.8,0,0,3.8
44,4,06,44_06,reviewer,med,0,0,0,0,3.8,1,0.1,3.9
44,4,07,44_07,panelist,none,1,0,0,1,3.8,0,0,3.8
44,4,08,44_08,panelist,med,1,0,0,0,3.8,1,0.3,4.1
44,4,09,44_09,panelist,none,1,0,0,1,3.8,0,0,3.8
44,4,10,44_10,panelist,low,1,0,1,0,3.8,0,0,3.8
44,4,11,44_11,panelist,low,1,0,1,0,3.8,1,0.1,3.9
44,4,12,44_12,panelist,high,1,1,0,0,3.8,0,0,3.8
44,4,13,44_13,panelist,high,1,1,0,0,3.8,0,0,3.8
44,4,14,44_14,reviewer,high,0,1,0,0,3.8,1,0.1,3.9
44,4,15,44_15,panelist,low,1,0,1,0,3.8,0,0,3.8
44,4,16,44_16,panelist,med,1,0,0,0,3.8,0,0,3.8
44,4,17,44_17,panelist,high,1,1,0,0,3.8,0,0,3.8
44,4,18,44_18,panelist,med,1,0,0,0,3.8,1,0.2,4
44,4,19,44_19,panelist,med,1,0,0,0,3.8,1,0.1,3.9
44,4,20,44_20,reviewer,med,0,0,0,0,3.8,0,0,3.8
44,4,21,44_21,panelist,med,1,0,0,0,3.8,1,0.2,4
44,4,22,44_22,panelist,med,1,0,0,0,3.8,0,0,3.8
44,4,23,44_23,panelist,low,1,0,1,0,3.8,0,0,3.8
44,4,24,44_24,panelist,med,1,0,0,0,3.8,0,0,3.8
44,5,01,44_01,panelist,med,1,0,0,0,3.7,1,0.1,3.8
44,5,02,44_02,reviewer,high,0,1,0,0,3.7,1,-0.1,3.6
44,5,03,44_03,panelist,low,1,0,1,0,3.7,0,0,3.7
44,5,04,44_04,panelist,none,1,0,0,1,3.7,0,0,3.7
44,5,05,44_05,panelist,none,1,0,0,1,3.7,1,0.1,3.8
44,5,06,44_06,panelist,high,1,1,0,0,3.7,0,0,3.7
44,5,07,44_07,panelist,none,1,0,0,1,3.7,1,-0.1,3.6
44,5,08,44_08,panelist,high,1,1,0,0,3.7,0,0,3.7
44,5,09,44_09,panelist,med,1,0,0,0,3.7,1,-0.1,3.6
44,5,10,44_10,panelist,med,1,0,0,0,3.7,0,0,3.7
44,5,11,44_11,panelist,med,1,0,0,0,3.7,1,0.1,3.8
44,5,12,44_12,panelist,none,1,0,0,1,3.7,0,0,3.7
44,5,13,44_13,panelist,high,1,1,0,0,3.7,0,0,3.7
44,5,14,44_14,panelist,low,1,0,1,0,3.7,1,0.2,3.9
44,5,15,44_15,panelist,med,1,0,0,0,3.7,1,0.1,3.8
44,5,16,44_16,panelist,med,1,0,0,0,3.7,1,-0.4,3.5
44,5,17,44_17,reviewer,high,0,1,0,0,3.7,1,-0.1,3.6
44,5,18,44_18,panelist,low,1,0,1,0,3.7,0,0,3.7
44,5,19,44_19,panelist,med,1,0,0,0,3.7,0,0,3.7
44,5,20,44_20,reviewer,high,0,1,0,0,3.7,0,0,3.7
44,5,21,44_21,panelist,med,1,0,0,0,3.7,0,0,3.7
44,5,22,44_22,panelist,low,1,0,1,0,3.7,1,0.3,4
44,5,23,44_23,panelist,med,1,0,0,0,3.7,1,0.3,4
44,5,24,44_24,panelist,med,1,0,0,0,3.7,0,0,3.7
44,6,01,44_01,panelist,med,1,0,0,0,3.5,1,-0.1,3.5
44,6,02,44_02,panelist,med,1,0,0,0,3.5,1,0.1,3.6
44,6,03,44_03,panelist,high,1,1,0,0,3.5,0,0,3.5
44,6,04,44_04,panelist,high,1,1,0,0,3.5,0,0,3.5
44,6,05,44_05,panelist,low,1,0,1,0,3.5,0,0,3.5
44,6,06,44_06,panelist,high,1,1,0,0,3.5,1,0.1,3.6
44,6,07,44_07,panelist,med,1,0,0,0,3.5,1,-0.1,3.5
44,6,08,44_08,panelist,low,1,0,1,0,3.5,0,0,3.5
44,6,09,44_09,panelist,none,1,0,0,1,3.5,0,0,3.5
44,6,10,44_10,panelist,high,1,1,0,0,3.5,1,0.1,3.6
44,6,11,44_11,reviewer,low,0,0,1,0,3.5,0,0,3.5
44,6,12,44_12,panelist,low,1,0,1,0,3.5,0,0,3.5
44,6,13,44_13,panelist,none,1,0,0,1,3.5,1,0.1,3.6
44,6,14,44_14,panelist,none,1,0,0,1,3.5,0,0,3.5
44,6,15,44_15,panelist,med,1,0,0,0,3.5,0,0,3.5
44,6,16,44_16,panelist,med,1,0,0,0,3.5,0,0,3.5
44,6,17,44_17,panelist,med,1,0,0,0,3.5,0,0,3.5
44,6,18,44_18,panelist,high,1,1,0,0,3.5,0,0,3.5
44,6,19,44_19,reviewer,med,0,0,0,0,3.5,1,0.2,3.7
44,6,20,44_20,reviewer,med,0,0,0,0,3.5,1,0.4,3.9
44,6,21,44_21,panelist,none,1,0,0,1,3.5,0,0,3.5
44,6,22,44_22,panelist,med,1,0,0,0,3.5,0,0,3.5
44,6,23,44_23,panelist,med,1,0,0,0,3.5,0,0,3.5
44,6,24,44_24,panelist,high,1,1,0,0,3.5,0,0,3.5
44,7,01,44_01,panelist,high,1,1,0,0,3.9,1,0.2,4.1
44,7,02,44_02,reviewer,none,0,0,0,1,3.9,1,-0.3,3.6
44,7,03,44_03,panelist,high,1,1,0,0,3.9,0,0,3.9
44,7,04,44_04,panelist,low,1,0,1,0,3.9,0,0,3.9
44,7,05,44_05,panelist,med,1,0,0,0,3.9,1,-0.1,3.8
44,7,06,44_06,reviewer,high,0,1,0,0,3.9,0,0,3.9
44,7,07,44_07,panelist,med,1,0,0,0,3.9,1,-0.4,3.5
44,7,08,44_08,panelist,med,1,0,0,0,3.9,0,0,3.9
44,7,09,44_09,panelist,high,1,1,0,0,3.9,0,0,3.9
44,7,10,44_10,panelist,med,1,0,0,0,3.9,0,0,3.9
44,7,11,44_11,panelist,low,1,0,1,0,3.9,1,-0.1,3.8
44,7,12,44_12,panelist,high,1,1,0,0,3.9,0,0,3.9
44,7,13,44_13,panelist,low,1,0,1,0,3.9,0,0,3.9
44,7,14,44_14,panelist,med,1,0,0,0,3.9,0,0,3.9
44,7,15,44_15,panelist,med,1,0,0,0,3.9,1,0.2,4.1
44,7,16,44_16,panelist,low,1,0,1,0,3.9,1,0.3,4.2
44,7,17,44_17,panelist,med,1,0,0,0,3.9,1,0.2,4.1
44,7,18,44_18,panelist,none,1,0,0,1,3.9,1,0.1,4
44,7,19,44_19,panelist,none,1,0,0,1,3.9,0,0,3.9
44,7,20,44_20,panelist,med,1,0,0,0,3.9,1,0.1,4
44,7,21,44_21,reviewer,med,0,0,0,0,3.9,0,0,3.9
44,7,22,44_22,panelist,med,1,0,0,0,3.9,0,0,3.9
44,7,23,44_23,panelist,high,1,1,0,0,3.9,0,0,3.9
44,7,24,44_24,panelist,none,1,0,0,1,3.9,1,-0.2,3.7
44,8,01,44_01,panelist,low,1,0,1,0,3.5,1,0.3,3.8
44,8,02,44_02,panelist,high,1,1,0,0,3.5,0,0,3.5
44,8,03,44_03,panelist,med,1,0,0,0,3.5,1,0.1,3.6
44,8,04,44_04,panelist,low,1,0,1,0,3.5,0,0,3.5
44,8,05,44_05,panelist,high,1,1,0,0,3.5,1,0.2,3.7
44,8,06,44_06,panelist,high,1,1,0,0,3.5,1,-0.1,3.5
44,8,07,44_07,panelist,med,1,0,0,0,3.5,1,-0.1,3.5
44,8,08,44_08,panelist,med,1,0,0,0,3.5,0,0,3.5
44,8,09,44_09,panelist,med,1,0,0,0,3.5,0,0,3.5
44,8,10,44_10,panelist,high,1,1,0,0,3.5,0,0,3.5
44,8,11,44_11,panelist,low,1,0,1,0,3.5,1,-0.2,3.5
44,8,12,44_12,reviewer,med,0,0,0,0,3.5,0,0,3.5
44,8,13,44_13,panelist,none,1,0,0,1,3.5,0,0,3.5
44,8,14,44_14,reviewer,none,0,0,0,1,3.5,1,0.4,3.9
44,8,15,44_15,panelist,high,1,1,0,0,3.5,0,0,3.5
44,8,16,44_16,panelist,none,1,0,0,1,3.5,1,-0.2,3.5
44,8,17,44_17,panelist,med,1,0,0,0,3.5,1,-0.3,3.5
44,8,18,44_18,reviewer,none,0,0,0,1,3.5,0,0,3.5
44,8,19,44_19,panelist,med,1,0,0,0,3.5,1,-0.1,3.5
44,8,20,44_20,panelist,high,1,1,0,0,3.5,0,0,3.5
44,8,21,44_21,panelist,med,1,0,0,0,3.5,0,0,3.5
44,8,22,44_22,panelist,med,1,0,0,0,3.5,0,0,3.5
44,8,23,44_23,panelist,med,1,0,0,0,3.5,1,0.1,3.6
44,8,24,44_24,panelist,low,1,0,1,0,3.5,0,0,3.5
44,9,01,44_01,panelist,med,1,0,0,0,4.2,0,0,4.2
44,9,02,44_02,reviewer,high,0,1,0,0,4.2,0,0,4.2
44,9,03,44_03,panelist,med,1,0,0,0,4.2,0,0,4.2
44,9,04,44_04,panelist,none,1,0,0,1,4.2,0,0,4.2
44,9,05,44_05,panelist,high,1,1,0,0,4.2,0,0,4.2
44,9,06,44_06,panelist,med,1,0,0,0,4.2,0,0,4.2
44,9,07,44_07,panelist,low,1,0,1,0,4.2,0,0,4.2
44,9,08,44_08,panelist,med,1,0,0,0,4.2,0,0,4.2
44,9,09,44_09,reviewer,med,0,0,0,0,4.2,0,0,4.2
44,9,10,44_10,panelist,low,1,0,1,0,4.2,1,-0.1,4.1
44,9,11,44_11,panelist,none,1,0,0,1,4.2,1,-0.1,4.1
44,9,12,44_12,panelist,high,1,1,0,0,4.2,0,0,4.2
44,9,13,44_13,panelist,med,1,0,0,0,4.2,0,0,4.2
44,9,14,44_14,panelist,high,1,1,0,0,4.2,1,-0.1,4.1
44,9,15,44_15,panelist,low,1,0,1,0,4.2,1,-0.1,4.1
44,9,16,44_16,panelist,med,1,0,0,0,4.2,0,0,4.2
44,9,17,44_17,panelist,high,1,1,0,0,4.2,1,0.1,4.3
44,9,18,44_18,panelist,high,1,1,0,0,4.2,0,0,4.2
44,9,19,44_19,panelist,med,1,0,0,0,4.2,0,0,4.2
44,9,20,44_20,panelist,none,1,0,0,1,4.2,0,0,4.2
44,9,21,44_21,panelist,none,1,0,0,1,4.2,1,0.1,4.3
44,9,22,44_22,reviewer,med,0,0,0,0,4.2,0,0,4.2
44,9,23,44_23,panelist,med,1,0,0,0,4.2,1,-0.3,3.9
44,9,24,44_24,panelist,low,1,0,1,0,4.2,1,-0.1,4.1
44,10,01,44_01,reviewer,none,0,0,0,1,4.5,0,0,4.5
44,10,02,44_02,panelist,med,1,0,0,0,4.5,1,-0.2,4.3
44,10,03,44_03,panelist,low,1,0,1,0,4.5,0,0,4.5
44,10,04,44_04,panelist,high,1,1,0,0,4.5,1,0.1,4.6
44,10,05,44_05,panelist,low,1,0,1,0,4.5,0,0,4.5
44,10,06,44_06,panelist,med,1,0,0,0,4.5,0,0,4.5
44,10,07,44_07,panelist,med,1,0,0,0,4.5,1,0.1,4.6
44,10,08,44_08,panelist,high,1,1,0,0,4.5,0,0,4.5
44,10,09,44_09,panelist,none,1,0,0,1,4.5,0,0,4.5
44,10,10,44_10,reviewer,high,0,1,0,0,4.5,0,0,4.5
44,10,11,44_11,reviewer,med,0,0,0,0,4.5,1,0.1,4.6
44,10,12,44_12,panelist,high,1,1,0,0,4.5,1,-0.1,4.4
44,10,13,44_13,panelist,none,1,0,0,1,4.5,1,-0.2,4.3
44,10,14,44_14,panelist,med,1,0,0,0,4.5,0,0,4.5
44,10,15,44_15,panelist,high,1,1,0,0,4.5,0,0,4.5
44,10,16,44_16,panelist,high,1,1,0,0,4.5,0,0,4.5
44,10,17,44_17,panelist,med,1,0,0,0,4.5,1,0.1,4.6
44,10,18,44_18,panelist,med,1,0,0,0,4.5,1,-0.1,4.4
44,10,19,44_19,panelist,low,1,0,1,0,4.5,1,-0.2,4.3
44,10,20,44_20,panelist,med,1,0,0,0,4.5,1,0.1,4.6
44,10,21,44_21,panelist,low,1,0,1,0,4.5,0,0,4.5
44,10,22,44_22,panelist,none,1,0,0,1,4.5,1,0.1,4.6
44,10,23,44_23,panelist,med,1,0,0,0,4.5,1,-0.2,4.3
44,10,24,44_24,panelist,med,1,0,0,0,4.5,0,0,4.5
44,11,01,44_01,panelist,high,1,1,0,0,4.2,0,0,4.2
44,11,02,44_02,panelist,med,1,0,0,0,4.2,0,0,4.2
44,11,03,44_03,panelist,none,1,0,0,1,4.2,1,0.2,4.4
44,11,04,44_04,reviewer,med,0,0,0,0,4.2,1,-0.1,4.1
44,11,05,44_05,panelist,med,1,0,0,0,4.2,0,0,4.2
44,11,06,44_06,panelist,none,1,0,0,1,4.2,0,0,4.2
44,11,07,44_07,panelist,high,1,1,0,0,4.2,1,0.1,4.3
44,11,08,44_08,panelist,med,1,0,0,0,4.2,0,0,4.2
44,11,09,44_09,panelist,high,1,1,0,0,4.2,1,-0.3,3.9
44,11,10,44_10,panelist,high,1,1,0,0,4.2,0,0,4.2
44,11,11,44_11,panelist,med,1,0,0,0,4.2,1,-0.1,4.1
44,11,12,44_12,panelist,low,1,0,1,0,4.2,1,-0.3,3.9
44,11,13,44_13,reviewer,none,0,0,0,1,4.2,0,0,4.2
44,11,14,44_14,reviewer,med,0,0,0,0,4.2,1,0.1,4.3
44,11,15,44_15,panelist,none,1,0,0,1,4.2,0,0,4.2
44,11,16,44_16,panelist,high,1,1,0,0,4.2,0,0,4.2
44,11,17,44_17,panelist,med,1,0,0,0,4.2,0,0,4.2
44,11,18,44_18,panelist,high,1,1,0,0,4.2,1,-0.2,4
44,11,19,44_19,panelist,low,1,0,1,0,4.2,0,0,4.2
44,11,20,44_20,panelist,low,1,0,1,0,4.2,0,0,4.2
44,11,21,44_21,panelist,med,1,0,0,0,4.2,1,-0.2,4
44,11,22,44_22,panelist,med,1,0,0,0,4.2,1,-0.1,4.1
44,11,23,44_23,panelist,med,1,0,0,0,4.2,0,0,4.2
44,11,24,44_24,panelist,low,1,0,1,0,4.2,0,0,4.2
44,12,01,44_01,panelist,low,1,0,1,0,4.8,1,-0.1,4.7
44,12,02,44_02,panelist,high,1,1,0,0,4.8,0,0,4.8
44,12,03,44_03,panelist,med,1,0,0,0,4.8,0,0,4.8
44,12,04,44_04,panelist,low,1,0,1,0,4.8,1,-0.2,4.6
44,12,05,44_05,panelist,med,1,0,0,0,4.8,1,0.1,4.9
44,12,06,44_06,panelist,high,1,1,0,0,4.8,1,-0.1,4.7
44,12,07,44_07,panelist,high,1,1,0,0,4.8,0,0,4.8
44,12,08,44_08,reviewer,med,0,0,0,0,4.8,0,0,4.8
44,12,09,44_09,panelist,high,1,1,0,0,4.8,0,0,4.8
44,12,10,44_10,panelist,high,1,1,0,0,4.8,0,0,4.8
44,12,11,44_11,panelist,med,1,0,0,0,4.8,1,-0.1,4.7
44,12,12,44_12,reviewer,low,0,0,1,0,4.8,0,0,4.8
44,12,13,44_13,panelist,none,1,0,0,1,4.8,0,0,4.8
44,12,14,44_14,panelist,med,1,0,0,0,4.8,0,0,4.8
44,12,15,44_15,panelist,med,1,0,0,0,4.8,0,0,4.8
44,12,16,44_16,panelist,none,1,0,0,1,4.8,0,0,4.8
44,12,17,44_17,panelist,med,1,0,0,0,4.8,1,0.1,4.9
44,12,18,44_18,panelist,high,1,1,0,0,4.8,0,0,4.8
44,12,19,44_19,panelist,med,1,0,0,0,4.8,0,0,4.8
44,12,20,44_20,panelist,low,1,0,1,0,4.8,0,0,4.8
44,12,21,44_21,panelist,med,1,0,0,0,4.8,0,0,4.8
44,12,22,44_22,panelist,none,1,0,0,1,4.8,1,-0.1,4.7
44,12,23,44_23,panelist,none,1,0,0,1,4.8,0,0,4.8
44,12,24,44_24,reviewer,med,0,0,0,0,4.8,0,0,4.8
44,13,01,44_01,panelist,high,1,1,0,0,4.6,0,0,4.6
44,13,02,44_02,panelist,med,1,0,0,0,4.6,1,-0.2,4.4
44,13,03,44_03,panelist,high,1,1,0,0,4.6,0,0,4.6
44,13,04,44_04,panelist,med,1,0,0,0,4.6,0,0,4.6
44,13,05,44_05,panelist,med,1,0,0,0,4.6,0,0,4.6
44,13,06,44_06,panelist,low,1,0,1,0,4.6,0,0,4.6
44,13,07,44_07,panelist,high,1,1,0,0,4.6,1,-0.2,4.4
44,13,08,44_08,panelist,high,1,1,0,0,4.6,1,-0.1,4.5
44,13,09,44_09,panelist,low,1,0,1,0,4.6,0,0,4.6
44,13,10,44_10,panelist,med,1,0,0,0,4.6,0,0,4.6
44,13,11,44_11,panelist,none,1,0,0,1,4.6,1,-0.1,4.5
44,13,12,44_12,panelist,med,1,0,0,0,4.6,0,0,4.6
44,13,13,44_13,reviewer,low,0,0,1,0,4.6,0,0,4.6
44,13,14,44_14,panelist,med,1,0,0,0,4.6,0,0,4.6
44,13,15,44_15,panelist,med,1,0,0,0,4.6,0,0,4.6
44,13,16,44_16,reviewer,none,0,0,0,1,4.6,1,0.1,4.7
44,13,17,44_17,reviewer,med,0,0,0,0,4.6,1,0.2,4.8
44,13,18,44_18,panelist,high,1,1,0,0,4.6,0,0,4.6
44,13,19,44_19,panelist,none,1,0,0,1,4.6,0,0,4.6
44,13,20,44_20,panelist,high,1,1,0,0,4.6,0,0,4.6
44,13,21,44_21,panelist,med,1,0,0,0,4.6,0,0,4.6
44,13,22,44_22,panelist,low,1,0,1,0,4.6,1,-0.2,4.4
44,13,23,44_23,panelist,med,1,0,0,0,4.6,0,0,4.6
44,13,24,44_24,panelist,none,1,0,0,1,4.6,1,0.2,4.8
44,14,01,44_01,panelist,med,1,0,0,0,3.5,0,0,3.5
44,14,02,44_02,panelist,high,1,1,0,0,3.5,0,0,3.5
44,14,03,44_03,panelist,med,1,0,0,0,3.5,1,-0.1,3.5
44,14,04,44_04,panelist,med,1,0,0,0,3.5,0,0,3.5
44,14,05,44_05,panelist,high,1,1,0,0,3.5,0,0,3.5
44,14,06,44_06,reviewer,med,0,0,0,0,3.5,0,0,3.5
44,14,07,44_07,panelist,none,1,0,0,1,3.5,0,0,3.5
44,14,08,44_08,panelist,high,1,1,0,0,3.5,1,0.1,3.6
44,14,09,44_09,reviewer,low,0,0,1,0,3.5,0,0,3.5
44,14,10,44_10,panelist,none,1,0,0,1,3.5,1,0.2,3.7
44,14,11,44_11,panelist,none,1,0,0,1,3.5,1,-0.2,3.5
44,14,12,44_12,panelist,med,1,0,0,0,3.5,1,-0.2,3.5
44,14,13,44_13,panelist,med,1,0,0,0,3.5,1,0.2,3.7
44,14,14,44_14,panelist,high,1,1,0,0,3.5,0,0,3.5
44,14,15,44_15,panelist,low,1,0,1,0,3.5,0,0,3.5
44,14,16,44_16,panelist,med,1,0,0,0,3.5,0,0,3.5
44,14,17,44_17,panelist,med,1,0,0,0,3.5,1,-0.3,3.5
44,14,18,44_18,panelist,none,1,0,0,1,3.5,1,0.1,3.6
44,14,19,44_19,panelist,med,1,0,0,0,3.5,0,0,3.5
44,14,20,44_20,panelist,high,1,1,0,0,3.5,0,0,3.5
44,14,21,44_21,reviewer,low,0,0,1,0,3.5,1,-0.1,3.5
44,14,22,44_22,panelist,high,1,1,0,0,3.5,0,0,3.5
44,14,23,44_23,panelist,med,1,0,0,0,3.5,0,0,3.5
44,14,24,44_24,panelist,low,1,0,1,0,3.5,0,0,3.5
44,15,01,44_01,panelist,med,1,0,0,0,4.3,0,0,4.3
44,15,02,44_02,panelist,high,1,1,0,0,4.3,1,0.2,4.5
44,15,03,44_03,panelist,med,1,0,0,0,4.3,0,0,4.3
44,15,04,44_04,panelist,low,1,0,1,0,4.3,0,0,4.3
44,15,05,44_05,panelist,med,1,0,0,0,4.3,1,0.1,4.4
44,15,06,44_06,panelist,med,1,0,0,0,4.3,1,0.1,4.4
44,15,07,44_07,panelist,med,1,0,0,0,4.3,1,-0.2,4.1
44,15,08,44_08,panelist,med,1,0,0,0,4.3,0,0,4.3
44,15,09,44_09,panelist,high,1,1,0,0,4.3,1,-0.1,4.2
44,15,10,44_10,panelist,med,1,0,0,0,4.3,0,0,4.3
44,15,11,44_11,panelist,low,1,0,1,0,4.3,0,0,4.3
44,15,12,44_12,panelist,none,1,0,0,1,4.3,1,-0.1,4.2
44,15,13,44_13,panelist,high,1,1,0,0,4.3,0,0,4.3
44,15,14,44_14,panelist,low,1,0,1,0,4.3,0,0,4.3
44,15,15,44_15,panelist,med,1,0,0,0,4.3,0,0,4.3
44,15,16,44_16,panelist,none,1,0,0,1,4.3,0,0,4.3
44,15,17,44_17,reviewer,none,0,0,0,1,4.3,0,0,4.3
44,15,18,44_18,panelist,high,1,1,0,0,4.3,0,0,4.3
44,15,19,44_19,panelist,none,1,0,0,1,4.3,0,0,4.3
44,15,20,44_20,reviewer,med,0,0,0,0,4.3,0,0,4.3
44,15,21,44_21,reviewer,high,0,1,0,0,4.3,1,-0.3,4
44,15,22,44_22,panelist,low,1,0,1,0,4.3,0,0,4.3
44,15,23,44_23,panelist,med,1,0,0,0,4.3,0,0,4.3
44,15,24,44_24,panelist,high,1,1,0,0,4.3,0,0,4.3
45,1,01,45_01,panelist,high,1,1,0,0,3.6,1,0.3,3.9
45,1,02,45_02,panelist,high,1,1,0,0,3.6,0,0,3.6
45,1,03,45_03,panelist,low,1,0,1,0,3.6,1,0.1,3.7
45,1,04,45_04,panelist,none,1,0,0,1,3.6,0,0,3.6
45,1,05,45_05,reviewer,med,0,0,0,0,3.6,1,-0.1,3.5
45,1,06,45_06,panelist,med,1,0,0,0,3.6,1,-0.1,3.5
45,1,07,45_07,panelist,med,1,0,0,0,3.6,1,-0.1,3.5
45,1,08,45_08,panelist,low,1,0,1,0,3.6,0,0,3.6
45,1,09,45_09,panelist,high,1,1,0,0,3.6,0,0,3.6
45,1,10,45_10,panelist,med,1,0,0,0,3.6,1,0.1,3.7
45,1,11,45_11,panelist,med,1,0,0,0,3.6,0,0,3.6
45,1,12,45_12,panelist,none,1,0,0,1,3.6,1,-0.1,3.5
45,1,13,45_13,reviewer,none,0,0,0,1,3.6,1,0.3,3.9
45,1,14,45_14,panelist,high,1,1,0,0,3.6,0,0,3.6
45,1,15,45_15,panelist,none,1,0,0,1,3.6,0,0,3.6
45,1,16,45_16,panelist,high,1,1,0,0,3.6,0,0,3.6
45,1,17,45_17,panelist,med,1,0,0,0,3.6,0,0,3.6
45,1,18,45_18,panelist,low,1,0,1,0,3.6,0,0,3.6
45,1,19,45_19,panelist,med,1,0,0,0,3.6,1,-0.1,3.5
45,1,20,45_20,panelist,med,1,0,0,0,3.6,1,-0.1,3.5
45,1,21,45_21,panelist,high,1,1,0,0,3.6,0,0,3.6
45,1,22,45_22,reviewer,low,0,0,1,0,3.6,0,0,3.6
45,1,23,45_23,panelist,med,1,0,0,0,3.6,0,0,3.6
45,1,24,45_24,panelist,med,1,0,0,0,3.6,1,0.2,3.8
45,2,01,45_01,panelist,med,1,0,0,0,4.2,1,0.1,4.3
45,2,02,45_02,reviewer,low,0,0,1,0,4.2,0,0,4.2
45,2,03,45_03,panelist,low,1,0,1,0,4.2,0,0,4.2
45,2,04,45_04,reviewer,high,0,1,0,0,4.2,0,0,4.2
45,2,05,45_05,panelist,med,1,0,0,0,4.2,0,0,4.2
45,2,06,45_06,panelist,high,1,1,0,0,4.2,1,0.1,4.3
45,2,07,45_07,panelist,med,1,0,0,0,4.2,0,0,4.2
45,2,08,45_08,panelist,none,1,0,0,1,4.2,1,-0.1,4.1
45,2,09,45_09,reviewer,high,0,1,0,0,4.2,0,0,4.2
45,2,10,45_10,panelist,high,1,1,0,0,4.2,0,0,4.2
45,2,11,45_11,panelist,med,1,0,0,0,4.2,0,0,4.2
45,2,12,45_12,panelist,med,1,0,0,0,4.2,0,0,4.2
45,2,13,45_13,panelist,low,1,0,1,0,4.2,0,0,4.2
45,2,14,45_14,panelist,none,1,0,0,1,4.2,0,0,4.2
45,2,15,45_15,panelist,low,1,0,1,0,4.2,0,0,4.2
45,2,16,45_16,panelist,med,1,0,0,0,4.2,0,0,4.2
45,2,17,45_17,panelist,med,1,0,0,0,4.2,1,0.1,4.3
45,2,18,45_18,panelist,high,1,1,0,0,4.2,0,0,4.2
45,2,19,45_19,panelist,med,1,0,0,0,4.2,0,0,4.2
45,2,20,45_20,panelist,med,1,0,0,0,4.2,0,0,4.2
45,2,21,45_21,panelist,none,1,0,0,1,4.2,1,0.1,4.3
45,2,22,45_22,panelist,med,1,0,0,0,4.2,1,-0.1,4.1
45,2,23,45_23,panelist,high,1,1,0,0,4.2,0,0,4.2
45,2,24,45_24,panelist,none,1,0,0,1,4.2,1,0.3,4.5
45,3,01,45_01,reviewer,low,0,0,1,0,4.1,0,0,4.1
45,3,02,45_02,panelist,high,1,1,0,0,4.1,0,0,4.1
45,3,03,45_03,panelist,high,1,1,0,0,4.1,1,-0.1,4
45,3,04,45_04,panelist,med,1,0,0,0,4.1,1,-0.2,3.9
45,3,05,45_05,panelist,none,1,0,0,1,4.1,0,0,4.1
45,3,06,45_06,panelist,med,1,0,0,0,4.1,0,0,4.1
45,3,07,45_07,panelist,none,1,0,0,1,4.1,0,0,4.1
45,3,08,45_08,panelist,high,1,1,0,0,4.1,0,0,4.1
45,3,09,45_09,panelist,med,1,0,0,0,4.1,0,0,4.1
45,3,10,45_10,panelist,med,1,0,0,0,4.1,0,0,4.1
45,3,11,45_11,panelist,med,1,0,0,0,4.1,1,-0.1,4
45,3,12,45_12,panelist,med,1,0,0,0,4.1,1,0.1,4.2
45,3,13,45_13,panelist,low,1,0,1,0,4.1,1,-0.2,3.9
45,3,14,45_14,panelist,high,1,1,0,0,4.1,0,0,4.1
45,3,15,45_15,panelist,none,1,0,0,1,4.1,0,0,4.1
45,3,16,45_16,panelist,low,1,0,1,0,4.1,0,0,4.1
45,3,17,45_17,panelist,low,1,0,1,0,4.1,0,0,4.1
45,3,18,45_18,reviewer,high,0,1,0,0,4.1,0,0,4.1
45,3,19,45_19,reviewer,none,0,0,0,1,4.1,0,0,4.1
45,3,20,45_20,panelist,med,1,0,0,0,4.1,0,0,4.1
45,3,21,45_21,panelist,med,1,0,0,0,4.1,0,0,4.1
45,3,22,45_22,panelist,med,1,0,0,0,4.1,1,-0.1,4
45,3,23,45_23,panelist,high,1,1,0,0,4.1,1,-0.1,4
45,3,24,45_24,panelist,med,1,0,0,0,4.1,1,-0.2,3.9
45,4,01,45_01,panelist,low,1,0,1,0,3.7,0,0,3.7
45,4,02,45_02,reviewer,med,0,0,0,0,3.7,0,0,3.7
45,4,03,45_03,panelist,med,1,0,0,0,3.7,1,0.1,3.8
45,4,04,45_04,panelist,med,1,0,0,0,3.7,0,0,3.7
45,4,05,45_05,panelist,high,1,1,0,0,3.7,0,0,3.7
45,4,06,45_06,panelist,high,1,1,0,0,3.7,0,0,3.7
45,4,07,45_07,reviewer,med,0,0,0,0,3.7,1,0.1,3.8
45,4,08,45_08,panelist,med,1,0,0,0,3.7,0,0,3.7
45,4,09,45_09,panelist,high,1,1,0,0,3.7,0,0,3.7
45,4,10,45_10,panelist,med,1,0,0,0,3.7,0,0,3.7
45,4,11,45_11,panelist,med,1,0,0,0,3.7,0,0,3.7
45,4,12,45_12,panelist,none,1,0,0,1,3.7,0,0,3.7
45,4,13,45_13,panelist,med,1,0,0,0,3.7,0,0,3.7
45,4,14,45_14,panelist,low,1,0,1,0,3.7,0,0,3.7
45,4,15,45_15,panelist,high,1,1,0,0,3.7,0,0,3.7
45,4,16,45_16,reviewer,high,0,1,0,0,3.7,0,0,3.7
45,4,17,45_17,panelist,none,1,0,0,1,3.7,0,0,3.7
45,4,18,45_18,panelist,med,1,0,0,0,3.7,1,-0.3,3.5
45,4,19,45_19,panelist,low,1,0,1,0,3.7,0,0,3.7
45,4,20,45_20,panelist,none,1,0,0,1,3.7,1,-0.3,3.5
45,4,21,45_21,panelist,high,1,1,0,0,3.7,0,0,3.7
45,4,22,45_22,panelist,med,1,0,0,0,3.7,0,0,3.7
45,4,23,45_23,panelist,none,1,0,0,1,3.7,0,0,3.7
45,4,24,45_24,panelist,low,1,0,1,0,3.7,0,0,3.7
45,5,01,45_01,panelist,med,1,0,0,0,3.6,0,0,3.6
45,5,02,45_02,panelist,med,1,0,0,0,3.6,1,0.4,4
45,5,03,45_03,panelist,high,1,1,0,0,3.6,1,-0.1,3.5
45,5,04,45_04,reviewer,none,0,0,0,1,3.6,1,-0.1,3.5
45,5,05,45_05,panelist,med,1,0,0,0,3.6,1,0.2,3.8
45,5,06,45_06,panelist,low,1,0,1,0,3.6,0,0,3.6
45,5,07,45_07,panelist,high,1,1,0,0,3.6,0,0,3.6
45,5,08,45_08,reviewer,high,0,1,0,0,3.6,0,0,3.6
45,5,09,45_09,panelist,high,1,1,0,0,3.6,1,-0.1,3.5
45,5,10,45_10,panelist,med,1,0,0,0,3.6,0,0,3.6
45,5,11,45_11,panelist,none,1,0,0,1,3.6,1,-0.1,3.5
45,5,12,45_12,panelist,low,1,0,1,0,3.6,1,-0.1,3.5
45,5,13,45_13,panelist,med,1,0,0,0,3.6,0,0,3.6
45,5,14,45_14,panelist,high,1,1,0,0,3.6,0,0,3.6
45,5,15,45_15,panelist,med,1,0,0,0,3.6,0,0,3.6
45,5,16,45_16,panelist,low,1,0,1,0,3.6,0,0,3.6
45,5,17,45_17,panelist,none,1,0,0,1,3.6,1,-0.2,3.5
45,5,18,45_18,panelist,high,1,1,0,0,3.6,0,0,3.6
45,5,19,45_19,panelist,med,1,0,0,0,3.6,0,0,3.6
45,5,20,45_20,reviewer,med,0,0,0,0,3.6,1,-0.3,3.5
45,5,21,45_21,panelist,low,1,0,1,0,3.6,0,0,3.6
45,5,22,45_22,panelist,med,1,0,0,0,3.6,0,0,3.6
45,5,23,45_23,panelist,med,1,0,0,0,3.6,1,0.1,3.7
45,5,24,45_24,panelist,none,1,0,0,1,3.6,1,0.1,3.7
45,6,01,45_01,reviewer,high,0,1,0,0,3.5,0,0,3.5
45,6,02,45_02,panelist,none,1,0,0,1,3.5,0,0,3.5
45,6,03,45_03,panelist,high,1,1,0,0,3.5,0,0,3.5
45,6,04,45_04,panelist,low,1,0,1,0,3.5,0,0,3.5
45,6,05,45_05,panelist,none,1,0,0,1,3.5,1,-0.2,3.5
45,6,06,45_06,panelist,med,1,0,0,0,3.5,0,0,3.5
45,6,07,45_07,reviewer,med,0,0,0,0,3.5,0,0,3.5
45,6,08,45_08,panelist,med,1,0,0,0,3.5,1,-0.2,3.5
45,6,09,45_09,panelist,med,1,0,0,0,3.5,0,0,3.5
45,6,10,45_10,panelist,low,1,0,1,0,3.5,0,0,3.5
45,6,11,45_11,panelist,none,1,0,0,1,3.5,1,-0.1,3.5
45,6,12,45_12,panelist,med,1,0,0,0,3.5,0,0,3.5
45,6,13,45_13,panelist,med,1,0,0,0,3.5,0,0,3.5
45,6,14,45_14,panelist,med,1,0,0,0,3.5,0,0,3.5
45,6,15,45_15,panelist,high,1,1,0,0,3.5,0,0,3.5
45,6,16,45_16,panelist,none,1,0,0,1,3.5,1,0.1,3.6
45,6,17,45_17,panelist,high,1,1,0,0,3.5,0,0,3.5
45,6,18,45_18,panelist,med,1,0,0,0,3.5,1,0.2,3.7
45,6,19,45_19,panelist,low,1,0,1,0,3.5,0,0,3.5
45,6,20,45_20,panelist,med,1,0,0,0,3.5,0,0,3.5
45,6,21,45_21,reviewer,med,0,0,0,0,3.5,1,-0.1,3.5
45,6,22,45_22,panelist,low,1,0,1,0,3.5,0,0,3.5
45,6,23,45_23,panelist,high,1,1,0,0,3.5,0,0,3.5
45,6,24,45_24,panelist,high,1,1,0,0,3.5,0,0,3.5
45,7,01,45_01,panelist,low,1,0,1,0,3.9,0,0,3.9
45,7,02,45_02,panelist,high,1,1,0,0,3.9,0,0,3.9
45,7,03,45_03,panelist,high,1,1,0,0,3.9,0,0,3.9
45,7,04,45_04,reviewer,med,0,0,0,0,3.9,0,0,3.9
45,7,05,45_05,reviewer,med,0,0,0,0,3.9,0,0,3.9
45,7,06,45_06,panelist,med,1,0,0,0,3.9,0,0,3.9
45,7,07,45_07,panelist,med,1,0,0,0,3.9,0,0,3.9
45,7,08,45_08,panelist,none,1,0,0,1,3.9,0,0,3.9
45,7,09,45_09,panelist,med,1,0,0,0,3.9,1,-0.1,3.8
45,7,10,45_10,panelist,med,1,0,0,0,3.9,0,0,3.9
45,7,11,45_11,panelist,low,1,0,1,0,3.9,0,0,3.9
45,7,12,45_12,panelist,high,1,1,0,0,3.9,0,0,3.9
45,7,13,45_13,panelist,low,1,0,1,0,3.9,0,0,3.9
45,7,14,45_14,panelist,med,1,0,0,0,3.9,0,0,3.9
45,7,15,45_15,panelist,high,1,1,0,0,3.9,0,0,3.9
45,7,16,45_16,panelist,high,1,1,0,0,3.9,0,0,3.9
45,7,17,45_17,reviewer,none,0,0,0,1,3.9,1,-0.3,3.6
45,7,18,45_18,panelist,none,1,0,0,1,3.9,0,0,3.9
45,7,19,45_19,panelist,med,1,0,0,0,3.9,0,0,3.9
45,7,20,45_20,panelist,med,1,0,0,0,3.9,0,0,3.9
45,7,21,45_21,panelist,high,1,1,0,0,3.9,1,-0.2,3.7
45,7,22,45_22,panelist,none,1,0,0,1,3.9,0,0,3.9
45,7,23,45_23,panelist,low,1,0,1,0,3.9,1,-0.1,3.8
45,7,24,45_24,panelist,med,1,0,0,0,3.9,1,0.2,4.1
45,8,01,45_01,panelist,med,1,0,0,0,3.5,0,0,3.5
45,8,02,45_02,panelist,med,1,0,0,0,3.5,0,0,3.5
45,8,03,45_03,panelist,none,1,0,0,1,3.5,0,0,3.5
45,8,04,45_04,panelist,none,1,0,0,1,3.5,1,-0.2,3.5
45,8,05,45_05,panelist,low,1,0,1,0,3.5,1,-0.2,3.5
45,8,06,45_06,panelist,high,1,1,0,0,3.5,0,0,3.5
45,8,07,45_07,panelist,med,1,0,0,0,3.5,0,0,3.5
45,8,08,45_08,panelist,med,1,0,0,0,3.5,1,0.2,3.7
45,8,09,45_09,panelist,low,1,0,1,0,3.5,0,0,3.5
45,8,10,45_10,panelist,high,1,1,0,0,3.5,1,-0.3,3.5
45,8,11,45_11,panelist,high,1,1,0,0,3.5,0,0,3.5
45,8,12,45_12,panelist,med,1,0,0,0,3.5,0,0,3.5
45,8,13,45_13,reviewer,low,0,0,1,0,3.5,0,0,3.5
45,8,14,45_14,panelist,high,1,1,0,0,3.5,0,0,3.5
45,8,15,45_15,panelist,med,1,0,0,0,3.5,0,0,3.5
45,8,16,45_16,panelist,none,1,0,0,1,3.5,0,0,3.5
45,8,17,45_17,panelist,high,1,1,0,0,3.5,0,0,3.5
45,8,18,45_18,panelist,med,1,0,0,0,3.5,0,0,3.5
45,8,19,45_19,reviewer,med,0,0,0,0,3.5,1,-0.2,3.5
45,8,20,45_20,panelist,none,1,0,0,1,3.5,1,-0.1,3.5
45,8,21,45_21,panelist,med,1,0,0,0,3.5,0,0,3.5
45,8,22,45_22,panelist,high,1,1,0,0,3.5,1,0.1,3.6
45,8,23,45_23,reviewer,med,0,0,0,0,3.5,0,0,3.5
45,8,24,45_24,panelist,low,1,0,1,0,3.5,0,0,3.5
45,9,01,45_01,panelist,med,1,0,0,0,4.1,0,0,4.1
45,9,02,45_02,panelist,high,1,1,0,0,4.1,1,-0.2,3.9
45,9,03,45_03,panelist,high,1,1,0,0,4.1,0,0,4.1
45,9,04,45_04,panelist,med,1,0,0,0,4.1,1,0.1,4.2
45,9,05,45_05,panelist,med,1,0,0,0,4.1,0,0,4.1
45,9,06,45_06,panelist,none,1,0,0,1,4.1,0,0,4.1
45,9,07,45_07,panelist,med,1,0,0,0,4.1,1,0.1,4.2
45,9,08,45_08,reviewer,high,0,1,0,0,4.1,0,0,4.1
45,9,09,45_09,panelist,med,1,0,0,0,4.1,0,0,4.1
45,9,10,45_10,panelist,med,1,0,0,0,4.1,0,0,4.1
45,9,11,45_11,panelist,high,1,1,0,0,4.1,0,0,4.1
45,9,12,45_12,panelist,low,1,0,1,0,4.1,0,0,4.1
45,9,13,45_13,panelist,high,1,1,0,0,4.1,1,0.2,4.3
45,9,14,45_14,panelist,low,1,0,1,0,4.1,1,0.2,4.3
45,9,15,45_15,panelist,med,1,0,0,0,4.1,1,-0.1,4
45,9,16,45_16,reviewer,high,0,1,0,0,4.1,0,0,4.1
45,9,17,45_17,reviewer,low,0,0,1,0,4.1,0,0,4.1
45,9,18,45_18,panelist,low,1,0,1,0,4.1,0,0,4.1
45,9,19,45_19,panelist,med,1,0,0,0,4.1,0,0,4.1
45,9,20,45_20,panelist,none,1,0,0,1,4.1,0,0,4.1
45,9,21,45_21,panelist,none,1,0,0,1,4.1,1,0.1,4.2
45,9,22,45_22,panelist,none,1,0,0,1,4.1,1,-0.3,3.8
45,9,23,45_23,panelist,med,1,0,0,0,4.1,0,0,4.1
45,9,24,45_24,panelist,med,1,0,0,0,4.1,1,-0.1,4
45,10,01,45_01,panelist,med,1,0,0,0,4.5,1,-0.2,4.3
45,10,02,45_02,panelist,med,1,0,0,0,4.5,0,0,4.5
45,10,03,45_03,panelist,none,1,0,0,1,4.5,1,-0.1,4.4
45,10,04,45_04,panelist,high,1,1,0,0,4.5,0,0,4.5
45,10,05,45_05,panelist,high,1,1,0,0,4.5,1,-0.1,4.4
45,10,06,45_06,panelist,low,1,0,1,0,4.5,0,0,4.5
45,10,07,45_07,panelist,low,1,0,1,0,4.5,1,0.1,4.6
45,10,08,45_08,panelist,high,1,1,0,0,4.5,0,0,4.5
45,10,09,45_09,panelist,med,1,0,0,0,4.5,0,0,4.5
45,10,10,45_10,panelist,high,1,1,0,0,4.5,0,0,4.5
45,10,11,45_11,panelist,none,1,0,0,1,4.5,1,-0.1,4.4
45,10,12,45_12,panelist,med,1,0,0,0,4.5,0,0,4.5
45,10,13,45_13,panelist,low,1,0,1,0,4.5,0,0,4.5
45,10,14,45_14,reviewer,med,0,0,0,0,4.5,0,0,4.5
45,10,15,45_15,panelist,med,1,0,0,0,4.5,0,0,4.5
45,10,16,45_16,panelist,med,1,0,0,0,4.5,0,0,4.5
45,10,17,45_17,panelist,high,1,1,0,0,4.5,0,0,4.5
45,10,18,45_18,panelist,none,1,0,0,1,4.5,1,0.5,4.9
45,10,19,45_19,reviewer,low,0,0,1,0,4.5,0,0,4.5
45,10,20,45_20,panelist,med,1,0,0,0,4.5,1,0.2,4.7
45,10,21,45_21,panelist,high,1,1,0,0,4.5,0,0,4.5
45,10,22,45_22,reviewer,none,0,0,0,1,4.5,1,-0.1,4.4
45,10,23,45_23,panelist,med,1,0,0,0,4.5,0,0,4.5
45,10,24,45_24,panelist,med,1,0,0,0,4.5,1,0.1,4.6
45,11,01,45_01,panelist,med,1,0,0,0,4.1,0,0,4.1
45,11,02,45_02,panelist,med,1,0,0,0,4.1,0,0,4.1
45,11,03,45_03,panelist,med,1,0,0,0,4.1,1,0.1,4.2
45,11,04,45_04,reviewer,none,0,0,0,1,4.1,0,0,4.1
45,11,05,45_05,panelist,low,1,0,1,0,4.1,0,0,4.1
45,11,06,45_06,panelist,med,1,0,0,0,4.1,0,0,4.1
45,11,07,45_07,panelist,high,1,1,0,0,4.1,0,0,4.1
45,11,08,45_08,panelist,med,1,0,0,0,4.1,1,-0.1,4
45,11,09,45_09,panelist,med,1,0,0,0,4.1,1,0.1,4.2
45,11,10,45_10,panelist,med,1,0,0,0,4.1,0,0,4.1
45,11,11,45_11,panelist,none,1,0,0,1,4.1,0,0,4.1
45,11,12,45_12,panelist,med,1,0,0,0,4.1,0,0,4.1
45,11,13,45_13,panelist,low,1,0,1,0,4.1,0,0,4.1
45,11,14,45_14,panelist,high,1,1,0,0,4.1,1,-0.2,3.9
45,11,15,45_15,panelist,med,1,0,0,0,4.1,1,-0.2,3.9
45,11,16,45_16,panelist,high,1,1,0,0,4.1,0,0,4.1
45,11,17,45_17,panelist,low,1,0,1,0,4.1,0,0,4.1
45,11,18,45_18,reviewer,high,0,1,0,0,4.1,1,-0.1,4
45,11,19,45_19,panelist,low,1,0,1,0,4.1,0,0,4.1
45,11,20,45_20,panelist,none,1,0,0,1,4.1,0,0,4.1
45,11,21,45_21,panelist,none,1,0,0,1,4.1,0,0,4.1
45,11,22,45_22,panelist,med,1,0,0,0,4.1,0,0,4.1
45,11,23,45_23,panelist,high,1,1,0,0,4.1,0,0,4.1
45,11,24,45_24,reviewer,high,0,1,0,0,4.1,0,0,4.1
45,12,01,45_01,panelist,med,1,0,0,0,4.7,0,0,4.7
45,12,02,45_02,panelist,med,1,0,0,0,4.7,1,0.2,4.9
45,12,03,45_03,panelist,none,1,0,0,1,4.7,1,0.2,4.9
45,12,04,45_04,reviewer,none,0,0,0,1,4.7,0,0,4.7
45,12,05,45_05,panelist,high,1,1,0,0,4.7,1,0.1,4.8
45,12,06,45_06,panelist,low,1,0,1,0,4.7,1,-0.1,4.6
45,12,07,45_07,reviewer,med,0,0,0,0,4.7,1,-0.2,4.5
45,12,08,45_08,panelist,med,1,0,0,0,4.7,1,0.2,4.9
45,12,09,45_09,panelist,med,1,0,0,0,4.7,0,0,4.7
45,12,10,45_10,panelist,med,1,0,0,0,4.7,1,-0.1,4.6
45,12,11,45_11,panelist,med,1,0,0,0,4.7,1,0.1,4.8
45,12,12,45_12,reviewer,low,0,0,1,0,4.7,0,0,4.7
45,12,13,45_13,panelist,high,1,1,0,0,4.7,0,0,4.7
45,12,14,45_14,panelist,high,1,1,0,0,4.7,0,0,4.7
45,12,15,45_15,panelist,med,1,0,0,0,4.7,1,0.3,4.9
45,12,16,45_16,panelist,med,1,0,0,0,4.7,1,0.1,4.8
45,12,17,45_17,panelist,none,1,0,0,1,4.7,0,0,4.7
45,12,18,45_18,panelist,low,1,0,1,0,4.7,0,0,4.7
45,12,19,45_19,panelist,none,1,0,0,1,4.7,0,0,4.7
45,12,20,45_20,panelist,med,1,0,0,0,4.7,0,0,4.7
45,12,21,45_21,panelist,low,1,0,1,0,4.7,1,-0.1,4.6
45,12,22,45_22,panelist,high,1,1,0,0,4.7,0,0,4.7
45,12,23,45_23,panelist,high,1,1,0,0,4.7,0,0,4.7
45,12,24,45_24,panelist,high,1,1,0,0,4.7,0,0,4.7
45,13,01,45_01,panelist,med,1,0,0,0,4.5,1,0.4,4.9
45,13,02,45_02,panelist,high,1,1,0,0,4.5,0,0,4.5
45,13,03,45_03,panelist,high,1,1,0,0,4.5,1,0.1,4.6
45,13,04,45_04,panelist,med,1,0,0,0,4.5,0,0,4.5
45,13,05,45_05,panelist,high,1,1,0,0,4.5,0,0,4.5
45,13,06,45_06,panelist,none,1,0,0,1,4.5,1,-0.3,4.2
45,13,07,45_07,panelist,high,1,1,0,0,4.5,1,-0.2,4.3
45,13,08,45_08,panelist,low,1,0,1,0,4.5,0,0,4.5
45,13,09,45_09,reviewer,none,0,0,0,1,4.5,0,0,4.5
45,13,10,45_10,panelist,med,1,0,0,0,4.5,0,0,4.5
45,13,11,45_11,panelist,low,1,0,1,0,4.5,1,0.2,4.7
45,13,12,45_12,panelist,none,1,0,0,1,4.5,0,0,4.5
45,13,13,45_13,panelist,low,1,0,1,0,4.5,0,0,4.5
45,13,14,45_14,panelist,med,1,0,0,0,4.5,1,-0.1,4.4
45,13,15,45_15,panelist,med,1,0,0,0,4.5,0,0,4.5
45,13,16,45_16,panelist,med,1,0,0,0,4.5,0,0,4.5
45,13,17,45_17,reviewer,med,0,0,0,0,4.5,1,-0.1,4.4
45,13,18,45_18,panelist,none,1,0,0,1,4.5,1,0.2,4.7
45,13,19,45_19,panelist,med,1,0,0,0,4.5,1,-0.2,4.3
45,13,20,45_20,panelist,med,1,0,0,0,4.5,0,0,4.5
45,13,21,45_21,panelist,high,1,1,0,0,4.5,0,0,4.5
45,13,22,45_22,reviewer,high,0,1,0,0,4.5,0,0,4.5
45,13,23,45_23,panelist,low,1,0,1,0,4.5,1,-0.1,4.4
45,13,24,45_24,panelist,med,1,0,0,0,4.5,1,-0.1,4.4
45,14,01,45_01,panelist,low,1,0,1,0,3.5,0,0,3.5
45,14,02,45_02,panelist,none,1,0,0,1,3.5,0,0,3.5
45,14,03,45_03,panelist,med,1,0,0,0,3.5,1,0.1,3.6
45,14,04,45_04,reviewer,med,0,0,0,0,3.5,0,0,3.5
45,14,05,45_05,panelist,low,1,0,1,0,3.5,1,-0.1,3.5
45,14,06,45_06,panelist,none,1,0,0,1,3.5,0,0,3.5
45,14,07,45_07,reviewer,high,0,1,0,0,3.5,0,0,3.5
45,14,08,45_08,panelist,med,1,0,0,0,3.5,1,0.2,3.7
45,14,09,45_09,panelist,med,1,0,0,0,3.5,0,0,3.5
45,14,10,45_10,panelist,high,1,1,0,0,3.5,1,-0.1,3.5
45,14,11,45_11,panelist,med,1,0,0,0,3.5,0,0,3.5
45,14,12,45_12,panelist,high,1,1,0,0,3.5,0,0,3.5
45,14,13,45_13,panelist,med,1,0,0,0,3.5,1,-0.1,3.5
45,14,14,45_14,panelist,med,1,0,0,0,3.5,1,-0.1,3.5
45,14,15,45_15,panelist,none,1,0,0,1,3.5,1,0.5,4
45,14,16,45_16,panelist,high,1,1,0,0,3.5,1,0.1,3.6
45,14,17,45_17,panelist,none,1,0,0,1,3.5,1,-0.1,3.5
45,14,18,45_18,reviewer,low,0,0,1,0,3.5,0,0,3.5
45,14,19,45_19,panelist,med,1,0,0,0,3.5,1,-0.3,3.5
45,14,20,45_20,panelist,high,1,1,0,0,3.5,0,0,3.5
45,14,21,45_21,panelist,med,1,0,0,0,3.5,1,-0.1,3.5
45,14,22,45_22,panelist,low,1,0,1,0,3.5,1,0.1,3.6
45,14,23,45_23,panelist,med,1,0,0,0,3.5,0,0,3.5
45,14,24,45_24,panelist,high,1,1,0,0,3.5,0,0,3.5
45,15,01,45_01,panelist,med,1,0,0,0,4.3,1,0.1,4.4
45,15,02,45_02,panelist,med,1,0,0,0,4.3,1,-0.1,4.2
45,15,03,45_03,panelist,low,1,0,1,0,4.3,0,0,4.3
45,15,04,45_04,panelist,med,1,0,0,0,4.3,0,0,4.3
45,15,05,45_05,panelist,med,1,0,0,0,4.3,0,0,4.3
45,15,06,45_06,panelist,high,1,1,0,0,4.3,0,0,4.3
45,15,07,45_07,panelist,none,1,0,0,1,4.3,0,0,4.3
45,15,08,45_08,reviewer,none,0,0,0,1,4.3,0,0,4.3
45,15,09,45_09,panelist,med,1,0,0,0,4.3,1,-0.1,4.2
45,15,10,45_10,panelist,low,1,0,1,0,4.3,1,0.1,4.4
45,15,11,45_11,panelist,low,1,0,1,0,4.3,1,-0.1,4.2
45,15,12,45_12,panelist,high,1,1,0,0,4.3,1,-0.3,4
45,15,13,45_13,panelist,high,1,1,0,0,4.3,0,0,4.3
45,15,14,45_14,reviewer,med,0,0,0,0,4.3,0,0,4.3
45,15,15,45_15,panelist,none,1,0,0,1,4.3,1,0.2,4.5
45,15,16,45_16,panelist,high,1,1,0,0,4.3,1,0.2,4.5
45,15,17,45_17,panelist,med,1,0,0,0,4.3,1,-0.4,3.9
45,15,18,45_18,panelist,med,1,0,0,0,4.3,0,0,4.3
45,15,19,45_19,panelist,high,1,1,0,0,4.3,0,0,4.3
45,15,20,45_20,panelist,none,1,0,0,1,4.3,1,0.1,4.4
45,15,21,45_21,panelist,high,1,1,0,0,4.3,1,-0.1,4.2
45,15,22,45_22,panelist,med,1,0,0,0,4.3,0,0,4.3
45,15,23,45_23,reviewer,low,0,0,1,0,4.3,0,0,4.3
45,15,24,45_24,panelist,med,1,0,0,0,4.3,1,-0.2,4.1
46,1,01,46_01,panelist,high,1,1,0,0,3.5,0,0,3.5
46,1,02,46_02,panelist,med,1,0,0,0,3.5,0,0,3.5
46,1,03,46_03,panelist,high,1,1,0,0,3.5,0,0,3.5
46,1,04,46_04,panelist,low,1,0,1,0,3.5,1,-0.1,3.5
46,1,05,46_05,panelist,low,1,0,1,0,3.5,1,0.1,3.6
46,1,06,46_06,reviewer,low,0,0,1,0,3.5,1,-0.3,3.5
46,1,07,46_07,panelist,med,1,0,0,0,3.5,0,0,3.5
46,1,08,46_08,reviewer,none,0,0,0,1,3.5,1,0.2,3.7
46,1,09,46_09,panelist,med,1,0,0,0,3.5,1,-0.1,3.5
46,1,10,46_10,panelist,low,1,0,1,0,3.5,1,-0.2,3.5
46,1,11,46_11,panelist,med,1,0,0,0,3.5,0,0,3.5
46,1,12,46_12,panelist,high,1,1,0,0,3.5,0,0,3.5
46,1,13,46_13,panelist,med,1,0,0,0,3.5,0,0,3.5
46,1,14,46_14,panelist,none,1,0,0,1,3.5,1,-0.1,3.5
46,1,15,46_15,panelist,med,1,0,0,0,3.5,0,0,3.5
46,1,16,46_16,panelist,high,1,1,0,0,3.5,0,0,3.5
46,1,17,46_17,panelist,med,1,0,0,0,3.5,0,0,3.5
46,1,18,46_18,reviewer,none,0,0,0,1,3.5,1,-0.1,3.5
46,1,19,46_19,panelist,med,1,0,0,0,3.5,0,0,3.5
46,1,20,46_20,panelist,none,1,0,0,1,3.5,0,0,3.5
46,1,21,46_21,panelist,med,1,0,0,0,3.5,0,0,3.5
46,1,22,46_22,panelist,high,1,1,0,0,3.5,1,0.1,3.6
46,1,23,46_23,panelist,high,1,1,0,0,3.5,0,0,3.5
46,1,24,46_24,panelist,med,1,0,0,0,3.5,0,0,3.5
46,2,01,46_01,panelist,med,1,0,0,0,4.1,0,0,4.1
46,2,02,46_02,panelist,high,1,1,0,0,4.1,0,0,4.1
46,2,03,46_03,panelist,none,1,0,0,1,4.1,1,-0.1,4
46,2,04,46_04,panelist,high,1,1,0,0,4.1,0,0,4.1
46,2,05,46_05,panelist,med,1,0,0,0,4.1,0,0,4.1
46,2,06,46_06,panelist,med,1,0,0,0,4.1,0,0,4.1
46,2,07,46_07,panelist,low,1,0,1,0,4.1,1,-0.1,4
46,2,08,46_08,panelist,med,1,0,0,0,4.1,0,0,4.1
46,2,09,46_09,reviewer,med,0,0,0,0,4.1,0,0,4.1
46,2,10,46_10,panelist,med,1,0,0,0,4.1,0,0,4.1
46,2,11,46_11,panelist,high,1,1,0,0,4.1,0,0,4.1
46,2,12,46_12,panelist,none,1,0,0,1,4.1,1,-0.1,4
46,2,13,46_13,reviewer,med,0,0,0,0,4.1,0,0,4.1
46,2,14,46_14,panelist,none,1,0,0,1,4.1,0,0,4.1
46,2,15,46_15,panelist,high,1,1,0,0,4.1,0,0,4.1
46,2,16,46_16,panelist,med,1,0,0,0,4.1,1,-0.1,4
46,2,17,46_17,panelist,none,1,0,0,1,4.1,0,0,4.1
46,2,18,46_18,panelist,med,1,0,0,0,4.1,0,0,4.1
46,2,19,46_19,panelist,low,1,0,1,0,4.1,0,0,4.1
46,2,20,46_20,panelist,high,1,1,0,0,4.1,0,0,4.1
46,2,21,46_21,panelist,low,1,0,1,0,4.1,0,0,4.1
46,2,22,46_22,panelist,med,1,0,0,0,4.1,0,0,4.1
46,2,23,46_23,reviewer,high,0,1,0,0,4.1,1,0.2,4.3
46,2,24,46_24,panelist,low,1,0,1,0,4.1,0,0,4.1
46,3,01,46_01,panelist,med,1,0,0,0,4,0,0,4
46,3,02,46_02,panelist,high,1,1,0,0,4,0,0,4
46,3,03,46_03,panelist,none,1,0,0,1,4,1,-0.2,3.8
46,3,04,46_04,panelist,high,1,1,0,0,4,1,0.1,4.1
46,3,05,46_05,reviewer,high,0,1,0,0,4,0,0,4
46,3,06,46_06,panelist,med,1,0,0,0,4,1,-0.1,3.9
46,3,07,46_07,reviewer,none,0,0,0,1,4,1,-0.2,3.8
46,3,08,46_08,panelist,none,1,0,0,1,4,1,0.2,4.2
46,3,09,46_09,panelist,med,1,0,0,0,4,1,-0.2,3.8
46,3,10,46_10,panelist,high,1,1,0,0,4,0,0,4
46,3,11,46_11,panelist,med,1,0,0,0,4,1,0.1,4.1
46,3,12,46_12,panelist,low,1,0,1,0,4,1,-0.1,3.9
46,3,13,46_13,panelist,med,1,0,0,0,4,1,0.3,4.3
46,3,14,46_14,panelist,med,1,0,0,0,4,0,0,4
46,3,15,46_15,reviewer,med,0,0,0,0,4,0,0,4
46,3,16,46_16,panelist,low,1,0,1,0,4,1,0.2,4.2
46,3,17,46_17,panelist,low,1,0,1,0,4,1,0.2,4.2
46,3,18,46_18,panelist,high,1,1,0,0,4,0,0,4
46,3,19,46_19,panelist,high,1,1,0,0,4,0,0,4
46,3,20,46_20,panelist,med,1,0,0,0,4,0,0,4
46,3,21,46_21,panelist,med,1,0,0,0,4,1,-0.2,3.8
46,3,22,46_22,panelist,low,1,0,1,0,4,0,0,4
46,3,23,46_23,panelist,med,1,0,0,0,4,0,0,4
46,3,24,46_24,panelist,none,1,0,0,1,4,1,-0.1,3.9
46,4,01,46_01,panelist,med,1,0,0,0,3.6,1,-0.4,3.5
46,4,02,46_02,panelist,med,1,0,0,0,3.6,0,0,3.6
46,4,03,46_03,reviewer,med,0,0,0,0,3.6,0,0,3.6
46,4,04,46_04,panelist,high,1,1,0,0,3.6,1,0.1,3.7
46,4,05,46_05,panelist,med,1,0,0,0,3.6,1,0.2,3.8
46,4,06,46_06,panelist,none,1,0,0,1,3.6,0,0,3.6
46,4,07,46_07,panelist,med,1,0,0,0,3.6,1,-0.2,3.5
46,4,08,46_08,panelist,med,1,0,0,0,3.6,1,0.2,3.8
46,4,09,46_09,panelist,low,1,0,1,0,3.6,1,-0.1,3.5
46,4,10,46_10,panelist,low,1,0,1,0,3.6,0,0,3.6
46,4,11,46_11,panelist,high,1,1,0,0,3.6,0,0,3.6
46,4,12,46_12,panelist,med,1,0,0,0,3.6,0,0,3.6
46,4,13,46_13,panelist,low,1,0,1,0,3.6,1,0.2,3.8
46,4,14,46_14,panelist,none,1,0,0,1,3.6,1,-0.1,3.5
46,4,15,46_15,panelist,low,1,0,1,0,3.6,0,0,3.6
46,4,16,46_16,panelist,high,1,1,0,0,3.6,1,0.1,3.7
46,4,17,46_17,panelist,high,1,1,0,0,3.6,1,0.1,3.7
46,4,18,46_18,panelist,med,1,0,0,0,3.6,0,0,3.6
46,4,19,46_19,panelist,none,1,0,0,1,3.6,1,0.2,3.8
46,4,20,46_20,panelist,med,1,0,0,0,3.6,0,0,3.6
46,4,21,46_21,panelist,med,1,0,0,0,3.6,0,0,3.6
46,4,22,46_22,panelist,high,1,1,0,0,3.6,0,0,3.6
46,4,23,46_23,reviewer,high,0,1,0,0,3.6,0,0,3.6
46,4,24,46_24,reviewer,none,0,0,0,1,3.6,0,0,3.6
46,5,01,46_01,panelist,med,1,0,0,0,3.5,1,-0.1,3.5
46,5,02,46_02,panelist,med,1,0,0,0,3.5,0,0,3.5
46,5,03,46_03,panelist,med,1,0,0,0,3.5,0,0,3.5
46,5,04,46_04,reviewer,low,0,0,1,0,3.5,0,0,3.5
46,5,05,46_05,panelist,med,1,0,0,0,3.5,1,-0.2,3.5
46,5,06,46_06,panelist,low,1,0,1,0,3.5,0,0,3.5
46,5,07,46_07,panelist,med,1,0,0,0,3.5,0,0,3.5
46,5,08,46_08,panelist,med,1,0,0,0,3.5,1,-0.3,3.5
46,5,09,46_09,reviewer,med,0,0,0,0,3.5,0,0,3.5
46,5,10,46_10,panelist,med,1,0,0,0,3.5,0,0,3.5
46,5,11,46_11,panelist,med,1,0,0,0,3.5,1,0.3,3.8
46,5,12,46_12,panelist,high,1,1,0,0,3.5,0,0,3.5
46,5,13,46_13,panelist,high,1,1,0,0,3.5,0,0,3.5
46,5,14,46_14,panelist,none,1,0,0,1,3.5,0,0,3.5
46,5,15,46_15,panelist,none,1,0,0,1,3.5,1,-0.1,3.5
46,5,16,46_16,panelist,none,1,0,0,1,3.5,0,0,3.5
46,5,17,46_17,panelist,high,1,1,0,0,3.5,0,0,3.5
46,5,18,46_18,reviewer,low,0,0,1,0,3.5,1,-0.1,3.5
46,5,19,46_19,panelist,med,1,0,0,0,3.5,1,0.3,3.8
46,5,20,46_20,panelist,high,1,1,0,0,3.5,0,0,3.5
46,5,21,46_21,panelist,none,1,0,0,1,3.5,1,0.1,3.6
46,5,22,46_22,panelist,low,1,0,1,0,3.5,1,0.1,3.6
46,5,23,46_23,panelist,high,1,1,0,0,3.5,0,0,3.5
46,5,24,46_24,panelist,high,1,1,0,0,3.5,0,0,3.5
46,6,01,46_01,panelist,low,1,0,1,0,3.5,0,0,3.5
46,6,02,46_02,panelist,none,1,0,0,1,3.5,1,0.1,3.6
46,6,03,46_03,panelist,high,1,1,0,0,3.5,1,-0.1,3.5
46,6,04,46_04,panelist,med,1,0,0,0,3.5,1,0.1,3.6
46,6,05,46_05,panelist,high,1,1,0,0,3.5,0,0,3.5
46,6,06,46_06,panelist,med,1,0,0,0,3.5,0,0,3.5
46,6,07,46_07,panelist,none,1,0,0,1,3.5,1,-0.2,3.5
46,6,08,46_08,panelist,none,1,0,0,1,3.5,1,-0.2,3.5
46,6,09,46_09,panelist,med,1,0,0,0,3.5,0,0,3.5
46,6,10,46_10,panelist,low,1,0,1,0,3.5,1,-0.1,3.5
46,6,11,46_11,panelist,med,1,0,0,0,3.5,1,-0.3,3.5
46,6,12,46_12,reviewer,med,0,0,0,0,3.5,0,0,3.5
46,6,13,46_13,panelist,med,1,0,0,0,3.5,1,0.1,3.6
46,6,14,46_14,panelist,low,1,0,1,0,3.5,1,0.2,3.7
46,6,15,46_15,panelist,high,1,1,0,0,3.5,0,0,3.5
46,6,16,46_16,panelist,high,1,1,0,0,3.5,0,0,3.5
46,6,17,46_17,reviewer,med,0,0,0,0,3.5,0,0,3.5
46,6,18,46_18,reviewer,low,0,0,1,0,3.5,0,0,3.5
46,6,19,46_19,panelist,med,1,0,0,0,3.5,0,0,3.5
46,6,20,46_20,panelist,med,1,0,0,0,3.5,1,-0.1,3.5
46,6,21,46_21,panelist,med,1,0,0,0,3.5,0,0,3.5
46,6,22,46_22,panelist,none,1,0,0,1,3.5,0,0,3.5
46,6,23,46_23,panelist,high,1,1,0,0,3.5,0,0,3.5
46,6,24,46_24,panelist,high,1,1,0,0,3.5,0,0,3.5
46,7,01,46_01,panelist,none,1,0,0,1,3.8,1,0.2,4
46,7,02,46_02,panelist,med,1,0,0,0,3.8,1,0.4,4.2
46,7,03,46_03,panelist,med,1,0,0,0,3.8,1,0.1,3.9
46,7,04,46_04,panelist,low,1,0,1,0,3.8,1,-0.2,3.6
46,7,05,46_05,panelist,low,1,0,1,0,3.8,1,0.3,4.1
46,7,06,46_06,panelist,med,1,0,0,0,3.8,0,0,3.8
46,7,07,46_07,panelist,high,1,1,0,0,3.8,1,0.1,3.9
46,7,08,46_08,panelist,high,1,1,0,0,3.8,0,0,3.8
46,7,09,46_09,panelist,med,1,0,0,0,3.8,1,-0.1,3.7
46,7,10,46_10,reviewer,med,0,0,0,0,3.8,0,0,3.8
46,7,11,46_11,panelist,high,1,1,0,0,3.8,0,0,3.8
46,7,12,46_12,panelist,med,1,0,0,0,3.8,1,0.3,4.1
46,7,13,46_13,panelist,none,1,0,0,1,3.8,1,0.2,4
46,7,14,46_14,panelist,high,1,1,0,0,3.8,0,0,3.8
46,7,15,46_15,reviewer,med,0,0,0,0,3.8,0,0,3.8
46,7,16,46_16,panelist,low,1,0,1,0,3.8,0,0,3.8
46,7,17,46_17,panelist,none,1,0,0,1,3.8,1,0.2,4
46,7,18,46_18,panelist,med,1,0,0,0,3.8,0,0,3.8
46,7,19,46_19,panelist,med,1,0,0,0,3.8,0,0,3.8
46,7,20,46_20,reviewer,med,0,0,0,0,3.8,0,0,3.8
46,7,21,46_21,panelist,low,1,0,1,0,3.8,1,-0.1,3.7
46,7,22,46_22,panelist,high,1,1,0,0,3.8,1,0.2,4
46,7,23,46_23,panelist,high,1,1,0,0,3.8,0,0,3.8
46,7,24,46_24,panelist,none,1,0,0,1,3.8,0,0,3.8
46,8,01,46_01,panelist,med,1,0,0,0,3.5,1,0.1,3.6
46,8,02,46_02,reviewer,high,0,1,0,0,3.5,0,0,3.5
46,8,03,46_03,panelist,high,1,1,0,0,3.5,0,0,3.5
46,8,04,46_04,panelist,med,1,0,0,0,3.5,0,0,3.5
46,8,05,46_05,panelist,low,1,0,1,0,3.5,0,0,3.5
46,8,06,46_06,reviewer,high,0,1,0,0,3.5,0,0,3.5
46,8,07,46_07,panelist,med,1,0,0,0,3.5,0,0,3.5
46,8,08,46_08,panelist,none,1,0,0,1,3.5,1,-0.1,3.5
46,8,09,46_09,panelist,low,1,0,1,0,3.5,0,0,3.5
46,8,10,46_10,panelist,med,1,0,0,0,3.5,0,0,3.5
46,8,11,46_11,panelist,med,1,0,0,0,3.5,1,-0.1,3.5
46,8,12,46_12,reviewer,low,0,0,1,0,3.5,1,-0.2,3.5
46,8,13,46_13,panelist,med,1,0,0,0,3.5,0,0,3.5
46,8,14,46_14,panelist,none,1,0,0,1,3.5,0,0,3.5
46,8,15,46_15,panelist,high,1,1,0,0,3.5,0,0,3.5
46,8,16,46_16,panelist,med,1,0,0,0,3.5,0,0,3.5
46,8,17,46_17,panelist,low,1,0,1,0,3.5,0,0,3.5
46,8,18,46_18,panelist,high,1,1,0,0,3.5,1,-0.1,3.5
46,8,19,46_19,panelist,med,1,0,0,0,3.5,0,0,3.5
46,8,20,46_20,panelist,none,1,0,0,1,3.5,0,0,3.5
46,8,21,46_21,panelist,none,1,0,0,1,3.5,1,0.1,3.6
46,8,22,46_22,panelist,high,1,1,0,0,3.5,0,0,3.5
46,8,23,46_23,panelist,med,1,0,0,0,3.5,0,0,3.5
46,8,24,46_24,panelist,med,1,0,0,0,3.5,0,0,3.5
46,9,01,46_01,panelist,med,1,0,0,0,4.1,1,-0.1,4
46,9,02,46_02,panelist,high,1,1,0,0,4.1,0,0,4.1
46,9,03,46_03,panelist,low,1,0,1,0,4.1,0,0,4.1
46,9,04,46_04,panelist,med,1,0,0,0,4.1,0,0,4.1
46,9,05,46_05,panelist,none,1,0,0,1,4.1,0,0,4.1
46,9,06,46_06,panelist,high,1,1,0,0,4.1,0,0,4.1
46,9,07,46_07,panelist,none,1,0,0,1,4.1,0,0,4.1
46,9,08,46_08,panelist,high,1,1,0,0,4.1,0,0,4.1
46,9,09,46_09,panelist,med,1,0,0,0,4.1,1,-0.1,4
46,9,10,46_10,reviewer,none,0,0,0,1,4.1,0,0,4.1
46,9,11,46_11,reviewer,med,0,0,0,0,4.1,0,0,4.1
46,9,12,46_12,panelist,low,1,0,1,0,4.1,1,-0.1,4
46,9,13,46_13,panelist,med,1,0,0,0,4.1,1,-0.2,3.9
46,9,14,46_14,panelist,med,1,0,0,0,4.1,1,0.2,4.3
46,9,15,46_15,panelist,low,1,0,1,0,4.1,0,0,4.1
46,9,16,46_16,panelist,high,1,1,0,0,4.1,1,-0.2,3.9
46,9,17,46_17,panelist,none,1,0,0,1,4.1,1,0.4,4.5
46,9,18,46_18,panelist,high,1,1,0,0,4.1,0,0,4.1
46,9,19,46_19,panelist,med,1,0,0,0,4.1,0,0,4.1
46,9,20,46_20,reviewer,med,0,0,0,0,4.1,0,0,4.1
46,9,21,46_21,panelist,med,1,0,0,0,4.1,0,0,4.1
46,9,22,46_22,panelist,low,1,0,1,0,4.1,1,-0.1,4
46,9,23,46_23,panelist,high,1,1,0,0,4.1,1,-0.1,4
46,9,24,46_24,panelist,med,1,0,0,0,4.1,0,0,4.1
46,10,01,46_01,reviewer,med,0,0,0,0,4.4,0,0,4.4
46,10,02,46_02,panelist,med,1,0,0,0,4.4,0,0,4.4
46,10,03,46_03,panelist,none,1,0,0,1,4.4,0,0,4.4
46,10,04,46_04,panelist,med,1,0,0,0,4.4,0,0,4.4
46,10,05,46_05,reviewer,high,0,1,0,0,4.4,0,0,4.4
46,10,06,46_06,panelist,high,1,1,0,0,4.4,0,0,4.4
46,10,07,46_07,panelist,high,1,1,0,0,4.4,0,0,4.4
46,10,08,46_08,panelist,none,1,0,0,1,4.4,0,0,4.4
46,10,09,46_09,panelist,none,1,0,0,1,4.4,1,-0.1,4.3
46,10,10,46_10,panelist,low,1,0,1,0,4.4,1,0.2,4.6
46,10,11,46_11,panelist,med,1,0,0,0,4.4,0,0,4.4
46,10,12,46_12,panelist,med,1,0,0,0,4.4,0,0,4.4
46,10,13,46_13,panelist,high,1,1,0,0,4.4,0,0,4.4
46,10,14,46_14,panelist,low,1,0,1,0,4.4,1,0.2,4.6
46,10,15,46_15,panelist,none,1,0,0,1,4.4,0,0,4.4
46,10,16,46_16,panelist,low,1,0,1,0,4.4,0,0,4.4
46,10,17,46_17,panelist,high,1,1,0,0,4.4,1,-0.2,4.2
46,10,18,46_18,panelist,high,1,1,0,0,4.4,0,0,4.4
46,10,19,46_19,panelist,med,1,0,0,0,4.4,1,0.1,4.5
46,10,20,46_20,panelist,med,1,0,0,0,4.4,0,0,4.4
46,10,21,46_21,panelist,med,1,0,0,0,4.4,1,-0.2,4.2
46,10,22,46_22,panelist,low,1,0,1,0,4.4,1,0.2,4.6
46,10,23,46_23,panelist,med,1,0,0,0,4.4,0,0,4.4
46,10,24,46_24,reviewer,med,0,0,0,0,4.4,1,0.2,4.6
46,11,01,46_01,panelist,med,1,0,0,0,4,0,0,4
46,11,02,46_02,panelist,med,1,0,0,0,4,0,0,4
46,11,03,46_03,panelist,med,1,0,0,0,4,1,0.3,4.3
46,11,04,46_04,panelist,med,1,0,0,0,4,1,0.2,4.2
46,11,05,46_05,reviewer,high,0,1,0,0,4,0,0,4
46,11,06,46_06,panelist,high,1,1,0,0,4,0,0,4
46,11,07,46_07,panelist,high,1,1,0,0,4,1,0.1,4.1
46,11,08,46_08,panelist,high,1,1,0,0,4,0,0,4
46,11,09,46_09,reviewer,med,0,0,0,0,4,0,0,4
46,11,10,46_10,panelist,med,1,0,0,0,4,1,-0.1,3.9
46,11,11,46_11,panelist,none,1,0,0,1,4,0,0,4
46,11,12,46_12,reviewer,high,0,1,0,0,4,0,0,4
46,11,13,46_13,panelist,low,1,0,1,0,4,0,0,4
46,11,14,46_14,panelist,low,1,0,1,0,4,1,-0.1,3.9
46,11,15,46_15,panelist,med,1,0,0,0,4,0,0,4
46,11,16,46_16,panelist,none,1,0,0,1,4,0,0,4
46,11,17,46_17,panelist,med,1,0,0,0,4,1,0.1,4.1
46,11,18,46_18,panelist,low,1,0,1,0,4,0,0,4
46,11,19,46_19,panelist,med,1,0,0,0,4,0,0,4
46,11,20,46_20,panelist,none,1,0,0,1,4,0,0,4
46,11,21,46_21,panelist,high,1,1,0,0,4,0,0,4
46,11,22,46_22,panelist,none,1,0,0,1,4,0,0,4
46,11,23,46_23,panelist,med,1,0,0,0,4,0,0,4
46,11,24,46_24,panelist,low,1,0,1,0,4,0,0,4
46,12,01,46_01,panelist,low,1,0,1,0,4.7,1,-0.2,4.5
46,12,02,46_02,panelist,med,1,0,0,0,4.7,0,0,4.7
46,12,03,46_03,panelist,med,1,0,0,0,4.7,0,0,4.7
46,12,04,46_04,panelist,med,1,0,0,0,4.7,1,0.1,4.8
46,12,05,46_05,panelist,none,1,0,0,1,4.7,1,-0.3,4.4
46,12,06,46_06,panelist,med,1,0,0,0,4.7,1,0.2,4.9
46,12,07,46_07,panelist,high,1,1,0,0,4.7,1,-0.3,4.4
46,12,08,46_08,panelist,none,1,0,0,1,4.7,0,0,4.7
46,12,09,46_09,panelist,med,1,0,0,0,4.7,1,0.2,4.9
46,12,10,46_10,reviewer,med,0,0,0,0,4.7,0,0,4.7
46,12,11,46_11,panelist,high,1,1,0,0,4.7,0,0,4.7
46,12,12,46_12,panelist,med,1,0,0,0,4.7,0,0,4.7
46,12,13,46_13,panelist,med,1,0,0,0,4.7,1,-0.1,4.6
46,12,14,46_14,panelist,med,1,0,0,0,4.7,0,0,4.7
46,12,15,46_15,panelist,low,1,0,1,0,4.7,1,0.2,4.9
46,12,16,46_16,panelist,none,1,0,0,1,4.7,0,0,4.7
46,12,17,46_17,reviewer,none,0,0,0,1,4.7,0,0,4.7
46,12,18,46_18,panelist,low,1,0,1,0,4.7,0,0,4.7
46,12,19,46_19,panelist,med,1,0,0,0,4.7,1,0.1,4.8
46,12,20,46_20,panelist,high,1,1,0,0,4.7,0,0,4.7
46,12,21,46_21,reviewer,high,0,1,0,0,4.7,0,0,4.7
46,12,22,46_22,panelist,high,1,1,0,0,4.7,1,-0.3,4.4
46,12,23,46_23,panelist,high,1,1,0,0,4.7,0,0,4.7
46,12,24,46_24,panelist,low,1,0,1,0,4.7,0,0,4.7
46,13,01,46_01,panelist,none,1,0,0,1,4.4,1,0.1,4.5
46,13,02,46_02,panelist,low,1,0,1,0,4.4,1,-0.2,4.2
46,13,03,46_03,panelist,high,1,1,0,0,4.4,0,0,4.4
46,13,04,46_04,panelist,med,1,0,0,0,4.4,1,0.1,4.5
46,13,05,46_05,panelist,high,1,1,0,0,4.4,1,0.1,4.5
46,13,06,46_06,panelist,med,1,0,0,0,4.4,0,0,4.4
46,13,07,46_07,reviewer,low,0,0,1,0,4.4,0,0,4.4
46,13,08,46_08,panelist,low,1,0,1,0,4.4,1,0.3,4.7
46,13,09,46_09,panelist,none,1,0,0,1,4.4,1,-0.3,4.1
46,13,10,46_10,panelist,med,1,0,0,0,4.4,0,0,4.4
46,13,11,46_11,panelist,high,1,1,0,0,4.4,0,0,4.4
46,13,12,46_12,panelist,med,1,0,0,0,4.4,0,0,4.4
46,13,13,46_13,panelist,med,1,0,0,0,4.4,0,0,4.4
46,13,14,46_14,panelist,low,1,0,1,0,4.4,1,-0.2,4.2
46,13,15,46_15,panelist,high,1,1,0,0,4.4,0,0,4.4
46,13,16,46_16,panelist,none,1,0,0,1,4.4,0,0,4.4
46,13,17,46_17,panelist,med,1,0,0,0,4.4,1,-0.2,4.2
46,13,18,46_18,reviewer,med,0,0,0,0,4.4,0,0,4.4
46,13,19,46_19,panelist,none,1,0,0,1,4.4,1,-0.1,4.3
46,13,20,46_20,panelist,med,1,0,0,0,4.4,0,0,4.4
46,13,21,46_21,reviewer,med,0,0,0,0,4.4,0,0,4.4
46,13,22,46_22,panelist,med,1,0,0,0,4.4,1,0.1,4.5
46,13,23,46_23,panelist,high,1,1,0,0,4.4,0,0,4.4
46,13,24,46_24,panelist,high,1,1,0,0,4.4,0,0,4.4
46,14,01,46_01,reviewer,high,0,1,0,0,3.5,1,-0.1,3.5
46,14,02,46_02,panelist,med,1,0,0,0,3.5,0,0,3.5
46,14,03,46_03,panelist,med,1,0,0,0,3.5,0,0,3.5
46,14,04,46_04,panelist,low,1,0,1,0,3.5,1,-0.2,3.5
46,14,05,46_05,panelist,med,1,0,0,0,3.5,1,-0.1,3.5
46,14,06,46_06,panelist,low,1,0,1,0,3.5,1,-0.1,3.5
46,14,07,46_07,panelist,low,1,0,1,0,3.5,0,0,3.5
46,14,08,46_08,panelist,high,1,1,0,0,3.5,0,0,3.5
46,14,09,46_09,panelist,high,1,1,0,0,3.5,0,0,3.5
46,14,10,46_10,panelist,med,1,0,0,0,3.5,0,0,3.5
46,14,11,46_11,panelist,none,1,0,0,1,3.5,1,0.1,3.6
46,14,12,46_12,panelist,none,1,0,0,1,3.5,0,0,3.5
46,14,13,46_13,panelist,none,1,0,0,1,3.5,1,0.2,3.7
46,14,14,46_14,panelist,med,1,0,0,0,3.5,0,0,3.5
46,14,15,46_15,reviewer,low,0,0,1,0,3.5,0,0,3.5
46,14,16,46_16,panelist,high,1,1,0,0,3.5,0,0,3.5
46,14,17,46_17,panelist,med,1,0,0,0,3.5,0,0,3.5
46,14,18,46_18,panelist,high,1,1,0,0,3.5,1,-0.3,3.5
46,14,19,46_19,panelist,med,1,0,0,0,3.5,1,-0.3,3.5
46,14,20,46_20,panelist,med,1,0,0,0,3.5,0,0,3.5
46,14,21,46_21,panelist,none,1,0,0,1,3.5,1,-0.1,3.5
46,14,22,46_22,panelist,med,1,0,0,0,3.5,1,-0.2,3.5
46,14,23,46_23,panelist,high,1,1,0,0,3.5,1,-0.3,3.5
46,14,24,46_24,reviewer,med,0,0,0,0,3.5,0,0,3.5
46,15,01,46_01,panelist,med,1,0,0,0,4.2,1,0.1,4.3
46,15,02,46_02,panelist,high,1,1,0,0,4.2,1,0.2,4.4
46,15,03,46_03,panelist,med,1,0,0,0,4.2,0,0,4.2
46,15,04,46_04,panelist,high,1,1,0,0,4.2,0,0,4.2
46,15,05,46_05,panelist,low,1,0,1,0,4.2,0,0,4.2
46,15,06,46_06,panelist,med,1,0,0,0,4.2,0,0,4.2
46,15,07,46_07,panelist,high,1,1,0,0,4.2,1,0.1,4.3
46,15,08,46_08,panelist,high,1,1,0,0,4.2,0,0,4.2
46,15,09,46_09,panelist,med,1,0,0,0,4.2,0,0,4.2
46,15,10,46_10,panelist,low,1,0,1,0,4.2,0,0,4.2
46,15,11,46_11,panelist,none,1,0,0,1,4.2,0,0,4.2
46,15,12,46_12,panelist,med,1,0,0,0,4.2,1,0.1,4.3
46,15,13,46_13,panelist,med,1,0,0,0,4.2,0,0,4.2
46,15,14,46_14,panelist,high,1,1,0,0,4.2,1,-0.2,4
46,15,15,46_15,panelist,med,1,0,0,0,4.2,0,0,4.2
46,15,16,46_16,panelist,high,1,1,0,0,4.2,0,0,4.2
46,15,17,46_17,panelist,med,1,0,0,0,4.2,0,0,4.2
46,15,18,46_18,panelist,med,1,0,0,0,4.2,0,0,4.2
46,15,19,46_19,reviewer,low,0,0,1,0,4.2,0,0,4.2
46,15,20,46_20,panelist,none,1,0,0,1,4.2,1,0.2,4.4
46,15,21,46_21,panelist,low,1,0,1,0,4.2,0,0,4.2
46,15,22,46_22,reviewer,none,0,0,0,1,4.2,0,0,4.2
46,15,23,46_23,reviewer,med,0,0,0,0,4.2,0,0,4.2
46,15,24,46_24,panelist,none,1,0,0,1,4.2,1,0.1,4.3
47,1,01,47_01,reviewer,med,0,0,0,0,3.7,1,0.2,3.9
47,1,02,47_02,panelist,low,1,0,1,0,3.7,1,-0.1,3.6
47,1,03,47_03,panelist,low,1,0,1,0,3.7,0,0,3.7
47,1,04,47_04,panelist,med,1,0,0,0,3.7,0,0,3.7
47,1,05,47_05,panelist,med,1,0,0,0,3.7,1,-0.2,3.5
47,1,06,47_06,reviewer,high,0,1,0,0,3.7,0,0,3.7
47,1,07,47_07,panelist,high,1,1,0,0,3.7,0,0,3.7
47,1,08,47_08,panelist,med,1,0,0,0,3.7,1,0.1,3.8
47,1,09,47_09,panelist,none,1,0,0,1,3.7,0,0,3.7
47,1,10,47_10,panelist,med,1,0,0,0,3.7,1,0.1,3.8
47,1,11,47_11,panelist,none,1,0,0,1,3.7,1,-0.2,3.5
47,1,12,47_12,panelist,med,1,0,0,0,3.7,0,0,3.7
47,1,13,47_13,panelist,med,1,0,0,0,3.7,0,0,3.7
47,1,14,47_14,panelist,low,1,0,1,0,3.7,1,-0.3,3.5
47,1,15,47_15,panelist,high,1,1,0,0,3.7,0,0,3.7
47,1,16,47_16,panelist,med,1,0,0,0,3.7,0,0,3.7
47,1,17,47_17,panelist,high,1,1,0,0,3.7,0,0,3.7
47,1,18,47_18,panelist,none,1,0,0,1,3.7,0,0,3.7
47,1,19,47_19,panelist,med,1,0,0,0,3.7,1,0.1,3.8
47,1,20,47_20,panelist,none,1,0,0,1,3.7,0,0,3.7
47,1,21,47_21,panelist,high,1,1,0,0,3.7,1,-0.2,3.5
47,1,22,47_22,reviewer,med,0,0,0,0,3.7,1,-0.2,3.5
47,1,23,47_23,panelist,low,1,0,1,0,3.7,1,0.2,3.9
47,1,24,47_24,panelist,high,1,1,0,0,3.7,0,0,3.7
47,2,01,47_01,panelist,high,1,1,0,0,4.3,0,0,4.3
47,2,02,47_02,panelist,low,1,0,1,0,4.3,1,-0.1,4.2
47,2,03,47_03,panelist,med,1,0,0,0,4.3,0,0,4.3
47,2,04,47_04,panelist,high,1,1,0,0,4.3,1,0.4,4.7
47,2,05,47_05,panelist,med,1,0,0,0,4.3,1,-0.2,4.1
47,2,06,47_06,reviewer,low,0,0,1,0,4.3,1,-0.2,4.1
47,2,07,47_07,panelist,none,1,0,0,1,4.3,0,0,4.3
47,2,08,47_08,reviewer,high,0,1,0,0,4.3,0,0,4.3
47,2,09,47_09,panelist,high,1,1,0,0,4.3,0,0,4.3
47,2,10,47_10,panelist,low,1,0,1,0,4.3,0,0,4.3
47,2,11,47_11,panelist,med,1,0,0,0,4.3,0,0,4.3
47,2,12,47_12,panelist,med,1,0,0,0,4.3,0,0,4.3
47,2,13,47_13,panelist,med,1,0,0,0,4.3,0,0,4.3
47,2,14,47_14,panelist,high,1,1,0,0,4.3,0,0,4.3
47,2,15,47_15,panelist,none,1,0,0,1,4.3,1,0.1,4.4
47,2,16,47_16,panelist,high,1,1,0,0,4.3,1,-0.1,4.2
47,2,17,47_17,panelist,med,1,0,0,0,4.3,1,-0.1,4.2
47,2,18,47_18,reviewer,med,0,0,0,0,4.3,1,0.2,4.5
47,2,19,47_19,panelist,none,1,0,0,1,4.3,1,-0.1,4.2
47,2,20,47_20,panelist,low,1,0,1,0,4.3,0,0,4.3
47,2,21,47_21,panelist,med,1,0,0,0,4.3,1,0.1,4.4
47,2,22,47_22,panelist,none,1,0,0,1,4.3,0,0,4.3
47,2,23,47_23,panelist,med,1,0,0,0,4.3,0,0,4.3
47,2,24,47_24,panelist,med,1,0,0,0,4.3,0,0,4.3
47,3,01,47_01,panelist,high,1,1,0,0,4.2,1,-0.1,4.1
47,3,02,47_02,panelist,none,1,0,0,1,4.2,1,0.1,4.3
47,3,03,47_03,panelist,med,1,0,0,0,4.2,0,0,4.2
47,3,04,47_04,panelist,low,1,0,1,0,4.2,0,0,4.2
47,3,05,47_05,panelist,med,1,0,0,0,4.2,1,0.2,4.4
47,3,06,47_06,panelist,none,1,0,0,1,4.2,1,0.1,4.3
47,3,07,47_07,panelist,low,1,0,1,0,4.2,0,0,4.2
47,3,08,47_08,panelist,low,1,0,1,0,4.2,0,0,4.2
47,3,09,47_09,panelist,med,1,0,0,0,4.2,1,-0.2,4
47,3,10,47_10,panelist,med,1,0,0,0,4.2,1,0.2,4.4
47,3,11,47_11,panelist,med,1,0,0,0,4.2,0,0,4.2
47,3,12,47_12,panelist,med,1,0,0,0,4.2,0,0,4.2
47,3,13,47_13,panelist,med,1,0,0,0,4.2,1,-0.2,4
47,3,14,47_14,panelist,high,1,1,0,0,4.2,1,-0.1,4.1
47,3,15,47_15,panelist,med,1,0,0,0,4.2,0,0,4.2
47,3,16,47_16,reviewer,low,0,0,1,0,4.2,0,0,4.2
47,3,17,47_17,panelist,none,1,0,0,1,4.2,0,0,4.2
47,3,18,47_18,reviewer,none,0,0,0,1,4.2,1,-0.1,4.1
47,3,19,47_19,panelist,high,1,1,0,0,4.2,0,0,4.2
47,3,20,47_20,panelist,high,1,1,0,0,4.2,0,0,4.2
47,3,21,47_21,panelist,high,1,1,0,0,4.2,0,0,4.2
47,3,22,47_22,panelist,high,1,1,0,0,4.2,0,0,4.2
47,3,23,47_23,reviewer,med,0,0,0,0,4.2,0,0,4.2
47,3,24,47_24,panelist,med,1,0,0,0,4.2,1,0.1,4.3
47,4,01,47_01,panelist,high,1,1,0,0,3.8,0,0,3.8
47,4,02,47_02,panelist,med,1,0,0,0,3.8,1,-0.1,3.7
47,4,03,47_03,panelist,high,1,1,0,0,3.8,0,0,3.8
47,4,04,47_04,panelist,high,1,1,0,0,3.8,1,0.2,4
47,4,05,47_05,panelist,med,1,0,0,0,3.8,0,0,3.8
47,4,06,47_06,panelist,med,1,0,0,0,3.8,0,0,3.8
47,4,07,47_07,panelist,med,1,0,0,0,3.8,0,0,3.8
47,4,08,47_08,panelist,med,1,0,0,0,3.8,0,0,3.8
47,4,09,47_09,reviewer,none,0,0,0,1,3.8,0,0,3.8
47,4,10,47_10,panelist,none,1,0,0,1,3.8,0,0,3.8
47,4,11,47_11,panelist,low,1,0,1,0,3.8,0,0,3.8
47,4,12,47_12,panelist,none,1,0,0,1,3.8,1,0.1,3.9
47,4,13,47_13,panelist,low,1,0,1,0,3.8,1,0.1,3.9
47,4,14,47_14,panelist,low,1,0,1,0,3.8,1,0.1,3.9
47,4,15,47_15,panelist,med,1,0,0,0,3.8,1,0.1,3.9
47,4,16,47_16,reviewer,high,0,1,0,0,3.8,0,0,3.8
47,4,17,47_17,panelist,med,1,0,0,0,3.8,0,0,3.8
47,4,18,47_18,panelist,med,1,0,0,0,3.8,1,-0.1,3.7
47,4,19,47_19,panelist,med,1,0,0,0,3.8,0,0,3.8
47,4,20,47_20,panelist,low,1,0,1,0,3.8,0,0,3.8
47,4,21,47_21,panelist,high,1,1,0,0,3.8,0,0,3.8
47,4,22,47_22,panelist,high,1,1,0,0,3.8,0,0,3.8
47,4,23,47_23,panelist,med,1,0,0,0,3.8,0,0,3.8
47,4,24,47_24,reviewer,none,0,0,0,1,3.8,0,0,3.8
47,5,01,47_01,panelist,high,1,1,0,0,3.8,0,0,3.8
47,5,02,47_02,panelist,none,1,0,0,1,3.8,0,0,3.8
47,5,03,47_03,panelist,low,1,0,1,0,3.8,0,0,3.8
47,5,04,47_04,reviewer,low,0,0,1,0,3.8,0,0,3.8
47,5,05,47_05,panelist,med,1,0,0,0,3.8,1,-0.2,3.6
47,5,06,47_06,panelist,med,1,0,0,0,3.8,1,0.2,4
47,5,07,47_07,panelist,med,1,0,0,0,3.8,0,0,3.8
47,5,08,47_08,panelist,med,1,0,0,0,3.8,1,-0.1,3.7
47,5,09,47_09,reviewer,med,0,0,0,0,3.8,1,0.3,4.1
47,5,10,47_10,reviewer,low,0,0,1,0,3.8,0,0,3.8
47,5,11,47_11,panelist,none,1,0,0,1,3.8,0,0,3.8
47,5,12,47_12,panelist,high,1,1,0,0,3.8,0,0,3.8
47,5,13,47_13,panelist,high,1,1,0,0,3.8,0,0,3.8
47,5,14,47_14,panelist,high,1,1,0,0,3.8,0,0,3.8
47,5,15,47_15,panelist,med,1,0,0,0,3.8,0,0,3.8
47,5,16,47_16,panelist,high,1,1,0,0,3.8,0,0,3.8
47,5,17,47_17,panelist,none,1,0,0,1,3.8,0,0,3.8
47,5,18,47_18,panelist,high,1,1,0,0,3.8,0,0,3.8
47,5,19,47_19,panelist,med,1,0,0,0,3.8,0,0,3.8
47,5,20,47_20,panelist,med,1,0,0,0,3.8,0,0,3.8
47,5,21,47_21,panelist,low,1,0,1,0,3.8,1,-0.2,3.6
47,5,22,47_22,panelist,none,1,0,0,1,3.8,1,-0.2,3.6
47,5,23,47_23,panelist,med,1,0,0,0,3.8,0,0,3.8
47,5,24,47_24,panelist,med,1,0,0,0,3.8,1,0.2,4
47,6,01,47_01,panelist,med,1,0,0,0,3.5,0,0,3.5
47,6,02,47_02,panelist,low,1,0,1,0,3.5,0,0,3.5
47,6,03,47_03,panelist,low,1,0,1,0,3.5,0,0,3.5
47,6,04,47_04,panelist,high,1,1,0,0,3.5,0,0,3.5
47,6,05,47_05,panelist,low,1,0,1,0,3.5,0,0,3.5
47,6,06,47_06,panelist,none,1,0,0,1,3.5,0,0,3.5
47,6,07,47_07,panelist,med,1,0,0,0,3.5,1,0.1,3.6
47,6,08,47_08,panelist,none,1,0,0,1,3.5,0,0,3.5
47,6,09,47_09,panelist,med,1,0,0,0,3.5,1,0.1,3.6
47,6,10,47_10,reviewer,med,0,0,0,0,3.5,0,0,3.5
47,6,11,47_11,panelist,med,1,0,0,0,3.5,0,0,3.5
47,6,12,47_12,panelist,high,1,1,0,0,3.5,0,0,3.5
47,6,13,47_13,panelist,low,1,0,1,0,3.5,1,0.1,3.6
47,6,14,47_14,reviewer,high,0,1,0,0,3.5,0,0,3.5
47,6,15,47_15,panelist,high,1,1,0,0,3.5,0,0,3.5
47,6,16,47_16,panelist,high,1,1,0,0,3.5,0,0,3.5
47,6,17,47_17,panelist,med,1,0,0,0,3.5,1,-0.4,3.5
47,6,18,47_18,panelist,med,1,0,0,0,3.5,1,-0.2,3.5
47,6,19,47_19,panelist,high,1,1,0,0,3.5,0,0,3.5
47,6,20,47_20,panelist,med,1,0,0,0,3.5,1,-0.1,3.5
47,6,21,47_21,panelist,none,1,0,0,1,3.5,1,-0.1,3.5
47,6,22,47_22,panelist,med,1,0,0,0,3.5,0,0,3.5
47,6,23,47_23,reviewer,none,0,0,0,1,3.5,0,0,3.5
47,6,24,47_24,panelist,med,1,0,0,0,3.5,0,0,3.5
47,7,01,47_01,panelist,none,1,0,0,1,4,0,0,4
47,7,02,47_02,panelist,med,1,0,0,0,4,0,0,4
47,7,03,47_03,panelist,low,1,0,1,0,4,1,0.1,4.1
47,7,04,47_04,panelist,high,1,1,0,0,4,0,0,4
47,7,05,47_05,panelist,low,1,0,1,0,4,0,0,4
47,7,06,47_06,panelist,med,1,0,0,0,4,0,0,4
47,7,07,47_07,reviewer,low,0,0,1,0,4,1,-0.1,3.9
47,7,08,47_08,panelist,med,1,0,0,0,4,1,-0.4,3.6
47,7,09,47_09,panelist,high,1,1,0,0,4,1,0.3,4.3
47,7,10,47_10,panelist,med,1,0,0,0,4,1,0.5,4.5
47,7,11,47_11,panelist,none,1,0,0,1,4,0,0,4
47,7,12,47_12,panelist,med,1,0,0,0,4,1,0.2,4.2
47,7,13,47_13,panelist,high,1,1,0,0,4,0,0,4
47,7,14,47_14,panelist,low,1,0,1,0,4,0,0,4
47,7,15,47_15,reviewer,med,0,0,0,0,4,0,0,4
47,7,16,47_16,panelist,med,1,0,0,0,4,0,0,4
47,7,17,47_17,panelist,none,1,0,0,1,4,1,0.1,4.1
47,7,18,47_18,reviewer,med,0,0,0,0,4,1,0.2,4.2
47,7,19,47_19,panelist,high,1,1,0,0,4,1,-0.2,3.8
47,7,20,47_20,panelist,high,1,1,0,0,4,1,-0.1,3.9
47,7,21,47_21,panelist,med,1,0,0,0,4,1,-0.3,3.7
47,7,22,47_22,panelist,high,1,1,0,0,4,0,0,4
47,7,23,47_23,panelist,med,1,0,0,0,4,1,-0.1,3.9
47,7,24,47_24,panelist,none,1,0,0,1,4,0,0,4
47,8,01,47_01,panelist,high,1,1,0,0,3.5,0,0,3.5
47,8,02,47_02,panelist,low,1,0,1,0,3.5,1,-0.2,3.5
47,8,03,47_03,reviewer,low,0,0,1,0,3.5,0,0,3.5
47,8,04,47_04,panelist,none,1,0,0,1,3.5,1,-0.1,3.5
47,8,05,47_05,panelist,med,1,0,0,0,3.5,0,0,3.5
47,8,06,47_06,panelist,med,1,0,0,0,3.5,0,0,3.5
47,8,07,47_07,panelist,med,1,0,0,0,3.5,0,0,3.5
47,8,08,47_08,panelist,med,1,0,0,0,3.5,1,0.4,3.9
47,8,09,47_09,panelist,med,1,0,0,0,3.5,0,0,3.5
47,8,10,47_10,panelist,none,1,0,0,1,3.5,1,0.1,3.6
47,8,11,47_11,panelist,med,1,0,0,0,3.5,1,-0.1,3.5
47,8,12,47_12,panelist,high,1,1,0,0,3.5,0,0,3.5
47,8,13,47_13,panelist,none,1,0,0,1,3.5,0,0,3.5
47,8,14,47_14,panelist,high,1,1,0,0,3.5,1,-0.1,3.5
47,8,15,47_15,reviewer,high,0,1,0,0,3.5,0,0,3.5
47,8,16,47_16,panelist,med,1,0,0,0,3.5,0,0,3.5
47,8,17,47_17,panelist,med,1,0,0,0,3.5,0,0,3.5
47,8,18,47_18,panelist,low,1,0,1,0,3.5,1,0.1,3.6
47,8,19,47_19,panelist,high,1,1,0,0,3.5,1,-0.2,3.5
47,8,20,47_20,panelist,low,1,0,1,0,3.5,0,0,3.5
47,8,21,47_21,panelist,med,1,0,0,0,3.5,1,0.2,3.7
47,8,22,47_22,panelist,none,1,0,0,1,3.5,0,0,3.5
47,8,23,47_23,panelist,med,1,0,0,0,3.5,0,0,3.5
47,8,24,47_24,reviewer,high,0,1,0,0,3.5,0,0,3.5
47,9,01,47_01,panelist,med,1,0,0,0,4.3,0,0,4.3
47,9,02,47_02,panelist,high,1,1,0,0,4.3,0,0,4.3
47,9,03,47_03,panelist,high,1,1,0,0,4.3,1,-0.1,4.2
47,9,04,47_04,panelist,high,1,1,0,0,4.3,0,0,4.3
47,9,05,47_05,panelist,low,1,0,1,0,4.3,0,0,4.3
47,9,06,47_06,panelist,none,1,0,0,1,4.3,0,0,4.3
47,9,07,47_07,panelist,high,1,1,0,0,4.3,0,0,4.3
47,9,08,47_08,panelist,high,1,1,0,0,4.3,1,0.1,4.4
47,9,09,47_09,panelist,med,1,0,0,0,4.3,0,0,4.3
47,9,10,47_10,panelist,med,1,0,0,0,4.3,1,-0.2,4.1
47,9,11,47_11,panelist,med,1,0,0,0,4.3,0,0,4.3
47,9,12,47_12,reviewer,med,0,0,0,0,4.3,1,-0.2,4.1
47,9,13,47_13,panelist,med,1,0,0,0,4.3,0,0,4.3
47,9,14,47_14,panelist,med,1,0,0,0,4.3,1,0.3,4.6
47,9,15,47_15,reviewer,none,0,0,0,1,4.3,0,0,4.3
47,9,16,47_16,panelist,none,1,0,0,1,4.3,1,0.1,4.4
47,9,17,47_17,panelist,low,1,0,1,0,4.3,0,0,4.3
47,9,18,47_18,panelist,low,1,0,1,0,4.3,1,-0.1,4.2
47,9,19,47_19,panelist,med,1,0,0,0,4.3,0,0,4.3
47,9,20,47_20,reviewer,none,0,0,0,1,4.3,0,0,4.3
47,9,21,47_21,panelist,med,1,0,0,0,4.3,0,0,4.3
47,9,22,47_22,panelist,med,1,0,0,0,4.3,0,0,4.3
47,9,23,47_23,panelist,low,1,0,1,0,4.3,0,0,4.3
47,9,24,47_24,panelist,high,1,1,0,0,4.3,0,0,4.3
47,10,01,47_01,panelist,none,1,0,0,1,4.6,0,0,4.6
47,10,02,47_02,panelist,med,1,0,0,0,4.6,1,-0.2,4.4
47,10,03,47_03,panelist,low,1,0,1,0,4.6,1,-0.3,4.3
47,10,04,47_04,panelist,med,1,0,0,0,4.6,0,0,4.6
47,10,05,47_05,reviewer,med,0,0,0,0,4.6,0,0,4.6
47,10,06,47_06,panelist,none,1,0,0,1,4.6,0,0,4.6
47,10,07,47_07,panelist,high,1,1,0,0,4.6,0,0,4.6
47,10,08,47_08,reviewer,high,0,1,0,0,4.6,1,0.1,4.7
47,10,09,47_09,panelist,high,1,1,0,0,4.6,0,0,4.6
47,10,10,47_10,panelist,med,1,0,0,0,4.6,0,0,4.6
47,10,11,47_11,panelist,none,1,0,0,1,4.6,1,-0.1,4.5
47,10,12,47_12,reviewer,low,0,0,1,0,4.6,0,0,4.6
47,10,13,47_13,panelist,none,1,0,0,1,4.6,1,0.1,4.7
47,10,14,47_14,panelist,med,1,0,0,0,4.6,0,0,4.6
47,10,15,47_15,panelist,low,1,0,1,0,4.6,1,0.1,4.7
47,10,16,47_16,panelist,high,1,1,0,0,4.6,0,0,4.6
47,10,17,47_17,panelist,med,1,0,0,0,4.6,0,0,4.6
47,10,18,47_18,panelist,med,1,0,0,0,4.6,1,-0.2,4.4
47,10,19,47_19,panelist,med,1,0,0,0,4.6,1,-0.1,4.5
47,10,20,47_20,panelist,low,1,0,1,0,4.6,0,0,4.6
47,10,21,47_21,panelist,high,1,1,0,0,4.6,0,0,4.6
47,10,22,47_22,panelist,med,1,0,0,0,4.6,0,0,4.6
47,10,23,47_23,panelist,high,1,1,0,0,4.6,1,-0.1,4.5
47,10,24,47_24,panelist,med,1,0,0,0,4.6,0,0,4.6
47,11,01,47_01,panelist,med,1,0,0,0,4.2,0,0,4.2
47,11,02,47_02,reviewer,high,0,1,0,0,4.2,0,0,4.2
47,11,03,47_03,panelist,med,1,0,0,0,4.2,0,0,4.2
47,11,04,47_04,reviewer,med,0,0,0,0,4.2,0,0,4.2
47,11,05,47_05,panelist,high,1,1,0,0,4.2,0,0,4.2
47,11,06,47_06,panelist,low,1,0,1,0,4.2,0,0,4.2
47,11,07,47_07,panelist,none,1,0,0,1,4.2,1,-0.1,4.1
47,11,08,47_08,panelist,med,1,0,0,0,4.2,0,0,4.2
47,11,09,47_09,panelist,med,1,0,0,0,4.2,0,0,4.2
47,11,10,47_10,panelist,med,1,0,0,0,4.2,1,-0.3,3.9
47,11,11,47_11,panelist,none,1,0,0,1,4.2,0,0,4.2
47,11,12,47_12,panelist,low,1,0,1,0,4.2,1,0.1,4.3
47,11,13,47_13,panelist,low,1,0,1,0,4.2,0,0,4.2
47,11,14,47_14,panelist,med,1,0,0,0,4.2,1,0.2,4.4
47,11,15,47_15,reviewer,none,0,0,0,1,4.2,1,-0.1,4.1
47,11,16,47_16,panelist,low,1,0,1,0,4.2,0,0,4.2
47,11,17,47_17,panelist,med,1,0,0,0,4.2,1,0.1,4.3
47,11,18,47_18,panelist,med,1,0,0,0,4.2,1,0.1,4.3
47,11,19,47_19,panelist,high,1,1,0,0,4.2,0,0,4.2
47,11,20,47_20,panelist,med,1,0,0,0,4.2,0,0,4.2
47,11,21,47_21,panelist,high,1,1,0,0,4.2,1,-0.1,4.1
47,11,22,47_22,panelist,none,1,0,0,1,4.2,0,0,4.2
47,11,23,47_23,panelist,high,1,1,0,0,4.2,0,0,4.2
47,11,24,47_24,panelist,high,1,1,0,0,4.2,0,0,4.2
47,12,01,47_01,panelist,med,1,0,0,0,4.9,0,0,4.9
47,12,02,47_02,reviewer,high,0,1,0,0,4.9,0,0,4.9
47,12,03,47_03,panelist,med,1,0,0,0,4.9,1,-0.1,4.8
47,12,04,47_04,panelist,high,1,1,0,0,4.9,0,0,4.9
47,12,05,47_05,panelist,low,1,0,1,0,4.9,1,0.1,4.9
47,12,06,47_06,reviewer,med,0,0,0,0,4.9,0,0,4.9
47,12,07,47_07,panelist,med,1,0,0,0,4.9,0,0,4.9
47,12,08,47_08,panelist,med,1,0,0,0,4.9,0,0,4.9
47,12,09,47_09,panelist,med,1,0,0,0,4.9,1,-0.1,4.8
47,12,10,47_10,panelist,none,1,0,0,1,4.9,0,0,4.9
47,12,11,47_11,panelist,med,1,0,0,0,4.9,0,0,4.9
47,12,12,47_12,panelist,high,1,1,0,0,4.9,1,-0.1,4.8
47,12,13,47_13,panelist,low,1,0,1,0,4.9,0,0,4.9
47,12,14,47_14,panelist,none,1,0,0,1,4.9,0,0,4.9
47,12,15,47_15,panelist,none,1,0,0,1,4.9,0,0,4.9
47,12,16,47_16,panelist,high,1,1,0,0,4.9,0,0,4.9
47,12,17,47_17,panelist,med,1,0,0,0,4.9,0,0,4.9
47,12,18,47_18,panelist,low,1,0,1,0,4.9,1,0.1,4.9
47,12,19,47_19,panelist,med,1,0,0,0,4.9,0,0,4.9
47,12,20,47_20,reviewer,low,0,0,1,0,4.9,0,0,4.9
47,12,21,47_21,panelist,high,1,1,0,0,4.9,0,0,4.9
47,12,22,47_22,panelist,med,1,0,0,0,4.9,1,0.1,4.9
47,12,23,47_23,panelist,high,1,1,0,0,4.9,0,0,4.9
47,12,24,47_24,panelist,none,1,0,0,1,4.9,0,0,4.9
47,13,01,47_01,panelist,high,1,1,0,0,4.7,1,0.2,4.9
47,13,02,47_02,panelist,none,1,0,0,1,4.7,1,0.1,4.8
47,13,03,47_03,panelist,low,1,0,1,0,4.7,1,0.3,4.9
47,13,04,47_04,reviewer,med,0,0,0,0,4.7,0,0,4.7
47,13,05,47_05,panelist,med,1,0,0,0,4.7,1,0.1,4.8
47,13,06,47_06,panelist,none,1,0,0,1,4.7,0,0,4.7
47,13,07,47_07,panelist,high,1,1,0,0,4.7,0,0,4.7
47,13,08,47_08,panelist,high,1,1,0,0,4.7,0,0,4.7
47,13,09,47_09,panelist,med,1,0,0,0,4.7,0,0,4.7
47,13,10,47_10,panelist,none,1,0,0,1,4.7,1,0.1,4.8
47,13,11,47_11,reviewer,med,0,0,0,0,4.7,0,0,4.7
47,13,12,47_12,panelist,low,1,0,1,0,4.7,0,0,4.7
47,13,13,47_13,panelist,low,1,0,1,0,4.7,0,0,4.7
47,13,14,47_14,panelist,med,1,0,0,0,4.7,1,-0.1,4.6
47,13,15,47_15,reviewer,low,0,0,1,0,4.7,0,0,4.7
47,13,16,47_16,panelist,none,1,0,0,1,4.7,1,0.1,4.8
47,13,17,47_17,panelist,high,1,1,0,0,4.7,0,0,4.7
47,13,18,47_18,panelist,high,1,1,0,0,4.7,0,0,4.7
47,13,19,47_19,panelist,med,1,0,0,0,4.7,0,0,4.7
47,13,20,47_20,panelist,med,1,0,0,0,4.7,0,0,4.7
47,13,21,47_21,panelist,med,1,0,0,0,4.7,0,0,4.7
47,13,22,47_22,panelist,med,1,0,0,0,4.7,1,0.2,4.9
47,13,23,47_23,panelist,med,1,0,0,0,4.7,1,-0.1,4.6
47,13,24,47_24,panelist,high,1,1,0,0,4.7,0,0,4.7
47,14,01,47_01,panelist,low,1,0,1,0,3.6,0,0,3.6
47,14,02,47_02,panelist,none,1,0,0,1,3.6,1,0.2,3.8
47,14,03,47_03,panelist,none,1,0,0,1,3.6,1,-0.1,3.5
47,14,04,47_04,panelist,med,1,0,0,0,3.6,1,0.3,3.9
47,14,05,47_05,panelist,high,1,1,0,0,3.6,0,0,3.6
47,14,06,47_06,panelist,med,1,0,0,0,3.6,0,0,3.6
47,14,07,47_07,panelist,high,1,1,0,0,3.6,0,0,3.6
47,14,08,47_08,panelist,med,1,0,0,0,3.6,0,0,3.6
47,14,09,47_09,panelist,none,1,0,0,1,3.6,1,0.1,3.7
47,14,10,47_10,panelist,med,1,0,0,0,3.6,0,0,3.6
47,14,11,47_11,panelist,low,1,0,1,0,3.6,1,-0.2,3.5
47,14,12,47_12,panelist,high,1,1,0,0,3.6,1,-0.1,3.5
47,14,13,47_13,reviewer,med,0,0,0,0,3.6,0,0,3.6
47,14,14,47_14,panelist,high,1,1,0,0,3.6,0,0,3.6
47,14,15,47_15,panelist,med,1,0,0,0,3.6,0,0,3.6
47,14,16,47_16,reviewer,none,0,0,0,1,3.6,0,0,3.6
47,14,17,47_17,panelist,high,1,1,0,0,3.6,0,0,3.6
47,14,18,47_18,panelist,med,1,0,0,0,3.6,0,0,3.6
47,14,19,47_19,panelist,high,1,1,0,0,3.6,0,0,3.6
47,14,20,47_20,panelist,med,1,0,0,0,3.6,1,-0.1,3.5
47,14,21,47_21,panelist,med,1,0,0,0,3.6,1,-0.1,3.5
47,14,22,47_22,panelist,low,1,0,1,0,3.6,0,0,3.6
47,14,23,47_23,reviewer,med,0,0,0,0,3.6,0,0,3.6
47,14,24,47_24,panelist,low,1,0,1,0,3.6,1,0.1,3.7
47,15,01,47_01,panelist,low,1,0,1,0,4.4,0,0,4.4
47,15,02,47_02,panelist,high,1,1,0,0,4.4,0,0,4.4
47,15,03,47_03,panelist,low,1,0,1,0,4.4,0,0,4.4
47,15,04,47_04,panelist,high,1,1,0,0,4.4,0,0,4.4
47,15,05,47_05,panelist,low,1,0,1,0,4.4,0,0,4.4
47,15,06,47_06,reviewer,med,0,0,0,0,4.4,0,0,4.4
47,15,07,47_07,panelist,med,1,0,0,0,4.4,0,0,4.4
47,15,08,47_08,panelist,med,1,0,0,0,4.4,1,0.4,4.8
47,15,09,47_09,panelist,none,1,0,0,1,4.4,0,0,4.4
47,15,10,47_10,panelist,high,1,1,0,0,4.4,0,0,4.4
47,15,11,47_11,panelist,none,1,0,0,1,4.4,0,0,4.4
47,15,12,47_12,panelist,none,1,0,0,1,4.4,1,0.1,4.5
47,15,13,47_13,panelist,med,1,0,0,0,4.4,0,0,4.4
47,15,14,47_14,reviewer,none,0,0,0,1,4.4,1,0.2,4.6
47,15,15,47_15,reviewer,high,0,1,0,0,4.4,0,0,4.4
47,15,16,47_16,panelist,med,1,0,0,0,4.4,0,0,4.4
47,15,17,47_17,panelist,low,1,0,1,0,4.4,1,0.1,4.5
47,15,18,47_18,panelist,med,1,0,0,0,4.4,1,-0.1,4.3
47,15,19,47_19,panelist,high,1,1,0,0,4.4,1,-0.1,4.3
47,15,20,47_20,panelist,med,1,0,0,0,4.4,0,0,4.4
47,15,21,47_21,panelist,med,1,0,0,0,4.4,0,0,4.4
47,15,22,47_22,panelist,high,1,1,0,0,4.4,1,0.1,4.5
47,15,23,47_23,panelist,med,1,0,0,0,4.4,1,0.1,4.5
47,15,24,47_24,panelist,med,1,0,0,0,4.4,0,0,4.4
48,1,01,48_01,panelist,low,1,0,1,0,3.6,1,0.1,3.7
48,1,02,48_02,panelist,high,1,1,0,0,3.6,0,0,3.6
48,1,03,48_03,reviewer,low,0,0,1,0,3.6,1,0.1,3.7
48,1,04,48_04,panelist,med,1,0,0,0,3.6,0,0,3.6
48,1,05,48_05,panelist,low,1,0,1,0,3.6,1,-0.2,3.5
48,1,06,48_06,panelist,med,1,0,0,0,3.6,0,0,3.6
48,1,07,48_07,panelist,none,1,0,0,1,3.6,0,0,3.6
48,1,08,48_08,panelist,med,1,0,0,0,3.6,1,0.1,3.7
48,1,09,48_09,panelist,med,1,0,0,0,3.6,0,0,3.6
48,1,10,48_10,panelist,high,1,1,0,0,3.6,0,0,3.6
48,1,11,48_11,panelist,none,1,0,0,1,3.6,0,0,3.6
48,1,12,48_12,panelist,high,1,1,0,0,3.6,1,0.1,3.7
48,1,13,48_13,panelist,med,1,0,0,0,3.6,1,0.1,3.7
48,1,14,48_14,panelist,med,1,0,0,0,3.6,0,0,3.6
48,1,15,48_15,panelist,high,1,1,0,0,3.6,1,0.2,3.8
48,1,16,48_16,panelist,med,1,0,0,0,3.6,0,0,3.6
48,1,17,48_17,panelist,none,1,0,0,1,3.6,0,0,3.6
48,1,18,48_18,reviewer,med,0,0,0,0,3.6,1,-0.1,3.5
48,1,19,48_19,panelist,med,1,0,0,0,3.6,1,-0.3,3.5
48,1,20,48_20,panelist,high,1,1,0,0,3.6,0,0,3.6
48,1,21,48_21,reviewer,med,0,0,0,0,3.6,0,0,3.6
48,1,22,48_22,panelist,low,1,0,1,0,3.6,1,-0.1,3.5
48,1,23,48_23,panelist,high,1,1,0,0,3.6,0,0,3.6
48,1,24,48_24,panelist,none,1,0,0,1,3.6,1,0.1,3.7
48,2,01,48_01,panelist,med,1,0,0,0,4.2,0,0,4.2
48,2,02,48_02,panelist,high,1,1,0,0,4.2,0,0,4.2
48,2,03,48_03,panelist,low,1,0,1,0,4.2,0,0,4.2
48,2,04,48_04,reviewer,med,0,0,0,0,4.2,0,0,4.2
48,2,05,48_05,panelist,med,1,0,0,0,4.2,1,-0.1,4.1
48,2,06,48_06,panelist,low,1,0,1,0,4.2,0,0,4.2
48,2,07,48_07,panelist,low,1,0,1,0,4.2,1,-0.1,4.1
48,2,08,48_08,panelist,med,1,0,0,0,4.2,0,0,4.2
48,2,09,48_09,reviewer,high,0,1,0,0,4.2,1,0.2,4.4
48,2,10,48_10,panelist,none,1,0,0,1,4.2,0,0,4.2
48,2,11,48_11,panelist,high,1,1,0,0,4.2,0,0,4.2
48,2,12,48_12,panelist,high,1,1,0,0,4.2,1,0.2,4.4
48,2,13,48_13,panelist,low,1,0,1,0,4.2,0,0,4.2
48,2,14,48_14,panelist,med,1,0,0,0,4.2,1,0.1,4.3
48,2,15,48_15,panelist,none,1,0,0,1,4.2,0,0,4.2
48,2,16,48_16,panelist,none,1,0,0,1,4.2,1,0.1,4.3
48,2,17,48_17,panelist,med,1,0,0,0,4.2,0,0,4.2
48,2,18,48_18,panelist,none,1,0,0,1,4.2,0,0,4.2
48,2,19,48_19,panelist,med,1,0,0,0,4.2,1,-0.1,4.1
48,2,20,48_20,reviewer,med,0,0,0,0,4.2,0,0,4.2
48,2,21,48_21,panelist,med,1,0,0,0,4.2,1,0.1,4.3
48,2,22,48_22,panelist,high,1,1,0,0,4.2,0,0,4.2
48,2,23,48_23,panelist,med,1,0,0,0,4.2,0,0,4.2
48,2,24,48_24,panelist,high,1,1,0,0,4.2,0,0,4.2
48,3,01,48_01,panelist,med,1,0,0,0,4.1,1,-0.2,3.9
48,3,02,48_02,panelist,none,1,0,0,1,4.1,0,0,4.1
48,3,03,48_03,panelist,high,1,1,0,0,4.1,0,0,4.1
48,3,04,48_04,panelist,none,1,0,0,1,4.1,0,0,4.1
48,3,05,48_05,panelist,low,1,0,1,0,4.1,0,0,4.1
48,3,06,48_06,panelist,med,1,0,0,0,4.1,0,0,4.1
48,3,07,48_07,panelist,med,1,0,0,0,4.1,0,0,4.1
48,3,08,48_08,panelist,med,1,0,0,0,4.1,1,-0.1,4
48,3,09,48_09,panelist,high,1,1,0,0,4.1,0,0,4.1
48,3,10,48_10,panelist,high,1,1,0,0,4.1,0,0,4.1
48,3,11,48_11,panelist,med,1,0,0,0,4.1,0,0,4.1
48,3,12,48_12,reviewer,low,0,0,1,0,4.1,0,0,4.1
48,3,13,48_13,panelist,high,1,1,0,0,4.1,0,0,4.1
48,3,14,48_14,panelist,med,1,0,0,0,4.1,1,0.1,4.2
48,3,15,48_15,panelist,low,1,0,1,0,4.1,1,-0.1,4
48,3,16,48_16,panelist,med,1,0,0,0,4.1,0,0,4.1
48,3,17,48_17,panelist,med,1,0,0,0,4.1,1,0.3,4.4
48,3,18,48_18,panelist,med,1,0,0,0,4.1,0,0,4.1
48,3,19,48_19,panelist,high,1,1,0,0,4.1,1,0.1,4.2
48,3,20,48_20,panelist,low,1,0,1,0,4.1,0,0,4.1
48,3,21,48_21,panelist,high,1,1,0,0,4.1,0,0,4.1
48,3,22,48_22,reviewer,med,0,0,0,0,4.1,1,0.1,4.2
48,3,23,48_23,panelist,none,1,0,0,1,4.1,0,0,4.1
48,3,24,48_24,reviewer,none,0,0,0,1,4.1,0,0,4.1
48,4,01,48_01,panelist,high,1,1,0,0,3.7,0,0,3.7
48,4,02,48_02,panelist,med,1,0,0,0,3.7,0,0,3.7
48,4,03,48_03,panelist,low,1,0,1,0,3.7,0,0,3.7
48,4,04,48_04,panelist,high,1,1,0,0,3.7,0,0,3.7
48,4,05,48_05,panelist,med,1,0,0,0,3.7,0,0,3.7
48,4,06,48_06,panelist,none,1,0,0,1,3.7,1,0.1,3.8
48,4,07,48_07,panelist,none,1,0,0,1,3.7,0,0,3.7
48,4,08,48_08,panelist,low,1,0,1,0,3.7,0,0,3.7
48,4,09,48_09,reviewer,low,0,0,1,0,3.7,0,0,3.7
48,4,10,48_10,reviewer,med,0,0,0,0,3.7,0,0,3.7
48,4,11,48_11,panelist,high,1,1,0,0,3.7,1,0.2,3.9
48,4,12,48_12,panelist,low,1,0,1,0,3.7,1,-0.1,3.6
48,4,13,48_13,panelist,high,1,1,0,0,3.7,0,0,3.7
48,4,14,48_14,panelist,med,1,0,0,0,3.7,1,0.1,3.8
48,4,15,48_15,panelist,none,1,0,0,1,3.7,0,0,3.7
48,4,16,48_16,panelist,none,1,0,0,1,3.7,1,-0.1,3.6
48,4,17,48_17,panelist,med,1,0,0,0,3.7,0,0,3.7
48,4,18,48_18,panelist,med,1,0,0,0,3.7,0,0,3.7
48,4,19,48_19,reviewer,high,0,1,0,0,3.7,1,0.1,3.8
48,4,20,48_20,panelist,med,1,0,0,0,3.7,0,0,3.7
48,4,21,48_21,panelist,med,1,0,0,0,3.7,1,0.3,4
48,4,22,48_22,panelist,med,1,0,0,0,3.7,0,0,3.7
48,4,23,48_23,panelist,high,1,1,0,0,3.7,0,0,3.7
48,4,24,48_24,panelist,med,1,0,0,0,3.7,0,0,3.7
48,5,01,48_01,reviewer,none,0,0,0,1,3.7,0,0,3.7
48,5,02,48_02,panelist,low,1,0,1,0,3.7,0,0,3.7
48,5,03,48_03,panelist,high,1,1,0,0,3.7,0,0,3.7
48,5,04,48_04,reviewer,high,0,1,0,0,3.7,1,0.1,3.8
48,5,05,48_05,panelist,med,1,0,0,0,3.7,1,-0.3,3.5
48,5,06,48_06,panelist,med,1,0,0,0,3.7,0,0,3.7
48,5,07,48_07,panelist,none,1,0,0,1,3.7,0,0,3.7
48,5,08,48_08,panelist,low,1,0,1,0,3.7,1,0.1,3.8
48,5,09,48_09,reviewer,med,0,0,0,0,3.7,0,0,3.7
48,5,10,48_10,panelist,high,1,1,0,0,3.7,0,0,3.7
48,5,11,48_11,panelist,high,1,1,0,0,3.7,0,0,3.7
48,5,12,48_12,panelist,high,1,1,0,0,3.7,0,0,3.7
48,5,13,48_13,panelist,med,1,0,0,0,3.7,1,0.1,3.8
48,5,14,48_14,panelist,med,1,0,0,0,3.7,0,0,3.7
48,5,15,48_15,panelist,med,1,0,0,0,3.7,0,0,3.7
48,5,16,48_16,panelist,none,1,0,0,1,3.7,0,0,3.7
48,5,17,48_17,panelist,low,1,0,1,0,3.7,0,0,3.7
48,5,18,48_18,panelist,med,1,0,0,0,3.7,0,0,3.7
48,5,19,48_19,panelist,low,1,0,1,0,3.7,1,0.2,3.9
48,5,20,48_20,panelist,high,1,1,0,0,3.7,0,0,3.7
48,5,21,48_21,panelist,none,1,0,0,1,3.7,1,0.1,3.8
48,5,22,48_22,panelist,med,1,0,0,0,3.7,0,0,3.7
48,5,23,48_23,panelist,med,1,0,0,0,3.7,1,-0.1,3.6
48,5,24,48_24,panelist,med,1,0,0,0,3.7,1,0.1,3.8
48,6,01,48_01,reviewer,high,0,1,0,0,3.5,0,0,3.5
48,6,02,48_02,reviewer,med,0,0,0,0,3.5,0,0,3.5
48,6,03,48_03,panelist,med,1,0,0,0,3.5,0,0,3.5
48,6,04,48_04,panelist,none,1,0,0,1,3.5,1,-0.2,3.5
48,6,05,48_05,reviewer,low,0,0,1,0,3.5,0,0,3.5
48,6,06,48_06,panelist,none,1,0,0,1,3.5,0,0,3.5
48,6,07,48_07,panelist,high,1,1,0,0,3.5,0,0,3.5
48,6,08,48_08,panelist,low,1,0,1,0,3.5,0,0,3.5
48,6,09,48_09,panelist,none,1,0,0,1,3.5,1,0.1,3.6
48,6,10,48_10,panelist,low,1,0,1,0,3.5,1,0.3,3.8
48,6,11,48_11,panelist,med,1,0,0,0,3.5,0,0,3.5
48,6,12,48_12,panelist,low,1,0,1,0,3.5,1,0.1,3.6
48,6,13,48_13,panelist,med,1,0,0,0,3.5,0,0,3.5
48,6,14,48_14,panelist,med,1,0,0,0,3.5,1,0.2,3.7
48,6,15,48_15,panelist,high,1,1,0,0,3.5,0,0,3.5
48,6,16,48_16,panelist,med,1,0,0,0,3.5,0,0,3.5
48,6,17,48_17,panelist,none,1,0,0,1,3.5,0,0,3.5
48,6,18,48_18,panelist,med,1,0,0,0,3.5,1,-0.2,3.5
48,6,19,48_19,panelist,high,1,1,0,0,3.5,1,-0.1,3.5
48,6,20,48_20,panelist,med,1,0,0,0,3.5,0,0,3.5
48,6,21,48_21,panelist,med,1,0,0,0,3.5,0,0,3.5
48,6,22,48_22,panelist,med,1,0,0,0,3.5,0,0,3.5
48,6,23,48_23,panelist,high,1,1,0,0,3.5,0,0,3.5
48,6,24,48_24,panelist,high,1,1,0,0,3.5,1,-0.2,3.5
48,7,01,48_01,panelist,med,1,0,0,0,3.9,0,0,3.9
48,7,02,48_02,panelist,high,1,1,0,0,3.9,1,0.2,4.1
48,7,03,48_03,panelist,high,1,1,0,0,3.9,0,0,3.9
48,7,04,48_04,panelist,med,1,0,0,0,3.9,0,0,3.9
48,7,05,48_05,reviewer,high,0,1,0,0,3.9,0,0,3.9
48,7,06,48_06,panelist,high,1,1,0,0,3.9,0,0,3.9
48,7,07,48_07,panelist,high,1,1,0,0,3.9,0,0,3.9
48,7,08,48_08,panelist,med,1,0,0,0,3.9,0,0,3.9
48,7,09,48_09,panelist,low,1,0,1,0,3.9,0,0,3.9
48,7,10,48_10,panelist,low,1,0,1,0,3.9,0,0,3.9
48,7,11,48_11,panelist,none,1,0,0,1,3.9,0,0,3.9
48,7,12,48_12,panelist,med,1,0,0,0,3.9,1,0.3,4.2
48,7,13,48_13,panelist,none,1,0,0,1,3.9,1,-0.1,3.8
48,7,14,48_14,panelist,med,1,0,0,0,3.9,0,0,3.9
48,7,15,48_15,panelist,med,1,0,0,0,3.9,1,0.1,4
48,7,16,48_16,panelist,high,1,1,0,0,3.9,0,0,3.9
48,7,17,48_17,reviewer,none,0,0,0,1,3.9,0,0,3.9
48,7,18,48_18,panelist,low,1,0,1,0,3.9,1,0.2,4.1
48,7,19,48_19,panelist,none,1,0,0,1,3.9,1,0.2,4.1
48,7,20,48_20,panelist,med,1,0,0,0,3.9,0,0,3.9
48,7,21,48_21,panelist,med,1,0,0,0,3.9,0,0,3.9
48,7,22,48_22,panelist,low,1,0,1,0,3.9,1,0.1,4
48,7,23,48_23,reviewer,med,0,0,0,0,3.9,0,0,3.9
48,7,24,48_24,panelist,med,1,0,0,0,3.9,1,-0.3,3.6
48,8,01,48_01,panelist,med,1,0,0,0,3.5,0,0,3.5
48,8,02,48_02,panelist,med,1,0,0,0,3.5,1,0.1,3.6
48,8,03,48_03,panelist,med,1,0,0,0,3.5,1,0.1,3.6
48,8,04,48_04,panelist,high,1,1,0,0,3.5,0,0,3.5
48,8,05,48_05,panelist,med,1,0,0,0,3.5,1,0.2,3.7
48,8,06,48_06,panelist,none,1,0,0,1,3.5,1,0.3,3.8
48,8,07,48_07,reviewer,high,0,1,0,0,3.5,0,0,3.5
48,8,08,48_08,reviewer,low,0,0,1,0,3.5,1,0.2,3.7
48,8,09,48_09,panelist,high,1,1,0,0,3.5,0,0,3.5
48,8,10,48_10,panelist,med,1,0,0,0,3.5,1,-0.1,3.5
48,8,11,48_11,panelist,med,1,0,0,0,3.5,1,-0.1,3.5
48,8,12,48_12,panelist,high,1,1,0,0,3.5,0,0,3.5
48,8,13,48_13,reviewer,high,0,1,0,0,3.5,0,0,3.5
48,8,14,48_14,panelist,med,1,0,0,0,3.5,0,0,3.5
48,8,15,48_15,panelist,low,1,0,1,0,3.5,0,0,3.5
48,8,16,48_16,panelist,none,1,0,0,1,3.5,1,0.1,3.6
48,8,17,48_17,panelist,low,1,0,1,0,3.5,0,0,3.5
48,8,18,48_18,panelist,med,1,0,0,0,3.5,1,0.1,3.6
48,8,19,48_19,panelist,low,1,0,1,0,3.5,1,0.2,3.7
48,8,20,48_20,panelist,none,1,0,0,1,3.5,0,0,3.5
48,8,21,48_21,panelist,high,1,1,0,0,3.5,0,0,3.5
48,8,22,48_22,panelist,med,1,0,0,0,3.5,0,0,3.5
48,8,23,48_23,panelist,med,1,0,0,0,3.5,1,-0.1,3.5
48,8,24,48_24,panelist,none,1,0,0,1,3.5,1,-0.1,3.5
48,9,01,48_01,panelist,low,1,0,1,0,4.2,1,-0.1,4.1
48,9,02,48_02,panelist,high,1,1,0,0,4.2,0,0,4.2
48,9,03,48_03,panelist,high,1,1,0,0,4.2,0,0,4.2
48,9,04,48_04,panelist,none,1,0,0,1,4.2,0,0,4.2
48,9,05,48_05,panelist,low,1,0,1,0,4.2,1,0.1,4.3
48,9,06,48_06,panelist,high,1,1,0,0,4.2,0,0,4.2
48,9,07,48_07,panelist,med,1,0,0,0,4.2,0,0,4.2
48,9,08,48_08,panelist,low,1,0,1,0,4.2,1,-0.1,4.1
48,9,09,48_09,panelist,med,1,0,0,0,4.2,0,0,4.2
48,9,10,48_10,panelist,med,1,0,0,0,4.2,0,0,4.2
48,9,11,48_11,panelist,none,1,0,0,1,4.2,0,0,4.2
48,9,12,48_12,panelist,none,1,0,0,1,4.2,0,0,4.2
48,9,13,48_13,panelist,low,1,0,1,0,4.2,0,0,4.2
48,9,14,48_14,panelist,high,1,1,0,0,4.2,1,0.1,4.3
48,9,15,48_15,panelist,med,1,0,0,0,4.2,0,0,4.2
48,9,16,48_16,panelist,high,1,1,0,0,4.2,1,-0.4,3.8
48,9,17,48_17,reviewer,med,0,0,0,0,4.2,0,0,4.2
48,9,18,48_18,reviewer,med,0,0,0,0,4.2,0,0,4.2
48,9,19,48_19,panelist,high,1,1,0,0,4.2,1,-0.1,4.1
48,9,20,48_20,panelist,med,1,0,0,0,4.2,0,0,4.2
48,9,21,48_21,panelist,med,1,0,0,0,4.2,0,0,4.2
48,9,22,48_22,panelist,med,1,0,0,0,4.2,0,0,4.2
48,9,23,48_23,panelist,none,1,0,0,1,4.2,0,0,4.2
48,9,24,48_24,reviewer,med,0,0,0,0,4.2,0,0,4.2
48,10,01,48_01,panelist,low,1,0,1,0,4.5,1,-0.1,4.4
48,10,02,48_02,panelist,low,1,0,1,0,4.5,1,0.1,4.6
48,10,03,48_03,panelist,high,1,1,0,0,4.5,0,0,4.5
48,10,04,48_04,panelist,high,1,1,0,0,4.5,0,0,4.5
48,10,05,48_05,panelist,low,1,0,1,0,4.5,0,0,4.5
48,10,06,48_06,reviewer,med,0,0,0,0,4.5,0,0,4.5
48,10,07,48_07,reviewer,med,0,0,0,0,4.5,0,0,4.5
48,10,08,48_08,panelist,med,1,0,0,0,4.5,0,0,4.5
48,10,09,48_09,panelist,med,1,0,0,0,4.5,0,0,4.5
48,10,10,48_10,panelist,none,1,0,0,1,4.5,0,0,4.5
48,10,11,48_11,reviewer,low,0,0,1,0,4.5,0,0,4.5
48,10,12,48_12,panelist,med,1,0,0,0,4.5,1,0.1,4.6
48,10,13,48_13,panelist,high,1,1,0,0,4.5,0,0,4.5
48,10,14,48_14,panelist,med,1,0,0,0,4.5,1,-0.1,4.4
48,10,15,48_15,panelist,med,1,0,0,0,4.5,0,0,4.5
48,10,16,48_16,panelist,med,1,0,0,0,4.5,0,0,4.5
48,10,17,48_17,panelist,high,1,1,0,0,4.5,0,0,4.5
48,10,18,48_18,panelist,high,1,1,0,0,4.5,0,0,4.5
48,10,19,48_19,panelist,none,1,0,0,1,4.5,1,0.1,4.6
48,10,20,48_20,panelist,high,1,1,0,0,4.5,1,0.1,4.6
48,10,21,48_21,panelist,med,1,0,0,0,4.5,0,0,4.5
48,10,22,48_22,panelist,none,1,0,0,1,4.5,1,-0.1,4.4
48,10,23,48_23,panelist,none,1,0,0,1,4.5,0,0,4.5
48,10,24,48_24,panelist,med,1,0,0,0,4.5,1,0.1,4.6
48,11,01,48_01,panelist,none,1,0,0,1,4.1,1,-0.1,4
48,11,02,48_02,panelist,med,1,0,0,0,4.1,1,0.4,4.5
48,11,03,48_03,panelist,med,1,0,0,0,4.1,0,0,4.1
48,11,04,48_04,panelist,low,1,0,1,0,4.1,0,0,4.1
48,11,05,48_05,reviewer,med,0,0,0,0,4.1,0,0,4.1
48,11,06,48_06,panelist,none,1,0,0,1,4.1,1,-0.1,4
48,11,07,48_07,panelist,low,1,0,1,0,4.1,0,0,4.1
48,11,08,48_08,reviewer,none,0,0,0,1,4.1,0,0,4.1
48,11,09,48_09,reviewer,med,0,0,0,0,4.1,0,0,4.1
48,11,10,48_10,panelist,none,1,0,0,1,4.1,0,0,4.1
48,11,11,48_11,panelist,high,1,1,0,0,4.1,0,0,4.1
48,11,12,48_12,panelist,high,1,1,0,0,4.1,0,0,4.1
48,11,13,48_13,panelist,med,1,0,0,0,4.1,1,0.1,4.2
48,11,14,48_14,panelist,med,1,0,0,0,4.1,1,-0.1,4
48,11,15,48_15,panelist,med,1,0,0,0,4.1,0,0,4.1
48,11,16,48_16,panelist,low,1,0,1,0,4.1,0,0,4.1
48,11,17,48_17,panelist,high,1,1,0,0,4.1,0,0,4.1
48,11,18,48_18,panelist,high,1,1,0,0,4.1,0,0,4.1
48,11,19,48_19,panelist,med,1,0,0,0,4.1,0,0,4.1
48,11,20,48_20,panelist,med,1,0,0,0,4.1,0,0,4.1
48,11,21,48_21,panelist,high,1,1,0,0,4.1,0,0,4.1
48,11,22,48_22,panelist,high,1,1,0,0,4.1,0,0,4.1
48,11,23,48_23,panelist,low,1,0,1,0,4.1,1,-0.1,4
48,11,24,48_24,panelist,med,1,0,0,0,4.1,1,-0.1,4
48,12,01,48_01,reviewer,med,0,0,0,0,4.8,0,0,4.8
48,12,02,48_02,panelist,med,1,0,0,0,4.8,1,-0.2,4.6
48,12,03,48_03,reviewer,high,0,1,0,0,4.8,1,-0.4,4.4
48,12,04,48_04,panelist,none,1,0,0,1,4.8,0,0,4.8
48,12,05,48_05,panelist,high,1,1,0,0,4.8,1,-0.2,4.6
48,12,06,48_06,panelist,low,1,0,1,0,4.8,0,0,4.8
48,12,07,48_07,panelist,high,1,1,0,0,4.8,0,0,4.8
48,12,08,48_08,reviewer,high,0,1,0,0,4.8,0,0,4.8
48,12,09,48_09,panelist,low,1,0,1,0,4.8,0,0,4.8
48,12,10,48_10,panelist,low,1,0,1,0,4.8,1,-0.1,4.7
48,12,11,48_11,panelist,med,1,0,0,0,4.8,0,0,4.8
48,12,12,48_12,panelist,low,1,0,1,0,4.8,0,0,4.8
48,12,13,48_13,panelist,med,1,0,0,0,4.8,1,-0.3,4.5
48,12,14,48_14,panelist,med,1,0,0,0,4.8,1,-0.1,4.7
48,12,15,48_15,panelist,med,1,0,0,0,4.8,1,-0.2,4.6
48,12,16,48_16,panelist,high,1,1,0,0,4.8,0,0,4.8
48,12,17,48_17,panelist,med,1,0,0,0,4.8,1,0.1,4.9
48,12,18,48_18,panelist,med,1,0,0,0,4.8,1,0.2,4.9
48,12,19,48_19,panelist,none,1,0,0,1,4.8,0,0,4.8
48,12,20,48_20,panelist,high,1,1,0,0,4.8,1,-0.2,4.6
48,12,21,48_21,panelist,med,1,0,0,0,4.8,0,0,4.8
48,12,22,48_22,panelist,none,1,0,0,1,4.8,0,0,4.8
48,12,23,48_23,panelist,med,1,0,0,0,4.8,0,0,4.8
48,12,24,48_24,panelist,none,1,0,0,1,4.8,1,0.1,4.9
48,13,01,48_01,panelist,none,1,0,0,1,4.6,0,0,4.6
48,13,02,48_02,panelist,high,1,1,0,0,4.6,0,0,4.6
48,13,03,48_03,panelist,none,1,0,0,1,4.6,0,0,4.6
48,13,04,48_04,panelist,med,1,0,0,0,4.6,0,0,4.6
48,13,05,48_05,panelist,high,1,1,0,0,4.6,1,-0.2,4.4
48,13,06,48_06,panelist,low,1,0,1,0,4.6,0,0,4.6
48,13,07,48_07,panelist,high,1,1,0,0,4.6,0,0,4.6
48,13,08,48_08,panelist,high,1,1,0,0,4.6,0,0,4.6
48,13,09,48_09,panelist,med,1,0,0,0,4.6,0,0,4.6
48,13,10,48_10,panelist,high,1,1,0,0,4.6,0,0,4.6
48,13,11,48_11,reviewer,med,0,0,0,0,4.6,0,0,4.6
48,13,12,48_12,panelist,med,1,0,0,0,4.6,0,0,4.6
48,13,13,48_13,panelist,med,1,0,0,0,4.6,0,0,4.6
48,13,14,48_14,panelist,med,1,0,0,0,4.6,1,-0.2,4.4
48,13,15,48_15,panelist,high,1,1,0,0,4.6,1,-0.2,4.4
48,13,16,48_16,panelist,med,1,0,0,0,4.6,1,-0.2,4.4
48,13,17,48_17,reviewer,med,0,0,0,0,4.6,0,0,4.6
48,13,18,48_18,panelist,med,1,0,0,0,4.6,0,0,4.6
48,13,19,48_19,panelist,low,1,0,1,0,4.6,1,0.1,4.7
48,13,20,48_20,panelist,none,1,0,0,1,4.6,1,-0.1,4.5
48,13,21,48_21,panelist,med,1,0,0,0,4.6,0,0,4.6
48,13,22,48_22,panelist,none,1,0,0,1,4.6,1,-0.2,4.4
48,13,23,48_23,panelist,low,1,0,1,0,4.6,0,0,4.6
48,13,24,48_24,reviewer,low,0,0,1,0,4.6,0,0,4.6
48,14,01,48_01,panelist,med,1,0,0,0,3.5,0,0,3.5
48,14,02,48_02,panelist,low,1,0,1,0,3.5,1,0.3,3.8
48,14,03,48_03,panelist,high,1,1,0,0,3.5,1,0.3,3.8
48,14,04,48_04,panelist,med,1,0,0,0,3.5,0,0,3.5
48,14,05,48_05,panelist,med,1,0,0,0,3.5,0,0,3.5
48,14,06,48_06,reviewer,low,0,0,1,0,3.5,0,0,3.5
48,14,07,48_07,panelist,high,1,1,0,0,3.5,1,0.1,3.6
48,14,08,48_08,panelist,none,1,0,0,1,3.5,0,0,3.5
48,14,09,48_09,panelist,med,1,0,0,0,3.5,0,0,3.5
48,14,10,48_10,panelist,med,1,0,0,0,3.5,0,0,3.5
48,14,11,48_11,panelist,none,1,0,0,1,3.5,1,-0.2,3.5
48,14,12,48_12,panelist,high,1,1,0,0,3.5,0,0,3.5
48,14,13,48_13,reviewer,low,0,0,1,0,3.5,0,0,3.5
48,14,14,48_14,panelist,med,1,0,0,0,3.5,1,-0.1,3.5
48,14,15,48_15,panelist,med,1,0,0,0,3.5,1,0.1,3.6
48,14,16,48_16,panelist,med,1,0,0,0,3.5,0,0,3.5
48,14,17,48_17,panelist,med,1,0,0,0,3.5,0,0,3.5
48,14,18,48_18,panelist,low,1,0,1,0,3.5,0,0,3.5
48,14,19,48_19,panelist,none,1,0,0,1,3.5,0,0,3.5
48,14,20,48_20,panelist,none,1,0,0,1,3.5,0,0,3.5
48,14,21,48_21,panelist,high,1,1,0,0,3.5,0,0,3.5
48,14,22,48_22,reviewer,high,0,1,0,0,3.5,0,0,3.5
48,14,23,48_23,panelist,high,1,1,0,0,3.5,0,0,3.5
48,14,24,48_24,panelist,med,1,0,0,0,3.5,0,0,3.5
48,15,01,48_01,panelist,med,1,0,0,0,4.3,0,0,4.3
48,15,02,48_02,reviewer,low,0,0,1,0,4.3,0,0,4.3
48,15,03,48_03,panelist,low,1,0,1,0,4.3,1,0.1,4.4
48,15,04,48_04,panelist,low,1,0,1,0,4.3,1,0.1,4.4
48,15,05,48_05,reviewer,med,0,0,0,0,4.3,1,-0.1,4.2
48,15,06,48_06,panelist,none,1,0,0,1,4.3,1,0.1,4.4
48,15,07,48_07,panelist,med,1,0,0,0,4.3,0,0,4.3
48,15,08,48_08,panelist,med,1,0,0,0,4.3,0,0,4.3
48,15,09,48_09,panelist,none,1,0,0,1,4.3,0,0,4.3
48,15,10,48_10,panelist,high,1,1,0,0,4.3,0,0,4.3
48,15,11,48_11,panelist,med,1,0,0,0,4.3,1,0.4,4.7
48,15,12,48_12,panelist,med,1,0,0,0,4.3,1,0.1,4.4
48,15,13,48_13,panelist,high,1,1,0,0,4.3,1,0.1,4.4
48,15,14,48_14,panelist,med,1,0,0,0,4.3,1,0.1,4.4
48,15,15,48_15,panelist,high,1,1,0,0,4.3,0,0,4.3
48,15,16,48_16,panelist,high,1,1,0,0,4.3,0,0,4.3
48,15,17,48_17,panelist,med,1,0,0,0,4.3,0,0,4.3
48,15,18,48_18,panelist,high,1,1,0,0,4.3,0,0,4.3
48,15,19,48_19,panelist,none,1,0,0,1,4.3,0,0,4.3
48,15,20,48_20,panelist,med,1,0,0,0,4.3,1,0.1,4.4
48,15,21,48_21,panelist,med,1,0,0,0,4.3,0,0,4.3
48,15,22,48_22,reviewer,none,0,0,0,1,4.3,1,0.1,4.4
48,15,23,48_23,panelist,high,1,1,0,0,4.3,1,-0.3,4
48,15,24,48_24,panelist,low,1,0,1,0,4.3,1,-0.1,4.2
49,1,01,49_01,panelist,high,1,1,0,0,3.8,0,0,3.8
49,1,02,49_02,panelist,med,1,0,0,0,3.8,0,0,3.8
49,1,03,49_03,panelist,med,1,0,0,0,3.8,0,0,3.8
49,1,04,49_04,panelist,low,1,0,1,0,3.8,0,0,3.8
49,1,05,49_05,panelist,high,1,1,0,0,3.8,0,0,3.8
49,1,06,49_06,panelist,high,1,1,0,0,3.8,1,-0.1,3.7
49,1,07,49_07,panelist,high,1,1,0,0,3.8,0,0,3.8
49,1,08,49_08,panelist,med,1,0,0,0,3.8,0,0,3.8
49,1,09,49_09,panelist,med,1,0,0,0,3.8,1,-0.1,3.7
49,1,10,49_10,panelist,med,1,0,0,0,3.8,0,0,3.8
49,1,11,49_11,panelist,none,1,0,0,1,3.8,1,0.1,3.9
49,1,12,49_12,reviewer,high,0,1,0,0,3.8,1,0.1,3.9
49,1,13,49_13,panelist,med,1,0,0,0,3.8,0,0,3.8
49,1,14,49_14,panelist,low,1,0,1,0,3.8,0,0,3.8
49,1,15,49_15,panelist,med,1,0,0,0,3.8,0,0,3.8
49,1,16,49_16,panelist,med,1,0,0,0,3.8,0,0,3.8
49,1,17,49_17,reviewer,high,0,1,0,0,3.8,0,0,3.8
49,1,18,49_18,panelist,none,1,0,0,1,3.8,0,0,3.8
49,1,19,49_19,panelist,med,1,0,0,0,3.8,1,-0.2,3.6
49,1,20,49_20,reviewer,med,0,0,0,0,3.8,0,0,3.8
49,1,21,49_21,panelist,low,1,0,1,0,3.8,1,-0.1,3.7
49,1,22,49_22,panelist,none,1,0,0,1,3.8,0,0,3.8
49,1,23,49_23,panelist,low,1,0,1,0,3.8,0,0,3.8
49,1,24,49_24,panelist,none,1,0,0,1,3.8,0,0,3.8
49,2,01,49_01,panelist,high,1,1,0,0,4.4,0,0,4.4
49,2,02,49_02,panelist,none,1,0,0,1,4.4,1,0.1,4.5
49,2,03,49_03,panelist,high,1,1,0,0,4.4,1,-0.2,4.2
49,2,04,49_04,panelist,none,1,0,0,1,4.4,0,0,4.4
49,2,05,49_05,panelist,high,1,1,0,0,4.4,0,0,4.4
49,2,06,49_06,panelist,low,1,0,1,0,4.4,1,-0.1,4.3
49,2,07,49_07,reviewer,none,0,0,0,1,4.4,1,-0.2,4.2
49,2,08,49_08,panelist,med,1,0,0,0,4.4,0,0,4.4
49,2,09,49_09,panelist,med,1,0,0,0,4.4,1,-0.2,4.2
49,2,10,49_10,panelist,med,1,0,0,0,4.4,0,0,4.4
49,2,11,49_11,panelist,low,1,0,1,0,4.4,1,0.1,4.5
49,2,12,49_12,panelist,high,1,1,0,0,4.4,0,0,4.4
49,2,13,49_13,reviewer,high,0,1,0,0,4.4,0,0,4.4
49,2,14,49_14,panelist,med,1,0,0,0,4.4,1,0.2,4.6
49,2,15,49_15,panelist,low,1,0,1,0,4.4,0,0,4.4
49,2,16,49_16,panelist,high,1,1,0,0,4.4,1,-0.1,4.3
49,2,17,49_17,panelist,med,1,0,0,0,4.4,0,0,4.4
49,2,18,49_18,panelist,med,1,0,0,0,4.4,0,0,4.4
49,2,19,49_19,panelist,low,1,0,1,0,4.4,1,-0.2,4.2
49,2,20,49_20,reviewer,med,0,0,0,0,4.4,0,0,4.4
49,2,21,49_21,panelist,med,1,0,0,0,4.4,0,0,4.4
49,2,22,49_22,panelist,med,1,0,0,0,4.4,1,-0.3,4.1
49,2,23,49_23,panelist,none,1,0,0,1,4.4,1,-0.3,4.1
49,2,24,49_24,panelist,med,1,0,0,0,4.4,0,0,4.4
49,3,01,49_01,panelist,med,1,0,0,0,4.4,0,0,4.4
49,3,02,49_02,panelist,low,1,0,1,0,4.4,1,-0.1,4.3
49,3,03,49_03,panelist,low,1,0,1,0,4.4,1,0.2,4.6
49,3,04,49_04,panelist,med,1,0,0,0,4.4,1,0.2,4.6
49,3,05,49_05,panelist,high,1,1,0,0,4.4,0,0,4.4
49,3,06,49_06,panelist,low,1,0,1,0,4.4,0,0,4.4
49,3,07,49_07,panelist,high,1,1,0,0,4.4,0,0,4.4
49,3,08,49_08,panelist,none,1,0,0,1,4.4,0,0,4.4
49,3,09,49_09,panelist,med,1,0,0,0,4.4,1,-0.1,4.3
49,3,10,49_10,reviewer,none,0,0,0,1,4.4,1,-0.2,4.2
49,3,11,49_11,reviewer,med,0,0,0,0,4.4,1,0.1,4.5
49,3,12,49_12,panelist,high,1,1,0,0,4.4,0,0,4.4
49,3,13,49_13,panelist,low,1,0,1,0,4.4,0,0,4.4
49,3,14,49_14,reviewer,med,0,0,0,0,4.4,0,0,4.4
49,3,15,49_15,panelist,none,1,0,0,1,4.4,1,0.1,4.5
49,3,16,49_16,panelist,med,1,0,0,0,4.4,1,-0.1,4.3
49,3,17,49_17,panelist,high,1,1,0,0,4.4,1,-0.1,4.3
49,3,18,49_18,panelist,med,1,0,0,0,4.4,0,0,4.4
49,3,19,49_19,panelist,med,1,0,0,0,4.4,1,0.2,4.6
49,3,20,49_20,panelist,high,1,1,0,0,4.4,0,0,4.4
49,3,21,49_21,panelist,med,1,0,0,0,4.4,1,-0.1,4.3
49,3,22,49_22,panelist,high,1,1,0,0,4.4,1,0.2,4.6
49,3,23,49_23,panelist,none,1,0,0,1,4.4,1,-0.1,4.3
49,3,24,49_24,panelist,med,1,0,0,0,4.4,1,0.3,4.7
49,4,01,49_01,panelist,low,1,0,1,0,4,0,0,4
49,4,02,49_02,panelist,high,1,1,0,0,4,1,0.1,4.1
49,4,03,49_03,panelist,med,1,0,0,0,4,0,0,4
49,4,04,49_04,panelist,med,1,0,0,0,4,1,-0.3,3.7
49,4,05,49_05,panelist,med,1,0,0,0,4,0,0,4
49,4,06,49_06,panelist,low,1,0,1,0,4,0,0,4
49,4,07,49_07,reviewer,none,0,0,0,1,4,0,0,4
49,4,08,49_08,panelist,none,1,0,0,1,4,1,-0.2,3.8
49,4,09,49_09,panelist,low,1,0,1,0,4,1,-0.2,3.8
49,4,10,49_10,panelist,high,1,1,0,0,4,0,0,4
49,4,11,49_11,reviewer,high,0,1,0,0,4,1,-0.1,3.9
49,4,12,49_12,panelist,high,1,1,0,0,4,1,-0.1,3.9
49,4,13,49_13,panelist,med,1,0,0,0,4,0,0,4
49,4,14,49_14,reviewer,med,0,0,0,0,4,0,0,4
49,4,15,49_15,panelist,none,1,0,0,1,4,1,-0.1,3.9
49,4,16,49_16,panelist,med,1,0,0,0,4,0,0,4
49,4,17,49_17,panelist,med,1,0,0,0,4,1,0.1,4.1
49,4,18,49_18,panelist,med,1,0,0,0,4,0,0,4
49,4,19,49_19,panelist,none,1,0,0,1,4,1,-0.1,3.9
49,4,20,49_20,panelist,med,1,0,0,0,4,0,0,4
49,4,21,49_21,panelist,high,1,1,0,0,4,0,0,4
49,4,22,49_22,panelist,low,1,0,1,0,4,0,0,4
49,4,23,49_23,panelist,med,1,0,0,0,4,1,0.2,4.2
49,4,24,49_24,panelist,high,1,1,0,0,4,0,0,4
49,5,01,49_01,panelist,high,1,1,0,0,3.9,0,0,3.9
49,5,02,49_02,panelist,med,1,0,0,0,3.9,0,0,3.9
49,5,03,49_03,panelist,low,1,0,1,0,3.9,0,0,3.9
49,5,04,49_04,panelist,med,1,0,0,0,3.9,1,-0.1,3.8
49,5,05,49_05,panelist,med,1,0,0,0,3.9,0,0,3.9
49,5,06,49_06,panelist,none,1,0,0,1,3.9,1,0.1,4
49,5,07,49_07,panelist,low,1,0,1,0,3.9,0,0,3.9
49,5,08,49_08,panelist,med,1,0,0,0,3.9,1,-0.1,3.8
49,5,09,49_09,panelist,none,1,0,0,1,3.9,0,0,3.9
49,5,10,49_10,panelist,med,1,0,0,0,3.9,0,0,3.9
49,5,11,49_11,panelist,med,1,0,0,0,3.9,1,-0.3,3.6
49,5,12,49_12,panelist,high,1,1,0,0,3.9,0,0,3.9
49,5,13,49_13,panelist,none,1,0,0,1,3.9,1,-0.1,3.8
49,5,14,49_14,panelist,med,1,0,0,0,3.9,1,0.1,4
49,5,15,49_15,panelist,none,1,0,0,1,3.9,1,0.1,4
49,5,16,49_16,reviewer,high,0,1,0,0,3.9,0,0,3.9
49,5,17,49_17,panelist,med,1,0,0,0,3.9,1,-0.2,3.7
49,5,18,49_18,reviewer,high,0,1,0,0,3.9,0,0,3.9
49,5,19,49_19,panelist,high,1,1,0,0,3.9,0,0,3.9
49,5,20,49_20,panelist,low,1,0,1,0,3.9,0,0,3.9
49,5,21,49_21,panelist,high,1,1,0,0,3.9,0,0,3.9
49,5,22,49_22,reviewer,med,0,0,0,0,3.9,0,0,3.9
49,5,23,49_23,panelist,med,1,0,0,0,3.9,0,0,3.9
49,5,24,49_24,panelist,low,1,0,1,0,3.9,1,-0.2,3.7
49,6,01,49_01,panelist,low,1,0,1,0,3.7,1,0.1,3.8
49,6,02,49_02,panelist,med,1,0,0,0,3.7,1,0.2,3.9
49,6,03,49_03,panelist,low,1,0,1,0,3.7,0,0,3.7
49,6,04,49_04,panelist,none,1,0,0,1,3.7,0,0,3.7
49,6,05,49_05,panelist,none,1,0,0,1,3.7,1,0.1,3.8
49,6,06,49_06,panelist,low,1,0,1,0,3.7,0,0,3.7
49,6,07,49_07,panelist,none,1,0,0,1,3.7,0,0,3.7
49,6,08,49_08,panelist,high,1,1,0,0,3.7,1,0.1,3.8
49,6,09,49_09,panelist,high,1,1,0,0,3.7,0,0,3.7
49,6,10,49_10,panelist,med,1,0,0,0,3.7,1,-0.1,3.6
49,6,11,49_11,panelist,high,1,1,0,0,3.7,1,-0.1,3.6
49,6,12,49_12,panelist,med,1,0,0,0,3.7,1,-0.2,3.5
49,6,13,49_13,panelist,med,1,0,0,0,3.7,0,0,3.7
49,6,14,49_14,panelist,med,1,0,0,0,3.7,0,0,3.7
49,6,15,49_15,panelist,high,1,1,0,0,3.7,0,0,3.7
49,6,16,49_16,panelist,med,1,0,0,0,3.7,0,0,3.7
49,6,17,49_17,reviewer,med,0,0,0,0,3.7,0,0,3.7
49,6,18,49_18,panelist,high,1,1,0,0,3.7,1,-0.3,3.5
49,6,19,49_19,panelist,med,1,0,0,0,3.7,1,-0.1,3.6
49,6,20,49_20,panelist,none,1,0,0,1,3.7,0,0,3.7
49,6,21,49_21,panelist,high,1,1,0,0,3.7,1,0.2,3.9
49,6,22,49_22,reviewer,med,0,0,0,0,3.7,0,0,3.7
49,6,23,49_23,panelist,med,1,0,0,0,3.7,0,0,3.7
49,6,24,49_24,reviewer,low,0,0,1,0,3.7,0,0,3.7
49,7,01,49_01,panelist,med,1,0,0,0,4.1,1,0.1,4.2
49,7,02,49_02,reviewer,low,0,0,1,0,4.1,1,0.2,4.3
49,7,03,49_03,panelist,low,1,0,1,0,4.1,1,0.2,4.3
49,7,04,49_04,reviewer,med,0,0,0,0,4.1,0,0,4.1
49,7,05,49_05,panelist,low,1,0,1,0,4.1,0,0,4.1
49,7,06,49_06,panelist,low,1,0,1,0,4.1,1,0.1,4.2
49,7,07,49_07,panelist,high,1,1,0,0,4.1,1,-0.3,3.8
49,7,08,49_08,panelist,med,1,0,0,0,4.1,1,0.1,4.2
49,7,09,49_09,reviewer,med,0,0,0,0,4.1,1,0.1,4.2
49,7,10,49_10,panelist,med,1,0,0,0,4.1,1,-0.2,3.9
49,7,11,49_11,panelist,none,1,0,0,1,4.1,0,0,4.1
49,7,12,49_12,panelist,high,1,1,0,0,4.1,0,0,4.1
49,7,13,49_13,panelist,none,1,0,0,1,4.1,0,0,4.1
49,7,14,49_14,panelist,high,1,1,0,0,4.1,0,0,4.1
49,7,15,49_15,panelist,high,1,1,0,0,4.1,0,0,4.1
49,7,16,49_16,panelist,high,1,1,0,0,4.1,1,0.1,4.2
49,7,17,49_17,panelist,none,1,0,0,1,4.1,1,-0.1,4
49,7,18,49_18,panelist,none,1,0,0,1,4.1,1,0.1,4.2
49,7,19,49_19,panelist,high,1,1,0,0,4.1,0,0,4.1
49,7,20,49_20,panelist,med,1,0,0,0,4.1,1,0.1,4.2
49,7,21,49_21,panelist,med,1,0,0,0,4.1,0,0,4.1
49,7,22,49_22,panelist,med,1,0,0,0,4.1,1,-0.1,4
49,7,23,49_23,panelist,med,1,0,0,0,4.1,1,0.1,4.2
49,7,24,49_24,panelist,med,1,0,0,0,4.1,1,0.1,4.2
49,8,01,49_01,panelist,high,1,1,0,0,3.7,0,0,3.7
49,8,02,49_02,panelist,high,1,1,0,0,3.7,1,-0.2,3.5
49,8,03,49_03,panelist,high,1,1,0,0,3.7,0,0,3.7
49,8,04,49_04,panelist,med,1,0,0,0,3.7,1,0.1,3.8
49,8,05,49_05,panelist,med,1,0,0,0,3.7,1,0.2,3.9
49,8,06,49_06,panelist,none,1,0,0,1,3.7,1,-0.1,3.6
49,8,07,49_07,panelist,med,1,0,0,0,3.7,0,0,3.7
49,8,08,49_08,panelist,low,1,0,1,0,3.7,1,-0.3,3.5
49,8,09,49_09,panelist,high,1,1,0,0,3.7,0,0,3.7
49,8,10,49_10,reviewer,none,0,0,0,1,3.7,0,0,3.7
49,8,11,49_11,panelist,high,1,1,0,0,3.7,0,0,3.7
49,8,12,49_12,panelist,med,1,0,0,0,3.7,1,-0.2,3.5
49,8,13,49_13,panelist,high,1,1,0,0,3.7,1,0.3,4
49,8,14,49_14,panelist,none,1,0,0,1,3.7,1,-0.2,3.5
49,8,15,49_15,panelist,med,1,0,0,0,3.7,1,-0.1,3.6
49,8,16,49_16,panelist,none,1,0,0,1,3.7,1,0.1,3.8
49,8,17,49_17,reviewer,med,0,0,0,0,3.7,0,0,3.7
49,8,18,49_18,panelist,low,1,0,1,0,3.7,0,0,3.7
49,8,19,49_19,panelist,med,1,0,0,0,3.7,1,0.1,3.8
49,8,20,49_20,reviewer,med,0,0,0,0,3.7,1,-0.1,3.6
49,8,21,49_21,panelist,med,1,0,0,0,3.7,0,0,3.7
49,8,22,49_22,panelist,low,1,0,1,0,3.7,0,0,3.7
49,8,23,49_23,panelist,low,1,0,1,0,3.7,1,0.1,3.8
49,8,24,49_24,panelist,med,1,0,0,0,3.7,0,0,3.7
49,9,01,49_01,panelist,med,1,0,0,0,4.4,0,0,4.4
49,9,02,49_02,panelist,med,1,0,0,0,4.4,1,0.1,4.5
49,9,03,49_03,reviewer,low,0,0,1,0,4.4,0,0,4.4
49,9,04,49_04,panelist,none,1,0,0,1,4.4,0,0,4.4
49,9,05,49_05,panelist,high,1,1,0,0,4.4,1,-0.2,4.2
49,9,06,49_06,panelist,high,1,1,0,0,4.4,0,0,4.4
49,9,07,49_07,panelist,none,1,0,0,1,4.4,1,0.2,4.6
49,9,08,49_08,panelist,med,1,0,0,0,4.4,0,0,4.4
49,9,09,49_09,panelist,low,1,0,1,0,4.4,0,0,4.4
49,9,10,49_10,reviewer,med,0,0,0,0,4.4,1,-0.1,4.3
49,9,11,49_11,panelist,high,1,1,0,0,4.4,1,-0.2,4.2
49,9,12,49_12,panelist,med,1,0,0,0,4.4,1,-0.1,4.3
49,9,13,49_13,panelist,med,1,0,0,0,4.4,0,0,4.4
49,9,14,49_14,panelist,high,1,1,0,0,4.4,0,0,4.4
49,9,15,49_15,panelist,med,1,0,0,0,4.4,0,0,4.4
49,9,16,49_16,panelist,low,1,0,1,0,4.4,0,0,4.4
49,9,17,49_17,panelist,med,1,0,0,0,4.4,0,0,4.4
49,9,18,49_18,panelist,med,1,0,0,0,4.4,1,0.1,4.5
49,9,19,49_19,reviewer,low,0,0,1,0,4.4,1,-0.1,4.3
49,9,20,49_20,panelist,high,1,1,0,0,4.4,0,0,4.4
49,9,21,49_21,panelist,high,1,1,0,0,4.4,0,0,4.4
49,9,22,49_22,panelist,none,1,0,0,1,4.4,1,-0.2,4.2
49,9,23,49_23,panelist,med,1,0,0,0,4.4,0,0,4.4
49,9,24,49_24,panelist,none,1,0,0,1,4.4,0,0,4.4
49,10,01,49_01,panelist,none,1,0,0,1,4.8,0,0,4.8
49,10,02,49_02,panelist,med,1,0,0,0,4.8,0,0,4.8
49,10,03,49_03,reviewer,low,0,0,1,0,4.8,0,0,4.8
49,10,04,49_04,panelist,med,1,0,0,0,4.8,1,0.1,4.9
49,10,05,49_05,panelist,high,1,1,0,0,4.8,0,0,4.8
49,10,06,49_06,panelist,high,1,1,0,0,4.8,1,-0.1,4.7
49,10,07,49_07,panelist,med,1,0,0,0,4.8,1,0.1,4.9
49,10,08,49_08,panelist,low,1,0,1,0,4.8,1,0.3,4.9
49,10,09,49_09,panelist,none,1,0,0,1,4.8,1,-0.1,4.7
49,10,10,49_10,panelist,high,1,1,0,0,4.8,0,0,4.8
49,10,11,49_11,panelist,med,1,0,0,0,4.8,0,0,4.8
49,10,12,49_12,reviewer,med,0,0,0,0,4.8,0,0,4.8
49,10,13,49_13,panelist,high,1,1,0,0,4.8,0,0,4.8
49,10,14,49_14,panelist,low,1,0,1,0,4.8,1,-0.1,4.7
49,10,15,49_15,panelist,med,1,0,0,0,4.8,1,-0.1,4.7
49,10,16,49_16,panelist,low,1,0,1,0,4.8,0,0,4.8
49,10,17,49_17,panelist,high,1,1,0,0,4.8,0,0,4.8
49,10,18,49_18,panelist,med,1,0,0,0,4.8,1,0.1,4.9
49,10,19,49_19,panelist,med,1,0,0,0,4.8,0,0,4.8
49,10,20,49_20,reviewer,none,0,0,0,1,4.8,1,-0.1,4.7
49,10,21,49_21,panelist,none,1,0,0,1,4.8,0,0,4.8
49,10,22,49_22,panelist,med,1,0,0,0,4.8,0,0,4.8
49,10,23,49_23,panelist,med,1,0,0,0,4.8,0,0,4.8
49,10,24,49_24,panelist,high,1,1,0,0,4.8,0,0,4.8
49,11,01,49_01,panelist,med,1,0,0,0,4.4,1,-0.1,4.3
49,11,02,49_02,panelist,low,1,0,1,0,4.4,1,0.2,4.6
49,11,03,49_03,panelist,med,1,0,0,0,4.4,1,-0.1,4.3
49,11,04,49_04,panelist,med,1,0,0,0,4.4,0,0,4.4
49,11,05,49_05,panelist,high,1,1,0,0,4.4,0,0,4.4
49,11,06,49_06,panelist,med,1,0,0,0,4.4,1,-0.2,4.2
49,11,07,49_07,panelist,low,1,0,1,0,4.4,1,0.3,4.7
49,11,08,49_08,panelist,none,1,0,0,1,4.4,0,0,4.4
49,11,09,49_09,panelist,low,1,0,1,0,4.4,0,0,4.4
49,11,10,49_10,panelist,none,1,0,0,1,4.4,1,0.1,4.5
49,11,11,49_11,panelist,high,1,1,0,0,4.4,0,0,4.4
49,11,12,49_12,panelist,none,1,0,0,1,4.4,0,0,4.4
49,11,13,49_13,panelist,med,1,0,0,0,4.4,0,0,4.4
49,11,14,49_14,reviewer,high,0,1,0,0,4.4,1,0.2,4.6
49,11,15,49_15,panelist,low,1,0,1,0,4.4,1,0.1,4.5
49,11,16,49_16,panelist,med,1,0,0,0,4.4,1,-0.1,4.3
49,11,17,49_17,panelist,high,1,1,0,0,4.4,1,-0.1,4.3
49,11,18,49_18,reviewer,med,0,0,0,0,4.4,1,0.1,4.5
49,11,19,49_19,panelist,high,1,1,0,0,4.4,0,0,4.4
49,11,20,49_20,reviewer,none,0,0,0,1,4.4,0,0,4.4
49,11,21,49_21,panelist,med,1,0,0,0,4.4,1,-0.1,4.3
49,11,22,49_22,panelist,high,1,1,0,0,4.4,0,0,4.4
49,11,23,49_23,panelist,med,1,0,0,0,4.4,0,0,4.4
49,11,24,49_24,panelist,med,1,0,0,0,4.4,0,0,4.4
49,12,01,49_01,panelist,med,1,0,0,0,4.9,1,0.3,4.9
49,12,02,49_02,panelist,med,1,0,0,0,4.9,0,0,4.9
49,12,03,49_03,panelist,med,1,0,0,0,4.9,1,-0.4,4.5
49,12,04,49_04,panelist,low,1,0,1,0,4.9,0,0,4.9
49,12,05,49_05,panelist,low,1,0,1,0,4.9,0,0,4.9
49,12,06,49_06,panelist,none,1,0,0,1,4.9,1,-0.1,4.8
49,12,07,49_07,panelist,high,1,1,0,0,4.9,1,0.3,4.9
49,12,08,49_08,reviewer,high,0,1,0,0,4.9,0,0,4.9
49,12,09,49_09,panelist,none,1,0,0,1,4.9,1,0.1,4.9
49,12,10,49_10,panelist,high,1,1,0,0,4.9,0,0,4.9
49,12,11,49_11,panelist,med,1,0,0,0,4.9,0,0,4.9
49,12,12,49_12,reviewer,med,0,0,0,0,4.9,0,0,4.9
49,12,13,49_13,panelist,low,1,0,1,0,4.9,0,0,4.9
49,12,14,49_14,reviewer,high,0,1,0,0,4.9,0,0,4.9
49,12,15,49_15,panelist,high,1,1,0,0,4.9,0,0,4.9
49,12,16,49_16,panelist,none,1,0,0,1,4.9,0,0,4.9
49,12,17,49_17,panelist,med,1,0,0,0,4.9,1,-0.3,4.6
49,12,18,49_18,panelist,low,1,0,1,0,4.9,1,0.1,4.9
49,12,19,49_19,panelist,none,1,0,0,1,4.9,0,0,4.9
49,12,20,49_20,panelist,med,1,0,0,0,4.9,1,0.3,4.9
49,12,21,49_21,panelist,med,1,0,0,0,4.9,1,-0.1,4.8
49,12,22,49_22,panelist,med,1,0,0,0,4.9,0,0,4.9
49,12,23,49_23,panelist,high,1,1,0,0,4.9,0,0,4.9
49,12,24,49_24,panelist,med,1,0,0,0,4.9,0,0,4.9
49,13,01,49_01,panelist,med,1,0,0,0,4.8,0,0,4.8
49,13,02,49_02,panelist,med,1,0,0,0,4.8,1,-0.1,4.7
49,13,03,49_03,panelist,med,1,0,0,0,4.8,0,0,4.8
49,13,04,49_04,panelist,low,1,0,1,0,4.8,0,0,4.8
49,13,05,49_05,panelist,none,1,0,0,1,4.8,0,0,4.8
49,13,06,49_06,panelist,med,1,0,0,0,4.8,1,-0.1,4.7
49,13,07,49_07,reviewer,med,0,0,0,0,4.8,0,0,4.8
49,13,08,49_08,panelist,med,1,0,0,0,4.8,0,0,4.8
49,13,09,49_09,panelist,med,1,0,0,0,4.8,1,0.4,4.9
49,13,10,49_10,panelist,med,1,0,0,0,4.8,0,0,4.8
49,13,11,49_11,panelist,none,1,0,0,1,4.8,1,0.3,4.9
49,13,12,49_12,panelist,high,1,1,0,0,4.8,1,0.1,4.9
49,13,13,49_13,panelist,med,1,0,0,0,4.8,0,0,4.8
49,13,14,49_14,reviewer,high,0,1,0,0,4.8,0,0,4.8
49,13,15,49_15,panelist,high,1,1,0,0,4.8,0,0,4.8
49,13,16,49_16,panelist,high,1,1,0,0,4.8,1,0.1,4.9
49,13,17,49_17,panelist,low,1,0,1,0,4.8,0,0,4.8
49,13,18,49_18,panelist,none,1,0,0,1,4.8,1,-0.1,4.7
49,13,19,49_19,panelist,low,1,0,1,0,4.8,0,0,4.8
49,13,20,49_20,panelist,high,1,1,0,0,4.8,0,0,4.8
49,13,21,49_21,reviewer,med,0,0,0,0,4.8,1,-0.3,4.5
49,13,22,49_22,panelist,low,1,0,1,0,4.8,1,0.1,4.9
49,13,23,49_23,panelist,none,1,0,0,1,4.8,0,0,4.8
49,13,24,49_24,panelist,high,1,1,0,0,4.8,1,-0.1,4.7
49,14,01,49_01,panelist,med,1,0,0,0,3.8,0,0,3.8
49,14,02,49_02,panelist,high,1,1,0,0,3.8,1,0.1,3.9
49,14,03,49_03,panelist,med,1,0,0,0,3.8,0,0,3.8
49,14,04,49_04,panelist,med,1,0,0,0,3.8,1,-0.4,3.5
49,14,05,49_05,panelist,high,1,1,0,0,3.8,1,0.2,4
49,14,06,49_06,panelist,low,1,0,1,0,3.8,0,0,3.8
49,14,07,49_07,panelist,high,1,1,0,0,3.8,0,0,3.8
49,14,08,49_08,panelist,med,1,0,0,0,3.8,1,-0.1,3.7
49,14,09,49_09,panelist,low,1,0,1,0,3.8,1,-0.4,3.5
49,14,10,49_10,panelist,med,1,0,0,0,3.8,0,0,3.8
49,14,11,49_11,panelist,low,1,0,1,0,3.8,0,0,3.8
49,14,12,49_12,panelist,none,1,0,0,1,3.8,1,0.1,3.9
49,14,13,49_13,reviewer,high,0,1,0,0,3.8,0,0,3.8
49,14,14,49_14,panelist,med,1,0,0,0,3.8,0,0,3.8
49,14,15,49_15,panelist,med,1,0,0,0,3.8,1,0.1,3.9
49,14,16,49_16,panelist,med,1,0,0,0,3.8,0,0,3.8
49,14,17,49_17,panelist,none,1,0,0,1,3.8,1,-0.1,3.7
49,14,18,49_18,panelist,high,1,1,0,0,3.8,1,-0.2,3.6
49,14,19,49_19,panelist,none,1,0,0,1,3.8,0,0,3.8
49,14,20,49_20,panelist,low,1,0,1,0,3.8,0,0,3.8
49,14,21,49_21,reviewer,high,0,1,0,0,3.8,0,0,3.8
49,14,22,49_22,panelist,med,1,0,0,0,3.8,1,-0.1,3.7
49,14,23,49_23,reviewer,med,0,0,0,0,3.8,1,-0.1,3.7
49,14,24,49_24,panelist,none,1,0,0,1,3.8,0,0,3.8
49,15,01,49_01,panelist,med,1,0,0,0,4.5,1,0.1,4.6
49,15,02,49_02,panelist,high,1,1,0,0,4.5,0,0,4.5
49,15,03,49_03,panelist,high,1,1,0,0,4.5,0,0,4.5
49,15,04,49_04,panelist,low,1,0,1,0,4.5,0,0,4.5
49,15,05,49_05,panelist,none,1,0,0,1,4.5,1,-0.1,4.4
49,15,06,49_06,panelist,none,1,0,0,1,4.5,1,0.2,4.7
49,15,07,49_07,reviewer,high,0,1,0,0,4.5,0,0,4.5
49,15,08,49_08,panelist,low,1,0,1,0,4.5,0,0,4.5
49,15,09,49_09,panelist,low,1,0,1,0,4.5,1,0.1,4.6
49,15,10,49_10,panelist,med,1,0,0,0,4.5,1,-0.2,4.3
49,15,11,49_11,panelist,high,1,1,0,0,4.5,0,0,4.5
49,15,12,49_12,reviewer,low,0,0,1,0,4.5,0,0,4.5
49,15,13,49_13,panelist,none,1,0,0,1,4.5,1,-0.1,4.4
49,15,14,49_14,panelist,med,1,0,0,0,4.5,0,0,4.5
49,15,15,49_15,panelist,med,1,0,0,0,4.5,0,0,4.5
49,15,16,49_16,panelist,med,1,0,0,0,4.5,0,0,4.5
49,15,17,49_17,panelist,high,1,1,0,0,4.5,1,-0.1,4.4
49,15,18,49_18,panelist,med,1,0,0,0,4.5,0,0,4.5
49,15,19,49_19,panelist,med,1,0,0,0,4.5,1,0.1,4.6
49,15,20,49_20,panelist,high,1,1,0,0,4.5,1,0.1,4.6
49,15,21,49_21,panelist,med,1,0,0,0,4.5,1,-0.2,4.3
49,15,22,49_22,panelist,none,1,0,0,1,4.5,1,-0.1,4.4
49,15,23,49_23,reviewer,med,0,0,0,0,4.5,0,0,4.5
49,15,24,49_24,panelist,med,1,0,0,0,4.5,0,0,4.5
50,1,01,50_01,panelist,none,1,0,0,1,3.7,0,0,3.7
50,1,02,50_02,panelist,low,1,0,1,0,3.7,0,0,3.7
50,1,03,50_03,panelist,med,1,0,0,0,3.7,1,0.1,3.8
50,1,04,50_04,panelist,med,1,0,0,0,3.7,0,0,3.7
50,1,05,50_05,panelist,med,1,0,0,0,3.7,0,0,3.7
50,1,06,50_06,panelist,med,1,0,0,0,3.7,0,0,3.7
50,1,07,50_07,panelist,low,1,0,1,0,3.7,0,0,3.7
50,1,08,50_08,reviewer,med,0,0,0,0,3.7,0,0,3.7
50,1,09,50_09,panelist,med,1,0,0,0,3.7,1,-0.3,3.5
50,1,10,50_10,panelist,med,1,0,0,0,3.7,0,0,3.7
50,1,11,50_11,panelist,none,1,0,0,1,3.7,1,-0.2,3.5
50,1,12,50_12,panelist,none,1,0,0,1,3.7,1,-0.5,3.5
50,1,13,50_13,panelist,low,1,0,1,0,3.7,1,0.1,3.8
50,1,14,50_14,panelist,med,1,0,0,0,3.7,0,0,3.7
50,1,15,50_15,reviewer,high,0,1,0,0,3.7,1,0.1,3.8
50,1,16,50_16,panelist,high,1,1,0,0,3.7,0,0,3.7
50,1,17,50_17,reviewer,high,0,1,0,0,3.7,0,0,3.7
50,1,18,50_18,panelist,high,1,1,0,0,3.7,0,0,3.7
50,1,19,50_19,panelist,med,1,0,0,0,3.7,0,0,3.7
50,1,20,50_20,panelist,high,1,1,0,0,3.7,0,0,3.7
50,1,21,50_21,panelist,none,1,0,0,1,3.7,1,-0.1,3.6
50,1,22,50_22,panelist,low,1,0,1,0,3.7,0,0,3.7
50,1,23,50_23,panelist,med,1,0,0,0,3.7,0,0,3.7
50,1,24,50_24,panelist,high,1,1,0,0,3.7,0,0,3.7
50,2,01,50_01,panelist,high,1,1,0,0,4.3,0,0,4.3
50,2,02,50_02,reviewer,high,0,1,0,0,4.3,1,-0.1,4.2
50,2,03,50_03,reviewer,low,0,0,1,0,4.3,1,0.2,4.5
50,2,04,50_04,panelist,none,1,0,0,1,4.3,0,0,4.3
50,2,05,50_05,panelist,med,1,0,0,0,4.3,1,0.2,4.5
50,2,06,50_06,panelist,high,1,1,0,0,4.3,1,-0.1,4.2
50,2,07,50_07,panelist,none,1,0,0,1,4.3,1,0.1,4.4
50,2,08,50_08,panelist,none,1,0,0,1,4.3,0,0,4.3
50,2,09,50_09,panelist,med,1,0,0,0,4.3,0,0,4.3
50,2,10,50_10,panelist,med,1,0,0,0,4.3,0,0,4.3
50,2,11,50_11,panelist,med,1,0,0,0,4.3,1,-0.1,4.2
50,2,12,50_12,panelist,med,1,0,0,0,4.3,0,0,4.3
50,2,13,50_13,reviewer,med,0,0,0,0,4.3,0,0,4.3
50,2,14,50_14,panelist,none,1,0,0,1,4.3,0,0,4.3
50,2,15,50_15,panelist,low,1,0,1,0,4.3,1,0.2,4.5
50,2,16,50_16,panelist,med,1,0,0,0,4.3,1,-0.2,4.1
50,2,17,50_17,panelist,high,1,1,0,0,4.3,0,0,4.3
50,2,18,50_18,panelist,low,1,0,1,0,4.3,1,-0.2,4.1
50,2,19,50_19,panelist,high,1,1,0,0,4.3,0,0,4.3
50,2,20,50_20,panelist,low,1,0,1,0,4.3,1,-0.1,4.2
50,2,21,50_21,panelist,med,1,0,0,0,4.3,1,-0.1,4.2
50,2,22,50_22,panelist,med,1,0,0,0,4.3,0,0,4.3
50,2,23,50_23,panelist,med,1,0,0,0,4.3,0,0,4.3
50,2,24,50_24,panelist,high,1,1,0,0,4.3,0,0,4.3
50,3,01,50_01,panelist,med,1,0,0,0,4.2,1,0.1,4.3
50,3,02,50_02,panelist,low,1,0,1,0,4.2,1,0.1,4.3
50,3,03,50_03,panelist,high,1,1,0,0,4.2,0,0,4.2
50,3,04,50_04,panelist,high,1,1,0,0,4.2,0,0,4.2
50,3,05,50_05,reviewer,none,0,0,0,1,4.2,0,0,4.2
50,3,06,50_06,panelist,med,1,0,0,0,4.2,1,0.2,4.4
50,3,07,50_07,panelist,high,1,1,0,0,4.2,1,-0.2,4
50,3,08,50_08,panelist,high,1,1,0,0,4.2,0,0,4.2
50,3,09,50_09,panelist,none,1,0,0,1,4.2,0,0,4.2
50,3,10,50_10,panelist,high,1,1,0,0,4.2,0,0,4.2
50,3,11,50_11,panelist,med,1,0,0,0,4.2,1,-0.2,4
50,3,12,50_12,panelist,med,1,0,0,0,4.2,0,0,4.2
50,3,13,50_13,panelist,med,1,0,0,0,4.2,0,0,4.2
50,3,14,50_14,panelist,med,1,0,0,0,4.2,0,0,4.2
50,3,15,50_15,panelist,high,1,1,0,0,4.2,0,0,4.2
50,3,16,50_16,panelist,low,1,0,1,0,4.2,1,-0.1,4.1
50,3,17,50_17,panelist,none,1,0,0,1,4.2,1,0.3,4.5
50,3,18,50_18,reviewer,med,0,0,0,0,4.2,0,0,4.2
50,3,19,50_19,panelist,none,1,0,0,1,4.2,0,0,4.2
50,3,20,50_20,panelist,med,1,0,0,0,4.2,0,0,4.2
50,3,21,50_21,reviewer,low,0,0,1,0,4.2,0,0,4.2
50,3,22,50_22,panelist,med,1,0,0,0,4.2,0,0,4.2
50,3,23,50_23,panelist,med,1,0,0,0,4.2,0,0,4.2
50,3,24,50_24,panelist,low,1,0,1,0,4.2,0,0,4.2
50,4,01,50_01,panelist,high,1,1,0,0,3.9,1,-0.2,3.7
50,4,02,50_02,reviewer,high,0,1,0,0,3.9,0,0,3.9
50,4,03,50_03,reviewer,low,0,0,1,0,3.9,0,0,3.9
50,4,04,50_04,panelist,med,1,0,0,0,3.9,0,0,3.9
50,4,05,50_05,panelist,high,1,1,0,0,3.9,0,0,3.9
50,4,06,50_06,panelist,med,1,0,0,0,3.9,1,-0.1,3.8
50,4,07,50_07,panelist,med,1,0,0,0,3.9,1,-0.2,3.7
50,4,08,50_08,panelist,med,1,0,0,0,3.9,1,0.2,4.1
50,4,09,50_09,panelist,high,1,1,0,0,3.9,0,0,3.9
50,4,10,50_10,panelist,med,1,0,0,0,3.9,0,0,3.9
50,4,11,50_11,panelist,none,1,0,0,1,3.9,0,0,3.9
50,4,12,50_12,reviewer,none,0,0,0,1,3.9,1,0.2,4.1
50,4,13,50_13,panelist,med,1,0,0,0,3.9,0,0,3.9
50,4,14,50_14,panelist,low,1,0,1,0,3.9,0,0,3.9
50,4,15,50_15,panelist,none,1,0,0,1,3.9,0,0,3.9
50,4,16,50_16,panelist,none,1,0,0,1,3.9,0,0,3.9
50,4,17,50_17,panelist,low,1,0,1,0,3.9,0,0,3.9
50,4,18,50_18,panelist,med,1,0,0,0,3.9,0,0,3.9
50,4,19,50_19,panelist,med,1,0,0,0,3.9,1,-0.3,3.6
50,4,20,50_20,panelist,med,1,0,0,0,3.9,0,0,3.9
50,4,21,50_21,panelist,high,1,1,0,0,3.9,0,0,3.9
50,4,22,50_22,panelist,low,1,0,1,0,3.9,1,0.2,4.1
50,4,23,50_23,panelist,high,1,1,0,0,3.9,1,0.1,4
50,4,24,50_24,panelist,med,1,0,0,0,3.9,1,0.1,4
50,5,01,50_01,panelist,med,1,0,0,0,3.8,0,0,3.8
50,5,02,50_02,panelist,high,1,1,0,0,3.8,1,-0.1,3.7
50,5,03,50_03,panelist,high,1,1,0,0,3.8,0,0,3.8
50,5,04,50_04,panelist,high,1,1,0,0,3.8,1,0.1,3.9
50,5,05,50_05,reviewer,low,0,0,1,0,3.8,1,0.2,4
50,5,06,50_06,panelist,low,1,0,1,0,3.8,0,0,3.8
50,5,07,50_07,panelist,med,1,0,0,0,3.8,1,0.2,4
50,5,08,50_08,panelist,med,1,0,0,0,3.8,0,0,3.8
50,5,09,50_09,panelist,high,1,1,0,0,3.8,0,0,3.8
50,5,10,50_10,reviewer,high,0,1,0,0,3.8,0,0,3.8
50,5,11,50_11,panelist,med,1,0,0,0,3.8,1,0.1,3.9
50,5,12,50_12,panelist,none,1,0,0,1,3.8,0,0,3.8
50,5,13,50_13,panelist,none,1,0,0,1,3.8,0,0,3.8
50,5,14,50_14,panelist,med,1,0,0,0,3.8,0,0,3.8
50,5,15,50_15,panelist,med,1,0,0,0,3.8,0,0,3.8
50,5,16,50_16,panelist,med,1,0,0,0,3.8,0,0,3.8
50,5,17,50_17,panelist,none,1,0,0,1,3.8,1,0.1,3.9
50,5,18,50_18,panelist,none,1,0,0,1,3.8,1,-0.2,3.6
50,5,19,50_19,panelist,high,1,1,0,0,3.8,0,0,3.8
50,5,20,50_20,panelist,med,1,0,0,0,3.8,1,0.2,4
50,5,21,50_21,panelist,med,1,0,0,0,3.8,0,0,3.8
50,5,22,50_22,panelist,low,1,0,1,0,3.8,1,-0.1,3.7
50,5,23,50_23,panelist,med,1,0,0,0,3.8,0,0,3.8
50,5,24,50_24,reviewer,low,0,0,1,0,3.8,0,0,3.8
50,6,01,50_01,panelist,high,1,1,0,0,3.6,0,0,3.6
50,6,02,50_02,panelist,high,1,1,0,0,3.6,1,-0.2,3.5
50,6,03,50_03,reviewer,low,0,0,1,0,3.6,0,0,3.6
50,6,04,50_04,panelist,none,1,0,0,1,3.6,1,0.1,3.7
50,6,05,50_05,panelist,none,1,0,0,1,3.6,0,0,3.6
50,6,06,50_06,panelist,low,1,0,1,0,3.6,0,0,3.6
50,6,07,50_07,panelist,high,1,1,0,0,3.6,0,0,3.6
50,6,08,50_08,panelist,med,1,0,0,0,3.6,0,0,3.6
50,6,09,50_09,reviewer,med,0,0,0,0,3.6,0,0,3.6
50,6,10,50_10,panelist,high,1,1,0,0,3.6,0,0,3.6
50,6,11,50_11,panelist,med,1,0,0,0,3.6,0,0,3.6
50,6,12,50_12,panelist,med,1,0,0,0,3.6,0,0,3.6
50,6,13,50_13,panelist,med,1,0,0,0,3.6,0,0,3.6
50,6,14,50_14,panelist,high,1,1,0,0,3.6,0,0,3.6
50,6,15,50_15,panelist,med,1,0,0,0,3.6,1,0.2,3.8
50,6,16,50_16,panelist,low,1,0,1,0,3.6,1,0.3,3.9
50,6,17,50_17,panelist,low,1,0,1,0,3.6,0,0,3.6
50,6,18,50_18,reviewer,med,0,0,0,0,3.6,1,-0.4,3.5
50,6,19,50_19,panelist,med,1,0,0,0,3.6,1,0.1,3.7
50,6,20,50_20,panelist,none,1,0,0,1,3.6,0,0,3.6
50,6,21,50_21,panelist,none,1,0,0,1,3.6,0,0,3.6
50,6,22,50_22,panelist,med,1,0,0,0,3.6,0,0,3.6
50,6,23,50_23,panelist,high,1,1,0,0,3.6,0,0,3.6
50,6,24,50_24,panelist,med,1,0,0,0,3.6,1,-0.2,3.5
50,7,01,50_01,reviewer,med,0,0,0,0,4,0,0,4
50,7,02,50_02,panelist,none,1,0,0,1,4,0,0,4
50,7,03,50_03,panelist,med,1,0,0,0,4,0,0,4
50,7,04,50_04,reviewer,none,0,0,0,1,4,0,0,4
50,7,05,50_05,panelist,high,1,1,0,0,4,0,0,4
50,7,06,50_06,panelist,low,1,0,1,0,4,1,0.1,4.1
50,7,07,50_07,panelist,med,1,0,0,0,4,0,0,4
50,7,08,50_08,panelist,med,1,0,0,0,4,0,0,4
50,7,09,50_09,panelist,high,1,1,0,0,4,0,0,4
50,7,10,50_10,panelist,med,1,0,0,0,4,1,-0.2,3.8
50,7,11,50_11,panelist,high,1,1,0,0,4,0,0,4
50,7,12,50_12,panelist,high,1,1,0,0,4,0,0,4
50,7,13,50_13,panelist,none,1,0,0,1,4,0,0,4
50,7,14,50_14,panelist,low,1,0,1,0,4,0,0,4
50,7,15,50_15,panelist,med,1,0,0,0,4,0,0,4
50,7,16,50_16,reviewer,low,0,0,1,0,4,1,-0.1,3.9
50,7,17,50_17,panelist,med,1,0,0,0,4,0,0,4
50,7,18,50_18,panelist,low,1,0,1,0,4,0,0,4
50,7,19,50_19,panelist,med,1,0,0,0,4,1,-0.1,3.9
50,7,20,50_20,panelist,high,1,1,0,0,4,0,0,4
50,7,21,50_21,panelist,high,1,1,0,0,4,1,0.1,4.1
50,7,22,50_22,panelist,none,1,0,0,1,4,1,-0.3,3.7
50,7,23,50_23,panelist,med,1,0,0,0,4,0,0,4
50,7,24,50_24,panelist,med,1,0,0,0,4,1,-0.2,3.8
50,8,01,50_01,panelist,low,1,0,1,0,3.5,0,0,3.5
50,8,02,50_02,panelist,med,1,0,0,0,3.5,0,0,3.5
50,8,03,50_03,panelist,none,1,0,0,1,3.5,0,0,3.5
50,8,04,50_04,panelist,med,1,0,0,0,3.5,0,0,3.5
50,8,05,50_05,panelist,low,1,0,1,0,3.5,1,-0.1,3.5
50,8,06,50_06,panelist,med,1,0,0,0,3.5,0,0,3.5
50,8,07,50_07,panelist,high,1,1,0,0,3.5,1,0.1,3.6
50,8,08,50_08,panelist,high,1,1,0,0,3.5,0,0,3.5
50,8,09,50_09,panelist,low,1,0,1,0,3.5,0,0,3.5
50,8,10,50_10,panelist,none,1,0,0,1,3.5,1,0.2,3.7
50,8,11,50_11,panelist,high,1,1,0,0,3.5,0,0,3.5
50,8,12,50_12,panelist,high,1,1,0,0,3.5,0,0,3.5
50,8,13,50_13,panelist,med,1,0,0,0,3.5,0,0,3.5
50,8,14,50_14,panelist,low,1,0,1,0,3.5,1,0.1,3.6
50,8,15,50_15,panelist,med,1,0,0,0,3.5,0,0,3.5
50,8,16,50_16,panelist,none,1,0,0,1,3.5,1,0.2,3.7
50,8,17,50_17,panelist,med,1,0,0,0,3.5,1,-0.1,3.5
50,8,18,50_18,panelist,med,1,0,0,0,3.5,0,0,3.5
50,8,19,50_19,reviewer,high,0,1,0,0,3.5,0,0,3.5
50,8,20,50_20,panelist,none,1,0,0,1,3.5,1,-0.1,3.5
50,8,21,50_21,panelist,med,1,0,0,0,3.5,0,0,3.5
50,8,22,50_22,reviewer,med,0,0,0,0,3.5,0,0,3.5
50,8,23,50_23,reviewer,med,0,0,0,0,3.5,1,0.1,3.6
50,8,24,50_24,panelist,high,1,1,0,0,3.5,1,-0.1,3.5
50,9,01,50_01,panelist,low,1,0,1,0,4.3,0,0,4.3
50,9,02,50_02,panelist,med,1,0,0,0,4.3,1,-0.2,4.1
50,9,03,50_03,reviewer,med,0,0,0,0,4.3,0,0,4.3
50,9,04,50_04,panelist,low,1,0,1,0,4.3,0,0,4.3
50,9,05,50_05,panelist,none,1,0,0,1,4.3,1,-0.2,4.1
50,9,06,50_06,panelist,none,1,0,0,1,4.3,0,0,4.3
50,9,07,50_07,panelist,high,1,1,0,0,4.3,0,0,4.3
50,9,08,50_08,panelist,med,1,0,0,0,4.3,0,0,4.3
50,9,09,50_09,panelist,med,1,0,0,0,4.3,1,-0.1,4.2
50,9,10,50_10,panelist,high,1,1,0,0,4.3,1,-0.1,4.2
50,9,11,50_11,panelist,none,1,0,0,1,4.3,1,0.2,4.5
50,9,12,50_12,panelist,high,1,1,0,0,4.3,1,0.2,4.5
50,9,13,50_13,panelist,high,1,1,0,0,4.3,0,0,4.3
50,9,14,50_14,panelist,low,1,0,1,0,4.3,0,0,4.3
50,9,15,50_15,panelist,med,1,0,0,0,4.3,0,0,4.3
50,9,16,50_16,reviewer,none,0,0,0,1,4.3,0,0,4.3
50,9,17,50_17,panelist,med,1,0,0,0,4.3,0,0,4.3
50,9,18,50_18,reviewer,low,0,0,1,0,4.3,0,0,4.3
50,9,19,50_19,panelist,med,1,0,0,0,4.3,0,0,4.3
50,9,20,50_20,panelist,high,1,1,0,0,4.3,1,-0.1,4.2
50,9,21,50_21,panelist,med,1,0,0,0,4.3,0,0,4.3
50,9,22,50_22,panelist,med,1,0,0,0,4.3,1,0.1,4.4
50,9,23,50_23,panelist,med,1,0,0,0,4.3,0,0,4.3
50,9,24,50_24,panelist,high,1,1,0,0,4.3,0,0,4.3
50,10,01,50_01,panelist,none,1,0,0,1,4.6,1,-0.2,4.4
50,10,02,50_02,panelist,none,1,0,0,1,4.6,0,0,4.6
50,10,03,50_03,panelist,med,1,0,0,0,4.6,0,0,4.6
50,10,04,50_04,panelist,high,1,1,0,0,4.6,0,0,4.6
50,10,05,50_05,panelist,med,1,0,0,0,4.6,0,0,4.6
50,10,06,50_06,panelist,high,1,1,0,0,4.6,0,0,4.6
50,10,07,50_07,panelist,med,1,0,0,0,4.6,0,0,4.6
50,10,08,50_08,panelist,none,1,0,0,1,4.6,1,-0.2,4.4
50,10,09,50_09,reviewer,med,0,0,0,0,4.6,0,0,4.6
50,10,10,50_10,panelist,med,1,0,0,0,4.6,0,0,4.6
50,10,11,50_11,panelist,med,1,0,0,0,4.6,1,0.3,4.9
50,10,12,50_12,panelist,low,1,0,1,0,4.6,0,0,4.6
50,10,13,50_13,panelist,none,1,0,0,1,4.6,0,0,4.6
50,10,14,50_14,panelist,med,1,0,0,0,4.6,1,0.2,4.8
50,10,15,50_15,reviewer,high,0,1,0,0,4.6,0,0,4.6
50,10,16,50_16,panelist,low,1,0,1,0,4.6,0,0,4.6
50,10,17,50_17,panelist,high,1,1,0,0,4.6,1,0.2,4.8
50,10,18,50_18,panelist,high,1,1,0,0,4.6,0,0,4.6
50,10,19,50_19,panelist,med,1,0,0,0,4.6,1,0.2,4.8
50,10,20,50_20,panelist,med,1,0,0,0,4.6,0,0,4.6
50,10,21,50_21,panelist,low,1,0,1,0,4.6,0,0,4.6
50,10,22,50_22,reviewer,high,0,1,0,0,4.6,0,0,4.6
50,10,23,50_23,panelist,med,1,0,0,0,4.6,1,-0.1,4.5
50,10,24,50_24,panelist,low,1,0,1,0,4.6,0,0,4.6
50,11,01,50_01,panelist,med,1,0,0,0,4.3,0,0,4.3
50,11,02,50_02,panelist,med,1,0,0,0,4.3,0,0,4.3
50,11,03,50_03,panelist,med,1,0,0,0,4.3,1,0.2,4.5
50,11,04,50_04,panelist,low,1,0,1,0,4.3,0,0,4.3
50,11,05,50_05,reviewer,none,0,0,0,1,4.3,1,-0.1,4.2
50,11,06,50_06,panelist,high,1,1,0,0,4.3,0,0,4.3
50,11,07,50_07,panelist,low,1,0,1,0,4.3,1,-0.2,4.1
50,11,08,50_08,panelist,none,1,0,0,1,4.3,0,0,4.3
50,11,09,50_09,panelist,high,1,1,0,0,4.3,0,0,4.3
50,11,10,50_10,panelist,med,1,0,0,0,4.3,0,0,4.3
50,11,11,50_11,panelist,low,1,0,1,0,4.3,0,0,4.3
50,11,12,50_12,panelist,high,1,1,0,0,4.3,0,0,4.3
50,11,13,50_13,panelist,med,1,0,0,0,4.3,0,0,4.3
50,11,14,50_14,panelist,med,1,0,0,0,4.3,0,0,4.3
50,11,15,50_15,panelist,med,1,0,0,0,4.3,0,0,4.3
50,11,16,50_16,panelist,high,1,1,0,0,4.3,0,0,4.3
50,11,17,50_17,panelist,high,1,1,0,0,4.3,0,0,4.3
50,11,18,50_18,panelist,none,1,0,0,1,4.3,0,0,4.3
50,11,19,50_19,panelist,med,1,0,0,0,4.3,1,0.1,4.4
50,11,20,50_20,reviewer,high,0,1,0,0,4.3,0,0,4.3
50,11,21,50_21,reviewer,none,0,0,0,1,4.3,1,-0.2,4.1
50,11,22,50_22,panelist,med,1,0,0,0,4.3,0,0,4.3
50,11,23,50_23,panelist,low,1,0,1,0,4.3,0,0,4.3
50,11,24,50_24,panelist,med,1,0,0,0,4.3,0,0,4.3
50,12,01,50_01,panelist,med,1,0,0,0,4.9,0,0,4.9
50,12,02,50_02,panelist,none,1,0,0,1,4.9,0,0,4.9
50,12,03,50_03,panelist,med,1,0,0,0,4.9,0,0,4.9
50,12,04,50_04,panelist,med,1,0,0,0,4.9,0,0,4.9
50,12,05,50_05,panelist,low,1,0,1,0,4.9,1,0.2,4.9
50,12,06,50_06,panelist,none,1,0,0,1,4.9,1,0.2,4.9
50,12,07,50_07,panelist,high,1,1,0,0,4.9,0,0,4.9
50,12,08,50_08,panelist,high,1,1,0,0,4.9,1,-0.1,4.8
50,12,09,50_09,panelist,low,1,0,1,0,4.9,0,0,4.9
50,12,10,50_10,reviewer,high,0,1,0,0,4.9,0,0,4.9
50,12,11,50_11,panelist,high,1,1,0,0,4.9,1,0.2,4.9
50,12,12,50_12,reviewer,med,0,0,0,0,4.9,1,0.1,4.9
50,12,13,50_13,panelist,med,1,0,0,0,4.9,1,0.1,4.9
50,12,14,50_14,panelist,med,1,0,0,0,4.9,0,0,4.9
50,12,15,50_15,panelist,med,1,0,0,0,4.9,1,0.1,4.9
50,12,16,50_16,panelist,high,1,1,0,0,4.9,1,-0.2,4.7
50,12,17,50_17,reviewer,high,0,1,0,0,4.9,0,0,4.9
50,12,18,50_18,panelist,med,1,0,0,0,4.9,0,0,4.9
50,12,19,50_19,panelist,low,1,0,1,0,4.9,1,-0.1,4.8
50,12,20,50_20,panelist,low,1,0,1,0,4.9,0,0,4.9
50,12,21,50_21,panelist,med,1,0,0,0,4.9,0,0,4.9
50,12,22,50_22,panelist,med,1,0,0,0,4.9,0,0,4.9
50,12,23,50_23,panelist,none,1,0,0,1,4.9,1,0.1,4.9
50,12,24,50_24,panelist,none,1,0,0,1,4.9,0,0,4.9
50,13,01,50_01,panelist,med,1,0,0,0,4.7,0,0,4.7
50,13,02,50_02,panelist,none,1,0,0,1,4.7,0,0,4.7
50,13,03,50_03,reviewer,high,0,1,0,0,4.7,0,0,4.7
50,13,04,50_04,panelist,low,1,0,1,0,4.7,1,0.1,4.8
50,13,05,50_05,reviewer,med,0,0,0,0,4.7,0,0,4.7
50,13,06,50_06,panelist,med,1,0,0,0,4.7,1,-0.2,4.5
50,13,07,50_07,panelist,med,1,0,0,0,4.7,1,0.1,4.8
50,13,08,50_08,panelist,med,1,0,0,0,4.7,0,0,4.7
50,13,09,50_09,panelist,high,1,1,0,0,4.7,0,0,4.7
50,13,10,50_10,panelist,high,1,1,0,0,4.7,1,-0.1,4.6
50,13,11,50_11,panelist,med,1,0,0,0,4.7,0,0,4.7
50,13,12,50_12,reviewer,med,0,0,0,0,4.7,0,0,4.7
50,13,13,50_13,panelist,none,1,0,0,1,4.7,0,0,4.7
50,13,14,50_14,panelist,high,1,1,0,0,4.7,0,0,4.7
50,13,15,50_15,panelist,none,1,0,0,1,4.7,0,0,4.7
50,13,16,50_16,panelist,med,1,0,0,0,4.7,1,-0.3,4.4
50,13,17,50_17,panelist,none,1,0,0,1,4.7,0,0,4.7
50,13,18,50_18,panelist,low,1,0,1,0,4.7,1,-0.1,4.6
50,13,19,50_19,panelist,high,1,1,0,0,4.7,0,0,4.7
50,13,20,50_20,panelist,med,1,0,0,0,4.7,0,0,4.7
50,13,21,50_21,panelist,high,1,1,0,0,4.7,0,0,4.7
50,13,22,50_22,panelist,low,1,0,1,0,4.7,1,-0.2,4.5
50,13,23,50_23,panelist,med,1,0,0,0,4.7,0,0,4.7
50,13,24,50_24,panelist,low,1,0,1,0,4.7,1,-0.1,4.6
50,14,01,50_01,reviewer,high,0,1,0,0,3.6,0,0,3.6
50,14,02,50_02,panelist,med,1,0,0,0,3.6,0,0,3.6
50,14,03,50_03,panelist,med,1,0,0,0,3.6,0,0,3.6
50,14,04,50_04,panelist,high,1,1,0,0,3.6,0,0,3.6
50,14,05,50_05,panelist,none,1,0,0,1,3.6,0,0,3.6
50,14,06,50_06,panelist,high,1,1,0,0,3.6,0,0,3.6
50,14,07,50_07,panelist,med,1,0,0,0,3.6,0,0,3.6
50,14,08,50_08,panelist,med,1,0,0,0,3.6,0,0,3.6
50,14,09,50_09,panelist,high,1,1,0,0,3.6,0,0,3.6
50,14,10,50_10,panelist,low,1,0,1,0,3.6,1,-0.1,3.5
50,14,11,50_11,panelist,high,1,1,0,0,3.6,0,0,3.6
50,14,12,50_12,reviewer,med,0,0,0,0,3.6,0,0,3.6
50,14,13,50_13,panelist,low,1,0,1,0,3.6,0,0,3.6
50,14,14,50_14,panelist,low,1,0,1,0,3.6,0,0,3.6
50,14,15,50_15,panelist,high,1,1,0,0,3.6,0,0,3.6
50,14,16,50_16,panelist,low,1,0,1,0,3.6,0,0,3.6
50,14,17,50_17,panelist,med,1,0,0,0,3.6,0,0,3.6
50,14,18,50_18,panelist,none,1,0,0,1,3.6,0,0,3.6
50,14,19,50_19,reviewer,med,0,0,0,0,3.6,0,0,3.6
50,14,20,50_20,panelist,med,1,0,0,0,3.6,0,0,3.6
50,14,21,50_21,panelist,med,1,0,0,0,3.6,1,0.1,3.7
50,14,22,50_22,panelist,med,1,0,0,0,3.6,0,0,3.6
50,14,23,50_23,panelist,none,1,0,0,1,3.6,1,-0.1,3.5
50,14,24,50_24,panelist,none,1,0,0,1,3.6,1,-0.1,3.5
50,15,01,50_01,panelist,high,1,1,0,0,4.4,1,0.1,4.5
50,15,02,50_02,panelist,med,1,0,0,0,4.4,0,0,4.4
50,15,03,50_03,panelist,med,1,0,0,0,4.4,0,0,4.4
50,15,04,50_04,panelist,low,1,0,1,0,4.4,0,0,4.4
50,15,05,50_05,panelist,med,1,0,0,0,4.4,0,0,4.4
50,15,06,50_06,panelist,low,1,0,1,0,4.4,1,-0.2,4.2
50,15,07,50_07,panelist,med,1,0,0,0,4.4,1,0.3,4.7
50,15,08,50_08,reviewer,high,0,1,0,0,4.4,0,0,4.4
50,15,09,50_09,panelist,high,1,1,0,0,4.4,0,0,4.4
50,15,10,50_10,panelist,med,1,0,0,0,4.4,1,0.2,4.6
50,15,11,50_11,panelist,high,1,1,0,0,4.4,0,0,4.4
50,15,12,50_12,panelist,none,1,0,0,1,4.4,1,-0.1,4.3
50,15,13,50_13,panelist,high,1,1,0,0,4.4,0,0,4.4
50,15,14,50_14,panelist,med,1,0,0,0,4.4,1,-0.1,4.3
50,15,15,50_15,panelist,none,1,0,0,1,4.4,0,0,4.4
50,15,16,50_16,panelist,med,1,0,0,0,4.4,0,0,4.4
50,15,17,50_17,reviewer,none,0,0,0,1,4.4,1,-0.1,4.3
50,15,18,50_18,panelist,med,1,0,0,0,4.4,1,0.1,4.5
50,15,19,50_19,panelist,med,1,0,0,0,4.4,0,0,4.4
50,15,20,50_20,panelist,high,1,1,0,0,4.4,1,-0.1,4.3
50,15,21,50_21,panelist,none,1,0,0,1,4.4,0,0,4.4
50,15,22,50_22,reviewer,low,0,0,1,0,4.4,0,0,4.4
50,15,23,50_23,panelist,low,1,0,1,0,4.4,0,0,4.4
50,15,24,50_24,panelist,med,1,0,0,0,4.4,1,-0.2,4.2
