cmte,app,memno,cid,job,exp,panelist,exp_high,exp_low,exp_none,score
01,1,01,01_01,panelist,none,1,0,0,1,4.426218857462618
01,1,02,01_02,panelist,med,1,0,0,0,4.491622415282422
01,1,03,01_03,panelist,med,1,0,0,0,3.926661680179686
01,1,04,01_04,reviewer,none,0,0,0,1,3.932127462104516
01,1,05,01_05,panelist,high,1,1,0,0,3.9560934158308583
01,1,06,01_06,panelist,low,1,0,1,0,4.350587746178191
01,1,07,01_07,panelist,high,1,1,0,0,3.8469342749938926
01,1,08,01_08,panelist,med,1,0,0,0,4.587393994998779
01,1,09,01_09,panelist,low,1,0,1,0,4.610878259831225
01,1,10,01_10,reviewer,none,0,0,0,1,4.35314616036432
01,1,11,01_11,panelist,med,1,0,0,0,4.029980351587855
01,1,12,01_12,panelist,none,1,0,0,1,4.699524601144724
01,1,13,01_13,panelist,med,1,0,0,0,4.4866238175182485
01,1,14,01_14,panelist,med,1,0,0,0,4.339830635931176
01,1,15,01_15,panelist,med,1,0,0,0,3.970953652078955
01,1,16,01_16,panelist,high,1,1,0,0,3.957073488108098
01,1,17,01_17,panelist,high,1,1,0,0,4.035795087962797
01,1,18,01_18,panelist,low,1,0,1,0,4.2114313344483945
01,1,19,01_19,panelist,med,1,0,0,0,4.16505875379235
01,1,20,01_20,panelist,low,1,0,1,0,4.471278704439796
01,1,21,01_21,panelist,med,1,0,0,0,4.087606438219356
01,1,22,01_22,panelist,med,1,0,0,0,4.291808580807095
01,1,23,01_23,reviewer,high,0,1,0,0,3.690519190574866
01,1,24,01_24,panelist,high,1,1,0,0,3.6689586949127584
01,2,01,01_01,panelist,med,1,0,0,0,4.248690305624671
01,2,02,01_02,panelist,low,1,0,1,0,4.856099020365614
01,2,03,01_03,panelist,low,1,0,1,0,4.208222721435891
01,2,04,01_04,reviewer,med,0,0,0,0,3.8365452805500677
01,2,05,01_05,panelist,med,1,0,0,0,3.9300315517590882
01,2,06,01_06,panelist,low,1,0,1,0,4.594904859325829
01,2,07,01_07,panelist,none,1,0,0,1,4.099756882467151
01,2,08,01_08,panelist,none,1,0,0,1,4.422062455263572
01,2,09,01_09,panelist,high,1,1,0,0,4.873628994080757
01,2,10,01_10,panelist,none,1,0,0,1,3.9139204152220555
01,2,11,01_11,panelist,high,1,1,0,0,3.8292109759854727
01,2,12,01_12,panelist,med,1,0,0,0,4.225739718521158
01,2,13,01_13,panelist,med,1,0,0,0,4.754158694737143
01,2,14,01_14,panelist,none,1,0,0,1,4.520765058209687
01,2,15,01_15,reviewer,med,0,0,0,0,4.014974990738011
01,2,16,01_16,panelist,med,1,0,0,0,3.9686559140467272
01,2,17,01_17,panelist,low,1,0,1,0,4.137839842037015
01,2,18,01_18,panelist,high,1,1,0,0,3.987092642109368
01,2,19,01_19,reviewer,med,0,0,0,0,3.995163570180078
01,2,20,01_20,panelist,med,1,0,0,0,3.978451257469032
01,2,21,01_21,panelist,high,1,1,0,0,4.454733418030604
01,2,22,01_22,panelist,high,1,1,0,0,4.0676862563036735
01,2,23,01_23,panelist,high,1,1,0,0,4.072367064071335
01,2,24,01_24,panelist,med,1,0,0,0,3.8383447622439864
01,3,01,01_01,panelist,low,1,0,1,0,3.7035871830293923
01,3,02,01_02,reviewer,low,0,0,1,0,4.411903880229607
01,3,03,01_03,panelist,low,1,0,1,0,4.262749561704822
01,3,04,01_04,reviewer,med,0,0,0,0,4.21744671470525
01,3,05,01_05,panelist,med,1,0,0,0,3.713762631286353
01,3,06,01_06,panelist,med,1,0,0,0,4.3917618791719075
01,3,07,01_07,panelist,none,1,0,0,1,4.017604960213317
01,3,08,01_08,panelist,med,1,0,0,0,4.215355020801275
01,3,09,01_09,panelist,med,1,0,0,0,4.550196955851687
01,3,10,01_10,panelist,high,1,1,0,0,3.828804542902384
01,3,11,01_11,panelist,high,1,1,0,0,4.0497433396177
01,3,12,01_12,panelist,high,1,1,0,0,3.947250525690903
01,3,13,01_13,panelist,high,1,1,0,0,4.275406611450906
01,3,14,01_14,panelist,low,1,0,1,0,4.276812586208659
01,3,15,01_15,panelist,med,1,0,0,0,3.9282913990616297
01,3,16,01_16,reviewer,med,0,0,0,0,3.6839643946193315
01,3,17,01_17,panelist,med,1,0,0,0,3.957382799688344
01,3,18,01_18,panelist,none,1,0,0,1,4.426975998160739
01,3,19,01_19,panelist,high,1,1,0,0,3.53511695527647
01,3,20,01_20,panelist,med,1,0,0,0,4.284016028288604
01,3,21,01_21,panelist,none,1,0,0,1,4.528604864056
01,3,22,01_22,panelist,med,1,0,0,0,4.1623405127283375
01,3,23,01_23,panelist,none,1,0,0,1,4.442071955606576
01,3,24,01_24,panelist,high,1,1,0,0,3.882964432443517
01,4,01,01_01,panelist,high,1,1,0,0,3.8754449324096254
01,4,02,01_02,panelist,none,1,0,0,1,4.866953207983282
01,4,03,01_03,reviewer,none,0,0,0,1,3.8556250908020577
01,4,04,01_04,panelist,med,1,0,0,0,3.880188774948682
01,4,05,01_05,panelist,med,1,0,0,0,3.899750396843212
01,4,06,01_06,panelist,high,1,1,0,0,4.281043856250243
01,4,07,01_07,reviewer,high,0,1,0,0,3.937866629437396
01,4,08,01_08,panelist,med,1,0,0,0,4.711672666801378
01,4,09,01_09,panelist,low,1,0,1,0,4.537513329119564
01,4,10,01_10,panelist,med,1,0,0,0,4.258813459239867
01,4,11,01_11,panelist,low,1,0,1,0,4.020273074644444
01,4,12,01_12,panelist,med,1,0,0,0,4.2115464226503985
01,4,13,01_13,panelist,high,1,1,0,0,4.28075180693449
01,4,14,01_14,panelist,high,1,1,0,0,4.0049621873202055
01,4,15,01_15,panelist,med,1,0,0,0,4.287643929657337
01,4,16,01_16,panelist,med,1,0,0,0,4.266458274399227
01,4,17,01_17,reviewer,low,0,0,1,0,4.085285951356348
01,4,18,01_18,panelist,med,1,0,0,0,4.230917222094263
01,4,19,01_19,panelist,med,1,0,0,0,3.864527579427369
01,4,20,01_20,panelist,med,1,0,0,0,4.681264081585301
01,4,21,01_21,panelist,none,1,0,0,1,4.822549621507925
01,4,22,01_22,panelist,none,1,0,0,1,4.349023929843485
01,4,23,01_23,panelist,low,1,0,1,0,4.528582283449503
01,4,24,01_24,panelist,high,1,1,0,0,3.918928304651754
01,5,01,01_01,panelist,none,1,0,0,1,3.885728189583134
01,5,02,01_02,panelist,high,1,1,0,0,3.972726408584422
01,5,03,01_03,panelist,med,1,0,0,0,3.854732603491206
01,5,04,01_04,panelist,high,1,1,0,0,3.766957833688653
01,5,05,01_05,panelist,med,1,0,0,0,3.9816272643300787
01,5,06,01_06,panelist,low,1,0,1,0,4.03987496542424
01,5,07,01_07,panelist,med,1,0,0,0,3.524789940917658
01,5,08,01_08,panelist,med,1,0,0,0,4.354895057426999
01,5,09,01_09,panelist,none,1,0,0,1,4.540164325432499
01,5,10,01_10,panelist,high,1,1,0,0,4.227138067757181
01,5,11,01_11,panelist,low,1,0,1,0,3.5024315308528915
01,5,12,01_12,panelist,med,1,0,0,0,4.0325519063653275
01,5,13,01_13,reviewer,none,0,0,0,1,3.9831320322572594
01,5,14,01_14,panelist,high,1,1,0,0,3.970182882497696
01,5,15,01_15,panelist,high,1,1,0,0,3.9066670702964617
01,5,16,01_16,panelist,med,1,0,0,0,3.8204792103945042
01,5,17,01_17,panelist,low,1,0,1,0,4.246054983442265
01,5,18,01_18,panelist,med,1,0,0,0,4.293785454851324
01,5,19,01_19,reviewer,med,0,0,0,0,3.5415873554791886
01,5,20,01_20,panelist,med,1,0,0,0,4.265127341643397
01,5,21,01_21,panelist,none,1,0,0,1,4.070289683914078
01,5,22,01_22,panelist,med,1,0,0,0,4.108261936608768
01,5,23,01_23,reviewer,low,0,0,1,0,4.069785065608609
01,5,24,01_24,panelist,high,1,1,0,0,4.1000763496770665
01,6,01,01_01,reviewer,none,0,0,0,1,4.180307473964188
01,6,02,01_02,panelist,high,1,1,0,0,4.742122344891082
01,6,03,01_03,panelist,low,1,0,1,0,4.183428394184357
01,6,04,01_04,panelist,med,1,0,0,0,4.242440557752922
01,6,05,01_05,panelist,high,1,1,0,0,4.0206473691178335
01,6,06,01_06,panelist,med,1,0,0,0,4.557535009526707
01,6,07,01_07,panelist,high,1,1,0,0,3.8161531628651257
01,6,08,01_08,panelist,med,1,0,0,0,4.411851375155017
01,6,09,01_09,panelist,med,1,0,0,0,4.426492282943102
01,6,10,01_10,panelist,med,1,0,0,0,4.211182362335801
01,6,11,01_11,panelist,low,1,0,1,0,4.1221455798889695
01,6,12,01_12,panelist,none,1,0,0,1,4.749816388293206
01,6,13,01_13,panelist,med,1,0,0,0,4.5481939764494435
01,6,14,01_14,panelist,high,1,1,0,0,4.307205146813179
01,6,15,01_15,panelist,med,1,0,0,0,4.203600113364251
01,6,16,01_16,reviewer,med,0,0,0,0,4.419612635645679
01,6,17,01_17,panelist,med,1,0,0,0,4.157086267927588
01,6,18,01_18,reviewer,none,0,0,0,1,4.300678781421922
01,6,19,01_19,panelist,high,1,1,0,0,4.070664145836589
01,6,20,01_20,panelist,high,1,1,0,0,4.503036838333036
01,6,21,01_21,panelist,low,1,0,1,0,4.599273123613038
01,6,22,01_22,panelist,none,1,0,0,1,4.273928366385287
01,6,23,01_23,panelist,med,1,0,0,0,4.386210516107913
01,6,24,01_24,panelist,low,1,0,1,0,3.9218769361525854
01,7,01,01_01,reviewer,med,0,0,0,0,4.366889629681935
01,7,02,01_02,panelist,low,1,0,1,0,4.834151962711435
01,7,03,01_03,reviewer,med,0,0,0,0,4.122571523748773
01,7,04,01_04,panelist,high,1,1,0,0,4.198996338176406
01,7,05,01_05,panelist,high,1,1,0,0,3.975726627933626
01,7,06,01_06,panelist,high,1,1,0,0,4.601149804709867
01,7,07,01_07,panelist,med,1,0,0,0,4.125846524013858
01,7,08,01_08,panelist,low,1,0,1,0,4.7826210208781506
01,7,09,01_09,panelist,med,1,0,0,0,4.850249382162243
01,7,10,01_10,panelist,low,1,0,1,0,4.7769158656276245
01,7,11,01_11,panelist,med,1,0,0,0,4.40505136891619
01,7,12,01_12,panelist,none,1,0,0,1,4.587807167815861
01,7,13,01_13,panelist,med,1,0,0,0,4.746819363800264
01,7,14,01_14,panelist,none,1,0,0,1,4.828881323734681
01,7,15,01_15,panelist,high,1,1,0,0,4.192424331669802
01,7,16,01_16,panelist,med,1,0,0,0,4.724436326048185
01,7,17,01_17,panelist,none,1,0,0,1,4.896241138086089
01,7,18,01_18,panelist,low,1,0,1,0,4.50010474103701
01,7,19,01_19,reviewer,med,0,0,0,0,3.780404360576198
01,7,20,01_20,panelist,med,1,0,0,0,4.660091825973272
01,7,21,01_21,panelist,med,1,0,0,0,4.727019750994201
01,7,22,01_22,panelist,high,1,1,0,0,4.672250016468984
01,7,23,01_23,panelist,high,1,1,0,0,4.417650196789392
01,7,24,01_24,panelist,none,1,0,0,1,4.709127866759092
01,8,01,01_01,panelist,none,1,0,0,1,3.950754368022947
01,8,02,01_02,panelist,high,1,1,0,0,4.436141725180718
01,8,03,01_03,panelist,med,1,0,0,0,3.6307079564710163
01,8,04,01_04,panelist,med,1,0,0,0,3.584246259372986
01,8,05,01_05,panelist,high,1,1,0,0,3.6950290280924003
01,8,06,01_06,panelist,low,1,0,1,0,4.086461904782645
01,8,07,01_07,panelist,med,1,0,0,0,3.804562644344382
01,8,08,01_08,panelist,high,1,1,0,0,3.667955399775547
01,8,09,01_09,panelist,none,1,0,0,1,4.4923354869573195
01,8,10,01_10,panelist,high,1,1,0,0,3.547360557600631
01,8,11,01_11,panelist,high,1,1,0,0,3.959485906132767
01,8,12,01_12,panelist,none,1,0,0,1,3.9126685537487225
01,8,13,01_13,reviewer,med,0,0,0,0,3.9086296332036863
01,8,14,01_14,panelist,med,1,0,0,0,3.682682680372822
01,8,15,01_15,panelist,med,1,0,0,0,3.614782640838978
01,8,16,01_16,reviewer,none,0,0,0,1,3.9132161332946267
01,8,17,01_17,panelist,med,1,0,0,0,3.670285634267407
01,8,18,01_18,panelist,low,1,0,1,0,4.146096484111856
01,8,19,01_19,panelist,high,1,1,0,0,3.76650140498332
01,8,20,01_20,panelist,med,1,0,0,0,3.842579221074169
01,8,21,01_21,reviewer,med,0,0,0,0,3.8928991027061115
01,8,22,01_22,panelist,low,1,0,1,0,4.153516269128696
01,8,23,01_23,panelist,med,1,0,0,0,3.9124296764718185
01,8,24,01_24,panelist,low,1,0,1,0,3.5719361429048684
01,9,01,01_01,panelist,med,1,0,0,0,4.032924105855882
01,9,02,01_02,panelist,low,1,0,1,0,4.881431205413541
01,9,03,01_03,panelist,none,1,0,0,1,4.437494107625536
01,9,04,01_04,panelist,med,1,0,0,0,4.02468158990158
01,9,05,01_05,reviewer,none,0,0,0,1,3.864840634085228
01,9,06,01_06,panelist,high,1,1,0,0,4.639552224139522
01,9,07,01_07,panelist,high,1,1,0,0,4.192641112702189
01,9,08,01_08,panelist,med,1,0,0,0,4.739222938994294
01,9,09,01_09,panelist,med,1,0,0,0,4.679123609249824
01,9,10,01_10,panelist,med,1,0,0,0,4.509534250506875
01,9,11,01_11,panelist,med,1,0,0,0,4.050316997558527
01,9,12,01_12,panelist,high,1,1,0,0,4.182584730877688
01,9,13,01_13,panelist,med,1,0,0,0,4.840530809310839
01,9,14,01_14,panelist,high,1,1,0,0,4.279524641823056
01,9,15,01_15,panelist,none,1,0,0,1,4.719409328114098
01,9,16,01_16,panelist,high,1,1,0,0,4.325621817915903
01,9,17,01_17,reviewer,low,0,0,1,0,4.3250585953854515
01,9,18,01_18,panelist,low,1,0,1,0,4.78835763706518
01,9,19,01_19,panelist,high,1,1,0,0,3.910848168747502
01,9,20,01_20,panelist,none,1,0,0,1,4.827728797542288
01,9,21,01_21,panelist,low,1,0,1,0,4.8138694252909415
01,9,22,01_22,panelist,med,1,0,0,0,4.526612331589841
01,9,23,01_23,reviewer,med,0,0,0,0,4.455476210898381
01,9,24,01_24,panelist,med,1,0,0,0,4.295559599975266
01,10,01,01_01,panelist,low,1,0,1,0,4.146798540001006
01,10,02,01_02,panelist,high,1,1,0,0,4.004558461921556
01,10,03,01_03,panelist,none,1,0,0,1,3.9906361376341475
01,10,04,01_04,panelist,med,1,0,0,0,4.2047218085109614
01,10,05,01_05,panelist,none,1,0,0,1,4.164889611279949
01,10,06,01_06,panelist,high,1,1,0,0,4.056198581075948
01,10,07,01_07,panelist,high,1,1,0,0,3.8750861512242194
01,10,08,01_08,panelist,med,1,0,0,0,4.5057952360253495
01,10,09,01_09,panelist,high,1,1,0,0,4.711457461687184
01,10,10,01_10,panelist,none,1,0,0,1,4.382266962790101
01,10,11,01_11,panelist,high,1,1,0,0,3.7022654331565428
01,10,12,01_12,reviewer,med,0,0,0,0,4.078027587270433
01,10,13,01_13,panelist,med,1,0,0,0,4.10140957600427
01,10,14,01_14,panelist,med,1,0,0,0,4.07243351254598
01,10,15,01_15,panelist,med,1,0,0,0,4.248035659916102
01,10,16,01_16,panelist,low,1,0,1,0,4.392775550836047
01,10,17,01_17,reviewer,low,0,0,1,0,4.172385772945178
01,10,18,01_18,panelist,none,1,0,0,1,4.5008957471738285
01,10,19,01_19,panelist,low,1,0,1,0,4.043374025695532
01,10,20,01_20,panelist,med,1,0,0,0,4.008089231040804
01,10,21,01_21,panelist,med,1,0,0,0,4.193234765279159
01,10,22,01_22,reviewer,med,0,0,0,0,3.5638397769957906
01,10,23,01_23,panelist,high,1,1,0,0,3.8741286883484825
01,10,24,01_24,panelist,med,1,0,0,0,3.7034662239150142
01,11,01,01_01,panelist,none,1,0,0,1,3.946890378683443
01,11,02,01_02,panelist,none,1,0,0,1,4.883504728976213
01,11,03,01_03,panelist,low,1,0,1,0,3.7981287573231453
01,11,04,01_04,panelist,med,1,0,0,0,3.5938435542326244
01,11,05,01_05,panelist,med,1,0,0,0,3.6819732800670866
01,11,06,01_06,panelist,med,1,0,0,0,4.298893526680651
01,11,07,01_07,panelist,med,1,0,0,0,3.658752477709448
01,11,08,01_08,panelist,high,1,1,0,0,4.255662316523791
01,11,09,01_09,panelist,med,1,0,0,0,4.288931496708328
01,11,10,01_10,panelist,high,1,1,0,0,3.8777635285455996
01,11,11,01_11,panelist,high,1,1,0,0,3.6401932866458213
01,11,12,01_12,panelist,high,1,1,0,0,4.083639143206663
01,11,13,01_13,panelist,none,1,0,0,1,4.8596580299267
01,11,14,01_14,reviewer,low,0,0,1,0,3.697293747675915
01,11,15,01_15,reviewer,none,0,0,0,1,3.899784730211845
01,11,16,01_16,reviewer,med,0,0,0,0,3.9367581916910206
01,11,17,01_17,panelist,med,1,0,0,0,3.9039544028130675
01,11,18,01_18,panelist,med,1,0,0,0,4.06902434636703
01,11,19,01_19,panelist,med,1,0,0,0,3.5034783925287103
01,11,20,01_20,panelist,high,1,1,0,0,4.080635836040749
01,11,21,01_21,panelist,low,1,0,1,0,4.571156044292902
01,11,22,01_22,panelist,med,1,0,0,0,4.20885919776414
01,11,23,01_23,panelist,high,1,1,0,0,3.9781348439884576
01,11,24,01_24,panelist,low,1,0,1,0,4.061849668712895
01,12,01,01_01,panelist,med,1,0,0,0,4.031700553797381
01,12,02,01_02,panelist,med,1,0,0,0,4.412642711171192
01,12,03,01_03,panelist,none,1,0,0,1,3.8799290748558075
01,12,04,01_04,panelist,high,1,1,0,0,3.72908327196737
01,12,05,01_05,reviewer,med,0,0,0,0,3.6224050058609425
01,12,06,01_06,panelist,med,1,0,0,0,4.121326584463262
01,12,07,01_07,reviewer,med,0,0,0,0,3.681549625543045
01,12,08,01_08,panelist,high,1,1,0,0,4.204262507045731
01,12,09,01_09,panelist,high,1,1,0,0,4.425691753766487
01,12,10,01_10,panelist,none,1,0,0,1,4.742017534572141
01,12,11,01_11,panelist,low,1,0,1,0,3.6924704774835515
01,12,12,01_12,panelist,med,1,0,0,0,4.108194933130875
01,12,13,01_13,panelist,high,1,1,0,0,4.505275079495734
01,12,14,01_14,panelist,low,1,0,1,0,4.197734062606331
01,12,15,01_15,panelist,med,1,0,0,0,4.32061402570244
01,12,16,01_16,panelist,none,1,0,0,1,4.550543828358365
01,12,17,01_17,panelist,low,1,0,1,0,4.724570741789287
01,12,18,01_18,reviewer,low,0,0,1,0,4.145444973410162
01,12,19,01_19,panelist,med,1,0,0,0,3.6859529682332433
01,12,20,01_20,panelist,none,1,0,0,1,4.367458310738443
01,12,21,01_21,panelist,high,1,1,0,0,4.279539424979553
01,12,22,01_22,panelist,med,1,0,0,0,4.318065508168597
01,12,23,01_23,panelist,high,1,1,0,0,4.196190108386086
01,12,24,01_24,panelist,med,1,0,0,0,3.798794307381328
01,13,01,01_01,panelist,med,1,0,0,0,4.073309313047646
01,13,02,01_02,panelist,med,1,0,0,0,4.474514607208038
01,13,03,01_03,panelist,med,1,0,0,0,3.906148477452891
01,13,04,01_04,panelist,high,1,1,0,0,4.30664886239162
01,13,05,01_05,panelist,med,1,0,0,0,4.168485983058417
01,13,06,01_06,panelist,med,1,0,0,0,4.631229949644558
01,13,07,01_07,panelist,high,1,1,0,0,4.1935023133315426
01,13,08,01_08,panelist,high,1,1,0,0,4.601968993814254
01,13,09,01_09,reviewer,med,0,0,0,0,4.742189134048211
01,13,10,01_10,panelist,high,1,1,0,0,4.499254057572552
01,13,11,01_11,panelist,none,1,0,0,1,4.02456804210798
01,13,12,01_12,panelist,none,1,0,0,1,4.6661281687754945
01,13,13,01_13,panelist,none,1,0,0,1,4.845619663885809
01,13,14,01_14,panelist,low,1,0,1,0,4.693583459484682
01,13,15,01_15,reviewer,med,0,0,0,0,4.202140039501251
01,13,16,01_16,panelist,none,1,0,0,1,4.531853732703933
01,13,17,01_17,panelist,low,1,0,1,0,4.496105817662459
01,13,18,01_18,panelist,med,1,0,0,0,4.389450548433314
01,13,19,01_19,panelist,high,1,1,0,0,4.010300574284213
01,13,20,01_20,panelist,high,1,1,0,0,4.46491774518332
01,13,21,01_21,panelist,low,1,0,1,0,4.696647924732063
01,13,22,01_22,reviewer,med,0,0,0,0,4.131804910456452
01,13,23,01_23,panelist,low,1,0,1,0,4.582594264203999
01,13,24,01_24,panelist,med,1,0,0,0,4.258883611075673
01,14,01,01_01,panelist,med,1,0,0,0,3.869891100919528
01,14,02,01_02,panelist,low,1,0,1,0,4.463337813168353
01,14,03,01_03,panelist,low,1,0,1,0,3.7788259663582258
01,14,04,01_04,panelist,high,1,1,0,0,3.9056169283918787
01,14,05,01_05,reviewer,med,0,0,0,0,3.8042930104591637
01,14,06,01_06,panelist,med,1,0,0,0,4.039102323467008
01,14,07,01_07,panelist,low,1,0,1,0,3.901954254452099
01,14,08,01_08,panelist,high,1,1,0,0,4.156779130232854
01,14,09,01_09,panelist,med,1,0,0,0,4.449779610343458
01,14,10,01_10,panelist,none,1,0,0,1,3.7232614989306323
01,14,11,01_11,panelist,med,1,0,0,0,3.8801063012566295
01,14,12,01_12,panelist,high,1,1,0,0,4.040952361924813
01,14,13,01_13,panelist,med,1,0,0,0,4.329538618715275
01,14,14,01_14,panelist,none,1,0,0,1,4.476665562134367
01,14,15,01_15,reviewer,none,0,0,0,1,4.330022151933103
01,14,16,01_16,panelist,low,1,0,1,0,4.225164088112406
01,14,17,01_17,panelist,med,1,0,0,0,4.1224439715423316
01,14,18,01_18,panelist,high,1,1,0,0,3.608065490497851
01,14,19,01_19,panelist,med,1,0,0,0,3.55863312828835
01,14,20,01_20,reviewer,high,0,1,0,0,3.5011189985036117
01,14,21,01_21,panelist,med,1,0,0,0,4.106458481723175
01,14,22,01_22,panelist,none,1,0,0,1,4.015532842272413
01,14,23,01_23,panelist,high,1,1,0,0,4.225228590896115
01,14,24,01_24,panelist,med,1,0,0,0,3.7057537164866017
01,15,01,01_01,panelist,med,1,0,0,0,3.6031688959695947
01,15,02,01_02,panelist,none,1,0,0,1,4.263550643960474
01,15,03,01_03,panelist,med,1,0,0,0,3.561788557106926
01,15,04,01_04,panelist,low,1,0,1,0,3.5448139329945656
01,15,05,01_05,panelist,med,1,0,0,0,3.7791171561298675
01,15,06,01_06,panelist,high,1,1,0,0,3.862672764944092
01,15,07,01_07,reviewer,high,0,1,0,0,3.6077803246887354
01,15,08,01_08,panelist,med,1,0,0,0,3.6345264634475982
01,15,09,01_09,panelist,high,1,1,0,0,3.902318030689622
01,15,10,01_10,reviewer,none,0,0,0,1,3.6400869526938906
01,15,11,01_11,panelist,low,1,0,1,0,3.730970972301598
01,15,12,01_12,panelist,none,1,0,0,1,4.065262974785968
01,15,13,01_13,panelist,med,1,0,0,0,4.049205518125941
01,15,14,01_14,panelist,med,1,0,0,0,3.6278961850159828
01,15,15,01_15,reviewer,low,0,0,1,0,3.701821570980956
01,15,16,01_16,panelist,med,1,0,0,0,3.9426335550523537
01,15,17,01_17,panelist,none,1,0,0,1,4.075680307190567
01,15,18,01_18,panelist,med,1,0,0,0,3.6677225709221313
01,15,19,01_19,panelist,high,1,1,0,0,3.54728294877809
01,15,20,01_20,panelist,high,1,1,0,0,3.846812783902687
01,15,21,01_21,panelist,med,1,0,0,0,3.8683029646457614
01,15,22,01_22,panelist,high,1,1,0,0,3.757700563854987
01,15,23,01_23,panelist,med,1,0,0,0,3.788847527819847
01,15,24,01_24,panelist,low,1,0,1,0,3.573041534894256
02,1,01,02_01,panelist,none,1,0,0,1,4.323088384077185
02,1,02,02_02,panelist,med,1,0,0,0,4.523959390377819
02,1,03,02_03,reviewer,med,0,0,0,0,3.5455318107843854
02,1,04,02_04,panelist,high,1,1,0,0,3.775534484927207
02,1,05,02_05,panelist,low,1,0,1,0,4.204828861139817
02,1,06,02_06,reviewer,med,0,0,0,0,4.061440239476844
02,1,07,02_07,reviewer,high,0,1,0,0,4.055705690905835
02,1,08,02_08,panelist,high,1,1,0,0,4.2186127449213195
02,1,09,02_09,panelist,high,1,1,0,0,4.476147495243068
02,1,10,02_10,panelist,none,1,0,0,1,4.314955420789947
02,1,11,02_11,panelist,med,1,0,0,0,4.06824518100867
02,1,12,02_12,panelist,med,1,0,0,0,4.330159007487223
02,1,13,02_13,panelist,low,1,0,1,0,4.684284675122886
02,1,14,02_14,panelist,med,1,0,0,0,4.020627350770753
02,1,15,02_15,panelist,med,1,0,0,0,4.001793812220836
02,1,16,02_16,panelist,med,1,0,0,0,4.001479944144073
02,1,17,02_17,panelist,none,1,0,0,1,4.394964429033488
02,1,18,02_18,panelist,low,1,0,1,0,4.53945441557456
02,1,19,02_19,panelist,none,1,0,0,1,4.68834052749236
02,1,20,02_20,panelist,med,1,0,0,0,4.26193540648293
02,1,21,02_21,panelist,high,1,1,0,0,3.910525845118557
02,1,22,02_22,panelist,high,1,1,0,0,4.34870572207948
02,1,23,02_23,panelist,med,1,0,0,0,4.385115997512755
02,1,24,02_24,panelist,low,1,0,1,0,3.8936372469514757
02,2,01,02_01,panelist,med,1,0,0,0,3.722097488043664
02,2,02,02_02,panelist,med,1,0,0,0,4.399978488351868
02,2,03,02_03,panelist,none,1,0,0,1,4.368654379539245
02,2,04,02_04,panelist,med,1,0,0,0,4.200106431841394
02,2,05,02_05,panelist,high,1,1,0,0,3.984753673009217
02,2,06,02_06,panelist,med,1,0,0,0,4.420084783247804
02,2,07,02_07,panelist,high,1,1,0,0,4.26670149840396
02,2,08,02_08,panelist,high,1,1,0,0,4.4232291324496575
02,2,09,02_09,reviewer,low,0,0,1,0,4.3853616258342125
02,2,10,02_10,panelist,low,1,0,1,0,4.647846610917421
02,2,11,02_11,panelist,med,1,0,0,0,3.6780481579059208
02,2,12,02_12,panelist,low,1,0,1,0,4.625913663555903
02,2,13,02_13,panelist,high,1,1,0,0,4.408227084314522
02,2,14,02_14,panelist,none,1,0,0,1,4.147738784311604
02,2,15,02_15,panelist,med,1,0,0,0,4.498574051978541
02,2,16,02_16,panelist,none,1,0,0,1,4.80814536453268
02,2,17,02_17,reviewer,low,0,0,1,0,4.275853577096279
02,2,18,02_18,panelist,med,1,0,0,0,4.105440266463314
02,2,19,02_19,panelist,med,1,0,0,0,3.745429633825477
02,2,20,02_20,panelist,med,1,0,0,0,4.406607074465279
02,2,21,02_21,panelist,high,1,1,0,0,4.2682338671684334
02,2,22,02_22,panelist,med,1,0,0,0,4.26976753737219
02,2,23,02_23,reviewer,none,0,0,0,1,4.42911725381685
02,2,24,02_24,panelist,high,1,1,0,0,3.878748484281798
02,3,01,02_01,panelist,med,1,0,0,0,3.700616960104231
02,3,02,02_02,panelist,none,1,0,0,1,4.742625584655431
02,3,03,02_03,panelist,high,1,1,0,0,3.7670706761488204
02,3,04,02_04,panelist,none,1,0,0,1,4.275409938996525
02,3,05,02_05,reviewer,low,0,0,1,0,3.812485753061308
02,3,06,02_06,panelist,med,1,0,0,0,4.374027327883108
02,3,07,02_07,panelist,med,1,0,0,0,4.47107776973748
02,3,08,02_08,panelist,none,1,0,0,1,4.5381884730680095
02,3,09,02_09,reviewer,low,0,0,1,0,4.626104839569876
02,3,10,02_10,panelist,med,1,0,0,0,4.056862681648176
02,3,11,02_11,panelist,high,1,1,0,0,3.988496857332071
02,3,12,02_12,panelist,none,1,0,0,1,4.052627819736909
02,3,13,02_13,panelist,med,1,0,0,0,4.756966486222542
02,3,14,02_14,panelist,high,1,1,0,0,4.323650836726216
02,3,15,02_15,panelist,med,1,0,0,0,4.160821170691391
02,3,16,02_16,panelist,low,1,0,1,0,4.092076080301838
02,3,17,02_17,panelist,med,1,0,0,0,4.329295826892706
02,3,18,02_18,panelist,high,1,1,0,0,4.303450142616863
02,3,19,02_19,panelist,high,1,1,0,0,3.747362501999273
02,3,20,02_20,panelist,med,1,0,0,0,4.178664409859277
02,3,21,02_21,panelist,low,1,0,1,0,4.438364611059389
02,3,22,02_22,panelist,high,1,1,0,0,4.163250040100852
02,3,23,02_23,panelist,med,1,0,0,0,4.302770490479437
02,3,24,02_24,reviewer,med,0,0,0,0,3.5975655610435577
02,4,01,02_01,reviewer,high,0,1,0,0,4.070599363025102
02,4,02,02_02,panelist,low,1,0,1,0,4.8261894497850495
02,4,03,02_03,panelist,none,1,0,0,1,3.8557741520294737
02,4,04,02_04,panelist,none,1,0,0,1,4.394962757665586
02,4,05,02_05,panelist,high,1,1,0,0,4.311087318363582
02,4,06,02_06,panelist,med,1,0,0,0,4.568530816396274
02,4,07,02_07,panelist,low,1,0,1,0,4.323829098935121
02,4,08,02_08,panelist,med,1,0,0,0,4.3472217003393085
02,4,09,02_09,reviewer,high,0,1,0,0,4.557238437619106
02,4,10,02_10,panelist,none,1,0,0,1,4.362414364414636
02,4,11,02_11,panelist,low,1,0,1,0,4.108414287685906
02,4,12,02_12,panelist,med,1,0,0,0,4.813508309847336
02,4,13,02_13,panelist,med,1,0,0,0,4.708318068592448
02,4,14,02_14,panelist,high,1,1,0,0,4.213285195865744
02,4,15,02_15,panelist,med,1,0,0,0,4.151271038386163
02,4,16,02_16,panelist,high,1,1,0,0,4.055483452689808
02,4,17,02_17,panelist,med,1,0,0,0,4.554695843373597
02,4,18,02_18,panelist,low,1,0,1,0,4.364033411766978
02,4,19,02_19,panelist,med,1,0,0,0,4.051581443339506
02,4,20,02_20,panelist,none,1,0,0,1,4.556649493641799
02,4,21,02_21,panelist,med,1,0,0,0,4.427289836235777
02,4,22,02_22,panelist,high,1,1,0,0,3.9671822949378255
02,4,23,02_23,reviewer,med,0,0,0,0,4.133647968433208
02,4,24,02_24,panelist,med,1,0,0,0,3.7765737913420008
02,5,01,02_01,panelist,med,1,0,0,0,3.5493458864789487
02,5,02,02_02,panelist,high,1,1,0,0,4.223389842697277
02,5,03,02_03,reviewer,high,0,1,0,0,3.643899741409552
02,5,04,02_04,panelist,med,1,0,0,0,3.655786288942444
02,5,05,02_05,panelist,high,1,1,0,0,3.7371218179171266
02,5,06,02_06,panelist,high,1,1,0,0,4.118723462070665
02,5,07,02_07,panelist,high,1,1,0,0,3.547578147428136
02,5,08,02_08,panelist,med,1,0,0,0,4.4442285494806
02,5,09,02_09,panelist,med,1,0,0,0,4.522826136496642
02,5,10,02_10,panelist,med,1,0,0,0,4.392798289094522
02,5,11,02_11,panelist,none,1,0,0,1,3.833851276699627
02,5,12,02_12,reviewer,low,0,0,1,0,4.148780111506554
02,5,13,02_13,panelist,none,1,0,0,1,4.415641314853746
02,5,14,02_14,panelist,med,1,0,0,0,3.9308593066221027
02,5,15,02_15,panelist,none,1,0,0,1,4.005180639645123
02,5,16,02_16,panelist,none,1,0,0,1,4.463834954242936
02,5,17,02_17,panelist,med,1,0,0,0,3.853653755065991
02,5,18,02_18,panelist,med,1,0,0,0,3.9001343211293262
02,5,19,02_19,panelist,med,1,0,0,0,3.721641683289294
02,5,20,02_20,panelist,low,1,0,1,0,4.276917130800947
02,5,21,02_21,panelist,med,1,0,0,0,4.352782974399268
02,5,22,02_22,panelist,high,1,1,0,0,3.916156764262885
02,5,23,02_23,panelist,low,1,0,1,0,3.9296992692219357
02,5,24,02_24,reviewer,low,0,0,1,0,3.780617987793948
02,6,01,02_01,panelist,none,1,0,0,1,4.258347604116777
02,6,02,02_02,panelist,none,1,0,0,1,4.891624454258714
02,6,03,02_03,panelist,med,1,0,0,0,4.228822368364309
02,6,04,02_04,panelist,low,1,0,1,0,4.169496092081782
02,6,05,02_05,panelist,med,1,0,0,0,4.230487988227397
02,6,06,02_06,reviewer,med,0,0,0,0,4.278670476222652
02,6,07,02_07,panelist,med,1,0,0,0,4.401895249398032
02,6,08,02_08,panelist,high,1,1,0,0,4.387260799026026
02,6,09,02_09,panelist,none,1,0,0,1,4.767046236973807
02,6,10,02_10,panelist,high,1,1,0,0,4.063179099616662
02,6,11,02_11,panelist,med,1,0,0,0,3.9066939873253244
02,6,12,02_12,panelist,med,1,0,0,0,4.574606231428188
02,6,13,02_13,reviewer,high,0,1,0,0,4.561555173905975
02,6,14,02_14,reviewer,none,0,0,0,1,3.89413552486476
02,6,15,02_15,panelist,high,1,1,0,0,4.339449465941887
02,6,16,02_16,panelist,low,1,0,1,0,4.882823930376328
02,6,17,02_17,panelist,med,1,0,0,0,4.202677955069452
02,6,18,02_18,panelist,med,1,0,0,0,4.367883597925029
02,6,19,02_19,panelist,high,1,1,0,0,4.350670890335178
02,6,20,02_20,panelist,low,1,0,1,0,4.361740666933479
02,6,21,02_21,panelist,high,1,1,0,0,4.659270460179693
02,6,22,02_22,panelist,med,1,0,0,0,4.3232365266618125
02,6,23,02_23,panelist,med,1,0,0,0,4.486021212086248
02,6,24,02_24,panelist,low,1,0,1,0,4.301779031048156
02,7,01,02_01,panelist,high,1,1,0,0,4.409512894992337
02,7,02,02_02,panelist,none,1,0,0,1,4.758409119354763
02,7,03,02_03,panelist,med,1,0,0,0,4.168563916190245
02,7,04,02_04,panelist,med,1,0,0,0,4.08379228061223
02,7,05,02_05,panelist,high,1,1,0,0,4.180906519960775
02,7,06,02_06,panelist,low,1,0,1,0,4.894923677861466
02,7,07,02_07,panelist,med,1,0,0,0,4.280872191535802
02,7,08,02_08,panelist,med,1,0,0,0,4.626555362342693
02,7,09,02_09,panelist,none,1,0,0,1,4.893479014684581
02,7,10,02_10,panelist,med,1,0,0,0,4.396534250529101
02,7,11,02_11,reviewer,low,0,0,1,0,4.227373822367039
02,7,12,02_12,panelist,med,1,0,0,0,4.454940057361306
02,7,13,02_13,reviewer,med,0,0,0,0,4.663688074994054
02,7,14,02_14,panelist,low,1,0,1,0,4.833333588426539
02,7,15,02_15,reviewer,high,0,1,0,0,3.839068312296541
02,7,16,02_16,panelist,high,1,1,0,0,4.509377288731306
02,7,17,02_17,panelist,high,1,1,0,0,4.749714230033802
02,7,18,02_18,panelist,none,1,0,0,1,4.552169412991171
02,7,19,02_19,panelist,med,1,0,0,0,4.1554439599999915
02,7,20,02_20,panelist,low,1,0,1,0,4.839253019959059
02,7,21,02_21,panelist,med,1,0,0,0,4.720792520157673
02,7,22,02_22,panelist,none,1,0,0,1,4.6388288273167655
02,7,23,02_23,panelist,med,1,0,0,0,4.5789846179945295
02,7,24,02_24,panelist,high,1,1,0,0,4.174181868621605
02,8,01,02_01,panelist,high,1,1,0,0,3.7801657361250967
02,8,02,02_02,panelist,med,1,0,0,0,4.417029413734338
02,8,03,02_03,panelist,med,1,0,0,0,4.132009722667484
02,8,04,02_04,panelist,med,1,0,0,0,3.714469432174972
02,8,05,02_05,reviewer,low,0,0,1,0,3.679466492219201
02,8,06,02_06,panelist,low,1,0,1,0,4.1764162219343355
02,8,07,02_07,panelist,low,1,0,1,0,3.9969870763853974
02,8,08,02_08,panelist,high,1,1,0,0,3.8604400999277884
02,8,09,02_09,panelist,med,1,0,0,0,4.267243271975994
02,8,10,02_10,panelist,none,1,0,0,1,3.974584663451505
02,8,11,02_11,panelist,med,1,0,0,0,3.5238618428859088
02,8,12,02_12,panelist,high,1,1,0,0,4.0064864785474485
02,8,13,02_13,panelist,none,1,0,0,1,4.784283648714129
02,8,14,02_14,panelist,high,1,1,0,0,3.9290794126028636
02,8,15,02_15,panelist,high,1,1,0,0,3.8048121936248585
02,8,16,02_16,reviewer,none,0,0,0,1,4.188475414312075
02,8,17,02_17,panelist,med,1,0,0,0,3.9084085021279744
02,8,18,02_18,panelist,med,1,0,0,0,3.9431407597439163
02,8,19,02_19,panelist,low,1,0,1,0,3.9889619184062055
02,8,20,02_20,panelist,med,1,0,0,0,4.049843200269528
02,8,21,02_21,panelist,med,1,0,0,0,4.053473979080517
02,8,22,02_22,reviewer,none,0,0,0,1,4.002734654414941
02,8,23,02_23,panelist,med,1,0,0,0,3.9943823322096446
02,8,24,02_24,panelist,high,1,1,0,0,3.676025943140717
02,9,01,02_01,panelist,med,1,0,0,0,4.134415141102239
02,9,02,02_02,panelist,med,1,0,0,0,4.631566176577816
02,9,03,02_03,panelist,high,1,1,0,0,3.9384012188483486
02,9,04,02_04,panelist,med,1,0,0,0,4.227880407591651
02,9,05,02_05,panelist,med,1,0,0,0,4.670968441510507
02,9,06,02_06,panelist,med,1,0,0,0,4.7895355658341705
02,9,07,02_07,panelist,none,1,0,0,1,4.702269187921774
02,9,08,02_08,panelist,low,1,0,1,0,4.838490632875214
02,9,09,02_09,panelist,low,1,0,1,0,4.752427488941899
02,9,10,02_10,panelist,med,1,0,0,0,4.575815056334737
02,9,11,02_11,panelist,med,1,0,0,0,4.163955008619234
02,9,12,02_12,panelist,high,1,1,0,0,4.481792197569811
02,9,13,02_13,reviewer,none,0,0,0,1,4.503938883465437
02,9,14,02_14,panelist,high,1,1,0,0,4.602015549373213
02,9,15,02_15,panelist,none,1,0,0,1,4.5849219961666074
02,9,16,02_16,panelist,none,1,0,0,1,4.601678691293016
02,9,17,02_17,panelist,high,1,1,0,0,4.014332453631393
02,9,18,02_18,reviewer,med,0,0,0,0,4.6005210162775105
02,9,19,02_19,panelist,low,1,0,1,0,4.286950745594541
02,9,20,02_20,panelist,med,1,0,0,0,4.708334657086966
02,9,21,02_21,panelist,low,1,0,1,0,4.598361612919693
02,9,22,02_22,panelist,high,1,1,0,0,4.595087737072718
02,9,23,02_23,reviewer,high,0,1,0,0,4.16620752083402
02,9,24,02_24,panelist,med,1,0,0,0,4.2977637592307385
02,10,01,02_01,panelist,high,1,1,0,0,3.8783407896516677
02,10,02,02_02,panelist,high,1,1,0,0,4.233810224363959
02,10,03,02_03,reviewer,none,0,0,0,1,3.66588995573388
02,10,04,02_04,panelist,none,1,0,0,1,4.301424220098977
02,10,05,02_05,panelist,med,1,0,0,0,3.797486907598592
02,10,06,02_06,panelist,low,1,0,1,0,4.6957237646832555
02,10,07,02_07,panelist,med,1,0,0,0,3.9124100666883264
02,10,08,02_08,panelist,med,1,0,0,0,4.333198907091037
02,10,09,02_09,reviewer,low,0,0,1,0,4.365961747788773
02,10,10,02_10,panelist,high,1,1,0,0,4.203019948853822
02,10,11,02_11,panelist,high,1,1,0,0,3.7249714652622328
02,10,12,02_12,panelist,med,1,0,0,0,3.898230840797152
02,10,13,02_13,panelist,low,1,0,1,0,4.6547507189068
02,10,14,02_14,panelist,med,1,0,0,0,4.290093126823614
02,10,15,02_15,panelist,med,1,0,0,0,4.433283835481568
02,10,16,02_16,panelist,none,1,0,0,1,4.279015266189696
02,10,17,02_17,panelist,high,1,1,0,0,4.2257519221312
02,10,18,02_18,panelist,high,1,1,0,0,4.243070385662232
02,10,19,02_19,panelist,med,1,0,0,0,4.156950022651225
02,10,20,02_20,panelist,med,1,0,0,0,4.316568758259635
02,10,21,02_21,panelist,low,1,0,1,0,4.323299456394117
02,10,22,02_22,reviewer,none,0,0,0,1,4.6609707958164766
02,10,23,02_23,panelist,med,1,0,0,0,4.240429578016952
02,10,24,02_24,panelist,med,1,0,0,0,4.043241515439475
02,11,01,02_01,panelist,low,1,0,1,0,3.7924733638321912
02,11,02,02_02,panelist,high,1,1,0,0,4.5932747015117545
02,11,03,02_03,panelist,med,1,0,0,0,3.757740074117229
02,11,04,02_04,panelist,high,1,1,0,0,3.9451330238882667
02,11,05,02_05,panelist,high,1,1,0,0,3.665310780017945
02,11,06,02_06,panelist,med,1,0,0,0,4.260121063305622
02,11,07,02_07,reviewer,med,0,0,0,0,3.80616012841458
02,11,08,02_08,panelist,high,1,1,0,0,4.166550757709934
02,11,09,02_09,reviewer,med,0,0,0,0,4.174724519683016
02,11,10,02_10,panelist,none,1,0,0,1,4.148139517945867
02,11,11,02_11,panelist,none,1,0,0,1,3.946225476961933
02,11,12,02_12,panelist,med,1,0,0,0,4.064030971857433
02,11,13,02_13,panelist,med,1,0,0,0,4.091911278877289
02,11,14,02_14,panelist,none,1,0,0,1,4.339305392325781
02,11,15,02_15,panelist,med,1,0,0,0,4.549902664254175
02,11,16,02_16,panelist,high,1,1,0,0,3.6018371583867044
02,11,17,02_17,panelist,high,1,1,0,0,4.172828056585957
02,11,18,02_18,panelist,none,1,0,0,1,4.219672658187504
02,11,19,02_19,panelist,low,1,0,1,0,3.8464018674095923
02,11,20,02_20,panelist,med,1,0,0,0,4.023562988459146
02,11,21,02_21,panelist,med,1,0,0,0,4.23877316429684
02,11,22,02_22,panelist,low,1,0,1,0,4.16798909467322
02,11,23,02_23,panelist,med,1,0,0,0,3.7770857301219567
02,11,24,02_24,reviewer,low,0,0,1,0,3.5825095763170074
02,12,01,02_01,reviewer,low,0,0,1,0,3.6282442126078602
02,12,02,02_02,panelist,med,1,0,0,0,4.551029634093754
02,12,03,02_03,panelist,med,1,0,0,0,4.044911731927836
02,12,04,02_04,reviewer,med,0,0,0,0,3.627931506083283
02,12,05,02_05,panelist,high,1,1,0,0,3.8861026668141947
02,12,06,02_06,panelist,none,1,0,0,1,4.693886272818884
02,12,07,02_07,reviewer,med,0,0,0,0,3.844809104117145
02,12,08,02_08,panelist,med,1,0,0,0,4.489021198618741
02,12,09,02_09,panelist,high,1,1,0,0,4.474590898198918
02,12,10,02_10,panelist,high,1,1,0,0,3.8473103206486705
02,12,11,02_11,panelist,low,1,0,1,0,3.9633292778436777
02,12,12,02_12,panelist,low,1,0,1,0,4.399880783643461
02,12,13,02_13,panelist,none,1,0,0,1,4.66390471437609
02,12,14,02_14,panelist,high,1,1,0,0,4.036745091742116
02,12,15,02_15,panelist,med,1,0,0,0,3.6823451989461806
02,12,16,02_16,panelist,med,1,0,0,0,4.3530514255608
02,12,17,02_17,panelist,med,1,0,0,0,4.190384541327468
02,12,18,02_18,panelist,none,1,0,0,1,4.632021130467773
02,12,19,02_19,panelist,med,1,0,0,0,3.886004858651084
02,12,20,02_20,panelist,none,1,0,0,1,4.735060946231888
02,12,21,02_21,panelist,high,1,1,0,0,4.113742970912594
02,12,22,02_22,panelist,high,1,1,0,0,4.785316589975384
02,12,23,02_23,panelist,low,1,0,1,0,4.219060189046157
02,12,24,02_24,panelist,med,1,0,0,0,3.86067681062065
02,13,01,02_01,panelist,none,1,0,0,1,4.595073283320249
02,13,02,02_02,panelist,high,1,1,0,0,4.854883969345512
02,13,03,02_03,panelist,low,1,0,1,0,4.189238734369081
02,13,04,02_04,panelist,med,1,0,0,0,4.608447698770316
02,13,05,02_05,panelist,none,1,0,0,1,4.27899977924709
02,13,06,02_06,panelist,med,1,0,0,0,4.748075497280089
02,13,07,02_07,panelist,med,1,0,0,0,4.0896042986049475
02,13,08,02_08,panelist,high,1,1,0,0,4.522187828881195
02,13,09,02_09,panelist,med,1,0,0,0,4.774506102096368
02,13,10,02_10,reviewer,med,0,0,0,0,4.227213898224405
02,13,11,02_11,panelist,low,1,0,1,0,4.117000068826408
02,13,12,02_12,panelist,med,1,0,0,0,4.286496418688287
02,13,13,02_13,panelist,low,1,0,1,0,4.814842022000122
02,13,14,02_14,panelist,med,1,0,0,0,4.717230069728244
02,13,15,02_15,panelist,high,1,1,0,0,4.420810621543669
02,13,16,02_16,panelist,med,1,0,0,0,4.438715305497432
02,13,17,02_17,panelist,med,1,0,0,0,4.329948011763122
02,13,18,02_18,panelist,high,1,1,0,0,4.3392005935467015
02,13,19,02_19,panelist,low,1,0,1,0,4.367658922842767
02,13,20,02_20,reviewer,none,0,0,0,1,4.343564801661284
02,13,21,02_21,panelist,med,1,0,0,0,4.477834388290835
02,13,22,02_22,reviewer,high,0,1,0,0,4.15561276482316
02,13,23,02_23,panelist,none,1,0,0,1,4.423776642819289
02,13,24,02_24,panelist,high,1,1,0,0,4.0180953536229795
02,14,01,02_01,reviewer,med,0,0,0,0,3.7437217526463207
02,14,02,02_02,panelist,none,1,0,0,1,4.544429431198173
02,14,03,02_03,panelist,high,1,1,0,0,3.8269401804247476
02,14,04,02_04,panelist,med,1,0,0,0,3.8399815045280237
02,14,05,02_05,panelist,none,1,0,0,1,4.051556348365709
02,14,06,02_06,panelist,low,1,0,1,0,4.435296339034196
02,14,07,02_07,panelist,med,1,0,0,0,4.093132540130177
02,14,08,02_08,panelist,med,1,0,0,0,4.213278133021056
02,14,09,02_09,panelist,med,1,0,0,0,4.678054846428286
02,14,10,02_10,panelist,med,1,0,0,0,3.7764437936856927
02,14,11,02_11,panelist,none,1,0,0,1,3.8526601814965207
02,14,12,02_12,panelist,med,1,0,0,0,4.108711051655527
02,14,13,02_13,panelist,high,1,1,0,0,4.40937208556715
02,14,14,02_14,panelist,low,1,0,1,0,4.516417834433238
02,14,15,02_15,panelist,high,1,1,0,0,3.828193687623256
02,14,16,02_16,panelist,med,1,0,0,0,3.872029707168305
02,14,17,02_17,panelist,none,1,0,0,1,4.642299988231057
02,14,18,02_18,panelist,low,1,0,1,0,4.171438910236358
02,14,19,02_19,panelist,high,1,1,0,0,3.786489411878453
02,14,20,02_20,reviewer,high,0,1,0,0,3.867613268601026
02,14,21,02_21,panelist,low,1,0,1,0,4.214565338925009
02,14,22,02_22,panelist,med,1,0,0,0,4.027108511860241
02,14,23,02_23,reviewer,high,0,1,0,0,4.050661454248051
02,14,24,02_24,panelist,med,1,0,0,0,3.851279515869049
02,15,01,02_01,reviewer,high,0,1,0,0,3.5128112675760628
02,15,02,02_02,panelist,high,1,1,0,0,3.9434985279550796
02,15,03,02_03,panelist,low,1,0,1,0,3.5400044126518697
02,15,04,02_04,panelist,med,1,0,0,0,3.724463480086117
02,15,05,02_05,panelist,med,1,0,0,0,3.735580223070306
02,15,06,02_06,panelist,low,1,0,1,0,3.954357433710281
02,15,07,02_07,panelist,none,1,0,0,1,4.076482855089448
02,15,08,02_08,panelist,none,1,0,0,1,3.838274488076235
02,15,09,02_09,panelist,high,1,1,0,0,4.098119944078643
02,15,10,02_10,reviewer,med,0,0,0,0,3.6931813387711956
02,15,11,02_11,panelist,med,1,0,0,0,3.6000140285551323
02,15,12,02_12,panelist,med,1,0,0,0,3.6067745313610993
02,15,13,02_13,panelist,med,1,0,0,0,3.9502800380824357
02,15,14,02_14,panelist,low,1,0,1,0,4.012738549769493
02,15,15,02_15,panelist,none,1,0,0,1,3.8065584940402
02,15,16,02_16,panelist,med,1,0,0,0,3.720101701033252
02,15,17,02_17,panelist,med,1,0,0,0,3.553794887563385
02,15,18,02_18,panelist,none,1,0,0,1,4.011895020165136
02,15,19,02_19,panelist,high,1,1,0,0,3.5679127940745556
02,15,20,02_20,panelist,high,1,1,0,0,3.9381149216299756
02,15,21,02_21,panelist,med,1,0,0,0,3.9566395228817393
02,15,22,02_22,panelist,med,1,0,0,0,4.061120908259498
02,15,23,02_23,reviewer,high,0,1,0,0,3.7175013530591694
02,15,24,02_24,panelist,low,1,0,1,0,3.9236660503551177
03,1,01,03_01,panelist,high,1,1,0,0,3.979946226609545
03,1,02,03_02,panelist,med,1,0,0,0,4.539461959715961
03,1,03,03_03,panelist,high,1,1,0,0,3.6281548869752256
03,1,04,03_04,panelist,low,1,0,1,0,4.272678439362164
03,1,05,03_05,panelist,none,1,0,0,1,3.898576610413783
03,1,06,03_06,reviewer,med,0,0,0,0,4.501302652726343
03,1,07,03_07,panelist,med,1,0,0,0,3.9211581640097033
03,1,08,03_08,panelist,low,1,0,1,0,4.492872801558205
03,1,09,03_09,panelist,none,1,0,0,1,4.776614299825863
03,1,10,03_10,panelist,med,1,0,0,0,4.337575788136031
03,1,11,03_11,panelist,high,1,1,0,0,3.9071569187627424
03,1,12,03_12,panelist,med,1,0,0,0,4.591570993460708
03,1,13,03_13,panelist,low,1,0,1,0,4.694088100918831
03,1,14,03_14,panelist,med,1,0,0,0,4.512741960654316
03,1,15,03_15,panelist,med,1,0,0,0,4.072762856276844
03,1,16,03_16,panelist,med,1,0,0,0,4.400694342755741
03,1,17,03_17,panelist,low,1,0,1,0,4.496420620984393
03,1,18,03_18,reviewer,med,0,0,0,0,4.023909090752188
03,1,19,03_19,panelist,none,1,0,0,1,4.426920386971191
03,1,20,03_20,panelist,none,1,0,0,1,4.3770252736526984
03,1,21,03_21,panelist,high,1,1,0,0,4.2503471428594874
03,1,22,03_22,panelist,med,1,0,0,0,4.225478092995109
03,1,23,03_23,panelist,high,1,1,0,0,4.050701961702869
03,1,24,03_24,reviewer,high,0,1,0,0,3.5791984023855186
03,2,01,03_01,panelist,low,1,0,1,0,3.9464729346030123
03,2,02,03_02,panelist,med,1,0,0,0,4.521925173643172
03,2,03,03_03,panelist,high,1,1,0,0,4.175640669476855
03,2,04,03_04,reviewer,med,0,0,0,0,3.9622067318437
03,2,05,03_05,panelist,high,1,1,0,0,3.8614515672936016
03,2,06,03_06,panelist,med,1,0,0,0,4.3374104763678725
03,2,07,03_07,panelist,high,1,1,0,0,3.931583956313557
03,2,08,03_08,reviewer,med,0,0,0,0,3.8252097893797594
03,2,09,03_09,panelist,high,1,1,0,0,4.583690809349352
03,2,10,03_10,panelist,low,1,0,1,0,4.271095081158808
03,2,11,03_11,panelist,none,1,0,0,1,3.9623099754131896
03,2,12,03_12,panelist,none,1,0,0,1,4.702836310375569
03,2,13,03_13,panelist,none,1,0,0,1,4.742583725100589
03,2,14,03_14,panelist,med,1,0,0,0,4.285918272584479
03,2,15,03_15,panelist,low,1,0,1,0,4.358477185292174
03,2,16,03_16,panelist,none,1,0,0,1,4.477676885608459
03,2,17,03_17,panelist,low,1,0,1,0,4.4139535209823535
03,2,18,03_18,panelist,med,1,0,0,0,4.206587503670309
03,2,19,03_19,panelist,high,1,1,0,0,3.8499758046179764
03,2,20,03_20,panelist,med,1,0,0,0,4.696408883002829
03,2,21,03_21,panelist,med,1,0,0,0,4.39748831263491
03,2,22,03_22,reviewer,med,0,0,0,0,4.3526127344652465
03,2,23,03_23,panelist,med,1,0,0,0,4.035764135442793
03,2,24,03_24,panelist,high,1,1,0,0,3.799207338597525
03,3,01,03_01,panelist,high,1,1,0,0,4.202930587980382
03,3,02,03_02,panelist,high,1,1,0,0,4.660077044212097
03,3,03,03_03,panelist,none,1,0,0,1,4.005104268400129
03,3,04,03_04,panelist,med,1,0,0,0,4.033695070261426
03,3,05,03_05,panelist,low,1,0,1,0,4.410519813847505
03,3,06,03_06,panelist,high,1,1,0,0,4.032456629364982
03,3,07,03_07,panelist,none,1,0,0,1,4.081523839681846
03,3,08,03_08,panelist,none,1,0,0,1,4.64633137986497
03,3,09,03_09,panelist,high,1,1,0,0,4.342692182014286
03,3,10,03_10,reviewer,med,0,0,0,0,3.991996936905594
03,3,11,03_11,panelist,med,1,0,0,0,3.758105883247809
03,3,12,03_12,panelist,high,1,1,0,0,4.037438948082883
03,3,13,03_13,panelist,low,1,0,1,0,4.581708275303906
03,3,14,03_14,panelist,med,1,0,0,0,4.283774421933855
03,3,15,03_15,panelist,med,1,0,0,0,4.26142986132106
03,3,16,03_16,reviewer,high,0,1,0,0,3.9982919594229864
03,3,17,03_17,reviewer,med,0,0,0,0,4.065392345371481
03,3,18,03_18,panelist,low,1,0,1,0,4.558326357261005
03,3,19,03_19,panelist,med,1,0,0,0,3.8722502100661584
03,3,20,03_20,panelist,med,1,0,0,0,4.245807624747299
03,3,21,03_21,panelist,med,1,0,0,0,4.177258356595265
03,3,22,03_22,panelist,low,1,0,1,0,4.087624354348268
03,3,23,03_23,panelist,med,1,0,0,0,4.013093478638034
03,3,24,03_24,panelist,none,1,0,0,1,4.332092956302646
03,4,01,03_01,panelist,high,1,1,0,0,4.182237842885581
03,4,02,03_02,panelist,med,1,0,0,0,4.879141618177338
03,4,03,03_03,reviewer,high,0,1,0,0,3.576648905870773
03,4,04,03_04,reviewer,med,0,0,0,0,4.162275280561958
03,4,05,03_05,reviewer,med,0,0,0,0,3.8382926078027886
03,4,06,03_06,panelist,high,1,1,0,0,4.207180473211535
03,4,07,03_07,panelist,low,1,0,1,0,4.303443108682593
03,4,08,03_08,panelist,med,1,0,0,0,4.286604422722646
03,4,09,03_09,panelist,med,1,0,0,0,4.681620928978403
03,4,10,03_10,panelist,low,1,0,1,0,4.36591613254783
03,4,11,03_11,panelist,none,1,0,0,1,3.938343378284008
03,4,12,03_12,panelist,high,1,1,0,0,4.119463189278831
03,4,13,03_13,panelist,med,1,0,0,0,4.763315958799048
03,4,14,03_14,panelist,low,1,0,1,0,4.7153547617781495
03,4,15,03_15,panelist,none,1,0,0,1,4.437014528796855
03,4,16,03_16,panelist,low,1,0,1,0,4.545975701080849
03,4,17,03_17,panelist,high,1,1,0,0,3.753245307684746
03,4,18,03_18,panelist,none,1,0,0,1,4.679948165609811
03,4,19,03_19,panelist,med,1,0,0,0,3.875091074225594
03,4,20,03_20,panelist,med,1,0,0,0,4.684939424991071
03,4,21,03_21,panelist,med,1,0,0,0,4.653094039685327
03,4,22,03_22,panelist,none,1,0,0,1,4.624146921435686
03,4,23,03_23,panelist,med,1,0,0,0,4.620383750540656
03,4,24,03_24,panelist,high,1,1,0,0,3.972888977984346
03,5,01,03_01,reviewer,med,0,0,0,0,3.656728759245059
03,5,02,03_02,reviewer,med,0,0,0,0,4.169174712928601
03,5,03,03_03,panelist,med,1,0,0,0,3.605408396634422
03,5,04,03_04,panelist,low,1,0,1,0,3.5519217497387663
03,5,05,03_05,panelist,none,1,0,0,1,4.146919267793635
03,5,06,03_06,reviewer,med,0,0,0,0,3.9331033383491287
03,5,07,03_07,panelist,med,1,0,0,0,3.947808094386488
03,5,08,03_08,panelist,high,1,1,0,0,4.327357968918489
03,5,09,03_09,panelist,high,1,1,0,0,4.380894055443339
03,5,10,03_10,panelist,med,1,0,0,0,4.04038444406768
03,5,11,03_11,panelist,low,1,0,1,0,4.163771339636145
03,5,12,03_12,panelist,low,1,0,1,0,4.321311416508129
03,5,13,03_13,panelist,med,1,0,0,0,4.533086415527238
03,5,14,03_14,panelist,none,1,0,0,1,4.157502065064721
03,5,15,03_15,panelist,med,1,0,0,0,3.825163456496955
03,5,16,03_16,panelist,high,1,1,0,0,4.26022890030844
03,5,17,03_17,panelist,none,1,0,0,1,4.15589395707393
03,5,18,03_18,panelist,high,1,1,0,0,4.241810652905098
03,5,19,03_19,panelist,med,1,0,0,0,3.893091761764185
03,5,20,03_20,panelist,high,1,1,0,0,4.07103345823509
03,5,21,03_21,panelist,none,1,0,0,1,4.724992420019753
03,5,22,03_22,panelist,high,1,1,0,0,4.007889151067659
03,5,23,03_23,panelist,low,1,0,1,0,4.803518688647715
03,5,24,03_24,panelist,med,1,0,0,0,4.301853634269974
03,6,01,03_01,panelist,low,1,0,1,0,4.283209758968595
03,6,02,03_02,panelist,none,1,0,0,1,4.894690537475715
03,6,03,03_03,panelist,low,1,0,1,0,4.442417258512753
03,6,04,03_04,panelist,none,1,0,0,1,4.536475804220251
03,6,05,03_05,panelist,high,1,1,0,0,4.243371377820424
03,6,06,03_06,panelist,none,1,0,0,1,4.591477598308722
03,6,07,03_07,reviewer,med,0,0,0,0,3.9768010589258833
03,6,08,03_08,panelist,med,1,0,0,0,4.401276811449221
03,6,09,03_09,panelist,none,1,0,0,1,4.828864380721691
03,6,10,03_10,panelist,med,1,0,0,0,4.514157179550286
03,6,11,03_11,panelist,high,1,1,0,0,4.097126468617455
03,6,12,03_12,panelist,med,1,0,0,0,4.337008113834053
03,6,13,03_13,panelist,med,1,0,0,0,4.697741895255806
03,6,14,03_14,panelist,med,1,0,0,0,4.605960543721334
03,6,15,03_15,panelist,med,1,0,0,0,4.158763927958825
03,6,16,03_16,reviewer,med,0,0,0,0,4.579083245235671
03,6,17,03_17,reviewer,high,0,1,0,0,4.404900066174988
03,6,18,03_18,panelist,med,1,0,0,0,4.615601824350137
03,6,19,03_19,panelist,high,1,1,0,0,4.037089044283861
03,6,20,03_20,panelist,high,1,1,0,0,4.336435897323875
03,6,21,03_21,panelist,low,1,0,1,0,4.3106991867654685
03,6,22,03_22,panelist,med,1,0,0,0,4.182360797883908
03,6,23,03_23,panelist,low,1,0,1,0,4.135775904795131
03,6,24,03_24,panelist,high,1,1,0,0,3.818288515413547
03,7,01,03_01,panelist,none,1,0,0,1,4.644577402386675
03,7,02,03_02,panelist,med,1,0,0,0,4.888130720409876
03,7,03,03_03,panelist,med,1,0,0,0,4.568483547266575
03,7,04,03_04,panelist,med,1,0,0,0,4.423096141844266
03,7,05,03_05,panelist,none,1,0,0,1,4.610353464793049
03,7,06,03_06,panelist,none,1,0,0,1,4.874350341067198
03,7,07,03_07,reviewer,high,0,1,0,0,4.321996095315443
03,7,08,03_08,reviewer,high,0,1,0,0,4.137112678317424
03,7,09,03_09,panelist,low,1,0,1,0,4.895580727733211
03,7,10,03_10,panelist,med,1,0,0,0,4.400741853706484
03,7,11,03_11,panelist,med,1,0,0,0,4.455676441072615
03,7,12,03_12,panelist,high,1,1,0,0,4.6087157910178815
03,7,13,03_13,reviewer,none,0,0,0,1,4.815744475389008
03,7,14,03_14,panelist,high,1,1,0,0,4.639206428129329
03,7,15,03_15,panelist,med,1,0,0,0,4.8534618013769375
03,7,16,03_16,panelist,high,1,1,0,0,4.410145663241592
03,7,17,03_17,panelist,med,1,0,0,0,4.456849305895261
03,7,18,03_18,panelist,low,1,0,1,0,4.823605421071071
03,7,19,03_19,panelist,high,1,1,0,0,4.300643540611041
03,7,20,03_20,panelist,low,1,0,1,0,4.844585914140494
03,7,21,03_21,panelist,low,1,0,1,0,4.483529973035784
03,7,22,03_22,panelist,med,1,0,0,0,4.677954250250143
03,7,23,03_23,panelist,med,1,0,0,0,4.541722384633773
03,7,24,03_24,panelist,med,1,0,0,0,4.16292284850546
03,8,01,03_01,panelist,high,1,1,0,0,3.990392141195305
03,8,02,03_02,panelist,low,1,0,1,0,4.680290629084226
03,8,03,03_03,panelist,none,1,0,0,1,3.9595511269552026
03,8,04,03_04,panelist,low,1,0,1,0,4.083523342946853
03,8,05,03_05,panelist,med,1,0,0,0,3.8096899352687412
03,8,06,03_06,panelist,low,1,0,1,0,4.613742071405356
03,8,07,03_07,panelist,none,1,0,0,1,4.1012585875960585
03,8,08,03_08,panelist,low,1,0,1,0,4.276342544697318
03,8,09,03_09,panelist,med,1,0,0,0,4.435710528269073
03,8,10,03_10,panelist,med,1,0,0,0,4.092417039564928
03,8,11,03_11,panelist,high,1,1,0,0,4.035546722540076
03,8,12,03_12,panelist,med,1,0,0,0,3.7749939585924452
03,8,13,03_13,panelist,high,1,1,0,0,4.250016686540688
03,8,14,03_14,reviewer,high,0,1,0,0,3.7184598277494074
03,8,15,03_15,panelist,none,1,0,0,1,4.423191576484364
03,8,16,03_16,panelist,med,1,0,0,0,4.015293653405974
03,8,17,03_17,panelist,med,1,0,0,0,3.8379146810918288
03,8,18,03_18,panelist,med,1,0,0,0,4.137273485589712
03,8,19,03_19,reviewer,med,0,0,0,0,3.510472647425245
03,8,20,03_20,panelist,high,1,1,0,0,4.458249753411224
03,8,21,03_21,panelist,med,1,0,0,0,4.172111571400475
03,8,22,03_22,reviewer,med,0,0,0,0,3.6641810884526924
03,8,23,03_23,panelist,high,1,1,0,0,4.094287915199936
03,8,24,03_24,panelist,none,1,0,0,1,3.684598194682569
03,9,01,03_01,panelist,high,1,1,0,0,4.072095704870016
03,9,02,03_02,panelist,high,1,1,0,0,4.817382521673554
03,9,03,03_03,panelist,med,1,0,0,0,4.287967618427378
03,9,04,03_04,panelist,med,1,0,0,0,4.45545959094417
03,9,05,03_05,panelist,med,1,0,0,0,3.8735040347589664
03,9,06,03_06,panelist,high,1,1,0,0,4.488261404769871
03,9,07,03_07,panelist,low,1,0,1,0,4.45103996838056
03,9,08,03_08,reviewer,med,0,0,0,0,4.5464815684363735
03,9,09,03_09,panelist,high,1,1,0,0,4.860652487527127
03,9,10,03_10,reviewer,none,0,0,0,1,4.498462959837006
03,9,11,03_11,panelist,low,1,0,1,0,4.488048363725672
03,9,12,03_12,panelist,med,1,0,0,0,4.572187155796706
03,9,13,03_13,panelist,none,1,0,0,1,4.774251949443835
03,9,14,03_14,panelist,high,1,1,0,0,4.507759465445254
03,9,15,03_15,panelist,med,1,0,0,0,4.602513362431119
03,9,16,03_16,reviewer,med,0,0,0,0,4.256990241646886
03,9,17,03_17,panelist,none,1,0,0,1,4.840012213632433
03,9,18,03_18,panelist,med,1,0,0,0,4.713459111317365
03,9,19,03_19,panelist,low,1,0,1,0,4.32615523614332
03,9,20,03_20,panelist,high,1,1,0,0,4.6763952758085185
03,9,21,03_21,panelist,low,1,0,1,0,4.420255640135339
03,9,22,03_22,panelist,none,1,0,0,1,4.771617684135546
03,9,23,03_23,panelist,med,1,0,0,0,4.870267367422774
03,9,24,03_24,panelist,med,1,0,0,0,4.409317242353666
03,10,01,03_01,panelist,med,1,0,0,0,4.136055585209629
03,10,02,03_02,reviewer,high,0,1,0,0,4.586634125585069
03,10,03,03_03,panelist,low,1,0,1,0,3.725186763825462
03,10,04,03_04,panelist,none,1,0,0,1,4.085699994044859
03,10,05,03_05,panelist,high,1,1,0,0,3.8588926660455134
03,10,06,03_06,panelist,med,1,0,0,0,4.389924561989686
03,10,07,03_07,panelist,high,1,1,0,0,4.082087564363043
03,10,08,03_08,panelist,med,1,0,0,0,4.324907761867206
03,10,09,03_09,panelist,med,1,0,0,0,4.523608964429973
03,10,10,03_10,panelist,none,1,0,0,1,4.109637454324705
03,10,11,03_11,panelist,med,1,0,0,0,3.9764948230634736
03,10,12,03_12,panelist,low,1,0,1,0,4.575887959292437
03,10,13,03_13,reviewer,high,0,1,0,0,4.079845574694384
03,10,14,03_14,panelist,high,1,1,0,0,4.326923035899657
03,10,15,03_15,reviewer,low,0,0,1,0,4.386906537099241
03,10,16,03_16,panelist,high,1,1,0,0,4.118174329794619
03,10,17,03_17,panelist,med,1,0,0,0,4.356409976582493
03,10,18,03_18,panelist,low,1,0,1,0,4.586577323398123
03,10,19,03_19,panelist,med,1,0,0,0,3.821069795859979
03,10,20,03_20,panelist,none,1,0,0,1,4.371197408731317
03,10,21,03_21,panelist,med,1,0,0,0,4.021268561821412
03,10,22,03_22,panelist,none,1,0,0,1,4.138460839746669
03,10,23,03_23,panelist,med,1,0,0,0,4.399311727444
03,10,24,03_24,panelist,med,1,0,0,0,3.800340658177015
03,11,01,03_01,panelist,high,1,1,0,0,3.9714121162647325
03,11,02,03_02,panelist,high,1,1,0,0,4.368831030520269
03,11,03,03_03,panelist,high,1,1,0,0,3.827315240787995
03,11,04,03_04,panelist,low,1,0,1,0,3.6479806403476087
03,11,05,03_05,panelist,high,1,1,0,0,3.570822820234002
03,11,06,03_06,panelist,med,1,0,0,0,4.4252920741044814
03,11,07,03_07,reviewer,none,0,0,0,1,4.082470274911418
03,11,08,03_08,panelist,med,1,0,0,0,4.208761416706145
03,11,09,03_09,panelist,med,1,0,0,0,4.865237990046746
03,11,10,03_10,panelist,none,1,0,0,1,4.256148464741326
03,11,11,03_11,panelist,high,1,1,0,0,4.036252753133064
03,11,12,03_12,panelist,med,1,0,0,0,4.176161079847738
03,11,13,03_13,panelist,med,1,0,0,0,4.631407308795359
03,11,14,03_14,panelist,med,1,0,0,0,4.412320412719963
03,11,15,03_15,panelist,med,1,0,0,0,4.35069023207638
03,11,16,03_16,panelist,none,1,0,0,1,4.033862779650774
03,11,17,03_17,panelist,med,1,0,0,0,3.68289822677986
03,11,18,03_18,panelist,med,1,0,0,0,4.071362127309316
03,11,19,03_19,panelist,med,1,0,0,0,4.065722308018741
03,11,20,03_20,panelist,high,1,1,0,0,4.127982136188379
03,11,21,03_21,reviewer,low,0,0,1,0,3.9883815077275218
03,11,22,03_22,reviewer,low,0,0,1,0,4.182294944084543
03,11,23,03_23,panelist,none,1,0,0,1,4.338983854595791
03,11,24,03_24,panelist,low,1,0,1,0,4.021242115509588
03,12,01,03_01,panelist,low,1,0,1,0,4.057221303956727
03,12,02,03_02,panelist,high,1,1,0,0,4.83019958198459
03,12,03,03_03,panelist,med,1,0,0,0,3.7304857228560744
03,12,04,03_04,reviewer,med,0,0,0,0,3.642739427449044
03,12,05,03_05,panelist,med,1,0,0,0,4.1755937134327485
03,12,06,03_06,panelist,high,1,1,0,0,4.197839703446208
03,12,07,03_07,panelist,med,1,0,0,0,3.8061295648342575
03,12,08,03_08,panelist,low,1,0,1,0,4.5231827159721165
03,12,09,03_09,panelist,low,1,0,1,0,4.566349517687574
03,12,10,03_10,panelist,none,1,0,0,1,4.382811840270081
03,12,11,03_11,panelist,med,1,0,0,0,3.7265503820996715
03,12,12,03_12,panelist,none,1,0,0,1,4.624227495844324
03,12,13,03_13,panelist,high,1,1,0,0,4.684320683373274
03,12,14,03_14,panelist,high,1,1,0,0,3.989599363878178
03,12,15,03_15,reviewer,none,0,0,0,1,4.245130579970436
03,12,16,03_16,panelist,low,1,0,1,0,4.148539331429381
03,12,17,03_17,panelist,med,1,0,0,0,4.220878498989969
03,12,18,03_18,panelist,med,1,0,0,0,4.5907012448531646
03,12,19,03_19,panelist,high,1,1,0,0,3.8722170887520626
03,12,20,03_20,panelist,none,1,0,0,1,4.500376877523367
03,12,21,03_21,panelist,high,1,1,0,0,4.119716035416314
03,12,22,03_22,panelist,med,1,0,0,0,4.433920375526416
03,12,23,03_23,reviewer,med,0,0,0,0,4.201373340295584
03,12,24,03_24,panelist,med,1,0,0,0,4.0375585060105985
03,13,01,03_01,panelist,med,1,0,0,0,4.4321306892706485
03,13,02,03_02,panelist,med,1,0,0,0,4.4953725256545525
03,13,03,03_03,reviewer,high,0,1,0,0,3.7986141473602504
03,13,04,03_04,panelist,med,1,0,0,0,4.17938044210943
03,13,05,03_05,panelist,med,1,0,0,0,4.354721192856251
03,13,06,03_06,panelist,med,1,0,0,0,4.6710690201308065
03,13,07,03_07,panelist,med,1,0,0,0,4.462571607903832
03,13,08,03_08,panelist,none,1,0,0,1,4.73902483015155
03,13,09,03_09,panelist,med,1,0,0,0,4.8821328788296885
03,13,10,03_10,panelist,med,1,0,0,0,4.311885491578881
03,13,11,03_11,panelist,high,1,1,0,0,4.159435000368244
03,13,12,03_12,panelist,high,1,1,0,0,4.08004015353207
03,13,13,03_13,panelist,high,1,1,0,0,4.776856595669149
03,13,14,03_14,panelist,none,1,0,0,1,4.768769790098303
03,13,15,03_15,panelist,high,1,1,0,0,4.132696737642256
03,13,16,03_16,reviewer,low,0,0,1,0,4.40103745225761
03,13,17,03_17,panelist,med,1,0,0,0,4.631612322387811
03,13,18,03_18,panelist,med,1,0,0,0,4.759674309298543
03,13,19,03_19,reviewer,none,0,0,0,1,4.214583238806597
03,13,20,03_20,panelist,low,1,0,1,0,4.695450658373958
03,13,21,03_21,panelist,none,1,0,0,1,4.596000207577059
03,13,22,03_22,panelist,low,1,0,1,0,4.463071722858594
03,13,23,03_23,panelist,high,1,1,0,0,4.140129440532445
03,13,24,03_24,panelist,low,1,0,1,0,4.249787863976371
03,14,01,03_01,reviewer,none,0,0,0,1,4.076188062700141
03,14,02,03_02,panelist,med,1,0,0,0,4.444644680157931
03,14,03,03_03,panelist,med,1,0,0,0,3.5478267378566932
03,14,04,03_04,panelist,high,1,1,0,0,3.9621913976882066
03,14,05,03_05,panelist,low,1,0,1,0,4.06194090136098
03,14,06,03_06,panelist,med,1,0,0,0,4.429473621054419
03,14,07,03_07,panelist,low,1,0,1,0,3.738053800680389
03,14,08,03_08,panelist,high,1,1,0,0,4.554667966619264
03,14,09,03_09,panelist,none,1,0,0,1,4.777248158044387
03,14,10,03_10,panelist,high,1,1,0,0,4.180564776006031
03,14,11,03_11,panelist,low,1,0,1,0,3.6715011172391327
03,14,12,03_12,panelist,med,1,0,0,0,4.200551052408135
03,14,13,03_13,panelist,high,1,1,0,0,4.3366513925550345
03,14,14,03_14,reviewer,high,0,1,0,0,4.110871801192525
03,14,15,03_15,panelist,high,1,1,0,0,3.759892372665433
03,14,16,03_16,reviewer,med,0,0,0,0,3.8209287251800075
03,14,17,03_17,panelist,med,1,0,0,0,4.083287453541527
03,14,18,03_18,panelist,low,1,0,1,0,4.136801047893727
03,14,19,03_19,panelist,med,1,0,0,0,3.7629759535899034
03,14,20,03_20,panelist,med,1,0,0,0,3.920804701014818
03,14,21,03_21,panelist,med,1,0,0,0,3.951688078905099
03,14,22,03_22,panelist,none,1,0,0,1,4.203397172814613
03,14,23,03_23,panelist,none,1,0,0,1,4.366915221976321
03,14,24,03_24,panelist,med,1,0,0,0,4.051413527819848
03,15,01,03_01,reviewer,med,0,0,0,0,3.8658221378802393
03,15,02,03_02,panelist,med,1,0,0,0,4.208650146262783
03,15,03,03_03,panelist,none,1,0,0,1,3.787617349297035
03,15,04,03_04,panelist,low,1,0,1,0,4.033605498932936
03,15,05,03_05,panelist,med,1,0,0,0,3.6610196228951013
03,15,06,03_06,panelist,med,1,0,0,0,3.605398679667099
03,15,07,03_07,panelist,none,1,0,0,1,3.7598217928615085
03,15,08,03_08,panelist,high,1,1,0,0,3.8355909187582884
03,15,09,03_09,panelist,none,1,0,0,1,4.240371439862245
03,15,10,03_10,panelist,low,1,0,1,0,4.113997198306476
03,15,11,03_11,panelist,med,1,0,0,0,3.5347538864561034
03,15,12,03_12,panelist,high,1,1,0,0,3.683211287613401
03,15,13,03_13,panelist,med,1,0,0,0,4.114969400957584
03,15,14,03_14,panelist,high,1,1,0,0,4.222195586006397
03,15,15,03_15,reviewer,high,0,1,0,0,3.501682815326992
03,15,16,03_16,panelist,med,1,0,0,0,3.885030045338395
03,15,17,03_17,panelist,med,1,0,0,0,3.5660024942469954
03,15,18,03_18,panelist,none,1,0,0,1,4.314315845801147
03,15,19,03_19,panelist,med,1,0,0,0,3.5254382077802133
03,15,20,03_20,panelist,high,1,1,0,0,3.694951220289811
03,15,21,03_21,panelist,low,1,0,1,0,4.01126184277056
03,15,22,03_22,panelist,low,1,0,1,0,4.0786638796198655
03,15,23,03_23,panelist,high,1,1,0,0,3.7631720058458096
03,15,24,03_24,reviewer,med,0,0,0,0,3.676185898399447
04,1,01,04_01,panelist,med,1,0,0,0,4.233202737639648
04,1,02,04_02,panelist,med,1,0,0,0,4.803745116378279
04,1,03,04_03,panelist,med,1,0,0,0,3.5964387600197503
04,1,04,04_04,panelist,med,1,0,0,0,3.5783454463849744
04,1,05,04_05,panelist,low,1,0,1,0,3.915245676321747
04,1,06,04_06,panelist,high,1,1,0,0,4.634283682385235
04,1,07,04_07,panelist,high,1,1,0,0,4.061786986076599
04,1,08,04_08,panelist,low,1,0,1,0,4.461033388788919
04,1,09,04_09,panelist,none,1,0,0,1,4.761902901734851
04,1,10,04_10,panelist,high,1,1,0,0,4.36172469089898
04,1,11,04_11,panelist,low,1,0,1,0,4.161683251061405
04,1,12,04_12,reviewer,high,0,1,0,0,3.7155248706981037
04,1,13,04_13,panelist,high,1,1,0,0,4.470809668391007
04,1,14,04_14,reviewer,high,0,1,0,0,3.685181796262736
04,1,15,04_15,panelist,med,1,0,0,0,4.432853265383886
04,1,16,04_16,reviewer,med,0,0,0,0,3.9012272104216157
04,1,17,04_17,panelist,none,1,0,0,1,4.670187435778339
04,1,18,04_18,panelist,med,1,0,0,0,4.455600729487808
04,1,19,04_19,panelist,low,1,0,1,0,3.968105107235362
04,1,20,04_20,panelist,none,1,0,0,1,4.73733182770822
04,1,21,04_21,panelist,med,1,0,0,0,4.157053042306529
04,1,22,04_22,panelist,none,1,0,0,1,4.544524017605763
04,1,23,04_23,panelist,med,1,0,0,0,4.394271198393248
04,1,24,04_24,panelist,med,1,0,0,0,3.9796645630118905
04,2,01,04_01,panelist,low,1,0,1,0,4.4254323815994185
04,2,02,04_02,panelist,high,1,1,0,0,4.6026122546468144
04,2,03,04_03,panelist,none,1,0,0,1,4.368314239042832
04,2,04,04_04,panelist,med,1,0,0,0,3.819928703909278
04,2,05,04_05,panelist,med,1,0,0,0,4.318733450982151
04,2,06,04_06,reviewer,none,0,0,0,1,4.031557281309494
04,2,07,04_07,panelist,med,1,0,0,0,4.3856612928272964
04,2,08,04_08,panelist,none,1,0,0,1,4.422836013271035
04,2,09,04_09,panelist,high,1,1,0,0,4.332609679079616
04,2,10,04_10,panelist,med,1,0,0,0,4.537410859460884
04,2,11,04_11,panelist,high,1,1,0,0,3.991214679142554
04,2,12,04_12,panelist,med,1,0,0,0,4.109918730041353
04,2,13,04_13,reviewer,low,0,0,1,0,4.739319016993223
04,2,14,04_14,reviewer,med,0,0,0,0,4.295198657686912
04,2,15,04_15,panelist,med,1,0,0,0,4.2348075348511705
04,2,16,04_16,panelist,none,1,0,0,1,4.117054977564333
04,2,17,04_17,panelist,low,1,0,1,0,4.367171670500845
04,2,18,04_18,panelist,low,1,0,1,0,4.566433939957139
04,2,19,04_19,panelist,high,1,1,0,0,4.24345532328897
04,2,20,04_20,panelist,med,1,0,0,0,4.333480079223788
04,2,21,04_21,panelist,med,1,0,0,0,4.577105388578872
04,2,22,04_22,panelist,high,1,1,0,0,4.090081597858949
04,2,23,04_23,panelist,high,1,1,0,0,4.655813358537977
04,2,24,04_24,panelist,med,1,0,0,0,3.830351132493667
04,3,01,04_01,panelist,high,1,1,0,0,3.7783044773038332
04,3,02,04_02,reviewer,low,0,0,1,0,4.802508641245335
04,3,03,04_03,panelist,low,1,0,1,0,3.7243899440252326
04,3,04,04_04,panelist,low,1,0,1,0,4.40562990390565
04,3,05,04_05,panelist,high,1,1,0,0,4.028622734557283
04,3,06,04_06,panelist,high,1,1,0,0,4.067926569441261
04,3,07,04_07,panelist,med,1,0,0,0,4.420413693580274
04,3,08,04_08,panelist,med,1,0,0,0,4.532219649872582
04,3,09,04_09,panelist,none,1,0,0,1,4.791598483980556
04,3,10,04_10,panelist,none,1,0,0,1,4.140920049992967
04,3,11,04_11,panelist,med,1,0,0,0,3.9190169676463547
04,3,12,04_12,panelist,none,1,0,0,1,4.455794338791738
04,3,13,04_13,panelist,high,1,1,0,0,4.609315761587771
04,3,14,04_14,reviewer,low,0,0,1,0,4.38320864129509
04,3,15,04_15,panelist,high,1,1,0,0,3.6962345565507433
04,3,16,04_16,panelist,med,1,0,0,0,4.239955355608481
04,3,17,04_17,panelist,med,1,0,0,0,4.300854847095355
04,3,18,04_18,reviewer,none,0,0,0,1,4.660014343469914
04,3,19,04_19,panelist,high,1,1,0,0,4.215639265833222
04,3,20,04_20,panelist,med,1,0,0,0,4.254374098199512
04,3,21,04_21,panelist,med,1,0,0,0,4.6819681319343
04,3,22,04_22,panelist,med,1,0,0,0,4.484452858596641
04,3,23,04_23,panelist,med,1,0,0,0,4.642033380976556
04,3,24,04_24,panelist,med,1,0,0,0,3.74296240588195
04,4,01,04_01,panelist,med,1,0,0,0,4.338047160755278
04,4,02,04_02,panelist,high,1,1,0,0,4.733070058914591
04,4,03,04_03,panelist,high,1,1,0,0,3.9185228403547603
04,4,04,04_04,panelist,med,1,0,0,0,4.068488226739446
04,4,05,04_05,panelist,none,1,0,0,1,4.477455911773501
04,4,06,04_06,panelist,med,1,0,0,0,4.279332189502659
04,4,07,04_07,panelist,low,1,0,1,0,4.282631444424437
04,4,08,04_08,reviewer,high,0,1,0,0,4.3476615999588635
04,4,09,04_09,panelist,med,1,0,0,0,4.493244601465651
04,4,10,04_10,panelist,low,1,0,1,0,4.283259598334385
04,4,11,04_11,panelist,high,1,1,0,0,4.379673955648376
04,4,12,04_12,panelist,high,1,1,0,0,4.411186215911017
04,4,13,04_13,panelist,med,1,0,0,0,4.340054664567127
04,4,14,04_14,panelist,high,1,1,0,0,4.288066156317282
04,4,15,04_15,panelist,med,1,0,0,0,4.537433627111985
04,4,16,04_16,panelist,none,1,0,0,1,4.782589937942456
04,4,17,04_17,panelist,low,1,0,1,0,4.8605311578971575
04,4,18,04_18,panelist,none,1,0,0,1,4.662359580755338
04,4,19,04_19,panelist,none,1,0,0,1,4.410661036032439
04,4,20,04_20,reviewer,low,0,0,1,0,4.1108075312453565
04,4,21,04_21,panelist,med,1,0,0,0,4.6443714058790615
04,4,22,04_22,panelist,med,1,0,0,0,4.374902802748229
04,4,23,04_23,reviewer,med,0,0,0,0,3.9820941501010436
04,4,24,04_24,panelist,med,1,0,0,0,4.021300663883941
04,5,01,04_01,reviewer,med,0,0,0,0,3.6592341963407664
04,5,02,04_02,panelist,med,1,0,0,0,4.4827580824048106
04,5,03,04_03,panelist,low,1,0,1,0,4.030209062679599
04,5,04,04_04,reviewer,none,0,0,0,1,3.6984654661561653
04,5,05,04_05,panelist,med,1,0,0,0,3.706787894778457
04,5,06,04_06,panelist,none,1,0,0,1,4.27445288098747
04,5,07,04_07,panelist,med,1,0,0,0,3.935331115627087
04,5,08,04_08,panelist,high,1,1,0,0,4.52061200351053
04,5,09,04_09,panelist,med,1,0,0,0,4.415341537395938
04,5,10,04_10,panelist,none,1,0,0,1,4.339842267645985
04,5,11,04_11,panelist,low,1,0,1,0,3.6155212976229048
04,5,12,04_12,panelist,med,1,0,0,0,3.7285165433030656
04,5,13,04_13,panelist,high,1,1,0,0,4.358977230204944
04,5,14,04_14,panelist,med,1,0,0,0,4.452053696035305
04,5,15,04_15,reviewer,med,0,0,0,0,3.9553973366297424
04,5,16,04_16,panelist,med,1,0,0,0,4.188537274938855
04,5,17,04_17,panelist,high,1,1,0,0,3.7743859909621786
04,5,18,04_18,panelist,high,1,1,0,0,4.1291703644389415
04,5,19,04_19,panelist,low,1,0,1,0,4.060436245906259
04,5,20,04_20,panelist,med,1,0,0,0,4.239142013251339
04,5,21,04_21,panelist,none,1,0,0,1,4.359659618950581
04,5,22,04_22,panelist,high,1,1,0,0,3.9344296161765633
04,5,23,04_23,panelist,high,1,1,0,0,4.289666462101146
04,5,24,04_24,panelist,low,1,0,1,0,4.30837132489859
04,6,01,04_01,panelist,high,1,1,0,0,4.360008917713457
04,6,02,04_02,panelist,none,1,0,0,1,4.581882922721772
04,6,03,04_03,panelist,med,1,0,0,0,4.159764355939538
04,6,04,04_04,panelist,high,1,1,0,0,3.946561941933253
04,6,05,04_05,panelist,none,1,0,0,1,4.240818381417019
04,6,06,04_06,panelist,low,1,0,1,0,4.673722957546518
04,6,07,04_07,panelist,med,1,0,0,0,4.156752142452099
04,6,08,04_08,panelist,med,1,0,0,0,4.6025541421770315
04,6,09,04_09,reviewer,high,0,1,0,0,4.655882273804268
04,6,10,04_10,panelist,med,1,0,0,0,4.2152994971591875
04,6,11,04_11,panelist,med,1,0,0,0,4.26737027719466
04,6,12,04_12,panelist,med,1,0,0,0,4.27643439782878
04,6,13,04_13,panelist,high,1,1,0,0,4.673532823205661
04,6,14,04_14,reviewer,none,0,0,0,1,4.282608446046645
04,6,15,04_15,panelist,med,1,0,0,0,4.827900268809276
04,6,16,04_16,panelist,high,1,1,0,0,4.3131059938868805
04,6,17,04_17,panelist,low,1,0,1,0,4.5757663263666455
04,6,18,04_18,panelist,low,1,0,1,0,4.630868454155294
04,6,19,04_19,reviewer,low,0,0,1,0,4.243637506780753
04,6,20,04_20,panelist,med,1,0,0,0,4.747311998444933
04,6,21,04_21,panelist,none,1,0,0,1,4.881980339063817
04,6,22,04_22,panelist,med,1,0,0,0,4.706433108280176
04,6,23,04_23,panelist,high,1,1,0,0,4.544687312431422
04,6,24,04_24,panelist,med,1,0,0,0,4.352133261743507
04,7,01,04_01,panelist,med,1,0,0,0,4.413470187655078
04,7,02,04_02,panelist,none,1,0,0,1,4.791572746166135
04,7,03,04_03,panelist,low,1,0,1,0,4.619365422018467
04,7,04,04_04,panelist,none,1,0,0,1,4.553941605909788
04,7,05,04_05,panelist,high,1,1,0,0,4.35467869777298
04,7,06,04_06,panelist,low,1,0,1,0,4.735074098790714
04,7,07,04_07,panelist,low,1,0,1,0,4.678520492451461
04,7,08,04_08,panelist,med,1,0,0,0,4.62693151325917
04,7,09,04_09,reviewer,med,0,0,0,0,4.79342024803626
04,7,10,04_10,panelist,high,1,1,0,0,4.628135587642079
04,7,11,04_11,panelist,none,1,0,0,1,4.619611928677581
04,7,12,04_12,panelist,med,1,0,0,0,4.586371521030215
04,7,13,04_13,panelist,high,1,1,0,0,4.854408575357111
04,7,14,04_14,panelist,med,1,0,0,0,4.56767637704993
04,7,15,04_15,panelist,low,1,0,1,0,4.558906743002394
04,7,16,04_16,panelist,high,1,1,0,0,4.4419786065859785
04,7,17,04_17,panelist,med,1,0,0,0,4.782070929971254
04,7,18,04_18,panelist,med,1,0,0,0,4.6612636863425
04,7,19,04_19,reviewer,high,0,1,0,0,4.271785631837743
04,7,20,04_20,panelist,med,1,0,0,0,4.597152295663507
04,7,21,04_21,panelist,med,1,0,0,0,4.788817978617241
04,7,22,04_22,reviewer,high,0,1,0,0,4.6646066050398405
04,7,23,04_23,panelist,none,1,0,0,1,4.834948534400849
04,7,24,04_24,panelist,med,1,0,0,0,4.3234121931693466
04,8,01,04_01,panelist,none,1,0,0,1,3.951450146658182
04,8,02,04_02,panelist,none,1,0,0,1,4.58435510520973
04,8,03,04_03,panelist,high,1,1,0,0,3.709638031168987
04,8,04,04_04,panelist,high,1,1,0,0,3.7857942446917052
04,8,05,04_05,panelist,high,1,1,0,0,3.7713598233803816
04,8,06,04_06,panelist,med,1,0,0,0,3.6666892902011816
04,8,07,04_07,panelist,high,1,1,0,0,3.6968359622766394
04,8,08,04_08,panelist,med,1,0,0,0,4.233942804603879
04,8,09,04_09,panelist,med,1,0,0,0,4.351812164452102
04,8,10,04_10,panelist,med,1,0,0,0,4.064358616235529
04,8,11,04_11,panelist,med,1,0,0,0,3.7318265896440153
04,8,12,04_12,panelist,high,1,1,0,0,3.5872679658704665
04,8,13,04_13,reviewer,med,0,0,0,0,3.8972411682546286
04,8,14,04_14,reviewer,low,0,0,1,0,3.886160516821067
04,8,15,04_15,panelist,med,1,0,0,0,4.282812297913552
04,8,16,04_16,panelist,med,1,0,0,0,4.106918123024438
04,8,17,04_17,panelist,high,1,1,0,0,3.5416340377257116
04,8,18,04_18,panelist,none,1,0,0,1,4.465898737634062
04,8,19,04_19,panelist,low,1,0,1,0,3.6691203321780566
04,8,20,04_20,panelist,low,1,0,1,0,4.4314389349540235
04,8,21,04_21,panelist,med,1,0,0,0,3.9570979524490095
04,8,22,04_22,panelist,none,1,0,0,1,4.436996228408653
04,8,23,04_23,reviewer,med,0,0,0,0,3.913322192680872
04,8,24,04_24,panelist,low,1,0,1,0,4.131825327584947
04,9,01,04_01,panelist,med,1,0,0,0,4.654080368161135
04,9,02,04_02,panelist,low,1,0,1,0,4.834506024432229
04,9,03,04_03,panelist,low,1,0,1,0,4.462709019979287
04,9,04,04_04,panelist,none,1,0,0,1,4.792995487752535
04,9,05,04_05,reviewer,none,0,0,0,1,4.087958184314989
04,9,06,04_06,panelist,high,1,1,0,0,4.654435656191246
04,9,07,04_07,reviewer,med,0,0,0,0,4.088234991310395
04,9,08,04_08,panelist,med,1,0,0,0,4.453690898949269
04,9,09,04_09,panelist,med,1,0,0,0,4.6728268611397334
04,9,10,04_10,panelist,med,1,0,0,0,4.778870699008188
04,9,11,04_11,panelist,none,1,0,0,1,4.682708501589693
04,9,12,04_12,panelist,high,1,1,0,0,3.998247633938372
04,9,13,04_13,panelist,high,1,1,0,0,4.50413354674262
04,9,14,04_14,panelist,med,1,0,0,0,4.606388408391614
04,9,15,04_15,panelist,med,1,0,0,0,4.4773890573252375
04,9,16,04_16,panelist,low,1,0,1,0,4.889588984535445
04,9,17,04_17,reviewer,high,0,1,0,0,4.441381020960727
04,9,18,04_18,panelist,high,1,1,0,0,4.675044757791454
04,9,19,04_19,panelist,med,1,0,0,0,4.532453051933479
04,9,20,04_20,panelist,high,1,1,0,0,4.824127534259173
04,9,21,04_21,panelist,med,1,0,0,0,4.613120554571319
04,9,22,04_22,panelist,low,1,0,1,0,4.748087179362447
04,9,23,04_23,panelist,med,1,0,0,0,4.704273798734123
04,9,24,04_24,panelist,none,1,0,0,1,4.16974822236954
04,10,01,04_01,panelist,high,1,1,0,0,3.8436874364359492
04,10,02,04_02,panelist,med,1,0,0,0,4.703265240074011
04,10,03,04_03,panelist,med,1,0,0,0,3.955271906376557
04,10,04,04_04,panelist,med,1,0,0,0,3.992973791203749
04,10,05,04_05,panelist,med,1,0,0,0,3.694453694087461
04,10,06,04_06,panelist,none,1,0,0,1,4.696534253798272
04,10,07,04_07,panelist,none,1,0,0,1,4.369227514488453
04,10,08,04_08,panelist,high,1,1,0,0,4.201337713710521
04,10,09,04_09,panelist,low,1,0,1,0,4.354812936980847
04,10,10,04_10,reviewer,high,0,1,0,0,4.138189622470377
04,10,11,04_11,panelist,high,1,1,0,0,3.557571783671796
04,10,12,04_12,panelist,none,1,0,0,1,4.309797216626665
04,10,13,04_13,panelist,med,1,0,0,0,4.413891059381462
04,10,14,04_14,panelist,med,1,0,0,0,4.207571065029747
04,10,15,04_15,panelist,low,1,0,1,0,4.370075168875538
04,10,16,04_16,panelist,high,1,1,0,0,4.121674452253287
04,10,17,04_17,reviewer,none,0,0,0,1,4.2714634204275
04,10,18,04_18,panelist,high,1,1,0,0,4.325608669309749
04,10,19,04_19,panelist,med,1,0,0,0,4.058474044540561
04,10,20,04_20,reviewer,low,0,0,1,0,4.1498618750403695
04,10,21,04_21,panelist,low,1,0,1,0,4.65129794618183
04,10,22,04_22,panelist,med,1,0,0,0,4.528603711561359
04,10,23,04_23,panelist,med,1,0,0,0,4.149371599957388
04,10,24,04_24,panelist,med,1,0,0,0,3.6978907701574384
04,11,01,04_01,panelist,high,1,1,0,0,3.744614669322802
04,11,02,04_02,panelist,none,1,0,0,1,4.457017649301145
04,11,03,04_03,panelist,med,1,0,0,0,3.9581641545291606
04,11,04,04_04,panelist,high,1,1,0,0,3.8701590130749293
04,11,05,04_05,panelist,med,1,0,0,0,3.7620482824984482
04,11,06,04_06,reviewer,low,0,0,1,0,4.2152439503177614
04,11,07,04_07,panelist,med,1,0,0,0,4.1150067295689885
04,11,08,04_08,panelist,med,1,0,0,0,4.152492920569517
04,11,09,04_09,reviewer,med,0,0,0,0,3.945783850289856
04,11,10,04_10,panelist,high,1,1,0,0,3.9458706798582583
04,11,11,04_11,panelist,high,1,1,0,0,3.841247411276813
04,11,12,04_12,panelist,low,1,0,1,0,4.2651878390857965
04,11,13,04_13,panelist,med,1,0,0,0,4.773033960192546
04,11,14,04_14,panelist,none,1,0,0,1,4.587787373029162
04,11,15,04_15,reviewer,high,0,1,0,0,3.977498220376252
04,11,16,04_16,panelist,med,1,0,0,0,3.8844160639915315
04,11,17,04_17,panelist,med,1,0,0,0,3.9726227816239734
04,11,18,04_18,panelist,high,1,1,0,0,3.9095998675970973
04,11,19,04_19,panelist,none,1,0,0,1,4.130319923266719
04,11,20,04_20,panelist,low,1,0,1,0,4.2998212303116565
04,11,21,04_21,panelist,med,1,0,0,0,4.450166487638765
04,11,22,04_22,panelist,low,1,0,1,0,4.513540851701965
04,11,23,04_23,panelist,med,1,0,0,0,4.009705068945608
04,11,24,04_24,panelist,none,1,0,0,1,3.878140565154529
04,12,01,04_01,panelist,med,1,0,0,0,3.9506977847177334
04,12,02,04_02,panelist,high,1,1,0,0,4.599507111147309
04,12,03,04_03,panelist,low,1,0,1,0,4.04766670188143
04,12,04,04_04,panelist,none,1,0,0,1,4.212082160473855
04,12,05,04_05,panelist,none,1,0,0,1,4.314613855739801
04,12,06,04_06,panelist,med,1,0,0,0,4.0187396783376075
04,12,07,04_07,panelist,low,1,0,1,0,4.657374652639484
04,12,08,04_08,panelist,low,1,0,1,0,4.445621335964034
04,12,09,04_09,panelist,med,1,0,0,0,4.791921423938231
04,12,10,04_10,panelist,low,1,0,1,0,4.66567451580503
04,12,11,04_11,reviewer,high,0,1,0,0,3.5770709289385616
04,12,12,04_12,panelist,none,1,0,0,1,4.751827245373275
04,12,13,04_13,panelist,med,1,0,0,0,4.719475443081044
04,12,14,04_14,reviewer,med,0,0,0,0,4.013245754648306
04,12,15,04_15,panelist,high,1,1,0,0,4.042854480730351
04,12,16,04_16,panelist,med,1,0,0,0,4.102992507014068
04,12,17,04_17,panelist,med,1,0,0,0,4.318400613030553
04,12,18,04_18,panelist,med,1,0,0,0,4.276267226432207
04,12,19,04_19,panelist,high,1,1,0,0,3.956642381625638
04,12,20,04_20,panelist,high,1,1,0,0,3.9929633227184764
04,12,21,04_21,panelist,med,1,0,0,0,4.405275281097737
04,12,22,04_22,reviewer,none,0,0,0,1,4.248889686178638
04,12,23,04_23,panelist,high,1,1,0,0,4.466351340506388
04,12,24,04_24,panelist,med,1,0,0,0,4.274619419968151
04,13,01,04_01,panelist,med,1,0,0,0,4.669442944791115
04,13,02,04_02,panelist,med,1,0,0,0,4.844588270925614
04,13,03,04_03,panelist,med,1,0,0,0,3.977889773518331
04,13,04,04_04,reviewer,none,0,0,0,1,4.687945046637507
04,13,05,04_05,panelist,med,1,0,0,0,4.3610668742985155
04,13,06,04_06,panelist,low,1,0,1,0,4.806960534754553
04,13,07,04_07,panelist,high,1,1,0,0,4.200172886129093
04,13,08,04_08,reviewer,low,0,0,1,0,4.601551331536552
04,13,09,04_09,panelist,low,1,0,1,0,4.768215590472816
04,13,10,04_10,panelist,low,1,0,1,0,4.515530546348339
04,13,11,04_11,panelist,med,1,0,0,0,4.400222129402582
04,13,12,04_12,panelist,med,1,0,0,0,4.476534092855125
04,13,13,04_13,panelist,high,1,1,0,0,4.625143493732229
04,13,14,04_14,panelist,high,1,1,0,0,4.3195324670022766
04,13,15,04_15,panelist,med,1,0,0,0,4.772053369557144
04,13,16,04_16,reviewer,none,0,0,0,1,4.570127412441955
04,13,17,04_17,panelist,none,1,0,0,1,4.704578971443619
04,13,18,04_18,panelist,high,1,1,0,0,4.592020464553308
04,13,19,04_19,panelist,med,1,0,0,0,4.073613240896688
04,13,20,04_20,panelist,none,1,0,0,1,4.171843173847693
04,13,21,04_21,panelist,med,1,0,0,0,4.88101452565678
04,13,22,04_22,panelist,high,1,1,0,0,4.462128988379958
04,13,23,04_23,panelist,med,1,0,0,0,4.7695439141581275
04,13,24,04_24,panelist,high,1,1,0,0,4.19303926567087
04,14,01,04_01,panelist,med,1,0,0,0,3.927968027881222
04,14,02,04_02,panelist,none,1,0,0,1,4.595296527510279
04,14,03,04_03,panelist,none,1,0,0,1,4.053018105374177
04,14,04,04_04,panelist,med,1,0,0,0,3.5749876068458706
04,14,05,04_05,panelist,med,1,0,0,0,3.9839478656627705
04,14,06,04_06,panelist,med,1,0,0,0,4.372915644815046
04,14,07,04_07,reviewer,high,0,1,0,0,3.8254485862591587
04,14,08,04_08,reviewer,high,0,1,0,0,4.082966295628264
04,14,09,04_09,panelist,none,1,0,0,1,4.670376765308849
04,14,10,04_10,panelist,high,1,1,0,0,3.8130264207053086
04,14,11,04_11,panelist,none,1,0,0,1,3.9101349969626478
04,14,12,04_12,panelist,low,1,0,1,0,4.226046929612351
04,14,13,04_13,panelist,med,1,0,0,0,4.403733528905362
04,14,14,04_14,reviewer,high,0,1,0,0,4.247054082099994
04,14,15,04_15,panelist,med,1,0,0,0,4.360693638796206
04,14,16,04_16,panelist,med,1,0,0,0,4.2001657492930775
04,14,17,04_17,panelist,low,1,0,1,0,4.33113512697567
04,14,18,04_18,panelist,med,1,0,0,0,4.339226771295875
04,14,19,04_19,panelist,high,1,1,0,0,3.9446334324614516
04,14,20,04_20,panelist,high,1,1,0,0,4.275749120779578
04,14,21,04_21,panelist,low,1,0,1,0,4.109182851363276
04,14,22,04_22,panelist,med,1,0,0,0,4.352041063019523
04,14,23,04_23,panelist,low,1,0,1,0,4.249285547797498
04,14,24,04_24,panelist,med,1,0,0,0,3.877403221143204
04,15,01,04_01,panelist,med,1,0,0,0,3.86689301407313
04,15,02,04_02,panelist,low,1,0,1,0,4.578956215303411
04,15,03,04_03,panelist,high,1,1,0,0,3.557976610295286
04,15,04,04_04,panelist,med,1,0,0,0,3.587816994592216
04,15,05,04_05,panelist,med,1,0,0,0,3.720858948702222
04,15,06,04_06,reviewer,none,0,0,0,1,4.056639772468935
04,15,07,04_07,reviewer,med,0,0,0,0,3.549160778236398
04,15,08,04_08,panelist,med,1,0,0,0,4.279208780150479
04,15,09,04_09,panelist,none,1,0,0,1,4.350913059953456
04,15,10,04_10,panelist,low,1,0,1,0,4.082120261386231
04,15,11,04_11,panelist,high,1,1,0,0,3.564067794205381
04,15,12,04_12,panelist,med,1,0,0,0,3.5544677706758794
04,15,13,04_13,panelist,med,1,0,0,0,4.345450010404058
04,15,14,04_14,panelist,med,1,0,0,0,4.17261188630359
04,15,15,04_15,panelist,med,1,0,0,0,3.923034289889991
04,15,16,04_16,reviewer,high,0,1,0,0,3.575241110780171
04,15,17,04_17,panelist,high,1,1,0,0,3.9315454599837962
04,15,18,04_18,panelist,low,1,0,1,0,4.029802863860121
04,15,19,04_19,panelist,high,1,1,0,0,3.8168409330615773
04,15,20,04_20,panelist,none,1,0,0,1,3.7309985577191425
04,15,21,04_21,panelist,med,1,0,0,0,3.7191820940203772
04,15,22,04_22,panelist,low,1,0,1,0,3.8108895380854153
04,15,23,04_23,panelist,high,1,1,0,0,3.967685763178724
04,15,24,04_24,panelist,none,1,0,0,1,3.785779724614896
05,1,01,05_01,panelist,high,1,1,0,0,3.63957553692215
05,1,02,05_02,panelist,med,1,0,0,0,4.400939869165707
05,1,03,05_03,panelist,med,1,0,0,0,3.822885748292216
05,1,04,05_04,panelist,high,1,1,0,0,3.904406860758155
05,1,05,05_05,reviewer,med,0,0,0,0,3.5810486952809852
05,1,06,05_06,panelist,high,1,1,0,0,4.008811626966492
05,1,07,05_07,panelist,med,1,0,0,0,3.97613123489574
05,1,08,05_08,panelist,none,1,0,0,1,4.4179101745377976
05,1,09,05_09,panelist,med,1,0,0,0,4.3557966606484
05,1,10,05_10,panelist,low,1,0,1,0,4.230599818577103
05,1,11,05_11,panelist,high,1,1,0,0,3.959553018445302
05,1,12,05_12,panelist,none,1,0,0,1,4.452832878052494
05,1,13,05_13,panelist,none,1,0,0,1,4.779162682194324
05,1,14,05_14,panelist,low,1,0,1,0,3.8243175752257863
05,1,15,05_15,panelist,med,1,0,0,0,4.453149879654175
05,1,16,05_16,panelist,high,1,1,0,0,4.053272642335326
05,1,17,05_17,panelist,med,1,0,0,0,3.9647696311282776
05,1,18,05_18,panelist,low,1,0,1,0,4.405730147305182
05,1,19,05_19,reviewer,low,0,0,1,0,3.9189033838299436
05,1,20,05_20,panelist,high,1,1,0,0,4.123757494078347
05,1,21,05_21,reviewer,med,0,0,0,0,4.003388041675491
05,1,22,05_22,panelist,none,1,0,0,1,4.354352876608101
05,1,23,05_23,panelist,med,1,0,0,0,4.022435824060293
05,1,24,05_24,panelist,med,1,0,0,0,3.5472309400316013
05,2,01,05_01,panelist,low,1,0,1,0,4.194183069058686
05,2,02,05_02,panelist,med,1,0,0,0,4.48326577744626
05,2,03,05_03,reviewer,high,0,1,0,0,3.831049100527665
05,2,04,05_04,panelist,high,1,1,0,0,3.7410557089320764
05,2,05,05_05,reviewer,none,0,0,0,1,4.110662077675453
05,2,06,05_06,panelist,low,1,0,1,0,3.987141202976345
05,2,07,05_07,panelist,med,1,0,0,0,3.7173057305129418
05,2,08,05_08,panelist,med,1,0,0,0,4.463323571455956
05,2,09,05_09,panelist,none,1,0,0,1,4.857944011694612
05,2,10,05_10,panelist,low,1,0,1,0,4.31291810588179
05,2,11,05_11,reviewer,low,0,0,1,0,4.2008924437885184
05,2,12,05_12,panelist,med,1,0,0,0,4.050873379729007
05,2,13,05_13,panelist,med,1,0,0,0,4.329541984942055
05,2,14,05_14,panelist,none,1,0,0,1,4.2895996046048666
05,2,15,05_15,panelist,none,1,0,0,1,4.419078396002876
05,2,16,05_16,panelist,high,1,1,0,0,4.102876318891798
05,2,17,05_17,panelist,high,1,1,0,0,3.7144032791811985
05,2,18,05_18,panelist,high,1,1,0,0,4.025359877557814
05,2,19,05_19,panelist,med,1,0,0,0,3.6809142778578057
05,2,20,05_20,panelist,med,1,0,0,0,4.54022089914779
05,2,21,05_21,panelist,med,1,0,0,0,4.045851615610953
05,2,22,05_22,panelist,med,1,0,0,0,4.201811734478966
05,2,23,05_23,panelist,med,1,0,0,0,4.2945213629336125
05,2,24,05_24,panelist,high,1,1,0,0,3.759919751342846
05,3,01,05_01,panelist,med,1,0,0,0,3.5987938110434636
05,3,02,05_02,panelist,none,1,0,0,1,4.728797338576227
05,3,03,05_03,panelist,high,1,1,0,0,3.6268336412126225
05,3,04,05_04,reviewer,med,0,0,0,0,3.774654024650206
05,3,05,05_05,panelist,low,1,0,1,0,3.9522081836498004
05,3,06,05_06,panelist,low,1,0,1,0,4.185258739081032
05,3,07,05_07,panelist,high,1,1,0,0,3.566247195338669
05,3,08,05_08,panelist,med,1,0,0,0,3.9934914946920546
05,3,09,05_09,panelist,none,1,0,0,1,4.5828752988252415
05,3,10,05_10,panelist,none,1,0,0,1,3.878182236582357
05,3,11,05_11,reviewer,high,0,1,0,0,3.6185240325109564
05,3,12,05_12,panelist,high,1,1,0,0,3.801833234738905
05,3,13,05_13,panelist,low,1,0,1,0,4.669734025476509
05,3,14,05_14,panelist,none,1,0,0,1,4.608822064287047
05,3,15,05_15,reviewer,med,0,0,0,0,3.723602798308657
05,3,16,05_16,panelist,high,1,1,0,0,4.015038894421902
05,3,17,05_17,panelist,med,1,0,0,0,4.165846816671998
05,3,18,05_18,panelist,med,1,0,0,0,3.9858739705024497
05,3,19,05_19,panelist,med,1,0,0,0,3.7493668396804885
05,3,20,05_20,panelist,med,1,0,0,0,3.864905880707997
05,3,21,05_21,panelist,med,1,0,0,0,4.331100959729071
05,3,22,05_22,panelist,high,1,1,0,0,4.069406567919232
05,3,23,05_23,panelist,med,1,0,0,0,4.166883391619258
05,3,24,05_24,panelist,low,1,0,1,0,3.8176883044613072
05,4,01,05_01,panelist,none,1,0,0,1,4.184773029845709
05,4,02,05_02,panelist,med,1,0,0,0,4.60068594655265
05,4,03,05_03,panelist,high,1,1,0,0,3.7352920162137178
05,4,04,05_04,panelist,med,1,0,0,0,4.167678513675884
05,4,05,05_05,panelist,none,1,0,0,1,3.963244064723994
05,4,06,05_06,panelist,high,1,1,0,0,4.342788359319402
05,4,07,05_07,reviewer,none,0,0,0,1,4.3224818760940895
05,4,08,05_08,panelist,med,1,0,0,0,4.196925691696381
05,4,09,05_09,panelist,high,1,1,0,0,4.2614727727969814
05,4,10,05_10,panelist,med,1,0,0,0,4.096858717762887
05,4,11,05_11,panelist,low,1,0,1,0,4.022757690336805
05,4,12,05_12,panelist,high,1,1,0,0,3.583996316697623
05,4,13,05_13,panelist,med,1,0,0,0,4.3684717360869545
05,4,14,05_14,panelist,med,1,0,0,0,4.38467776333277
05,4,15,05_15,panelist,low,1,0,1,0,4.323819721969728
05,4,16,05_16,panelist,high,1,1,0,0,4.182407421120573
05,4,17,05_17,panelist,high,1,1,0,0,4.1917780381777225
05,4,18,05_18,reviewer,med,0,0,0,0,4.039885499582214
05,4,19,05_19,panelist,med,1,0,0,0,3.7860509044295054
05,4,20,05_20,reviewer,none,0,0,0,1,4.31703267638834
05,4,21,05_21,panelist,med,1,0,0,0,3.7375509612959017
05,4,22,05_22,panelist,low,1,0,1,0,4.5193795276194
05,4,23,05_23,panelist,med,1,0,0,0,4.289927956081321
05,4,24,05_24,panelist,low,1,0,1,0,4.083526903352639
05,5,01,05_01,panelist,med,1,0,0,0,3.7893589892684876
05,5,02,05_02,panelist,none,1,0,0,1,4.160961886717413
05,5,03,05_03,panelist,high,1,1,0,0,3.526711632332149
05,5,04,05_04,panelist,low,1,0,1,0,3.9027626640503845
05,5,05,05_05,panelist,high,1,1,0,0,3.6576789600728876
05,5,06,05_06,panelist,med,1,0,0,0,3.918484101661772
05,5,07,05_07,panelist,med,1,0,0,0,4.043961131572695
05,5,08,05_08,panelist,med,1,0,0,0,3.9692177849242105
05,5,09,05_09,panelist,none,1,0,0,1,4.883514641777694
05,5,10,05_10,panelist,low,1,0,1,0,3.9509277881279794
05,5,11,05_11,panelist,low,1,0,1,0,3.7912323043079734
05,5,12,05_12,panelist,none,1,0,0,1,4.1350783508350935
05,5,13,05_13,panelist,med,1,0,0,0,4.575674003752864
05,5,14,05_14,panelist,low,1,0,1,0,4.215184749667649
05,5,15,05_15,panelist,med,1,0,0,0,4.0417557770027175
05,5,16,05_16,panelist,med,1,0,0,0,3.6992923324096565
05,5,17,05_17,reviewer,none,0,0,0,1,4.097025081204035
05,5,18,05_18,panelist,med,1,0,0,0,4.12426744509959
05,5,19,05_19,reviewer,high,0,1,0,0,3.6540814672177806
05,5,20,05_20,panelist,high,1,1,0,0,4.155482400403758
05,5,21,05_21,panelist,high,1,1,0,0,3.94919019846187
05,5,22,05_22,panelist,med,1,0,0,0,3.5999213407334487
05,5,23,05_23,panelist,high,1,1,0,0,3.787877090668543
05,5,24,05_24,reviewer,med,0,0,0,0,3.567319144656479
05,6,01,05_01,panelist,med,1,0,0,0,4.416822979207845
05,6,02,05_02,panelist,med,1,0,0,0,4.613200167542977
05,6,03,05_03,reviewer,med,0,0,0,0,3.8399600192597494
05,6,04,05_04,reviewer,high,0,1,0,0,3.8935541266947706
05,6,05,05_05,panelist,low,1,0,1,0,4.08424734210043
05,6,06,05_06,panelist,high,1,1,0,0,4.7076019193278285
05,6,07,05_07,panelist,med,1,0,0,0,4.107294945983666
05,6,08,05_08,reviewer,low,0,0,1,0,4.50799384031742
05,6,09,05_09,panelist,med,1,0,0,0,4.604040348251792
05,6,10,05_10,panelist,high,1,1,0,0,4.43471577912715
05,6,11,05_11,panelist,med,1,0,0,0,4.19480116447256
05,6,12,05_12,panelist,high,1,1,0,0,4.03244948277209
05,6,13,05_13,panelist,med,1,0,0,0,4.878371878514991
05,6,14,05_14,panelist,low,1,0,1,0,4.201317209490131
05,6,15,05_15,panelist,med,1,0,0,0,4.139087615247175
05,6,16,05_16,panelist,med,1,0,0,0,4.249050628811512
05,6,17,05_17,panelist,none,1,0,0,1,4.352632608149612
05,6,18,05_18,panelist,high,1,1,0,0,4.267739988621443
05,6,19,05_19,panelist,low,1,0,1,0,4.185270408598968
05,6,20,05_20,panelist,high,1,1,0,0,4.05881374690774
05,6,21,05_21,panelist,none,1,0,0,1,4.698468151623764
05,6,22,05_22,panelist,med,1,0,0,0,4.392990040289385
05,6,23,05_23,panelist,none,1,0,0,1,4.550493887331466
05,6,24,05_24,panelist,none,1,0,0,1,4.335873453718118
05,7,01,05_01,panelist,med,1,0,0,0,4.616424556489351
05,7,02,05_02,panelist,none,1,0,0,1,4.875777914450842
05,7,03,05_03,reviewer,low,0,0,1,0,4.010433811236369
05,7,04,05_04,panelist,none,1,0,0,1,4.280950402447593
05,7,05,05_05,panelist,high,1,1,0,0,4.547964837784561
05,7,06,05_06,panelist,med,1,0,0,0,4.2462797310824545
05,7,07,05_07,reviewer,med,0,0,0,0,4.183035523374436
05,7,08,05_08,panelist,none,1,0,0,1,4.62047897696813
05,7,09,05_09,panelist,low,1,0,1,0,4.804636317066737
05,7,10,05_10,panelist,med,1,0,0,0,4.227491759559809
05,7,11,05_11,panelist,high,1,1,0,0,4.064789930287783
05,7,12,05_12,panelist,low,1,0,1,0,4.292323367422771
05,7,13,05_13,panelist,med,1,0,0,0,4.774297888214829
05,7,14,05_14,panelist,med,1,0,0,0,4.521895990790199
05,7,15,05_15,panelist,high,1,1,0,0,4.2602273085360665
05,7,16,05_16,panelist,med,1,0,0,0,4.36793177693531
05,7,17,05_17,panelist,high,1,1,0,0,4.147640313903713
05,7,18,05_18,panelist,med,1,0,0,0,4.7012470350664914
05,7,19,05_19,panelist,med,1,0,0,0,4.401825654388745
05,7,20,05_20,panelist,med,1,0,0,0,4.444160086133106
05,7,21,05_21,panelist,high,1,1,0,0,4.551338352879629
05,7,22,05_22,panelist,high,1,1,0,0,4.140195445973023
05,7,23,05_23,panelist,none,1,0,0,1,4.775924798539997
05,7,24,05_24,reviewer,low,0,0,1,0,4.145363300483158
05,8,01,05_01,panelist,high,1,1,0,0,3.8352661626699867
05,8,02,05_02,panelist,none,1,0,0,1,4.362801379970791
05,8,03,05_03,panelist,low,1,0,1,0,3.837377778217353
05,8,04,05_04,panelist,low,1,0,1,0,3.505921367203314
05,8,05,05_05,panelist,med,1,0,0,0,3.6581918750488485
05,8,06,05_06,panelist,none,1,0,0,1,4.148537674662648
05,8,07,05_07,reviewer,low,0,0,1,0,3.5892950933958234
05,8,08,05_08,panelist,high,1,1,0,0,3.887211898730355
05,8,09,05_09,panelist,none,1,0,0,1,4.5035857209671795
05,8,10,05_10,panelist,none,1,0,0,1,3.6991722630152952
05,8,11,05_11,panelist,high,1,1,0,0,3.622686160819193
05,8,12,05_12,panelist,med,1,0,0,0,3.807156037765045
05,8,13,05_13,reviewer,med,0,0,0,0,4.387732425370829
05,8,14,05_14,panelist,med,1,0,0,0,3.7836486423604363
05,8,15,05_15,panelist,high,1,1,0,0,3.5843779557472657
05,8,16,05_16,panelist,low,1,0,1,0,4.386531508616783
05,8,17,05_17,panelist,med,1,0,0,0,4.226863225105898
05,8,18,05_18,panelist,high,1,1,0,0,3.6847427352084687
05,8,19,05_19,panelist,high,1,1,0,0,3.699041042589905
05,8,20,05_20,panelist,med,1,0,0,0,3.8708457759083177
05,8,21,05_21,panelist,med,1,0,0,0,4.001437166364957
05,8,22,05_22,panelist,med,1,0,0,0,4.098737033350465
05,8,23,05_23,reviewer,med,0,0,0,0,3.719709406154921
05,8,24,05_24,panelist,med,1,0,0,0,3.7020100788468606
05,9,01,05_01,panelist,none,1,0,0,1,4.099869868216627
05,9,02,05_02,panelist,med,1,0,0,0,4.38942416577017
05,9,03,05_03,reviewer,med,0,0,0,0,4.17009971289359
05,9,04,05_04,panelist,med,1,0,0,0,3.730536138684702
05,9,05,05_05,panelist,high,1,1,0,0,4.4016348126685525
05,9,06,05_06,panelist,high,1,1,0,0,4.228486830140867
05,9,07,05_07,panelist,med,1,0,0,0,3.9953885738066948
05,9,08,05_08,panelist,med,1,0,0,0,4.5036151660199515
05,9,09,05_09,reviewer,low,0,0,1,0,4.445674801433112
05,9,10,05_10,panelist,med,1,0,0,0,4.664574158630233
05,9,11,05_11,panelist,high,1,1,0,0,3.787584508907271
05,9,12,05_12,panelist,med,1,0,0,0,4.556135757557884
05,9,13,05_13,panelist,none,1,0,0,1,4.54226266134063
05,9,14,05_14,panelist,high,1,1,0,0,4.4083476576853515
05,9,15,05_15,panelist,none,1,0,0,1,4.807900463042894
05,9,16,05_16,reviewer,low,0,0,1,0,4.240544650020149
05,9,17,05_17,panelist,med,1,0,0,0,4.436692403276873
05,9,18,05_18,panelist,med,1,0,0,0,4.470139673553513
05,9,19,05_19,panelist,high,1,1,0,0,4.332356460267405
05,9,20,05_20,panelist,low,1,0,1,0,4.78637018790513
05,9,21,05_21,panelist,low,1,0,1,0,4.232275635499467
05,9,22,05_22,panelist,med,1,0,0,0,4.177240562715415
05,9,23,05_23,panelist,high,1,1,0,0,4.506556744369547
05,9,24,05_24,panelist,none,1,0,0,1,3.847996775993824
05,10,01,05_01,reviewer,high,0,1,0,0,3.6635868476699858
05,10,02,05_02,panelist,med,1,0,0,0,4.276111853723239
05,10,03,05_03,panelist,med,1,0,0,0,3.810978626436865
05,10,04,05_04,reviewer,none,0,0,0,1,3.5744820473480643
05,10,05,05_05,panelist,med,1,0,0,0,4.103992415450245
05,10,06,05_06,panelist,low,1,0,1,0,4.270444818698109
05,10,07,05_07,panelist,med,1,0,0,0,3.756970286871464
05,10,08,05_08,reviewer,high,0,1,0,0,4.163962643404264
05,10,09,05_09,panelist,low,1,0,1,0,4.478737162727824
05,10,10,05_10,panelist,med,1,0,0,0,4.086527954861726
05,10,11,05_11,panelist,high,1,1,0,0,4.202780363795125
05,10,12,05_12,panelist,high,1,1,0,0,3.740088555667011
05,10,13,05_13,panelist,med,1,0,0,0,4.366247811135311
05,10,14,05_14,panelist,low,1,0,1,0,4.513650336486077
05,10,15,05_15,panelist,none,1,0,0,1,4.455824393185098
05,10,16,05_16,panelist,med,1,0,0,0,4.085555060430168
05,10,17,05_17,panelist,high,1,1,0,0,3.95086512690641
05,10,18,05_18,panelist,none,1,0,0,1,4.159278187419439
05,10,19,05_19,panelist,none,1,0,0,1,3.8882235375250325
05,10,20,05_20,panelist,high,1,1,0,0,4.0402116649672495
05,10,21,05_21,panelist,med,1,0,0,0,4.127513915028525
05,10,22,05_22,panelist,med,1,0,0,0,4.152845539582441
05,10,23,05_23,panelist,med,1,0,0,0,4.221410679549997
05,10,24,05_24,panelist,low,1,0,1,0,3.7424211956527804
05,11,01,05_01,reviewer,high,0,1,0,0,3.8531163934040724
05,11,02,05_02,reviewer,high,0,1,0,0,3.810598228268344
05,11,03,05_03,panelist,med,1,0,0,0,3.618521443298341
05,11,04,05_04,panelist,med,1,0,0,0,3.5238776745544116
05,11,05,05_05,panelist,med,1,0,0,0,3.769313021674379
05,11,06,05_06,panelist,med,1,0,0,0,3.898269988875586
05,11,07,05_07,panelist,med,1,0,0,0,3.997073247289687
05,11,08,05_08,panelist,low,1,0,1,0,4.392557768282844
05,11,09,05_09,panelist,none,1,0,0,1,4.339630359780101
05,11,10,05_10,panelist,med,1,0,0,0,3.8470864419632833
05,11,11,05_11,panelist,none,1,0,0,1,3.960442193367638
05,11,12,05_12,panelist,med,1,0,0,0,4.124453346093278
05,11,13,05_13,panelist,high,1,1,0,0,4.4877265650579945
05,11,14,05_14,panelist,high,1,1,0,0,4.054056001475252
05,11,15,05_15,reviewer,none,0,0,0,1,3.95099475641014
05,11,16,05_16,panelist,med,1,0,0,0,3.759248251194165
05,11,17,05_17,panelist,low,1,0,1,0,4.064909824932012
05,11,18,05_18,panelist,low,1,0,1,0,4.060852869627518
05,11,19,05_19,panelist,med,1,0,0,0,3.7200724087069577
05,11,20,05_20,panelist,none,1,0,0,1,4.178709870187068
05,11,21,05_21,panelist,high,1,1,0,0,3.9183958945908905
05,11,22,05_22,panelist,low,1,0,1,0,4.294498886468937
05,11,23,05_23,panelist,med,1,0,0,0,3.7723228028881413
05,11,24,05_24,panelist,high,1,1,0,0,3.8695811570919885
05,12,01,05_01,panelist,low,1,0,1,0,4.146411059706371
05,12,02,05_02,panelist,med,1,0,0,0,4.506116387458549
05,12,03,05_03,panelist,high,1,1,0,0,3.772101798823648
05,12,04,05_04,reviewer,low,0,0,1,0,3.9023308539032406
05,12,05,05_05,panelist,high,1,1,0,0,3.823423503001734
05,12,06,05_06,panelist,high,1,1,0,0,4.3370260398831215
05,12,07,05_07,panelist,med,1,0,0,0,3.7986105697723405
05,12,08,05_08,panelist,med,1,0,0,0,4.172216973732188
05,12,09,05_09,panelist,med,1,0,0,0,4.710997398025816
05,12,10,05_10,reviewer,med,0,0,0,0,4.23975253871978
05,12,11,05_11,panelist,med,1,0,0,0,3.6247585007337615
05,12,12,05_12,panelist,med,1,0,0,0,3.9048154705875198
05,12,13,05_13,panelist,med,1,0,0,0,4.2489135904268
05,12,14,05_14,panelist,none,1,0,0,1,4.346901065591858
05,12,15,05_15,panelist,high,1,1,0,0,4.117899038374288
05,12,16,05_16,panelist,low,1,0,1,0,4.307859987657847
05,12,17,05_17,panelist,low,1,0,1,0,3.968855949612918
05,12,18,05_18,panelist,med,1,0,0,0,3.9361108907686235
05,12,19,05_19,panelist,med,1,0,0,0,3.727803079173155
05,12,20,05_20,panelist,none,1,0,0,1,4.38451035506227
05,12,21,05_21,panelist,high,1,1,0,0,4.2193337046628825
05,12,22,05_22,reviewer,high,0,1,0,0,3.8474684809556865
05,12,23,05_23,panelist,none,1,0,0,1,4.312924588500649
05,12,24,05_24,panelist,none,1,0,0,1,4.078903696123508
05,13,01,05_01,panelist,med,1,0,0,0,4.514190040048145
05,13,02,05_02,panelist,med,1,0,0,0,4.5032477569176015
05,13,03,05_03,panelist,med,1,0,0,0,4.153478958613743
05,13,04,05_04,panelist,high,1,1,0,0,3.976318686804849
05,13,05,05_05,panelist,high,1,1,0,0,4.117945889000112
05,13,06,05_06,panelist,low,1,0,1,0,4.46105576498151
05,13,07,05_07,reviewer,none,0,0,0,1,4.189785692904728
05,13,08,05_08,panelist,med,1,0,0,0,4.675103095301287
05,13,09,05_09,panelist,low,1,0,1,0,4.795001084158073
05,13,10,05_10,panelist,high,1,1,0,0,4.1681379741981965
05,13,11,05_11,panelist,high,1,1,0,0,3.903475220378479
05,13,12,05_12,panelist,med,1,0,0,0,4.518641605957583
05,13,13,05_13,panelist,none,1,0,0,1,4.872563074002847
05,13,14,05_14,panelist,med,1,0,0,0,4.198677608403739
05,13,15,05_15,reviewer,med,0,0,0,0,3.868004186764286
05,13,16,05_16,panelist,low,1,0,1,0,4.065749286536247
05,13,17,05_17,reviewer,med,0,0,0,0,4.220812207608595
05,13,18,05_18,panelist,none,1,0,0,1,4.260537207232685
05,13,19,05_19,panelist,med,1,0,0,0,3.8588141340691307
05,13,20,05_20,panelist,high,1,1,0,0,4.224396783729049
05,13,21,05_21,panelist,none,1,0,0,1,4.545417864698924
05,13,22,05_22,panelist,high,1,1,0,0,4.202650617532831
05,13,23,05_23,panelist,low,1,0,1,0,4.40604752244898
05,13,24,05_24,panelist,med,1,0,0,0,4.179853291077716
05,14,01,05_01,reviewer,med,0,0,0,0,3.862511777368037
05,14,02,05_02,panelist,med,1,0,0,0,4.391849704522796
05,14,03,05_03,panelist,med,1,0,0,0,3.637984266460869
05,14,04,05_04,panelist,med,1,0,0,0,3.69852980064832
05,14,05,05_05,panelist,low,1,0,1,0,3.6603791400910186
05,14,06,05_06,panelist,med,1,0,0,0,4.069748404230762
05,14,07,05_07,panelist,med,1,0,0,0,4.193219917962872
05,14,08,05_08,panelist,high,1,1,0,0,3.956832810666805
05,14,09,05_09,panelist,med,1,0,0,0,4.385371889415456
05,14,10,05_10,panelist,none,1,0,0,1,4.171113700409299
05,14,11,05_11,panelist,high,1,1,0,0,3.6008763739987146
05,14,12,05_12,panelist,none,1,0,0,1,4.1920535212575665
05,14,13,05_13,reviewer,med,0,0,0,0,4.268601618904281
05,14,14,05_14,panelist,high,1,1,0,0,4.163671592995054
05,14,15,05_15,panelist,low,1,0,1,0,3.8206551106689335
05,14,16,05_16,panelist,high,1,1,0,0,3.9060480847900307
05,14,17,05_17,panelist,med,1,0,0,0,3.9955550835572216
05,14,18,05_18,panelist,high,1,1,0,0,4.046014205961174
05,14,19,05_19,panelist,none,1,0,0,1,3.9293973957299304
05,14,20,05_20,panelist,low,1,0,1,0,4.3372635360540706
05,14,21,05_21,reviewer,none,0,0,0,1,4.186273478508799
05,14,22,05_22,panelist,low,1,0,1,0,4.117967950493123
05,14,23,05_23,panelist,high,1,1,0,0,3.7778816688729187
05,14,24,05_24,panelist,med,1,0,0,0,3.7164762780773763
05,15,01,05_01,panelist,high,1,1,0,0,3.647124503986606
05,15,02,05_02,reviewer,med,0,0,0,0,3.834682552062963
05,15,03,05_03,panelist,none,1,0,0,1,3.5729095328590916
05,15,04,05_04,panelist,med,1,0,0,0,3.862648763075821
05,15,05,05_05,reviewer,high,0,1,0,0,3.5507877038122753
05,15,06,05_06,panelist,med,1,0,0,0,3.7591090931397333
05,15,07,05_07,panelist,med,1,0,0,0,3.552668628469603
05,15,08,05_08,panelist,med,1,0,0,0,3.8580709564650713
05,15,09,05_09,panelist,med,1,0,0,0,4.329812973759208
05,15,10,05_10,panelist,none,1,0,0,1,3.5769598996163827
05,15,11,05_11,panelist,med,1,0,0,0,3.600515188348735
05,15,12,05_12,panelist,high,1,1,0,0,3.527852434695808
05,15,13,05_13,panelist,high,1,1,0,0,3.775149124939572
05,15,14,05_14,panelist,med,1,0,0,0,4.011292557248989
05,15,15,05_15,panelist,low,1,0,1,0,3.5778471490114097
05,15,16,05_16,panelist,none,1,0,0,1,3.9296341738229086
05,15,17,05_17,panelist,med,1,0,0,0,3.5417769623881883
05,15,18,05_18,reviewer,low,0,0,1,0,3.6527747662516186
05,15,19,05_19,panelist,none,1,0,0,1,3.7901446388006965
05,15,20,05_20,panelist,low,1,0,1,0,4.033910903383483
05,15,21,05_21,panelist,med,1,0,0,0,3.805444742933864
05,15,22,05_22,panelist,high,1,1,0,0,3.6564009405702453
05,15,23,05_23,panelist,high,1,1,0,0,3.6539955014026346
05,15,24,05_24,panelist,low,1,0,1,0,3.509782810762946
06,1,01,06_01,panelist,high,1,1,0,0,3.8329064028459428
06,1,02,06_02,reviewer,high,0,1,0,0,4.4401218756651035
06,1,03,06_03,panelist,med,1,0,0,0,4.034390589497329
06,1,04,06_04,panelist,none,1,0,0,1,4.61489846818565
06,1,05,06_05,panelist,low,1,0,1,0,4.042394368810985
06,1,06,06_06,panelist,high,1,1,0,0,4.183798054729501
06,1,07,06_07,panelist,med,1,0,0,0,4.154364624316693
06,1,08,06_08,panelist,med,1,0,0,0,4.393698171822157
06,1,09,06_09,panelist,high,1,1,0,0,4.680127030045983
06,1,10,06_10,panelist,med,1,0,0,0,3.892795502008774
06,1,11,06_11,panelist,high,1,1,0,0,3.809860915858538
06,1,12,06_12,panelist,none,1,0,0,1,4.173089514767197
06,1,13,06_13,panelist,med,1,0,0,0,4.5351104501874575
06,1,14,06_14,panelist,med,1,0,0,0,4.324620226893297
06,1,15,06_15,reviewer,high,0,1,0,0,4.386048090265444
06,1,16,06_16,panelist,none,1,0,0,1,4.186533077301689
06,1,17,06_17,panelist,med,1,0,0,0,4.64552870607635
06,1,18,06_18,panelist,low,1,0,1,0,4.3589599326425175
06,1,19,06_19,panelist,low,1,0,1,0,3.9025215712333345
06,1,20,06_20,panelist,med,1,0,0,0,4.175792693078938
06,1,21,06_21,panelist,med,1,0,0,0,4.646524132945487
06,1,22,06_22,panelist,med,1,0,0,0,4.581490603861742
06,1,23,06_23,panelist,none,1,0,0,1,4.741708487887153
06,1,24,06_24,reviewer,low,0,0,1,0,4.027684914487237
06,2,01,06_01,panelist,med,1,0,0,0,4.57282019640939
06,2,02,06_02,panelist,none,1,0,0,1,4.847070925690543
06,2,03,06_03,panelist,med,1,0,0,0,4.141406369956916
06,2,04,06_04,panelist,none,1,0,0,1,4.472185927605374
06,2,05,06_05,reviewer,med,0,0,0,0,3.6828988476692337
06,2,06,06_06,panelist,low,1,0,1,0,4.323421012164321
06,2,07,06_07,panelist,high,1,1,0,0,4.362275831652474
06,2,08,06_08,panelist,med,1,0,0,0,4.3225596240443
06,2,09,06_09,panelist,med,1,0,0,0,4.756768993902938
06,2,10,06_10,reviewer,med,0,0,0,0,4.399057561410784
06,2,11,06_11,reviewer,none,0,0,0,1,4.255517924050045
06,2,12,06_12,panelist,med,1,0,0,0,4.3499087279691375
06,2,13,06_13,panelist,low,1,0,1,0,4.881731253755553
06,2,14,06_14,panelist,high,1,1,0,0,4.506856378281026
06,2,15,06_15,panelist,low,1,0,1,0,4.446220684060949
06,2,16,06_16,panelist,high,1,1,0,0,4.674933819228247
06,2,17,06_17,panelist,high,1,1,0,0,4.714855819520065
06,2,18,06_18,panelist,high,1,1,0,0,4.478421758011524
06,2,19,06_19,panelist,med,1,0,0,0,3.7358721256130756
06,2,20,06_20,panelist,high,1,1,0,0,4.83314665755471
06,2,21,06_21,panelist,med,1,0,0,0,4.354047233260748
06,2,22,06_22,panelist,low,1,0,1,0,4.637609626268693
06,2,23,06_23,panelist,med,1,0,0,0,4.244893754584589
06,2,24,06_24,panelist,none,1,0,0,1,4.214372601444948
06,3,01,06_01,panelist,high,1,1,0,0,4.33087374785466
06,3,02,06_02,reviewer,med,0,0,0,0,4.50418601243246
06,3,03,06_03,panelist,med,1,0,0,0,4.19858193737184
06,3,04,06_04,panelist,none,1,0,0,1,4.622411753263147
06,3,05,06_05,panelist,none,1,0,0,1,4.043847790828111
06,3,06,06_06,panelist,med,1,0,0,0,4.711960030700295
06,3,07,06_07,panelist,med,1,0,0,0,3.7807311630275864
06,3,08,06_08,panelist,med,1,0,0,0,4.406606599129283
06,3,09,06_09,panelist,none,1,0,0,1,4.687928840381449
06,3,10,06_10,panelist,low,1,0,1,0,4.641757413442087
06,3,11,06_11,panelist,low,1,0,1,0,4.06582741167386
06,3,12,06_12,panelist,med,1,0,0,0,4.411326388777249
06,3,13,06_13,panelist,high,1,1,0,0,4.302360274324689
06,3,14,06_14,reviewer,med,0,0,0,0,4.053332032170578
06,3,15,06_15,panelist,none,1,0,0,1,4.420596722276691
06,3,16,06_16,panelist,high,1,1,0,0,4.26206947018147
06,3,17,06_17,panelist,med,1,0,0,0,4.339552082672118
06,3,18,06_18,panelist,low,1,0,1,0,4.505838036626439
06,3,19,06_19,panelist,high,1,1,0,0,3.544137855260383
06,3,20,06_20,panelist,high,1,1,0,0,4.080519905380571
06,3,21,06_21,reviewer,low,0,0,1,0,4.436188411629297
06,3,22,06_22,panelist,high,1,1,0,0,4.118953930136282
06,3,23,06_23,panelist,med,1,0,0,0,4.825100496833569
06,3,24,06_24,panelist,med,1,0,0,0,4.310436176092742
06,4,01,06_01,panelist,low,1,0,1,0,4.477769000171406
06,4,02,06_02,panelist,none,1,0,0,1,4.685840337244516
06,4,03,06_03,panelist,high,1,1,0,0,3.7809700467963574
06,4,04,06_04,panelist,high,1,1,0,0,4.242744144147878
06,4,05,06_05,panelist,med,1,0,0,0,4.131998530891852
06,4,06,06_06,panelist,none,1,0,0,1,4.835636480791309
06,4,07,06_07,panelist,med,1,0,0,0,4.4676310249875915
06,4,08,06_08,panelist,high,1,1,0,0,4.6625755621800185
06,4,09,06_09,panelist,med,1,0,0,0,4.796361501640743
06,4,10,06_10,panelist,high,1,1,0,0,4.149636795116676
06,4,11,06_11,reviewer,high,0,1,0,0,4.284482539709532
06,4,12,06_12,reviewer,none,0,0,0,1,4.481977102788879
06,4,13,06_13,panelist,low,1,0,1,0,4.6504728296646665
06,4,14,06_14,panelist,high,1,1,0,0,4.352414592090423
06,4,15,06_15,panelist,low,1,0,1,0,4.44305780344509
06,4,16,06_16,panelist,none,1,0,0,1,4.767135731923611
06,4,17,06_17,panelist,med,1,0,0,0,4.885445239046476
06,4,18,06_18,panelist,low,1,0,1,0,4.681557498291881
06,4,19,06_19,panelist,med,1,0,0,0,3.882949518286088
06,4,20,06_20,panelist,med,1,0,0,0,4.574313382346916
06,4,21,06_21,panelist,med,1,0,0,0,4.762196815083069
06,4,22,06_22,panelist,med,1,0,0,0,4.672654651469046
06,4,23,06_23,reviewer,med,0,0,0,0,4.295039659040039
06,4,24,06_24,panelist,med,1,0,0,0,4.340687063308712
06,5,01,06_01,panelist,high,1,1,0,0,3.887368757082667
06,5,02,06_02,panelist,med,1,0,0,0,4.892090751061619
06,5,03,06_03,panelist,high,1,1,0,0,3.7282568660687083
06,5,04,06_04,panelist,med,1,0,0,0,3.7864161039510176
06,5,05,06_05,panelist,med,1,0,0,0,3.9874153568038517
06,5,06,06_06,panelist,med,1,0,0,0,4.259234325295566
06,5,07,06_07,panelist,none,1,0,0,1,4.01506283742854
06,5,08,06_08,panelist,low,1,0,1,0,4.733409546205246
06,5,09,06_09,panelist,low,1,0,1,0,4.564301392888665
06,5,10,06_10,panelist,none,1,0,0,1,4.662657078575287
06,5,11,06_11,panelist,med,1,0,0,0,3.789805820961644
06,5,12,06_12,panelist,med,1,0,0,0,4.1849886541864745
06,5,13,06_13,panelist,low,1,0,1,0,4.709545503821947
06,5,14,06_14,panelist,low,1,0,1,0,4.452345938106168
06,5,15,06_15,panelist,med,1,0,0,0,4.03669982141449
06,5,16,06_16,reviewer,med,0,0,0,0,4.004915889813217
06,5,17,06_17,panelist,high,1,1,0,0,4.086637767633356
06,5,18,06_18,panelist,med,1,0,0,0,3.901136310550052
06,5,19,06_19,reviewer,high,0,1,0,0,3.715359342351545
06,5,20,06_20,reviewer,high,0,1,0,0,4.157539397777387
06,5,21,06_21,panelist,high,1,1,0,0,4.124513273113179
06,5,22,06_22,panelist,med,1,0,0,0,4.376850782026999
06,5,23,06_23,panelist,none,1,0,0,1,4.302462588135708
06,5,24,06_24,panelist,none,1,0,0,1,4.035798651660066
06,6,01,06_01,panelist,high,1,1,0,0,4.34490154568625
06,6,02,06_02,panelist,med,1,0,0,0,4.883041136616731
06,6,03,06_03,panelist,low,1,0,1,0,4.3395635680491225
06,6,04,06_04,panelist,none,1,0,0,1,4.686875275481157
06,6,05,06_05,reviewer,med,0,0,0,0,4.003037795154562
06,6,06,06_06,panelist,med,1,0,0,0,4.861695395678809
06,6,07,06_07,panelist,none,1,0,0,1,4.722926169990094
06,6,08,06_08,panelist,low,1,0,1,0,4.595812716321241
06,6,09,06_09,reviewer,med,0,0,0,0,4.836017151994162
06,6,10,06_10,panelist,none,1,0,0,1,4.830063395670859
06,6,11,06_11,panelist,high,1,1,0,0,4.47279818966929
06,6,12,06_12,panelist,med,1,0,0,0,4.697536424462974
06,6,13,06_13,panelist,low,1,0,1,0,4.891213715682677
06,6,14,06_14,panelist,high,1,1,0,0,4.350822894478112
06,6,15,06_15,panelist,high,1,1,0,0,4.17325997890546
06,6,16,06_16,panelist,med,1,0,0,0,4.789437194040478
06,6,17,06_17,reviewer,med,0,0,0,0,4.266094638179852
06,6,18,06_18,panelist,high,1,1,0,0,4.736068401159642
06,6,19,06_19,panelist,med,1,0,0,0,4.290158160634757
06,6,20,06_20,panelist,high,1,1,0,0,4.17449597615291
06,6,21,06_21,panelist,med,1,0,0,0,4.837669293872862
06,6,22,06_22,panelist,low,1,0,1,0,4.799014253148238
06,6,23,06_23,panelist,med,1,0,0,0,4.610494765051983
06,6,24,06_24,panelist,none,1,0,0,1,4.35838848141942
06,7,01,06_01,panelist,low,1,0,1,0,4.7094370661470295
06,7,02,06_02,panelist,med,1,0,0,0,4.886459659576995
06,7,03,06_03,panelist,high,1,1,0,0,4.646204708779322
06,7,04,06_04,panelist,none,1,0,0,1,4.653915911873635
06,7,05,06_05,panelist,med,1,0,0,0,4.320140296649575
06,7,06,06_06,panelist,low,1,0,1,0,4.731662997319201
06,7,07,06_07,panelist,med,1,0,0,0,4.7154159448121815
06,7,08,06_08,panelist,med,1,0,0,0,4.72950568783723
06,7,09,06_09,panelist,none,1,0,0,1,4.882387768264848
06,7,10,06_10,reviewer,high,0,1,0,0,4.562163412257733
06,7,11,06_11,panelist,med,1,0,0,0,4.6110868013770645
06,7,12,06_12,panelist,low,1,0,1,0,4.898594094825337
06,7,13,06_13,panelist,med,1,0,0,0,4.707288054265366
06,7,14,06_14,panelist,low,1,0,1,0,4.672421165496024
06,7,15,06_15,panelist,high,1,1,0,0,4.530623947120572
06,7,16,06_16,panelist,med,1,0,0,0,4.722061489529374
06,7,17,06_17,panelist,med,1,0,0,0,4.479337084460307
06,7,18,06_18,panelist,high,1,1,0,0,4.646879949283844
06,7,19,06_19,panelist,high,1,1,0,0,4.391525836364083
06,7,20,06_20,panelist,med,1,0,0,0,4.511292672526688
06,7,21,06_21,reviewer,none,0,0,0,1,4.8535900438701995
06,7,22,06_22,panelist,none,1,0,0,1,4.859361997317115
06,7,23,06_23,panelist,med,1,0,0,0,4.8937126455658255
06,7,24,06_24,reviewer,high,0,1,0,0,4.287239555088864
06,8,01,06_01,panelist,none,1,0,0,1,4.357531663522128
06,8,02,06_02,panelist,high,1,1,0,0,4.572196393141648
06,8,03,06_03,panelist,high,1,1,0,0,3.733648780806498
06,8,04,06_04,panelist,low,1,0,1,0,4.0808771375130055
06,8,05,06_05,panelist,high,1,1,0,0,3.674778439849073
06,8,06,06_06,panelist,med,1,0,0,0,4.5926208449771995
06,8,07,06_07,panelist,med,1,0,0,0,4.2124529236514645
06,8,08,06_08,panelist,low,1,0,1,0,4.209741621786596
06,8,09,06_09,panelist,high,1,1,0,0,4.811618668689593
06,8,10,06_10,panelist,none,1,0,0,1,4.142961612216725
06,8,11,06_11,panelist,low,1,0,1,0,3.9060499712546837
06,8,12,06_12,reviewer,none,0,0,0,1,4.420498055983806
06,8,13,06_13,panelist,none,1,0,0,1,4.667796938452065
06,8,14,06_14,panelist,med,1,0,0,0,4.282920996397946
06,8,15,06_15,panelist,high,1,1,0,0,3.9489206702837736
06,8,16,06_16,panelist,high,1,1,0,0,3.941056290461378
06,8,17,06_17,panelist,med,1,0,0,0,4.013889532618108
06,8,18,06_18,panelist,med,1,0,0,0,3.8338452224737964
06,8,19,06_19,panelist,low,1,0,1,0,3.8340508372141193
06,8,20,06_20,reviewer,med,0,0,0,0,4.110109942154203
06,8,21,06_21,panelist,med,1,0,0,0,4.478236095024497
06,8,22,06_22,panelist,med,1,0,0,0,4.011442989010288
06,8,23,06_23,panelist,med,1,0,0,0,4.164276717953149
06,8,24,06_24,reviewer,med,0,0,0,0,3.750063345687355
06,9,01,06_01,reviewer,med,0,0,0,0,4.0845491265764835
06,9,02,06_02,panelist,low,1,0,1,0,4.861245002496683
06,9,03,06_03,panelist,med,1,0,0,0,3.989507089959571
06,9,04,06_04,panelist,high,1,1,0,0,4.681391579328702
06,9,05,06_05,panelist,high,1,1,0,0,4.050483077536743
06,9,06,06_06,panelist,none,1,0,0,1,4.842792882797301
06,9,07,06_07,panelist,med,1,0,0,0,4.755101407516548
06,9,08,06_08,reviewer,high,0,1,0,0,4.630585017799393
06,9,09,06_09,panelist,none,1,0,0,1,4.659810269849763
06,9,10,06_10,panelist,med,1,0,0,0,4.338455515814497
06,9,11,06_11,panelist,low,1,0,1,0,3.9990859301491515
06,9,12,06_12,panelist,high,1,1,0,0,4.403433668044892
06,9,13,06_13,panelist,med,1,0,0,0,4.7403218051769205
06,9,14,06_14,panelist,med,1,0,0,0,4.659760389596321
06,9,15,06_15,panelist,med,1,0,0,0,4.809743888824718
06,9,16,06_16,reviewer,none,0,0,0,1,4.404648006955855
06,9,17,06_17,panelist,med,1,0,0,0,4.334596027113854
06,9,18,06_18,panelist,low,1,0,1,0,4.8390726990253095
06,9,19,06_19,panelist,high,1,1,0,0,4.519706159081146
06,9,20,06_20,panelist,none,1,0,0,1,4.78241004123984
06,9,21,06_21,panelist,med,1,0,0,0,4.418666758163151
06,9,22,06_22,panelist,med,1,0,0,0,4.8908530856505275
06,9,23,06_23,panelist,low,1,0,1,0,4.764932941433937
06,9,24,06_24,panelist,high,1,1,0,0,4.505379187582043
06,10,01,06_01,panelist,high,1,1,0,0,4.15339278658332
06,10,02,06_02,panelist,med,1,0,0,0,4.769864697310717
06,10,03,06_03,panelist,med,1,0,0,0,4.210198504114029
06,10,04,06_04,panelist,low,1,0,1,0,4.113441191328349
06,10,05,06_05,reviewer,med,0,0,0,0,3.793790256758708
06,10,06,06_06,panelist,med,1,0,0,0,4.4351938915012425
06,10,07,06_07,panelist,med,1,0,0,0,3.952757556562989
06,10,08,06_08,panelist,none,1,0,0,1,4.777562079108538
06,10,09,06_09,reviewer,low,0,0,1,0,4.630207731629835
06,10,10,06_10,panelist,low,1,0,1,0,4.573310963391214
06,10,11,06_11,panelist,med,1,0,0,0,3.72508725671748
06,10,12,06_12,panelist,med,1,0,0,0,4.27436225308735
06,10,13,06_13,panelist,high,1,1,0,0,4.668770295386746
06,10,14,06_14,panelist,high,1,1,0,0,4.517178025733024
06,10,15,06_15,panelist,low,1,0,1,0,4.372115712249531
06,10,16,06_16,panelist,none,1,0,0,1,4.430664253700154
06,10,17,06_17,panelist,none,1,0,0,1,4.269750765205851
06,10,18,06_18,reviewer,med,0,0,0,0,4.456353630564097
06,10,19,06_19,panelist,high,1,1,0,0,4.37530399693265
06,10,20,06_20,panelist,none,1,0,0,1,4.542410564475602
06,10,21,06_21,panelist,med,1,0,0,0,4.302518722970744
06,10,22,06_22,panelist,med,1,0,0,0,4.372527888800745
06,10,23,06_23,panelist,high,1,1,0,0,4.168508096021686
06,10,24,06_24,panelist,high,1,1,0,0,3.5942948537556125
06,11,01,06_01,reviewer,med,0,0,0,0,3.767870577764589
06,11,02,06_02,panelist,high,1,1,0,0,4.556337912209814
06,11,03,06_03,panelist,med,1,0,0,0,4.2666482071409435
06,11,04,06_04,panelist,med,1,0,0,0,4.03302395242916
06,11,05,06_05,panelist,high,1,1,0,0,3.787638458209782
06,11,06,06_06,panelist,low,1,0,1,0,4.775524640384115
06,11,07,06_07,panelist,high,1,1,0,0,4.121614663533954
06,11,08,06_08,panelist,low,1,0,1,0,4.475658204155633
06,11,09,06_09,panelist,med,1,0,0,0,4.584226552753462
06,11,10,06_10,panelist,med,1,0,0,0,3.9576406532789314
06,11,11,06_11,panelist,low,1,0,1,0,3.9242569126248763
06,11,12,06_12,reviewer,none,0,0,0,1,4.140460862674401
06,11,13,06_13,panelist,high,1,1,0,0,4.693367768267729
06,11,14,06_14,panelist,med,1,0,0,0,4.333498774164439
06,11,15,06_15,reviewer,med,0,0,0,0,4.030298842180478
06,11,16,06_16,panelist,none,1,0,0,1,4.542810241370614
06,11,17,06_17,panelist,med,1,0,0,0,4.578307703853379
06,11,18,06_18,panelist,none,1,0,0,1,4.489315775096303
06,11,19,06_19,panelist,med,1,0,0,0,3.632573414549195
06,11,20,06_20,panelist,high,1,1,0,0,4.230562973471058
06,11,21,06_21,panelist,med,1,0,0,0,4.253175611217362
06,11,22,06_22,panelist,low,1,0,1,0,3.7382069881958193
06,11,23,06_23,panelist,none,1,0,0,1,4.52846972275886
06,11,24,06_24,panelist,high,1,1,0,0,3.6539379647759316
06,12,01,06_01,panelist,med,1,0,0,0,4.015959235436772
06,12,02,06_02,panelist,high,1,1,0,0,4.692606044930249
06,12,03,06_03,panelist,med,1,0,0,0,3.916281821858506
06,12,04,06_04,reviewer,high,0,1,0,0,4.2530925956715055
06,12,05,06_05,panelist,low,1,0,1,0,4.141652069611387
06,12,06,06_06,reviewer,med,0,0,0,0,4.249748485196859
06,12,07,06_07,reviewer,none,0,0,0,1,4.7846370570611905
06,12,08,06_08,panelist,med,1,0,0,0,4.431253929440658
06,12,09,06_09,panelist,med,1,0,0,0,4.435702123737798
06,12,10,06_10,panelist,none,1,0,0,1,4.816813065479904
06,12,11,06_11,panelist,low,1,0,1,0,4.061710416003628
06,12,12,06_12,panelist,med,1,0,0,0,4.550145367335741
06,12,13,06_13,panelist,high,1,1,0,0,4.858902810034038
06,12,14,06_14,panelist,med,1,0,0,0,4.67388149558978
06,12,15,06_15,panelist,high,1,1,0,0,4.202301772949671
06,12,16,06_16,panelist,low,1,0,1,0,4.672392419924575
06,12,17,06_17,panelist,high,1,1,0,0,4.780810552320075
06,12,18,06_18,panelist,med,1,0,0,0,4.292831040931361
06,12,19,06_19,panelist,high,1,1,0,0,4.221725892189255
06,12,20,06_20,panelist,low,1,0,1,0,4.325130432643596
06,12,21,06_21,panelist,med,1,0,0,0,4.737518594809452
06,12,22,06_22,panelist,none,1,0,0,1,4.259168613184891
06,12,23,06_23,panelist,med,1,0,0,0,4.21747429802482
06,12,24,06_24,panelist,none,1,0,0,1,4.57842803576135
06,13,01,06_01,reviewer,med,0,0,0,0,3.960961859354132
06,13,02,06_02,panelist,low,1,0,1,0,4.809435220795243
06,13,03,06_03,panelist,high,1,1,0,0,3.7819011031261645
06,13,04,06_04,panelist,med,1,0,0,0,4.464777290544498
06,13,05,06_05,panelist,none,1,0,0,1,4.7344378464121375
06,13,06,06_06,reviewer,med,0,0,0,0,4.408616812938796
06,13,07,06_07,panelist,high,1,1,0,0,4.497225171537644
06,13,08,06_08,panelist,low,1,0,1,0,4.7909113571650055
06,13,09,06_09,panelist,high,1,1,0,0,4.673636595084529
06,13,10,06_10,panelist,med,1,0,0,0,4.573234419798281
06,13,11,06_11,panelist,none,1,0,0,1,4.519890038629413
06,13,12,06_12,panelist,med,1,0,0,0,4.723649074722473
06,13,13,06_13,panelist,high,1,1,0,0,4.430969816696622
06,13,14,06_14,panelist,med,1,0,0,0,4.7856289874994316
06,13,15,06_15,panelist,low,1,0,1,0,4.583436529161523
06,13,16,06_16,panelist,med,1,0,0,0,4.595315844973747
06,13,17,06_17,panelist,med,1,0,0,0,4.569506258286584
06,13,18,06_18,panelist,none,1,0,0,1,4.497445740262256
06,13,19,06_19,panelist,high,1,1,0,0,4.158124545917823
06,13,20,06_20,panelist,med,1,0,0,0,4.410293726162263
06,13,21,06_21,reviewer,high,0,1,0,0,4.197200454399568
06,13,22,06_22,panelist,none,1,0,0,1,4.501145733093709
06,13,23,06_23,panelist,low,1,0,1,0,4.690474482801339
06,13,24,06_24,panelist,med,1,0,0,0,4.313583333009637
06,14,01,06_01,reviewer,high,0,1,0,0,4.047581632190187
06,14,02,06_02,panelist,none,1,0,0,1,4.81598560838725
06,14,03,06_03,panelist,none,1,0,0,1,3.971395011131467
06,14,04,06_04,panelist,none,1,0,0,1,4.4584695599090685
06,14,05,06_05,panelist,high,1,1,0,0,3.752194922928734
06,14,06,06_06,reviewer,high,0,1,0,0,4.174344691062484
06,14,07,06_07,panelist,low,1,0,1,0,4.3292763906568
06,14,08,06_08,panelist,low,1,0,1,0,4.18514638613774
06,14,09,06_09,panelist,high,1,1,0,0,4.200969086522782
06,14,10,06_10,panelist,high,1,1,0,0,4.317413900775891
06,14,11,06_11,panelist,med,1,0,0,0,3.68287162380125
06,14,12,06_12,panelist,low,1,0,1,0,4.229804386090531
06,14,13,06_13,panelist,none,1,0,0,1,4.544542468290372
06,14,14,06_14,panelist,med,1,0,0,0,4.088750924407867
06,14,15,06_15,panelist,med,1,0,0,0,3.9253614757330295
06,14,16,06_16,panelist,med,1,0,0,0,4.256762156555497
06,14,17,06_17,reviewer,med,0,0,0,0,4.076318127489269
06,14,18,06_18,panelist,med,1,0,0,0,4.221420195506577
06,14,19,06_19,panelist,med,1,0,0,0,4.02793326639564
06,14,20,06_20,panelist,med,1,0,0,0,4.2419464816249315
06,14,21,06_21,panelist,med,1,0,0,0,4.202216358959785
06,14,22,06_22,panelist,high,1,1,0,0,4.2726588089426905
06,14,23,06_23,panelist,low,1,0,1,0,4.259764628903046
06,14,24,06_24,panelist,med,1,0,0,0,3.8894939002516824
06,15,01,06_01,panelist,med,1,0,0,0,3.7926267661015807
06,15,02,06_02,reviewer,low,0,0,1,0,4.0715400966587545
06,15,03,06_03,panelist,none,1,0,0,1,3.961276684048949
06,15,04,06_04,panelist,med,1,0,0,0,3.7869943237487353
06,15,05,06_05,panelist,none,1,0,0,1,3.787920354571774
06,15,06,06_06,panelist,med,1,0,0,0,4.169430455452625
06,15,07,06_07,panelist,none,1,0,0,1,3.7227556272864972
06,15,08,06_08,panelist,high,1,1,0,0,4.039837593482037
06,15,09,06_09,panelist,high,1,1,0,0,4.373272807766641
06,15,10,06_10,panelist,low,1,0,1,0,4.205499668018963
06,15,11,06_11,panelist,med,1,0,0,0,3.6344992697029306
06,15,12,06_12,panelist,high,1,1,0,0,3.8328032797742835
06,15,13,06_13,reviewer,none,0,0,0,1,4.387712710692239
06,15,14,06_14,panelist,med,1,0,0,0,4.39704587758724
06,15,15,06_15,panelist,med,1,0,0,0,3.8123107913435716
06,15,16,06_16,panelist,low,1,0,1,0,3.9070169843738913
06,15,17,06_17,reviewer,med,0,0,0,0,3.719650491606045
06,15,18,06_18,panelist,high,1,1,0,0,4.0007420390790775
06,15,19,06_19,panelist,med,1,0,0,0,3.7963069166573815
06,15,20,06_20,panelist,high,1,1,0,0,3.9024174157315836
06,15,21,06_21,panelist,low,1,0,1,0,4.403482187540792
06,15,22,06_22,panelist,high,1,1,0,0,3.618039736047014
06,15,23,06_23,panelist,med,1,0,0,0,3.8608276964336112
06,15,24,06_24,panelist,med,1,0,0,0,3.735793084456673
07,1,01,07_01,panelist,low,1,0,1,0,4.343555058401501
07,1,02,07_02,panelist,low,1,0,1,0,4.581053328178673
07,1,03,07_03,reviewer,none,0,0,0,1,3.8155072144632873
07,1,04,07_04,panelist,high,1,1,0,0,4.043394071837516
07,1,05,07_05,panelist,high,1,1,0,0,3.7325552944417635
07,1,06,07_06,panelist,med,1,0,0,0,4.107868035473236
07,1,07,07_07,reviewer,med,0,0,0,0,3.812413653721145
07,1,08,07_08,panelist,high,1,1,0,0,4.302653985080444
07,1,09,07_09,panelist,low,1,0,1,0,4.712831771393343
07,1,10,07_10,panelist,med,1,0,0,0,4.168126295804619
07,1,11,07_11,panelist,low,1,0,1,0,3.7498644313231835
07,1,12,07_12,panelist,none,1,0,0,1,4.450117487526803
07,1,13,07_13,panelist,none,1,0,0,1,4.661486589471987
07,1,14,07_14,panelist,med,1,0,0,0,4.353345998486132
07,1,15,07_15,panelist,high,1,1,0,0,3.7141694634641396
07,1,16,07_16,panelist,none,1,0,0,1,4.407608332087639
07,1,17,07_17,panelist,med,1,0,0,0,4.191724274908582
07,1,18,07_18,panelist,med,1,0,0,0,4.51504445751294
07,1,19,07_19,panelist,high,1,1,0,0,3.5721289582248366
07,1,20,07_20,panelist,med,1,0,0,0,4.394482821777095
07,1,21,07_21,panelist,med,1,0,0,0,4.0025103934119635
07,1,22,07_22,panelist,med,1,0,0,0,4.438881838537313
07,1,23,07_23,reviewer,med,0,0,0,0,4.267140630060828
07,1,24,07_24,panelist,high,1,1,0,0,3.6286659192582404
07,2,01,07_01,panelist,high,1,1,0,0,4.1148520764563585
07,2,02,07_02,panelist,high,1,1,0,0,4.374976810658833
07,2,03,07_03,panelist,med,1,0,0,0,4.218363106254388
07,2,04,07_04,panelist,none,1,0,0,1,4.143480610601793
07,2,05,07_05,panelist,med,1,0,0,0,3.672113830188547
07,2,06,07_06,panelist,med,1,0,0,0,4.451068729651139
07,2,07,07_07,panelist,none,1,0,0,1,4.663401341856698
07,2,08,07_08,panelist,none,1,0,0,1,4.485467285247768
07,2,09,07_09,reviewer,low,0,0,1,0,4.507163126007124
07,2,10,07_10,panelist,high,1,1,0,0,3.8537716107091935
07,2,11,07_11,reviewer,med,0,0,0,0,3.5115779986413576
07,2,12,07_12,panelist,med,1,0,0,0,4.358582454429054
07,2,13,07_13,panelist,med,1,0,0,0,4.562537394988141
07,2,14,07_14,panelist,low,1,0,1,0,4.444682024085131
07,2,15,07_15,panelist,med,1,0,0,0,4.079972903620573
07,2,16,07_16,panelist,med,1,0,0,0,4.0496116254966354
07,2,17,07_17,panelist,med,1,0,0,0,4.498209335764499
07,2,18,07_18,panelist,low,1,0,1,0,4.644910570557173
07,2,19,07_19,panelist,med,1,0,0,0,3.9982061811107847
07,2,20,07_20,panelist,low,1,0,1,0,4.139336068631299
07,2,21,07_21,panelist,high,1,1,0,0,4.209917423505211
07,2,22,07_22,panelist,high,1,1,0,0,4.349260047547472
07,2,23,07_23,reviewer,none,0,0,0,1,4.37317582154622
07,2,24,07_24,panelist,high,1,1,0,0,4.297461647929293
07,3,01,07_01,panelist,low,1,0,1,0,4.139083744392435
07,3,02,07_02,panelist,med,1,0,0,0,4.537126706520344
07,3,03,07_03,reviewer,none,0,0,0,1,3.8034537959423345
07,3,04,07_04,reviewer,med,0,0,0,0,3.8698710195678307
07,3,05,07_05,panelist,med,1,0,0,0,4.1778096751741405
07,3,06,07_06,panelist,med,1,0,0,0,4.483205564273749
07,3,07,07_07,panelist,high,1,1,0,0,3.5712987622738184
07,3,08,07_08,panelist,med,1,0,0,0,4.560424738600732
07,3,09,07_09,panelist,none,1,0,0,1,4.5825530492931605
07,3,10,07_10,panelist,high,1,1,0,0,3.843244553128027
07,3,11,07_11,panelist,none,1,0,0,1,4.213115387744888
07,3,12,07_12,panelist,med,1,0,0,0,4.250847080394175
07,3,13,07_13,panelist,med,1,0,0,0,4.810063037598375
07,3,14,07_14,panelist,med,1,0,0,0,4.372330021418481
07,3,15,07_15,panelist,high,1,1,0,0,4.1884909178748755
07,3,16,07_16,reviewer,high,0,1,0,0,3.768381431087954
07,3,17,07_17,panelist,med,1,0,0,0,3.859670078409863
07,3,18,07_18,panelist,none,1,0,0,1,4.843978712806428
07,3,19,07_19,panelist,high,1,1,0,0,3.7472453561396475
07,3,20,07_20,panelist,low,1,0,1,0,4.0014381348926635
07,3,21,07_21,panelist,med,1,0,0,0,4.30715811844641
07,3,22,07_22,panelist,high,1,1,0,0,4.095888482524222
07,3,23,07_23,panelist,low,1,0,1,0,4.324563201353134
07,3,24,07_24,panelist,low,1,0,1,0,4.171854978195182
07,4,01,07_01,panelist,none,1,0,0,1,4.006679035784227
07,4,02,07_02,panelist,low,1,0,1,0,4.623089764318706
07,4,03,07_03,panelist,low,1,0,1,0,4.04322016317694
07,4,04,07_04,reviewer,high,0,1,0,0,3.6403216251699817
07,4,05,07_05,panelist,med,1,0,0,0,4.2607004965525554
07,4,06,07_06,panelist,high,1,1,0,0,4.509123439948401
07,4,07,07_07,panelist,high,1,1,0,0,4.19855400474316
07,4,08,07_08,panelist,med,1,0,0,0,4.670457978524076
07,4,09,07_09,panelist,med,1,0,0,0,4.65504842178439
07,4,10,07_10,panelist,high,1,1,0,0,4.231577262986518
07,4,11,07_11,panelist,med,1,0,0,0,4.263089099823388
07,4,12,07_12,panelist,med,1,0,0,0,4.206743409418426
07,4,13,07_13,panelist,med,1,0,0,0,4.876704143825475
07,4,14,07_14,panelist,none,1,0,0,1,4.8725324242061125
07,4,15,07_15,panelist,none,1,0,0,1,4.255086489032771
07,4,16,07_16,reviewer,med,0,0,0,0,3.9595346278432046
07,4,17,07_17,panelist,low,1,0,1,0,4.416110756305666
07,4,18,07_18,panelist,high,1,1,0,0,3.9372977220790237
07,4,19,07_19,reviewer,med,0,0,0,0,3.761264643792464
07,4,20,07_20,panelist,med,1,0,0,0,4.466855058745952
07,4,21,07_21,panelist,none,1,0,0,1,4.85949480583202
07,4,22,07_22,panelist,low,1,0,1,0,4.305143931656808
07,4,23,07_23,panelist,high,1,1,0,0,3.966865948052935
07,4,24,07_24,panelist,med,1,0,0,0,3.9704685301676577
07,5,01,07_01,panelist,med,1,0,0,0,3.760936833210319
07,5,02,07_02,panelist,med,1,0,0,0,4.2422291651390935
07,5,03,07_03,panelist,high,1,1,0,0,3.571453506063326
07,5,04,07_04,reviewer,med,0,0,0,0,3.6776034960557653
07,5,05,07_05,panelist,med,1,0,0,0,3.8462615375606326
07,5,06,07_06,reviewer,low,0,0,1,0,4.348011175247784
07,5,07,07_07,panelist,low,1,0,1,0,4.539271418153935
07,5,08,07_08,panelist,low,1,0,1,0,4.102949507761061
07,5,09,07_09,panelist,none,1,0,0,1,4.758231500327836
07,5,10,07_10,panelist,med,1,0,0,0,4.097377262995735
07,5,11,07_11,panelist,high,1,1,0,0,3.578102173621066
07,5,12,07_12,panelist,high,1,1,0,0,4.057191542088949
07,5,13,07_13,panelist,none,1,0,0,1,4.780255112152347
07,5,14,07_14,panelist,none,1,0,0,1,3.998936252375847
07,5,15,07_15,panelist,low,1,0,1,0,4.254407131848135
07,5,16,07_16,panelist,high,1,1,0,0,4.180746553677707
07,5,17,07_17,panelist,med,1,0,0,0,3.991698767862838
07,5,18,07_18,reviewer,med,0,0,0,0,3.946188846155397
07,5,19,07_19,panelist,med,1,0,0,0,3.6085472040913036
07,5,20,07_20,panelist,none,1,0,0,1,4.287164582439657
07,5,21,07_21,panelist,high,1,1,0,0,4.109213961316786
07,5,22,07_22,panelist,high,1,1,0,0,4.013628214641846
07,5,23,07_23,panelist,med,1,0,0,0,4.032193069311743
07,5,24,07_24,panelist,med,1,0,0,0,3.5261535699966897
07,6,01,07_01,panelist,med,1,0,0,0,4.2197987640202985
07,6,02,07_02,panelist,med,1,0,0,0,4.637303101380195
07,6,03,07_03,panelist,high,1,1,0,0,3.8336279594305673
07,6,04,07_04,panelist,none,1,0,0,1,4.329798755010403
07,6,05,07_05,panelist,med,1,0,0,0,3.8576594031663047
07,6,06,07_06,panelist,med,1,0,0,0,4.180133576119775
07,6,07,07_07,panelist,med,1,0,0,0,4.123088481402541
07,6,08,07_08,reviewer,med,0,0,0,0,4.651348634673669
07,6,09,07_09,panelist,none,1,0,0,1,4.713806074114361
07,6,10,07_10,panelist,med,1,0,0,0,4.555965393952489
07,6,11,07_11,reviewer,high,0,1,0,0,3.759540021709989
07,6,12,07_12,panelist,none,1,0,0,1,4.795946123747484
07,6,13,07_13,panelist,high,1,1,0,0,4.687186219841103
07,6,14,07_14,panelist,high,1,1,0,0,4.514205286704355
07,6,15,07_15,panelist,med,1,0,0,0,4.6957126373155464
07,6,16,07_16,panelist,med,1,0,0,0,4.236987490523861
07,6,17,07_17,panelist,none,1,0,0,1,4.2264286008339775
07,6,18,07_18,panelist,med,1,0,0,0,4.6620745577316836
07,6,19,07_19,reviewer,high,0,1,0,0,4.1534468732898375
07,6,20,07_20,panelist,high,1,1,0,0,4.699504690250639
07,6,21,07_21,panelist,low,1,0,1,0,4.816864579625889
07,6,22,07_22,panelist,low,1,0,1,0,4.647164738821807
07,6,23,07_23,panelist,low,1,0,1,0,4.44140091964289
07,6,24,07_24,panelist,low,1,0,1,0,4.343604044062645
07,7,01,07_01,panelist,high,1,1,0,0,4.46418633738761
07,7,02,07_02,panelist,med,1,0,0,0,4.861494199543784
07,7,03,07_03,panelist,low,1,0,1,0,4.461088735405063
07,7,04,07_04,reviewer,med,0,0,0,0,4.144176698463718
07,7,05,07_05,panelist,high,1,1,0,0,3.9467929511499245
07,7,06,07_06,panelist,med,1,0,0,0,4.56027346297516
07,7,07,07_07,panelist,med,1,0,0,0,4.316998204400919
07,7,08,07_08,panelist,low,1,0,1,0,4.553817279017147
07,7,09,07_09,panelist,high,1,1,0,0,4.52783615044343
07,7,10,07_10,panelist,none,1,0,0,1,4.737215457503075
07,7,11,07_11,panelist,med,1,0,0,0,4.201549073354692
07,7,12,07_12,reviewer,med,0,0,0,0,4.568444324845359
07,7,13,07_13,panelist,none,1,0,0,1,4.704982970843899
07,7,14,07_14,panelist,high,1,1,0,0,4.500379398971661
07,7,15,07_15,panelist,med,1,0,0,0,4.515858112709682
07,7,16,07_16,reviewer,none,0,0,0,1,4.755394811689725
07,7,17,07_17,panelist,none,1,0,0,1,4.7698445695509255
07,7,18,07_18,panelist,low,1,0,1,0,4.6088835112130875
07,7,19,07_19,panelist,high,1,1,0,0,4.089371521283062
07,7,20,07_20,panelist,high,1,1,0,0,4.42689074341351
07,7,21,07_21,panelist,low,1,0,1,0,4.7268785064710475
07,7,22,07_22,panelist,med,1,0,0,0,4.499505173721655
07,7,23,07_23,panelist,med,1,0,0,0,4.588929308086333
07,7,24,07_24,panelist,med,1,0,0,0,4.15390044797521
07,8,01,07_01,panelist,med,1,0,0,0,3.8759192805409266
07,8,02,07_02,panelist,low,1,0,1,0,4.566675272357342
07,8,03,07_03,panelist,med,1,0,0,0,3.9230700866385755
07,8,04,07_04,panelist,med,1,0,0,0,3.540623562071007
07,8,05,07_05,panelist,med,1,0,0,0,3.689076524953521
07,8,06,07_06,reviewer,high,0,1,0,0,3.688815279686592
07,8,07,07_07,panelist,low,1,0,1,0,4.248027715709528
07,8,08,07_08,panelist,none,1,0,0,1,4.394712982456599
07,8,09,07_09,panelist,high,1,1,0,0,4.1558587075535325
07,8,10,07_10,panelist,med,1,0,0,0,4.132140651640304
07,8,11,07_11,panelist,none,1,0,0,1,3.8991433320601896
07,8,12,07_12,panelist,med,1,0,0,0,3.779030315397382
07,8,13,07_13,panelist,none,1,0,0,1,4.225829925727757
07,8,14,07_14,panelist,none,1,0,0,1,4.2240971415440525
07,8,15,07_15,panelist,low,1,0,1,0,3.7471044990840174
07,8,16,07_16,panelist,med,1,0,0,0,4.114307501423747
07,8,17,07_17,panelist,med,1,0,0,0,4.028429563265087
07,8,18,07_18,panelist,med,1,0,0,0,4.121919168236062
07,8,19,07_19,panelist,high,1,1,0,0,3.5849600517220424
07,8,20,07_20,reviewer,low,0,0,1,0,3.9308594731895803
07,8,21,07_21,panelist,high,1,1,0,0,3.955972246745697
07,8,22,07_22,reviewer,high,0,1,0,0,3.6706702858626485
07,8,23,07_23,panelist,high,1,1,0,0,4.196171576474706
07,8,24,07_24,panelist,med,1,0,0,0,3.6402903096709323
07,9,01,07_01,panelist,med,1,0,0,0,4.44226395705626
07,9,02,07_02,panelist,low,1,0,1,0,4.772037586525525
07,9,03,07_03,panelist,med,1,0,0,0,4.446968601866011
07,9,04,07_04,panelist,med,1,0,0,0,4.487720959029513
07,9,05,07_05,panelist,med,1,0,0,0,4.040192728975389
07,9,06,07_06,panelist,med,1,0,0,0,4.635177401941561
07,9,07,07_07,panelist,high,1,1,0,0,3.9287637708920444
07,9,08,07_08,panelist,med,1,0,0,0,4.52719738366231
07,9,09,07_09,panelist,high,1,1,0,0,4.753713583334035
07,9,10,07_10,panelist,none,1,0,0,1,4.512787923214723
07,9,11,07_11,panelist,med,1,0,0,0,4.3361523956849
07,9,12,07_12,panelist,med,1,0,0,0,4.597621254076904
07,9,13,07_13,panelist,high,1,1,0,0,4.6296998655055015
07,9,14,07_14,panelist,none,1,0,0,1,4.736286385693118
07,9,15,07_15,panelist,med,1,0,0,0,4.518188843723485
07,9,16,07_16,panelist,none,1,0,0,1,4.702273703285385
07,9,17,07_17,reviewer,none,0,0,0,1,4.864411961224116
07,9,18,07_18,panelist,low,1,0,1,0,4.795783828019445
07,9,19,07_19,panelist,high,1,1,0,0,4.3139194764073014
07,9,20,07_20,panelist,high,1,1,0,0,4.134878044749196
07,9,21,07_21,reviewer,high,0,1,0,0,4.391867851086043
07,9,22,07_22,panelist,low,1,0,1,0,4.81969585158395
07,9,23,07_23,reviewer,low,0,0,1,0,4.415351897234167
07,9,24,07_24,panelist,med,1,0,0,0,4.387639698491774
07,10,01,07_01,panelist,low,1,0,1,0,4.081735257389886
07,10,02,07_02,reviewer,med,0,0,0,0,4.382193028633805
07,10,03,07_03,panelist,med,1,0,0,0,3.696671928899126
07,10,04,07_04,panelist,med,1,0,0,0,4.161445013762623
07,10,05,07_05,panelist,none,1,0,0,1,4.173810172824572
07,10,06,07_06,panelist,high,1,1,0,0,4.282288075571235
07,10,07,07_07,panelist,med,1,0,0,0,3.9382776327112943
07,10,08,07_08,panelist,high,1,1,0,0,4.056628437110288
07,10,09,07_09,reviewer,none,0,0,0,1,4.538287986665687
07,10,10,07_10,panelist,med,1,0,0,0,4.115126634957463
07,10,11,07_11,panelist,high,1,1,0,0,4.012323484282408
07,10,12,07_12,panelist,low,1,0,1,0,4.197356215425113
07,10,13,07_13,panelist,med,1,0,0,0,4.640352701670708
07,10,14,07_14,panelist,med,1,0,0,0,4.305347094736043
07,10,15,07_15,panelist,low,1,0,1,0,4.425593493178749
07,10,16,07_16,panelist,none,1,0,0,1,4.1382008978137295
07,10,17,07_17,panelist,none,1,0,0,1,4.42675276958043
07,10,18,07_18,panelist,med,1,0,0,0,4.504674677866409
07,10,19,07_19,panelist,high,1,1,0,0,3.9705450865284293
07,10,20,07_20,panelist,high,1,1,0,0,4.009650269596551
07,10,21,07_21,panelist,med,1,0,0,0,4.567436851898472
07,10,22,07_22,panelist,high,1,1,0,0,4.017038508749878
07,10,23,07_23,reviewer,low,0,0,1,0,4.0465582040548576
07,10,24,07_24,panelist,med,1,0,0,0,3.5962858803417475
07,11,01,07_01,panelist,med,1,0,0,0,3.8076801438780103
07,11,02,07_02,panelist,low,1,0,1,0,4.411600949657552
07,11,03,07_03,panelist,med,1,0,0,0,3.7667254516059057
07,11,04,07_04,reviewer,none,0,0,0,1,4.124203946934606
07,11,05,07_05,panelist,high,1,1,0,0,3.7619187310525293
07,11,06,07_06,panelist,med,1,0,0,0,4.445608108262423
07,11,07,07_07,panelist,med,1,0,0,0,3.8980793702949206
07,11,08,07_08,panelist,high,1,1,0,0,4.290620436457602
07,11,09,07_09,panelist,none,1,0,0,1,4.579209349492496
07,11,10,07_10,panelist,high,1,1,0,0,4.199972016944966
07,11,11,07_11,panelist,med,1,0,0,0,3.817027865075362
07,11,12,07_12,panelist,med,1,0,0,0,3.8663073507743766
07,11,13,07_13,panelist,low,1,0,1,0,4.216601358607704
07,11,14,07_14,panelist,high,1,1,0,0,3.777642189394781
07,11,15,07_15,panelist,high,1,1,0,0,4.60440224440445
07,11,16,07_16,panelist,high,1,1,0,0,3.8158462535339295
07,11,17,07_17,panelist,med,1,0,0,0,4.119450499265312
07,11,18,07_18,panelist,low,1,0,1,0,4.576246177329961
07,11,19,07_19,panelist,low,1,0,1,0,3.860050856950027
07,11,20,07_20,panelist,none,1,0,0,1,4.7901055166536635
07,11,21,07_21,panelist,med,1,0,0,0,3.957081516345491
07,11,22,07_22,reviewer,none,0,0,0,1,4.298749638000401
07,11,23,07_23,reviewer,med,0,0,0,0,3.701487082429053
07,11,24,07_24,panelist,med,1,0,0,0,4.054759256091976
07,12,01,07_01,panelist,none,1,0,0,1,3.9036715104037225
07,12,02,07_02,panelist,med,1,0,0,0,4.582563208733277
07,12,03,07_03,panelist,high,1,1,0,0,3.6345228673923047
07,12,04,07_04,panelist,low,1,0,1,0,4.124225955296039
07,12,05,07_05,reviewer,high,0,1,0,0,3.661359285028706
07,12,06,07_06,panelist,med,1,0,0,0,4.141765460843076
07,12,07,07_07,panelist,med,1,0,0,0,4.155506708212657
07,12,08,07_08,panelist,none,1,0,0,1,4.84184304293756
07,12,09,07_09,panelist,high,1,1,0,0,4.471678112784556
07,12,10,07_10,panelist,high,1,1,0,0,4.290346909320079
07,12,11,07_11,panelist,med,1,0,0,0,3.86291045038673
07,12,12,07_12,panelist,med,1,0,0,0,4.312744837140829
07,12,13,07_13,panelist,med,1,0,0,0,4.253657158009312
07,12,14,07_14,panelist,none,1,0,0,1,4.805293477832038
07,12,15,07_15,panelist,low,1,0,1,0,4.61923409793553
07,12,16,07_16,reviewer,none,0,0,0,1,4.2801242928830865
07,12,17,07_17,panelist,med,1,0,0,0,4.062178001542384
07,12,18,07_18,panelist,high,1,1,0,0,3.9109018224869367
07,12,19,07_19,panelist,med,1,0,0,0,4.220512473904234
07,12,20,07_20,panelist,low,1,0,1,0,4.523301251978513
07,12,21,07_21,panelist,med,1,0,0,0,4.287388945685862
07,12,22,07_22,reviewer,high,0,1,0,0,4.080979470827286
07,12,23,07_23,panelist,low,1,0,1,0,4.618989464995687
07,12,24,07_24,panelist,med,1,0,0,0,4.252387139274236
07,13,01,07_01,panelist,med,1,0,0,0,4.297024321274715
07,13,02,07_02,panelist,none,1,0,0,1,4.6586543179027675
07,13,03,07_03,panelist,high,1,1,0,0,3.858666049026748
07,13,04,07_04,reviewer,med,0,0,0,0,3.8094341833745475
07,13,05,07_05,panelist,high,1,1,0,0,4.163923258762001
07,13,06,07_06,panelist,low,1,0,1,0,4.401293311301925
07,13,07,07_07,panelist,high,1,1,0,0,3.7497420092769604
07,13,08,07_08,panelist,high,1,1,0,0,4.525184630444283
07,13,09,07_09,panelist,low,1,0,1,0,4.88414128069873
07,13,10,07_10,panelist,med,1,0,0,0,4.282347988461152
07,13,11,07_11,reviewer,none,0,0,0,1,4.154926757430773
07,13,12,07_12,panelist,med,1,0,0,0,4.528806370649282
07,13,13,07_13,panelist,low,1,0,1,0,4.685281327917788
07,13,14,07_14,panelist,none,1,0,0,1,4.687776424063902
07,13,15,07_15,panelist,med,1,0,0,0,4.695621043166611
07,13,16,07_16,panelist,med,1,0,0,0,4.425766692365917
07,13,17,07_17,panelist,med,1,0,0,0,4.5847888872856615
07,13,18,07_18,panelist,high,1,1,0,0,4.283367382504765
07,13,19,07_19,reviewer,high,0,1,0,0,4.158707334263266
07,13,20,07_20,panelist,none,1,0,0,1,4.739186512183989
07,13,21,07_21,panelist,low,1,0,1,0,4.65625988347422
07,13,22,07_22,panelist,med,1,0,0,0,4.389210237521147
07,13,23,07_23,panelist,med,1,0,0,0,4.54931182348244
07,13,24,07_24,panelist,med,1,0,0,0,4.115721696843994
07,14,01,07_01,panelist,med,1,0,0,0,3.9280858377788412
07,14,02,07_02,panelist,none,1,0,0,1,4.797670169717743
07,14,03,07_03,panelist,high,1,1,0,0,3.8203361503894957
07,14,04,07_04,panelist,med,1,0,0,0,4.054946650756145
07,14,05,07_05,panelist,none,1,0,0,1,3.956220477055531
07,14,06,07_06,reviewer,high,0,1,0,0,4.024271889412898
07,14,07,07_07,panelist,high,1,1,0,0,3.7293707990985316
07,14,08,07_08,panelist,med,1,0,0,0,4.292146977601373
07,14,09,07_09,panelist,none,1,0,0,1,4.2864120022634475
07,14,10,07_10,reviewer,low,0,0,1,0,3.8635202025081923
07,14,11,07_11,panelist,low,1,0,1,0,3.714429568894108
07,14,12,07_12,panelist,med,1,0,0,0,4.257745464614299
07,14,13,07_13,panelist,med,1,0,0,0,4.358943528452678
07,14,14,07_14,reviewer,med,0,0,0,0,4.113001503696876
07,14,15,07_15,panelist,none,1,0,0,1,4.290124315643244
07,14,16,07_16,panelist,low,1,0,1,0,4.309806901671724
07,14,17,07_17,panelist,med,1,0,0,0,4.326054985002196
07,14,18,07_18,panelist,med,1,0,0,0,3.974043271803748
07,14,19,07_19,panelist,high,1,1,0,0,3.6842388567629816
07,14,20,07_20,panelist,high,1,1,0,0,4.352429009327354
07,14,21,07_21,panelist,med,1,0,0,0,4.1566814592716606
07,14,22,07_22,panelist,high,1,1,0,0,3.749488870519419
07,14,23,07_23,panelist,low,1,0,1,0,4.338270860089916
07,14,24,07_24,panelist,med,1,0,0,0,3.706227126739221
07,15,01,07_01,panelist,none,1,0,0,1,3.8572536553923165
07,15,02,07_02,panelist,med,1,0,0,0,4.408207439477577
07,15,03,07_03,panelist,high,1,1,0,0,3.7314120810276465
07,15,04,07_04,panelist,high,1,1,0,0,3.5845260468179654
07,15,05,07_05,reviewer,none,0,0,0,1,3.61358829616774
07,15,06,07_06,panelist,med,1,0,0,0,4.046068077136693
07,15,07,07_07,panelist,low,1,0,1,0,3.989838866384178
07,15,08,07_08,panelist,high,1,1,0,0,4.054706244652945
07,15,09,07_09,panelist,low,1,0,1,0,4.491279193024809
07,15,10,07_10,panelist,med,1,0,0,0,3.806633528132442
07,15,11,07_11,panelist,med,1,0,0,0,3.5401942221755327
07,15,12,07_12,panelist,med,1,0,0,0,3.6262122773124594
07,15,13,07_13,panelist,med,1,0,0,0,4.139207171136865
07,15,14,07_14,panelist,med,1,0,0,0,3.983447016852914
07,15,15,07_15,panelist,none,1,0,0,1,4.1633135442201965
07,15,16,07_16,panelist,high,1,1,0,0,3.6568948035828575
07,15,17,07_17,panelist,low,1,0,1,0,3.6882074234236737
07,15,18,07_18,panelist,low,1,0,1,0,3.955558994479688
07,15,19,07_19,panelist,med,1,0,0,0,3.6708993313351335
07,15,20,07_20,reviewer,high,0,1,0,0,3.94496155940769
07,15,21,07_21,panelist,high,1,1,0,0,3.7616277587563944
07,15,22,07_22,panelist,med,1,0,0,0,4.226373424749656
07,15,23,07_23,reviewer,none,0,0,0,1,3.737558824778571
07,15,24,07_24,panelist,med,1,0,0,0,3.743528735576635
08,1,01,08_01,panelist,low,1,0,1,0,4.610122203197364
08,1,02,08_02,panelist,none,1,0,0,1,4.784167254589675
08,1,03,08_03,panelist,low,1,0,1,0,4.189269008416866
08,1,04,08_04,panelist,high,1,1,0,0,3.730080135212475
08,1,05,08_05,panelist,med,1,0,0,0,3.8441339901112848
08,1,06,08_06,panelist,none,1,0,0,1,4.613927054556387
08,1,07,08_07,panelist,high,1,1,0,0,3.661688884437657
08,1,08,08_08,panelist,med,1,0,0,0,4.480099066355306
08,1,09,08_09,panelist,low,1,0,1,0,4.355551820426449
08,1,10,08_10,panelist,med,1,0,0,0,4.08866472526364
08,1,11,08_11,panelist,high,1,1,0,0,3.696890389690113
08,1,12,08_12,panelist,med,1,0,0,0,4.1435861935137694
08,1,13,08_13,panelist,high,1,1,0,0,4.258671297848696
08,1,14,08_14,panelist,med,1,0,0,0,4.402654018134081
08,1,15,08_15,panelist,med,1,0,0,0,4.072932819849772
08,1,16,08_16,panelist,none,1,0,0,1,4.596953458185561
08,1,17,08_17,reviewer,none,0,0,0,1,4.255250238281435
08,1,18,08_18,panelist,med,1,0,0,0,4.1668843368464845
08,1,19,08_19,panelist,low,1,0,1,0,3.886837984303391
08,1,20,08_20,panelist,med,1,0,0,0,4.559485619521439
08,1,21,08_21,panelist,high,1,1,0,0,4.206934571469905
08,1,22,08_22,reviewer,med,0,0,0,0,3.9823443388132875
08,1,23,08_23,reviewer,high,0,1,0,0,4.4986806620505115
08,1,24,08_24,panelist,med,1,0,0,0,4.082502072368552
08,2,01,08_01,panelist,low,1,0,1,0,4.143106787298361
08,2,02,08_02,panelist,med,1,0,0,0,4.282452563872726
08,2,03,08_03,panelist,high,1,1,0,0,3.5936672099824394
08,2,04,08_04,panelist,med,1,0,0,0,4.453950507973579
08,2,05,08_05,panelist,med,1,0,0,0,3.8029920632511898
08,2,06,08_06,panelist,none,1,0,0,1,4.785331956131718
08,2,07,08_07,panelist,med,1,0,0,0,4.357245183830827
08,2,08,08_08,panelist,high,1,1,0,0,4.261634585408473
08,2,09,08_09,panelist,med,1,0,0,0,4.869855018436531
08,2,10,08_10,panelist,none,1,0,0,1,4.528489442902271
08,2,11,08_11,reviewer,high,0,1,0,0,3.836490263793073
08,2,12,08_12,reviewer,none,0,0,0,1,4.199154539825989
08,2,13,08_13,panelist,med,1,0,0,0,4.561380223888944
08,2,14,08_14,panelist,med,1,0,0,0,4.171469200054061
08,2,15,08_15,panelist,med,1,0,0,0,4.081231114332065
08,2,16,08_16,panelist,med,1,0,0,0,3.8305528255968615
08,2,17,08_17,panelist,low,1,0,1,0,4.571337803979857
08,2,18,08_18,panelist,none,1,0,0,1,4.270923076132045
08,2,19,08_19,reviewer,med,0,0,0,0,4.0357254837356455
08,2,20,08_20,panelist,low,1,0,1,0,4.844054007510539
08,2,21,08_21,panelist,high,1,1,0,0,3.951401775303529
08,2,22,08_22,panelist,low,1,0,1,0,4.585079980459546
08,2,23,08_23,panelist,high,1,1,0,0,4.077727279444001
08,2,24,08_24,panelist,high,1,1,0,0,3.922860546965804
08,3,01,08_01,panelist,med,1,0,0,0,3.8292430640384496
08,3,02,08_02,panelist,med,1,0,0,0,4.408611684059169
08,3,03,08_03,panelist,med,1,0,0,0,4.327388634555362
08,3,04,08_04,panelist,med,1,0,0,0,3.754095995391163
08,3,05,08_05,panelist,med,1,0,0,0,3.6297920557027386
08,3,06,08_06,panelist,none,1,0,0,1,4.064816250169945
08,3,07,08_07,panelist,low,1,0,1,0,3.986569901829146
08,3,08,08_08,panelist,high,1,1,0,0,3.919934535597784
08,3,09,08_09,reviewer,high,0,1,0,0,4.487002864717745
08,3,10,08_10,panelist,high,1,1,0,0,3.933448207206232
08,3,11,08_11,panelist,med,1,0,0,0,3.855565116847774
08,3,12,08_12,panelist,high,1,1,0,0,3.9012688130599456
08,3,13,08_13,reviewer,low,0,0,1,0,4.3431801057829675
08,3,14,08_14,panelist,none,1,0,0,1,4.06155498746698
08,3,15,08_15,panelist,none,1,0,0,1,4.666726953322649
08,3,16,08_16,panelist,high,1,1,0,0,4.1193794261742545
08,3,17,08_17,panelist,med,1,0,0,0,4.348354906302229
08,3,18,08_18,panelist,none,1,0,0,1,4.3124459254473475
08,3,19,08_19,panelist,med,1,0,0,0,3.9637394764810234
08,3,20,08_20,panelist,low,1,0,1,0,4.057383954149588
08,3,21,08_21,panelist,high,1,1,0,0,4.330499610670565
08,3,22,08_22,panelist,med,1,0,0,0,4.466600935513731
08,3,23,08_23,reviewer,low,0,0,1,0,4.04779932421273
08,3,24,08_24,panelist,med,1,0,0,0,3.9993941418707273
08,4,01,08_01,panelist,high,1,1,0,0,3.8714380785322136
08,4,02,08_02,panelist,none,1,0,0,1,4.677268485941047
08,4,03,08_03,panelist,low,1,0,1,0,3.652987977942582
08,4,04,08_04,panelist,med,1,0,0,0,4.067598406660663
08,4,05,08_05,reviewer,high,0,1,0,0,3.8458466010565955
08,4,06,08_06,panelist,low,1,0,1,0,4.4458640286225934
08,4,07,08_07,panelist,med,1,0,0,0,4.019538667669588
08,4,08,08_08,panelist,med,1,0,0,0,4.440931309613997
08,4,09,08_09,panelist,low,1,0,1,0,4.593441832691089
08,4,10,08_10,panelist,med,1,0,0,0,3.983433985988276
08,4,11,08_11,panelist,high,1,1,0,0,4.095717085091075
08,4,12,08_12,reviewer,med,0,0,0,0,4.148833923268792
08,4,13,08_13,panelist,high,1,1,0,0,4.760257122668326
08,4,14,08_14,reviewer,none,0,0,0,1,4.222445880085594
08,4,15,08_15,panelist,med,1,0,0,0,4.199621282218516
08,4,16,08_16,panelist,high,1,1,0,0,4.5116355040037925
08,4,17,08_17,panelist,none,1,0,0,1,4.207115538423233
08,4,18,08_18,panelist,none,1,0,0,1,4.36823217789253
08,4,19,08_19,panelist,med,1,0,0,0,4.436722725027982
08,4,20,08_20,panelist,low,1,0,1,0,4.246187600641117
08,4,21,08_21,panelist,med,1,0,0,0,4.8055887377362305
08,4,22,08_22,panelist,med,1,0,0,0,4.180585940193409
08,4,23,08_23,panelist,med,1,0,0,0,4.736724706113035
08,4,24,08_24,panelist,high,1,1,0,0,3.7566542384957144
08,5,01,08_01,reviewer,high,0,1,0,0,3.586532883065432
08,5,02,08_02,panelist,med,1,0,0,0,4.499723342701442
08,5,03,08_03,panelist,none,1,0,0,1,4.069785523896326
08,5,04,08_04,panelist,med,1,0,0,0,3.703300258514959
08,5,05,08_05,panelist,high,1,1,0,0,3.511301524420611
08,5,06,08_06,panelist,none,1,0,0,1,4.310209464044942
08,5,07,08_07,reviewer,low,0,0,1,0,3.819090963842258
08,5,08,08_08,reviewer,med,0,0,0,0,4.064354453055191
08,5,09,08_09,panelist,med,1,0,0,0,4.491978227956263
08,5,10,08_10,panelist,med,1,0,0,0,3.94891346713243
08,5,11,08_11,panelist,low,1,0,1,0,4.005744537944824
08,5,12,08_12,panelist,med,1,0,0,0,3.779395366656919
08,5,13,08_13,panelist,high,1,1,0,0,4.1199447861712715
08,5,14,08_14,panelist,low,1,0,1,0,4.000184919545911
08,5,15,08_15,panelist,med,1,0,0,0,4.046507836368768
08,5,16,08_16,panelist,none,1,0,0,1,4.049127786284183
08,5,17,08_17,panelist,high,1,1,0,0,4.019015312192732
08,5,18,08_18,panelist,high,1,1,0,0,4.052641577780994
08,5,19,08_19,panelist,low,1,0,1,0,3.8542137126404064
08,5,20,08_20,panelist,med,1,0,0,0,4.100579462830262
08,5,21,08_21,panelist,high,1,1,0,0,4.451350911562389
08,5,22,08_22,panelist,med,1,0,0,0,4.024097310487676
08,5,23,08_23,panelist,none,1,0,0,1,4.657303365223506
08,5,24,08_24,panelist,med,1,0,0,0,3.8631178920670983
08,6,01,08_01,panelist,med,1,0,0,0,4.27498347612222
08,6,02,08_02,panelist,low,1,0,1,0,4.731867912123568
08,6,03,08_03,panelist,med,1,0,0,0,3.795047316766177
08,6,04,08_04,panelist,med,1,0,0,0,4.395740353477428
08,6,05,08_05,reviewer,med,0,0,0,0,3.707082638010261
08,6,06,08_06,panelist,med,1,0,0,0,4.463737128853194
08,6,07,08_07,panelist,none,1,0,0,1,4.382493832189672
08,6,08,08_08,panelist,high,1,1,0,0,4.300143759507937
08,6,09,08_09,reviewer,med,0,0,0,0,4.85822660055009
08,6,10,08_10,panelist,none,1,0,0,1,4.456216717683234
08,6,11,08_11,panelist,med,1,0,0,0,3.5703577829172057
08,6,12,08_12,panelist,none,1,0,0,1,4.869604891769738
08,6,13,08_13,panelist,med,1,0,0,0,4.520791817097539
08,6,14,08_14,panelist,med,1,0,0,0,4.556222580808457
08,6,15,08_15,panelist,high,1,1,0,0,4.365087174575743
08,6,16,08_16,panelist,low,1,0,1,0,4.618632696203985
08,6,17,08_17,panelist,low,1,0,1,0,4.648171903480636
08,6,18,08_18,panelist,high,1,1,0,0,4.417372538791588
08,6,19,08_19,panelist,med,1,0,0,0,4.068047195745166
08,6,20,08_20,panelist,high,1,1,0,0,4.348945682662604
08,6,21,08_21,reviewer,high,0,1,0,0,4.094308175106286
08,6,22,08_22,panelist,high,1,1,0,0,4.390748918634487
08,6,23,08_23,panelist,low,1,0,1,0,4.818092450250031
08,6,24,08_24,panelist,none,1,0,0,1,4.098258175480689
08,7,01,08_01,panelist,low,1,0,1,0,4.452341517180821
08,7,02,08_02,reviewer,high,0,1,0,0,4.7836307300357195
08,7,03,08_03,panelist,med,1,0,0,0,4.233408468241502
08,7,04,08_04,panelist,med,1,0,0,0,4.236518769267879
08,7,05,08_05,panelist,none,1,0,0,1,4.636999449272269
08,7,06,08_06,reviewer,high,0,1,0,0,4.136095102738761
08,7,07,08_07,panelist,high,1,1,0,0,4.328963315558541
08,7,08,08_08,panelist,high,1,1,0,0,4.748990024987849
08,7,09,08_09,panelist,med,1,0,0,0,4.723688716223014
08,7,10,08_10,panelist,med,1,0,0,0,4.456106982534306
08,7,11,08_11,panelist,none,1,0,0,1,4.302143198050887
08,7,12,08_12,panelist,none,1,0,0,1,4.613319294714862
08,7,13,08_13,panelist,med,1,0,0,0,4.784823939518418
08,7,14,08_14,panelist,med,1,0,0,0,4.672970848214558
08,7,15,08_15,reviewer,med,0,0,0,0,4.240416315856861
08,7,16,08_16,panelist,high,1,1,0,0,4.5972798318171195
08,7,17,08_17,panelist,high,1,1,0,0,4.4806951923947125
08,7,18,08_18,panelist,none,1,0,0,1,4.746982021493344
08,7,19,08_19,panelist,low,1,0,1,0,4.490861969342044
08,7,20,08_20,panelist,med,1,0,0,0,4.193512710551712
08,7,21,08_21,panelist,low,1,0,1,0,4.60057620556483
08,7,22,08_22,panelist,med,1,0,0,0,4.876895926245575
08,7,23,08_23,panelist,med,1,0,0,0,4.841493224189145
08,7,24,08_24,panelist,low,1,0,1,0,4.565380191489383
08,8,01,08_01,reviewer,med,0,0,0,0,3.9278354516528267
08,8,02,08_02,reviewer,high,0,1,0,0,3.9606997924037906
08,8,03,08_03,panelist,high,1,1,0,0,3.635646874557537
08,8,04,08_04,reviewer,high,0,1,0,0,3.572809860264941
08,8,05,08_05,panelist,low,1,0,1,0,3.744134040015101
08,8,06,08_06,panelist,none,1,0,0,1,4.281894942675798
08,8,07,08_07,panelist,med,1,0,0,0,3.604584495028784
08,8,08,08_08,panelist,med,1,0,0,0,4.0421478194536915
08,8,09,08_09,panelist,low,1,0,1,0,4.554891331441566
08,8,10,08_10,panelist,low,1,0,1,0,4.019425198433056
08,8,11,08_11,panelist,none,1,0,0,1,3.695720593514657
08,8,12,08_12,panelist,med,1,0,0,0,4.051391043155092
08,8,13,08_13,panelist,high,1,1,0,0,4.397274681217446
08,8,14,08_14,panelist,med,1,0,0,0,4.116261138182313
08,8,15,08_15,panelist,high,1,1,0,0,3.9219232181694657
08,8,16,08_16,panelist,low,1,0,1,0,4.037502437134148
08,8,17,08_17,panelist,med,1,0,0,0,3.851311939716007
08,8,18,08_18,panelist,med,1,0,0,0,3.9408577910403833
08,8,19,08_19,panelist,med,1,0,0,0,3.8812517542718115
08,8,20,08_20,panelist,none,1,0,0,1,4.345140564322278
08,8,21,08_21,panelist,med,1,0,0,0,4.210102465392514
08,8,22,08_22,panelist,med,1,0,0,0,3.6031686992404195
08,8,23,08_23,panelist,high,1,1,0,0,3.7776144922472854
08,8,24,08_24,panelist,none,1,0,0,1,3.9421950846357787
08,9,01,08_01,panelist,high,1,1,0,0,4.267652736264128
08,9,02,08_02,reviewer,high,0,1,0,0,4.700737027802435
08,9,03,08_03,panelist,low,1,0,1,0,4.448281224376061
08,9,04,08_04,panelist,med,1,0,0,0,4.131954995350076
08,9,05,08_05,panelist,none,1,0,0,1,4.38942087075237
08,9,06,08_06,panelist,none,1,0,0,1,4.79190040726541
08,9,07,08_07,panelist,none,1,0,0,1,4.83670105539848
08,9,08,08_08,panelist,high,1,1,0,0,4.752640943727759
08,9,09,08_09,panelist,med,1,0,0,0,4.515554442240737
08,9,10,08_10,panelist,low,1,0,1,0,4.213294896670178
08,9,11,08_11,panelist,med,1,0,0,0,4.140619940565706
08,9,12,08_12,panelist,med,1,0,0,0,4.500467356455005
08,9,13,08_13,panelist,high,1,1,0,0,4.785037379343953
08,9,14,08_14,panelist,med,1,0,0,0,4.237137755939275
08,9,15,08_15,panelist,low,1,0,1,0,4.877791363345974
08,9,16,08_16,panelist,med,1,0,0,0,4.883902680260752
08,9,17,08_17,panelist,high,1,1,0,0,4.380178278733581
08,9,18,08_18,panelist,none,1,0,0,1,4.8317535775519085
08,9,19,08_19,reviewer,high,0,1,0,0,4.051867268221806
08,9,20,08_20,reviewer,med,0,0,0,0,3.9232145765538506
08,9,21,08_21,panelist,med,1,0,0,0,4.283856676135222
08,9,22,08_22,panelist,med,1,0,0,0,4.7573809401255325
08,9,23,08_23,panelist,low,1,0,1,0,4.532958415045646
08,9,24,08_24,panelist,med,1,0,0,0,4.60722630176109
08,10,01,08_01,panelist,med,1,0,0,0,4.007073697422482
08,10,02,08_02,panelist,med,1,0,0,0,4.590090885250398
08,10,03,08_03,panelist,med,1,0,0,0,3.818209135321013
08,10,04,08_04,panelist,high,1,1,0,0,3.7118842422876157
08,10,05,08_05,panelist,high,1,1,0,0,4.039287257723237
08,10,06,08_06,panelist,med,1,0,0,0,4.232206603217053
08,10,07,08_07,panelist,none,1,0,0,1,3.9789867576795506
08,10,08,08_08,panelist,high,1,1,0,0,4.332561300976664
08,10,09,08_09,reviewer,med,0,0,0,0,4.460006112212991
08,10,10,08_10,panelist,high,1,1,0,0,3.5491486162825243
08,10,11,08_11,panelist,high,1,1,0,0,3.625806629644415
08,10,12,08_12,panelist,high,1,1,0,0,4.226888990196691
08,10,13,08_13,panelist,none,1,0,0,1,4.870077946349479
08,10,14,08_14,panelist,none,1,0,0,1,4.305599557193596
08,10,15,08_15,panelist,low,1,0,1,0,4.640501745509623
08,10,16,08_16,panelist,med,1,0,0,0,4.261435851589321
08,10,17,08_17,panelist,med,1,0,0,0,4.380648659063828
08,10,18,08_18,panelist,low,1,0,1,0,4.200388922997714
08,10,19,08_19,panelist,none,1,0,0,1,4.313371427436695
08,10,20,08_20,panelist,med,1,0,0,0,4.40507499639144
08,10,21,08_21,reviewer,low,0,0,1,0,4.034327066689596
08,10,22,08_22,panelist,med,1,0,0,0,4.258307618972286
08,10,23,08_23,panelist,med,1,0,0,0,3.6791693169773447
08,10,24,08_24,reviewer,low,0,0,1,0,3.6352885434381825
08,11,01,08_01,panelist,med,1,0,0,0,3.8554107908561495
08,11,02,08_02,panelist,high,1,1,0,0,4.134796850858954
08,11,03,08_03,reviewer,high,0,1,0,0,3.6984313969605345
08,11,04,08_04,panelist,none,1,0,0,1,3.846782535422798
08,11,05,08_05,panelist,med,1,0,0,0,3.858839036585552
08,11,06,08_06,panelist,high,1,1,0,0,4.054427013283989
08,11,07,08_07,panelist,med,1,0,0,0,3.949523688889877
08,11,08,08_08,panelist,high,1,1,0,0,4.07041851074272
08,11,09,08_09,panelist,low,1,0,1,0,4.8630784731994545
08,11,10,08_10,panelist,high,1,1,0,0,4.170384205937625
08,11,11,08_11,panelist,med,1,0,0,0,3.778745231121273
08,11,12,08_12,panelist,low,1,0,1,0,4.191347354756139
08,11,13,08_13,panelist,med,1,0,0,0,4.058888734745216
08,11,14,08_14,panelist,low,1,0,1,0,4.14019936548352
08,11,15,08_15,panelist,med,1,0,0,0,3.958332635025767
08,11,16,08_16,reviewer,med,0,0,0,0,3.77226004616088
08,11,17,08_17,panelist,high,1,1,0,0,3.9660979058746006
08,11,18,08_18,reviewer,none,0,0,0,1,4.132469743462085
08,11,19,08_19,panelist,low,1,0,1,0,4.176551163502086
08,11,20,08_20,panelist,med,1,0,0,0,4.2004106248106705
08,11,21,08_21,panelist,none,1,0,0,1,4.297496528316605
08,11,22,08_22,panelist,med,1,0,0,0,4.05405709368414
08,11,23,08_23,panelist,none,1,0,0,1,4.463176146504487
08,11,24,08_24,panelist,med,1,0,0,0,3.7459760828111657
08,12,01,08_01,panelist,high,1,1,0,0,4.0926549277247775
08,12,02,08_02,panelist,med,1,0,0,0,4.434389292607955
08,12,03,08_03,panelist,high,1,1,0,0,3.819788315538436
08,12,04,08_04,reviewer,high,0,1,0,0,3.732071796377653
08,12,05,08_05,panelist,high,1,1,0,0,3.527524766742156
08,12,06,08_06,panelist,med,1,0,0,0,4.375767823461954
08,12,07,08_07,panelist,med,1,0,0,0,3.9294077150302273
08,12,08,08_08,panelist,med,1,0,0,0,4.502026930658181
08,12,09,08_09,panelist,low,1,0,1,0,4.817269138339531
08,12,10,08_10,panelist,med,1,0,0,0,4.03015391472777
08,12,11,08_11,panelist,low,1,0,1,0,3.8279793691040256
08,12,12,08_12,panelist,none,1,0,0,1,3.957474314523578
08,12,13,08_13,panelist,none,1,0,0,1,4.665905624311727
08,12,14,08_14,panelist,high,1,1,0,0,3.987620475350694
08,12,15,08_15,panelist,none,1,0,0,1,4.208380980480267
08,12,16,08_16,panelist,med,1,0,0,0,4.531476645550908
08,12,17,08_17,panelist,med,1,0,0,0,4.1869723215426955
08,12,18,08_18,panelist,none,1,0,0,1,4.680597526947814
08,12,19,08_19,reviewer,med,0,0,0,0,3.9965958956795022
08,12,20,08_20,panelist,low,1,0,1,0,4.341295894141402
08,12,21,08_21,panelist,low,1,0,1,0,4.207218851308475
08,12,22,08_22,panelist,med,1,0,0,0,4.299146502897341
08,12,23,08_23,reviewer,high,0,1,0,0,3.728238270459555
08,12,24,08_24,panelist,med,1,0,0,0,4.283005115824902
08,13,01,08_01,panelist,med,1,0,0,0,4.6356288287437915
08,13,02,08_02,reviewer,high,0,1,0,0,4.311370403809271
08,13,03,08_03,panelist,med,1,0,0,0,3.9699901273289573
08,13,04,08_04,panelist,low,1,0,1,0,4.034983517820975
08,13,05,08_05,panelist,high,1,1,0,0,4.1843313492311784
08,13,06,08_06,panelist,none,1,0,0,1,4.829734501149243
08,13,07,08_07,panelist,med,1,0,0,0,4.275509806995814
08,13,08,08_08,reviewer,med,0,0,0,0,4.418602704678468
08,13,09,08_09,panelist,low,1,0,1,0,4.753568059333102
08,13,10,08_10,panelist,med,1,0,0,0,4.095126284428265
08,13,11,08_11,reviewer,high,0,1,0,0,3.6423165764093004
08,13,12,08_12,panelist,med,1,0,0,0,4.726074067983081
08,13,13,08_13,panelist,none,1,0,0,1,4.748856802121877
08,13,14,08_14,panelist,med,1,0,0,0,4.430579940958624
08,13,15,08_15,panelist,high,1,1,0,0,4.3707026223001995
08,13,16,08_16,panelist,low,1,0,1,0,4.481930718879799
08,13,17,08_17,panelist,none,1,0,0,1,4.848746528730324
08,13,18,08_18,panelist,high,1,1,0,0,4.426073824708424
08,13,19,08_19,panelist,high,1,1,0,0,4.36277243491739
08,13,20,08_20,panelist,none,1,0,0,1,4.799356134601201
08,13,21,08_21,panelist,med,1,0,0,0,4.360024331713606
08,13,22,08_22,panelist,low,1,0,1,0,4.833933644401458
08,13,23,08_23,panelist,med,1,0,0,0,4.219280117070703
08,13,24,08_24,panelist,med,1,0,0,0,4.356539756740436
08,14,01,08_01,panelist,med,1,0,0,0,3.845174942133485
08,14,02,08_02,panelist,med,1,0,0,0,4.325410494495377
08,14,03,08_03,panelist,med,1,0,0,0,3.779205421880775
08,14,04,08_04,reviewer,high,0,1,0,0,3.7772696046347467
08,14,05,08_05,panelist,med,1,0,0,0,3.8674806213394306
08,14,06,08_06,panelist,none,1,0,0,1,4.337332210000108
08,14,07,08_07,panelist,low,1,0,1,0,4.28941715325455
08,14,08,08_08,panelist,high,1,1,0,0,4.2024392121793435
08,14,09,08_09,panelist,low,1,0,1,0,4.34078460054796
08,14,10,08_10,panelist,med,1,0,0,0,4.36210477521514
08,14,11,08_11,panelist,high,1,1,0,0,3.667332280551024
08,14,12,08_12,panelist,high,1,1,0,0,3.8790862167854256
08,14,13,08_13,panelist,none,1,0,0,1,4.476494076748311
08,14,14,08_14,reviewer,med,0,0,0,0,3.7685359076570673
08,14,15,08_15,panelist,none,1,0,0,1,4.176302752097541
08,14,16,08_16,panelist,high,1,1,0,0,4.089792461366663
08,14,17,08_17,panelist,med,1,0,0,0,4.018007789807974
08,14,18,08_18,panelist,none,1,0,0,1,4.3731196087400415
08,14,19,08_19,panelist,low,1,0,1,0,4.226299352960771
08,14,20,08_20,panelist,med,1,0,0,0,4.462024816597863
08,14,21,08_21,panelist,med,1,0,0,0,4.3593496063017305
08,14,22,08_22,panelist,med,1,0,0,0,4.203071610879193
08,14,23,08_23,reviewer,low,0,0,1,0,3.655253800597928
08,14,24,08_24,panelist,high,1,1,0,0,3.57781594454771
08,15,01,08_01,panelist,high,1,1,0,0,3.6549726039550876
08,15,02,08_02,panelist,low,1,0,1,0,4.585762175887081
08,15,03,08_03,panelist,med,1,0,0,0,3.649081223025546
08,15,04,08_04,panelist,high,1,1,0,0,3.6522816517257244
08,15,05,08_05,panelist,med,1,0,0,0,3.8281482116051526
08,15,06,08_06,panelist,high,1,1,0,0,3.778308223291295
08,15,07,08_07,panelist,med,1,0,0,0,3.591256652896573
08,15,08,08_08,panelist,low,1,0,1,0,4.337222700801069
08,15,09,08_09,panelist,none,1,0,0,1,4.212242303869478
08,15,10,08_10,panelist,high,1,1,0,0,3.665466107627399
08,15,11,08_11,panelist,med,1,0,0,0,3.5341617563336136
08,15,12,08_12,reviewer,high,0,1,0,0,3.6539024553707002
08,15,13,08_13,panelist,high,1,1,0,0,4.060137922476556
08,15,14,08_14,panelist,none,1,0,0,1,3.757234461352055
08,15,15,08_15,panelist,none,1,0,0,1,3.719504918480027
08,15,16,08_16,panelist,low,1,0,1,0,4.002987816596732
08,15,17,08_17,panelist,med,1,0,0,0,3.6713769524288646
08,15,18,08_18,panelist,none,1,0,0,1,3.985592886275683
08,15,19,08_19,panelist,med,1,0,0,0,3.5456907472340156
08,15,20,08_20,panelist,med,1,0,0,0,4.052359881920187
08,15,21,08_21,reviewer,med,0,0,0,0,3.7578150180968426
08,15,22,08_22,panelist,med,1,0,0,0,3.621879983466794
08,15,23,08_23,panelist,low,1,0,1,0,3.7109210107084105
08,15,24,08_24,reviewer,med,0,0,0,0,3.660406099961184
09,1,01,09_01,panelist,none,1,0,0,1,3.881785550421793
09,1,02,09_02,panelist,med,1,0,0,0,4.572736682720228
09,1,03,09_03,panelist,med,1,0,0,0,3.7774241549239074
09,1,04,09_04,reviewer,high,0,1,0,0,3.8483541506021335
09,1,05,09_05,panelist,high,1,1,0,0,3.599864456390193
09,1,06,09_06,panelist,med,1,0,0,0,4.322596050477511
09,1,07,09_07,panelist,med,1,0,0,0,3.5914587423452846
09,1,08,09_08,panelist,none,1,0,0,1,4.515261593237148
09,1,09,09_09,panelist,med,1,0,0,0,4.192559318351313
09,1,10,09_10,panelist,low,1,0,1,0,3.7582603861059076
09,1,11,09_11,reviewer,none,0,0,0,1,3.7402532911513644
09,1,12,09_12,panelist,high,1,1,0,0,4.291694535840221
09,1,13,09_13,panelist,low,1,0,1,0,4.663795146641511
09,1,14,09_14,panelist,high,1,1,0,0,3.967484237758319
09,1,15,09_15,panelist,low,1,0,1,0,4.546316131953526
09,1,16,09_16,panelist,med,1,0,0,0,4.006177382081531
09,1,17,09_17,panelist,med,1,0,0,0,4.341105387991052
09,1,18,09_18,panelist,none,1,0,0,1,3.8837566584854297
09,1,19,09_19,panelist,med,1,0,0,0,4.1387414848276896
09,1,20,09_20,panelist,med,1,0,0,0,4.1829538639457
09,1,21,09_21,panelist,low,1,0,1,0,4.402492038921384
09,1,22,09_22,reviewer,med,0,0,0,0,4.22885114036082
09,1,23,09_23,panelist,high,1,1,0,0,4.195460837629843
09,1,24,09_24,panelist,high,1,1,0,0,3.7933956240736397
09,2,01,09_01,reviewer,med,0,0,0,0,4.313505709067848
09,2,02,09_02,panelist,high,1,1,0,0,4.340901113526013
09,2,03,09_03,panelist,low,1,0,1,0,3.9965515046160487
09,2,04,09_04,panelist,med,1,0,0,0,4.066446271786492
09,2,05,09_05,panelist,med,1,0,0,0,4.455174524699432
09,2,06,09_06,panelist,med,1,0,0,0,4.154271246490431
09,2,07,09_07,reviewer,high,0,1,0,0,3.7908957198800453
09,2,08,09_08,panelist,none,1,0,0,1,4.30996349066199
09,2,09,09_09,panelist,med,1,0,0,0,4.3038095178381335
09,2,10,09_10,panelist,med,1,0,0,0,4.292480632057179
09,2,11,09_11,panelist,low,1,0,1,0,4.016395724474026
09,2,12,09_12,panelist,none,1,0,0,1,4.241356979438347
09,2,13,09_13,panelist,med,1,0,0,0,4.67473759456276
09,2,14,09_14,panelist,high,1,1,0,0,4.167287757656737
09,2,15,09_15,panelist,none,1,0,0,1,4.469464762128052
09,2,16,09_16,panelist,low,1,0,1,0,4.531849642103207
09,2,17,09_17,panelist,med,1,0,0,0,4.219660575339632
09,2,18,09_18,panelist,none,1,0,0,1,4.081668184442164
09,2,19,09_19,panelist,med,1,0,0,0,3.8193086187771956
09,2,20,09_20,panelist,high,1,1,0,0,4.071036419261164
09,2,21,09_21,panelist,high,1,1,0,0,4.172644938668141
09,2,22,09_22,reviewer,high,0,1,0,0,3.755919700615233
09,2,23,09_23,panelist,med,1,0,0,0,4.139063023501082
09,2,24,09_24,panelist,low,1,0,1,0,4.0215953404402525
09,3,01,09_01,panelist,med,1,0,0,0,4.215461108543289
09,3,02,09_02,panelist,med,1,0,0,0,4.645812229883309
09,3,03,09_03,reviewer,none,0,0,0,1,3.5962079577034842
09,3,04,09_04,panelist,high,1,1,0,0,3.7857322016632726
09,3,05,09_05,panelist,none,1,0,0,1,4.269653282804856
09,3,06,09_06,panelist,low,1,0,1,0,4.229224342183502
09,3,07,09_07,panelist,none,1,0,0,1,3.9943243314394348
09,3,08,09_08,panelist,high,1,1,0,0,3.95072599909222
09,3,09,09_09,panelist,med,1,0,0,0,4.700909073300856
09,3,10,09_10,reviewer,low,0,0,1,0,3.8287820729070154
09,3,11,09_11,panelist,high,1,1,0,0,3.581139628683071
09,3,12,09_12,panelist,none,1,0,0,1,3.873303865643504
09,3,13,09_13,panelist,med,1,0,0,0,4.65051356438583
09,3,14,09_14,panelist,med,1,0,0,0,3.7660080168505683
09,3,15,09_15,panelist,med,1,0,0,0,4.351926075234076
09,3,16,09_16,panelist,low,1,0,1,0,4.035531820441369
09,3,17,09_17,panelist,med,1,0,0,0,4.090961766987366
09,3,18,09_18,panelist,med,1,0,0,0,4.482304314078199
09,3,19,09_19,reviewer,med,0,0,0,0,3.9038560119875574
09,3,20,09_20,panelist,high,1,1,0,0,4.140395609083257
09,3,21,09_21,panelist,low,1,0,1,0,4.3818960996937655
09,3,22,09_22,panelist,med,1,0,0,0,4.25269670407351
09,3,23,09_23,panelist,high,1,1,0,0,4.449956500209906
09,3,24,09_24,panelist,high,1,1,0,0,3.5713077535116624
09,4,01,09_01,panelist,none,1,0,0,1,4.636215089605295
09,4,02,09_02,panelist,med,1,0,0,0,4.529000779323974
09,4,03,09_03,panelist,med,1,0,0,0,3.612536851309969
09,4,04,09_04,panelist,high,1,1,0,0,3.8589895483917727
09,4,05,09_05,panelist,low,1,0,1,0,4.252988863172546
09,4,06,09_06,panelist,med,1,0,0,0,4.30595173866401
09,4,07,09_07,panelist,med,1,0,0,0,3.822696660175297
09,4,08,09_08,panelist,none,1,0,0,1,4.684554671292296
09,4,09,09_09,panelist,med,1,0,0,0,4.842141708697869
09,4,10,09_10,panelist,high,1,1,0,0,4.359590066583695
09,4,11,09_11,panelist,med,1,0,0,0,4.250441743932587
09,4,12,09_12,panelist,high,1,1,0,0,3.845362875120888
09,4,13,09_13,reviewer,high,0,1,0,0,4.3079387677735355
09,4,14,09_14,panelist,high,1,1,0,0,4.037158934392235
09,4,15,09_15,reviewer,med,0,0,0,0,3.988539720918202
09,4,16,09_16,panelist,none,1,0,0,1,4.629813364786298
09,4,17,09_17,panelist,low,1,0,1,0,4.258025041808659
09,4,18,09_18,panelist,none,1,0,0,1,4.331042688286452
09,4,19,09_19,panelist,low,1,0,1,0,3.9539576729954637
09,4,20,09_20,panelist,med,1,0,0,0,4.28253221319821
09,4,21,09_21,panelist,med,1,0,0,0,4.210605971122497
09,4,22,09_22,panelist,med,1,0,0,0,4.1980765882753
09,4,23,09_23,panelist,high,1,1,0,0,4.369017295388458
09,4,24,09_24,reviewer,low,0,0,1,0,4.091603059056957
09,5,01,09_01,panelist,med,1,0,0,0,3.6508665482288456
09,5,02,09_02,panelist,med,1,0,0,0,4.237150129616775
09,5,03,09_03,panelist,high,1,1,0,0,3.8211389915501
09,5,04,09_04,panelist,med,1,0,0,0,3.732652279460596
09,5,05,09_05,panelist,low,1,0,1,0,4.02223265360677
09,5,06,09_06,panelist,med,1,0,0,0,3.9759045791973424
09,5,07,09_07,panelist,med,1,0,0,0,3.6183830648866824
09,5,08,09_08,panelist,med,1,0,0,0,4.462804042106004
09,5,09,09_09,reviewer,low,0,0,1,0,4.49536251847476
09,5,10,09_10,panelist,none,1,0,0,1,3.7023590929762085
09,5,11,09_11,panelist,high,1,1,0,0,3.6349827391933616
09,5,12,09_12,panelist,low,1,0,1,0,4.179845933976539
09,5,13,09_13,panelist,med,1,0,0,0,3.871353937054016
09,5,14,09_14,panelist,none,1,0,0,1,4.068102516189364
09,5,15,09_15,panelist,high,1,1,0,0,3.8833628968927325
09,5,16,09_16,panelist,none,1,0,0,1,4.351499788916564
09,5,17,09_17,panelist,med,1,0,0,0,3.756309040575906
09,5,18,09_18,panelist,high,1,1,0,0,4.082985596834653
09,5,19,09_19,reviewer,none,0,0,0,1,3.544863846847863
09,5,20,09_20,panelist,high,1,1,0,0,4.394118743640532
09,5,21,09_21,panelist,med,1,0,0,0,3.815444310628139
09,5,22,09_22,panelist,low,1,0,1,0,4.368800396391948
09,5,23,09_23,panelist,high,1,1,0,0,4.224934023369849
09,5,24,09_24,reviewer,med,0,0,0,0,3.751250572809317
09,6,01,09_01,panelist,none,1,0,0,1,4.201035191664157
09,6,02,09_02,panelist,med,1,0,0,0,4.587019908118507
09,6,03,09_03,panelist,high,1,1,0,0,3.7832208183486906
09,6,04,09_04,panelist,med,1,0,0,0,4.168013316690429
09,6,05,09_05,panelist,med,1,0,0,0,4.073749930130719
09,6,06,09_06,panelist,high,1,1,0,0,4.4083843156042075
09,6,07,09_07,panelist,high,1,1,0,0,3.7114666738016435
09,6,08,09_08,panelist,high,1,1,0,0,4.395550215450075
09,6,09,09_09,panelist,low,1,0,1,0,4.899341816287457
09,6,10,09_10,panelist,med,1,0,0,0,4.326523054183454
09,6,11,09_11,reviewer,low,0,0,1,0,3.7258899370095344
09,6,12,09_12,reviewer,none,0,0,0,1,4.353363774864981
09,6,13,09_13,panelist,med,1,0,0,0,4.588443015341276
09,6,14,09_14,panelist,med,1,0,0,0,4.638791652112499
09,6,15,09_15,reviewer,med,0,0,0,0,4.0901706092845265
09,6,16,09_16,panelist,high,1,1,0,0,4.3314517988149825
09,6,17,09_17,panelist,med,1,0,0,0,4.324241743504892
09,6,18,09_18,panelist,med,1,0,0,0,4.514593556281602
09,6,19,09_19,panelist,high,1,1,0,0,4.164998856812717
09,6,20,09_20,panelist,low,1,0,1,0,4.698882207307048
09,6,21,09_21,panelist,med,1,0,0,0,4.429432614118453
09,6,22,09_22,panelist,none,1,0,0,1,4.460310041060834
09,6,23,09_23,panelist,none,1,0,0,1,4.4987335723974855
09,6,24,09_24,panelist,low,1,0,1,0,4.018022764687183
09,7,01,09_01,panelist,high,1,1,0,0,4.20728965691328
09,7,02,09_02,reviewer,none,0,0,0,1,4.718131252862454
09,7,03,09_03,panelist,none,1,0,0,1,4.565039040566162
09,7,04,09_04,panelist,low,1,0,1,0,4.60794520658338
09,7,05,09_05,panelist,low,1,0,1,0,4.665265124702059
09,7,06,09_06,panelist,high,1,1,0,0,4.740642244061236
09,7,07,09_07,panelist,high,1,1,0,0,4.2450122251370574
09,7,08,09_08,panelist,med,1,0,0,0,4.655048244701322
09,7,09,09_09,panelist,none,1,0,0,1,4.730655644494554
09,7,10,09_10,panelist,low,1,0,1,0,4.304380346769132
09,7,11,09_11,panelist,none,1,0,0,1,4.474056832951832
09,7,12,09_12,reviewer,med,0,0,0,0,4.314312103482424
09,7,13,09_13,panelist,med,1,0,0,0,4.881986234199738
09,7,14,09_14,panelist,high,1,1,0,0,4.579654844956815
09,7,15,09_15,panelist,low,1,0,1,0,4.823167760823386
09,7,16,09_16,panelist,med,1,0,0,0,4.508605259997286
09,7,17,09_17,reviewer,med,0,0,0,0,4.620859569884226
09,7,18,09_18,panelist,med,1,0,0,0,4.15479100368724
09,7,19,09_19,panelist,high,1,1,0,0,4.201713127976832
09,7,20,09_20,panelist,med,1,0,0,0,4.621344227686295
09,7,21,09_21,panelist,med,1,0,0,0,4.464126748968915
09,7,22,09_22,panelist,med,1,0,0,0,4.717073125079105
09,7,23,09_23,panelist,med,1,0,0,0,4.728296876138355
09,7,24,09_24,panelist,high,1,1,0,0,4.417171571827876
09,8,01,09_01,panelist,med,1,0,0,0,3.720003243410686
09,8,02,09_02,reviewer,none,0,0,0,1,4.19853706210424
09,8,03,09_03,panelist,high,1,1,0,0,3.935641253462008
09,8,04,09_04,panelist,none,1,0,0,1,3.8824086110572193
09,8,05,09_05,reviewer,high,0,1,0,0,3.6542746634469156
09,8,06,09_06,panelist,med,1,0,0,0,3.9963995458063484
09,8,07,09_07,panelist,low,1,0,1,0,3.842194552052239
09,8,08,09_08,panelist,med,1,0,0,0,4.155347895467883
09,8,09,09_09,reviewer,med,0,0,0,0,4.186967447248653
09,8,10,09_10,panelist,low,1,0,1,0,3.9270629827000487
09,8,11,09_11,panelist,med,1,0,0,0,3.7773813335454345
09,8,12,09_12,panelist,med,1,0,0,0,3.995521778056656
09,8,13,09_13,panelist,med,1,0,0,0,4.098331981451813
09,8,14,09_14,panelist,high,1,1,0,0,3.988464672984863
09,8,15,09_15,panelist,high,1,1,0,0,3.8570389076902236
09,8,16,09_16,panelist,med,1,0,0,0,3.697140417285423
09,8,17,09_17,panelist,high,1,1,0,0,3.790694502452718
09,8,18,09_18,panelist,none,1,0,0,1,4.137118613307141
09,8,19,09_19,panelist,none,1,0,0,1,4.357210503592911
09,8,20,09_20,panelist,high,1,1,0,0,3.8635571218153233
09,8,21,09_21,panelist,low,1,0,1,0,3.660184908481734
09,8,22,09_22,panelist,med,1,0,0,0,4.161710045687943
09,8,23,09_23,panelist,low,1,0,1,0,3.9413000981539774
09,8,24,09_24,panelist,med,1,0,0,0,3.8743126525844906
09,9,01,09_01,panelist,none,1,0,0,1,4.453741528944336
09,9,02,09_02,reviewer,med,0,0,0,0,4.384900470595147
09,9,03,09_03,panelist,med,1,0,0,0,3.9901651390843678
09,9,04,09_04,panelist,med,1,0,0,0,4.340130456415033
09,9,05,09_05,panelist,med,1,0,0,0,4.259029422515593
09,9,06,09_06,reviewer,med,0,0,0,0,4.597474765260163
09,9,07,09_07,panelist,med,1,0,0,0,4.0120020160196415
09,9,08,09_08,panelist,high,1,1,0,0,4.395400807122764
09,9,09,09_09,panelist,high,1,1,0,0,4.59787726464256
09,9,10,09_10,panelist,med,1,0,0,0,4.724954027144933
09,9,11,09_11,panelist,med,1,0,0,0,4.101525891456471
09,9,12,09_12,panelist,high,1,1,0,0,4.402260911548313
09,9,13,09_13,panelist,low,1,0,1,0,4.76944767515113
09,9,14,09_14,panelist,low,1,0,1,0,4.534088042551195
09,9,15,09_15,panelist,high,1,1,0,0,4.455369615081446
09,9,16,09_16,panelist,high,1,1,0,0,4.180068013905207
09,9,17,09_17,panelist,low,1,0,1,0,4.759881320573226
09,9,18,09_18,panelist,med,1,0,0,0,4.402790927747947
09,9,19,09_19,panelist,none,1,0,0,1,4.032634887773057
09,9,20,09_20,panelist,low,1,0,1,0,4.588474342267609
09,9,21,09_21,panelist,none,1,0,0,1,4.220988885006678
09,9,22,09_22,panelist,high,1,1,0,0,4.267467367716565
09,9,23,09_23,panelist,none,1,0,0,1,4.54479072975814
09,9,24,09_24,reviewer,med,0,0,0,0,3.919434937788073
09,10,01,09_01,panelist,high,1,1,0,0,3.8548941342952685
09,10,02,09_02,panelist,med,1,0,0,0,4.734017416059084
09,10,03,09_03,reviewer,high,0,1,0,0,3.5116543313287436
09,10,04,09_04,panelist,med,1,0,0,0,3.850173063397888
09,10,05,09_05,panelist,none,1,0,0,1,3.7720942110449465
09,10,06,09_06,panelist,med,1,0,0,0,4.276537844698823
09,10,07,09_07,panelist,med,1,0,0,0,3.7167165941086187
09,10,08,09_08,panelist,med,1,0,0,0,4.1429954163043154
09,10,09,09_09,panelist,med,1,0,0,0,4.471483999605202
09,10,10,09_10,panelist,high,1,1,0,0,3.6961111337277015
09,10,11,09_11,reviewer,none,0,0,0,1,3.54976190978516
09,10,12,09_12,panelist,low,1,0,1,0,4.299671884176266
09,10,13,09_13,panelist,med,1,0,0,0,4.7824861532604634
09,10,14,09_14,panelist,low,1,0,1,0,4.309190308355184
09,10,15,09_15,panelist,high,1,1,0,0,3.8024145894988504
09,10,16,09_16,panelist,med,1,0,0,0,3.7459981500579858
09,10,17,09_17,panelist,low,1,0,1,0,3.9447838780786277
09,10,18,09_18,reviewer,high,0,1,0,0,3.8283039828955503
09,10,19,09_19,panelist,med,1,0,0,0,3.85717693931419
09,10,20,09_20,panelist,high,1,1,0,0,4.117555079430657
09,10,21,09_21,panelist,med,1,0,0,0,3.7912156917452315
09,10,22,09_22,panelist,none,1,0,0,1,4.708277034876398
09,10,23,09_23,panelist,low,1,0,1,0,4.445602998299249
09,10,24,09_24,panelist,none,1,0,0,1,4.032594174998862
09,11,01,09_01,panelist,low,1,0,1,0,3.9832159011543555
09,11,02,09_02,panelist,med,1,0,0,0,4.5564391477706225
09,11,03,09_03,panelist,high,1,1,0,0,3.902894636759164
09,11,04,09_04,reviewer,med,0,0,0,0,3.671234853104747
09,11,05,09_05,panelist,low,1,0,1,0,3.659118506401324
09,11,06,09_06,panelist,med,1,0,0,0,4.294277663441886
09,11,07,09_07,panelist,med,1,0,0,0,3.6707134168139994
09,11,08,09_08,panelist,none,1,0,0,1,4.1424918412569784
09,11,09,09_09,panelist,high,1,1,0,0,4.537236951067744
09,11,10,09_10,panelist,med,1,0,0,0,3.932290949396206
09,11,11,09_11,panelist,med,1,0,0,0,3.6593809858505426
09,11,12,09_12,panelist,med,1,0,0,0,3.9737265951531606
09,11,13,09_13,panelist,med,1,0,0,0,4.283144736015821
09,11,14,09_14,panelist,high,1,1,0,0,3.8655865301651504
09,11,15,09_15,panelist,none,1,0,0,1,4.326872985114946
09,11,16,09_16,panelist,high,1,1,0,0,3.890391069996505
09,11,17,09_17,panelist,med,1,0,0,0,3.9053113546798284
09,11,18,09_18,panelist,high,1,1,0,0,3.883795474982868
09,11,19,09_19,reviewer,med,0,0,0,0,3.502335921270755
09,11,20,09_20,reviewer,low,0,0,1,0,4.222647694892842
09,11,21,09_21,panelist,none,1,0,0,1,4.4635999755923965
09,11,22,09_22,panelist,low,1,0,1,0,4.263995486351542
09,11,23,09_23,panelist,none,1,0,0,1,4.585152965822725
09,11,24,09_24,panelist,high,1,1,0,0,3.8865935635927915
09,12,01,09_01,panelist,none,1,0,0,1,4.500466757221973
09,12,02,09_02,panelist,low,1,0,1,0,4.491358875628214
09,12,03,09_03,panelist,med,1,0,0,0,4.10549752523953
09,12,04,09_04,reviewer,none,0,0,0,1,3.8029664751313423
09,12,05,09_05,panelist,high,1,1,0,0,3.6767566693336677
09,12,06,09_06,reviewer,low,0,0,1,0,3.9445153970945106
09,12,07,09_07,panelist,high,1,1,0,0,3.7756124557124364
09,12,08,09_08,panelist,med,1,0,0,0,4.4988014601066535
09,12,09,09_09,panelist,none,1,0,0,1,4.788051308032238
09,12,10,09_10,reviewer,med,0,0,0,0,3.852736230701201
09,12,11,09_11,panelist,none,1,0,0,1,4.042627425446073
09,12,12,09_12,panelist,high,1,1,0,0,4.25913482977894
09,12,13,09_13,panelist,med,1,0,0,0,4.397251707291645
09,12,14,09_14,panelist,high,1,1,0,0,4.121200630322923
09,12,15,09_15,panelist,high,1,1,0,0,3.9583085030874368
09,12,16,09_16,panelist,med,1,0,0,0,4.048674859266288
09,12,17,09_17,panelist,med,1,0,0,0,4.0597883403941415
09,12,18,09_18,panelist,low,1,0,1,0,3.8853603442889386
09,12,19,09_19,panelist,med,1,0,0,0,3.9031446672942938
09,12,20,09_20,panelist,med,1,0,0,0,4.343801412096372
09,12,21,09_21,panelist,low,1,0,1,0,4.278554728307206
09,12,22,09_22,panelist,high,1,1,0,0,4.278654486790116
09,12,23,09_23,panelist,med,1,0,0,0,4.450510953160697
09,12,24,09_24,panelist,med,1,0,0,0,3.836013734746066
09,13,01,09_01,panelist,high,1,1,0,0,4.1724280680859795
09,13,02,09_02,panelist,med,1,0,0,0,4.6283937592578
09,13,03,09_03,panelist,med,1,0,0,0,4.132735496785768
09,13,04,09_04,panelist,low,1,0,1,0,4.190536330223178
09,13,05,09_05,panelist,high,1,1,0,0,4.282663224330936
09,13,06,09_06,panelist,med,1,0,0,0,4.511493567689062
09,13,07,09_07,panelist,high,1,1,0,0,4.261312747225227
09,13,08,09_08,panelist,med,1,0,0,0,4.157704382369798
09,13,09,09_09,panelist,none,1,0,0,1,4.829033522601953
09,13,10,09_10,panelist,low,1,0,1,0,4.738345633777063
09,13,11,09_11,panelist,none,1,0,0,1,4.434233461442461
09,13,12,09_12,reviewer,low,0,0,1,0,4.395347468589168
09,13,13,09_13,panelist,med,1,0,0,0,4.506221144659448
09,13,14,09_14,panelist,high,1,1,0,0,4.143657135513444
09,13,15,09_15,panelist,med,1,0,0,0,4.41009107590404
09,13,16,09_16,panelist,med,1,0,0,0,4.2479352671636725
09,13,17,09_17,panelist,med,1,0,0,0,4.343899734026004
09,13,18,09_18,panelist,none,1,0,0,1,4.434193022576768
09,13,19,09_19,panelist,med,1,0,0,0,4.331251845809357
09,13,20,09_20,panelist,none,1,0,0,1,4.758245181344997
09,13,21,09_21,reviewer,med,0,0,0,0,4.249634906783282
09,13,22,09_22,panelist,high,1,1,0,0,4.318688260337137
09,13,23,09_23,reviewer,high,0,1,0,0,3.93218180366087
09,13,24,09_24,panelist,low,1,0,1,0,4.3357219029392695
09,14,01,09_01,panelist,high,1,1,0,0,3.505347176739701
09,14,02,09_02,panelist,med,1,0,0,0,4.5419887192405195
09,14,03,09_03,panelist,none,1,0,0,1,4.008245837232219
09,14,04,09_04,reviewer,med,0,0,0,0,3.5630979211821487
09,14,05,09_05,panelist,low,1,0,1,0,4.05696372008973
09,14,06,09_06,reviewer,high,0,1,0,0,4.3226997975007695
09,14,07,09_07,panelist,med,1,0,0,0,3.6741630548546853
09,14,08,09_08,panelist,med,1,0,0,0,4.0784087082945994
09,14,09,09_09,panelist,med,1,0,0,0,4.43176466541103
09,14,10,09_10,panelist,high,1,1,0,0,3.904070877730282
09,14,11,09_11,reviewer,none,0,0,0,1,3.7705770852328713
09,14,12,09_12,panelist,med,1,0,0,0,3.777172200572954
09,14,13,09_13,panelist,low,1,0,1,0,4.664160011546184
09,14,14,09_14,panelist,low,1,0,1,0,3.7642776510822684
09,14,15,09_15,panelist,med,1,0,0,0,3.9865642094856955
09,14,16,09_16,panelist,high,1,1,0,0,4.29094680288532
09,14,17,09_17,panelist,high,1,1,0,0,3.8490846402383503
09,14,18,09_18,panelist,high,1,1,0,0,3.8053649417379365
09,14,19,09_19,panelist,med,1,0,0,0,3.6021420369714785
09,14,20,09_20,panelist,low,1,0,1,0,4.366814589046574
09,14,21,09_21,panelist,med,1,0,0,0,4.4056547553484995
09,14,22,09_22,panelist,none,1,0,0,1,4.375864188153806
09,14,23,09_23,panelist,med,1,0,0,0,4.140439049611247
09,14,24,09_24,panelist,none,1,0,0,1,3.8463335834801757
09,15,01,09_01,panelist,low,1,0,1,0,3.8807866898415435
09,15,02,09_02,panelist,high,1,1,0,0,3.9483288136269485
09,15,03,09_03,panelist,low,1,0,1,0,3.668736734676374
09,15,04,09_04,reviewer,med,0,0,0,0,3.5877168214340243
09,15,05,09_05,panelist,none,1,0,0,1,3.757049501471381
09,15,06,09_06,panelist,med,1,0,0,0,4.002260650600113
09,15,07,09_07,reviewer,low,0,0,1,0,3.8621476770081817
09,15,08,09_08,panelist,med,1,0,0,0,4.192814689757106
09,15,09,09_09,reviewer,high,0,1,0,0,4.105961456695661
09,15,10,09_10,panelist,med,1,0,0,0,3.663470130823972
09,15,11,09_11,panelist,none,1,0,0,1,3.6835189846223915
09,15,12,09_12,panelist,high,1,1,0,0,3.7387983211156763
09,15,13,09_13,panelist,med,1,0,0,0,4.030748349001185
09,15,14,09_14,panelist,low,1,0,1,0,4.232127316278749
09,15,15,09_15,panelist,none,1,0,0,1,3.877328650002334
09,15,16,09_16,panelist,med,1,0,0,0,3.842494432490433
09,15,17,09_17,panelist,high,1,1,0,0,3.7087640893156855
09,15,18,09_18,panelist,med,1,0,0,0,3.8265435220401782
09,15,19,09_19,panelist,med,1,0,0,0,3.7050624990309613
09,15,20,09_20,panelist,med,1,0,0,0,4.147243976676455
09,15,21,09_21,panelist,high,1,1,0,0,3.6891517275079817
09,15,22,09_22,panelist,none,1,0,0,1,4.347413183712288
09,15,23,09_23,panelist,med,1,0,0,0,3.7768001790134056
09,15,24,09_24,panelist,high,1,1,0,0,3.803881391072771
10,1,01,10_01,panelist,low,1,0,1,0,4.096747345364164
10,1,02,10_02,panelist,med,1,0,0,0,4.794367122287548
10,1,03,10_03,panelist,none,1,0,0,1,4.028294877780604
10,1,04,10_04,panelist,none,1,0,0,1,4.188015489284015
10,1,05,10_05,panelist,low,1,0,1,0,4.221500150891106
10,1,06,10_06,panelist,med,1,0,0,0,4.286507550840719
10,1,07,10_07,reviewer,med,0,0,0,0,3.5623924167519667
10,1,08,10_08,panelist,med,1,0,0,0,4.305610377412147
10,1,09,10_09,panelist,high,1,1,0,0,4.456690683535771
10,1,10,10_10,panelist,none,1,0,0,1,4.43315047164292
10,1,11,10_11,panelist,med,1,0,0,0,4.087122337901028
10,1,12,10_12,panelist,med,1,0,0,0,4.546160043283815
10,1,13,10_13,panelist,med,1,0,0,0,4.517559850426224
10,1,14,10_14,panelist,high,1,1,0,0,3.998802613067218
10,1,15,10_15,panelist,high,1,1,0,0,4.010784749492266
10,1,16,10_16,panelist,low,1,0,1,0,4.417506204463469
10,1,17,10_17,panelist,high,1,1,0,0,4.1922057623014135
10,1,18,10_18,panelist,med,1,0,0,0,4.0758949686990595
10,1,19,10_19,reviewer,high,0,1,0,0,3.672527767742874
10,1,20,10_20,panelist,med,1,0,0,0,4.126966404658368
10,1,21,10_21,panelist,high,1,1,0,0,4.128980983589573
10,1,22,10_22,reviewer,low,0,0,1,0,4.272746316084994
10,1,23,10_23,panelist,med,1,0,0,0,4.46829700225004
10,1,24,10_24,panelist,none,1,0,0,1,3.9258671408571
10,2,01,10_01,panelist,med,1,0,0,0,4.243203970127502
10,2,02,10_02,panelist,low,1,0,1,0,4.745516187004934
10,2,03,10_03,panelist,none,1,0,0,1,3.7818550316451676
10,2,04,10_04,panelist,med,1,0,0,0,4.027281281239375
10,2,05,10_05,panelist,none,1,0,0,1,4.5760514012259526
10,2,06,10_06,panelist,med,1,0,0,0,4.076023913963611
10,2,07,10_07,panelist,high,1,1,0,0,4.072318414448126
10,2,08,10_08,panelist,high,1,1,0,0,4.336495823013298
10,2,09,10_09,panelist,med,1,0,0,0,4.613046208694318
10,2,10,10_10,panelist,high,1,1,0,0,4.511951512077763
10,2,11,10_11,panelist,none,1,0,0,1,4.700665375703512
10,2,12,10_12,panelist,med,1,0,0,0,3.985533847309093
10,2,13,10_13,panelist,low,1,0,1,0,4.758251093655993
10,2,14,10_14,panelist,med,1,0,0,0,4.115312287422644
10,2,15,10_15,panelist,none,1,0,0,1,4.511479275885701
10,2,16,10_16,reviewer,high,0,1,0,0,4.030566483657449
10,2,17,10_17,panelist,med,1,0,0,0,4.417183352636166
10,2,18,10_18,panelist,low,1,0,1,0,4.391069104628524
10,2,19,10_19,panelist,med,1,0,0,0,4.0416303501874085
10,2,20,10_20,panelist,high,1,1,0,0,4.155882976919638
10,2,21,10_21,panelist,low,1,0,1,0,4.691589141141884
10,2,22,10_22,panelist,med,1,0,0,0,4.400075175755963
10,2,23,10_23,reviewer,high,0,1,0,0,3.9945788715030974
10,2,24,10_24,reviewer,med,0,0,0,0,3.500237388526034
10,3,01,10_01,panelist,med,1,0,0,0,4.230041204460737
10,3,02,10_02,panelist,med,1,0,0,0,4.615783237733897
10,3,03,10_03,panelist,low,1,0,1,0,4.140776304042865
10,3,04,10_04,panelist,high,1,1,0,0,4.165259281069393
10,3,05,10_05,panelist,med,1,0,0,0,3.8911892670510997
10,3,06,10_06,panelist,high,1,1,0,0,4.351152320399161
10,3,07,10_07,panelist,med,1,0,0,0,3.8258415123495895
10,3,08,10_08,reviewer,low,0,0,1,0,4.448920336655898
10,3,09,10_09,panelist,high,1,1,0,0,4.427703270169435
10,3,10,10_10,panelist,med,1,0,0,0,4.01631641368366
10,3,11,10_11,panelist,none,1,0,0,1,4.055312097396994
10,3,12,10_12,panelist,med,1,0,0,0,4.402700511458619
10,3,13,10_13,reviewer,med,0,0,0,0,4.460371575154877
10,3,14,10_14,panelist,none,1,0,0,1,4.595962656954501
10,3,15,10_15,reviewer,none,0,0,0,1,4.403259790454814
10,3,16,10_16,panelist,low,1,0,1,0,4.1140783302872785
10,3,17,10_17,panelist,med,1,0,0,0,3.9025483406096604
10,3,18,10_18,panelist,med,1,0,0,0,3.825977770116976
10,3,19,10_19,panelist,med,1,0,0,0,4.238407158836181
10,3,20,10_20,panelist,high,1,1,0,0,4.652570193996291
10,3,21,10_21,panelist,high,1,1,0,0,3.7140206256111683
10,3,22,10_22,panelist,none,1,0,0,1,4.645848854797939
10,3,23,10_23,panelist,low,1,0,1,0,4.354057434749887
10,3,24,10_24,panelist,high,1,1,0,0,3.901217651909314
10,4,01,10_01,panelist,low,1,0,1,0,4.150048107817676
10,4,02,10_02,panelist,none,1,0,0,1,4.8585220380371
10,4,03,10_03,panelist,med,1,0,0,0,4.418745156448134
10,4,04,10_04,panelist,low,1,0,1,0,4.3116726896377
10,4,05,10_05,panelist,med,1,0,0,0,4.042039684535356
10,4,06,10_06,panelist,med,1,0,0,0,4.148301780737736
10,4,07,10_07,panelist,high,1,1,0,0,4.115080751227488
10,4,08,10_08,panelist,low,1,0,1,0,4.581837388832115
10,4,09,10_09,panelist,none,1,0,0,1,4.642531469618448
10,4,10,10_10,panelist,med,1,0,0,0,4.123940415574068
10,4,11,10_11,panelist,high,1,1,0,0,3.988382421728497
10,4,12,10_12,panelist,high,1,1,0,0,4.363904804854008
10,4,13,10_13,panelist,none,1,0,0,1,4.834007067826629
10,4,14,10_14,reviewer,low,0,0,1,0,4.783783960984463
10,4,15,10_15,panelist,high,1,1,0,0,4.417007078884283
10,4,16,10_16,panelist,med,1,0,0,0,4.186727654316289
10,4,17,10_17,panelist,med,1,0,0,0,4.391680706901652
10,4,18,10_18,panelist,med,1,0,0,0,4.608334054449614
10,4,19,10_19,panelist,med,1,0,0,0,4.4168350890219665
10,4,20,10_20,panelist,high,1,1,0,0,4.730056664965697
10,4,21,10_21,reviewer,med,0,0,0,0,4.466179232070855
10,4,22,10_22,panelist,none,1,0,0,1,4.837514457356389
10,4,23,10_23,reviewer,med,0,0,0,0,4.346983518764509
10,4,24,10_24,panelist,high,1,1,0,0,4.0431516684362
10,5,01,10_01,panelist,high,1,1,0,0,3.7595973029172582
10,5,02,10_02,panelist,none,1,0,0,1,4.716081702157291
10,5,03,10_03,panelist,med,1,0,0,0,3.993383197225249
10,5,04,10_04,panelist,low,1,0,1,0,4.004905950325165
10,5,05,10_05,reviewer,high,0,1,0,0,3.857148899448807
10,5,06,10_06,panelist,med,1,0,0,0,4.506089634723085
10,5,07,10_07,panelist,none,1,0,0,1,4.61106686058872
10,5,08,10_08,panelist,med,1,0,0,0,4.290075435966285
10,5,09,10_09,panelist,med,1,0,0,0,4.458372944182286
10,5,10,10_10,panelist,med,1,0,0,0,3.9657432363156135
10,5,11,10_11,panelist,med,1,0,0,0,3.8853835301566524
10,5,12,10_12,panelist,med,1,0,0,0,3.9889982005579903
10,5,13,10_13,panelist,high,1,1,0,0,4.366186306339383
10,5,14,10_14,panelist,med,1,0,0,0,3.8772630488943327
10,5,15,10_15,panelist,med,1,0,0,0,4.131454204960244
10,5,16,10_16,panelist,low,1,0,1,0,4.209364620274505
10,5,17,10_17,panelist,med,1,0,0,0,3.9311672122911263
10,5,18,10_18,panelist,none,1,0,0,1,4.65774990428369
10,5,19,10_19,panelist,low,1,0,1,0,4.163624751732925
10,5,20,10_20,panelist,none,1,0,0,1,4.464527385598798
10,5,21,10_21,panelist,low,1,0,1,0,4.2487206211732715
10,5,22,10_22,reviewer,high,0,1,0,0,3.848140437073594
10,5,23,10_23,panelist,high,1,1,0,0,4.570336054593268
10,5,24,10_24,reviewer,high,0,1,0,0,3.5266092646861558
10,6,01,10_01,reviewer,low,0,0,1,0,3.9667566821737377
10,6,02,10_02,panelist,high,1,1,0,0,4.802524491568948
10,6,03,10_03,panelist,high,1,1,0,0,4.290907929875921
10,6,04,10_04,panelist,med,1,0,0,0,3.888801295855632
10,6,05,10_05,panelist,med,1,0,0,0,4.264855844429212
10,6,06,10_06,panelist,low,1,0,1,0,4.7444756328512305
10,6,07,10_07,panelist,low,1,0,1,0,4.315108746191182
10,6,08,10_08,panelist,med,1,0,0,0,4.75308238642963
10,6,09,10_09,panelist,med,1,0,0,0,4.760472172735705
10,6,10,10_10,panelist,none,1,0,0,1,4.6859948078376705
10,6,11,10_11,panelist,high,1,1,0,0,4.219618841670453
10,6,12,10_12,panelist,med,1,0,0,0,4.547096923262023
10,6,13,10_13,panelist,high,1,1,0,0,4.717370822183476
10,6,14,10_14,panelist,med,1,0,0,0,4.385186965706951
10,6,15,10_15,panelist,none,1,0,0,1,4.844036088463325
10,6,16,10_16,panelist,high,1,1,0,0,4.233183052291159
10,6,17,10_17,reviewer,none,0,0,0,1,4.382257649770725
10,6,18,10_18,panelist,med,1,0,0,0,4.480977160840876
10,6,19,10_19,panelist,high,1,1,0,0,4.481309255959797
10,6,20,10_20,panelist,med,1,0,0,0,4.52770658483748
10,6,21,10_21,panelist,low,1,0,1,0,4.668039291967023
10,6,22,10_22,panelist,med,1,0,0,0,4.557727518151316
10,6,23,10_23,panelist,none,1,0,0,1,4.6166008663417415
10,6,24,10_24,reviewer,med,0,0,0,0,4.373787630454141
10,7,01,10_01,reviewer,high,0,1,0,0,4.14893870463991
10,7,02,10_02,panelist,none,1,0,0,1,4.852100336256187
10,7,03,10_03,panelist,none,1,0,0,1,4.339217328965082
10,7,04,10_04,panelist,high,1,1,0,0,4.025540144941971
10,7,05,10_05,panelist,med,1,0,0,0,4.41846593410631
10,7,06,10_06,panelist,high,1,1,0,0,4.213611308721359
10,7,07,10_07,panelist,med,1,0,0,0,4.492819782647055
10,7,08,10_08,panelist,med,1,0,0,0,4.596354879155283
10,7,09,10_09,panelist,none,1,0,0,1,4.825264298266758
10,7,10,10_10,panelist,med,1,0,0,0,4.5646488077175675
10,7,11,10_11,panelist,med,1,0,0,0,4.2717282635147935
10,7,12,10_12,panelist,low,1,0,1,0,4.601662849372914
10,7,13,10_13,panelist,high,1,1,0,0,4.832562972740878
10,7,14,10_14,panelist,med,1,0,0,0,4.57023086320227
10,7,15,10_15,panelist,low,1,0,1,0,4.857267441687583
10,7,16,10_16,panelist,low,1,0,1,0,4.845934734678594
10,7,17,10_17,panelist,none,1,0,0,1,4.737842090437352
10,7,18,10_18,panelist,med,1,0,0,0,4.397973232032994
10,7,19,10_19,panelist,high,1,1,0,0,4.257895770943354
10,7,20,10_20,panelist,med,1,0,0,0,4.87947811964995
10,7,21,10_21,panelist,high,1,1,0,0,4.497789213123516
10,7,22,10_22,reviewer,med,0,0,0,0,4.391893806387401
10,7,23,10_23,reviewer,med,0,0,0,0,4.592024257868711
10,7,24,10_24,panelist,low,1,0,1,0,4.650644617053098
10,8,01,10_01,reviewer,med,0,0,0,0,3.703287925118632
10,8,02,10_02,panelist,med,1,0,0,0,4.309960006000386
10,8,03,10_03,panelist,med,1,0,0,0,3.721604772912084
10,8,04,10_04,panelist,med,1,0,0,0,3.7794215978977888
10,8,05,10_05,panelist,high,1,1,0,0,3.734446951872278
10,8,06,10_06,panelist,med,1,0,0,0,4.117809956182879
10,8,07,10_07,panelist,none,1,0,0,1,3.8387989740388035
10,8,08,10_08,panelist,high,1,1,0,0,4.246411635092138
10,8,09,10_09,panelist,low,1,0,1,0,4.71431926214274
10,8,10,10_10,panelist,high,1,1,0,0,3.851974280930571
10,8,11,10_11,panelist,none,1,0,0,1,3.760720553218804
10,8,12,10_12,panelist,high,1,1,0,0,4.143993100248716
10,8,13,10_13,reviewer,low,0,0,1,0,4.054320871303451
10,8,14,10_14,panelist,med,1,0,0,0,3.90837819418985
10,8,15,10_15,panelist,none,1,0,0,1,4.338998970541861
10,8,16,10_16,panelist,high,1,1,0,0,3.7513040506990865
10,8,17,10_17,panelist,low,1,0,1,0,4.1086115357697555
10,8,18,10_18,panelist,high,1,1,0,0,4.197267655590428
10,8,19,10_19,panelist,med,1,0,0,0,3.7078730272103413
10,8,20,10_20,panelist,med,1,0,0,0,4.131621632120221
10,8,21,10_21,panelist,med,1,0,0,0,4.043594480846036
10,8,22,10_22,reviewer,none,0,0,0,1,4.051603997905693
10,8,23,10_23,panelist,med,1,0,0,0,3.7530488609556403
10,8,24,10_24,panelist,low,1,0,1,0,3.9338367697300467
10,9,01,10_01,panelist,high,1,1,0,0,4.454889102750947
10,9,02,10_02,panelist,med,1,0,0,0,4.803185024254814
10,9,03,10_03,panelist,med,1,0,0,0,3.994415135437857
10,9,04,10_04,panelist,high,1,1,0,0,3.909562358792015
10,9,05,10_05,panelist,low,1,0,1,0,4.386292571582041
10,9,06,10_06,panelist,none,1,0,0,1,4.455496103286673
10,9,07,10_07,panelist,med,1,0,0,0,4.191535847355748
10,9,08,10_08,reviewer,med,0,0,0,0,4.77729114517568
10,9,09,10_09,panelist,med,1,0,0,0,4.829257356180535
10,9,10,10_10,panelist,high,1,1,0,0,4.6430294982696845
10,9,11,10_11,panelist,none,1,0,0,1,4.454419341069727
10,9,12,10_12,panelist,med,1,0,0,0,4.391541561794599
10,9,13,10_13,panelist,med,1,0,0,0,4.6585548466616356
10,9,14,10_14,reviewer,low,0,0,1,0,4.488615659097918
10,9,15,10_15,panelist,med,1,0,0,0,4.869957701264676
10,9,16,10_16,panelist,high,1,1,0,0,4.2617859964980935
10,9,17,10_17,panelist,med,1,0,0,0,4.673029471713033
10,9,18,10_18,panelist,high,1,1,0,0,4.700342916624456
10,9,19,10_19,reviewer,high,0,1,0,0,3.933210714067978
10,9,20,10_20,panelist,none,1,0,0,1,4.898459667222178
10,9,21,10_21,panelist,low,1,0,1,0,4.397990820375619
10,9,22,10_22,panelist,none,1,0,0,1,4.896177504140737
10,9,23,10_23,panelist,low,1,0,1,0,4.732552191858552
10,9,24,10_24,panelist,med,1,0,0,0,4.234357434705102
10,10,01,10_01,panelist,high,1,1,0,0,3.8310171384757195
10,10,02,10_02,reviewer,high,0,1,0,0,4.047780997901002
10,10,03,10_03,panelist,low,1,0,1,0,4.1165013483563735
10,10,04,10_04,panelist,none,1,0,0,1,4.123132917252649
10,10,05,10_05,reviewer,med,0,0,0,0,3.729262991099873
10,10,06,10_06,panelist,med,1,0,0,0,4.59463068379749
10,10,07,10_07,panelist,none,1,0,0,1,4.350161632386072
10,10,08,10_08,panelist,med,1,0,0,0,4.3114710814885004
10,10,09,10_09,panelist,high,1,1,0,0,4.426898522974588
10,10,10,10_10,panelist,low,1,0,1,0,4.267273643270539
10,10,11,10_11,reviewer,med,0,0,0,0,3.7014997070669726
10,10,12,10_12,panelist,med,1,0,0,0,4.4581329122481455
10,10,13,10_13,panelist,med,1,0,0,0,4.5092727514609345
10,10,14,10_14,panelist,med,1,0,0,0,4.180350572549717
10,10,15,10_15,panelist,none,1,0,0,1,4.4348591835635585
10,10,16,10_16,panelist,low,1,0,1,0,4.428300056416192
10,10,17,10_17,panelist,high,1,1,0,0,4.131539626007652
10,10,18,10_18,panelist,high,1,1,0,0,4.415554198879009
10,10,19,10_19,panelist,low,1,0,1,0,4.228366458090376
10,10,20,10_20,panelist,med,1,0,0,0,4.1627198999324335
10,10,21,10_21,panelist,med,1,0,0,0,3.9852223177552775
10,10,22,10_22,panelist,none,1,0,0,1,4.501587258944574
10,10,23,10_23,panelist,high,1,1,0,0,4.49346180949286
10,10,24,10_24,panelist,med,1,0,0,0,3.966550460299751
10,11,01,10_01,panelist,high,1,1,0,0,3.702949400595559
10,11,02,10_02,panelist,med,1,0,0,0,4.3470800468342246
10,11,03,10_03,panelist,none,1,0,0,1,3.9347198746557184
10,11,04,10_04,panelist,med,1,0,0,0,4.312751317144782
10,11,05,10_05,panelist,med,1,0,0,0,4.161381712451773
10,11,06,10_06,panelist,low,1,0,1,0,4.139487559822893
10,11,07,10_07,panelist,low,1,0,1,0,3.9564744542845456
10,11,08,10_08,reviewer,high,0,1,0,0,3.8119878369258764
10,11,09,10_09,panelist,low,1,0,1,0,4.8811917108808975
10,11,10,10_10,panelist,med,1,0,0,0,4.052343293214815
10,11,11,10_11,panelist,med,1,0,0,0,3.939415898316667
10,11,12,10_12,panelist,med,1,0,0,0,4.142468365818578
10,11,13,10_13,panelist,high,1,1,0,0,4.354024260457509
10,11,14,10_14,panelist,high,1,1,0,0,4.0447615604333205
10,11,15,10_15,panelist,none,1,0,0,1,3.967393959280587
10,11,16,10_16,reviewer,high,0,1,0,0,4.054894638742542
10,11,17,10_17,panelist,med,1,0,0,0,4.1099814572238635
10,11,18,10_18,panelist,med,1,0,0,0,4.296418159167158
10,11,19,10_19,reviewer,low,0,0,1,0,3.8389238668636843
10,11,20,10_20,panelist,none,1,0,0,1,4.506658919292089
10,11,21,10_21,panelist,med,1,0,0,0,3.7602023659195547
10,11,22,10_22,panelist,none,1,0,0,1,4.675867183875218
10,11,23,10_23,panelist,high,1,1,0,0,4.30863466569593
10,11,24,10_24,panelist,med,1,0,0,0,3.7804658083243567
10,12,01,10_01,panelist,low,1,0,1,0,4.183825167051666
10,12,02,10_02,panelist,high,1,1,0,0,4.5807181853656544
10,12,03,10_03,panelist,med,1,0,0,0,4.444366472053409
10,12,04,10_04,panelist,med,1,0,0,0,3.9978489841282037
10,12,05,10_05,panelist,low,1,0,1,0,4.5038692700285194
10,12,06,10_06,panelist,high,1,1,0,0,4.2987118160767395
10,12,07,10_07,panelist,med,1,0,0,0,4.072790259848503
10,12,08,10_08,panelist,med,1,0,0,0,4.22004152191628
10,12,09,10_09,panelist,none,1,0,0,1,4.76827129241419
10,12,10,10_10,panelist,low,1,0,1,0,4.298586458205505
10,12,11,10_11,panelist,med,1,0,0,0,3.888162732825666
10,12,12,10_12,panelist,high,1,1,0,0,4.504627510459753
10,12,13,10_13,panelist,med,1,0,0,0,4.489029634465077
10,12,14,10_14,panelist,high,1,1,0,0,4.187614480916117
10,12,15,10_15,panelist,high,1,1,0,0,4.152841918675413
10,12,16,10_16,panelist,med,1,0,0,0,4.442549542136693
10,12,17,10_17,panelist,med,1,0,0,0,3.902262669338742
10,12,18,10_18,reviewer,med,0,0,0,0,3.77747290263468
10,12,19,10_19,reviewer,med,0,0,0,0,3.5706774758685755
10,12,20,10_20,panelist,none,1,0,0,1,4.500226599435728
10,12,21,10_21,panelist,high,1,1,0,0,4.118633464796876
10,12,22,10_22,panelist,none,1,0,0,1,4.27684041555952
10,12,23,10_23,reviewer,low,0,0,1,0,3.867454288205377
10,12,24,10_24,panelist,none,1,0,0,1,4.353280136400112
10,13,01,10_01,panelist,none,1,0,0,1,4.377254470869819
10,13,02,10_02,panelist,low,1,0,1,0,4.872231831003006
10,13,03,10_03,panelist,high,1,1,0,0,4.40984374337294
10,13,04,10_04,panelist,med,1,0,0,0,4.36264858248834
10,13,05,10_05,panelist,none,1,0,0,1,4.835807365380701
10,13,06,10_06,panelist,high,1,1,0,0,4.571823021081989
10,13,07,10_07,panelist,high,1,1,0,0,4.015436894407013
10,13,08,10_08,panelist,high,1,1,0,0,4.676043660725325
10,13,09,10_09,panelist,med,1,0,0,0,4.867750842361887
10,13,10,10_10,panelist,low,1,0,1,0,4.45349431537884
10,13,11,10_11,panelist,high,1,1,0,0,3.884330150191536
10,13,12,10_12,reviewer,med,0,0,0,0,4.182211522037945
10,13,13,10_13,panelist,med,1,0,0,0,4.598650195580346
10,13,14,10_14,reviewer,med,0,0,0,0,4.074740686324926
10,13,15,10_15,panelist,none,1,0,0,1,4.8000872646484565
10,13,16,10_16,panelist,low,1,0,1,0,4.800010594844842
10,13,17,10_17,panelist,high,1,1,0,0,3.9679320879748436
10,13,18,10_18,panelist,none,1,0,0,1,4.671118799227185
10,13,19,10_19,reviewer,med,0,0,0,0,3.996031561988336
10,13,20,10_20,panelist,low,1,0,1,0,4.108426727078753
10,13,21,10_21,panelist,med,1,0,0,0,4.474046286877129
10,13,22,10_22,panelist,med,1,0,0,0,4.59310229726319
10,13,23,10_23,panelist,med,1,0,0,0,4.781044103728686
10,13,24,10_24,panelist,med,1,0,0,0,4.110873935932621
10,14,01,10_01,panelist,med,1,0,0,0,4.122094396220169
10,14,02,10_02,panelist,high,1,1,0,0,4.29135295886696
10,14,03,10_03,panelist,high,1,1,0,0,3.79875037295129
10,14,04,10_04,panelist,none,1,0,0,1,4.308881287207307
10,14,05,10_05,panelist,low,1,0,1,0,4.141946747949832
10,14,06,10_06,reviewer,high,0,1,0,0,3.872285430799835
10,14,07,10_07,panelist,none,1,0,0,1,4.349411133197662
10,14,08,10_08,panelist,med,1,0,0,0,4.175337405763803
10,14,09,10_09,panelist,med,1,0,0,0,4.559145798822748
10,14,10,10_10,panelist,med,1,0,0,0,4.278583148202377
10,14,11,10_11,panelist,low,1,0,1,0,3.7958710314902397
10,14,12,10_12,panelist,med,1,0,0,0,3.938052961914695
10,14,13,10_13,panelist,med,1,0,0,0,4.36539651398332
10,14,14,10_14,panelist,med,1,0,0,0,4.092659313830016
10,14,15,10_15,panelist,low,1,0,1,0,4.580506806600042
10,14,16,10_16,panelist,high,1,1,0,0,4.189817499667739
10,14,17,10_17,panelist,none,1,0,0,1,4.272233539569873
10,14,18,10_18,panelist,med,1,0,0,0,3.9689974532303935
10,14,19,10_19,reviewer,med,0,0,0,0,3.686161998884827
10,14,20,10_20,panelist,high,1,1,0,0,3.927671664964301
10,14,21,10_21,panelist,med,1,0,0,0,4.083943430222475
10,14,22,10_22,panelist,high,1,1,0,0,4.131881392707328
10,14,23,10_23,panelist,low,1,0,1,0,3.9908565808812537
10,14,24,10_24,reviewer,none,0,0,0,1,4.081896843089234
10,15,01,10_01,reviewer,med,0,0,0,0,3.7293896341385526
10,15,02,10_02,panelist,low,1,0,1,0,4.2078695416943095
10,15,03,10_03,panelist,none,1,0,0,1,3.7708319858979595
10,15,04,10_04,panelist,high,1,1,0,0,3.7519790478830397
10,15,05,10_05,reviewer,med,0,0,0,0,3.529249469626737
10,15,06,10_06,panelist,med,1,0,0,0,3.596804217974715
10,15,07,10_07,panelist,low,1,0,1,0,3.9573555740094037
10,15,08,10_08,panelist,low,1,0,1,0,4.243882524906132
10,15,09,10_09,panelist,high,1,1,0,0,4.359320251655816
10,15,10,10_10,panelist,none,1,0,0,1,4.207880957366144
10,15,11,10_11,panelist,med,1,0,0,0,3.5357696773001046
10,15,12,10_12,panelist,none,1,0,0,1,3.8965103759680044
10,15,13,10_13,panelist,med,1,0,0,0,4.2391512424447875
10,15,14,10_14,panelist,med,1,0,0,0,3.7355895502601353
10,15,15,10_15,panelist,med,1,0,0,0,3.5539117839667282
10,15,16,10_16,panelist,none,1,0,0,1,4.0742792091126585
10,15,17,10_17,panelist,med,1,0,0,0,3.8819168284385097
10,15,18,10_18,panelist,high,1,1,0,0,3.7631378645690794
10,15,19,10_19,panelist,high,1,1,0,0,3.504261744766903
10,15,20,10_20,panelist,high,1,1,0,0,4.007864542874129
10,15,21,10_21,panelist,high,1,1,0,0,3.651140035932775
10,15,22,10_22,panelist,low,1,0,1,0,3.962357759224893
10,15,23,10_23,panelist,med,1,0,0,0,3.6476537714122093
10,15,24,10_24,reviewer,med,0,0,0,0,3.939001579419934
11,1,01,11_01,panelist,low,1,0,1,0,4.340557444483632
11,1,02,11_02,panelist,med,1,0,0,0,4.696382026669526
11,1,03,11_03,panelist,med,1,0,0,0,3.9385737733179136
11,1,04,11_04,panelist,none,1,0,0,1,3.9056530559732363
11,1,05,11_05,reviewer,high,0,1,0,0,4.078711015451842
11,1,06,11_06,panelist,low,1,0,1,0,4.671733313210682
11,1,07,11_07,panelist,med,1,0,0,0,3.7828019450935333
11,1,08,11_08,panelist,med,1,0,0,0,4.878837282031738
11,1,09,11_09,panelist,high,1,1,0,0,4.630682597672478
11,1,10,11_10,panelist,high,1,1,0,0,4.233492912555644
11,1,11,11_11,panelist,med,1,0,0,0,4.109529432083967
11,1,12,11_12,panelist,none,1,0,0,1,4.707045481855537
11,1,13,11_13,reviewer,high,0,1,0,0,4.411092926822009
11,1,14,11_14,panelist,low,1,0,1,0,4.243415365314859
11,1,15,11_15,reviewer,high,0,1,0,0,3.9370130041450757
11,1,16,11_16,panelist,med,1,0,0,0,4.198357165395459
11,1,17,11_17,panelist,none,1,0,0,1,4.693179491100776
11,1,18,11_18,panelist,med,1,0,0,0,4.487756584857822
11,1,19,11_19,panelist,med,1,0,0,0,4.140201326950805
11,1,20,11_20,panelist,high,1,1,0,0,4.054921597795879
11,1,21,11_21,panelist,low,1,0,1,0,4.49753467086445
11,1,22,11_22,panelist,med,1,0,0,0,4.419045888527464
11,1,23,11_23,panelist,none,1,0,0,1,4.568788622088194
11,1,24,11_24,panelist,med,1,0,0,0,3.6218271495214203
11,2,01,11_01,panelist,none,1,0,0,1,4.413468674739579
11,2,02,11_02,panelist,low,1,0,1,0,4.828286336666299
11,2,03,11_03,panelist,low,1,0,1,0,4.234131276136581
11,2,04,11_04,panelist,none,1,0,0,1,4.292303365336744
11,2,05,11_05,panelist,high,1,1,0,0,4.144541492720732
11,2,06,11_06,panelist,low,1,0,1,0,4.263341910047266
11,2,07,11_07,panelist,med,1,0,0,0,4.519203666984472
11,2,08,11_08,panelist,none,1,0,0,1,4.865600947734019
11,2,09,11_09,panelist,high,1,1,0,0,4.7802183353232754
11,2,10,11_10,reviewer,high,0,1,0,0,3.817352685193289
11,2,11,11_11,panelist,med,1,0,0,0,3.8731766891207937
11,2,12,11_12,panelist,high,1,1,0,0,4.347514005630894
11,2,13,11_13,reviewer,med,0,0,0,0,4.718200092898123
11,2,14,11_14,panelist,med,1,0,0,0,4.763406367992739
11,2,15,11_15,panelist,med,1,0,0,0,4.281226223115288
11,2,16,11_16,panelist,med,1,0,0,0,4.522734377788721
11,2,17,11_17,panelist,med,1,0,0,0,4.606083603337166
11,2,18,11_18,reviewer,med,0,0,0,0,4.217930511915039
11,2,19,11_19,panelist,low,1,0,1,0,3.9192949811551534
11,2,20,11_20,panelist,med,1,0,0,0,4.749934464137232
11,2,21,11_21,panelist,none,1,0,0,1,4.643546377380374
11,2,22,11_22,panelist,med,1,0,0,0,4.572652905293593
11,2,23,11_23,panelist,high,1,1,0,0,4.65470230835439
11,2,24,11_24,panelist,high,1,1,0,0,4.179034537673759
11,3,01,11_01,panelist,med,1,0,0,0,4.17148524845968
11,3,02,11_02,panelist,med,1,0,0,0,4.892558953766362
11,3,03,11_03,reviewer,none,0,0,0,1,3.8316885486123073
11,3,04,11_04,panelist,med,1,0,0,0,4.234643403040021
11,3,05,11_05,panelist,med,1,0,0,0,4.162976361939535
11,3,06,11_06,panelist,high,1,1,0,0,4.416266339214227
11,3,07,11_07,panelist,low,1,0,1,0,4.412885587096054
11,3,08,11_08,panelist,high,1,1,0,0,4.4702235198914835
11,3,09,11_09,panelist,none,1,0,0,1,4.741039055723402
11,3,10,11_10,panelist,high,1,1,0,0,4.220971963250747
11,3,11,11_11,reviewer,high,0,1,0,0,3.613784693838958
11,3,12,11_12,panelist,med,1,0,0,0,4.059540211316066
11,3,13,11_13,panelist,med,1,0,0,0,4.611593366852888
11,3,14,11_14,panelist,high,1,1,0,0,4.485306116128237
11,3,15,11_15,panelist,med,1,0,0,0,4.17413528819903
11,3,16,11_16,reviewer,med,0,0,0,0,4.271282617462828
11,3,17,11_17,panelist,med,1,0,0,0,4.218143757188221
11,3,18,11_18,panelist,med,1,0,0,0,4.524160349495253
11,3,19,11_19,panelist,low,1,0,1,0,4.27943642722168
11,3,20,11_20,panelist,none,1,0,0,1,4.596280151041055
11,3,21,11_21,panelist,high,1,1,0,0,4.452801798310466
11,3,22,11_22,panelist,low,1,0,1,0,4.768036302189573
11,3,23,11_23,panelist,none,1,0,0,1,4.6481638490961625
11,3,24,11_24,panelist,low,1,0,1,0,4.0738474776197116
11,4,01,11_01,panelist,high,1,1,0,0,3.880523550068046
11,4,02,11_02,panelist,low,1,0,1,0,4.7444083894997355
11,4,03,11_03,panelist,none,1,0,0,1,4.5514199821014
11,4,04,11_04,panelist,none,1,0,0,1,4.5502622130916235
11,4,05,11_05,reviewer,high,0,1,0,0,3.929548968530065
11,4,06,11_06,panelist,med,1,0,0,0,4.71911052146157
11,4,07,11_07,panelist,none,1,0,0,1,4.2764900827655605
11,4,08,11_08,panelist,med,1,0,0,0,4.843060069225111
11,4,09,11_09,panelist,none,1,0,0,1,4.631900248496443
11,4,10,11_10,panelist,low,1,0,1,0,4.750369410351348
11,4,11,11_11,panelist,med,1,0,0,0,4.4889117931066576
11,4,12,11_12,panelist,med,1,0,0,0,4.656104047840562
11,4,13,11_13,reviewer,med,0,0,0,0,4.591627711320441
11,4,14,11_14,reviewer,med,0,0,0,0,4.3939690029503105
11,4,15,11_15,panelist,med,1,0,0,0,4.502569574105661
11,4,16,11_16,panelist,high,1,1,0,0,4.248730913182871
11,4,17,11_17,panelist,med,1,0,0,0,4.263633066916619
11,4,18,11_18,panelist,med,1,0,0,0,4.840081347217536
11,4,19,11_19,panelist,high,1,1,0,0,4.174489759898691
11,4,20,11_20,panelist,low,1,0,1,0,4.757266565336712
11,4,21,11_21,panelist,high,1,1,0,0,4.5118946895775025
11,4,22,11_22,panelist,high,1,1,0,0,4.1680732590250384
11,4,23,11_23,panelist,low,1,0,1,0,4.732345272272861
11,4,24,11_24,panelist,med,1,0,0,0,4.404549292750141
11,5,01,11_01,panelist,low,1,0,1,0,3.9702008010562606
11,5,02,11_02,panelist,med,1,0,0,0,4.294331608459729
11,5,03,11_03,panelist,high,1,1,0,0,3.7659774664133683
11,5,04,11_04,reviewer,none,0,0,0,1,3.9148676572485335
11,5,05,11_05,reviewer,high,0,1,0,0,3.611679381357435
11,5,06,11_06,panelist,low,1,0,1,0,4.524593125519574
11,5,07,11_07,panelist,high,1,1,0,0,4.110103458473222
11,5,08,11_08,panelist,none,1,0,0,1,4.628532175200477
11,5,09,11_09,panelist,med,1,0,0,0,4.804477543901583
11,5,10,11_10,panelist,med,1,0,0,0,4.4237820752575425
11,5,11,11_11,panelist,med,1,0,0,0,3.9353116997695836
11,5,12,11_12,panelist,none,1,0,0,1,4.216565289990648
11,5,13,11_13,panelist,med,1,0,0,0,4.3538279227152445
11,5,14,11_14,reviewer,med,0,0,0,0,4.297721629073128
11,5,15,11_15,panelist,high,1,1,0,0,4.15735687417589
11,5,16,11_16,panelist,none,1,0,0,1,4.435308177105644
11,5,17,11_17,panelist,high,1,1,0,0,4.120890506607471
11,5,18,11_18,panelist,med,1,0,0,0,3.9637459826825836
11,5,19,11_19,panelist,med,1,0,0,0,4.142041182776372
11,5,20,11_20,panelist,high,1,1,0,0,4.151852322478691
11,5,21,11_21,panelist,med,1,0,0,0,4.266666060029706
11,5,22,11_22,panelist,low,1,0,1,0,4.335019387266837
11,5,23,11_23,panelist,low,1,0,1,0,4.569867228958342
11,5,24,11_24,panelist,med,1,0,0,0,4.002705614544969
11,6,01,11_01,panelist,none,1,0,0,1,4.669941272093059
11,6,02,11_02,panelist,med,1,0,0,0,4.8291942130879875
11,6,03,11_03,reviewer,med,0,0,0,0,3.7684149076230224
11,6,04,11_04,panelist,none,1,0,0,1,4.5468845074506525
11,6,05,11_05,reviewer,high,0,1,0,0,4.2512948026796344
11,6,06,11_06,panelist,med,1,0,0,0,4.6106328163786365
11,6,07,11_07,panelist,med,1,0,0,0,4.802173209422425
11,6,08,11_08,panelist,med,1,0,0,0,4.702051726411331
11,6,09,11_09,panelist,low,1,0,1,0,4.793271035163127
11,6,10,11_10,panelist,high,1,1,0,0,4.330544322983105
11,6,11,11_11,panelist,low,1,0,1,0,4.230550764077647
11,6,12,11_12,panelist,med,1,0,0,0,4.806176280680539
11,6,13,11_13,panelist,high,1,1,0,0,4.7777445693380365
11,6,14,11_14,panelist,med,1,0,0,0,4.604561702906008
11,6,15,11_15,reviewer,med,0,0,0,0,4.636448308618483
11,6,16,11_16,panelist,high,1,1,0,0,4.427867932509042
11,6,17,11_17,panelist,none,1,0,0,1,4.863918426691934
11,6,18,11_18,panelist,med,1,0,0,0,4.533395094944829
11,6,19,11_19,panelist,high,1,1,0,0,4.369467259861196
11,6,20,11_20,panelist,med,1,0,0,0,4.784779490089272
11,6,21,11_21,panelist,none,1,0,0,1,4.764687443056612
11,6,22,11_22,panelist,low,1,0,1,0,4.888446167096403
11,6,23,11_23,panelist,low,1,0,1,0,4.861027708416786
11,6,24,11_24,panelist,high,1,1,0,0,4.305734693181206
11,7,01,11_01,reviewer,high,0,1,0,0,4.4060708213274085
11,7,02,11_02,panelist,low,1,0,1,0,4.761609311983108
11,7,03,11_03,panelist,high,1,1,0,0,4.311537735376992
11,7,04,11_04,reviewer,med,0,0,0,0,4.588336221572475
11,7,05,11_05,panelist,low,1,0,1,0,4.708259564683389
11,7,06,11_06,panelist,low,1,0,1,0,4.729354732988497
11,7,07,11_07,panelist,med,1,0,0,0,4.417911069283372
11,7,08,11_08,reviewer,none,0,0,0,1,4.773604623643391
11,7,09,11_09,panelist,med,1,0,0,0,4.8148793073557155
11,7,10,11_10,panelist,none,1,0,0,1,4.827170742123294
11,7,11,11_11,panelist,none,1,0,0,1,4.521456276636844
11,7,12,11_12,panelist,none,1,0,0,1,4.71711853966114
11,7,13,11_13,panelist,high,1,1,0,0,4.765698248900556
11,7,14,11_14,panelist,low,1,0,1,0,4.859346757803286
11,7,15,11_15,panelist,high,1,1,0,0,4.556510850159263
11,7,16,11_16,panelist,med,1,0,0,0,4.7147026378792125
11,7,17,11_17,panelist,med,1,0,0,0,4.832347568525231
11,7,18,11_18,panelist,high,1,1,0,0,4.89138139393052
11,7,19,11_19,panelist,med,1,0,0,0,4.1727968553793815
11,7,20,11_20,panelist,med,1,0,0,0,4.868010271683226
11,7,21,11_21,panelist,med,1,0,0,0,4.719394964847965
11,7,22,11_22,panelist,med,1,0,0,0,4.858115652418769
11,7,23,11_23,panelist,med,1,0,0,0,4.798328330205676
11,7,24,11_24,panelist,high,1,1,0,0,4.776799136252591
11,8,01,11_01,panelist,high,1,1,0,0,3.9982418125081938
11,8,02,11_02,reviewer,med,0,0,0,0,4.385053375345961
11,8,03,11_03,panelist,med,1,0,0,0,3.563952433466533
11,8,04,11_04,panelist,low,1,0,1,0,3.9401563614863346
11,8,05,11_05,panelist,low,1,0,1,0,3.7308817346246204
11,8,06,11_06,panelist,high,1,1,0,0,4.081371851011905
11,8,07,11_07,panelist,med,1,0,0,0,3.8736031884356996
11,8,08,11_08,panelist,med,1,0,0,0,4.21530925545475
11,8,09,11_09,panelist,med,1,0,0,0,3.9405689738160734
11,8,10,11_10,panelist,med,1,0,0,0,4.021144543379506
11,8,11,11_11,panelist,low,1,0,1,0,3.7205955596254072
11,8,12,11_12,panelist,none,1,0,0,1,4.496499335120298
11,8,13,11_13,reviewer,low,0,0,1,0,4.3661276778254905
11,8,14,11_14,panelist,none,1,0,0,1,4.615109917234251
11,8,15,11_15,panelist,med,1,0,0,0,4.079424978436459
11,8,16,11_16,panelist,high,1,1,0,0,4.295647644230021
11,8,17,11_17,panelist,none,1,0,0,1,4.403615520320561
11,8,18,11_18,panelist,med,1,0,0,0,4.189914339832049
11,8,19,11_19,panelist,high,1,1,0,0,3.6174729622632573
11,8,20,11_20,panelist,none,1,0,0,1,4.474502214155385
11,8,21,11_21,panelist,high,1,1,0,0,4.137149261102684
11,8,22,11_22,reviewer,med,0,0,0,0,3.709860944881768
11,8,23,11_23,panelist,med,1,0,0,0,3.903853542997856
11,8,24,11_24,panelist,high,1,1,0,0,3.888372904663467
11,9,01,11_01,reviewer,high,0,1,0,0,4.2166097795347115
11,9,02,11_02,panelist,low,1,0,1,0,4.895915550660043
11,9,03,11_03,reviewer,none,0,0,0,1,4.243114589740019
11,9,04,11_04,panelist,med,1,0,0,0,4.740126150570093
11,9,05,11_05,panelist,none,1,0,0,1,4.64362118232691
11,9,06,11_06,panelist,high,1,1,0,0,4.651802973906362
11,9,07,11_07,panelist,med,1,0,0,0,4.1514123583080185
11,9,08,11_08,panelist,high,1,1,0,0,4.762221372648228
11,9,09,11_09,panelist,none,1,0,0,1,4.89843354893978
11,9,10,11_10,panelist,low,1,0,1,0,4.669216793151271
11,9,11,11_11,panelist,high,1,1,0,0,4.33533653224614
11,9,12,11_12,panelist,high,1,1,0,0,4.681970445241089
11,9,13,11_13,panelist,med,1,0,0,0,4.863054223879301
11,9,14,11_14,panelist,med,1,0,0,0,4.899512126661856
11,9,15,11_15,panelist,med,1,0,0,0,4.365271985939568
11,9,16,11_16,panelist,none,1,0,0,1,4.89726497394266
11,9,17,11_17,panelist,med,1,0,0,0,4.51838766018829
11,9,18,11_18,reviewer,med,0,0,0,0,4.573077816415589
11,9,19,11_19,panelist,med,1,0,0,0,4.31774376909491
11,9,20,11_20,panelist,high,1,1,0,0,4.537110872320624
11,9,21,11_21,panelist,low,1,0,1,0,4.831315945342393
11,9,22,11_22,panelist,med,1,0,0,0,4.57569111397094
11,9,23,11_23,panelist,med,1,0,0,0,4.549724392989516
11,9,24,11_24,panelist,low,1,0,1,0,4.59427112271995
11,10,01,11_01,panelist,med,1,0,0,0,4.057625903480111
11,10,02,11_02,panelist,high,1,1,0,0,4.481257571562407
11,10,03,11_03,reviewer,med,0,0,0,0,3.9106429303889287
11,10,04,11_04,panelist,none,1,0,0,1,4.579700213447053
11,10,05,11_05,panelist,high,1,1,0,0,3.60625908931266
11,10,06,11_06,panelist,low,1,0,1,0,4.633679510166903
11,10,07,11_07,panelist,high,1,1,0,0,4.282389778289769
11,10,08,11_08,panelist,none,1,0,0,1,4.849427578287858
11,10,09,11_09,panelist,high,1,1,0,0,4.842814389145853
11,10,10,11_10,reviewer,low,0,0,1,0,4.228875420055047
11,10,11,11_11,panelist,high,1,1,0,0,4.107661230409695
11,10,12,11_12,panelist,none,1,0,0,1,4.8650635560939826
11,10,13,11_13,panelist,low,1,0,1,0,4.808562758960849
11,10,14,11_14,panelist,med,1,0,0,0,4.430971524705397
11,10,15,11_15,panelist,med,1,0,0,0,4.488112880299235
11,10,16,11_16,panelist,med,1,0,0,0,4.284921450917476
11,10,17,11_17,panelist,med,1,0,0,0,4.566036588968609
11,10,18,11_18,panelist,med,1,0,0,0,4.512542349554583
11,10,19,11_19,panelist,high,1,1,0,0,3.8860779472805254
11,10,20,11_20,panelist,none,1,0,0,1,4.644851975545319
11,10,21,11_21,panelist,med,1,0,0,0,4.524148930544549
11,10,22,11_22,panelist,med,1,0,0,0,4.294196549263779
11,10,23,11_23,panelist,med,1,0,0,0,4.126565634054729
11,10,24,11_24,reviewer,low,0,0,1,0,4.022593098726544
11,11,01,11_01,panelist,med,1,0,0,0,4.248815773228966
11,11,02,11_02,panelist,high,1,1,0,0,4.444919987647761
11,11,03,11_03,panelist,none,1,0,0,1,4.044876061586407
11,11,04,11_04,panelist,high,1,1,0,0,3.9820763144797966
11,11,05,11_05,panelist,high,1,1,0,0,3.7000577297768387
11,11,06,11_06,panelist,low,1,0,1,0,4.672655461877124
11,11,07,11_07,panelist,low,1,0,1,0,4.325314697720363
11,11,08,11_08,panelist,none,1,0,0,1,4.8068368710071265
11,11,09,11_09,panelist,high,1,1,0,0,4.6946998248643075
11,11,10,11_10,reviewer,med,0,0,0,0,4.269261661825838
11,11,11,11_11,panelist,low,1,0,1,0,4.010958342623975
11,11,12,11_12,panelist,med,1,0,0,0,4.1491592095809695
11,11,13,11_13,reviewer,med,0,0,0,0,4.468237372038997
11,11,14,11_14,panelist,none,1,0,0,1,4.325978987022299
11,11,15,11_15,reviewer,high,0,1,0,0,3.7075419032453065
11,11,16,11_16,panelist,high,1,1,0,0,3.787741559771841
11,11,17,11_17,panelist,low,1,0,1,0,4.444999572169748
11,11,18,11_18,panelist,none,1,0,0,1,4.480748431372437
11,11,19,11_19,panelist,med,1,0,0,0,3.8863937467014487
11,11,20,11_20,panelist,med,1,0,0,0,4.315260994493809
11,11,21,11_21,panelist,med,1,0,0,0,4.329343650085329
11,11,22,11_22,panelist,med,1,0,0,0,4.416868083069223
11,11,23,11_23,panelist,med,1,0,0,0,4.315138177626259
11,11,24,11_24,panelist,med,1,0,0,0,4.0381702479005215
11,12,01,11_01,panelist,med,1,0,0,0,4.192982217070879
11,12,02,11_02,panelist,low,1,0,1,0,4.870016515844529
11,12,03,11_03,panelist,high,1,1,0,0,3.7945665734433462
11,12,04,11_04,panelist,med,1,0,0,0,4.054717682133909
11,12,05,11_05,panelist,med,1,0,0,0,3.9869212958907205
11,12,06,11_06,panelist,med,1,0,0,0,4.485826817057763
11,12,07,11_07,panelist,low,1,0,1,0,4.346754708355669
11,12,08,11_08,reviewer,none,0,0,0,1,4.5912166804473795
11,12,09,11_09,panelist,high,1,1,0,0,4.840658935790637
11,12,10,11_10,panelist,high,1,1,0,0,4.332200138936633
11,12,11,11_11,panelist,med,1,0,0,0,4.285416442538775
11,12,12,11_12,reviewer,high,0,1,0,0,4.084258891324372
11,12,13,11_13,panelist,none,1,0,0,1,4.746080033498656
11,12,14,11_14,panelist,med,1,0,0,0,4.338910209401511
11,12,15,11_15,panelist,med,1,0,0,0,4.079800472717351
11,12,16,11_16,panelist,none,1,0,0,1,4.814007665472009
11,12,17,11_17,panelist,none,1,0,0,1,4.535502278314065
11,12,18,11_18,panelist,low,1,0,1,0,4.637109296123561
11,12,19,11_19,panelist,low,1,0,1,0,4.032166912454463
11,12,20,11_20,panelist,med,1,0,0,0,4.5490599003526535
11,12,21,11_21,panelist,med,1,0,0,0,4.466087095605493
11,12,22,11_22,panelist,med,1,0,0,0,4.445059785845126
11,12,23,11_23,panelist,high,1,1,0,0,4.042891767663852
11,12,24,11_24,reviewer,high,0,1,0,0,3.7172980952839354
11,13,01,11_01,reviewer,none,0,0,0,1,4.689611903438764
11,13,02,11_02,panelist,med,1,0,0,0,4.684041327731585
11,13,03,11_03,panelist,high,1,1,0,0,4.193691917551809
11,13,04,11_04,panelist,med,1,0,0,0,4.355846271914451
11,13,05,11_05,panelist,high,1,1,0,0,4.032988609601461
11,13,06,11_06,panelist,med,1,0,0,0,4.534919787737513
11,13,07,11_07,panelist,high,1,1,0,0,4.542673007702471
11,13,08,11_08,panelist,med,1,0,0,0,4.808599007727113
11,13,09,11_09,panelist,high,1,1,0,0,4.623197894094229
11,13,10,11_10,panelist,med,1,0,0,0,4.336686890618468
11,13,11,11_11,reviewer,high,0,1,0,0,4.125362962124132
11,13,12,11_12,panelist,low,1,0,1,0,4.719798085775699
11,13,13,11_13,panelist,med,1,0,0,0,4.799350650403909
11,13,14,11_14,panelist,med,1,0,0,0,4.719975682026275
11,13,15,11_15,panelist,none,1,0,0,1,4.676957496642779
11,13,16,11_16,panelist,med,1,0,0,0,4.662255818426165
11,13,17,11_17,panelist,med,1,0,0,0,4.642118618800085
11,13,18,11_18,panelist,med,1,0,0,0,4.249314453178846
11,13,19,11_19,reviewer,low,0,0,1,0,4.303603807743683
11,13,20,11_20,panelist,none,1,0,0,1,4.861341886936121
11,13,21,11_21,panelist,high,1,1,0,0,4.883506222924686
11,13,22,11_22,panelist,none,1,0,0,1,4.696114245760205
11,13,23,11_23,panelist,low,1,0,1,0,4.751704521876284
11,13,24,11_24,panelist,low,1,0,1,0,4.147498225876761
11,14,01,11_01,panelist,high,1,1,0,0,4.030928632330211
11,14,02,11_02,panelist,med,1,0,0,0,4.82024378765759
11,14,03,11_03,panelist,med,1,0,0,0,3.9634800941697077
11,14,04,11_04,panelist,med,1,0,0,0,4.4240869281862985
11,14,05,11_05,panelist,high,1,1,0,0,3.633387501951738
11,14,06,11_06,panelist,none,1,0,0,1,4.672730389951173
11,14,07,11_07,panelist,med,1,0,0,0,4.1199908945123545
11,14,08,11_08,panelist,med,1,0,0,0,4.659719180436288
11,14,09,11_09,panelist,high,1,1,0,0,4.681986414042127
11,14,10,11_10,reviewer,med,0,0,0,0,3.86305158705715
11,14,11,11_11,panelist,med,1,0,0,0,4.12812480892307
11,14,12,11_12,reviewer,med,0,0,0,0,4.175274824514295
11,14,13,11_13,panelist,high,1,1,0,0,4.6094913889304125
11,14,14,11_14,panelist,med,1,0,0,0,4.764244369825439
11,14,15,11_15,panelist,high,1,1,0,0,4.253667762668799
11,14,16,11_16,panelist,none,1,0,0,1,4.410253782006556
11,14,17,11_17,panelist,none,1,0,0,1,4.020624203352559
11,14,18,11_18,panelist,low,1,0,1,0,4.433232697465416
11,14,19,11_19,panelist,low,1,0,1,0,3.898862164763861
11,14,20,11_20,panelist,low,1,0,1,0,4.586551969053846
11,14,21,11_21,panelist,med,1,0,0,0,4.374415002058025
11,14,22,11_22,panelist,none,1,0,0,1,4.838346048156439
11,14,23,11_23,panelist,high,1,1,0,0,4.178157801465548
11,14,24,11_24,reviewer,low,0,0,1,0,4.044603549864893
11,15,01,11_01,panelist,none,1,0,0,1,3.9104648505029127
11,15,02,11_02,panelist,med,1,0,0,0,4.351959311697055
11,15,03,11_03,panelist,high,1,1,0,0,3.773768123626112
11,15,04,11_04,panelist,med,1,0,0,0,3.575929672647576
11,15,05,11_05,panelist,med,1,0,0,0,3.5777206015585157
11,15,06,11_06,panelist,med,1,0,0,0,3.834523086842864
11,15,07,11_07,panelist,low,1,0,1,0,3.9975897408079035
11,15,08,11_08,panelist,med,1,0,0,0,4.235797543711945
11,15,09,11_09,panelist,med,1,0,0,0,4.413815905420058
11,15,10,11_10,panelist,low,1,0,1,0,4.199108287462002
11,15,11,11_11,panelist,high,1,1,0,0,3.545976870462765
11,15,12,11_12,panelist,med,1,0,0,0,3.869981413975311
11,15,13,11_13,panelist,high,1,1,0,0,4.253887697876491
11,15,14,11_14,reviewer,high,0,1,0,0,3.7855344988075426
11,15,15,11_15,panelist,high,1,1,0,0,4.254175204287381
11,15,16,11_16,panelist,med,1,0,0,0,4.321799658457722
11,15,17,11_17,panelist,none,1,0,0,1,4.08709543073414
11,15,18,11_18,panelist,none,1,0,0,1,4.583326049043181
11,15,19,11_19,panelist,med,1,0,0,0,3.512952725643244
11,15,20,11_20,reviewer,low,0,0,1,0,4.167235459247718
11,15,21,11_21,panelist,high,1,1,0,0,3.520455296000916
11,15,22,11_22,panelist,med,1,0,0,0,4.099309469681353
11,15,23,11_23,panelist,low,1,0,1,0,3.723779194634559
11,15,24,11_24,reviewer,none,0,0,0,1,3.8393352950887323
12,1,01,12_01,panelist,low,1,0,1,0,3.791311020828545
12,1,02,12_02,panelist,med,1,0,0,0,4.427616278175829
12,1,03,12_03,panelist,high,1,1,0,0,3.6869566802891143
12,1,04,12_04,panelist,high,1,1,0,0,3.578984334128701
12,1,05,12_05,panelist,high,1,1,0,0,3.8451521911291446
12,1,06,12_06,panelist,none,1,0,0,1,3.9499189345368437
12,1,07,12_07,panelist,low,1,0,1,0,3.9899938031264446
12,1,08,12_08,reviewer,med,0,0,0,0,3.9173049782662837
12,1,09,12_09,panelist,med,1,0,0,0,4.616497160133455
12,1,10,12_10,panelist,low,1,0,1,0,4.356888788124351
12,1,11,12_11,panelist,med,1,0,0,0,3.9315488574993696
12,1,12,12_12,panelist,none,1,0,0,1,4.463562249618999
12,1,13,12_13,panelist,high,1,1,0,0,4.58801833627299
12,1,14,12_14,panelist,med,1,0,0,0,4.313422643462547
12,1,15,12_15,panelist,high,1,1,0,0,3.8880093480350006
12,1,16,12_16,reviewer,med,0,0,0,0,3.74069471572462
12,1,17,12_17,panelist,none,1,0,0,1,3.642897720696455
12,1,18,12_18,panelist,med,1,0,0,0,4.2845857525961435
12,1,19,12_19,panelist,med,1,0,0,0,3.8848057680919434
12,1,20,12_20,panelist,none,1,0,0,1,4.674539407077136
12,1,21,12_21,panelist,med,1,0,0,0,4.070754813332973
12,1,22,12_22,reviewer,low,0,0,1,0,4.174171299074866
12,1,23,12_23,panelist,high,1,1,0,0,3.9097100710103967
12,1,24,12_24,panelist,med,1,0,0,0,3.9957769584573737
12,2,01,12_01,panelist,none,1,0,0,1,4.045430112965382
12,2,02,12_02,panelist,none,1,0,0,1,4.781241045878593
12,2,03,12_03,panelist,low,1,0,1,0,3.5250591564750167
12,2,04,12_04,panelist,high,1,1,0,0,4.14963795521087
12,2,05,12_05,panelist,med,1,0,0,0,3.8779777370777913
12,2,06,12_06,panelist,med,1,0,0,0,4.645703434311547
12,2,07,12_07,panelist,med,1,0,0,0,3.847383339559668
12,2,08,12_08,panelist,med,1,0,0,0,4.460149480101539
12,2,09,12_09,panelist,high,1,1,0,0,4.370449056038442
12,2,10,12_10,panelist,med,1,0,0,0,3.922085892487078
12,2,11,12_11,panelist,high,1,1,0,0,3.6512974391081774
12,2,12,12_12,panelist,med,1,0,0,0,4.153208709530119
12,2,13,12_13,panelist,low,1,0,1,0,4.263662230287368
12,2,14,12_14,panelist,none,1,0,0,1,4.35612329396757
12,2,15,12_15,panelist,none,1,0,0,1,4.21712183076809
12,2,16,12_16,reviewer,high,0,1,0,0,3.502744883972426
12,2,17,12_17,panelist,low,1,0,1,0,4.066440539395939
12,2,18,12_18,panelist,high,1,1,0,0,4.067589277394325
12,2,19,12_19,panelist,high,1,1,0,0,4.125585044563069
12,2,20,12_20,reviewer,med,0,0,0,0,4.096231309990189
12,2,21,12_21,reviewer,med,0,0,0,0,3.522345213422271
12,2,22,12_22,panelist,med,1,0,0,0,4.783945604741315
12,2,23,12_23,panelist,med,1,0,0,0,4.210425894226833
12,2,24,12_24,panelist,low,1,0,1,0,4.286200189155655
12,3,01,12_01,panelist,med,1,0,0,0,4.051153420192584
12,3,02,12_02,panelist,med,1,0,0,0,4.5774921355627285
12,3,03,12_03,panelist,high,1,1,0,0,3.594547209463477
12,3,04,12_04,panelist,med,1,0,0,0,3.936373823827151
12,3,05,12_05,panelist,low,1,0,1,0,4.2221400416402615
12,3,06,12_06,panelist,med,1,0,0,0,3.8828192246782907
12,3,07,12_07,panelist,low,1,0,1,0,3.9892098647076
12,3,08,12_08,panelist,high,1,1,0,0,3.929953429035552
12,3,09,12_09,panelist,none,1,0,0,1,4.624990579304304
12,3,10,12_10,panelist,low,1,0,1,0,4.301109338008977
12,3,11,12_11,panelist,high,1,1,0,0,3.6004490264954945
12,3,12,12_12,panelist,med,1,0,0,0,4.319901658389591
12,3,13,12_13,panelist,med,1,0,0,0,4.786517088476756
12,3,14,12_14,reviewer,med,0,0,0,0,4.133952915929433
12,3,15,12_15,reviewer,none,0,0,0,1,4.016126074737198
12,3,16,12_16,panelist,none,1,0,0,1,4.4544499062547525
12,3,17,12_17,panelist,high,1,1,0,0,3.97708667640293
12,3,18,12_18,panelist,med,1,0,0,0,4.312094600441496
12,3,19,12_19,panelist,high,1,1,0,0,3.7876065852598084
12,3,20,12_20,panelist,low,1,0,1,0,4.168339234101038
12,3,21,12_21,panelist,high,1,1,0,0,4.042566038649165
12,3,22,12_22,reviewer,none,0,0,0,1,3.759682326568925
12,3,23,12_23,panelist,med,1,0,0,0,3.9676270133180873
12,3,24,12_24,panelist,med,1,0,0,0,4.0176024705503615
12,4,01,12_01,panelist,med,1,0,0,0,4.059133883983083
12,4,02,12_02,panelist,high,1,1,0,0,4.574620717358977
12,4,03,12_03,panelist,high,1,1,0,0,3.838179200772757
12,4,04,12_04,panelist,low,1,0,1,0,3.826541472579272
12,4,05,12_05,panelist,low,1,0,1,0,4.112382245661218
12,4,06,12_06,panelist,high,1,1,0,0,4.438083212574927
12,4,07,12_07,panelist,none,1,0,0,1,4.159425895485987
12,4,08,12_08,panelist,high,1,1,0,0,4.331829411245784
12,4,09,12_09,panelist,med,1,0,0,0,4.825019558783693
12,4,10,12_10,reviewer,med,0,0,0,0,4.198562127154595
12,4,11,12_11,panelist,none,1,0,0,1,4.149075885769882
12,4,12,12_12,panelist,med,1,0,0,0,4.1005942398063935
12,4,13,12_13,panelist,low,1,0,1,0,4.640573964531367
12,4,14,12_14,panelist,high,1,1,0,0,4.2977027082577495
12,4,15,12_15,panelist,low,1,0,1,0,4.325951456193795
12,4,16,12_16,panelist,med,1,0,0,0,4.508456277098705
12,4,17,12_17,panelist,none,1,0,0,1,4.364618918738675
12,4,18,12_18,reviewer,med,0,0,0,0,4.343707908144326
12,4,19,12_19,panelist,med,1,0,0,0,3.675835550956135
12,4,20,12_20,reviewer,med,0,0,0,0,4.292506689330494
12,4,21,12_21,panelist,high,1,1,0,0,4.108006077612989
12,4,22,12_22,panelist,med,1,0,0,0,4.206920194409846
12,4,23,12_23,panelist,med,1,0,0,0,4.244347588689109
12,4,24,12_24,panelist,none,1,0,0,1,4.438741466996755
12,5,01,12_01,panelist,none,1,0,0,1,4.015691551824465
12,5,02,12_02,panelist,med,1,0,0,0,4.260395425343807
12,5,03,12_03,reviewer,med,0,0,0,0,3.6487750221416317
12,5,04,12_04,reviewer,high,0,1,0,0,3.6777432801045076
12,5,05,12_05,panelist,med,1,0,0,0,4.106288749502121
12,5,06,12_06,panelist,low,1,0,1,0,4.120660098938834
12,5,07,12_07,panelist,none,1,0,0,1,3.5793243484418213
12,5,08,12_08,panelist,med,1,0,0,0,4.090231127266756
12,5,09,12_09,panelist,high,1,1,0,0,4.171116917821646
12,5,10,12_10,panelist,med,1,0,0,0,3.8041810069294004
12,5,11,12_11,panelist,low,1,0,1,0,3.9171085845865417
12,5,12,12_12,panelist,med,1,0,0,0,3.6390869115181297
12,5,13,12_13,panelist,high,1,1,0,0,4.202179444360919
12,5,14,12_14,panelist,low,1,0,1,0,4.1478321348209635
12,5,15,12_15,reviewer,high,0,1,0,0,4.019796320853527
12,5,16,12_16,panelist,high,1,1,0,0,3.651322606085509
12,5,17,12_17,panelist,med,1,0,0,0,4.064614499090059
12,5,18,12_18,panelist,med,1,0,0,0,4.046065728359318
12,5,19,12_19,panelist,med,1,0,0,0,3.5581752575178762
12,5,20,12_20,panelist,none,1,0,0,1,4.219794121105746
12,5,21,12_21,panelist,none,1,0,0,1,3.869931777586723
12,5,22,12_22,panelist,med,1,0,0,0,4.1224169466734795
12,5,23,12_23,panelist,high,1,1,0,0,4.076988706559909
12,5,24,12_24,panelist,low,1,0,1,0,3.7501358355544805
12,6,01,12_01,panelist,low,1,0,1,0,4.090693509929389
12,6,02,12_02,panelist,med,1,0,0,0,4.741209528341331
12,6,03,12_03,panelist,none,1,0,0,1,4.459066988765146
12,6,04,12_04,panelist,none,1,0,0,1,4.163618869430463
12,6,05,12_05,panelist,med,1,0,0,0,4.0392713804976506
12,6,06,12_06,panelist,med,1,0,0,0,4.041441152243444
12,6,07,12_07,panelist,med,1,0,0,0,4.16628621359072
12,6,08,12_08,panelist,high,1,1,0,0,4.6582100842376715
12,6,09,12_09,panelist,low,1,0,1,0,4.601228612929592
12,6,10,12_10,panelist,low,1,0,1,0,4.382288646264229
12,6,11,12_11,panelist,med,1,0,0,0,4.015011992777263
12,6,12,12_12,panelist,none,1,0,0,1,4.620714499303468
12,6,13,12_13,panelist,high,1,1,0,0,4.602611501419181
12,6,14,12_14,reviewer,high,0,1,0,0,4.357937501536044
12,6,15,12_15,panelist,med,1,0,0,0,4.361343179298024
12,6,16,12_16,panelist,med,1,0,0,0,4.338564272870948
12,6,17,12_17,panelist,none,1,0,0,1,4.474578434564637
12,6,18,12_18,panelist,low,1,0,1,0,4.405026886285361
12,6,19,12_19,reviewer,med,0,0,0,0,3.885853616538341
12,6,20,12_20,panelist,med,1,0,0,0,4.806683820559382
12,6,21,12_21,panelist,high,1,1,0,0,4.3713295408525
12,6,22,12_22,reviewer,high,0,1,0,0,4.262217021406552
12,6,23,12_23,panelist,high,1,1,0,0,4.289576562305036
12,6,24,12_24,panelist,med,1,0,0,0,4.060013506665444
12,7,01,12_01,panelist,med,1,0,0,0,4.243424535265181
12,7,02,12_02,panelist,med,1,0,0,0,4.810520978781937
12,7,03,12_03,panelist,high,1,1,0,0,3.999933894166934
12,7,04,12_04,panelist,low,1,0,1,0,4.758840832358924
12,7,05,12_05,reviewer,high,0,1,0,0,3.950299428326276
12,7,06,12_06,panelist,high,1,1,0,0,4.540374970164811
12,7,07,12_07,panelist,none,1,0,0,1,4.583181462546704
12,7,08,12_08,panelist,med,1,0,0,0,4.8921483467969855
12,7,09,12_09,panelist,low,1,0,1,0,4.808783300026694
12,7,10,12_10,panelist,med,1,0,0,0,4.422408650461372
12,7,11,12_11,panelist,none,1,0,0,1,4.467027038885631
12,7,12,12_12,panelist,high,1,1,0,0,4.442040735032225
12,7,13,12_13,panelist,med,1,0,0,0,4.872755279315669
12,7,14,12_14,panelist,low,1,0,1,0,4.633218648347367
12,7,15,12_15,panelist,high,1,1,0,0,4.526703633433628
12,7,16,12_16,panelist,high,1,1,0,0,4.126546170466078
12,7,17,12_17,panelist,none,1,0,0,1,4.731043573462921
12,7,18,12_18,panelist,med,1,0,0,0,4.71516709438507
12,7,19,12_19,reviewer,low,0,0,1,0,4.114367573084761
12,7,20,12_20,reviewer,med,0,0,0,0,4.2986516453365775
12,7,21,12_21,panelist,med,1,0,0,0,4.786002853888605
12,7,22,12_22,panelist,none,1,0,0,1,4.523955618110758
12,7,23,12_23,panelist,med,1,0,0,0,4.534108194881829
12,7,24,12_24,panelist,med,1,0,0,0,3.991625369476791
12,8,01,12_01,reviewer,none,0,0,0,1,3.515154333371264
12,8,02,12_02,panelist,high,1,1,0,0,4.179517394604838
12,8,03,12_03,panelist,low,1,0,1,0,3.5599761033304524
12,8,04,12_04,reviewer,low,0,0,1,0,3.583695144759401
12,8,05,12_05,panelist,med,1,0,0,0,3.6737629494522652
12,8,06,12_06,panelist,med,1,0,0,0,3.957414697289523
12,8,07,12_07,panelist,none,1,0,0,1,3.6677974807758313
12,8,08,12_08,panelist,med,1,0,0,0,4.0817037407526895
12,8,09,12_09,panelist,none,1,0,0,1,4.699394186242443
12,8,10,12_10,panelist,med,1,0,0,0,3.93939069397112
12,8,11,12_11,panelist,high,1,1,0,0,3.734486323780548
12,8,12,12_12,panelist,low,1,0,1,0,3.8263127363146214
12,8,13,12_13,panelist,med,1,0,0,0,4.172763224550072
12,8,14,12_14,panelist,none,1,0,0,1,4.3102652694066546
12,8,15,12_15,reviewer,high,0,1,0,0,3.608958795319991
12,8,16,12_16,panelist,high,1,1,0,0,3.5544698413174
12,8,17,12_17,panelist,med,1,0,0,0,3.5460089244303
12,8,18,12_18,panelist,high,1,1,0,0,4.120733625564097
12,8,19,12_19,panelist,med,1,0,0,0,3.6148838791256295
12,8,20,12_20,panelist,low,1,0,1,0,4.252276063390453
12,8,21,12_21,panelist,high,1,1,0,0,3.899656223377861
12,8,22,12_22,panelist,med,1,0,0,0,3.8970689129455858
12,8,23,12_23,panelist,med,1,0,0,0,4.07648431112923
12,8,24,12_24,panelist,med,1,0,0,0,3.521587201675683
12,9,01,12_01,panelist,high,1,1,0,0,4.183143127025495
12,9,02,12_02,panelist,low,1,0,1,0,4.719115310206906
12,9,03,12_03,panelist,low,1,0,1,0,4.334329513857591
12,9,04,12_04,panelist,med,1,0,0,0,4.5456588257805395
12,9,05,12_05,reviewer,med,0,0,0,0,3.8304987215209585
12,9,06,12_06,panelist,none,1,0,0,1,4.886291237276748
12,9,07,12_07,panelist,high,1,1,0,0,4.302433391881444
12,9,08,12_08,panelist,med,1,0,0,0,4.844890701609994
12,9,09,12_09,panelist,none,1,0,0,1,4.848995043292009
12,9,10,12_10,panelist,med,1,0,0,0,4.332516357593358
12,9,11,12_11,panelist,high,1,1,0,0,3.9761500690827773
12,9,12,12_12,panelist,none,1,0,0,1,4.45254739564778
12,9,13,12_13,panelist,med,1,0,0,0,4.728619207257003
12,9,14,12_14,panelist,high,1,1,0,0,4.289262311940588
12,9,15,12_15,panelist,med,1,0,0,0,4.322274731694365
12,9,16,12_16,reviewer,high,0,1,0,0,4.019472174846819
12,9,17,12_17,panelist,med,1,0,0,0,4.604880918246404
12,9,18,12_18,panelist,high,1,1,0,0,4.563273902417874
12,9,19,12_19,panelist,low,1,0,1,0,4.532284222187286
12,9,20,12_20,reviewer,med,0,0,0,0,4.461503698541803
12,9,21,12_21,panelist,none,1,0,0,1,4.802007466526321
12,9,22,12_22,panelist,med,1,0,0,0,4.401816204997488
12,9,23,12_23,panelist,low,1,0,1,0,4.5601413566606235
12,9,24,12_24,panelist,med,1,0,0,0,4.179317683924921
12,10,01,12_01,panelist,high,1,1,0,0,3.8857418195541262
12,10,02,12_02,panelist,low,1,0,1,0,4.421645028081019
12,10,03,12_03,reviewer,none,0,0,0,1,3.9262138806839886
12,10,04,12_04,panelist,low,1,0,1,0,4.114536846090717
12,10,05,12_05,panelist,high,1,1,0,0,3.5676606438222622
12,10,06,12_06,panelist,high,1,1,0,0,3.775944325669183
12,10,07,12_07,panelist,med,1,0,0,0,3.631604142789577
12,10,08,12_08,panelist,high,1,1,0,0,4.162379252333597
12,10,09,12_09,panelist,high,1,1,0,0,4.346549654620538
12,10,10,12_10,panelist,med,1,0,0,0,4.1804265761157975
12,10,11,12_11,panelist,med,1,0,0,0,3.8808952675410167
12,10,12,12_12,panelist,med,1,0,0,0,4.022472322778175
12,10,13,12_13,panelist,none,1,0,0,1,4.657961556931811
12,10,14,12_14,panelist,med,1,0,0,0,4.1408820419291335
12,10,15,12_15,panelist,med,1,0,0,0,4.273445269460293
12,10,16,12_16,reviewer,med,0,0,0,0,3.562593066010155
12,10,17,12_17,reviewer,low,0,0,1,0,3.774791011586151
12,10,18,12_18,panelist,high,1,1,0,0,4.27359154266638
12,10,19,12_19,panelist,none,1,0,0,1,3.8790229803687493
12,10,20,12_20,panelist,med,1,0,0,0,4.11744931516711
12,10,21,12_21,panelist,med,1,0,0,0,4.1075729589419545
12,10,22,12_22,panelist,med,1,0,0,0,4.3941974270366
12,10,23,12_23,panelist,none,1,0,0,1,4.78830455858851
12,10,24,12_24,panelist,low,1,0,1,0,3.822395820762023
12,11,01,12_01,panelist,med,1,0,0,0,3.586001626993395
12,11,02,12_02,panelist,med,1,0,0,0,4.599476938642224
12,11,03,12_03,panelist,low,1,0,1,0,3.70926667953002
12,11,04,12_04,panelist,low,1,0,1,0,3.7362598762881505
12,11,05,12_05,panelist,low,1,0,1,0,3.8023875286188424
12,11,06,12_06,reviewer,med,0,0,0,0,3.8654318167689303
12,11,07,12_07,panelist,none,1,0,0,1,3.9832599556779607
12,11,08,12_08,panelist,med,1,0,0,0,4.162340947112961
12,11,09,12_09,panelist,none,1,0,0,1,4.5701209762701485
12,11,10,12_10,panelist,high,1,1,0,0,4.036656744187814
12,11,11,12_11,panelist,med,1,0,0,0,3.855902435013494
12,11,12,12_12,panelist,high,1,1,0,0,3.945322242498682
12,11,13,12_13,panelist,high,1,1,0,0,4.388068199152618
12,11,14,12_14,panelist,med,1,0,0,0,4.342351839210737
12,11,15,12_15,reviewer,none,0,0,0,1,3.9135015580408608
12,11,16,12_16,panelist,med,1,0,0,0,3.7748608125170366
12,11,17,12_17,panelist,high,1,1,0,0,3.655150816389735
12,11,18,12_18,reviewer,med,0,0,0,0,4.03185659005662
12,11,19,12_19,panelist,high,1,1,0,0,3.955576404756993
12,11,20,12_20,panelist,none,1,0,0,1,4.674610864955786
12,11,21,12_21,panelist,med,1,0,0,0,4.020029611480564
12,11,22,12_22,panelist,med,1,0,0,0,4.243499552593248
12,11,23,12_23,panelist,high,1,1,0,0,3.814797914322708
12,11,24,12_24,panelist,low,1,0,1,0,4.007562755919608
12,12,01,12_01,panelist,none,1,0,0,1,3.8763363127410653
12,12,02,12_02,panelist,high,1,1,0,0,4.570888318734464
12,12,03,12_03,panelist,med,1,0,0,0,3.657338470850008
12,12,04,12_04,panelist,med,1,0,0,0,4.133425460406199
12,12,05,12_05,reviewer,low,0,0,1,0,3.7340101623408293
12,12,06,12_06,reviewer,med,0,0,0,0,3.8767545492059687
12,12,07,12_07,panelist,high,1,1,0,0,3.5722651720405962
12,12,08,12_08,reviewer,none,0,0,0,1,4.39302680116231
12,12,09,12_09,panelist,high,1,1,0,0,4.452629076975722
12,12,10,12_10,panelist,med,1,0,0,0,4.0713308092480585
12,12,11,12_11,panelist,low,1,0,1,0,3.8849950531259885
12,12,12,12_12,panelist,high,1,1,0,0,3.9703814518203053
12,12,13,12_13,panelist,none,1,0,0,1,4.631310723263461
12,12,14,12_14,panelist,none,1,0,0,1,4.441183403902896
12,12,15,12_15,panelist,med,1,0,0,0,3.920581075003142
12,12,16,12_16,panelist,med,1,0,0,0,4.4226645125007815
12,12,17,12_17,panelist,high,1,1,0,0,4.101966362488741
12,12,18,12_18,panelist,high,1,1,0,0,4.336636722321983
12,12,19,12_19,panelist,med,1,0,0,0,4.097457099021874
12,12,20,12_20,panelist,med,1,0,0,0,3.727770437029621
12,12,21,12_21,panelist,low,1,0,1,0,3.9736333985877974
12,12,22,12_22,panelist,low,1,0,1,0,4.226366571744874
12,12,23,12_23,panelist,med,1,0,0,0,4.241082316579305
12,12,24,12_24,panelist,med,1,0,0,0,3.7705666958526796
12,13,01,12_01,reviewer,med,0,0,0,0,3.588052160536749
12,13,02,12_02,panelist,med,1,0,0,0,4.874968027410732
12,13,03,12_03,reviewer,med,0,0,0,0,3.9954850036792036
12,13,04,12_04,panelist,med,1,0,0,0,4.279378116760617
12,13,05,12_05,panelist,med,1,0,0,0,4.251184108170233
12,13,06,12_06,panelist,low,1,0,1,0,4.548242689936775
12,13,07,12_07,panelist,none,1,0,0,1,4.81200155221135
12,13,08,12_08,panelist,high,1,1,0,0,4.151967378506943
12,13,09,12_09,panelist,high,1,1,0,0,4.4456204043772125
12,13,10,12_10,panelist,high,1,1,0,0,4.132276407099383
12,13,11,12_11,panelist,med,1,0,0,0,4.113611508592489
12,13,12,12_12,panelist,none,1,0,0,1,4.292408893616353
12,13,13,12_13,panelist,none,1,0,0,1,4.727802956368792
12,13,14,12_14,panelist,high,1,1,0,0,4.06247850840575
12,13,15,12_15,panelist,low,1,0,1,0,4.348892255421147
12,13,16,12_16,panelist,low,1,0,1,0,4.328290576484486
12,13,17,12_17,panelist,high,1,1,0,0,4.397227395860322
12,13,18,12_18,panelist,none,1,0,0,1,4.556109519594765
12,13,19,12_19,panelist,med,1,0,0,0,3.803094921028398
12,13,20,12_20,panelist,med,1,0,0,0,4.5880641447042505
12,13,21,12_21,reviewer,low,0,0,1,0,4.068239448158313
12,13,22,12_22,panelist,med,1,0,0,0,4.2691673900359834
12,13,23,12_23,panelist,high,1,1,0,0,4.435454516725289
12,13,24,12_24,panelist,med,1,0,0,0,4.1442631901695774
12,14,01,12_01,panelist,med,1,0,0,0,3.9770935690622142
12,14,02,12_02,panelist,high,1,1,0,0,4.243974602303951
12,14,03,12_03,panelist,none,1,0,0,1,4.065010117290138
12,14,04,12_04,reviewer,low,0,0,1,0,3.895660083508543
12,14,05,12_05,panelist,med,1,0,0,0,3.6789098374407048
12,14,06,12_06,panelist,high,1,1,0,0,3.884124216738613
12,14,07,12_07,panelist,med,1,0,0,0,3.7916279608055374
12,14,08,12_08,panelist,none,1,0,0,1,4.490067777884296
12,14,09,12_09,panelist,med,1,0,0,0,4.3894937942482875
12,14,10,12_10,panelist,med,1,0,0,0,3.9714818061134447
12,14,11,12_11,reviewer,low,0,0,1,0,3.9254247045636914
12,14,12,12_12,panelist,high,1,1,0,0,3.8993248498413915
12,14,13,12_13,panelist,high,1,1,0,0,4.316687111927368
12,14,14,12_14,panelist,low,1,0,1,0,4.079752934681343
12,14,15,12_15,panelist,med,1,0,0,0,3.7952121645465344
12,14,16,12_16,reviewer,med,0,0,0,0,3.824354015167346
12,14,17,12_17,panelist,low,1,0,1,0,3.684648680594215
12,14,18,12_18,panelist,med,1,0,0,0,4.313224459849001
12,14,19,12_19,panelist,high,1,1,0,0,3.7952399205587146
12,14,20,12_20,panelist,none,1,0,0,1,4.33488969404215
12,14,21,12_21,panelist,med,1,0,0,0,4.046168801166104
12,14,22,12_22,panelist,med,1,0,0,0,4.292734642615894
12,14,23,12_23,panelist,high,1,1,0,0,4.0254230105542606
12,14,24,12_24,panelist,none,1,0,0,1,3.701891669375501
12,15,01,12_01,panelist,med,1,0,0,0,3.732421983929422
12,15,02,12_02,panelist,low,1,0,1,0,4.104333762648392
12,15,03,12_03,panelist,low,1,0,1,0,3.6075434860376028
12,15,04,12_04,panelist,none,1,0,0,1,3.9473800841719786
12,15,05,12_05,panelist,high,1,1,0,0,3.872880296113233
12,15,06,12_06,panelist,med,1,0,0,0,3.722288290704076
12,15,07,12_07,panelist,med,1,0,0,0,3.665370107223821
12,15,08,12_08,panelist,none,1,0,0,1,4.052454927184144
12,15,09,12_09,panelist,high,1,1,0,0,4.1466490366484114
12,15,10,12_10,panelist,med,1,0,0,0,3.686321814520119
12,15,11,12_11,panelist,med,1,0,0,0,3.6082257420692487
12,15,12,12_12,panelist,med,1,0,0,0,3.747923124319314
12,15,13,12_13,panelist,high,1,1,0,0,3.9171711478688915
12,15,14,12_14,panelist,med,1,0,0,0,3.800300143043645
12,15,15,12_15,panelist,med,1,0,0,0,3.9404561946330623
12,15,16,12_16,reviewer,high,0,1,0,0,3.504694646299165
12,15,17,12_17,panelist,none,1,0,0,1,4.245761471005163
12,15,18,12_18,panelist,low,1,0,1,0,4.01654367488607
12,15,19,12_19,panelist,none,1,0,0,1,3.7474655143640505
12,15,20,12_20,panelist,high,1,1,0,0,3.903767421483978
12,15,21,12_21,reviewer,med,0,0,0,0,3.6011385879894897
12,15,22,12_22,panelist,low,1,0,1,0,3.929403445592622
12,15,23,12_23,panelist,high,1,1,0,0,3.7819693181055283
12,15,24,12_24,reviewer,med,0,0,0,0,3.5308416785310754
13,1,01,13_01,panelist,low,1,0,1,0,4.112833081475481
13,1,02,13_02,panelist,med,1,0,0,0,4.79992782425764
13,1,03,13_03,panelist,med,1,0,0,0,3.6691459107105233
13,1,04,13_04,panelist,med,1,0,0,0,4.153251310224751
13,1,05,13_05,panelist,low,1,0,1,0,4.242675440569252
13,1,06,13_06,panelist,high,1,1,0,0,3.840004291394105
13,1,07,13_07,reviewer,med,0,0,0,0,3.823433172995396
13,1,08,13_08,panelist,high,1,1,0,0,4.16362086405597
13,1,09,13_09,panelist,high,1,1,0,0,4.635250425666875
13,1,10,13_10,panelist,med,1,0,0,0,4.0206517364992855
13,1,11,13_11,panelist,med,1,0,0,0,3.9087652753473985
13,1,12,13_12,panelist,none,1,0,0,1,3.913133765426606
13,1,13,13_13,panelist,high,1,1,0,0,4.541433405606649
13,1,14,13_14,reviewer,high,0,1,0,0,3.9071488392176965
13,1,15,13_15,panelist,med,1,0,0,0,4.331296424617812
13,1,16,13_16,panelist,med,1,0,0,0,4.36435647967417
13,1,17,13_17,panelist,low,1,0,1,0,4.490096746365189
13,1,18,13_18,reviewer,med,0,0,0,0,3.9348906021864622
13,1,19,13_19,panelist,none,1,0,0,1,3.791417432861475
13,1,20,13_20,panelist,med,1,0,0,0,4.127387701782233
13,1,21,13_21,panelist,none,1,0,0,1,4.491623103563055
13,1,22,13_22,panelist,none,1,0,0,1,4.524851315392547
13,1,23,13_23,panelist,high,1,1,0,0,3.767837444673926
13,1,24,13_24,panelist,low,1,0,1,0,3.8251257663066887
13,2,01,13_01,panelist,high,1,1,0,0,3.9933555421232017
13,2,02,13_02,panelist,med,1,0,0,0,4.220178726729299
13,2,03,13_03,panelist,med,1,0,0,0,3.8422786673987117
13,2,04,13_04,panelist,med,1,0,0,0,3.9457628764135633
13,2,05,13_05,reviewer,med,0,0,0,0,3.6776504311719966
13,2,06,13_06,panelist,none,1,0,0,1,4.60404917812982
13,2,07,13_07,panelist,med,1,0,0,0,3.8615696289268064
13,2,08,13_08,panelist,med,1,0,0,0,4.429959821860229
13,2,09,13_09,panelist,high,1,1,0,0,4.766775862776544
13,2,10,13_10,panelist,high,1,1,0,0,4.329181031160926
13,2,11,13_11,panelist,high,1,1,0,0,4.011553441888621
13,2,12,13_12,panelist,high,1,1,0,0,4.479762190230259
13,2,13,13_13,panelist,none,1,0,0,1,4.685381940601149
13,2,14,13_14,panelist,med,1,0,0,0,4.6847074527035275
13,2,15,13_15,panelist,low,1,0,1,0,4.3104019086936765
13,2,16,13_16,panelist,low,1,0,1,0,4.160713580662381
13,2,17,13_17,panelist,med,1,0,0,0,4.5453993790443725
13,2,18,13_18,panelist,low,1,0,1,0,4.600884925394525
13,2,19,13_19,panelist,none,1,0,0,1,4.356407931579313
13,2,20,13_20,reviewer,med,0,0,0,0,3.9514931385909104
13,2,21,13_21,panelist,none,1,0,0,1,4.126063783794789
13,2,22,13_22,panelist,low,1,0,1,0,4.582934917196865
13,2,23,13_23,panelist,high,1,1,0,0,4.012129984592465
13,2,24,13_24,reviewer,med,0,0,0,0,3.985188731355935
13,3,01,13_01,reviewer,low,0,0,1,0,3.7267360869122315
13,3,02,13_02,panelist,med,1,0,0,0,4.557344024824035
13,3,03,13_03,panelist,med,1,0,0,0,4.179451394598839
13,3,04,13_04,panelist,none,1,0,0,1,3.721297093436946
13,3,05,13_05,panelist,none,1,0,0,1,4.054638887705691
13,3,06,13_06,panelist,high,1,1,0,0,4.067178251745406
13,3,07,13_07,reviewer,med,0,0,0,0,3.8475549570730077
13,3,08,13_08,panelist,med,1,0,0,0,4.748888282455581
13,3,09,13_09,panelist,high,1,1,0,0,4.567421278029426
13,3,10,13_10,panelist,med,1,0,0,0,4.399256354467208
13,3,11,13_11,panelist,low,1,0,1,0,3.8524468157802807
13,3,12,13_12,panelist,high,1,1,0,0,3.7116616578342847
13,3,13,13_13,panelist,none,1,0,0,1,4.728313384473816
13,3,14,13_14,panelist,low,1,0,1,0,4.216750633509828
13,3,15,13_15,panelist,med,1,0,0,0,4.082631481057496
13,3,16,13_16,panelist,med,1,0,0,0,4.205881142338949
13,3,17,13_17,panelist,med,1,0,0,0,4.364056995187354
13,3,18,13_18,panelist,high,1,1,0,0,4.109475035487727
13,3,19,13_19,reviewer,high,0,1,0,0,3.606910299774835
13,3,20,13_20,panelist,med,1,0,0,0,4.0874973762877485
13,3,21,13_21,panelist,med,1,0,0,0,4.048620817874854
13,3,22,13_22,panelist,low,1,0,1,0,4.439704669301419
13,3,23,13_23,panelist,high,1,1,0,0,4.0328996547003495
13,3,24,13_24,panelist,none,1,0,0,1,4.323515588140334
13,4,01,13_01,reviewer,med,0,0,0,0,4.002677938928457
13,4,02,13_02,panelist,none,1,0,0,1,4.751994935726943
13,4,03,13_03,panelist,low,1,0,1,0,4.472329032488069
13,4,04,13_04,panelist,med,1,0,0,0,4.0672930654847095
13,4,05,13_05,panelist,none,1,0,0,1,4.113235794874816
13,4,06,13_06,panelist,med,1,0,0,0,4.117518338654678
13,4,07,13_07,panelist,high,1,1,0,0,3.876579907777174
13,4,08,13_08,reviewer,med,0,0,0,0,4.265725389898476
13,4,09,13_09,panelist,med,1,0,0,0,4.722169508086912
13,4,10,13_10,panelist,none,1,0,0,1,4.327007050480802
13,4,11,13_11,panelist,high,1,1,0,0,3.9131268066045535
13,4,12,13_12,panelist,high,1,1,0,0,3.9888748703607786
13,4,13,13_13,panelist,low,1,0,1,0,4.484918418938547
13,4,14,13_14,panelist,med,1,0,0,0,4.449955539228162
13,4,15,13_15,panelist,high,1,1,0,0,4.6142139988172834
13,4,16,13_16,panelist,high,1,1,0,0,4.367088909807611
13,4,17,13_17,panelist,med,1,0,0,0,4.394229547501207
13,4,18,13_18,panelist,med,1,0,0,0,4.613451218334213
13,4,19,13_19,reviewer,low,0,0,1,0,3.9245391855022542
13,4,20,13_20,panelist,low,1,0,1,0,4.553231903057854
13,4,21,13_21,panelist,high,1,1,0,0,4.465185374985465
13,4,22,13_22,panelist,med,1,0,0,0,3.917581899122353
13,4,23,13_23,panelist,none,1,0,0,1,4.399825771974501
13,4,24,13_24,panelist,med,1,0,0,0,3.9898784735043686
13,5,01,13_01,panelist,high,1,1,0,0,3.7404015402887363
13,5,02,13_02,panelist,none,1,0,0,1,4.611520886703728
13,5,03,13_03,reviewer,low,0,0,1,0,3.803340356160969
13,5,04,13_04,panelist,high,1,1,0,0,3.773815098110684
13,5,05,13_05,panelist,high,1,1,0,0,3.7922871423693216
13,5,06,13_06,panelist,med,1,0,0,0,3.988206605882155
13,5,07,13_07,panelist,high,1,1,0,0,4.116845564193582
13,5,08,13_08,panelist,med,1,0,0,0,4.2908529892171785
13,5,09,13_09,panelist,none,1,0,0,1,4.441620077012397
13,5,10,13_10,panelist,high,1,1,0,0,3.8595350320765918
13,5,11,13_11,panelist,med,1,0,0,0,3.536918914843631
13,5,12,13_12,panelist,med,1,0,0,0,3.543898541800681
13,5,13,13_13,reviewer,high,0,1,0,0,4.070518242160948
13,5,14,13_14,panelist,med,1,0,0,0,3.919384941617808
13,5,15,13_15,panelist,med,1,0,0,0,4.103808469085206
13,5,16,13_16,panelist,low,1,0,1,0,4.155716344552837
13,5,17,13_17,panelist,low,1,0,1,0,4.262619858933442
13,5,18,13_18,panelist,med,1,0,0,0,4.075920617787441
13,5,19,13_19,reviewer,none,0,0,0,1,3.900465442870875
13,5,20,13_20,panelist,med,1,0,0,0,4.22841680693715
13,5,21,13_21,panelist,low,1,0,1,0,4.421227274381096
13,5,22,13_22,panelist,none,1,0,0,1,4.02911716934653
13,5,23,13_23,panelist,med,1,0,0,0,3.9284596533491927
13,5,24,13_24,panelist,med,1,0,0,0,4.190383715572281
13,6,01,13_01,reviewer,high,0,1,0,0,3.7390051791677914
13,6,02,13_02,panelist,med,1,0,0,0,4.760972113774151
13,6,03,13_03,reviewer,high,0,1,0,0,3.747837897578368
13,6,04,13_04,panelist,med,1,0,0,0,4.168896209336125
13,6,05,13_05,panelist,med,1,0,0,0,4.095884697322747
13,6,06,13_06,reviewer,low,0,0,1,0,4.275721649338135
13,6,07,13_07,panelist,none,1,0,0,1,4.49089195334959
13,6,08,13_08,panelist,med,1,0,0,0,4.291222835506895
13,6,09,13_09,panelist,high,1,1,0,0,4.607583547949236
13,6,10,13_10,panelist,low,1,0,1,0,4.522778740341216
13,6,11,13_11,panelist,med,1,0,0,0,4.257521963551599
13,6,12,13_12,panelist,high,1,1,0,0,4.295159773857612
13,6,13,13_13,panelist,high,1,1,0,0,4.8257192453340325
13,6,14,13_14,panelist,none,1,0,0,1,4.651379314140171
13,6,15,13_15,panelist,med,1,0,0,0,4.134856510438599
13,6,16,13_16,panelist,high,1,1,0,0,4.285550428694949
13,6,17,13_17,panelist,med,1,0,0,0,4.189760895746626
13,6,18,13_18,panelist,none,1,0,0,1,4.7065970798411385
13,6,19,13_19,panelist,low,1,0,1,0,4.171041164059975
13,6,20,13_20,panelist,med,1,0,0,0,4.3428921200639365
13,6,21,13_21,panelist,med,1,0,0,0,4.59618867744133
13,6,22,13_22,panelist,low,1,0,1,0,4.101207996970354
13,6,23,13_23,panelist,med,1,0,0,0,4.3499178575565605
13,6,24,13_24,panelist,none,1,0,0,1,4.552385621184453
13,7,01,13_01,reviewer,med,0,0,0,0,4.237799937737438
13,7,02,13_02,panelist,med,1,0,0,0,4.699079687241604
13,7,03,13_03,panelist,low,1,0,1,0,4.483215325961526
13,7,04,13_04,reviewer,med,0,0,0,0,4.121387375208066
13,7,05,13_05,panelist,low,1,0,1,0,4.2057633937636085
13,7,06,13_06,reviewer,none,0,0,0,1,4.729155230695295
13,7,07,13_07,panelist,med,1,0,0,0,4.606636068582267
13,7,08,13_08,panelist,med,1,0,0,0,4.844744242899625
13,7,09,13_09,panelist,high,1,1,0,0,4.744692036793761
13,7,10,13_10,panelist,none,1,0,0,1,4.3705368577328345
13,7,11,13_11,panelist,high,1,1,0,0,4.323413115108126
13,7,12,13_12,panelist,none,1,0,0,1,4.531415113037166
13,7,13,13_13,panelist,high,1,1,0,0,4.776300677415519
13,7,14,13_14,panelist,high,1,1,0,0,4.679500450051086
13,7,15,13_15,panelist,med,1,0,0,0,4.412230673101501
13,7,16,13_16,panelist,med,1,0,0,0,4.632677875772073
13,7,17,13_17,panelist,high,1,1,0,0,4.638010073119214
13,7,18,13_18,panelist,med,1,0,0,0,4.6746068108803716
13,7,19,13_19,panelist,high,1,1,0,0,4.391779191150245
13,7,20,13_20,panelist,low,1,0,1,0,4.705446987235667
13,7,21,13_21,panelist,med,1,0,0,0,4.581403065158632
13,7,22,13_22,panelist,none,1,0,0,1,4.837736414458613
13,7,23,13_23,panelist,low,1,0,1,0,4.821741375537826
13,7,24,13_24,panelist,med,1,0,0,0,4.748365394239276
13,8,01,13_01,reviewer,med,0,0,0,0,3.9972784702749826
13,8,02,13_02,panelist,med,1,0,0,0,4.541063329385874
13,8,03,13_03,panelist,med,1,0,0,0,3.580282596952137
13,8,04,13_04,panelist,low,1,0,1,0,4.005934568384153
13,8,05,13_05,panelist,high,1,1,0,0,3.709708465777891
13,8,06,13_06,panelist,med,1,0,0,0,4.003789818823452
13,8,07,13_07,panelist,med,1,0,0,0,3.8158797356576963
13,8,08,13_08,panelist,low,1,0,1,0,4.600506694984635
13,8,09,13_09,panelist,high,1,1,0,0,4.25982460376774
13,8,10,13_10,panelist,none,1,0,0,1,4.301321276156699
13,8,11,13_11,panelist,high,1,1,0,0,3.52357726913606
13,8,12,13_12,reviewer,none,0,0,0,1,4.023446589565784
13,8,13,13_13,panelist,med,1,0,0,0,4.212006166002715
13,8,14,13_14,reviewer,high,0,1,0,0,3.659680701997342
13,8,15,13_15,panelist,med,1,0,0,0,4.318989874133911
13,8,16,13_16,panelist,med,1,0,0,0,3.891345927781961
13,8,17,13_17,panelist,med,1,0,0,0,3.942412613619365
13,8,18,13_18,panelist,low,1,0,1,0,4.00664494026814
13,8,19,13_19,panelist,med,1,0,0,0,3.6817493344723253
13,8,20,13_20,panelist,none,1,0,0,1,3.9489060736544097
13,8,21,13_21,panelist,none,1,0,0,1,4.3145415531352604
13,8,22,13_22,panelist,low,1,0,1,0,3.9864868788399654
13,8,23,13_23,panelist,high,1,1,0,0,4.109098493854016
13,8,24,13_24,panelist,high,1,1,0,0,3.7853204245720335
13,9,01,13_01,panelist,high,1,1,0,0,4.480749072584333
13,9,02,13_02,panelist,low,1,0,1,0,4.673609470672964
13,9,03,13_03,panelist,med,1,0,0,0,4.214649925433467
13,9,04,13_04,panelist,med,1,0,0,0,4.441629441336102
13,9,05,13_05,panelist,none,1,0,0,1,4.368344567929852
13,9,06,13_06,reviewer,high,0,1,0,0,4.012704698348498
13,9,07,13_07,reviewer,med,0,0,0,0,3.7402846343125313
13,9,08,13_08,panelist,med,1,0,0,0,4.676952869926693
13,9,09,13_09,panelist,med,1,0,0,0,4.784011552758365
13,9,10,13_10,panelist,high,1,1,0,0,4.521899305967203
13,9,11,13_11,panelist,high,1,1,0,0,4.225746058854192
13,9,12,13_12,panelist,med,1,0,0,0,4.563923764245595
13,9,13,13_13,reviewer,none,0,0,0,1,4.710203969141693
13,9,14,13_14,panelist,high,1,1,0,0,4.232388145099675
13,9,15,13_15,panelist,none,1,0,0,1,4.8941179068198215
13,9,16,13_16,panelist,med,1,0,0,0,4.68473870272072
13,9,17,13_17,panelist,high,1,1,0,0,4.515453320291058
13,9,18,13_18,panelist,low,1,0,1,0,4.720556053730483
13,9,19,13_19,panelist,med,1,0,0,0,4.122608555320637
13,9,20,13_20,panelist,low,1,0,1,0,4.733810552061001
13,9,21,13_21,panelist,med,1,0,0,0,4.51019150826175
13,9,22,13_22,panelist,none,1,0,0,1,4.7730679294773655
13,9,23,13_23,panelist,low,1,0,1,0,4.661152699785239
13,9,24,13_24,panelist,med,1,0,0,0,3.93875981970699
13,10,01,13_01,panelist,high,1,1,0,0,3.9919335785306083
13,10,02,13_02,panelist,med,1,0,0,0,4.5455598929600525
13,10,03,13_03,panelist,low,1,0,1,0,4.0103845252988295
13,10,04,13_04,reviewer,med,0,0,0,0,3.6136912540552726
13,10,05,13_05,panelist,med,1,0,0,0,3.7758789412330014
13,10,06,13_06,panelist,med,1,0,0,0,4.129535404403212
13,10,07,13_07,panelist,low,1,0,1,0,3.9688420963806994
13,10,08,13_08,panelist,none,1,0,0,1,4.002940095034877
13,10,09,13_09,panelist,high,1,1,0,0,4.616216028051756
13,10,10,13_10,panelist,high,1,1,0,0,4.152771007750553
13,10,11,13_11,panelist,low,1,0,1,0,3.9928316281604967
13,10,12,13_12,panelist,none,1,0,0,1,4.598695583016683
13,10,13,13_13,panelist,low,1,0,1,0,4.562164961352868
13,10,14,13_14,reviewer,med,0,0,0,0,4.087848019870202
13,10,15,13_15,panelist,med,1,0,0,0,3.842756024872238
13,10,16,13_16,panelist,med,1,0,0,0,4.254661766878501
13,10,17,13_17,panelist,med,1,0,0,0,4.33427139245805
13,10,18,13_18,panelist,none,1,0,0,1,4.48345133043756
13,10,19,13_19,reviewer,med,0,0,0,0,3.6119669792157407
13,10,20,13_20,panelist,none,1,0,0,1,4.847958195156686
13,10,21,13_21,panelist,high,1,1,0,0,4.018237944498782
13,10,22,13_22,panelist,high,1,1,0,0,3.971378917499494
13,10,23,13_23,panelist,high,1,1,0,0,3.9874996741425837
13,10,24,13_24,panelist,med,1,0,0,0,4.07929361034583
13,11,01,13_01,panelist,none,1,0,0,1,4.202910191576885
13,11,02,13_02,panelist,med,1,0,0,0,4.498264752138996
13,11,03,13_03,panelist,high,1,1,0,0,4.116512061177823
13,11,04,13_04,panelist,none,1,0,0,1,4.142941953642745
13,11,05,13_05,panelist,low,1,0,1,0,4.040369553111387
13,11,06,13_06,reviewer,high,0,1,0,0,3.7952991258144277
13,11,07,13_07,reviewer,none,0,0,0,1,3.978160437642942
13,11,08,13_08,panelist,low,1,0,1,0,4.547368780553609
13,11,09,13_09,panelist,med,1,0,0,0,4.494232582505909
13,11,10,13_10,panelist,med,1,0,0,0,4.274437290929423
13,11,11,13_11,panelist,high,1,1,0,0,3.5568721635504494
13,11,12,13_12,panelist,med,1,0,0,0,3.7819878524507735
13,11,13,13_13,panelist,low,1,0,1,0,4.292919489736402
13,11,14,13_14,panelist,med,1,0,0,0,4.252735870941035
13,11,15,13_15,panelist,med,1,0,0,0,4.069995050763437
13,11,16,13_16,panelist,high,1,1,0,0,3.679321750758167
13,11,17,13_17,panelist,low,1,0,1,0,4.144560206158647
13,11,18,13_18,reviewer,med,0,0,0,0,3.9649446609727894
13,11,19,13_19,panelist,med,1,0,0,0,4.133417090850197
13,11,20,13_20,panelist,high,1,1,0,0,3.7212351111992135
13,11,21,13_21,panelist,med,1,0,0,0,4.215925921758789
13,11,22,13_22,panelist,med,1,0,0,0,4.069039022327253
13,11,23,13_23,panelist,high,1,1,0,0,4.117165128091065
13,11,24,13_24,panelist,none,1,0,0,1,3.7972188296324374
13,12,01,13_01,panelist,none,1,0,0,1,4.3244353244271
13,12,02,13_02,panelist,low,1,0,1,0,4.800076649459708
13,12,03,13_03,panelist,high,1,1,0,0,3.6278597607855536
13,12,04,13_04,panelist,med,1,0,0,0,4.148621659970302
13,12,05,13_05,reviewer,high,0,1,0,0,3.6569208327962124
13,12,06,13_06,panelist,none,1,0,0,1,4.34178187701897
13,12,07,13_07,panelist,med,1,0,0,0,3.908771710861312
13,12,08,13_08,panelist,high,1,1,0,0,4.034092434048446
13,12,09,13_09,panelist,high,1,1,0,0,4.689740280484864
13,12,10,13_10,panelist,med,1,0,0,0,3.8387244200658044
13,12,11,13_11,panelist,med,1,0,0,0,3.74435349194028
13,12,12,13_12,panelist,med,1,0,0,0,3.9994408877816188
13,12,13,13_13,panelist,med,1,0,0,0,4.64384097715388
13,12,14,13_14,panelist,low,1,0,1,0,4.411511600338413
13,12,15,13_15,panelist,none,1,0,0,1,4.852284789033725
13,12,16,13_16,panelist,med,1,0,0,0,4.038991226295529
13,12,17,13_17,panelist,med,1,0,0,0,4.247848782254331
13,12,18,13_18,panelist,med,1,0,0,0,4.493336395311375
13,12,19,13_19,panelist,low,1,0,1,0,4.112933274211116
13,12,20,13_20,panelist,med,1,0,0,0,4.24963296586094
13,12,21,13_21,reviewer,none,0,0,0,1,4.291327624535045
13,12,22,13_22,panelist,high,1,1,0,0,4.274703916238365
13,12,23,13_23,panelist,low,1,0,1,0,4.428050264980671
13,12,24,13_24,reviewer,high,0,1,0,0,3.9252942093219323
13,13,01,13_01,panelist,med,1,0,0,0,4.185469779100987
13,13,02,13_02,panelist,med,1,0,0,0,4.763928434473682
13,13,03,13_03,panelist,med,1,0,0,0,4.406338664113665
13,13,04,13_04,panelist,low,1,0,1,0,4.044176552918594
13,13,05,13_05,panelist,none,1,0,0,1,4.364351190075991
13,13,06,13_06,panelist,low,1,0,1,0,4.660806966524654
13,13,07,13_07,panelist,none,1,0,0,1,4.625715182453009
13,13,08,13_08,panelist,med,1,0,0,0,4.724335635811567
13,13,09,13_09,reviewer,low,0,0,1,0,4.776930894454698
13,13,10,13_10,panelist,high,1,1,0,0,3.9919457045638573
13,13,11,13_11,panelist,high,1,1,0,0,4.040507465499755
13,13,12,13_12,panelist,high,1,1,0,0,4.2159465883797544
13,13,13,13_13,panelist,med,1,0,0,0,4.431475889165343
13,13,14,13_14,reviewer,med,0,0,0,0,4.297364108851205
13,13,15,13_15,panelist,none,1,0,0,1,4.528019329763342
13,13,16,13_16,reviewer,med,0,0,0,0,4.2519068085353
13,13,17,13_17,panelist,low,1,0,1,0,4.787073262728366
13,13,18,13_18,panelist,high,1,1,0,0,3.9230199784809834
13,13,19,13_19,panelist,med,1,0,0,0,4.287229013677298
13,13,20,13_20,panelist,high,1,1,0,0,4.265786101663271
13,13,21,13_21,panelist,none,1,0,0,1,4.532747874736033
13,13,22,13_22,panelist,high,1,1,0,0,4.356738800425086
13,13,23,13_23,panelist,med,1,0,0,0,4.4101504228568675
13,13,24,13_24,panelist,med,1,0,0,0,4.067656961714933
13,14,01,13_01,panelist,low,1,0,1,0,4.285500497236523
13,14,02,13_02,reviewer,low,0,0,1,0,4.106151441314434
13,14,03,13_03,panelist,none,1,0,0,1,3.8873426022148654
13,14,04,13_04,panelist,med,1,0,0,0,3.897150440606131
13,14,05,13_05,panelist,med,1,0,0,0,4.1058142972163605
13,14,06,13_06,panelist,med,1,0,0,0,4.280305568959619
13,14,07,13_07,panelist,med,1,0,0,0,3.7802402919906224
13,14,08,13_08,panelist,high,1,1,0,0,4.422076561002104
13,14,09,13_09,panelist,none,1,0,0,1,4.869362248273632
13,14,10,13_10,panelist,med,1,0,0,0,4.507194665898984
13,14,11,13_11,panelist,none,1,0,0,1,4.061818957829623
13,14,12,13_12,panelist,high,1,1,0,0,4.113974747727613
13,14,13,13_13,panelist,low,1,0,1,0,4.510569939443868
13,14,14,13_14,panelist,med,1,0,0,0,4.022804990873371
13,14,15,13_15,reviewer,med,0,0,0,0,3.6899530255685855
13,14,16,13_16,panelist,med,1,0,0,0,3.596638665174897
13,14,17,13_17,panelist,med,1,0,0,0,4.429870149536055
13,14,18,13_18,panelist,low,1,0,1,0,4.253618731658709
13,14,19,13_19,panelist,high,1,1,0,0,3.5529813224716027
13,14,20,13_20,panelist,high,1,1,0,0,3.7273875728603585
13,14,21,13_21,panelist,med,1,0,0,0,3.951294185384812
13,14,22,13_22,panelist,none,1,0,0,1,4.594297353873792
13,14,23,13_23,reviewer,high,0,1,0,0,4.050486098228035
13,14,24,13_24,panelist,high,1,1,0,0,3.517452843363232
13,15,01,13_01,panelist,high,1,1,0,0,3.6406052095637125
13,15,02,13_02,panelist,med,1,0,0,0,4.434432847083691
13,15,03,13_03,panelist,med,1,0,0,0,3.5122775902226646
13,15,04,13_04,panelist,med,1,0,0,0,3.566704563010875
13,15,05,13_05,panelist,high,1,1,0,0,3.668779155292978
13,15,06,13_06,panelist,med,1,0,0,0,3.732184819408472
13,15,07,13_07,panelist,low,1,0,1,0,3.6032139266545005
13,15,08,13_08,panelist,high,1,1,0,0,3.895829883925081
13,15,09,13_09,panelist,med,1,0,0,0,4.100456145779697
13,15,10,13_10,panelist,med,1,0,0,0,3.756973265732947
13,15,11,13_11,panelist,low,1,0,1,0,3.5151945773422884
13,15,12,13_12,reviewer,high,0,1,0,0,3.8552780971031235
13,15,13,13_13,panelist,med,1,0,0,0,4.077185685559118
13,15,14,13_14,panelist,high,1,1,0,0,3.701432758979807
13,15,15,13_15,panelist,high,1,1,0,0,3.5094003881509623
13,15,16,13_16,panelist,none,1,0,0,1,3.5851027826095327
13,15,17,13_17,panelist,none,1,0,0,1,3.981239388358334
13,15,18,13_18,reviewer,med,0,0,0,0,3.7059244069657624
13,15,19,13_19,panelist,low,1,0,1,0,3.6889259823073455
13,15,20,13_20,reviewer,none,0,0,0,1,4.14430060464653
13,15,21,13_21,panelist,low,1,0,1,0,3.969192350982044
13,15,22,13_22,panelist,med,1,0,0,0,3.617727548753661
13,15,23,13_23,panelist,none,1,0,0,1,4.065093537318259
13,15,24,13_24,panelist,med,1,0,0,0,3.606482503545346
14,1,01,14_01,panelist,med,1,0,0,0,3.912379634769158
14,1,02,14_02,panelist,med,1,0,0,0,4.825999320587676
14,1,03,14_03,panelist,med,1,0,0,0,3.578002195362573
14,1,04,14_04,panelist,high,1,1,0,0,3.895952779791758
14,1,05,14_05,panelist,med,1,0,0,0,4.122933036716674
14,1,06,14_06,panelist,high,1,1,0,0,4.215109014758598
14,1,07,14_07,panelist,med,1,0,0,0,4.119335545093014
14,1,08,14_08,panelist,med,1,0,0,0,4.174946762619532
14,1,09,14_09,reviewer,none,0,0,0,1,4.5512580702166305
14,1,10,14_10,panelist,none,1,0,0,1,4.386696225077739
14,1,11,14_11,reviewer,none,0,0,0,1,3.6505589089208508
14,1,12,14_12,panelist,low,1,0,1,0,4.471064308579422
14,1,13,14_13,panelist,med,1,0,0,0,4.51933633085496
14,1,14,14_14,panelist,med,1,0,0,0,4.341470482302973
14,1,15,14_15,reviewer,med,0,0,0,0,4.043144014448298
14,1,16,14_16,panelist,low,1,0,1,0,4.538140088382488
14,1,17,14_17,panelist,high,1,1,0,0,4.277641173302302
14,1,18,14_18,panelist,high,1,1,0,0,4.162065529496292
14,1,19,14_19,panelist,high,1,1,0,0,4.014584946733213
14,1,20,14_20,panelist,none,1,0,0,1,4.330051231450288
14,1,21,14_21,panelist,low,1,0,1,0,4.025148252606503
14,1,22,14_22,panelist,low,1,0,1,0,4.617860980186658
14,1,23,14_23,panelist,med,1,0,0,0,4.18434807483704
14,1,24,14_24,panelist,high,1,1,0,0,3.5354999034201597
14,2,01,14_01,panelist,high,1,1,0,0,3.9182411345094175
14,2,02,14_02,panelist,low,1,0,1,0,4.454781158864105
14,2,03,14_03,panelist,high,1,1,0,0,4.163036253707731
14,2,04,14_04,reviewer,med,0,0,0,0,3.8600008790821585
14,2,05,14_05,panelist,med,1,0,0,0,4.050788292391901
14,2,06,14_06,panelist,high,1,1,0,0,4.173895022273017
14,2,07,14_07,panelist,high,1,1,0,0,3.882128991004052
14,2,08,14_08,panelist,low,1,0,1,0,4.436537584399237
14,2,09,14_09,panelist,none,1,0,0,1,4.869516847878035
14,2,10,14_10,reviewer,none,0,0,0,1,4.433725988395866
14,2,11,14_11,panelist,high,1,1,0,0,3.949521739120461
14,2,12,14_12,panelist,med,1,0,0,0,4.478232852950384
14,2,13,14_13,reviewer,med,0,0,0,0,4.309445641237507
14,2,14,14_14,panelist,low,1,0,1,0,4.1116856261043235
14,2,15,14_15,panelist,med,1,0,0,0,3.9834295550348404
14,2,16,14_16,panelist,med,1,0,0,0,4.611634231747065
14,2,17,14_17,panelist,high,1,1,0,0,4.571495301970621
14,2,18,14_18,panelist,med,1,0,0,0,4.423689640120533
14,2,19,14_19,panelist,none,1,0,0,1,4.31069723532954
14,2,20,14_20,panelist,med,1,0,0,0,4.480504115643155
14,2,21,14_21,panelist,med,1,0,0,0,4.248086124581845
14,2,22,14_22,panelist,none,1,0,0,1,4.710560896809817
14,2,23,14_23,panelist,med,1,0,0,0,4.855377450049657
14,2,24,14_24,panelist,low,1,0,1,0,4.155883517967759
14,3,01,14_01,panelist,high,1,1,0,0,3.5735762951085777
14,3,02,14_02,panelist,med,1,0,0,0,4.6638188992431076
14,3,03,14_03,panelist,med,1,0,0,0,3.8976959891827407
14,3,04,14_04,panelist,none,1,0,0,1,4.182176848988838
14,3,05,14_05,panelist,med,1,0,0,0,3.625513952516373
14,3,06,14_06,panelist,med,1,0,0,0,4.473642534609155
14,3,07,14_07,panelist,high,1,1,0,0,3.9543263954910324
14,3,08,14_08,panelist,med,1,0,0,0,4.40523624226088
14,3,09,14_09,panelist,high,1,1,0,0,4.456103804145466
14,3,10,14_10,panelist,med,1,0,0,0,4.316270183922272
14,3,11,14_11,reviewer,low,0,0,1,0,3.6572499036646446
14,3,12,14_12,panelist,high,1,1,0,0,3.612184469561437
14,3,13,14_13,panelist,low,1,0,1,0,4.87691271954525
14,3,14,14_14,panelist,low,1,0,1,0,4.822826665986227
14,3,15,14_15,panelist,none,1,0,0,1,4.505575570325935
14,3,16,14_16,panelist,med,1,0,0,0,4.08689875307922
14,3,17,14_17,panelist,high,1,1,0,0,3.851671344927039
14,3,18,14_18,panelist,none,1,0,0,1,4.684601976197494
14,3,19,14_19,panelist,low,1,0,1,0,3.711643550035938
14,3,20,14_20,panelist,med,1,0,0,0,4.164679852480186
14,3,21,14_21,reviewer,none,0,0,0,1,4.353814821022473
14,3,22,14_22,reviewer,med,0,0,0,0,3.9028919033786025
14,3,23,14_23,panelist,high,1,1,0,0,4.374424076528755
14,3,24,14_24,panelist,med,1,0,0,0,3.9501902038822796
14,4,01,14_01,panelist,none,1,0,0,1,4.149479464254488
14,4,02,14_02,panelist,med,1,0,0,0,4.586198854357797
14,4,03,14_03,panelist,none,1,0,0,1,4.063867717514668
14,4,04,14_04,panelist,high,1,1,0,0,4.057367874737558
14,4,05,14_05,panelist,none,1,0,0,1,4.263156448229416
14,4,06,14_06,panelist,high,1,1,0,0,4.430693254756694
14,4,07,14_07,panelist,low,1,0,1,0,4.292547150380682
14,4,08,14_08,panelist,none,1,0,0,1,4.593850481367264
14,4,09,14_09,panelist,low,1,0,1,0,4.784119833642655
14,4,10,14_10,panelist,high,1,1,0,0,4.4269700476176395
14,4,11,14_11,panelist,med,1,0,0,0,3.975645201016332
14,4,12,14_12,reviewer,low,0,0,1,0,4.198021411314225
14,4,13,14_13,panelist,high,1,1,0,0,4.531375443940192
14,4,14,14_14,panelist,high,1,1,0,0,4.2424571863208005
14,4,15,14_15,panelist,med,1,0,0,0,4.40363245860653
14,4,16,14_16,panelist,med,1,0,0,0,4.251561530248987
14,4,17,14_17,panelist,med,1,0,0,0,4.396121402356767
14,4,18,14_18,panelist,high,1,1,0,0,4.338903562271742
14,4,19,14_19,panelist,med,1,0,0,0,4.01240958595987
14,4,20,14_20,reviewer,med,0,0,0,0,3.914803291450895
14,4,21,14_21,panelist,med,1,0,0,0,4.169037214913787
14,4,22,14_22,panelist,med,1,0,0,0,4.37617855511148
14,4,23,14_23,reviewer,med,0,0,0,0,4.302418822041482
14,4,24,14_24,panelist,low,1,0,1,0,4.3515445345005865
14,5,01,14_01,panelist,med,1,0,0,0,3.6339477972813143
14,5,02,14_02,panelist,high,1,1,0,0,4.041368015296981
14,5,03,14_03,panelist,low,1,0,1,0,4.145469258562251
14,5,04,14_04,panelist,med,1,0,0,0,3.997438694798102
14,5,05,14_05,panelist,med,1,0,0,0,3.7882289395800823
14,5,06,14_06,panelist,med,1,0,0,0,4.260924267164904
14,5,07,14_07,panelist,med,1,0,0,0,3.798187237630421
14,5,08,14_08,panelist,high,1,1,0,0,4.34005269857483
14,5,09,14_09,panelist,high,1,1,0,0,4.550963979748517
14,5,10,14_10,panelist,med,1,0,0,0,4.181119730635
14,5,11,14_11,panelist,med,1,0,0,0,3.9049010259516592
14,5,12,14_12,panelist,low,1,0,1,0,4.682356244208607
14,5,13,14_13,panelist,high,1,1,0,0,4.3963210156023385
14,5,14,14_14,panelist,none,1,0,0,1,4.513665142060687
14,5,15,14_15,reviewer,low,0,0,1,0,4.216749343332832
14,5,16,14_16,panelist,low,1,0,1,0,4.436012364625125
14,5,17,14_17,panelist,high,1,1,0,0,3.734710243311966
14,5,18,14_18,panelist,med,1,0,0,0,4.124827041923441
14,5,19,14_19,panelist,none,1,0,0,1,4.316591349960603
14,5,20,14_20,reviewer,high,0,1,0,0,3.694104232982473
14,5,21,14_21,panelist,med,1,0,0,0,4.052461320367349
14,5,22,14_22,reviewer,med,0,0,0,0,3.7592431734862037
14,5,23,14_23,panelist,none,1,0,0,1,4.3466011274470935
14,5,24,14_24,panelist,none,1,0,0,1,4.248142330852474
14,6,01,14_01,panelist,med,1,0,0,0,4.136455503044446
14,6,02,14_02,panelist,low,1,0,1,0,4.595175285632737
14,6,03,14_03,panelist,high,1,1,0,0,3.5206989958306187
14,6,04,14_04,panelist,high,1,1,0,0,4.116313756120121
14,6,05,14_05,panelist,low,1,0,1,0,4.369134253916606
14,6,06,14_06,reviewer,med,0,0,0,0,4.247965699505782
14,6,07,14_07,panelist,low,1,0,1,0,4.53523008428386
14,6,08,14_08,panelist,med,1,0,0,0,4.3527407016829605
14,6,09,14_09,panelist,med,1,0,0,0,4.800013568464182
14,6,10,14_10,panelist,med,1,0,0,0,4.49593323310114
14,6,11,14_11,reviewer,med,0,0,0,0,3.6892114611372855
14,6,12,14_12,panelist,none,1,0,0,1,4.842337572522216
14,6,13,14_13,panelist,none,1,0,0,1,4.870778449136394
14,6,14,14_14,panelist,none,1,0,0,1,4.675194105072876
14,6,15,14_15,panelist,med,1,0,0,0,4.213345019497597
14,6,16,14_16,panelist,med,1,0,0,0,4.426748161887174
14,6,17,14_17,panelist,low,1,0,1,0,4.416832908135548
14,6,18,14_18,panelist,med,1,0,0,0,4.653251202250698
14,6,19,14_19,panelist,high,1,1,0,0,3.933427299918101
14,6,20,14_20,panelist,none,1,0,0,1,4.424204869495012
14,6,21,14_21,panelist,high,1,1,0,0,3.9346343762551355
14,6,22,14_22,panelist,high,1,1,0,0,4.362076432836415
14,6,23,14_23,reviewer,med,0,0,0,0,4.210977106370173
14,6,24,14_24,panelist,high,1,1,0,0,4.030958735833283
14,7,01,14_01,panelist,high,1,1,0,0,4.53368884243303
14,7,02,14_02,panelist,med,1,0,0,0,4.842731645990822
14,7,03,14_03,panelist,none,1,0,0,1,4.606360001270114
14,7,04,14_04,panelist,high,1,1,0,0,4.2414758329087014
14,7,05,14_05,panelist,low,1,0,1,0,4.666241099892246
14,7,06,14_06,panelist,low,1,0,1,0,4.80636801872011
14,7,07,14_07,panelist,low,1,0,1,0,4.3363236439587
14,7,08,14_08,panelist,high,1,1,0,0,4.768816784293825
14,7,09,14_09,panelist,none,1,0,0,1,4.732526563394775
14,7,10,14_10,panelist,med,1,0,0,0,4.304715517005664
14,7,11,14_11,reviewer,med,0,0,0,0,4.068226897940952
14,7,12,14_12,panelist,high,1,1,0,0,4.5210390963852305
14,7,13,14_13,panelist,med,1,0,0,0,4.688466940866313
14,7,14,14_14,panelist,med,1,0,0,0,4.658042362509564
14,7,15,14_15,panelist,med,1,0,0,0,4.575759239247239
14,7,16,14_16,panelist,med,1,0,0,0,4.5064073517352
14,7,17,14_17,panelist,med,1,0,0,0,4.782633491787731
14,7,18,14_18,reviewer,med,0,0,0,0,4.7711217564892
14,7,19,14_19,reviewer,high,0,1,0,0,3.853965926868559
14,7,20,14_20,panelist,none,1,0,0,1,4.778803745091035
14,7,21,14_21,panelist,none,1,0,0,1,4.733554376478913
14,7,22,14_22,panelist,high,1,1,0,0,4.261448008139302
14,7,23,14_23,panelist,low,1,0,1,0,4.785175441821186
14,7,24,14_24,panelist,med,1,0,0,0,4.3664259719245
14,8,01,14_01,panelist,high,1,1,0,0,3.5307715911204762
14,8,02,14_02,reviewer,low,0,0,1,0,4.3138478388849935
14,8,03,14_03,reviewer,high,0,1,0,0,3.6872482135039606
14,8,04,14_04,panelist,low,1,0,1,0,3.774298374191292
14,8,05,14_05,panelist,med,1,0,0,0,3.793977098164217
14,8,06,14_06,reviewer,med,0,0,0,0,3.775206070968681
14,8,07,14_07,panelist,high,1,1,0,0,3.720816158028516
14,8,08,14_08,panelist,none,1,0,0,1,4.412167700971471
14,8,09,14_09,panelist,med,1,0,0,0,4.46963458999225
14,8,10,14_10,panelist,med,1,0,0,0,4.180704898918005
14,8,11,14_11,panelist,low,1,0,1,0,3.6143042291889316
14,8,12,14_12,panelist,med,1,0,0,0,3.761547051539384
14,8,13,14_13,panelist,med,1,0,0,0,4.6125628937244985
14,8,14,14_14,panelist,high,1,1,0,0,4.075183231883239
14,8,15,14_15,panelist,none,1,0,0,1,4.184798154046853
14,8,16,14_16,panelist,med,1,0,0,0,3.838198238049684
14,8,17,14_17,panelist,med,1,0,0,0,4.085755166142619
14,8,18,14_18,panelist,med,1,0,0,0,4.030599379918611
14,8,19,14_19,panelist,high,1,1,0,0,3.998363180997182
14,8,20,14_20,panelist,none,1,0,0,1,4.248619934642605
14,8,21,14_21,panelist,none,1,0,0,1,4.147762977349337
14,8,22,14_22,panelist,med,1,0,0,0,4.3286091695664375
14,8,23,14_23,panelist,high,1,1,0,0,3.6920081680015775
14,8,24,14_24,panelist,low,1,0,1,0,3.7711484943762525
14,9,01,14_01,panelist,med,1,0,0,0,4.4512927491142555
14,9,02,14_02,panelist,low,1,0,1,0,4.8696971408622325
14,9,03,14_03,panelist,high,1,1,0,0,4.100141788128034
14,9,04,14_04,panelist,high,1,1,0,0,4.205862408188087
14,9,05,14_05,reviewer,low,0,0,1,0,4.314825323905657
14,9,06,14_06,panelist,med,1,0,0,0,4.7728844240722745
14,9,07,14_07,panelist,med,1,0,0,0,4.288853504486777
14,9,08,14_08,panelist,med,1,0,0,0,4.81597398288633
14,9,09,14_09,panelist,high,1,1,0,0,4.7592218238993675
14,9,10,14_10,panelist,high,1,1,0,0,4.270107906005575
14,9,11,14_11,reviewer,none,0,0,0,1,4.438562961268721
14,9,12,14_12,panelist,low,1,0,1,0,4.695005752682996
14,9,13,14_13,panelist,med,1,0,0,0,4.769695811642192
14,9,14,14_14,panelist,med,1,0,0,0,4.800853946446201
14,9,15,14_15,panelist,none,1,0,0,1,4.760473133840427
14,9,16,14_16,panelist,low,1,0,1,0,4.5120919936384265
14,9,17,14_17,panelist,med,1,0,0,0,4.588116899908201
14,9,18,14_18,panelist,med,1,0,0,0,4.517226064597696
14,9,19,14_19,panelist,none,1,0,0,1,4.61536722450324
14,9,20,14_20,panelist,high,1,1,0,0,4.863883905892813
14,9,21,14_21,panelist,med,1,0,0,0,4.398946626818429
14,9,22,14_22,reviewer,med,0,0,0,0,4.217928604668134
14,9,23,14_23,panelist,high,1,1,0,0,4.7179438227188735
14,9,24,14_24,panelist,none,1,0,0,1,4.392369373510605
14,10,01,14_01,panelist,low,1,0,1,0,3.9687902258203933
14,10,02,14_02,panelist,high,1,1,0,0,4.654486253713613
14,10,03,14_03,panelist,low,1,0,1,0,4.002936980956927
14,10,04,14_04,panelist,high,1,1,0,0,3.8693472428720725
14,10,05,14_05,reviewer,low,0,0,1,0,3.586613512714443
14,10,06,14_06,panelist,high,1,1,0,0,4.058210927164741
14,10,07,14_07,panelist,high,1,1,0,0,4.126397620382217
14,10,08,14_08,panelist,med,1,0,0,0,4.55086765060008
14,10,09,14_09,panelist,med,1,0,0,0,4.471674695969981
14,10,10,14_10,reviewer,none,0,0,0,1,4.284333881641523
14,10,11,14_11,panelist,med,1,0,0,0,3.568519234260213
14,10,12,14_12,panelist,low,1,0,1,0,4.323460498733567
14,10,13,14_13,panelist,med,1,0,0,0,4.0360438963444
14,10,14,14_14,panelist,med,1,0,0,0,4.09680311575524
14,10,15,14_15,panelist,none,1,0,0,1,4.353441531665338
14,10,16,14_16,reviewer,med,0,0,0,0,3.9802702601329276
14,10,17,14_17,panelist,med,1,0,0,0,3.950389352360275
14,10,18,14_18,panelist,none,1,0,0,1,4.674983937091715
14,10,19,14_19,panelist,none,1,0,0,1,4.002607824259535
14,10,20,14_20,panelist,med,1,0,0,0,4.422914198022274
14,10,21,14_21,panelist,high,1,1,0,0,3.7567345724035257
14,10,22,14_22,panelist,med,1,0,0,0,4.054462831101353
14,10,23,14_23,panelist,high,1,1,0,0,4.3610067482955355
14,10,24,14_24,panelist,med,1,0,0,0,3.912607735381676
14,11,01,14_01,panelist,high,1,1,0,0,3.709378426476828
14,11,02,14_02,panelist,med,1,0,0,0,4.469298367642116
14,11,03,14_03,panelist,med,1,0,0,0,3.53848462140391
14,11,04,14_04,panelist,low,1,0,1,0,4.092376042957254
14,11,05,14_05,panelist,none,1,0,0,1,4.369627096808977
14,11,06,14_06,panelist,low,1,0,1,0,4.090657731129106
14,11,07,14_07,panelist,none,1,0,0,1,4.324681971345023
14,11,08,14_08,panelist,med,1,0,0,0,4.148278332828109
14,11,09,14_09,panelist,low,1,0,1,0,4.622155443468938
14,11,10,14_10,panelist,low,1,0,1,0,4.22520563134569
14,11,11,14_11,reviewer,med,0,0,0,0,3.989056783855009
14,11,12,14_12,panelist,med,1,0,0,0,4.037319736768665
14,11,13,14_13,panelist,high,1,1,0,0,4.20400646238372
14,11,14,14_14,panelist,med,1,0,0,0,4.0181895473812
14,11,15,14_15,panelist,med,1,0,0,0,3.9847999078247076
14,11,16,14_16,reviewer,high,0,1,0,0,3.9382364317205094
14,11,17,14_17,panelist,none,1,0,0,1,4.5773150711676935
14,11,18,14_18,panelist,none,1,0,0,1,4.332468277736788
14,11,19,14_19,panelist,med,1,0,0,0,3.811415560352424
14,11,20,14_20,panelist,high,1,1,0,0,4.222661762854902
14,11,21,14_21,reviewer,med,0,0,0,0,3.749017338185874
14,11,22,14_22,panelist,high,1,1,0,0,4.238206916831885
14,11,23,14_23,panelist,med,1,0,0,0,4.19033537683608
14,11,24,14_24,panelist,high,1,1,0,0,3.7245331556721806
14,12,01,14_01,panelist,med,1,0,0,0,4.2986502443506796
14,12,02,14_02,panelist,low,1,0,1,0,4.712950951519803
14,12,03,14_03,panelist,med,1,0,0,0,3.8348421953799603
14,12,04,14_04,panelist,med,1,0,0,0,4.307429695007497
14,12,05,14_05,panelist,high,1,1,0,0,3.6655139162730532
14,12,06,14_06,panelist,low,1,0,1,0,4.533338747849248
14,12,07,14_07,panelist,none,1,0,0,1,4.160747246546858
14,12,08,14_08,panelist,med,1,0,0,0,3.883731892265132
14,12,09,14_09,panelist,none,1,0,0,1,4.821726505685906
14,12,10,14_10,reviewer,none,0,0,0,1,4.233188147713841
14,12,11,14_11,panelist,med,1,0,0,0,3.7274477067665615
14,12,12,14_12,panelist,med,1,0,0,0,4.23569307130345
14,12,13,14_13,panelist,med,1,0,0,0,4.600304390563819
14,12,14,14_14,panelist,high,1,1,0,0,4.185382147937267
14,12,15,14_15,panelist,med,1,0,0,0,4.298840582868988
14,12,16,14_16,panelist,low,1,0,1,0,4.523197922060573
14,12,17,14_17,panelist,low,1,0,1,0,4.281153034425818
14,12,18,14_18,panelist,med,1,0,0,0,4.316043091327891
14,12,19,14_19,reviewer,high,0,1,0,0,3.89954846410966
14,12,20,14_20,reviewer,high,0,1,0,0,3.964501751362907
14,12,21,14_21,panelist,none,1,0,0,1,4.391284772918071
14,12,22,14_22,panelist,med,1,0,0,0,4.114511790507932
14,12,23,14_23,panelist,high,1,1,0,0,3.820821094052342
14,12,24,14_24,panelist,high,1,1,0,0,3.8791365627382843
14,13,01,14_01,panelist,high,1,1,0,0,4.374783054729465
14,13,02,14_02,panelist,med,1,0,0,0,4.786361135201443
14,13,03,14_03,reviewer,high,0,1,0,0,3.728471101701237
14,13,04,14_04,panelist,med,1,0,0,0,4.1934646125895805
14,13,05,14_05,reviewer,med,0,0,0,0,4.110594018179075
14,13,06,14_06,panelist,high,1,1,0,0,4.59955414669569
14,13,07,14_07,panelist,med,1,0,0,0,4.347090916386497
14,13,08,14_08,panelist,low,1,0,1,0,4.778142495633909
14,13,09,14_09,panelist,low,1,0,1,0,4.663323212989964
14,13,10,14_10,panelist,none,1,0,0,1,4.489057029816847
14,13,11,14_11,panelist,high,1,1,0,0,4.08559985428086
14,13,12,14_12,panelist,med,1,0,0,0,4.519280549516613
14,13,13,14_13,panelist,low,1,0,1,0,4.717453243056444
14,13,14,14_14,panelist,low,1,0,1,0,4.790498678627091
14,13,15,14_15,panelist,med,1,0,0,0,4.315671297808065
14,13,16,14_16,panelist,med,1,0,0,0,4.296077960783533
14,13,17,14_17,panelist,high,1,1,0,0,4.703812649861879
14,13,18,14_18,panelist,none,1,0,0,1,4.8636358844106296
14,13,19,14_19,reviewer,none,0,0,0,1,4.619663552507321
14,13,20,14_20,panelist,high,1,1,0,0,4.2475685537234185
14,13,21,14_21,panelist,none,1,0,0,1,4.443728676660661
14,13,22,14_22,panelist,med,1,0,0,0,4.319602429436275
14,13,23,14_23,panelist,med,1,0,0,0,4.609546671615311
14,13,24,14_24,panelist,med,1,0,0,0,4.193638002511823
14,14,01,14_01,panelist,high,1,1,0,0,3.9977341286582444
14,14,02,14_02,panelist,high,1,1,0,0,4.509090729207255
14,14,03,14_03,reviewer,low,0,0,1,0,3.8709417685481187
14,14,04,14_04,panelist,med,1,0,0,0,3.8214691208974
14,14,05,14_05,panelist,none,1,0,0,1,3.792380518664309
14,14,06,14_06,panelist,high,1,1,0,0,4.506337883395535
14,14,07,14_07,panelist,high,1,1,0,0,3.9155097924805142
14,14,08,14_08,panelist,med,1,0,0,0,4.530584343327404
14,14,09,14_09,panelist,high,1,1,0,0,4.397056745510987
14,14,10,14_10,panelist,high,1,1,0,0,3.670129060977729
14,14,11,14_11,reviewer,med,0,0,0,0,4.007016236880712
14,14,12,14_12,reviewer,low,0,0,1,0,3.866488027756008
14,14,13,14_13,panelist,med,1,0,0,0,4.323961049614392
14,14,14,14_14,panelist,low,1,0,1,0,4.151719140231047
14,14,15,14_15,panelist,none,1,0,0,1,4.498173707061207
14,14,16,14_16,panelist,med,1,0,0,0,3.86441512784363
14,14,17,14_17,panelist,med,1,0,0,0,4.059538616823004
14,14,18,14_18,panelist,none,1,0,0,1,4.399215962435183
14,14,19,14_19,panelist,med,1,0,0,0,3.8065701894047663
14,14,20,14_20,panelist,med,1,0,0,0,4.11945899799918
14,14,21,14_21,panelist,none,1,0,0,1,4.190713434875713
14,14,22,14_22,panelist,low,1,0,1,0,4.665692386456453
14,14,23,14_23,panelist,med,1,0,0,0,4.266738026911588
14,14,24,14_24,panelist,med,1,0,0,0,4.0815027803437856
14,15,01,14_01,panelist,none,1,0,0,1,3.69056428256073
14,15,02,14_02,panelist,high,1,1,0,0,4.255306061006958
14,15,03,14_03,panelist,med,1,0,0,0,3.6270506459591445
14,15,04,14_04,panelist,med,1,0,0,0,3.6790587658310985
14,15,05,14_05,panelist,med,1,0,0,0,3.8325561977953937
14,15,06,14_06,panelist,high,1,1,0,0,4.13842244095319
14,15,07,14_07,panelist,low,1,0,1,0,3.8314535067943676
14,15,08,14_08,panelist,med,1,0,0,0,3.536731870100222
14,15,09,14_09,panelist,none,1,0,0,1,4.399611909253805
14,15,10,14_10,panelist,med,1,0,0,0,4.0240573163746705
14,15,11,14_11,panelist,low,1,0,1,0,3.555764489182691
14,15,12,14_12,panelist,low,1,0,1,0,3.7012368979329255
14,15,13,14_13,panelist,high,1,1,0,0,3.8473177785444714
14,15,14,14_14,panelist,none,1,0,0,1,4.023823633699178
14,15,15,14_15,panelist,high,1,1,0,0,3.7784426564877713
14,15,16,14_16,panelist,low,1,0,1,0,4.226841882148223
14,15,17,14_17,reviewer,none,0,0,0,1,3.5913181718295757
14,15,18,14_18,panelist,med,1,0,0,0,4.052695119347075
14,15,19,14_19,reviewer,med,0,0,0,0,3.7196959681867874
14,15,20,14_20,panelist,med,1,0,0,0,4.132754061782356
14,15,21,14_21,panelist,high,1,1,0,0,3.958652350216667
14,15,22,14_22,reviewer,med,0,0,0,0,3.582808576793004
14,15,23,14_23,panelist,med,1,0,0,0,3.846516966086878
14,15,24,14_24,panelist,high,1,1,0,0,3.5404681493885324
15,1,01,15_01,panelist,low,1,0,1,0,4.088009961688067
15,1,02,15_02,reviewer,high,0,1,0,0,4.056561018024977
15,1,03,15_03,panelist,med,1,0,0,0,3.730669800957003
15,1,04,15_04,panelist,high,1,1,0,0,4.054367264495206
15,1,05,15_05,panelist,med,1,0,0,0,3.8804302189496838
15,1,06,15_06,panelist,none,1,0,0,1,4.35629357697121
15,1,07,15_07,panelist,med,1,0,0,0,4.1042769021813355
15,1,08,15_08,panelist,med,1,0,0,0,4.569444233922193
15,1,09,15_09,reviewer,high,0,1,0,0,4.093564014375214
15,1,10,15_10,reviewer,none,0,0,0,1,4.263609152191567
15,1,11,15_11,panelist,none,1,0,0,1,4.24248081335746
15,1,12,15_12,panelist,high,1,1,0,0,4.635142647127148
15,1,13,15_13,panelist,med,1,0,0,0,4.702820903640489
15,1,14,15_14,panelist,high,1,1,0,0,3.8863466480741606
15,1,15,15_15,panelist,med,1,0,0,0,4.452995941455998
15,1,16,15_16,panelist,med,1,0,0,0,4.098768289308724
15,1,17,15_17,panelist,low,1,0,1,0,4.1572310357708595
15,1,18,15_18,panelist,med,1,0,0,0,4.276465010810507
15,1,19,15_19,panelist,med,1,0,0,0,3.898030768146151
15,1,20,15_20,panelist,high,1,1,0,0,4.265429525253631
15,1,21,15_21,panelist,low,1,0,1,0,4.051168395314079
15,1,22,15_22,panelist,med,1,0,0,0,4.166782377449301
15,1,23,15_23,panelist,none,1,0,0,1,4.363672420721492
15,1,24,15_24,panelist,low,1,0,1,0,3.831497431206553
15,2,01,15_01,panelist,med,1,0,0,0,4.540332846844118
15,2,02,15_02,panelist,med,1,0,0,0,4.297474731512252
15,2,03,15_03,panelist,low,1,0,1,0,3.876487151880917
15,2,04,15_04,panelist,none,1,0,0,1,4.1173589642279
15,2,05,15_05,panelist,med,1,0,0,0,3.922442732452779
15,2,06,15_06,panelist,high,1,1,0,0,3.692430699962311
15,2,07,15_07,panelist,high,1,1,0,0,4.107592535109423
15,2,08,15_08,reviewer,none,0,0,0,1,4.499644899089242
15,2,09,15_09,panelist,low,1,0,1,0,4.8210985325208
15,2,10,15_10,reviewer,low,0,0,1,0,3.930355028663287
15,2,11,15_11,panelist,none,1,0,0,1,3.953404382600553
15,2,12,15_12,panelist,high,1,1,0,0,3.9847597550951783
15,2,13,15_13,panelist,med,1,0,0,0,4.771379322552043
15,2,14,15_14,panelist,med,1,0,0,0,4.0474106517299235
15,2,15,15_15,panelist,med,1,0,0,0,4.205734601223218
15,2,16,15_16,panelist,med,1,0,0,0,4.087457672362749
15,2,17,15_17,panelist,low,1,0,1,0,3.947239101810818
15,2,18,15_18,panelist,med,1,0,0,0,4.310675849819342
15,2,19,15_19,reviewer,med,0,0,0,0,4.031173029079087
15,2,20,15_20,panelist,med,1,0,0,0,4.314650940244937
15,2,21,15_21,panelist,high,1,1,0,0,3.8564488743629526
15,2,22,15_22,panelist,high,1,1,0,0,3.972431006657023
15,2,23,15_23,panelist,none,1,0,0,1,4.3728113598897
15,2,24,15_24,panelist,high,1,1,0,0,4.141531239014069
15,3,01,15_01,panelist,med,1,0,0,0,3.828714069730224
15,3,02,15_02,panelist,high,1,1,0,0,4.440350978750494
15,3,03,15_03,panelist,low,1,0,1,0,3.657064888205355
15,3,04,15_04,panelist,none,1,0,0,1,4.06771306870012
15,3,05,15_05,panelist,med,1,0,0,0,4.065107657654046
15,3,06,15_06,panelist,high,1,1,0,0,3.741160169486542
15,3,07,15_07,panelist,high,1,1,0,0,3.6043802291310763
15,3,08,15_08,panelist,med,1,0,0,0,4.286165117901138
15,3,09,15_09,reviewer,med,0,0,0,0,4.6865385660035805
15,3,10,15_10,reviewer,med,0,0,0,0,3.7569874629385436
15,3,11,15_11,panelist,none,1,0,0,1,3.89366393081193
15,3,12,15_12,panelist,high,1,1,0,0,4.209940969286647
15,3,13,15_13,panelist,high,1,1,0,0,4.472978653312696
15,3,14,15_14,panelist,med,1,0,0,0,4.073781882470651
15,3,15,15_15,panelist,med,1,0,0,0,4.414569592312834
15,3,16,15_16,panelist,low,1,0,1,0,4.150488037170745
15,3,17,15_17,panelist,none,1,0,0,1,4.34693451066333
15,3,18,15_18,panelist,high,1,1,0,0,4.019313156665874
15,3,19,15_19,panelist,med,1,0,0,0,4.121977358737022
15,3,20,15_20,panelist,none,1,0,0,1,4.2775371840472
15,3,21,15_21,panelist,low,1,0,1,0,4.187987213716001
15,3,22,15_22,panelist,med,1,0,0,0,3.995290652889716
15,3,23,15_23,reviewer,med,0,0,0,0,3.8447446446559246
15,3,24,15_24,panelist,low,1,0,1,0,3.5410398531648917
15,4,01,15_01,panelist,med,1,0,0,0,4.132470914532791
15,4,02,15_02,panelist,high,1,1,0,0,4.402562281924932
15,4,03,15_03,panelist,none,1,0,0,1,4.122957225150732
15,4,04,15_04,panelist,low,1,0,1,0,3.9202015817025284
15,4,05,15_05,panelist,none,1,0,0,1,4.033730393851941
15,4,06,15_06,panelist,med,1,0,0,0,4.6131240430436184
15,4,07,15_07,panelist,high,1,1,0,0,4.111242652320792
15,4,08,15_08,panelist,med,1,0,0,0,4.445519936303511
15,4,09,15_09,panelist,med,1,0,0,0,4.615435470643763
15,4,10,15_10,panelist,med,1,0,0,0,4.461610053606871
15,4,11,15_11,reviewer,high,0,1,0,0,3.527459432835289
15,4,12,15_12,reviewer,high,0,1,0,0,3.860469556750271
15,4,13,15_13,panelist,low,1,0,1,0,4.785845820037715
15,4,14,15_14,panelist,med,1,0,0,0,4.5998512393799835
15,4,15,15_15,panelist,low,1,0,1,0,4.183311211643889
15,4,16,15_16,panelist,med,1,0,0,0,4.0076211109097875
15,4,17,15_17,panelist,none,1,0,0,1,4.4656631058007
15,4,18,15_18,reviewer,med,0,0,0,0,4.153742173418643
15,4,19,15_19,panelist,low,1,0,1,0,4.107864850996185
15,4,20,15_20,panelist,none,1,0,0,1,4.680060141091896
15,4,21,15_21,panelist,med,1,0,0,0,4.403746717096965
15,4,22,15_22,panelist,high,1,1,0,0,4.429394761262672
15,4,23,15_23,panelist,high,1,1,0,0,4.033015931647494
15,4,24,15_24,panelist,med,1,0,0,0,4.256050852783898
15,5,01,15_01,panelist,high,1,1,0,0,3.5713338569452837
15,5,02,15_02,panelist,none,1,0,0,1,4.60714712249814
15,5,03,15_03,panelist,none,1,0,0,1,4.009812084559441
15,5,04,15_04,panelist,high,1,1,0,0,3.7996702053298095
15,5,05,15_05,panelist,med,1,0,0,0,3.629959266296161
15,5,06,15_06,panelist,low,1,0,1,0,4.182543868387711
15,5,07,15_07,panelist,med,1,0,0,0,3.6445059775613995
15,5,08,15_08,panelist,med,1,0,0,0,4.355909436408088
15,5,09,15_09,reviewer,low,0,0,1,0,4.474502259342052
15,5,10,15_10,panelist,med,1,0,0,0,3.9109094243280578
15,5,11,15_11,reviewer,none,0,0,0,1,3.7039935387532066
15,5,12,15_12,panelist,low,1,0,1,0,4.079987346745958
15,5,13,15_13,panelist,med,1,0,0,0,4.2348126874249115
15,5,14,15_14,panelist,med,1,0,0,0,4.204353623816273
15,5,15,15_15,panelist,none,1,0,0,1,4.291317607351906
15,5,16,15_16,panelist,med,1,0,0,0,4.001992866207311
15,5,17,15_17,panelist,high,1,1,0,0,3.845718633004957
15,5,18,15_18,reviewer,med,0,0,0,0,3.5201186976786043
15,5,19,15_19,panelist,med,1,0,0,0,3.75269268849452
15,5,20,15_20,panelist,high,1,1,0,0,3.9673624728720087
15,5,21,15_21,panelist,med,1,0,0,0,4.11247844287593
15,5,22,15_22,panelist,high,1,1,0,0,4.116128267462567
15,5,23,15_23,panelist,high,1,1,0,0,3.8581197422742743
15,5,24,15_24,panelist,low,1,0,1,0,3.5651464133214623
15,6,01,15_01,panelist,med,1,0,0,0,4.603343461003095
15,6,02,15_02,panelist,med,1,0,0,0,4.719033381620568
15,6,03,15_03,panelist,med,1,0,0,0,4.138208072762656
15,6,04,15_04,panelist,med,1,0,0,0,4.187037314987101
15,6,05,15_05,panelist,none,1,0,0,1,4.571672889116855
15,6,06,15_06,panelist,high,1,1,0,0,4.05889397222746
15,6,07,15_07,panelist,high,1,1,0,0,4.10814541973648
15,6,08,15_08,panelist,med,1,0,0,0,4.357214101399556
15,6,09,15_09,reviewer,low,0,0,1,0,4.672156172981133
15,6,10,15_10,panelist,high,1,1,0,0,4.486279371115651
15,6,11,15_11,panelist,low,1,0,1,0,3.7158420453098904
15,6,12,15_12,panelist,med,1,0,0,0,4.224000609715597
15,6,13,15_13,panelist,high,1,1,0,0,4.473752664442017
15,6,14,15_14,panelist,high,1,1,0,0,4.364786592261985
15,6,15,15_15,panelist,med,1,0,0,0,4.093801248969271
15,6,16,15_16,panelist,none,1,0,0,1,4.567133978415734
15,6,17,15_17,panelist,none,1,0,0,1,4.3931422074459405
15,6,18,15_18,panelist,high,1,1,0,0,4.387200281863529
15,6,19,15_19,panelist,none,1,0,0,1,4.147684810475588
15,6,20,15_20,panelist,low,1,0,1,0,4.318554828067454
15,6,21,15_21,panelist,med,1,0,0,0,4.293888366578723
15,6,22,15_22,reviewer,low,0,0,1,0,4.399887261131988
15,6,23,15_23,reviewer,med,0,0,0,0,4.195218242110786
15,6,24,15_24,panelist,med,1,0,0,0,3.7332224792561672
15,7,01,15_01,panelist,med,1,0,0,0,4.429494760273336
15,7,02,15_02,panelist,low,1,0,1,0,4.631800845604996
15,7,03,15_03,panelist,med,1,0,0,0,4.258920121316425
15,7,04,15_04,panelist,med,1,0,0,0,4.421169849719071
15,7,05,15_05,panelist,low,1,0,1,0,4.312415866901868
15,7,06,15_06,panelist,low,1,0,1,0,4.880499105611541
15,7,07,15_07,reviewer,high,0,1,0,0,4.420801772686829
15,7,08,15_08,panelist,none,1,0,0,1,4.768892021620511
15,7,09,15_09,panelist,med,1,0,0,0,4.798072383739378
15,7,10,15_10,panelist,med,1,0,0,0,4.276782587348337
15,7,11,15_11,panelist,med,1,0,0,0,4.495591076172062
15,7,12,15_12,panelist,none,1,0,0,1,4.669903016268053
15,7,13,15_13,panelist,med,1,0,0,0,4.804094600360744
15,7,14,15_14,panelist,med,1,0,0,0,4.792621504299667
15,7,15,15_15,panelist,high,1,1,0,0,3.93643251234122
15,7,16,15_16,panelist,low,1,0,1,0,4.449428220415308
15,7,17,15_17,reviewer,med,0,0,0,0,4.541395724527263
15,7,18,15_18,panelist,high,1,1,0,0,4.728161766238139
15,7,19,15_19,panelist,high,1,1,0,0,3.8899188341713726
15,7,20,15_20,panelist,none,1,0,0,1,4.820463156238397
15,7,21,15_21,panelist,med,1,0,0,0,4.448604112789303
15,7,22,15_22,panelist,high,1,1,0,0,4.221618228269292
15,7,23,15_23,panelist,none,1,0,0,1,4.5761421357553065
15,7,24,15_24,reviewer,high,0,1,0,0,3.742116638374305
15,8,01,15_01,panelist,med,1,0,0,0,3.6530489924340332
15,8,02,15_02,panelist,none,1,0,0,1,4.5413204564668375
15,8,03,15_03,panelist,high,1,1,0,0,3.5190886811196367
15,8,04,15_04,panelist,low,1,0,1,0,3.786115509652542
15,8,05,15_05,reviewer,high,0,1,0,0,3.5070211456571942
15,8,06,15_06,panelist,high,1,1,0,0,4.023085416513368
15,8,07,15_07,panelist,none,1,0,0,1,4.064361213761316
15,8,08,15_08,panelist,med,1,0,0,0,4.10094953899929
15,8,09,15_09,panelist,med,1,0,0,0,4.61722203718675
15,8,10,15_10,panelist,med,1,0,0,0,3.757374790308424
15,8,11,15_11,panelist,low,1,0,1,0,3.966757260547141
15,8,12,15_12,reviewer,med,0,0,0,0,3.848175923115353
15,8,13,15_13,panelist,low,1,0,1,0,4.589688946976795
15,8,14,15_14,panelist,med,1,0,0,0,3.998499563212326
15,8,15,15_15,panelist,med,1,0,0,0,4.108995515679206
15,8,16,15_16,panelist,high,1,1,0,0,3.8185117501871413
15,8,17,15_17,panelist,low,1,0,1,0,3.8313474194491235
15,8,18,15_18,panelist,none,1,0,0,1,4.265902758667726
15,8,19,15_19,panelist,high,1,1,0,0,3.7035245269875485
15,8,20,15_20,panelist,med,1,0,0,0,4.278878364229438
15,8,21,15_21,panelist,med,1,0,0,0,4.01275044282077
15,8,22,15_22,panelist,none,1,0,0,1,4.2949817056264425
15,8,23,15_23,panelist,med,1,0,0,0,3.936563674305528
15,8,24,15_24,reviewer,high,0,1,0,0,3.8072845669558446
15,9,01,15_01,reviewer,med,0,0,0,0,4.33393777241794
15,9,02,15_02,reviewer,med,0,0,0,0,4.538897527461482
15,9,03,15_03,reviewer,med,0,0,0,0,3.973334119563587
15,9,04,15_04,panelist,low,1,0,1,0,4.210511596884316
15,9,05,15_05,panelist,low,1,0,1,0,4.27623646368776
15,9,06,15_06,panelist,none,1,0,0,1,4.862608706706973
15,9,07,15_07,panelist,med,1,0,0,0,4.294319970884102
15,9,08,15_08,panelist,med,1,0,0,0,4.242327448629755
15,9,09,15_09,panelist,none,1,0,0,1,4.644666692312663
15,9,10,15_10,panelist,med,1,0,0,0,4.419729483422706
15,9,11,15_11,panelist,med,1,0,0,0,4.064299497367306
15,9,12,15_12,panelist,med,1,0,0,0,4.266089751215596
15,9,13,15_13,panelist,high,1,1,0,0,4.624927771412847
15,9,14,15_14,panelist,none,1,0,0,1,4.478943092914507
15,9,15,15_15,panelist,high,1,1,0,0,4.279961402132785
15,9,16,15_16,panelist,none,1,0,0,1,4.846897370735433
15,9,17,15_17,panelist,low,1,0,1,0,4.55860509342341
15,9,18,15_18,panelist,high,1,1,0,0,4.452236533857827
15,9,19,15_19,panelist,med,1,0,0,0,4.209682755331441
15,9,20,15_20,panelist,high,1,1,0,0,4.373891806035119
15,9,21,15_21,panelist,low,1,0,1,0,4.758826220300895
15,9,22,15_22,panelist,high,1,1,0,0,4.132378880068534
15,9,23,15_23,panelist,high,1,1,0,0,4.4448433993913765
15,9,24,15_24,panelist,med,1,0,0,0,3.9472024039508917
15,10,01,15_01,panelist,med,1,0,0,0,3.813238003418173
15,10,02,15_02,panelist,med,1,0,0,0,4.56688010464467
15,10,03,15_03,panelist,med,1,0,0,0,3.5182211038928504
15,10,04,15_04,panelist,med,1,0,0,0,3.716942422388768
15,10,05,15_05,panelist,none,1,0,0,1,4.0348700638081425
15,10,06,15_06,reviewer,high,0,1,0,0,4.00095389451842
15,10,07,15_07,panelist,med,1,0,0,0,3.982565781154774
15,10,08,15_08,panelist,low,1,0,1,0,4.39565017952729
15,10,09,15_09,panelist,high,1,1,0,0,4.696218199569646
15,10,10,15_10,reviewer,med,0,0,0,0,3.7019852456595985
15,10,11,15_11,panelist,high,1,1,0,0,3.888401066061267
15,10,12,15_12,panelist,med,1,0,0,0,3.778082134046214
15,10,13,15_13,reviewer,med,0,0,0,0,4.263327488635447
15,10,14,15_14,panelist,high,1,1,0,0,3.8639254801503164
15,10,15,15_15,panelist,high,1,1,0,0,3.597738838600163
15,10,16,15_16,panelist,med,1,0,0,0,4.059633521497192
15,10,17,15_17,panelist,high,1,1,0,0,4.074905043779307
15,10,18,15_18,panelist,med,1,0,0,0,4.421349090883811
15,10,19,15_19,panelist,low,1,0,1,0,4.24748367820776
15,10,20,15_20,panelist,none,1,0,0,1,4.3273921134878774
15,10,21,15_21,panelist,none,1,0,0,1,4.130190699044295
15,10,22,15_22,panelist,low,1,0,1,0,3.972403813971426
15,10,23,15_23,panelist,low,1,0,1,0,4.60261839540811
15,10,24,15_24,panelist,none,1,0,0,1,4.068378545372091
15,11,01,15_01,panelist,low,1,0,1,0,3.6711340911988604
15,11,02,15_02,panelist,med,1,0,0,0,4.276308472296916
15,11,03,15_03,panelist,med,1,0,0,0,3.6554951702675957
15,11,04,15_04,panelist,med,1,0,0,0,3.5362956172247686
15,11,05,15_05,panelist,med,1,0,0,0,3.7805822227517973
15,11,06,15_06,panelist,low,1,0,1,0,4.493742843670031
15,11,07,15_07,panelist,high,1,1,0,0,3.7630419132690105
15,11,08,15_08,panelist,med,1,0,0,0,3.864849081216264
15,11,09,15_09,panelist,med,1,0,0,0,4.665452940379452
15,11,10,15_10,panelist,high,1,1,0,0,4.1998295103978975
15,11,11,15_11,panelist,high,1,1,0,0,3.6864613989786683
15,11,12,15_12,panelist,low,1,0,1,0,4.0370988862931805
15,11,13,15_13,panelist,low,1,0,1,0,4.252225832895303
15,11,14,15_14,panelist,med,1,0,0,0,4.14496795629672
15,11,15,15_15,panelist,high,1,1,0,0,3.856669479766466
15,11,16,15_16,reviewer,med,0,0,0,0,3.7029530584942023
15,11,17,15_17,panelist,none,1,0,0,1,3.8536992308037714
15,11,18,15_18,panelist,none,1,0,0,1,4.177307096391639
15,11,19,15_19,panelist,high,1,1,0,0,4.158018536422061
15,11,20,15_20,panelist,med,1,0,0,0,4.052579075389232
15,11,21,15_21,panelist,none,1,0,0,1,3.990867237277081
15,11,22,15_22,panelist,med,1,0,0,0,4.142640962055376
15,11,23,15_23,reviewer,none,0,0,0,1,4.277292175084506
15,11,24,15_24,reviewer,high,0,1,0,0,3.5218274926441935
15,12,01,15_01,panelist,med,1,0,0,0,4.0575421653122
15,12,02,15_02,panelist,none,1,0,0,1,4.331717262248012
15,12,03,15_03,reviewer,med,0,0,0,0,3.715108665870029
15,12,04,15_04,panelist,high,1,1,0,0,3.9774582345779472
15,12,05,15_05,panelist,med,1,0,0,0,3.5397202305133604
15,12,06,15_06,panelist,low,1,0,1,0,4.260514780728366
15,12,07,15_07,panelist,med,1,0,0,0,4.003509333375261
15,12,08,15_08,panelist,med,1,0,0,0,4.597623342455492
15,12,09,15_09,panelist,high,1,1,0,0,4.8711861675458374
15,12,10,15_10,panelist,high,1,1,0,0,3.9007624371635283
15,12,11,15_11,panelist,med,1,0,0,0,3.786229280764738
15,12,12,15_12,panelist,high,1,1,0,0,4.3454661388921725
15,12,13,15_13,panelist,high,1,1,0,0,4.21771098346956
15,12,14,15_14,panelist,med,1,0,0,0,4.243398488126124
15,12,15,15_15,panelist,med,1,0,0,0,3.9627100511043407
15,12,16,15_16,panelist,low,1,0,1,0,4.425203350523092
15,12,17,15_17,panelist,low,1,0,1,0,4.2792160332814415
15,12,18,15_18,panelist,med,1,0,0,0,4.132123332050127
15,12,19,15_19,panelist,none,1,0,0,1,4.1878950125900465
15,12,20,15_20,panelist,med,1,0,0,0,4.207138201226244
15,12,21,15_21,panelist,high,1,1,0,0,4.036141937887846
15,12,22,15_22,reviewer,none,0,0,0,1,4.227824950426596
15,12,23,15_23,panelist,low,1,0,1,0,4.117996277941397
15,12,24,15_24,reviewer,none,0,0,0,1,3.907212859674462
15,13,01,15_01,panelist,med,1,0,0,0,4.564731427328386
15,13,02,15_02,reviewer,med,0,0,0,0,4.407977526610251
15,13,03,15_03,panelist,none,1,0,0,1,4.537309523153079
15,13,04,15_04,panelist,med,1,0,0,0,4.459218095589597
15,13,05,15_05,panelist,med,1,0,0,0,4.046591778324901
15,13,06,15_06,panelist,low,1,0,1,0,4.405988739076725
15,13,07,15_07,panelist,med,1,0,0,0,3.769159340897821
15,13,08,15_08,panelist,med,1,0,0,0,4.75998152480331
15,13,09,15_09,panelist,high,1,1,0,0,4.721482585839089
15,13,10,15_10,panelist,none,1,0,0,1,4.474981972101353
15,13,11,15_11,panelist,med,1,0,0,0,4.383733281486282
15,13,12,15_12,panelist,none,1,0,0,1,4.4131292086894325
15,13,13,15_13,panelist,high,1,1,0,0,4.631568891974103
15,13,14,15_14,panelist,high,1,1,0,0,4.420661009597159
15,13,15,15_15,panelist,med,1,0,0,0,4.282301777142253
15,13,16,15_16,reviewer,med,0,0,0,0,4.202604048060304
15,13,17,15_17,panelist,low,1,0,1,0,4.506033256327769
15,13,18,15_18,reviewer,high,0,1,0,0,4.361794312737645
15,13,19,15_19,panelist,low,1,0,1,0,4.252065032600868
15,13,20,15_20,panelist,med,1,0,0,0,4.482244594797667
15,13,21,15_21,panelist,high,1,1,0,0,4.6445203065513
15,13,22,15_22,panelist,high,1,1,0,0,4.26426564409219
15,13,23,15_23,panelist,low,1,0,1,0,4.615517702038714
15,13,24,15_24,panelist,none,1,0,0,1,4.381801945988333
15,14,01,15_01,reviewer,none,0,0,0,1,3.8926963712333
15,14,02,15_02,panelist,none,1,0,0,1,4.6790323532579645
15,14,03,15_03,panelist,low,1,0,1,0,3.7772583351417226
15,14,04,15_04,reviewer,med,0,0,0,0,3.8765328282742137
15,14,05,15_05,panelist,high,1,1,0,0,3.695992135241395
15,14,06,15_06,panelist,med,1,0,0,0,4.057220375364687
15,14,07,15_07,panelist,med,1,0,0,0,3.965896932241706
15,14,08,15_08,panelist,med,1,0,0,0,4.237807384993042
15,14,09,15_09,panelist,low,1,0,1,0,4.593304698628219
15,14,10,15_10,panelist,high,1,1,0,0,3.922973843101043
15,14,11,15_11,panelist,med,1,0,0,0,3.658630582501793
15,14,12,15_12,panelist,med,1,0,0,0,3.865522824384079
15,14,13,15_13,panelist,none,1,0,0,1,4.536305424037649
15,14,14,15_14,panelist,med,1,0,0,0,3.9923027100755784
15,14,15,15_15,panelist,med,1,0,0,0,3.966454122524322
15,14,16,15_16,panelist,high,1,1,0,0,3.8632971249033536
15,14,17,15_17,panelist,med,1,0,0,0,3.972833838192706
15,14,18,15_18,panelist,high,1,1,0,0,4.251270597566478
15,14,19,15_19,panelist,low,1,0,1,0,4.339644272592265
15,14,20,15_20,panelist,high,1,1,0,0,4.008970517433605
15,14,21,15_21,panelist,low,1,0,1,0,4.162383183472456
15,14,22,15_22,panelist,med,1,0,0,0,4.003076505537371
15,14,23,15_23,panelist,none,1,0,0,1,4.155882754401026
15,14,24,15_24,reviewer,high,0,1,0,0,3.5283187253876473
15,15,01,15_01,panelist,low,1,0,1,0,3.574778208703317
15,15,02,15_02,panelist,high,1,1,0,0,3.9194311708503897
15,15,03,15_03,reviewer,med,0,0,0,0,3.5325954910302646
15,15,04,15_04,panelist,med,1,0,0,0,3.784995554182728
15,15,05,15_05,panelist,high,1,1,0,0,3.6365595914637536
15,15,06,15_06,panelist,low,1,0,1,0,3.521569573705993
15,15,07,15_07,panelist,med,1,0,0,0,3.657109958589857
15,15,08,15_08,panelist,high,1,1,0,0,4.039908720245903
15,15,09,15_09,panelist,med,1,0,0,0,4.168829762561763
15,15,10,15_10,panelist,high,1,1,0,0,3.6110209113492364
15,15,11,15_11,reviewer,low,0,0,1,0,3.5285619943770326
15,15,12,15_12,reviewer,med,0,0,0,0,3.6530314937969184
15,15,13,15_13,panelist,none,1,0,0,1,3.893191245016923
15,15,14,15_14,panelist,high,1,1,0,0,3.7757966189112318
15,15,15,15_15,panelist,none,1,0,0,1,3.691281320814845
15,15,16,15_16,panelist,none,1,0,0,1,4.146592255320542
15,15,17,15_17,panelist,med,1,0,0,0,3.62231655092157
15,15,18,15_18,panelist,med,1,0,0,0,3.7762833942544987
15,15,19,15_19,panelist,med,1,0,0,0,3.6083118795196163
15,15,20,15_20,panelist,med,1,0,0,0,3.934344250682275
15,15,21,15_21,panelist,med,1,0,0,0,3.967909313730066
15,15,22,15_22,panelist,low,1,0,1,0,4.0028570687314815
15,15,23,15_23,panelist,high,1,1,0,0,3.56230765064689
15,15,24,15_24,panelist,none,1,0,0,1,3.583267620248218
16,1,01,16_01,panelist,low,1,0,1,0,4.0892535074386025
16,1,02,16_02,panelist,high,1,1,0,0,4.355842710146777
16,1,03,16_03,panelist,med,1,0,0,0,3.8711574140899416
16,1,04,16_04,panelist,med,1,0,0,0,3.7184067898597717
16,1,05,16_05,panelist,none,1,0,0,1,3.6968189808315337
16,1,06,16_06,panelist,none,1,0,0,1,3.9908519536364797
16,1,07,16_07,panelist,med,1,0,0,0,3.606090900584852
16,1,08,16_08,panelist,high,1,1,0,0,3.9355870646921924
16,1,09,16_09,panelist,none,1,0,0,1,4.662839557940178
16,1,10,16_10,panelist,med,1,0,0,0,3.78331796049315
16,1,11,16_11,panelist,high,1,1,0,0,4.0202890633859765
16,1,12,16_12,reviewer,high,0,1,0,0,3.603650268245973
16,1,13,16_13,panelist,none,1,0,0,1,4.4439083899506615
16,1,14,16_14,panelist,med,1,0,0,0,4.086600925881536
16,1,15,16_15,reviewer,low,0,0,1,0,3.587283114874422
16,1,16,16_16,panelist,low,1,0,1,0,4.088488900794917
16,1,17,16_17,reviewer,low,0,0,1,0,4.084981485659967
16,1,18,16_18,panelist,med,1,0,0,0,4.1967917962619135
16,1,19,16_19,panelist,high,1,1,0,0,3.519632852072821
16,1,20,16_20,panelist,med,1,0,0,0,3.5465540499485346
16,1,21,16_21,panelist,med,1,0,0,0,4.052061085463561
16,1,22,16_22,panelist,med,1,0,0,0,4.057919197227059
16,1,23,16_23,panelist,high,1,1,0,0,3.9849109222111205
16,1,24,16_24,panelist,med,1,0,0,0,3.579437546419581
16,2,01,16_01,panelist,none,1,0,0,1,3.9774123263361725
16,2,02,16_02,panelist,none,1,0,0,1,4.780148311318308
16,2,03,16_03,reviewer,none,0,0,0,1,3.5877548698828243
16,2,04,16_04,panelist,high,1,1,0,0,3.7512797437686616
16,2,05,16_05,panelist,low,1,0,1,0,3.7450670089937272
16,2,06,16_06,panelist,low,1,0,1,0,4.044652831239015
16,2,07,16_07,panelist,med,1,0,0,0,3.69674805152868
16,2,08,16_08,panelist,med,1,0,0,0,4.428609763030594
16,2,09,16_09,panelist,high,1,1,0,0,4.418481133809461
16,2,10,16_10,panelist,med,1,0,0,0,4.030248371945226
16,2,11,16_11,panelist,med,1,0,0,0,3.556252153926413
16,2,12,16_12,panelist,med,1,0,0,0,3.880938969804935
16,2,13,16_13,panelist,none,1,0,0,1,4.0199673187752145
16,2,14,16_14,panelist,med,1,0,0,0,4.392171179696629
16,2,15,16_15,panelist,high,1,1,0,0,3.6989038550917366
16,2,16,16_16,panelist,med,1,0,0,0,4.262086232826212
16,2,17,16_17,reviewer,high,0,1,0,0,3.589211656950096
16,2,18,16_18,reviewer,low,0,0,1,0,3.7610454556312933
16,2,19,16_19,panelist,low,1,0,1,0,3.8409538970047374
16,2,20,16_20,panelist,med,1,0,0,0,3.9380666651700618
16,2,21,16_21,panelist,high,1,1,0,0,3.7394546726156017
16,2,22,16_22,panelist,med,1,0,0,0,4.090997849835784
16,2,23,16_23,panelist,med,1,0,0,0,3.920257350932665
16,2,24,16_24,panelist,high,1,1,0,0,3.7764826275794015
16,3,01,16_01,panelist,high,1,1,0,0,3.6891933837947835
16,3,02,16_02,panelist,high,1,1,0,0,4.010657546166632
16,3,03,16_03,panelist,none,1,0,0,1,4.051798806854012
16,3,04,16_04,reviewer,high,0,1,0,0,3.5845372812245793
16,3,05,16_05,panelist,none,1,0,0,1,4.033434757269503
16,3,06,16_06,panelist,high,1,1,0,0,4.088108214485705
16,3,07,16_07,panelist,med,1,0,0,0,3.7190363907667594
16,3,08,16_08,panelist,med,1,0,0,0,3.9419813912383184
16,3,09,16_09,panelist,med,1,0,0,0,4.375619822280448
16,3,10,16_10,panelist,med,1,0,0,0,3.8291399425572883
16,3,11,16_11,panelist,med,1,0,0,0,3.850815099637086
16,3,12,16_12,panelist,none,1,0,0,1,4.051798148251964
16,3,13,16_13,panelist,med,1,0,0,0,4.17265368560341
16,3,14,16_14,panelist,med,1,0,0,0,4.148567700529733
16,3,15,16_15,reviewer,med,0,0,0,0,3.646022264201905
16,3,16,16_16,panelist,high,1,1,0,0,3.860275485577508
16,3,17,16_17,panelist,low,1,0,1,0,3.9837271657360342
16,3,18,16_18,panelist,med,1,0,0,0,4.038043578273453
16,3,19,16_19,panelist,med,1,0,0,0,3.759395865240676
16,3,20,16_20,panelist,low,1,0,1,0,3.7382467801006314
16,3,21,16_21,panelist,low,1,0,1,0,3.867925399280498
16,3,22,16_22,panelist,high,1,1,0,0,3.918198152606467
16,3,23,16_23,reviewer,none,0,0,0,1,4.129954499445077
16,3,24,16_24,panelist,low,1,0,1,0,3.786670832187798
16,4,01,16_01,reviewer,med,0,0,0,0,3.753561063280565
16,4,02,16_02,panelist,none,1,0,0,1,4.771700010237755
16,4,03,16_03,panelist,med,1,0,0,0,3.9553459195309744
16,4,04,16_04,panelist,low,1,0,1,0,3.9522290267841336
16,4,05,16_05,panelist,high,1,1,0,0,3.540617624174273
16,4,06,16_06,panelist,med,1,0,0,0,3.948211419562018
16,4,07,16_07,panelist,med,1,0,0,0,3.9306965940459335
16,4,08,16_08,panelist,med,1,0,0,0,4.253782093290021
16,4,09,16_09,panelist,low,1,0,1,0,4.513277739331925
16,4,10,16_10,panelist,med,1,0,0,0,3.8186728295279324
16,4,11,16_11,panelist,high,1,1,0,0,3.8765231626888483
16,4,12,16_12,panelist,none,1,0,0,1,4.064860691540985
16,4,13,16_13,panelist,med,1,0,0,0,4.4278838758199575
16,4,14,16_14,panelist,low,1,0,1,0,4.067537980229025
16,4,15,16_15,reviewer,high,0,1,0,0,4.116597924297348
16,4,16,16_16,panelist,med,1,0,0,0,4.12334974663409
16,4,17,16_17,panelist,high,1,1,0,0,4.1730275768921015
16,4,18,16_18,panelist,high,1,1,0,0,4.255232492560778
16,4,19,16_19,panelist,high,1,1,0,0,3.5162024107728587
16,4,20,16_20,reviewer,med,0,0,0,0,3.605986476867446
16,4,21,16_21,panelist,none,1,0,0,1,4.152698361638755
16,4,22,16_22,panelist,none,1,0,0,1,4.235921005519546
16,4,23,16_23,panelist,med,1,0,0,0,4.433671324370524
16,4,24,16_24,panelist,low,1,0,1,0,3.7826777086546546
16,5,01,16_01,reviewer,low,0,0,1,0,3.5956223982601867
16,5,02,16_02,panelist,low,1,0,1,0,4.089199869865106
16,5,03,16_03,panelist,med,1,0,0,0,3.6604165065708516
16,5,04,16_04,panelist,low,1,0,1,0,3.7639670048999
16,5,05,16_05,panelist,none,1,0,0,1,3.6508136102029503
16,5,06,16_06,panelist,high,1,1,0,0,3.5944175323943943
16,5,07,16_07,reviewer,none,0,0,0,1,3.930119058494232
16,5,08,16_08,panelist,med,1,0,0,0,3.916357882953097
16,5,09,16_09,panelist,low,1,0,1,0,4.208744486758474
16,5,10,16_10,reviewer,med,0,0,0,0,3.642164666514181
16,5,11,16_11,panelist,none,1,0,0,1,3.6375111395802775
16,5,12,16_12,panelist,med,1,0,0,0,3.8412990429566856
16,5,13,16_13,panelist,none,1,0,0,1,4.196824998935938
16,5,14,16_14,panelist,high,1,1,0,0,3.700169995613962
16,5,15,16_15,panelist,med,1,0,0,0,3.5989359947255477
16,5,16,16_16,panelist,med,1,0,0,0,3.7851382340409816
16,5,17,16_17,panelist,med,1,0,0,0,4.169228530181427
16,5,18,16_18,panelist,high,1,1,0,0,3.825956335935345
16,5,19,16_19,panelist,high,1,1,0,0,3.7504102147660787
16,5,20,16_20,panelist,high,1,1,0,0,3.831915681151503
16,5,21,16_21,panelist,med,1,0,0,0,4.34552577606906
16,5,22,16_22,panelist,med,1,0,0,0,3.638923220288153
16,5,23,16_23,panelist,med,1,0,0,0,3.9031352216387956
16,5,24,16_24,panelist,high,1,1,0,0,3.5602831037867917
16,6,01,16_01,reviewer,med,0,0,0,0,3.7096977588060733
16,6,02,16_02,panelist,med,1,0,0,0,4.4674364440782135
16,6,03,16_03,panelist,low,1,0,1,0,3.8675815623466674
16,6,04,16_04,panelist,med,1,0,0,0,3.5336234821259014
16,6,05,16_05,panelist,med,1,0,0,0,3.787093651842058
16,6,06,16_06,panelist,med,1,0,0,0,4.362286788583472
16,6,07,16_07,panelist,high,1,1,0,0,3.8086836678168083
16,6,08,16_08,panelist,low,1,0,1,0,4.178136202023924
16,6,09,16_09,reviewer,high,0,1,0,0,4.20738114122224
16,6,10,16_10,panelist,med,1,0,0,0,4.348492057835695
16,6,11,16_11,panelist,high,1,1,0,0,3.8804532975247796
16,6,12,16_12,panelist,med,1,0,0,0,4.469682414064783
16,6,13,16_13,reviewer,high,0,1,0,0,4.296589580283974
16,6,14,16_14,panelist,high,1,1,0,0,4.177154469816196
16,6,15,16_15,panelist,none,1,0,0,1,4.464723149236783
16,6,16,16_16,panelist,none,1,0,0,1,4.694220819112909
16,6,17,16_17,panelist,low,1,0,1,0,4.337406898330458
16,6,18,16_18,panelist,high,1,1,0,0,3.9905067234433704
16,6,19,16_19,panelist,med,1,0,0,0,3.9080314810464234
16,6,20,16_20,panelist,none,1,0,0,1,4.501779164736508
16,6,21,16_21,panelist,med,1,0,0,0,3.934740061173416
16,6,22,16_22,panelist,low,1,0,1,0,4.230629846871041
16,6,23,16_23,panelist,med,1,0,0,0,4.171205144549607
16,6,24,16_24,panelist,none,1,0,0,1,4.338216924789117
16,7,01,16_01,panelist,high,1,1,0,0,4.056114850810267
16,7,02,16_02,panelist,high,1,1,0,0,4.447903706297723
16,7,03,16_03,panelist,high,1,1,0,0,3.7403042343751305
16,7,04,16_04,panelist,high,1,1,0,0,4.018220567155013
16,7,05,16_05,panelist,med,1,0,0,0,4.26323510795805
16,7,06,16_06,reviewer,med,0,0,0,0,4.344042586804771
16,7,07,16_07,panelist,med,1,0,0,0,4.269480759760997
16,7,08,16_08,panelist,med,1,0,0,0,4.540469835346835
16,7,09,16_09,panelist,none,1,0,0,1,4.69053375428176
16,7,10,16_10,panelist,low,1,0,1,0,4.346451682629337
16,7,11,16_11,panelist,med,1,0,0,0,3.736727651034702
16,7,12,16_12,panelist,med,1,0,0,0,4.56484459654052
16,7,13,16_13,panelist,med,1,0,0,0,4.874305649386437
16,7,14,16_14,panelist,low,1,0,1,0,4.409442087807734
16,7,15,16_15,panelist,none,1,0,0,1,4.777421950138752
16,7,16,16_16,reviewer,med,0,0,0,0,4.447985705708912
16,7,17,16_17,panelist,low,1,0,1,0,4.768250843953421
16,7,18,16_18,panelist,med,1,0,0,0,4.342037236932253
16,7,19,16_19,panelist,med,1,0,0,0,3.995681439857621
16,7,20,16_20,reviewer,none,0,0,0,1,4.505370144766993
16,7,21,16_21,panelist,low,1,0,1,0,4.186409037721494
16,7,22,16_22,panelist,none,1,0,0,1,4.7064875857957515
16,7,23,16_23,panelist,high,1,1,0,0,4.717756131137997
16,7,24,16_24,panelist,high,1,1,0,0,3.999383283134235
16,8,01,16_01,panelist,high,1,1,0,0,3.540843948214295
16,8,02,16_02,panelist,high,1,1,0,0,4.166308597617829
16,8,03,16_03,panelist,med,1,0,0,0,3.56383412896537
16,8,04,16_04,panelist,med,1,0,0,0,3.562530817026817
16,8,05,16_05,panelist,none,1,0,0,1,3.798974619730494
16,8,06,16_06,panelist,high,1,1,0,0,3.7821524390497694
16,8,07,16_07,panelist,med,1,0,0,0,3.69817704332197
16,8,08,16_08,panelist,none,1,0,0,1,4.060115618626474
16,8,09,16_09,reviewer,low,0,0,1,0,4.053874901086339
16,8,10,16_10,panelist,low,1,0,1,0,3.7920079901629102
16,8,11,16_11,panelist,med,1,0,0,0,3.7117444665045576
16,8,12,16_12,panelist,none,1,0,0,1,3.779549152185705
16,8,13,16_13,panelist,high,1,1,0,0,3.8174819117327328
16,8,14,16_14,panelist,low,1,0,1,0,3.963550006756029
16,8,15,16_15,reviewer,high,0,1,0,0,3.5168950930683858
16,8,16,16_16,panelist,none,1,0,0,1,3.86022832762809
16,8,17,16_17,panelist,high,1,1,0,0,3.5861183957643763
16,8,18,16_18,panelist,low,1,0,1,0,3.7826596490352293
16,8,19,16_19,panelist,med,1,0,0,0,3.5998853978162018
16,8,20,16_20,panelist,med,1,0,0,0,3.6545866902692277
16,8,21,16_21,panelist,med,1,0,0,0,3.6737003913259576
16,8,22,16_22,panelist,med,1,0,0,0,3.5253535588049565
16,8,23,16_23,panelist,med,1,0,0,0,3.9488621555408217
16,8,24,16_24,reviewer,med,0,0,0,0,3.6059794383904684
16,9,01,16_01,panelist,none,1,0,0,1,4.134756939892955
16,9,02,16_02,panelist,med,1,0,0,0,4.621208987080457
16,9,03,16_03,panelist,high,1,1,0,0,3.912459880091884
16,9,04,16_04,reviewer,med,0,0,0,0,3.7028061004884902
16,9,05,16_05,panelist,low,1,0,1,0,3.8963735588663457
16,9,06,16_06,reviewer,high,0,1,0,0,3.9754553845707132
16,9,07,16_07,panelist,med,1,0,0,0,3.9614671735199307
16,9,08,16_08,panelist,med,1,0,0,0,4.67547466692759
16,9,09,16_09,panelist,none,1,0,0,1,4.481794358399894
16,9,10,16_10,panelist,none,1,0,0,1,3.9673629985314762
16,9,11,16_11,panelist,med,1,0,0,0,4.089131428566889
16,9,12,16_12,panelist,med,1,0,0,0,4.1333329630217905
16,9,13,16_13,panelist,high,1,1,0,0,4.034776123536677
16,9,14,16_14,panelist,med,1,0,0,0,4.643521446205941
16,9,15,16_15,panelist,med,1,0,0,0,4.255357540371195
16,9,16,16_16,reviewer,none,0,0,0,1,4.195567621106037
16,9,17,16_17,panelist,low,1,0,1,0,4.415023405581066
16,9,18,16_18,panelist,high,1,1,0,0,4.352624240829846
16,9,19,16_19,panelist,high,1,1,0,0,4.2474541591512045
16,9,20,16_20,panelist,med,1,0,0,0,4.431180328902233
16,9,21,16_21,panelist,med,1,0,0,0,4.679021515286926
16,9,22,16_22,panelist,low,1,0,1,0,4.633575169352015
16,9,23,16_23,panelist,low,1,0,1,0,4.2963179914303256
16,9,24,16_24,panelist,high,1,1,0,0,4.335467080400152
16,10,01,16_01,panelist,none,1,0,0,1,3.6978602021129574
16,10,02,16_02,panelist,high,1,1,0,0,4.502250335831815
16,10,03,16_03,panelist,high,1,1,0,0,3.574716539129103
16,10,04,16_04,panelist,med,1,0,0,0,3.9794912546302417
16,10,05,16_05,panelist,med,1,0,0,0,3.740377300842368
16,10,06,16_06,panelist,med,1,0,0,0,4.3530432384770466
16,10,07,16_07,panelist,high,1,1,0,0,3.566312831885363
16,10,08,16_08,reviewer,med,0,0,0,0,3.733052932597242
16,10,09,16_09,panelist,med,1,0,0,0,4.20705203123892
16,10,10,16_10,panelist,med,1,0,0,0,4.093822660607635
16,10,11,16_11,panelist,low,1,0,1,0,3.8102438045536173
16,10,12,16_12,panelist,none,1,0,0,1,3.6005658543277184
16,10,13,16_13,panelist,none,1,0,0,1,4.183700144221418
16,10,14,16_14,panelist,high,1,1,0,0,3.741317646562112
16,10,15,16_15,panelist,high,1,1,0,0,3.599887951706688
16,10,16,16_16,reviewer,none,0,0,0,1,4.006081886395319
16,10,17,16_17,panelist,med,1,0,0,0,4.1425140706861425
16,10,18,16_18,panelist,low,1,0,1,0,3.7838516462604863
16,10,19,16_19,panelist,low,1,0,1,0,3.60898441737104
16,10,20,16_20,reviewer,med,0,0,0,0,3.9020965292056395
16,10,21,16_21,panelist,med,1,0,0,0,4.202354358974929
16,10,22,16_22,panelist,high,1,1,0,0,3.6545299694893325
16,10,23,16_23,panelist,med,1,0,0,0,4.253978335866622
16,10,24,16_24,panelist,low,1,0,1,0,3.5890301552807986
16,11,01,16_01,panelist,med,1,0,0,0,3.784647925564945
16,11,02,16_02,panelist,high,1,1,0,0,4.060106246045448
16,11,03,16_03,panelist,none,1,0,0,1,3.554566275173829
16,11,04,16_04,panelist,med,1,0,0,0,3.659741113258116
16,11,05,16_05,panelist,high,1,1,0,0,3.77533261103897
16,11,06,16_06,panelist,high,1,1,0,0,4.044028427148478
16,11,07,16_07,panelist,high,1,1,0,0,3.538345451083001
16,11,08,16_08,panelist,high,1,1,0,0,3.5700222933420522
16,11,09,16_09,reviewer,none,0,0,0,1,4.13981625765453
16,11,10,16_10,panelist,low,1,0,1,0,4.179057818989688
16,11,11,16_11,panelist,low,1,0,1,0,3.9183973479110614
16,11,12,16_12,panelist,none,1,0,0,1,3.9459861177077213
16,11,13,16_13,panelist,med,1,0,0,0,4.416673396233623
16,11,14,16_14,reviewer,med,0,0,0,0,4.0558295805306415
16,11,15,16_15,panelist,med,1,0,0,0,4.073983222759533
16,11,16,16_16,panelist,med,1,0,0,0,3.922099293130873
16,11,17,16_17,reviewer,med,0,0,0,0,3.6008818938782126
16,11,18,16_18,panelist,high,1,1,0,0,3.981018609218445
16,11,19,16_19,panelist,med,1,0,0,0,3.9720129455393574
16,11,20,16_20,panelist,med,1,0,0,0,4.050497084586592
16,11,21,16_21,panelist,none,1,0,0,1,4.124428290129136
16,11,22,16_22,panelist,med,1,0,0,0,3.5647862569942785
16,11,23,16_23,panelist,low,1,0,1,0,3.6643423949633727
16,11,24,16_24,panelist,low,1,0,1,0,3.5510872312177133
16,12,01,16_01,panelist,med,1,0,0,0,3.8476042188783994
16,12,02,16_02,reviewer,low,0,0,1,0,4.350603297028267
16,12,03,16_03,panelist,none,1,0,0,1,3.6162770127683506
16,12,04,16_04,panelist,none,1,0,0,1,3.6659874299985193
16,12,05,16_05,panelist,low,1,0,1,0,3.8856005592028184
16,12,06,16_06,panelist,high,1,1,0,0,3.774761276938641
16,12,07,16_07,reviewer,med,0,0,0,0,3.6035586916824243
16,12,08,16_08,panelist,high,1,1,0,0,4.126197329213953
16,12,09,16_09,panelist,med,1,0,0,0,4.508400614911316
16,12,10,16_10,panelist,med,1,0,0,0,4.312633284148069
16,12,11,16_11,panelist,med,1,0,0,0,4.058312418664196
16,12,12,16_12,panelist,none,1,0,0,1,4.199056505939398
16,12,13,16_13,panelist,high,1,1,0,0,4.13999973467898
16,12,14,16_14,panelist,med,1,0,0,0,4.325644662241943
16,12,15,16_15,panelist,low,1,0,1,0,4.13827157353
16,12,16,16_16,panelist,med,1,0,0,0,4.151278865709176
16,12,17,16_17,reviewer,med,0,0,0,0,3.670347445246576
16,12,18,16_18,panelist,high,1,1,0,0,3.866990945927181
16,12,19,16_19,panelist,med,1,0,0,0,4.119151408332702
16,12,20,16_20,panelist,low,1,0,1,0,4.073201907941977
16,12,21,16_21,panelist,high,1,1,0,0,4.0107049272014335
16,12,22,16_22,panelist,med,1,0,0,0,4.0239259987492435
16,12,23,16_23,panelist,none,1,0,0,1,4.705109270201306
16,12,24,16_24,panelist,high,1,1,0,0,3.5071266809940678
16,13,01,16_01,panelist,med,1,0,0,0,3.975857759952598
16,13,02,16_02,panelist,med,1,0,0,0,4.417205652210861
16,13,03,16_03,panelist,low,1,0,1,0,3.954991318823889
16,13,04,16_04,panelist,none,1,0,0,1,4.0839798552458815
16,13,05,16_05,panelist,high,1,1,0,0,3.7678398978328405
16,13,06,16_06,panelist,low,1,0,1,0,4.33257937503885
16,13,07,16_07,panelist,high,1,1,0,0,3.7421264226745103
16,13,08,16_08,reviewer,med,0,0,0,0,4.594241833248621
16,13,09,16_09,panelist,high,1,1,0,0,4.73777067918758
16,13,10,16_10,panelist,med,1,0,0,0,4.173431519013543
16,13,11,16_11,panelist,high,1,1,0,0,3.5809684365416774
16,13,12,16_12,panelist,none,1,0,0,1,4.267177063243205
16,13,13,16_13,panelist,high,1,1,0,0,4.296871636914169
16,13,14,16_14,panelist,med,1,0,0,0,4.545028408360472
16,13,15,16_15,panelist,med,1,0,0,0,3.948986447948292
16,13,16,16_16,panelist,med,1,0,0,0,4.135051699941314
16,13,17,16_17,panelist,med,1,0,0,0,3.8711521998183875
16,13,18,16_18,panelist,none,1,0,0,1,4.448024539369533
16,13,19,16_19,reviewer,med,0,0,0,0,3.5793170420935954
16,13,20,16_20,panelist,low,1,0,1,0,4.647011755993063
16,13,21,16_21,panelist,none,1,0,0,1,4.611796385910798
16,13,22,16_22,reviewer,high,0,1,0,0,3.582505208119698
16,13,23,16_23,panelist,med,1,0,0,0,4.460216889206726
16,13,24,16_24,panelist,low,1,0,1,0,3.89767742752392
16,14,01,16_01,panelist,med,1,0,0,0,3.5638924669050747
16,14,02,16_02,panelist,med,1,0,0,0,3.9278381219497676
16,14,03,16_03,panelist,high,1,1,0,0,3.749347726269199
16,14,04,16_04,panelist,high,1,1,0,0,3.725485217978969
16,14,05,16_05,panelist,med,1,0,0,0,3.7555718967801806
16,14,06,16_06,panelist,high,1,1,0,0,3.646001855080482
16,14,07,16_07,panelist,none,1,0,0,1,3.767340908884857
16,14,08,16_08,panelist,none,1,0,0,1,4.058412992512046
16,14,09,16_09,reviewer,high,0,1,0,0,4.081406173717792
16,14,10,16_10,panelist,med,1,0,0,0,3.957001622174817
16,14,11,16_11,panelist,med,1,0,0,0,3.5458777009265416
16,14,12,16_12,panelist,low,1,0,1,0,3.938424744706427
16,14,13,16_13,panelist,med,1,0,0,0,4.235424338306019
16,14,14,16_14,panelist,med,1,0,0,0,3.8633106440210963
16,14,15,16_15,panelist,none,1,0,0,1,4.47705044904044
16,14,16,16_16,reviewer,low,0,0,1,0,3.5305230241813317
16,14,17,16_17,panelist,none,1,0,0,1,4.305813292978822
16,14,18,16_18,panelist,med,1,0,0,0,3.6920108141183867
16,14,19,16_19,panelist,low,1,0,1,0,3.8034107872781195
16,14,20,16_20,panelist,low,1,0,1,0,4.306536234660919
16,14,21,16_21,panelist,med,1,0,0,0,3.9889242040719832
16,14,22,16_22,reviewer,high,0,1,0,0,3.5608564518328842
16,14,23,16_23,panelist,high,1,1,0,0,3.6875268350832253
16,14,24,16_24,panelist,med,1,0,0,0,3.584385471734636
16,15,01,16_01,panelist,high,1,1,0,0,3.506035221674677
16,15,02,16_02,reviewer,none,0,0,0,1,4.002705166495545
16,15,03,16_03,panelist,med,1,0,0,0,3.7270422290550043
16,15,04,16_04,panelist,med,1,0,0,0,3.682568176297796
16,15,05,16_05,panelist,low,1,0,1,0,3.61284570370065
16,15,06,16_06,panelist,low,1,0,1,0,3.851106789403146
16,15,07,16_07,panelist,high,1,1,0,0,3.5903320918534156
16,15,08,16_08,panelist,med,1,0,0,0,3.5685790173620595
16,15,09,16_09,panelist,none,1,0,0,1,4.224087257929598
16,15,10,16_10,panelist,low,1,0,1,0,3.6293175964960156
16,15,11,16_11,reviewer,none,0,0,0,1,3.7538345898452627
16,15,12,16_12,reviewer,med,0,0,0,0,3.5845921365412527
16,15,13,16_13,panelist,low,1,0,1,0,4.3133282407812725
16,15,14,16_14,panelist,med,1,0,0,0,3.689507352612988
16,15,15,16_15,panelist,high,1,1,0,0,3.583583285834286
16,15,16,16_16,panelist,high,1,1,0,0,3.520994006730878
16,15,17,16_17,panelist,med,1,0,0,0,3.797759819099656
16,15,18,16_18,panelist,med,1,0,0,0,3.739845702657899
16,15,19,16_19,panelist,high,1,1,0,0,3.5090735979054033
16,15,20,16_20,panelist,med,1,0,0,0,3.640373066448351
16,15,21,16_21,panelist,med,1,0,0,0,3.7775601855136833
16,15,22,16_22,panelist,med,1,0,0,0,3.5705721925113827
16,15,23,16_23,panelist,none,1,0,0,1,3.6568381450329936
16,15,24,16_24,panelist,high,1,1,0,0,3.5937810840501934
17,1,01,17_01,panelist,high,1,1,0,0,3.7333275892094524
17,1,02,17_02,panelist,med,1,0,0,0,4.478254104645954
17,1,03,17_03,panelist,med,1,0,0,0,3.7711398606190167
17,1,04,17_04,reviewer,low,0,0,1,0,3.613521462872319
17,1,05,17_05,panelist,med,1,0,0,0,3.707860498069842
17,1,06,17_06,panelist,med,1,0,0,0,4.154751599167784
17,1,07,17_07,panelist,none,1,0,0,1,3.666569756748325
17,1,08,17_08,panelist,none,1,0,0,1,4.2192633037097105
17,1,09,17_09,panelist,high,1,1,0,0,4.3134694171260195
17,1,10,17_10,panelist,high,1,1,0,0,4.088715393702428
17,1,11,17_11,panelist,high,1,1,0,0,3.6906715864123973
17,1,12,17_12,panelist,low,1,0,1,0,3.954594932952554
17,1,13,17_13,panelist,none,1,0,0,1,4.525790739412635
17,1,14,17_14,panelist,med,1,0,0,0,4.223650424172578
17,1,15,17_15,panelist,high,1,1,0,0,4.199679791385894
17,1,16,17_16,panelist,med,1,0,0,0,3.9210661415165617
17,1,17,17_17,panelist,med,1,0,0,0,3.7552299258883766
17,1,18,17_18,panelist,high,1,1,0,0,3.9451357602101833
17,1,19,17_19,panelist,low,1,0,1,0,4.169521015967338
17,1,20,17_20,panelist,med,1,0,0,0,3.984508328075748
17,1,21,17_21,reviewer,low,0,0,1,0,3.8602075354961025
17,1,22,17_22,panelist,none,1,0,0,1,4.087946890153178
17,1,23,17_23,reviewer,med,0,0,0,0,4.180559644837665
17,1,24,17_24,panelist,med,1,0,0,0,3.7118103537007645
17,2,01,17_01,panelist,med,1,0,0,0,4.106425419615364
17,2,02,17_02,panelist,none,1,0,0,1,4.528334399929403
17,2,03,17_03,panelist,med,1,0,0,0,3.7864134167259356
17,2,04,17_04,panelist,none,1,0,0,1,4.207499904656379
17,2,05,17_05,panelist,low,1,0,1,0,3.981316680394986
17,2,06,17_06,panelist,low,1,0,1,0,4.1408098735000545
17,2,07,17_07,panelist,high,1,1,0,0,3.846702725131855
17,2,08,17_08,reviewer,low,0,0,1,0,4.212302942917912
17,2,09,17_09,panelist,none,1,0,0,1,4.457633073777023
17,2,10,17_10,panelist,med,1,0,0,0,4.017477679263721
17,2,11,17_11,panelist,med,1,0,0,0,3.7090560022518764
17,2,12,17_12,panelist,med,1,0,0,0,3.9753602582058805
17,2,13,17_13,panelist,med,1,0,0,0,4.475372704634505
17,2,14,17_14,panelist,high,1,1,0,0,4.060002747764975
17,2,15,17_15,panelist,med,1,0,0,0,4.156515152344773
17,2,16,17_16,reviewer,none,0,0,0,1,4.214024156729014
17,2,17,17_17,panelist,low,1,0,1,0,4.050109163206709
17,2,18,17_18,panelist,med,1,0,0,0,4.026868810612333
17,2,19,17_19,reviewer,med,0,0,0,0,3.5545082981652825
17,2,20,17_20,panelist,high,1,1,0,0,3.801660645567322
17,2,21,17_21,panelist,high,1,1,0,0,3.86375481983626
17,2,22,17_22,panelist,med,1,0,0,0,4.131505715584774
17,2,23,17_23,panelist,high,1,1,0,0,3.6831317867916007
17,2,24,17_24,panelist,high,1,1,0,0,3.7152282947807276
17,3,01,17_01,panelist,high,1,1,0,0,3.8536833135226165
17,3,02,17_02,panelist,high,1,1,0,0,4.666475941574331
17,3,03,17_03,panelist,low,1,0,1,0,3.7936631005163655
17,3,04,17_04,panelist,none,1,0,0,1,3.893252092392768
17,3,05,17_05,panelist,med,1,0,0,0,3.637683571277789
17,3,06,17_06,panelist,med,1,0,0,0,3.863168492396001
17,3,07,17_07,panelist,med,1,0,0,0,3.592644009003875
17,3,08,17_08,panelist,med,1,0,0,0,4.196799974948486
17,3,09,17_09,panelist,low,1,0,1,0,4.493510791202479
17,3,10,17_10,reviewer,med,0,0,0,0,4.11402579320077
17,3,11,17_11,panelist,high,1,1,0,0,3.7992447580768807
17,3,12,17_12,panelist,low,1,0,1,0,4.342445845400496
17,3,13,17_13,panelist,none,1,0,0,1,4.524911037270658
17,3,14,17_14,panelist,med,1,0,0,0,3.79321527289684
17,3,15,17_15,panelist,high,1,1,0,0,4.238995270999773
17,3,16,17_16,panelist,med,1,0,0,0,3.8121596003210962
17,3,17,17_17,reviewer,low,0,0,1,0,3.774220923739451
17,3,18,17_18,panelist,none,1,0,0,1,4.033898600217664
17,3,19,17_19,panelist,med,1,0,0,0,3.6524789943006146
17,3,20,17_20,panelist,med,1,0,0,0,3.85492739408799
17,3,21,17_21,panelist,high,1,1,0,0,4.2394218632393805
17,3,22,17_22,reviewer,high,0,1,0,0,3.5198944360455746
17,3,23,17_23,panelist,med,1,0,0,0,4.258503088509068
17,3,24,17_24,panelist,none,1,0,0,1,3.942035243312204
17,4,01,17_01,panelist,med,1,0,0,0,4.225090002749248
17,4,02,17_02,panelist,med,1,0,0,0,4.570158407423471
17,4,03,17_03,panelist,low,1,0,1,0,3.9519271877155515
17,4,04,17_04,panelist,none,1,0,0,1,4.31250528533743
17,4,05,17_05,panelist,med,1,0,0,0,3.8366062776524057
17,4,06,17_06,panelist,low,1,0,1,0,4.606533197615358
17,4,07,17_07,reviewer,high,0,1,0,0,3.8422068148314907
17,4,08,17_08,panelist,high,1,1,0,0,4.399692388189596
17,4,09,17_09,reviewer,none,0,0,0,1,4.5833774348723155
17,4,10,17_10,panelist,low,1,0,1,0,4.164476168217745
17,4,11,17_11,panelist,med,1,0,0,0,3.7033616869858728
17,4,12,17_12,panelist,med,1,0,0,0,4.328961726274726
17,4,13,17_13,panelist,high,1,1,0,0,4.0688087209867945
17,4,14,17_14,panelist,low,1,0,1,0,4.1615430385412235
17,4,15,17_15,reviewer,med,0,0,0,0,4.063602549524391
17,4,16,17_16,panelist,none,1,0,0,1,4.109548669723649
17,4,17,17_17,panelist,med,1,0,0,0,4.107174416262661
17,4,18,17_18,panelist,none,1,0,0,1,4.322463245175331
17,4,19,17_19,panelist,med,1,0,0,0,3.77586063660794
17,4,20,17_20,panelist,high,1,1,0,0,3.857551243472095
17,4,21,17_21,panelist,med,1,0,0,0,4.127322209013157
17,4,22,17_22,panelist,med,1,0,0,0,4.426581964306039
17,4,23,17_23,panelist,high,1,1,0,0,4.503306940135599
17,4,24,17_24,panelist,high,1,1,0,0,3.855181508364667
17,5,01,17_01,panelist,med,1,0,0,0,3.8487452253936048
17,5,02,17_02,panelist,high,1,1,0,0,3.7455611439461785
17,5,03,17_03,panelist,high,1,1,0,0,3.6058930886670533
17,5,04,17_04,panelist,med,1,0,0,0,3.5235107780121857
17,5,05,17_05,reviewer,none,0,0,0,1,3.74525825408706
17,5,06,17_06,panelist,med,1,0,0,0,4.161895880662865
17,5,07,17_07,panelist,med,1,0,0,0,4.082805965363624
17,5,08,17_08,panelist,high,1,1,0,0,4.155701435302076
17,5,09,17_09,panelist,high,1,1,0,0,4.3003826607617475
17,5,10,17_10,panelist,none,1,0,0,1,4.277253557374344
17,5,11,17_11,panelist,med,1,0,0,0,3.5990641727874877
17,5,12,17_12,panelist,high,1,1,0,0,3.70059899995634
17,5,13,17_13,panelist,high,1,1,0,0,4.291472883182675
17,5,14,17_14,panelist,low,1,0,1,0,3.850916547001024
17,5,15,17_15,panelist,med,1,0,0,0,3.6075770650548065
17,5,16,17_16,panelist,med,1,0,0,0,3.9030180526066154
17,5,17,17_17,panelist,low,1,0,1,0,3.757699216575324
17,5,18,17_18,reviewer,med,0,0,0,0,3.7487004793255774
17,5,19,17_19,panelist,none,1,0,0,1,3.6740502403925
17,5,20,17_20,panelist,med,1,0,0,0,3.7100969559132557
17,5,21,17_21,panelist,med,1,0,0,0,4.039929181050547
17,5,22,17_22,reviewer,low,0,0,1,0,3.8339591722509505
17,5,23,17_23,panelist,none,1,0,0,1,3.977855745768183
17,5,24,17_24,panelist,low,1,0,1,0,3.948483713279232
17,6,01,17_01,panelist,low,1,0,1,0,4.550392214412391
17,6,02,17_02,panelist,med,1,0,0,0,4.545333813923398
17,6,03,17_03,panelist,none,1,0,0,1,4.2986825246019835
17,6,04,17_04,panelist,none,1,0,0,1,4.479305310938525
17,6,05,17_05,panelist,med,1,0,0,0,3.824187678049509
17,6,06,17_06,panelist,high,1,1,0,0,4.444598467005227
17,6,07,17_07,panelist,med,1,0,0,0,4.096876940172351
17,6,08,17_08,panelist,med,1,0,0,0,4.474694037117436
17,6,09,17_09,panelist,low,1,0,1,0,4.80638381679313
17,6,10,17_10,panelist,med,1,0,0,0,4.246409718886718
17,6,11,17_11,panelist,high,1,1,0,0,3.6816488411480135
17,6,12,17_12,panelist,high,1,1,0,0,3.9164741401150747
17,6,13,17_13,panelist,none,1,0,0,1,4.783793876218863
17,6,14,17_14,panelist,med,1,0,0,0,4.0190027621971325
17,6,15,17_15,panelist,med,1,0,0,0,4.233853066911539
17,6,16,17_16,panelist,med,1,0,0,0,3.941096183940447
17,6,17,17_17,reviewer,med,0,0,0,0,3.750879891700907
17,6,18,17_18,panelist,high,1,1,0,0,3.9696803502639804
17,6,19,17_19,panelist,none,1,0,0,1,4.578799306689922
17,6,20,17_20,panelist,med,1,0,0,0,4.219272431622214
17,6,21,17_21,reviewer,low,0,0,1,0,4.077234128317504
17,6,22,17_22,reviewer,low,0,0,1,0,4.0685324043342055
17,6,23,17_23,panelist,high,1,1,0,0,4.1951113527488895
17,6,24,17_24,panelist,high,1,1,0,0,3.774687306620588
17,7,01,17_01,panelist,high,1,1,0,0,4.48500723630394
17,7,02,17_02,panelist,low,1,0,1,0,4.514724008452773
17,7,03,17_03,panelist,none,1,0,0,1,4.473547204594662
17,7,04,17_04,panelist,med,1,0,0,0,3.965973693699989
17,7,05,17_05,reviewer,med,0,0,0,0,3.7776008867705326
17,7,06,17_06,panelist,high,1,1,0,0,4.789687744359664
17,7,07,17_07,panelist,high,1,1,0,0,4.189831902231237
17,7,08,17_08,panelist,med,1,0,0,0,4.266327869489297
17,7,09,17_09,panelist,med,1,0,0,0,4.840346844501724
17,7,10,17_10,panelist,none,1,0,0,1,4.513369708026789
17,7,11,17_11,panelist,med,1,0,0,0,4.545566317843212
17,7,12,17_12,panelist,low,1,0,1,0,4.571562034536215
17,7,13,17_13,panelist,low,1,0,1,0,4.861736022844915
17,7,14,17_14,panelist,high,1,1,0,0,4.283344303378106
17,7,15,17_15,panelist,med,1,0,0,0,4.4467111322988755
17,7,16,17_16,panelist,med,1,0,0,0,4.791656027086383
17,7,17,17_17,panelist,high,1,1,0,0,4.152730943190914
17,7,18,17_18,panelist,med,1,0,0,0,4.687173250884878
17,7,19,17_19,panelist,med,1,0,0,0,3.8289879814113905
17,7,20,17_20,reviewer,none,0,0,0,1,4.576466414288095
17,7,21,17_21,panelist,low,1,0,1,0,4.41869110247309
17,7,22,17_22,panelist,none,1,0,0,1,4.685155438000242
17,7,23,17_23,panelist,med,1,0,0,0,4.496795018978558
17,7,24,17_24,reviewer,high,0,1,0,0,3.8580352664541713
17,8,01,17_01,panelist,low,1,0,1,0,3.6615654193831935
17,8,02,17_02,reviewer,high,0,1,0,0,3.6316355745106725
17,8,03,17_03,panelist,high,1,1,0,0,3.549528572080661
17,8,04,17_04,panelist,med,1,0,0,0,3.5092652516011946
17,8,05,17_05,panelist,med,1,0,0,0,3.6425003212867115
17,8,06,17_06,panelist,med,1,0,0,0,4.0946147004623175
17,8,07,17_07,panelist,med,1,0,0,0,3.5384517509988167
17,8,08,17_08,reviewer,high,0,1,0,0,3.7292315346917877
17,8,09,17_09,panelist,none,1,0,0,1,4.382689875897514
17,8,10,17_10,panelist,none,1,0,0,1,4.013153348185845
17,8,11,17_11,panelist,high,1,1,0,0,3.6150444581970995
17,8,12,17_12,panelist,none,1,0,0,1,3.8714276949306132
17,8,13,17_13,panelist,none,1,0,0,1,4.310783635025636
17,8,14,17_14,panelist,low,1,0,1,0,4.136968718287305
17,8,15,17_15,panelist,high,1,1,0,0,3.8355736187687572
17,8,16,17_16,panelist,med,1,0,0,0,3.775599873819777
17,8,17,17_17,panelist,high,1,1,0,0,3.691302321836974
17,8,18,17_18,panelist,med,1,0,0,0,3.782139013917417
17,8,19,17_19,reviewer,med,0,0,0,0,3.752560563208821
17,8,20,17_20,panelist,low,1,0,1,0,4.045193869521403
17,8,21,17_21,panelist,low,1,0,1,0,4.260338491910907
17,8,22,17_22,panelist,med,1,0,0,0,3.736437482335043
17,8,23,17_23,panelist,med,1,0,0,0,3.823631393006054
17,8,24,17_24,panelist,med,1,0,0,0,3.819625135629626
17,9,01,17_01,panelist,low,1,0,1,0,4.06015523139695
17,9,02,17_02,panelist,none,1,0,0,1,4.742972243345945
17,9,03,17_03,reviewer,low,0,0,1,0,3.822034239798764
17,9,04,17_04,panelist,none,1,0,0,1,4.4584230631160215
17,9,05,17_05,panelist,med,1,0,0,0,4.200313693293041
17,9,06,17_06,panelist,med,1,0,0,0,4.41240824300579
17,9,07,17_07,panelist,med,1,0,0,0,4.362247582472502
17,9,08,17_08,panelist,med,1,0,0,0,4.131708693204292
17,9,09,17_09,panelist,high,1,1,0,0,4.762735380283854
17,9,10,17_10,panelist,med,1,0,0,0,4.635003273711851
17,9,11,17_11,panelist,high,1,1,0,0,4.153388911296117
17,9,12,17_12,panelist,high,1,1,0,0,4.293736020477941
17,9,13,17_13,panelist,high,1,1,0,0,4.576112059113829
17,9,14,17_14,panelist,med,1,0,0,0,4.252785071090375
17,9,15,17_15,panelist,high,1,1,0,0,4.116862081717025
17,9,16,17_16,reviewer,med,0,0,0,0,4.181690831095975
17,9,17,17_17,panelist,none,1,0,0,1,4.22813704545153
17,9,18,17_18,panelist,med,1,0,0,0,4.7431734688043665
17,9,19,17_19,reviewer,none,0,0,0,1,3.8959683892053656
17,9,20,17_20,panelist,med,1,0,0,0,4.247150722748408
17,9,21,17_21,panelist,low,1,0,1,0,4.413768589362749
17,9,22,17_22,panelist,high,1,1,0,0,4.383448538761559
17,9,23,17_23,panelist,med,1,0,0,0,4.478496541765283
17,9,24,17_24,panelist,low,1,0,1,0,4.153591897826609
17,10,01,17_01,reviewer,low,0,0,1,0,3.7334852634847526
17,10,02,17_02,panelist,high,1,1,0,0,4.064242707200629
17,10,03,17_03,panelist,none,1,0,0,1,3.758320431628921
17,10,04,17_04,panelist,high,1,1,0,0,3.7854003508291445
17,10,05,17_05,panelist,none,1,0,0,1,4.051685280857601
17,10,06,17_06,reviewer,low,0,0,1,0,4.2092281751640215
17,10,07,17_07,panelist,med,1,0,0,0,3.626619621607974
17,10,08,17_08,panelist,high,1,1,0,0,3.773463814889447
17,10,09,17_09,panelist,med,1,0,0,0,4.434552872405052
17,10,10,17_10,panelist,med,1,0,0,0,3.8079552910234282
17,10,11,17_11,panelist,none,1,0,0,1,3.859225944113864
17,10,12,17_12,panelist,high,1,1,0,0,3.6202787717138416
17,10,13,17_13,panelist,none,1,0,0,1,4.623106937203458
17,10,14,17_14,panelist,med,1,0,0,0,4.211562325100457
17,10,15,17_15,panelist,med,1,0,0,0,3.961968831142586
17,10,16,17_16,panelist,low,1,0,1,0,3.8980490728465313
17,10,17,17_17,panelist,med,1,0,0,0,4.078029339076308
17,10,18,17_18,panelist,high,1,1,0,0,3.9448836633862356
17,10,19,17_19,panelist,med,1,0,0,0,3.872170428115489
17,10,20,17_20,reviewer,high,0,1,0,0,3.832346602011802
17,10,21,17_21,panelist,med,1,0,0,0,3.843269422617039
17,10,22,17_22,panelist,med,1,0,0,0,4.05845707498405
17,10,23,17_23,panelist,low,1,0,1,0,4.270533654011459
17,10,24,17_24,panelist,med,1,0,0,0,3.841786277118145
17,11,01,17_01,panelist,med,1,0,0,0,3.94965636679776
17,11,02,17_02,panelist,med,1,0,0,0,4.392085896483384
17,11,03,17_03,panelist,high,1,1,0,0,3.7459260126429155
17,11,04,17_04,reviewer,med,0,0,0,0,3.637910223312963
17,11,05,17_05,panelist,none,1,0,0,1,3.586279679769119
17,11,06,17_06,panelist,low,1,0,1,0,4.237400018757594
17,11,07,17_07,panelist,low,1,0,1,0,3.7312555286598315
17,11,08,17_08,panelist,med,1,0,0,0,4.007669422319333
17,11,09,17_09,panelist,med,1,0,0,0,4.356419921257629
17,11,10,17_10,panelist,med,1,0,0,0,3.9183479178573037
17,11,11,17_11,panelist,med,1,0,0,0,3.6947421996544723
17,11,12,17_12,panelist,med,1,0,0,0,3.8754194027148166
17,11,13,17_13,reviewer,none,0,0,0,1,4.352671306725938
17,11,14,17_14,panelist,med,1,0,0,0,3.94675913090441
17,11,15,17_15,panelist,low,1,0,1,0,4.304350707773755
17,11,16,17_16,panelist,high,1,1,0,0,3.8002173378929585
17,11,17,17_17,panelist,low,1,0,1,0,4.035882570907114
17,11,18,17_18,panelist,high,1,1,0,0,3.8908486382508993
17,11,19,17_19,panelist,med,1,0,0,0,3.5560311168221905
17,11,20,17_20,panelist,none,1,0,0,1,4.6961084663049
17,11,21,17_21,reviewer,high,0,1,0,0,3.543244993030995
17,11,22,17_22,panelist,high,1,1,0,0,3.8882023534746195
17,11,23,17_23,panelist,none,1,0,0,1,4.363574037210162
17,11,24,17_24,panelist,high,1,1,0,0,3.7519697969398607
17,12,01,17_01,panelist,low,1,0,1,0,3.8059920725713794
17,12,02,17_02,panelist,high,1,1,0,0,4.088366686493504
17,12,03,17_03,panelist,high,1,1,0,0,3.7205031476549406
17,12,04,17_04,panelist,none,1,0,0,1,3.9968558854924296
17,12,05,17_05,panelist,med,1,0,0,0,3.577356557963368
17,12,06,17_06,reviewer,med,0,0,0,0,3.8134245758648313
17,12,07,17_07,panelist,low,1,0,1,0,4.006687409153434
17,12,08,17_08,reviewer,none,0,0,0,1,4.41963101214775
17,12,09,17_09,panelist,med,1,0,0,0,4.142219614384856
17,12,10,17_10,panelist,med,1,0,0,0,3.9271647396887337
17,12,11,17_11,reviewer,none,0,0,0,1,3.96362498032558
17,12,12,17_12,panelist,high,1,1,0,0,3.5791794314886216
17,12,13,17_13,panelist,none,1,0,0,1,4.677340703849012
17,12,14,17_14,panelist,med,1,0,0,0,4.34571168497362
17,12,15,17_15,panelist,high,1,1,0,0,3.6305186467871664
17,12,16,17_16,panelist,low,1,0,1,0,4.547579430092033
17,12,17,17_17,panelist,med,1,0,0,0,4.115121369329705
17,12,18,17_18,panelist,med,1,0,0,0,4.470038219871567
17,12,19,17_19,panelist,med,1,0,0,0,3.6017458204334467
17,12,20,17_20,panelist,high,1,1,0,0,3.986500367152112
17,12,21,17_21,panelist,med,1,0,0,0,4.053368905850886
17,12,22,17_22,panelist,high,1,1,0,0,3.984715157209093
17,12,23,17_23,panelist,low,1,0,1,0,4.493082802720269
17,12,24,17_24,panelist,med,1,0,0,0,3.703609426136561
17,13,01,17_01,reviewer,med,0,0,0,0,3.594654606059473
17,13,02,17_02,panelist,none,1,0,0,1,4.5893019248010525
17,13,03,17_03,panelist,low,1,0,1,0,4.36771681709694
17,13,04,17_04,panelist,high,1,1,0,0,3.642181830668104
17,13,05,17_05,panelist,none,1,0,0,1,3.9464007313362344
17,13,06,17_06,panelist,med,1,0,0,0,4.274062775019268
17,13,07,17_07,panelist,high,1,1,0,0,3.894194634582762
17,13,08,17_08,panelist,med,1,0,0,0,4.389857697645347
17,13,09,17_09,panelist,none,1,0,0,1,4.71509157695047
17,13,10,17_10,panelist,high,1,1,0,0,4.320937651291064
17,13,11,17_11,reviewer,med,0,0,0,0,3.9960304128814172
17,13,12,17_12,panelist,med,1,0,0,0,4.125281595216568
17,13,13,17_13,panelist,low,1,0,1,0,4.300025326759476
17,13,14,17_14,panelist,med,1,0,0,0,4.406869625971524
17,13,15,17_15,panelist,none,1,0,0,1,4.555693924797834
17,13,16,17_16,panelist,low,1,0,1,0,4.144477022428621
17,13,17,17_17,panelist,high,1,1,0,0,4.259993177708785
17,13,18,17_18,panelist,low,1,0,1,0,4.061354445855701
17,13,19,17_19,panelist,high,1,1,0,0,3.944922170884377
17,13,20,17_20,reviewer,med,0,0,0,0,4.171448410415889
17,13,21,17_21,panelist,med,1,0,0,0,3.8878505137545494
17,13,22,17_22,panelist,med,1,0,0,0,3.979531042477916
17,13,23,17_23,panelist,high,1,1,0,0,4.283701680250121
17,13,24,17_24,panelist,med,1,0,0,0,4.074021988560371
17,14,01,17_01,panelist,med,1,0,0,0,3.8808164106861307
17,14,02,17_02,panelist,med,1,0,0,0,4.001001113516975
17,14,03,17_03,panelist,low,1,0,1,0,3.91841561381359
17,14,04,17_04,panelist,high,1,1,0,0,3.6692791102768876
17,14,05,17_05,panelist,low,1,0,1,0,3.8414139704365646
17,14,06,17_06,reviewer,med,0,0,0,0,3.777371116723228
17,14,07,17_07,panelist,high,1,1,0,0,3.531946826779098
17,14,08,17_08,panelist,med,1,0,0,0,3.7745556567449503
17,14,09,17_09,reviewer,med,0,0,0,0,3.7977161116798817
17,14,10,17_10,panelist,low,1,0,1,0,3.9863104059907144
17,14,11,17_11,panelist,med,1,0,0,0,3.8414085887609413
17,14,12,17_12,panelist,high,1,1,0,0,3.9400738766383636
17,14,13,17_13,panelist,none,1,0,0,1,4.449821699515757
17,14,14,17_14,panelist,med,1,0,0,0,3.718606926159751
17,14,15,17_15,panelist,high,1,1,0,0,3.6823941692301245
17,14,16,17_16,panelist,high,1,1,0,0,3.8099789524233696
17,14,17,17_17,panelist,med,1,0,0,0,4.225663428087497
17,14,18,17_18,reviewer,none,0,0,0,1,3.9257570461250055
17,14,19,17_19,panelist,none,1,0,0,1,3.721140474784254
17,14,20,17_20,panelist,med,1,0,0,0,3.9434314313342615
17,14,21,17_21,panelist,high,1,1,0,0,3.949151145676554
17,14,22,17_22,panelist,none,1,0,0,1,3.7013363184858745
17,14,23,17_23,panelist,med,1,0,0,0,4.317836663751304
17,14,24,17_24,panelist,low,1,0,1,0,3.584528072416648
17,15,01,17_01,panelist,med,1,0,0,0,3.555218159679137
17,15,02,17_02,panelist,med,1,0,0,0,3.782410190050678
17,15,03,17_03,panelist,none,1,0,0,1,3.5089438812756097
17,15,04,17_04,panelist,med,1,0,0,0,3.6307864930968434
17,15,05,17_05,reviewer,low,0,0,1,0,3.658569718755985
17,15,06,17_06,panelist,high,1,1,0,0,3.7766198405478817
17,15,07,17_07,reviewer,high,0,1,0,0,3.5970292533176145
17,15,08,17_08,panelist,low,1,0,1,0,4.261020410503934
17,15,09,17_09,panelist,high,1,1,0,0,3.8946831734081018
17,15,10,17_10,panelist,low,1,0,1,0,3.721831815274883
17,15,11,17_11,panelist,med,1,0,0,0,3.5432137769211347
17,15,12,17_12,panelist,high,1,1,0,0,3.578416143474373
17,15,13,17_13,panelist,med,1,0,0,0,3.867535603651285
17,15,14,17_14,panelist,med,1,0,0,0,3.558372849834318
17,15,15,17_15,panelist,none,1,0,0,1,3.9225277684062063
17,15,16,17_16,panelist,med,1,0,0,0,3.674072269394831
17,15,17,17_17,panelist,none,1,0,0,1,3.6044332441035114
17,15,18,17_18,panelist,high,1,1,0,0,3.5943673529386397
17,15,19,17_19,reviewer,low,0,0,1,0,3.5250721543634773
17,15,20,17_20,panelist,med,1,0,0,0,3.5937793612904447
17,15,21,17_21,panelist,med,1,0,0,0,3.530869462052386
17,15,22,17_22,panelist,high,1,1,0,0,3.8935322638569567
17,15,23,17_23,panelist,none,1,0,0,1,4.022206463119262
17,15,24,17_24,panelist,med,1,0,0,0,3.5488641196903483
18,1,01,18_01,panelist,high,1,1,0,0,3.845461009391659
18,1,02,18_02,panelist,med,1,0,0,0,4.137349311178345
18,1,03,18_03,panelist,high,1,1,0,0,3.7269798658694273
18,1,04,18_04,panelist,med,1,0,0,0,3.9074392232107287
18,1,05,18_05,panelist,none,1,0,0,1,4.131520426065728
18,1,06,18_06,panelist,med,1,0,0,0,4.164648455130808
18,1,07,18_07,reviewer,low,0,0,1,0,4.121367247861033
18,1,08,18_08,panelist,none,1,0,0,1,4.707082153655958
18,1,09,18_09,panelist,med,1,0,0,0,4.633199653947595
18,1,10,18_10,panelist,low,1,0,1,0,3.8410766307020054
18,1,11,18_11,reviewer,med,0,0,0,0,3.6776530577313413
18,1,12,18_12,panelist,med,1,0,0,0,4.068280783013191
18,1,13,18_13,panelist,high,1,1,0,0,4.361851258241143
18,1,14,18_14,panelist,high,1,1,0,0,4.219816112999531
18,1,15,18_15,panelist,med,1,0,0,0,3.803139808078674
18,1,16,18_16,panelist,low,1,0,1,0,4.269005037502188
18,1,17,18_17,panelist,med,1,0,0,0,4.148978719188618
18,1,18,18_18,panelist,low,1,0,1,0,4.273659132669262
18,1,19,18_19,panelist,med,1,0,0,0,3.580796015896049
18,1,20,18_20,panelist,none,1,0,0,1,4.872255607421457
18,1,21,18_21,panelist,high,1,1,0,0,3.6081350714577907
18,1,22,18_22,reviewer,med,0,0,0,0,3.9517134200440105
18,1,23,18_23,panelist,none,1,0,0,1,4.434509281905761
18,1,24,18_24,panelist,high,1,1,0,0,3.9459455921223774
18,2,01,18_01,panelist,med,1,0,0,0,4.17314959320725
18,2,02,18_02,panelist,med,1,0,0,0,4.546206735027927
18,2,03,18_03,panelist,med,1,0,0,0,3.633692668257271
18,2,04,18_04,panelist,med,1,0,0,0,3.596373007111379
18,2,05,18_05,panelist,med,1,0,0,0,3.6328890392851916
18,2,06,18_06,panelist,med,1,0,0,0,4.410661244917469
18,2,07,18_07,panelist,low,1,0,1,0,4.112622804853176
18,2,08,18_08,panelist,none,1,0,0,1,4.658531764328782
18,2,09,18_09,reviewer,none,0,0,0,1,4.851025362354705
18,2,10,18_10,panelist,high,1,1,0,0,4.137107704551212
18,2,11,18_11,reviewer,high,0,1,0,0,3.6207136263081865
18,2,12,18_12,panelist,none,1,0,0,1,4.610294375717105
18,2,13,18_13,panelist,med,1,0,0,0,4.575910617928411
18,2,14,18_14,reviewer,low,0,0,1,0,3.987808326407907
18,2,15,18_15,panelist,med,1,0,0,0,4.310502558812096
18,2,16,18_16,panelist,none,1,0,0,1,4.520406771200843
18,2,17,18_17,panelist,low,1,0,1,0,4.39438022870556
18,2,18,18_18,panelist,high,1,1,0,0,4.284237776434003
18,2,19,18_19,panelist,low,1,0,1,0,3.9227748063072414
18,2,20,18_20,panelist,high,1,1,0,0,3.9447204789675494
18,2,21,18_21,panelist,high,1,1,0,0,4.233137795015366
18,2,22,18_22,panelist,med,1,0,0,0,4.041563252070295
18,2,23,18_23,panelist,med,1,0,0,0,4.263835093030889
18,2,24,18_24,panelist,high,1,1,0,0,3.7793370044157144
18,3,01,18_01,panelist,none,1,0,0,1,3.6858116553383242
18,3,02,18_02,panelist,high,1,1,0,0,4.241715686841524
18,3,03,18_03,panelist,high,1,1,0,0,3.6883259318700974
18,3,04,18_04,panelist,med,1,0,0,0,3.8954459145140583
18,3,05,18_05,panelist,low,1,0,1,0,3.507126268072907
18,3,06,18_06,panelist,high,1,1,0,0,3.9788377077263615
18,3,07,18_07,panelist,low,1,0,1,0,4.117707407808089
18,3,08,18_08,panelist,low,1,0,1,0,4.791502063260737
18,3,09,18_09,panelist,med,1,0,0,0,4.81286896536016
18,3,10,18_10,panelist,med,1,0,0,0,3.7626679594169135
18,3,11,18_11,reviewer,high,0,1,0,0,3.762044620915844
18,3,12,18_12,reviewer,none,0,0,0,1,3.9928354609476897
18,3,13,18_13,panelist,med,1,0,0,0,4.770928034215468
18,3,14,18_14,panelist,med,1,0,0,0,3.9890808682414947
18,3,15,18_15,panelist,low,1,0,1,0,4.117658069965026
18,3,16,18_16,panelist,med,1,0,0,0,3.9551754600032525
18,3,17,18_17,panelist,med,1,0,0,0,3.9891596231938173
18,3,18,18_18,panelist,med,1,0,0,0,3.8297009204679013
18,3,19,18_19,panelist,none,1,0,0,1,3.7944477323566725
18,3,20,18_20,reviewer,med,0,0,0,0,4.037216917781526
18,3,21,18_21,panelist,high,1,1,0,0,4.048461738074573
18,3,22,18_22,panelist,none,1,0,0,1,4.230772795302102
18,3,23,18_23,panelist,high,1,1,0,0,4.399309755937825
18,3,24,18_24,panelist,med,1,0,0,0,3.9394036654452993
18,4,01,18_01,panelist,med,1,0,0,0,3.867822711495881
18,4,02,18_02,panelist,high,1,1,0,0,4.564798801066727
18,4,03,18_03,panelist,high,1,1,0,0,3.781872995084831
18,4,04,18_04,panelist,low,1,0,1,0,4.215505804858805
18,4,05,18_05,panelist,high,1,1,0,0,3.997909872538942
18,4,06,18_06,panelist,med,1,0,0,0,4.315733611711072
18,4,07,18_07,panelist,none,1,0,0,1,4.132538969320941
18,4,08,18_08,panelist,none,1,0,0,1,4.727941767049435
18,4,09,18_09,reviewer,med,0,0,0,0,4.466098305329159
18,4,10,18_10,panelist,none,1,0,0,1,4.258078983984598
18,4,11,18_11,panelist,low,1,0,1,0,4.166776345149498
18,4,12,18_12,panelist,med,1,0,0,0,4.528336517879225
18,4,13,18_13,panelist,high,1,1,0,0,4.458153908195039
18,4,14,18_14,panelist,high,1,1,0,0,4.274892637941012
18,4,15,18_15,panelist,med,1,0,0,0,4.2975490740267475
18,4,16,18_16,panelist,med,1,0,0,0,4.361756083372122
18,4,17,18_17,panelist,med,1,0,0,0,4.462176125195931
18,4,18,18_18,panelist,med,1,0,0,0,4.540316516381375
18,4,19,18_19,panelist,low,1,0,1,0,4.142853969979098
18,4,20,18_20,panelist,high,1,1,0,0,4.32129116298013
18,4,21,18_21,reviewer,med,0,0,0,0,4.3781640913658455
18,4,22,18_22,panelist,none,1,0,0,1,4.389179703094895
18,4,23,18_23,panelist,med,1,0,0,0,4.718344895818094
18,4,24,18_24,reviewer,low,0,0,1,0,4.06891692105866
18,5,01,18_01,panelist,none,1,0,0,1,4.08630304949985
18,5,02,18_02,panelist,none,1,0,0,1,4.785006584467131
18,5,03,18_03,panelist,med,1,0,0,0,3.902078033227786
18,5,04,18_04,panelist,med,1,0,0,0,3.749324191258693
18,5,05,18_05,panelist,med,1,0,0,0,3.8814585019745302
18,5,06,18_06,panelist,high,1,1,0,0,4.199214073774692
18,5,07,18_07,panelist,high,1,1,0,0,3.620556398098782
18,5,08,18_08,panelist,med,1,0,0,0,4.235745568645718
18,5,09,18_09,panelist,low,1,0,1,0,4.4961268900830405
18,5,10,18_10,panelist,med,1,0,0,0,3.7540043132954946
18,5,11,18_11,panelist,high,1,1,0,0,3.6244486601134014
18,5,12,18_12,panelist,none,1,0,0,1,4.305132079479356
18,5,13,18_13,panelist,low,1,0,1,0,4.046966313312898
18,5,14,18_14,panelist,high,1,1,0,0,4.475650022983681
18,5,15,18_15,panelist,low,1,0,1,0,4.228601693887864
18,5,16,18_16,panelist,med,1,0,0,0,4.32159293908322
18,5,17,18_17,reviewer,med,0,0,0,0,4.040978822588829
18,5,18,18_18,reviewer,high,0,1,0,0,3.6718222263722358
18,5,19,18_19,panelist,none,1,0,0,1,4.234539754007143
18,5,20,18_20,panelist,high,1,1,0,0,4.339240300595693
18,5,21,18_21,reviewer,med,0,0,0,0,3.771514177642321
18,5,22,18_22,panelist,low,1,0,1,0,4.368845535419759
18,5,23,18_23,panelist,med,1,0,0,0,3.8960972449177884
18,5,24,18_24,panelist,med,1,0,0,0,3.9406380717600564
18,6,01,18_01,panelist,med,1,0,0,0,4.005680416887768
18,6,02,18_02,panelist,med,1,0,0,0,4.424752170000725
18,6,03,18_03,panelist,low,1,0,1,0,4.277607602195757
18,6,04,18_04,panelist,high,1,1,0,0,4.238903431654578
18,6,05,18_05,panelist,med,1,0,0,0,3.9346227101186737
18,6,06,18_06,panelist,med,1,0,0,0,4.207690561213999
18,6,07,18_07,reviewer,med,0,0,0,0,4.220551296300595
18,6,08,18_08,panelist,low,1,0,1,0,4.347873625953355
18,6,09,18_09,reviewer,med,0,0,0,0,4.374798359227852
18,6,10,18_10,panelist,med,1,0,0,0,4.253478088760085
18,6,11,18_11,panelist,med,1,0,0,0,4.03705580136074
18,6,12,18_12,panelist,none,1,0,0,1,4.88703248445038
18,6,13,18_13,panelist,low,1,0,1,0,4.760916999769757
18,6,14,18_14,panelist,high,1,1,0,0,4.300513407509232
18,6,15,18_15,panelist,none,1,0,0,1,4.286339422702731
18,6,16,18_16,panelist,high,1,1,0,0,4.1115332414701635
18,6,17,18_17,panelist,none,1,0,0,1,4.441177192641363
18,6,18,18_18,reviewer,high,0,1,0,0,4.357031405489753
18,6,19,18_19,panelist,high,1,1,0,0,3.647127331791352
18,6,20,18_20,panelist,none,1,0,0,1,4.708704707018671
18,6,21,18_21,panelist,med,1,0,0,0,4.535027447894567
18,6,22,18_22,panelist,low,1,0,1,0,4.261783331465656
18,6,23,18_23,panelist,high,1,1,0,0,4.193365938865175
18,6,24,18_24,panelist,med,1,0,0,0,4.033448286375147
18,7,01,18_01,panelist,high,1,1,0,0,4.38592910857063
18,7,02,18_02,panelist,high,1,1,0,0,4.481243810659614
18,7,03,18_03,reviewer,med,0,0,0,0,3.8822569341903863
18,7,04,18_04,panelist,high,1,1,0,0,4.158723954320417
18,7,05,18_05,panelist,med,1,0,0,0,4.028916508625151
18,7,06,18_06,reviewer,med,0,0,0,0,4.6119675036031795
18,7,07,18_07,panelist,med,1,0,0,0,4.805957557239013
18,7,08,18_08,panelist,high,1,1,0,0,4.790064735749341
18,7,09,18_09,panelist,high,1,1,0,0,4.765704067872106
18,7,10,18_10,reviewer,low,0,0,1,0,4.423207299488651
18,7,11,18_11,panelist,med,1,0,0,0,3.9998993142267425
18,7,12,18_12,panelist,low,1,0,1,0,4.731139616884577
18,7,13,18_13,panelist,med,1,0,0,0,4.740193029301168
18,7,14,18_14,panelist,med,1,0,0,0,4.322431159895774
18,7,15,18_15,panelist,none,1,0,0,1,4.822800657122936
18,7,16,18_16,panelist,none,1,0,0,1,4.117686606094939
18,7,17,18_17,panelist,low,1,0,1,0,4.4842010360070494
18,7,18,18_18,panelist,none,1,0,0,1,4.861630049720221
18,7,19,18_19,panelist,med,1,0,0,0,4.708813262529175
18,7,20,18_20,panelist,none,1,0,0,1,4.746246186258732
18,7,21,18_21,panelist,low,1,0,1,0,4.624680401410681
18,7,22,18_22,panelist,med,1,0,0,0,4.714572058702368
18,7,23,18_23,panelist,med,1,0,0,0,4.367947984822923
18,7,24,18_24,panelist,high,1,1,0,0,4.109497163799939
18,8,01,18_01,panelist,low,1,0,1,0,3.645698935982355
18,8,02,18_02,panelist,med,1,0,0,0,4.430437844743291
18,8,03,18_03,panelist,med,1,0,0,0,3.7707620623500344
18,8,04,18_04,panelist,none,1,0,0,1,3.778849604916057
18,8,05,18_05,panelist,med,1,0,0,0,3.9402411269954363
18,8,06,18_06,panelist,med,1,0,0,0,4.2223531899546325
18,8,07,18_07,panelist,none,1,0,0,1,4.198029625468037
18,8,08,18_08,panelist,low,1,0,1,0,4.61532596104158
18,8,09,18_09,panelist,high,1,1,0,0,4.350061317902578
18,8,10,18_10,panelist,high,1,1,0,0,3.543962537746743
18,8,11,18_11,reviewer,high,0,1,0,0,3.6343958487402173
18,8,12,18_12,panelist,med,1,0,0,0,3.9382529848516055
18,8,13,18_13,panelist,none,1,0,0,1,4.527246284205326
18,8,14,18_14,panelist,high,1,1,0,0,3.84491193432356
18,8,15,18_15,panelist,high,1,1,0,0,4.010281514609505
18,8,16,18_16,panelist,med,1,0,0,0,3.8079897510079093
18,8,17,18_17,panelist,med,1,0,0,0,3.591155012507818
18,8,18,18_18,panelist,low,1,0,1,0,3.85714468433183
18,8,19,18_19,panelist,med,1,0,0,0,3.9832112114273044
18,8,20,18_20,reviewer,low,0,0,1,0,3.980831917228387
18,8,21,18_21,panelist,med,1,0,0,0,4.080932912048296
18,8,22,18_22,panelist,high,1,1,0,0,3.965661310675091
18,8,23,18_23,reviewer,med,0,0,0,0,3.7435724357296256
18,8,24,18_24,panelist,none,1,0,0,1,3.8936027294074154
18,9,01,18_01,panelist,med,1,0,0,0,4.0686953095837515
18,9,02,18_02,reviewer,low,0,0,1,0,4.855139564997455
18,9,03,18_03,panelist,none,1,0,0,1,4.0506224367185
18,9,04,18_04,panelist,med,1,0,0,0,4.037571389829986
18,9,05,18_05,panelist,med,1,0,0,0,4.5908608168591885
18,9,06,18_06,panelist,high,1,1,0,0,4.508968972503
18,9,07,18_07,panelist,high,1,1,0,0,4.180374608368746
18,9,08,18_08,reviewer,low,0,0,1,0,4.136363833914123
18,9,09,18_09,panelist,med,1,0,0,0,4.702264189725508
18,9,10,18_10,panelist,none,1,0,0,1,4.609939363973073
18,9,11,18_11,panelist,med,1,0,0,0,4.2032525090945025
18,9,12,18_12,panelist,med,1,0,0,0,4.2558527497381595
18,9,13,18_13,panelist,low,1,0,1,0,4.807250112149016
18,9,14,18_14,panelist,high,1,1,0,0,4.392613738288869
18,9,15,18_15,panelist,high,1,1,0,0,4.1629252853398455
18,9,16,18_16,reviewer,med,0,0,0,0,4.031400169194741
18,9,17,18_17,panelist,med,1,0,0,0,4.55611752735415
18,9,18,18_18,panelist,high,1,1,0,0,4.6961884229442905
18,9,19,18_19,panelist,med,1,0,0,0,4.093600388599931
18,9,20,18_20,panelist,high,1,1,0,0,4.470778649036189
18,9,21,18_21,panelist,none,1,0,0,1,4.659963851153003
18,9,22,18_22,panelist,none,1,0,0,1,4.838106317121033
18,9,23,18_23,panelist,low,1,0,1,0,4.797723894781691
18,9,24,18_24,panelist,med,1,0,0,0,3.958913070350261
18,10,01,18_01,panelist,med,1,0,0,0,3.9144880317111865
18,10,02,18_02,panelist,high,1,1,0,0,4.51560916049342
18,10,03,18_03,panelist,med,1,0,0,0,4.159907133167887
18,10,04,18_04,panelist,none,1,0,0,1,4.519901906750657
18,10,05,18_05,panelist,med,1,0,0,0,4.151320515055289
18,10,06,18_06,reviewer,high,0,1,0,0,3.8902791688096396
18,10,07,18_07,panelist,high,1,1,0,0,3.7678287182102603
18,10,08,18_08,panelist,low,1,0,1,0,4.2881042402953184
18,10,09,18_09,panelist,none,1,0,0,1,4.797224274010523
18,10,10,18_10,panelist,med,1,0,0,0,3.8826738994656433
18,10,11,18_11,panelist,med,1,0,0,0,3.6693568285066576
18,10,12,18_12,panelist,high,1,1,0,0,4.168737158099945
18,10,13,18_13,panelist,low,1,0,1,0,4.507948318294978
18,10,14,18_14,panelist,med,1,0,0,0,4.247352399461144
18,10,15,18_15,reviewer,med,0,0,0,0,3.7880605998080816
18,10,16,18_16,panelist,low,1,0,1,0,4.086182449054532
18,10,17,18_17,reviewer,none,0,0,0,1,3.8444495597399277
18,10,18,18_18,panelist,med,1,0,0,0,4.268075601794438
18,10,19,18_19,panelist,none,1,0,0,1,3.9311014460281495
18,10,20,18_20,panelist,low,1,0,1,0,4.491794645351191
18,10,21,18_21,panelist,med,1,0,0,0,4.033351365827893
18,10,22,18_22,panelist,med,1,0,0,0,4.306523439690732
18,10,23,18_23,panelist,high,1,1,0,0,3.8975056773656713
18,10,24,18_24,panelist,high,1,1,0,0,3.752453966898643
18,11,01,18_01,panelist,low,1,0,1,0,4.032168352151353
18,11,02,18_02,reviewer,med,0,0,0,0,3.9411886601668185
18,11,03,18_03,panelist,high,1,1,0,0,3.9165142386529057
18,11,04,18_04,panelist,med,1,0,0,0,3.8820256815117182
18,11,05,18_05,panelist,med,1,0,0,0,3.804314532235033
18,11,06,18_06,panelist,high,1,1,0,0,4.058020317477706
18,11,07,18_07,panelist,none,1,0,0,1,3.981573145536009
18,11,08,18_08,panelist,med,1,0,0,0,4.361859955026735
18,11,09,18_09,reviewer,high,0,1,0,0,4.461909974489841
18,11,10,18_10,panelist,med,1,0,0,0,3.7693333108632556
18,11,11,18_11,panelist,low,1,0,1,0,4.038547583437811
18,11,12,18_12,reviewer,med,0,0,0,0,3.691107874534223
18,11,13,18_13,panelist,high,1,1,0,0,4.371717515274829
18,11,14,18_14,panelist,low,1,0,1,0,4.31588523175838
18,11,15,18_15,panelist,low,1,0,1,0,3.882527286033663
18,11,16,18_16,panelist,med,1,0,0,0,4.334774050580067
18,11,17,18_17,panelist,med,1,0,0,0,4.278319241820559
18,11,18,18_18,panelist,none,1,0,0,1,4.103946290805798
18,11,19,18_19,panelist,high,1,1,0,0,3.6755663237915686
18,11,20,18_20,panelist,high,1,1,0,0,4.245316337511632
18,11,21,18_21,panelist,med,1,0,0,0,4.059376789757532
18,11,22,18_22,panelist,med,1,0,0,0,4.143808739068226
18,11,23,18_23,panelist,none,1,0,0,1,4.349089157593987
18,11,24,18_24,panelist,none,1,0,0,1,3.8391500074433043
18,12,01,18_01,panelist,none,1,0,0,1,3.880024021286442
18,12,02,18_02,panelist,low,1,0,1,0,4.816584548512735
18,12,03,18_03,reviewer,high,0,1,0,0,3.7303402836618087
18,12,04,18_04,panelist,med,1,0,0,0,4.134859896727694
18,12,05,18_05,panelist,low,1,0,1,0,4.084069628299719
18,12,06,18_06,panelist,med,1,0,0,0,4.172838310522899
18,12,07,18_07,panelist,med,1,0,0,0,3.9852371748927298
18,12,08,18_08,panelist,med,1,0,0,0,4.385053229738737
18,12,09,18_09,panelist,med,1,0,0,0,4.413378927535224
18,12,10,18_10,reviewer,none,0,0,0,1,4.219003015357203
18,12,11,18_11,panelist,med,1,0,0,0,3.525624668967994
18,12,12,18_12,panelist,low,1,0,1,0,3.920231073296165
18,12,13,18_13,panelist,none,1,0,0,1,4.620913706831517
18,12,14,18_14,panelist,none,1,0,0,1,4.425959791357028
18,12,15,18_15,panelist,low,1,0,1,0,4.092737122779048
18,12,16,18_16,panelist,med,1,0,0,0,4.0858766576101875
18,12,17,18_17,panelist,high,1,1,0,0,3.9506521768842178
18,12,18,18_18,panelist,high,1,1,0,0,4.206136690144794
18,12,19,18_19,reviewer,high,0,1,0,0,3.8432645302888377
18,12,20,18_20,panelist,med,1,0,0,0,4.192537746218068
18,12,21,18_21,panelist,high,1,1,0,0,3.877238380248413
18,12,22,18_22,panelist,med,1,0,0,0,4.3860043926598635
18,12,23,18_23,panelist,med,1,0,0,0,4.3714856369277175
18,12,24,18_24,panelist,high,1,1,0,0,3.863999826899803
18,13,01,18_01,panelist,low,1,0,1,0,4.4673934217710025
18,13,02,18_02,panelist,low,1,0,1,0,4.861920384746203
18,13,03,18_03,panelist,none,1,0,0,1,4.175097565658527
18,13,04,18_04,panelist,high,1,1,0,0,4.026072131905339
18,13,05,18_05,panelist,med,1,0,0,0,4.220597924939142
18,13,06,18_06,panelist,none,1,0,0,1,4.803093311390785
18,13,07,18_07,panelist,med,1,0,0,0,4.08045841897959
18,13,08,18_08,panelist,med,1,0,0,0,4.5487166796283365
18,13,09,18_09,panelist,med,1,0,0,0,4.708472229894773
18,13,10,18_10,panelist,high,1,1,0,0,4.193062443253408
18,13,11,18_11,panelist,med,1,0,0,0,3.9897580455932067
18,13,12,18_12,panelist,med,1,0,0,0,4.7548813556181955
18,13,13,18_13,panelist,med,1,0,0,0,4.859658261018976
18,13,14,18_14,panelist,high,1,1,0,0,4.353359424669197
18,13,15,18_15,panelist,high,1,1,0,0,4.663084754601892
18,13,16,18_16,panelist,low,1,0,1,0,4.461846748827078
18,13,17,18_17,reviewer,med,0,0,0,0,4.504404111088314
18,13,18,18_18,reviewer,high,0,1,0,0,3.9948910813227934
18,13,19,18_19,reviewer,low,0,0,1,0,3.973235688290344
18,13,20,18_20,panelist,med,1,0,0,0,4.509067219381279
18,13,21,18_21,panelist,none,1,0,0,1,4.747962181999469
18,13,22,18_22,panelist,none,1,0,0,1,4.472016730953043
18,13,23,18_23,panelist,high,1,1,0,0,4.065993167472989
18,13,24,18_24,panelist,med,1,0,0,0,4.632090672039109
18,14,01,18_01,panelist,high,1,1,0,0,3.6738764876739713
18,14,02,18_02,panelist,none,1,0,0,1,4.575444138361009
18,14,03,18_03,panelist,none,1,0,0,1,3.8431007155816843
18,14,04,18_04,panelist,med,1,0,0,0,3.8960182036652293
18,14,05,18_05,panelist,med,1,0,0,0,3.924343422076599
18,14,06,18_06,reviewer,med,0,0,0,0,4.017024669283767
18,14,07,18_07,panelist,med,1,0,0,0,3.6861660528667954
18,14,08,18_08,panelist,low,1,0,1,0,4.0244187910751394
18,14,09,18_09,panelist,high,1,1,0,0,4.304405185271947
18,14,10,18_10,panelist,med,1,0,0,0,4.335813495168008
18,14,11,18_11,panelist,low,1,0,1,0,3.543969797085029
18,14,12,18_12,panelist,med,1,0,0,0,4.188493079339152
18,14,13,18_13,panelist,high,1,1,0,0,4.503992370150602
18,14,14,18_14,panelist,med,1,0,0,0,4.128499641452815
18,14,15,18_15,panelist,med,1,0,0,0,4.141981283879844
18,14,16,18_16,panelist,low,1,0,1,0,4.101576950186689
18,14,17,18_17,panelist,low,1,0,1,0,4.250654994900672
18,14,18,18_18,panelist,high,1,1,0,0,3.565591907724481
18,14,19,18_19,panelist,med,1,0,0,0,3.9181253708633648
18,14,20,18_20,panelist,high,1,1,0,0,4.2647667602932575
18,14,21,18_21,reviewer,none,0,0,0,1,4.159030578946614
18,14,22,18_22,reviewer,high,0,1,0,0,3.538721266276972
18,14,23,18_23,panelist,med,1,0,0,0,4.4062190628576525
18,14,24,18_24,panelist,none,1,0,0,1,3.6304475814759987
18,15,01,18_01,panelist,med,1,0,0,0,3.5572439059762755
18,15,02,18_02,panelist,low,1,0,1,0,4.133342614132582
18,15,03,18_03,panelist,med,1,0,0,0,3.5072400709565295
18,15,04,18_04,reviewer,med,0,0,0,0,3.6185968528490293
18,15,05,18_05,panelist,med,1,0,0,0,3.570991062969018
18,15,06,18_06,panelist,low,1,0,1,0,4.19959167278457
18,15,07,18_07,panelist,med,1,0,0,0,3.603249306478799
18,15,08,18_08,panelist,high,1,1,0,0,3.7903375856591257
18,15,09,18_09,panelist,high,1,1,0,0,4.099585742764492
18,15,10,18_10,panelist,high,1,1,0,0,3.913760945828488
18,15,11,18_11,panelist,med,1,0,0,0,3.516278068219611
18,15,12,18_12,panelist,none,1,0,0,1,3.824441505017737
18,15,13,18_13,panelist,med,1,0,0,0,4.193164346786305
18,15,14,18_14,reviewer,none,0,0,0,1,3.8563548136948267
18,15,15,18_15,panelist,none,1,0,0,1,3.8854539236982184
18,15,16,18_16,panelist,med,1,0,0,0,3.6913721011032123
18,15,17,18_17,panelist,high,1,1,0,0,3.6920706884397374
18,15,18,18_18,reviewer,high,0,1,0,0,3.727817257497217
18,15,19,18_19,panelist,none,1,0,0,1,3.504973383946792
18,15,20,18_20,panelist,low,1,0,1,0,3.544957604694277
18,15,21,18_21,panelist,high,1,1,0,0,3.86677681046765
18,15,22,18_22,panelist,med,1,0,0,0,3.790336864008504
18,15,23,18_23,panelist,low,1,0,1,0,3.755395378329596
18,15,24,18_24,panelist,med,1,0,0,0,3.6649464848624724
19,1,01,19_01,panelist,med,1,0,0,0,4.191746545686999
19,1,02,19_02,panelist,low,1,0,1,0,4.596228750132641
19,1,03,19_03,panelist,high,1,1,0,0,3.8928025988466404
19,1,04,19_04,reviewer,med,0,0,0,0,3.733573461575368
19,1,05,19_05,panelist,none,1,0,0,1,3.9439314259698737
19,1,06,19_06,panelist,med,1,0,0,0,4.168838787157071
19,1,07,19_07,panelist,med,1,0,0,0,3.9582723180555828
19,1,08,19_08,panelist,med,1,0,0,0,4.114213681807697
19,1,09,19_09,panelist,med,1,0,0,0,4.384416311718017
19,1,10,19_10,panelist,none,1,0,0,1,4.520927074750994
19,1,11,19_11,panelist,med,1,0,0,0,3.9796528700266793
19,1,12,19_12,panelist,high,1,1,0,0,3.708415931415451
19,1,13,19_13,reviewer,low,0,0,1,0,4.5322026346372795
19,1,14,19_14,panelist,none,1,0,0,1,4.086259031214298
19,1,15,19_15,panelist,med,1,0,0,0,4.011261926237007
19,1,16,19_16,panelist,none,1,0,0,1,4.019000954497336
19,1,17,19_17,panelist,high,1,1,0,0,4.082855005502682
19,1,18,19_18,panelist,low,1,0,1,0,3.8903444838464427
19,1,19,19_19,panelist,med,1,0,0,0,3.8552728312555797
19,1,20,19_20,panelist,med,1,0,0,0,3.842040043989789
19,1,21,19_21,reviewer,high,0,1,0,0,3.927242244634528
19,1,22,19_22,panelist,low,1,0,1,0,4.5660109406414495
19,1,23,19_23,panelist,high,1,1,0,0,4.099479848766822
19,1,24,19_24,panelist,high,1,1,0,0,3.8169362546072634
19,2,01,19_01,reviewer,med,0,0,0,0,3.739599298246366
19,2,02,19_02,panelist,low,1,0,1,0,4.6798473189319765
19,2,03,19_03,panelist,med,1,0,0,0,3.7238178659221908
19,2,04,19_04,panelist,none,1,0,0,1,3.8655061342648906
19,2,05,19_05,panelist,low,1,0,1,0,4.108667061895944
19,2,06,19_06,panelist,none,1,0,0,1,4.746403762682806
19,2,07,19_07,panelist,high,1,1,0,0,3.895016085248839
19,2,08,19_08,panelist,high,1,1,0,0,4.480446128034119
19,2,09,19_09,panelist,low,1,0,1,0,4.8647528854556334
19,2,10,19_10,reviewer,none,0,0,0,1,3.642075920073312
19,2,11,19_11,panelist,med,1,0,0,0,3.992560564634009
19,2,12,19_12,panelist,low,1,0,1,0,4.170486446386752
19,2,13,19_13,panelist,med,1,0,0,0,4.610886537288145
19,2,14,19_14,panelist,high,1,1,0,0,4.227284669675233
19,2,15,19_15,reviewer,med,0,0,0,0,3.760079936039437
19,2,16,19_16,panelist,high,1,1,0,0,4.577758690540507
19,2,17,19_17,panelist,med,1,0,0,0,4.158424821689139
19,2,18,19_18,panelist,med,1,0,0,0,4.215924284010819
19,2,19,19_19,panelist,high,1,1,0,0,3.9118686785478163
19,2,20,19_20,panelist,none,1,0,0,1,4.61132645570857
19,2,21,19_21,panelist,high,1,1,0,0,4.063016293463543
19,2,22,19_22,panelist,med,1,0,0,0,4.220194675266088
19,2,23,19_23,panelist,med,1,0,0,0,4.586481472392126
19,2,24,19_24,panelist,med,1,0,0,0,4.0390724184872555
19,3,01,19_01,panelist,low,1,0,1,0,4.1775042796033475
19,3,02,19_02,reviewer,none,0,0,0,1,4.289302671640625
19,3,03,19_03,panelist,med,1,0,0,0,3.710548465196658
19,3,04,19_04,panelist,med,1,0,0,0,3.693804784021846
19,3,05,19_05,panelist,high,1,1,0,0,3.7128141284410443
19,3,06,19_06,panelist,med,1,0,0,0,4.5756510021334105
19,3,07,19_07,panelist,none,1,0,0,1,4.048552709786087
19,3,08,19_08,panelist,high,1,1,0,0,4.134719021953141
19,3,09,19_09,panelist,high,1,1,0,0,4.758926175887651
19,3,10,19_10,panelist,med,1,0,0,0,4.483267190992192
19,3,11,19_11,panelist,med,1,0,0,0,3.9304156792563103
19,3,12,19_12,panelist,med,1,0,0,0,4.1967614444450225
19,3,13,19_13,panelist,med,1,0,0,0,4.645460521070423
19,3,14,19_14,reviewer,high,0,1,0,0,3.8678813925324893
19,3,15,19_15,panelist,med,1,0,0,0,4.245384434023759
19,3,16,19_16,panelist,high,1,1,0,0,4.330506473923438
19,3,17,19_17,panelist,low,1,0,1,0,4.222964126643631
19,3,18,19_18,panelist,none,1,0,0,1,4.20022927201929
19,3,19,19_19,panelist,med,1,0,0,0,3.599122557598079
19,3,20,19_20,panelist,low,1,0,1,0,4.394659997292385
19,3,21,19_21,panelist,med,1,0,0,0,4.234258178328202
19,3,22,19_22,reviewer,low,0,0,1,0,4.280452093076047
19,3,23,19_23,panelist,high,1,1,0,0,4.255292662383821
19,3,24,19_24,panelist,none,1,0,0,1,3.9069391685723573
19,4,01,19_01,panelist,med,1,0,0,0,3.9779144941368645
19,4,02,19_02,panelist,high,1,1,0,0,4.600493086374971
19,4,03,19_03,panelist,med,1,0,0,0,3.761349583642284
19,4,04,19_04,panelist,high,1,1,0,0,4.062501430516501
19,4,05,19_05,panelist,none,1,0,0,1,4.037800323509746
19,4,06,19_06,panelist,med,1,0,0,0,4.265268284209606
19,4,07,19_07,panelist,none,1,0,0,1,3.9502581451345438
19,4,08,19_08,panelist,low,1,0,1,0,4.77512583293393
19,4,09,19_09,panelist,med,1,0,0,0,4.698461545698732
19,4,10,19_10,panelist,low,1,0,1,0,4.5177472867754505
19,4,11,19_11,reviewer,high,0,1,0,0,3.9947200275110357
19,4,12,19_12,reviewer,med,0,0,0,0,4.150484597248494
19,4,13,19_13,panelist,low,1,0,1,0,4.633413096533885
19,4,14,19_14,reviewer,none,0,0,0,1,4.35448021379189
19,4,15,19_15,panelist,high,1,1,0,0,4.094811792101072
19,4,16,19_16,panelist,med,1,0,0,0,4.3266577556269405
19,4,17,19_17,panelist,none,1,0,0,1,4.684496174443679
19,4,18,19_18,panelist,med,1,0,0,0,4.5710427154405116
19,4,19,19_19,panelist,med,1,0,0,0,4.146802585075945
19,4,20,19_20,panelist,low,1,0,1,0,4.653638290797114
19,4,21,19_21,panelist,high,1,1,0,0,4.332232160705982
19,4,22,19_22,panelist,med,1,0,0,0,4.794438763867651
19,4,23,19_23,panelist,high,1,1,0,0,4.259284500253914
19,4,24,19_24,panelist,med,1,0,0,0,4.053932782574636
19,5,01,19_01,panelist,high,1,1,0,0,3.8776997537570046
19,5,02,19_02,panelist,med,1,0,0,0,4.215240469948316
19,5,03,19_03,panelist,high,1,1,0,0,3.536855224549185
19,5,04,19_04,panelist,high,1,1,0,0,3.9605256702848037
19,5,05,19_05,panelist,none,1,0,0,1,3.8744607906579667
19,5,06,19_06,reviewer,low,0,0,1,0,4.2053665374112486
19,5,07,19_07,panelist,low,1,0,1,0,4.252763375405381
19,5,08,19_08,panelist,high,1,1,0,0,4.2670383230536055
19,5,09,19_09,reviewer,med,0,0,0,0,4.446243785842534
19,5,10,19_10,panelist,med,1,0,0,0,4.08697198053088
19,5,11,19_11,panelist,high,1,1,0,0,4.087622510060546
19,5,12,19_12,panelist,low,1,0,1,0,3.7546657882528804
19,5,13,19_13,panelist,none,1,0,0,1,4.557962949984288
19,5,14,19_14,panelist,med,1,0,0,0,4.08480474074419
19,5,15,19_15,panelist,low,1,0,1,0,4.2096914925701325
19,5,16,19_16,panelist,high,1,1,0,0,4.018754011203842
19,5,17,19_17,panelist,med,1,0,0,0,3.756065045820926
19,5,18,19_18,panelist,med,1,0,0,0,4.3528034767145165
19,5,19,19_19,panelist,none,1,0,0,1,3.950654124022602
19,5,20,19_20,panelist,med,1,0,0,0,4.171250773058155
19,5,21,19_21,panelist,med,1,0,0,0,4.1762426768005785
19,5,22,19_22,panelist,none,1,0,0,1,4.5644568706291695
19,5,23,19_23,reviewer,med,0,0,0,0,4.1188606269189325
19,5,24,19_24,panelist,med,1,0,0,0,3.5049865478858866
19,6,01,19_01,panelist,med,1,0,0,0,3.9310505082784135
19,6,02,19_02,panelist,med,1,0,0,0,4.8521687724804705
19,6,03,19_03,panelist,high,1,1,0,0,3.8850266825943587
19,6,04,19_04,reviewer,med,0,0,0,0,4.033693651924021
19,6,05,19_05,panelist,med,1,0,0,0,4.4266176806816295
19,6,06,19_06,panelist,none,1,0,0,1,4.637310881201183
19,6,07,19_07,panelist,none,1,0,0,1,4.190397676852869
19,6,08,19_08,panelist,high,1,1,0,0,4.5422452032840495
19,6,09,19_09,panelist,high,1,1,0,0,4.887458063869922
19,6,10,19_10,panelist,low,1,0,1,0,4.1351016393461295
19,6,11,19_11,panelist,med,1,0,0,0,3.944602055797353
19,6,12,19_12,panelist,low,1,0,1,0,4.6214527683887425
19,6,13,19_13,panelist,high,1,1,0,0,4.7451920679671975
19,6,14,19_14,panelist,med,1,0,0,0,4.560575400770364
19,6,15,19_15,panelist,none,1,0,0,1,4.53983476003284
19,6,16,19_16,panelist,high,1,1,0,0,3.9550285145986424
19,6,17,19_17,reviewer,med,0,0,0,0,3.9521689393299493
19,6,18,19_18,panelist,med,1,0,0,0,4.740690091930386
19,6,19,19_19,panelist,low,1,0,1,0,4.3103831077362225
19,6,20,19_20,panelist,med,1,0,0,0,4.866150984912769
19,6,21,19_21,reviewer,none,0,0,0,1,4.351328795711337
19,6,22,19_22,panelist,high,1,1,0,0,4.100191962576481
19,6,23,19_23,panelist,med,1,0,0,0,4.507422225936606
19,6,24,19_24,panelist,low,1,0,1,0,3.913132069572868
19,7,01,19_01,panelist,med,1,0,0,0,4.223404217371224
19,7,02,19_02,reviewer,med,0,0,0,0,4.745271412917046
19,7,03,19_03,panelist,low,1,0,1,0,4.531708698032001
19,7,04,19_04,panelist,high,1,1,0,0,4.107862815563136
19,7,05,19_05,panelist,none,1,0,0,1,4.049709872785153
19,7,06,19_06,panelist,med,1,0,0,0,4.6172334599873714
19,7,07,19_07,panelist,med,1,0,0,0,4.215607641901774
19,7,08,19_08,panelist,low,1,0,1,0,4.681806513823535
19,7,09,19_09,panelist,high,1,1,0,0,4.768436214568101
19,7,10,19_10,panelist,med,1,0,0,0,4.745944047913756
19,7,11,19_11,panelist,low,1,0,1,0,4.724969370410352
19,7,12,19_12,panelist,none,1,0,0,1,4.722040440942447
19,7,13,19_13,panelist,high,1,1,0,0,4.772145648169873
19,7,14,19_14,panelist,high,1,1,0,0,4.743108399877071
19,7,15,19_15,reviewer,med,0,0,0,0,4.2735008286507314
19,7,16,19_16,panelist,none,1,0,0,1,4.667221515208956
19,7,17,19_17,panelist,med,1,0,0,0,4.747858183169204
19,7,18,19_18,reviewer,high,0,1,0,0,4.3846773026938175
19,7,19,19_19,panelist,high,1,1,0,0,4.283391491105145
19,7,20,19_20,panelist,low,1,0,1,0,4.465314289045752
19,7,21,19_21,panelist,none,1,0,0,1,4.798378312882339
19,7,22,19_22,panelist,med,1,0,0,0,4.7390671163017695
19,7,23,19_23,panelist,med,1,0,0,0,4.694005400951262
19,7,24,19_24,panelist,med,1,0,0,0,4.2698597811258825
19,8,01,19_01,reviewer,med,0,0,0,0,3.513810344375209
19,8,02,19_02,panelist,high,1,1,0,0,4.042676415730916
19,8,03,19_03,panelist,med,1,0,0,0,3.7530984718086557
19,8,04,19_04,panelist,none,1,0,0,1,3.694092919958469
19,8,05,19_05,panelist,med,1,0,0,0,3.5553780475986154
19,8,06,19_06,panelist,none,1,0,0,1,4.16506135371271
19,8,07,19_07,panelist,med,1,0,0,0,3.969781815303209
19,8,08,19_08,panelist,high,1,1,0,0,4.162611144876681
19,8,09,19_09,reviewer,high,0,1,0,0,3.8228170131635646
19,8,10,19_10,panelist,med,1,0,0,0,3.6990183967000987
19,8,11,19_11,panelist,high,1,1,0,0,3.819224029033486
19,8,12,19_12,panelist,high,1,1,0,0,3.9882428473618257
19,8,13,19_13,panelist,low,1,0,1,0,4.687593178222675
19,8,14,19_14,panelist,med,1,0,0,0,4.233085868357123
19,8,15,19_15,panelist,low,1,0,1,0,3.856231310358586
19,8,16,19_16,panelist,low,1,0,1,0,3.7086503282022063
19,8,17,19_17,reviewer,med,0,0,0,0,3.6058350121461666
19,8,18,19_18,panelist,none,1,0,0,1,4.038711221270344
19,8,19,19_19,panelist,med,1,0,0,0,3.5663622744923282
19,8,20,19_20,panelist,none,1,0,0,1,4.2166550282034825
19,8,21,19_21,panelist,med,1,0,0,0,3.9378510475217086
19,8,22,19_22,panelist,med,1,0,0,0,3.7141098423417476
19,8,23,19_23,panelist,low,1,0,1,0,4.222805763077189
19,8,24,19_24,panelist,high,1,1,0,0,3.572631905944893
19,9,01,19_01,panelist,med,1,0,0,0,4.27707510833278
19,9,02,19_02,panelist,high,1,1,0,0,4.694325288410648
19,9,03,19_03,panelist,high,1,1,0,0,4.248394785342182
19,9,04,19_04,reviewer,low,0,0,1,0,4.1508132772787825
19,9,05,19_05,panelist,none,1,0,0,1,4.245763311577931
19,9,06,19_06,panelist,med,1,0,0,0,4.425269092911677
19,9,07,19_07,panelist,high,1,1,0,0,4.2927947768870744
19,9,08,19_08,panelist,med,1,0,0,0,4.845538265504535
19,9,09,19_09,panelist,med,1,0,0,0,4.817896576361847
19,9,10,19_10,panelist,med,1,0,0,0,4.21125502298857
19,9,11,19_11,panelist,med,1,0,0,0,4.368193958343832
19,9,12,19_12,panelist,low,1,0,1,0,4.582951324201641
19,9,13,19_13,panelist,low,1,0,1,0,4.813837026785404
19,9,14,19_14,panelist,med,1,0,0,0,4.72517281633348
19,9,15,19_15,panelist,none,1,0,0,1,4.683198967071742
19,9,16,19_16,panelist,med,1,0,0,0,4.475190059896374
19,9,17,19_17,panelist,none,1,0,0,1,4.662186825943271
19,9,18,19_18,reviewer,low,0,0,1,0,4.7246339872973895
19,9,19,19_19,panelist,high,1,1,0,0,4.281074759418254
19,9,20,19_20,panelist,high,1,1,0,0,4.6245778540044995
19,9,21,19_21,panelist,high,1,1,0,0,4.285432882838256
19,9,22,19_22,panelist,med,1,0,0,0,4.572533377968067
19,9,23,19_23,reviewer,med,0,0,0,0,4.499096754023982
19,9,24,19_24,panelist,none,1,0,0,1,4.710836699117723
19,10,01,19_01,panelist,med,1,0,0,0,3.904190060353288
19,10,02,19_02,panelist,med,1,0,0,0,4.269263106568739
19,10,03,19_03,panelist,med,1,0,0,0,3.725608483810911
19,10,04,19_04,panelist,high,1,1,0,0,3.5094375213087585
19,10,05,19_05,panelist,low,1,0,1,0,3.9834738995963477
19,10,06,19_06,panelist,none,1,0,0,1,4.458103199796242
19,10,07,19_07,panelist,high,1,1,0,0,3.909453962122551
19,10,08,19_08,panelist,low,1,0,1,0,4.4891179839786375
19,10,09,19_09,panelist,med,1,0,0,0,4.773669825634914
19,10,10,19_10,reviewer,high,0,1,0,0,3.9151735113565738
19,10,11,19_11,panelist,med,1,0,0,0,3.920381048384358
19,10,12,19_12,panelist,low,1,0,1,0,3.922364462471432
19,10,13,19_13,panelist,none,1,0,0,1,4.737708849514927
19,10,14,19_14,reviewer,med,0,0,0,0,4.046662891120057
19,10,15,19_15,panelist,med,1,0,0,0,4.107618523481312
19,10,16,19_16,panelist,high,1,1,0,0,4.05256894932385
19,10,17,19_17,panelist,high,1,1,0,0,4.319749535407669
19,10,18,19_18,panelist,high,1,1,0,0,4.124270124543354
19,10,19,19_19,reviewer,med,0,0,0,0,3.642228169208898
19,10,20,19_20,panelist,med,1,0,0,0,4.202400128665358
19,10,21,19_21,panelist,none,1,0,0,1,4.454207255479326
19,10,22,19_22,panelist,med,1,0,0,0,4.2001985230142385
19,10,23,19_23,panelist,low,1,0,1,0,4.380177117522762
19,10,24,19_24,panelist,none,1,0,0,1,4.128941463363901
19,11,01,19_01,panelist,med,1,0,0,0,3.9128828762767807
19,11,02,19_02,panelist,med,1,0,0,0,4.326987637792217
19,11,03,19_03,panelist,med,1,0,0,0,3.721904569280378
19,11,04,19_04,panelist,high,1,1,0,0,3.761006114890516
19,11,05,19_05,panelist,high,1,1,0,0,3.646735231322142
19,11,06,19_06,panelist,med,1,0,0,0,4.299722413661678
19,11,07,19_07,panelist,none,1,0,0,1,4.035753120899666
19,11,08,19_08,panelist,med,1,0,0,0,4.053711553063155
19,11,09,19_09,panelist,high,1,1,0,0,4.232966993625974
19,11,10,19_10,panelist,none,1,0,0,1,4.2404591368462965
19,11,11,19_11,panelist,none,1,0,0,1,3.677872926577707
19,11,12,19_12,reviewer,med,0,0,0,0,3.811434889459642
19,11,13,19_13,panelist,none,1,0,0,1,4.287589141776329
19,11,14,19_14,reviewer,med,0,0,0,0,3.8681705694474298
19,11,15,19_15,panelist,low,1,0,1,0,4.332493836387021
19,11,16,19_16,reviewer,high,0,1,0,0,4.004721601882801
19,11,17,19_17,panelist,low,1,0,1,0,4.369314406632988
19,11,18,19_18,panelist,high,1,1,0,0,4.096750399457345
19,11,19,19_19,panelist,high,1,1,0,0,4.049824019782846
19,11,20,19_20,panelist,low,1,0,1,0,4.450341317474765
19,11,21,19_21,panelist,med,1,0,0,0,4.437315420991934
19,11,22,19_22,panelist,low,1,0,1,0,4.212070399390099
19,11,23,19_23,panelist,med,1,0,0,0,3.9916834238779675
19,11,24,19_24,panelist,med,1,0,0,0,3.564119940328254
19,12,01,19_01,panelist,med,1,0,0,0,4.101684617049828
19,12,02,19_02,panelist,med,1,0,0,0,4.455425442342495
19,12,03,19_03,panelist,high,1,1,0,0,3.6367995103952193
19,12,04,19_04,panelist,none,1,0,0,1,4.379150622499937
19,12,05,19_05,panelist,med,1,0,0,0,3.909453809651042
19,12,06,19_06,panelist,low,1,0,1,0,4.001104507576801
19,12,07,19_07,panelist,high,1,1,0,0,3.982864589817831
19,12,08,19_08,reviewer,med,0,0,0,0,4.136880920748771
19,12,09,19_09,panelist,low,1,0,1,0,4.74982062678234
19,12,10,19_10,panelist,none,1,0,0,1,4.1480234103159015
19,12,11,19_11,panelist,high,1,1,0,0,3.8244287134790658
19,12,12,19_12,panelist,low,1,0,1,0,4.525390905374408
19,12,13,19_13,panelist,high,1,1,0,0,4.34145900007337
19,12,14,19_14,panelist,low,1,0,1,0,4.710100713429086
19,12,15,19_15,panelist,none,1,0,0,1,4.638208370971223
19,12,16,19_16,panelist,med,1,0,0,0,4.091159675092541
19,12,17,19_17,panelist,med,1,0,0,0,4.148359193563516
19,12,18,19_18,panelist,med,1,0,0,0,4.5865988490871885
19,12,19,19_19,panelist,high,1,1,0,0,3.990497625033089
19,12,20,19_20,panelist,med,1,0,0,0,4.038827561108363
19,12,21,19_21,reviewer,med,0,0,0,0,3.8793066917480945
19,12,22,19_22,panelist,med,1,0,0,0,4.639412906177984
19,12,23,19_23,reviewer,high,0,1,0,0,3.7698006888878317
19,12,24,19_24,panelist,none,1,0,0,1,3.8271185723465093
19,13,01,19_01,panelist,med,1,0,0,0,4.3154107989848605
19,13,02,19_02,panelist,none,1,0,0,1,4.7026648006380825
19,13,03,19_03,panelist,med,1,0,0,0,4.00383071349528
19,13,04,19_04,reviewer,none,0,0,0,1,4.337210081904698
19,13,05,19_05,reviewer,high,0,1,0,0,3.934980381022085
19,13,06,19_06,panelist,none,1,0,0,1,4.799377124994212
19,13,07,19_07,panelist,med,1,0,0,0,4.266338913188841
19,13,08,19_08,panelist,med,1,0,0,0,4.208210547080067
19,13,09,19_09,panelist,low,1,0,1,0,4.860670669378893
19,13,10,19_10,panelist,low,1,0,1,0,4.149553068165908
19,13,11,19_11,panelist,high,1,1,0,0,3.7801716457281596
19,13,12,19_12,panelist,none,1,0,0,1,4.217783916908827
19,13,13,19_13,panelist,med,1,0,0,0,4.762298087214423
19,13,14,19_14,panelist,high,1,1,0,0,4.284016632891802
19,13,15,19_15,panelist,med,1,0,0,0,4.870628313931134
19,13,16,19_16,panelist,med,1,0,0,0,4.374222261428436
19,13,17,19_17,panelist,med,1,0,0,0,4.483323835108605
19,13,18,19_18,panelist,med,1,0,0,0,4.627317371396386
19,13,19,19_19,panelist,high,1,1,0,0,3.9133205530378268
19,13,20,19_20,panelist,low,1,0,1,0,4.60907790620749
19,13,21,19_21,panelist,low,1,0,1,0,4.812644333294706
19,13,22,19_22,panelist,high,1,1,0,0,4.3672276056329675
19,13,23,19_23,reviewer,med,0,0,0,0,4.262371654523415
19,13,24,19_24,panelist,high,1,1,0,0,3.8773365066936734
19,14,01,19_01,panelist,low,1,0,1,0,3.9884520442667313
19,14,02,19_02,reviewer,low,0,0,1,0,4.400874618463919
19,14,03,19_03,panelist,med,1,0,0,0,4.044207599013165
19,14,04,19_04,panelist,none,1,0,0,1,4.244280967351011
19,14,05,19_05,panelist,low,1,0,1,0,3.849764985082947
19,14,06,19_06,panelist,high,1,1,0,0,3.8550819952044155
19,14,07,19_07,panelist,med,1,0,0,0,3.596419074656299
19,14,08,19_08,panelist,med,1,0,0,0,4.3066058348003375
19,14,09,19_09,panelist,high,1,1,0,0,4.495341391841396
19,14,10,19_10,panelist,high,1,1,0,0,4.0638683593812415
19,14,11,19_11,panelist,med,1,0,0,0,3.816430721066108
19,14,12,19_12,reviewer,high,0,1,0,0,3.8384024910241825
19,14,13,19_13,panelist,none,1,0,0,1,4.656283097219313
19,14,14,19_14,panelist,med,1,0,0,0,3.823118090091905
19,14,15,19_15,panelist,med,1,0,0,0,4.131318716792031
19,14,16,19_16,panelist,none,1,0,0,1,4.154072810291131
19,14,17,19_17,panelist,med,1,0,0,0,4.52829458374455
19,14,18,19_18,panelist,high,1,1,0,0,3.542701131749408
19,14,19,19_19,panelist,high,1,1,0,0,3.808861378320349
19,14,20,19_20,panelist,med,1,0,0,0,4.217767684388301
19,14,21,19_21,reviewer,none,0,0,0,1,3.870024266582729
19,14,22,19_22,panelist,low,1,0,1,0,4.560499722159323
19,14,23,19_23,panelist,med,1,0,0,0,3.983663451295496
19,14,24,19_24,panelist,med,1,0,0,0,3.6077443904605975
19,15,01,19_01,panelist,med,1,0,0,0,3.5712062343887707
19,15,02,19_02,panelist,low,1,0,1,0,3.9934082167223264
19,15,03,19_03,panelist,med,1,0,0,0,3.5960130388293154
19,15,04,19_04,reviewer,none,0,0,0,1,3.6187632767930773
19,15,05,19_05,panelist,high,1,1,0,0,3.532833522324871
19,15,06,19_06,panelist,med,1,0,0,0,3.9777688930309254
19,15,07,19_07,panelist,high,1,1,0,0,3.767424338166269
19,15,08,19_08,panelist,high,1,1,0,0,3.6779039349564657
19,15,09,19_09,panelist,low,1,0,1,0,4.331390784300265
19,15,10,19_10,panelist,none,1,0,0,1,3.6899800153760736
19,15,11,19_11,panelist,low,1,0,1,0,3.622728614288317
19,15,12,19_12,panelist,low,1,0,1,0,3.719066011834554
19,15,13,19_13,reviewer,med,0,0,0,0,3.752164562891069
19,15,14,19_14,panelist,med,1,0,0,0,3.978956468932076
19,15,15,19_15,panelist,high,1,1,0,0,4.183131732059859
19,15,16,19_16,panelist,med,1,0,0,0,3.553244643551448
19,15,17,19_17,panelist,med,1,0,0,0,3.5771446755427405
19,15,18,19_18,panelist,none,1,0,0,1,4.425706106155017
19,15,19,19_19,panelist,med,1,0,0,0,3.532161691543455
19,15,20,19_20,panelist,high,1,1,0,0,3.520458589254469
19,15,21,19_21,reviewer,high,0,1,0,0,3.5738191079832577
19,15,22,19_22,panelist,med,1,0,0,0,3.5627187646986256
19,15,23,19_23,panelist,med,1,0,0,0,3.586145708610115
19,15,24,19_24,panelist,none,1,0,0,1,3.619821134828877
20,1,01,20_01,panelist,med,1,0,0,0,3.594516724349985
20,1,02,20_02,panelist,high,1,1,0,0,4.783711998620009
20,1,03,20_03,panelist,med,1,0,0,0,4.064091058363398
20,1,04,20_04,panelist,none,1,0,0,1,4.058257993379648
20,1,05,20_05,panelist,med,1,0,0,0,3.7061894362685046
20,1,06,20_06,panelist,none,1,0,0,1,4.380641241740346
20,1,07,20_07,reviewer,low,0,0,1,0,3.863854558050046
20,1,08,20_08,panelist,med,1,0,0,0,4.2312723875579374
20,1,09,20_09,panelist,med,1,0,0,0,4.659794789405804
20,1,10,20_10,panelist,none,1,0,0,1,4.355181238385021
20,1,11,20_11,panelist,none,1,0,0,1,4.011277264319402
20,1,12,20_12,panelist,high,1,1,0,0,3.835939410244346
20,1,13,20_13,panelist,med,1,0,0,0,4.46542623881461
20,1,14,20_14,panelist,high,1,1,0,0,3.8736605676183102
20,1,15,20_15,panelist,high,1,1,0,0,4.5164826446542845
20,1,16,20_16,panelist,low,1,0,1,0,4.509202683055377
20,1,17,20_17,reviewer,med,0,0,0,0,4.1491645860583795
20,1,18,20_18,panelist,med,1,0,0,0,4.045524042107543
20,1,19,20_19,panelist,low,1,0,1,0,3.7868808996125125
20,1,20,20_20,reviewer,med,0,0,0,0,4.158556656338144
20,1,21,20_21,panelist,high,1,1,0,0,4.0750258663507255
20,1,22,20_22,panelist,high,1,1,0,0,3.809120894661446
20,1,23,20_23,panelist,low,1,0,1,0,4.453460862963147
20,1,24,20_24,panelist,med,1,0,0,0,3.875247023431744
20,2,01,20_01,panelist,high,1,1,0,0,4.026415399092863
20,2,02,20_02,panelist,low,1,0,1,0,4.844103453943528
20,2,03,20_03,panelist,med,1,0,0,0,3.563586297200384
20,2,04,20_04,panelist,none,1,0,0,1,4.492562178214529
20,2,05,20_05,reviewer,med,0,0,0,0,3.7812138977290273
20,2,06,20_06,panelist,none,1,0,0,1,4.5329940539472755
20,2,07,20_07,reviewer,low,0,0,1,0,3.9237279872771214
20,2,08,20_08,panelist,med,1,0,0,0,4.490840052345912
20,2,09,20_09,panelist,high,1,1,0,0,4.353643225216449
20,2,10,20_10,panelist,med,1,0,0,0,4.15695551546701
20,2,11,20_11,panelist,high,1,1,0,0,4.173303373949022
20,2,12,20_12,panelist,med,1,0,0,0,4.2664880353083365
20,2,13,20_13,panelist,med,1,0,0,0,4.541728428242568
20,2,14,20_14,panelist,high,1,1,0,0,3.8600165027732096
20,2,15,20_15,panelist,med,1,0,0,0,4.217228281309504
20,2,16,20_16,panelist,none,1,0,0,1,4.6336162434087385
20,2,17,20_17,panelist,low,1,0,1,0,4.407941751304395
20,2,18,20_18,panelist,med,1,0,0,0,4.072064014617418
20,2,19,20_19,reviewer,med,0,0,0,0,3.6804558785968933
20,2,20,20_20,panelist,none,1,0,0,1,4.6139342388424
20,2,21,20_21,panelist,high,1,1,0,0,4.61127554692312
20,2,22,20_22,panelist,high,1,1,0,0,3.8312869834009424
20,2,23,20_23,panelist,low,1,0,1,0,4.156071828072614
20,2,24,20_24,panelist,med,1,0,0,0,3.9133279275586634
20,3,01,20_01,panelist,med,1,0,0,0,3.909234080212279
20,3,02,20_02,panelist,med,1,0,0,0,4.364130561746169
20,3,03,20_03,panelist,low,1,0,1,0,3.6312116576499927
20,3,04,20_04,panelist,none,1,0,0,1,4.316257487791731
20,3,05,20_05,reviewer,med,0,0,0,0,4.035223835389848
20,3,06,20_06,panelist,none,1,0,0,1,4.486276239513035
20,3,07,20_07,reviewer,none,0,0,0,1,4.0230793602683175
20,3,08,20_08,panelist,low,1,0,1,0,4.830015757041541
20,3,09,20_09,panelist,high,1,1,0,0,4.2335254895983425
20,3,10,20_10,panelist,high,1,1,0,0,4.153458856176976
20,3,11,20_11,panelist,med,1,0,0,0,3.8853066130306053
20,3,12,20_12,panelist,high,1,1,0,0,4.040090127267301
20,3,13,20_13,panelist,high,1,1,0,0,4.411279889887351
20,3,14,20_14,panelist,med,1,0,0,0,4.418995004195843
20,3,15,20_15,reviewer,high,0,1,0,0,3.98655962037811
20,3,16,20_16,panelist,med,1,0,0,0,3.995858367928552
20,3,17,20_17,panelist,med,1,0,0,0,4.0691941754224805
20,3,18,20_18,panelist,med,1,0,0,0,4.0240151916317854
20,3,19,20_19,panelist,none,1,0,0,1,3.79454124400089
20,3,20,20_20,panelist,med,1,0,0,0,4.555674285391679
20,3,21,20_21,panelist,low,1,0,1,0,4.580242339896812
20,3,22,20_22,panelist,med,1,0,0,0,3.996855607812714
20,3,23,20_23,panelist,low,1,0,1,0,4.282269702763107
20,3,24,20_24,panelist,high,1,1,0,0,3.6275794509811203
20,4,01,20_01,panelist,med,1,0,0,0,4.149284512487497
20,4,02,20_02,panelist,none,1,0,0,1,4.658821020158982
20,4,03,20_03,reviewer,low,0,0,1,0,3.931466371575119
20,4,04,20_04,panelist,med,1,0,0,0,3.9681816832952963
20,4,05,20_05,panelist,high,1,1,0,0,4.3649789932171785
20,4,06,20_06,panelist,med,1,0,0,0,4.55702786247155
20,4,07,20_07,panelist,low,1,0,1,0,4.161679964280364
20,4,08,20_08,panelist,none,1,0,0,1,4.838790003751901
20,4,09,20_09,panelist,med,1,0,0,0,4.8062401638797585
20,4,10,20_10,panelist,high,1,1,0,0,4.39427902916047
20,4,11,20_11,panelist,low,1,0,1,0,4.300551546051033
20,4,12,20_12,panelist,high,1,1,0,0,4.552620171742281
20,4,13,20_13,panelist,med,1,0,0,0,4.587568611069292
20,4,14,20_14,panelist,med,1,0,0,0,4.257570954894494
20,4,15,20_15,reviewer,med,0,0,0,0,4.082291038152578
20,4,16,20_16,panelist,none,1,0,0,1,4.649242646096132
20,4,17,20_17,panelist,high,1,1,0,0,4.044409090124068
20,4,18,20_18,panelist,med,1,0,0,0,4.4057563612570325
20,4,19,20_19,panelist,none,1,0,0,1,4.034216747491254
20,4,20,20_20,panelist,high,1,1,0,0,4.386669307347145
20,4,21,20_21,panelist,med,1,0,0,0,4.402553587395139
20,4,22,20_22,panelist,low,1,0,1,0,4.253038416299437
20,4,23,20_23,reviewer,high,0,1,0,0,4.255663262838345
20,4,24,20_24,panelist,med,1,0,0,0,4.086179813163044
20,5,01,20_01,panelist,none,1,0,0,1,4.206491993159214
20,5,02,20_02,panelist,med,1,0,0,0,4.605654387573942
20,5,03,20_03,panelist,high,1,1,0,0,3.7401284534074266
20,5,04,20_04,panelist,low,1,0,1,0,3.855681275315881
20,5,05,20_05,panelist,high,1,1,0,0,3.623012189628269
20,5,06,20_06,panelist,none,1,0,0,1,4.310183462590414
20,5,07,20_07,panelist,med,1,0,0,0,3.8955727316631803
20,5,08,20_08,panelist,high,1,1,0,0,4.1229839871151555
20,5,09,20_09,panelist,med,1,0,0,0,4.2684622401645145
20,5,10,20_10,panelist,med,1,0,0,0,3.728680123123816
20,5,11,20_11,reviewer,none,0,0,0,1,3.8979811135034277
20,5,12,20_12,panelist,med,1,0,0,0,3.9021284840448955
20,5,13,20_13,panelist,high,1,1,0,0,4.21839302650158
20,5,14,20_14,reviewer,med,0,0,0,0,3.803986333623459
20,5,15,20_15,panelist,med,1,0,0,0,4.245332221012033
20,5,16,20_16,panelist,med,1,0,0,0,3.7281071759539106
20,5,17,20_17,panelist,med,1,0,0,0,3.887653802176152
20,5,18,20_18,panelist,high,1,1,0,0,3.696526945764222
20,5,19,20_19,panelist,low,1,0,1,0,3.6789896888928353
20,5,20,20_20,panelist,none,1,0,0,1,4.4274716139183985
20,5,21,20_21,panelist,low,1,0,1,0,4.214247651362612
20,5,22,20_22,panelist,low,1,0,1,0,4.229371688488333
20,5,23,20_23,reviewer,high,0,1,0,0,3.733829713995598
20,5,24,20_24,panelist,med,1,0,0,0,3.699980482416579
20,6,01,20_01,panelist,med,1,0,0,0,4.415657913350817
20,6,02,20_02,panelist,none,1,0,0,1,4.758326136055511
20,6,03,20_03,panelist,none,1,0,0,1,4.204177414883281
20,6,04,20_04,reviewer,none,0,0,0,1,4.232705593401517
20,6,05,20_05,panelist,high,1,1,0,0,4.042298786823654
20,6,06,20_06,reviewer,high,0,1,0,0,4.4601279821065996
20,6,07,20_07,panelist,low,1,0,1,0,4.374828746393257
20,6,08,20_08,panelist,med,1,0,0,0,4.510597399812478
20,6,09,20_09,panelist,high,1,1,0,0,4.5210348449721645
20,6,10,20_10,panelist,high,1,1,0,0,3.8080943375194583
20,6,11,20_11,panelist,med,1,0,0,0,3.980494235470639
20,6,12,20_12,panelist,med,1,0,0,0,4.28050794973421
20,6,13,20_13,panelist,low,1,0,1,0,4.50330196627994
20,6,14,20_14,reviewer,med,0,0,0,0,4.153884562812459
20,6,15,20_15,panelist,med,1,0,0,0,4.063080732747816
20,6,16,20_16,panelist,high,1,1,0,0,4.4802108778484095
20,6,17,20_17,panelist,high,1,1,0,0,4.374848004942179
20,6,18,20_18,panelist,low,1,0,1,0,4.581123950697295
20,6,19,20_19,panelist,low,1,0,1,0,4.146249668053695
20,6,20,20_20,panelist,none,1,0,0,1,4.258960409024545
20,6,21,20_21,panelist,med,1,0,0,0,4.478594408610295
20,6,22,20_22,panelist,med,1,0,0,0,4.538600851426429
20,6,23,20_23,panelist,med,1,0,0,0,4.561922945149121
20,6,24,20_24,panelist,med,1,0,0,0,4.370436836030296
20,7,01,20_01,panelist,low,1,0,1,0,4.612411439006405
20,7,02,20_02,panelist,high,1,1,0,0,4.791034722863217
20,7,03,20_03,panelist,none,1,0,0,1,4.501712730171716
20,7,04,20_04,panelist,none,1,0,0,1,4.581700318079031
20,7,05,20_05,panelist,med,1,0,0,0,4.355755359881227
20,7,06,20_06,reviewer,low,0,0,1,0,4.378904238761592
20,7,07,20_07,panelist,high,1,1,0,0,4.150612737939728
20,7,08,20_08,panelist,high,1,1,0,0,4.419865653428539
20,7,09,20_09,panelist,med,1,0,0,0,4.893736237602406
20,7,10,20_10,reviewer,none,0,0,0,1,4.857425107022633
20,7,11,20_11,panelist,high,1,1,0,0,3.6113154774120493
20,7,12,20_12,panelist,med,1,0,0,0,4.331961648508201
20,7,13,20_13,panelist,med,1,0,0,0,4.862974964212354
20,7,14,20_14,panelist,none,1,0,0,1,4.8251451000708805
20,7,15,20_15,panelist,med,1,0,0,0,4.184598135069344
20,7,16,20_16,panelist,med,1,0,0,0,4.688663905688807
20,7,17,20_17,panelist,med,1,0,0,0,4.629731318871399
20,7,18,20_18,panelist,high,1,1,0,0,4.411420204085316
20,7,19,20_19,reviewer,med,0,0,0,0,4.262011111821094
20,7,20,20_20,panelist,med,1,0,0,0,4.421678714717613
20,7,21,20_21,panelist,low,1,0,1,0,4.6305831300270945
20,7,22,20_22,panelist,med,1,0,0,0,4.505218337617097
20,7,23,20_23,panelist,low,1,0,1,0,4.6563535876787085
20,7,24,20_24,panelist,high,1,1,0,0,4.131235651078288
20,8,01,20_01,panelist,low,1,0,1,0,3.768384606614027
20,8,02,20_02,panelist,none,1,0,0,1,4.404099721193091
20,8,03,20_03,panelist,none,1,0,0,1,3.5884402333925314
20,8,04,20_04,panelist,med,1,0,0,0,3.849554161831413
20,8,05,20_05,reviewer,low,0,0,1,0,3.5969830720188454
20,8,06,20_06,panelist,none,1,0,0,1,4.499019658901501
20,8,07,20_07,panelist,high,1,1,0,0,3.963912849784526
20,8,08,20_08,panelist,low,1,0,1,0,4.305606256736287
20,8,09,20_09,panelist,none,1,0,0,1,4.842634034071257
20,8,10,20_10,panelist,med,1,0,0,0,3.8291697461146756
20,8,11,20_11,panelist,med,1,0,0,0,3.8676590871359293
20,8,12,20_12,panelist,high,1,1,0,0,3.8537656251124823
20,8,13,20_13,panelist,med,1,0,0,0,4.162107767065992
20,8,14,20_14,panelist,med,1,0,0,0,3.7904445775821203
20,8,15,20_15,reviewer,high,0,1,0,0,3.5315063108214195
20,8,16,20_16,panelist,med,1,0,0,0,3.8357750871517884
20,8,17,20_17,panelist,med,1,0,0,0,4.088763246367098
20,8,18,20_18,panelist,low,1,0,1,0,3.78161527019783
20,8,19,20_19,panelist,med,1,0,0,0,3.8096625107912514
20,8,20,20_20,panelist,high,1,1,0,0,3.7973760543110435
20,8,21,20_21,reviewer,high,0,1,0,0,3.6730376916771155
20,8,22,20_22,panelist,med,1,0,0,0,3.878685426598146
20,8,23,20_23,panelist,med,1,0,0,0,4.243330710665609
20,8,24,20_24,panelist,high,1,1,0,0,3.679511549278929
20,9,01,20_01,reviewer,high,0,1,0,0,4.291693797591264
20,9,02,20_02,panelist,med,1,0,0,0,4.748138303007246
20,9,03,20_03,panelist,low,1,0,1,0,4.601988487650288
20,9,04,20_04,panelist,med,1,0,0,0,4.4639077943273655
20,9,05,20_05,panelist,high,1,1,0,0,4.565140452962314
20,9,06,20_06,panelist,med,1,0,0,0,4.199699792596915
20,9,07,20_07,reviewer,med,0,0,0,0,4.120293970769933
20,9,08,20_08,panelist,med,1,0,0,0,4.640888290852118
20,9,09,20_09,panelist,low,1,0,1,0,4.8327255483721085
20,9,10,20_10,panelist,med,1,0,0,0,4.455911387319455
20,9,11,20_11,panelist,none,1,0,0,1,4.5088264228269965
20,9,12,20_12,panelist,high,1,1,0,0,4.264097268362467
20,9,13,20_13,panelist,high,1,1,0,0,4.694462182092094
20,9,14,20_14,panelist,none,1,0,0,1,4.674400159504326
20,9,15,20_15,panelist,high,1,1,0,0,4.686674155953381
20,9,16,20_16,panelist,med,1,0,0,0,4.601799106073052
20,9,17,20_17,reviewer,med,0,0,0,0,4.352456244924415
20,9,18,20_18,panelist,med,1,0,0,0,4.452750874478702
20,9,19,20_19,panelist,low,1,0,1,0,4.097595826973663
20,9,20,20_20,panelist,low,1,0,1,0,4.785002741361415
20,9,21,20_21,panelist,high,1,1,0,0,4.513855083705059
20,9,22,20_22,panelist,none,1,0,0,1,4.656248071775304
20,9,23,20_23,panelist,none,1,0,0,1,4.602195700929142
20,9,24,20_24,panelist,med,1,0,0,0,3.9383967573641185
20,10,01,20_01,panelist,high,1,1,0,0,3.5928941582756053
20,10,02,20_02,panelist,med,1,0,0,0,4.497486852206702
20,10,03,20_03,reviewer,none,0,0,0,1,3.8227603930153884
20,10,04,20_04,panelist,high,1,1,0,0,3.6512222677752555
20,10,05,20_05,panelist,low,1,0,1,0,3.8690844010011602
20,10,06,20_06,panelist,med,1,0,0,0,4.317025316058322
20,10,07,20_07,panelist,high,1,1,0,0,3.8109474561183667
20,10,08,20_08,panelist,med,1,0,0,0,4.296981177644313
20,10,09,20_09,panelist,low,1,0,1,0,4.825527274491133
20,10,10,20_10,panelist,none,1,0,0,1,3.958835560934036
20,10,11,20_11,panelist,med,1,0,0,0,3.964954589648169
20,10,12,20_12,panelist,low,1,0,1,0,4.455832087973495
20,10,13,20_13,panelist,high,1,1,0,0,4.319259108932957
20,10,14,20_14,panelist,med,1,0,0,0,4.0247081862640774
20,10,15,20_15,panelist,med,1,0,0,0,4.180675938167418
20,10,16,20_16,panelist,med,1,0,0,0,3.8708985647857803
20,10,17,20_17,reviewer,med,0,0,0,0,3.746903705623581
20,10,18,20_18,reviewer,med,0,0,0,0,4.057700735546544
20,10,19,20_19,panelist,med,1,0,0,0,3.920371839399664
20,10,20,20_20,panelist,none,1,0,0,1,4.390547773737559
20,10,21,20_21,panelist,high,1,1,0,0,3.8764943815349575
20,10,22,20_22,panelist,none,1,0,0,1,4.3081399231722886
20,10,23,20_23,panelist,high,1,1,0,0,3.979358511319627
20,10,24,20_24,panelist,low,1,0,1,0,4.46586105242924
20,11,01,20_01,panelist,med,1,0,0,0,3.8728210673917416
20,11,02,20_02,panelist,none,1,0,0,1,4.518631501647346
20,11,03,20_03,panelist,low,1,0,1,0,4.040756049744808
20,11,04,20_04,panelist,low,1,0,1,0,3.8307713430959556
20,11,05,20_05,panelist,none,1,0,0,1,3.578585004128368
20,11,06,20_06,reviewer,high,0,1,0,0,4.221849211149326
20,11,07,20_07,panelist,low,1,0,1,0,3.746925435528205
20,11,08,20_08,panelist,med,1,0,0,0,3.907835072568398
20,11,09,20_09,panelist,med,1,0,0,0,4.307440933822868
20,11,10,20_10,panelist,med,1,0,0,0,3.680850407056917
20,11,11,20_11,panelist,med,1,0,0,0,3.5785900906527877
20,11,12,20_12,panelist,med,1,0,0,0,4.1587864955035
20,11,13,20_13,panelist,high,1,1,0,0,4.329294021532882
20,11,14,20_14,panelist,high,1,1,0,0,3.910507599225167
20,11,15,20_15,panelist,none,1,0,0,1,4.2043411718596655
20,11,16,20_16,panelist,med,1,0,0,0,3.937550325821006
20,11,17,20_17,reviewer,low,0,0,1,0,3.686045168707627
20,11,18,20_18,panelist,med,1,0,0,0,3.9132841274129655
20,11,19,20_19,panelist,med,1,0,0,0,3.913074345130628
20,11,20,20_20,reviewer,med,0,0,0,0,3.723016241435242
20,11,21,20_21,panelist,high,1,1,0,0,3.971903508983083
20,11,22,20_22,panelist,high,1,1,0,0,3.9701719232539436
20,11,23,20_23,panelist,high,1,1,0,0,4.130191089537144
20,11,24,20_24,panelist,none,1,0,0,1,4.484212645824968
20,12,01,20_01,panelist,none,1,0,0,1,4.387800666491252
20,12,02,20_02,panelist,high,1,1,0,0,4.404570366617302
20,12,03,20_03,panelist,high,1,1,0,0,3.768372778882555
20,12,04,20_04,panelist,med,1,0,0,0,4.043576111685655
20,12,05,20_05,panelist,med,1,0,0,0,3.9531244206759935
20,12,06,20_06,reviewer,none,0,0,0,1,4.299252302111686
20,12,07,20_07,panelist,low,1,0,1,0,3.66437292227618
20,12,08,20_08,panelist,none,1,0,0,1,4.653427859391648
20,12,09,20_09,panelist,low,1,0,1,0,4.639546220949879
20,12,10,20_10,panelist,med,1,0,0,0,4.073166162075212
20,12,11,20_11,panelist,high,1,1,0,0,3.806435209118238
20,12,12,20_12,panelist,med,1,0,0,0,4.459870834118459
20,12,13,20_13,reviewer,high,0,1,0,0,4.010370627041692
20,12,14,20_14,panelist,high,1,1,0,0,4.182938959513219
20,12,15,20_15,panelist,med,1,0,0,0,4.138137914336292
20,12,16,20_16,panelist,med,1,0,0,0,3.811295024375068
20,12,17,20_17,panelist,none,1,0,0,1,4.690128276062399
20,12,18,20_18,panelist,med,1,0,0,0,4.495720245918588
20,12,19,20_19,reviewer,high,0,1,0,0,3.528037302048584
20,12,20,20_20,panelist,low,1,0,1,0,4.3396231644484216
20,12,21,20_21,panelist,med,1,0,0,0,4.319720001775997
20,12,22,20_22,panelist,med,1,0,0,0,3.975702147399775
20,12,23,20_23,panelist,low,1,0,1,0,4.292005145783944
20,12,24,20_24,panelist,med,1,0,0,0,3.8971567671486027
20,13,01,20_01,panelist,high,1,1,0,0,4.236464926063102
20,13,02,20_02,reviewer,high,0,1,0,0,4.624183973056164
20,13,03,20_03,panelist,high,1,1,0,0,3.9869619118199675
20,13,04,20_04,panelist,none,1,0,0,1,4.395893545411586
20,13,05,20_05,panelist,low,1,0,1,0,4.101100651803106
20,13,06,20_06,reviewer,med,0,0,0,0,4.124343523247257
20,13,07,20_07,panelist,none,1,0,0,1,4.623256972107353
20,13,08,20_08,reviewer,med,0,0,0,0,4.15911692884653
20,13,09,20_09,panelist,low,1,0,1,0,4.8910507586601435
20,13,10,20_10,panelist,high,1,1,0,0,4.4550741582073226
20,13,11,20_11,panelist,med,1,0,0,0,3.9605658761716334
20,13,12,20_12,panelist,low,1,0,1,0,4.470646731768238
20,13,13,20_13,panelist,med,1,0,0,0,4.868453910322195
20,13,14,20_14,panelist,low,1,0,1,0,4.571646557794657
20,13,15,20_15,panelist,med,1,0,0,0,4.089287519341411
20,13,16,20_16,panelist,med,1,0,0,0,4.4931531176016355
20,13,17,20_17,panelist,none,1,0,0,1,4.566095765318927
20,13,18,20_18,panelist,high,1,1,0,0,4.338430386597724
20,13,19,20_19,panelist,med,1,0,0,0,4.372085663751881
20,13,20,20_20,panelist,high,1,1,0,0,4.383242960811588
20,13,21,20_21,panelist,med,1,0,0,0,4.195348197913877
20,13,22,20_22,panelist,none,1,0,0,1,4.824258317913145
20,13,23,20_23,panelist,med,1,0,0,0,4.227008616565209
20,13,24,20_24,panelist,med,1,0,0,0,4.404496635013277
20,14,01,20_01,panelist,med,1,0,0,0,4.027835156329854
20,14,02,20_02,panelist,none,1,0,0,1,4.389337957151114
20,14,03,20_03,panelist,med,1,0,0,0,4.068076939965425
20,14,04,20_04,panelist,high,1,1,0,0,3.7988884236858835
20,14,05,20_05,panelist,high,1,1,0,0,4.106308011605136
20,14,06,20_06,reviewer,med,0,0,0,0,3.6336121775323846
20,14,07,20_07,panelist,none,1,0,0,1,3.8761613355901696
20,14,08,20_08,reviewer,low,0,0,1,0,4.358907112901379
20,14,09,20_09,panelist,med,1,0,0,0,4.528852112646287
20,14,10,20_10,panelist,low,1,0,1,0,3.763441182123263
20,14,11,20_11,panelist,high,1,1,0,0,3.649827604341447
20,14,12,20_12,panelist,med,1,0,0,0,3.8641713279940477
20,14,13,20_13,panelist,none,1,0,0,1,4.310779820084233
20,14,14,20_14,panelist,high,1,1,0,0,4.112965840097766
20,14,15,20_15,panelist,high,1,1,0,0,4.063909523714517
20,14,16,20_16,panelist,med,1,0,0,0,3.7956767732945735
20,14,17,20_17,panelist,med,1,0,0,0,4.108748014185596
20,14,18,20_18,panelist,low,1,0,1,0,4.250068067212825
20,14,19,20_19,panelist,med,1,0,0,0,3.83218860043881
20,14,20,20_20,reviewer,none,0,0,0,1,4.170460157077269
20,14,21,20_21,panelist,high,1,1,0,0,3.6205988578076322
20,14,22,20_22,panelist,low,1,0,1,0,4.249165043234512
20,14,23,20_23,panelist,med,1,0,0,0,4.025113494036838
20,14,24,20_24,panelist,med,1,0,0,0,4.2089125623603145
20,15,01,20_01,panelist,med,1,0,0,0,3.7659085505279495
20,15,02,20_02,panelist,none,1,0,0,1,4.16059350577659
20,15,03,20_03,panelist,low,1,0,1,0,3.5114589605737647
20,15,04,20_04,panelist,high,1,1,0,0,3.538752410117953
20,15,05,20_05,panelist,med,1,0,0,0,3.6506522420306724
20,15,06,20_06,panelist,med,1,0,0,0,3.7891682366361117
20,15,07,20_07,panelist,none,1,0,0,1,3.744618391002485
20,15,08,20_08,panelist,med,1,0,0,0,3.872969695753997
20,15,09,20_09,panelist,low,1,0,1,0,4.1637495668376925
20,15,10,20_10,panelist,high,1,1,0,0,3.813194562513787
20,15,11,20_11,panelist,med,1,0,0,0,3.546530094650654
20,15,12,20_12,panelist,high,1,1,0,0,3.8390864343855746
20,15,13,20_13,panelist,med,1,0,0,0,3.819392615498219
20,15,14,20_14,panelist,none,1,0,0,1,4.155905449949493
20,15,15,20_15,panelist,med,1,0,0,0,3.52163382052782
20,15,16,20_16,panelist,high,1,1,0,0,3.5457653473402617
20,15,17,20_17,reviewer,none,0,0,0,1,3.550017466480221
20,15,18,20_18,reviewer,low,0,0,1,0,3.7339271503579647
20,15,19,20_19,reviewer,med,0,0,0,0,3.5776608131783867
20,15,20,20_20,panelist,high,1,1,0,0,4.080238916839796
20,15,21,20_21,panelist,high,1,1,0,0,3.5211366937294994
20,15,22,20_22,panelist,med,1,0,0,0,3.9875988711217074
20,15,23,20_23,panelist,med,1,0,0,0,3.9880613127321074
20,15,24,20_24,panelist,low,1,0,1,0,3.604615608911484
21,1,01,21_01,panelist,low,1,0,1,0,4.16146123741091
21,1,02,21_02,panelist,high,1,1,0,0,4.067477891998429
21,1,03,21_03,panelist,med,1,0,0,0,3.880481463534422
21,1,04,21_04,panelist,high,1,1,0,0,3.8737590348915814
21,1,05,21_05,panelist,med,1,0,0,0,4.005702429433981
21,1,06,21_06,panelist,low,1,0,1,0,4.488042656621986
21,1,07,21_07,panelist,med,1,0,0,0,3.7720775046689154
21,1,08,21_08,reviewer,high,0,1,0,0,3.698003178302128
21,1,09,21_09,panelist,none,1,0,0,1,4.45601620305217
21,1,10,21_10,panelist,med,1,0,0,0,4.064833799455772
21,1,11,21_11,panelist,low,1,0,1,0,3.6667929233325585
21,1,12,21_12,panelist,med,1,0,0,0,4.190737039096769
21,1,13,21_13,panelist,med,1,0,0,0,4.366819262360737
21,1,14,21_14,panelist,high,1,1,0,0,3.785623749686003
21,1,15,21_15,panelist,high,1,1,0,0,4.142756657907956
21,1,16,21_16,panelist,med,1,0,0,0,4.190161534289439
21,1,17,21_17,panelist,low,1,0,1,0,4.602539359709642
21,1,18,21_18,panelist,high,1,1,0,0,3.853387614976056
21,1,19,21_19,panelist,none,1,0,0,1,4.2929210711347725
21,1,20,21_20,panelist,med,1,0,0,0,4.183868903174561
21,1,21,21_21,reviewer,none,0,0,0,1,3.9640684538272457
21,1,22,21_22,reviewer,med,0,0,0,0,3.5939855462557913
21,1,23,21_23,panelist,none,1,0,0,1,4.522467518013686
21,1,24,21_24,panelist,med,1,0,0,0,4.268561704153561
21,2,01,21_01,panelist,none,1,0,0,1,3.945854660439732
21,2,02,21_02,panelist,med,1,0,0,0,4.50471154511214
21,2,03,21_03,panelist,med,1,0,0,0,3.983151328549641
21,2,04,21_04,panelist,low,1,0,1,0,3.5229594468481733
21,2,05,21_05,panelist,high,1,1,0,0,3.531159849854423
21,2,06,21_06,panelist,none,1,0,0,1,4.476697387370276
21,2,07,21_07,panelist,high,1,1,0,0,3.8823374466430103
21,2,08,21_08,reviewer,high,0,1,0,0,3.969615650180282
21,2,09,21_09,panelist,low,1,0,1,0,4.672017952699275
21,2,10,21_10,panelist,med,1,0,0,0,4.098323972710136
21,2,11,21_11,panelist,low,1,0,1,0,3.969084372612495
21,2,12,21_12,panelist,med,1,0,0,0,4.4575455672140825
21,2,13,21_13,panelist,med,1,0,0,0,4.555939129403197
21,2,14,21_14,panelist,med,1,0,0,0,4.54362744944121
21,2,15,21_15,reviewer,high,0,1,0,0,3.664593545646572
21,2,16,21_16,reviewer,med,0,0,0,0,4.154383451175349
21,2,17,21_17,panelist,med,1,0,0,0,4.0513255201876675
21,2,18,21_18,panelist,high,1,1,0,0,4.260627740631215
21,2,19,21_19,panelist,high,1,1,0,0,3.8356082298151035
21,2,20,21_20,panelist,low,1,0,1,0,4.399502653634924
21,2,21,21_21,panelist,med,1,0,0,0,4.363588501641576
21,2,22,21_22,panelist,med,1,0,0,0,4.153371318293114
21,2,23,21_23,panelist,none,1,0,0,1,4.508262832148701
21,2,24,21_24,panelist,none,1,0,0,1,4.179033353404524
21,3,01,21_01,panelist,none,1,0,0,1,4.489427074731269
21,3,02,21_02,panelist,none,1,0,0,1,4.864982678475644
21,3,03,21_03,panelist,high,1,1,0,0,3.9192887487235315
21,3,04,21_04,panelist,med,1,0,0,0,4.094036970772196
21,3,05,21_05,panelist,med,1,0,0,0,3.5815324823348864
21,3,06,21_06,panelist,med,1,0,0,0,3.93955466372674
21,3,07,21_07,panelist,high,1,1,0,0,4.0856578264109205
21,3,08,21_08,panelist,med,1,0,0,0,4.658157969580951
21,3,09,21_09,panelist,high,1,1,0,0,4.302498104130394
21,3,10,21_10,panelist,low,1,0,1,0,4.194225315290859
21,3,11,21_11,panelist,med,1,0,0,0,3.5096742102892255
21,3,12,21_12,panelist,low,1,0,1,0,4.178219843026223
21,3,13,21_13,panelist,med,1,0,0,0,4.443533734744735
21,3,14,21_14,panelist,none,1,0,0,1,4.413412134506245
21,3,15,21_15,panelist,med,1,0,0,0,3.688836939048336
21,3,16,21_16,reviewer,med,0,0,0,0,3.811660551265882
21,3,17,21_17,reviewer,med,0,0,0,0,3.98962659120482
21,3,18,21_18,panelist,low,1,0,1,0,4.074586257886066
21,3,19,21_19,panelist,high,1,1,0,0,3.7868938409577884
21,3,20,21_20,panelist,high,1,1,0,0,4.280793732308503
21,3,21,21_21,reviewer,med,0,0,0,0,3.9495799146937283
21,3,22,21_22,panelist,high,1,1,0,0,4.14859653961831
21,3,23,21_23,panelist,low,1,0,1,0,4.0515715961741705
21,3,24,21_24,panelist,none,1,0,0,1,3.9025308717703413
21,4,01,21_01,panelist,med,1,0,0,0,4.360019862904691
21,4,02,21_02,panelist,high,1,1,0,0,4.434064785989935
21,4,03,21_03,panelist,none,1,0,0,1,4.252238271738574
21,4,04,21_04,panelist,high,1,1,0,0,4.336882443516854
21,4,05,21_05,panelist,med,1,0,0,0,3.5652375902567357
21,4,06,21_06,panelist,med,1,0,0,0,3.839166424456237
21,4,07,21_07,panelist,med,1,0,0,0,3.8957620079776225
21,4,08,21_08,reviewer,low,0,0,1,0,4.282689502440134
21,4,09,21_09,panelist,high,1,1,0,0,4.419069827579816
21,4,10,21_10,panelist,low,1,0,1,0,4.630488740956346
21,4,11,21_11,panelist,none,1,0,0,1,4.200951528772161
21,4,12,21_12,reviewer,high,0,1,0,0,4.050215473163849
21,4,13,21_13,panelist,none,1,0,0,1,4.707980216090658
21,4,14,21_14,panelist,high,1,1,0,0,3.9596915385213594
21,4,15,21_15,panelist,med,1,0,0,0,4.138964257873126
21,4,16,21_16,panelist,low,1,0,1,0,4.756984297116547
21,4,17,21_17,panelist,low,1,0,1,0,4.281547174399441
21,4,18,21_18,panelist,none,1,0,0,1,4.651311920872474
21,4,19,21_19,panelist,med,1,0,0,0,4.011019823000573
21,4,20,21_20,panelist,med,1,0,0,0,4.176779619780169
21,4,21,21_21,panelist,med,1,0,0,0,4.326538761851031
21,4,22,21_22,panelist,med,1,0,0,0,4.3735158527703515
21,4,23,21_23,panelist,high,1,1,0,0,4.356008984695837
21,4,24,21_24,reviewer,med,0,0,0,0,3.773586997044794
21,5,01,21_01,panelist,low,1,0,1,0,3.8514428319782636
21,5,02,21_02,panelist,none,1,0,0,1,4.729437658255649
21,5,03,21_03,panelist,high,1,1,0,0,3.5501947437282046
21,5,04,21_04,panelist,med,1,0,0,0,3.7769037062133894
21,5,05,21_05,panelist,high,1,1,0,0,3.642436896099868
21,5,06,21_06,reviewer,high,0,1,0,0,3.992074450017172
21,5,07,21_07,panelist,high,1,1,0,0,3.6035615755899992
21,5,08,21_08,reviewer,med,0,0,0,0,3.6869093479519015
21,5,09,21_09,panelist,none,1,0,0,1,4.888394571433707
21,5,10,21_10,panelist,med,1,0,0,0,4.1410365334535415
21,5,11,21_11,panelist,med,1,0,0,0,3.807402115158131
21,5,12,21_12,panelist,high,1,1,0,0,4.025361732759593
21,5,13,21_13,panelist,none,1,0,0,1,4.389488328751092
21,5,14,21_14,reviewer,med,0,0,0,0,4.01605779250755
21,5,15,21_15,panelist,low,1,0,1,0,4.0569149440342
21,5,16,21_16,panelist,high,1,1,0,0,3.879403627056615
21,5,17,21_17,panelist,med,1,0,0,0,4.016995927133016
21,5,18,21_18,panelist,low,1,0,1,0,3.965684281516276
21,5,19,21_19,panelist,med,1,0,0,0,3.641840322871821
21,5,20,21_20,panelist,med,1,0,0,0,4.228480319657875
21,5,21,21_21,panelist,low,1,0,1,0,4.1900843323691666
21,5,22,21_22,panelist,med,1,0,0,0,4.196948844064128
21,5,23,21_23,panelist,none,1,0,0,1,4.281680514718419
21,5,24,21_24,panelist,med,1,0,0,0,3.743891096987782
21,6,01,21_01,panelist,high,1,1,0,0,4.133648267092928
21,6,02,21_02,panelist,none,1,0,0,1,4.755782230238993
21,6,03,21_03,reviewer,med,0,0,0,0,3.8272763014959716
21,6,04,21_04,panelist,high,1,1,0,0,3.800846894780581
21,6,05,21_05,panelist,med,1,0,0,0,3.9025985222614286
21,6,06,21_06,reviewer,med,0,0,0,0,4.486181762946224
21,6,07,21_07,panelist,none,1,0,0,1,4.543747619997766
21,6,08,21_08,panelist,med,1,0,0,0,4.713511195071531
21,6,09,21_09,panelist,low,1,0,1,0,4.802947297940033
21,6,10,21_10,panelist,high,1,1,0,0,3.9838963094717084
21,6,11,21_11,panelist,none,1,0,0,1,4.328018974086259
21,6,12,21_12,panelist,high,1,1,0,0,3.7643872689287408
21,6,13,21_13,panelist,low,1,0,1,0,4.662382519125286
21,6,14,21_14,panelist,high,1,1,0,0,4.526247456641164
21,6,15,21_15,panelist,low,1,0,1,0,4.362991406113266
21,6,16,21_16,panelist,low,1,0,1,0,4.559251982251402
21,6,17,21_17,panelist,high,1,1,0,0,4.531371207929685
21,6,18,21_18,panelist,med,1,0,0,0,4.24703592094733
21,6,19,21_19,reviewer,med,0,0,0,0,3.5744274688306916
21,6,20,21_20,panelist,med,1,0,0,0,4.701938588909544
21,6,21,21_21,panelist,med,1,0,0,0,4.28801983025907
21,6,22,21_22,panelist,med,1,0,0,0,4.3708162551906184
21,6,23,21_23,panelist,med,1,0,0,0,4.767203304194907
21,6,24,21_24,panelist,none,1,0,0,1,4.106205170028796
21,7,01,21_01,panelist,med,1,0,0,0,4.581987616675934
21,7,02,21_02,panelist,med,1,0,0,0,4.866184894686402
21,7,03,21_03,panelist,med,1,0,0,0,4.427956658366009
21,7,04,21_04,panelist,high,1,1,0,0,4.4038134585138495
21,7,05,21_05,panelist,med,1,0,0,0,3.9966750995013314
21,7,06,21_06,panelist,none,1,0,0,1,4.791967162258499
21,7,07,21_07,panelist,none,1,0,0,1,4.676509799357007
21,7,08,21_08,reviewer,high,0,1,0,0,4.611625470786211
21,7,09,21_09,panelist,none,1,0,0,1,4.839890536164853
21,7,10,21_10,panelist,med,1,0,0,0,4.479172409957224
21,7,11,21_11,panelist,med,1,0,0,0,4.146700015559425
21,7,12,21_12,panelist,med,1,0,0,0,4.430991480050747
21,7,13,21_13,panelist,med,1,0,0,0,4.740465983555303
21,7,14,21_14,panelist,high,1,1,0,0,4.330302274722858
21,7,15,21_15,panelist,low,1,0,1,0,4.566257657369366
21,7,16,21_16,reviewer,low,0,0,1,0,4.355915489196343
21,7,17,21_17,panelist,med,1,0,0,0,4.8849912574272665
21,7,18,21_18,panelist,high,1,1,0,0,4.673533326054169
21,7,19,21_19,panelist,high,1,1,0,0,4.196258103235073
21,7,20,21_20,panelist,med,1,0,0,0,4.642047884792058
21,7,21,21_21,panelist,high,1,1,0,0,4.398151072890041
21,7,22,21_22,panelist,low,1,0,1,0,4.557129482537577
21,7,23,21_23,reviewer,none,0,0,0,1,4.273418943583569
21,7,24,21_24,panelist,low,1,0,1,0,4.165174286794971
21,8,01,21_01,panelist,med,1,0,0,0,3.5477677591169146
21,8,02,21_02,reviewer,none,0,0,0,1,4.310838441803544
21,8,03,21_03,panelist,low,1,0,1,0,3.62347383187591
21,8,04,21_04,panelist,none,1,0,0,1,3.9577959087659025
21,8,05,21_05,panelist,med,1,0,0,0,3.821069844004213
21,8,06,21_06,reviewer,high,0,1,0,0,3.982726772345149
21,8,07,21_07,panelist,med,1,0,0,0,3.795936072175369
21,8,08,21_08,panelist,med,1,0,0,0,3.8782682420233283
21,8,09,21_09,panelist,med,1,0,0,0,4.207688382924488
21,8,10,21_10,panelist,none,1,0,0,1,3.9723207621554195
21,8,11,21_11,panelist,med,1,0,0,0,3.586124491834589
21,8,12,21_12,panelist,high,1,1,0,0,3.7792929611050523
21,8,13,21_13,panelist,low,1,0,1,0,4.584738631079268
21,8,14,21_14,panelist,high,1,1,0,0,3.644478116948793
21,8,15,21_15,panelist,med,1,0,0,0,3.6344020319682793
21,8,16,21_16,panelist,low,1,0,1,0,4.176381145055605
21,8,17,21_17,panelist,high,1,1,0,0,3.70321160149487
21,8,18,21_18,panelist,med,1,0,0,0,4.001884731851373
21,8,19,21_19,panelist,med,1,0,0,0,3.611999762847234
21,8,20,21_20,panelist,high,1,1,0,0,4.10283033841912
21,8,21,21_21,panelist,low,1,0,1,0,4.287109183561603
21,8,22,21_22,panelist,med,1,0,0,0,3.6845321737260073
21,8,23,21_23,panelist,none,1,0,0,1,4.018754947578157
21,8,24,21_24,reviewer,high,0,1,0,0,3.508903438171098
21,9,01,21_01,panelist,med,1,0,0,0,4.349418146190615
21,9,02,21_02,panelist,high,1,1,0,0,4.588965222909722
21,9,03,21_03,panelist,high,1,1,0,0,4.279688754589714
21,9,04,21_04,panelist,high,1,1,0,0,3.904491298126623
21,9,05,21_05,panelist,med,1,0,0,0,4.207014032656661
21,9,06,21_06,reviewer,none,0,0,0,1,4.524116842658671
21,9,07,21_07,panelist,med,1,0,0,0,4.155686556999625
21,9,08,21_08,panelist,low,1,0,1,0,4.384065148632401
21,9,09,21_09,reviewer,low,0,0,1,0,4.857540780986622
21,9,10,21_10,panelist,none,1,0,0,1,4.471332536494013
21,9,11,21_11,panelist,med,1,0,0,0,3.8532844085246065
21,9,12,21_12,panelist,low,1,0,1,0,4.652517376192478
21,9,13,21_13,panelist,med,1,0,0,0,4.450230860667409
21,9,14,21_14,panelist,med,1,0,0,0,4.349493763544494
21,9,15,21_15,panelist,none,1,0,0,1,4.365609665506669
21,9,16,21_16,panelist,med,1,0,0,0,4.711055742941237
21,9,17,21_17,panelist,low,1,0,1,0,4.483936976779412
21,9,18,21_18,panelist,high,1,1,0,0,4.514402875991977
21,9,19,21_19,panelist,high,1,1,0,0,4.0277552110299295
21,9,20,21_20,panelist,med,1,0,0,0,4.533497475302465
21,9,21,21_21,panelist,med,1,0,0,0,4.871779819059694
21,9,22,21_22,panelist,high,1,1,0,0,4.1969916742720565
21,9,23,21_23,reviewer,none,0,0,0,1,4.537102218405437
21,9,24,21_24,panelist,med,1,0,0,0,4.369451411207625
21,10,01,21_01,panelist,med,1,0,0,0,3.5383272504794334
21,10,02,21_02,panelist,high,1,1,0,0,4.287055151225041
21,10,03,21_03,panelist,none,1,0,0,1,3.7329496145127408
21,10,04,21_04,panelist,med,1,0,0,0,4.176996839568092
21,10,05,21_05,panelist,med,1,0,0,0,3.5066291067925754
21,10,06,21_06,panelist,none,1,0,0,1,4.402184200373372
21,10,07,21_07,panelist,none,1,0,0,1,4.280858626813151
21,10,08,21_08,panelist,med,1,0,0,0,4.293557568405807
21,10,09,21_09,panelist,med,1,0,0,0,4.540571720928268
21,10,10,21_10,panelist,low,1,0,1,0,4.2655650339924005
21,10,11,21_11,reviewer,low,0,0,1,0,3.543665950961507
21,10,12,21_12,panelist,low,1,0,1,0,4.166172324232994
21,10,13,21_13,reviewer,low,0,0,1,0,4.545641818428852
21,10,14,21_14,panelist,high,1,1,0,0,3.543624767787275
21,10,15,21_15,panelist,med,1,0,0,0,3.988499162917108
21,10,16,21_16,panelist,med,1,0,0,0,3.917613347214809
21,10,17,21_17,panelist,med,1,0,0,0,3.9305821002171673
21,10,18,21_18,panelist,med,1,0,0,0,4.092845911633478
21,10,19,21_19,panelist,high,1,1,0,0,3.7553838870418224
21,10,20,21_20,panelist,high,1,1,0,0,4.400242565063316
21,10,21,21_21,panelist,med,1,0,0,0,4.033467127523963
21,10,22,21_22,panelist,high,1,1,0,0,3.9910444329374974
21,10,23,21_23,panelist,high,1,1,0,0,4.260191803010624
21,10,24,21_24,reviewer,none,0,0,0,1,3.919610354735232
21,11,01,21_01,panelist,none,1,0,0,1,3.9578430959679403
21,11,02,21_02,panelist,med,1,0,0,0,4.403788775813848
21,11,03,21_03,panelist,med,1,0,0,0,3.972269857425309
21,11,04,21_04,panelist,med,1,0,0,0,3.8227081878411417
21,11,05,21_05,panelist,med,1,0,0,0,3.826667643776408
21,11,06,21_06,panelist,med,1,0,0,0,4.262584995777409
21,11,07,21_07,panelist,none,1,0,0,1,3.8772267964708056
21,11,08,21_08,reviewer,low,0,0,1,0,3.9601928285191685
21,11,09,21_09,panelist,high,1,1,0,0,4.243451683001487
21,11,10,21_10,panelist,med,1,0,0,0,3.8745479898138706
21,11,11,21_11,panelist,low,1,0,1,0,3.9473650018501885
21,11,12,21_12,reviewer,med,0,0,0,0,3.8526558431188356
21,11,13,21_13,panelist,high,1,1,0,0,4.40157637388027
21,11,14,21_14,panelist,high,1,1,0,0,4.247139082796388
21,11,15,21_15,panelist,med,1,0,0,0,3.9546034001237875
21,11,16,21_16,panelist,high,1,1,0,0,3.8787245949825038
21,11,17,21_17,panelist,none,1,0,0,1,4.184450989772918
21,11,18,21_18,panelist,low,1,0,1,0,4.114880546632997
21,11,19,21_19,panelist,none,1,0,0,1,4.0539675734591345
21,11,20,21_20,reviewer,low,0,0,1,0,4.322011916720465
21,11,21,21_21,panelist,high,1,1,0,0,3.6682942075796467
21,11,22,21_22,panelist,high,1,1,0,0,3.687060039255587
21,11,23,21_23,panelist,med,1,0,0,0,4.06579880095314
21,11,24,21_24,panelist,med,1,0,0,0,3.618716666704443
21,12,01,21_01,panelist,none,1,0,0,1,4.257069634649124
21,12,02,21_02,panelist,high,1,1,0,0,4.304314180230651
21,12,03,21_03,panelist,med,1,0,0,0,3.819873798389611
21,12,04,21_04,panelist,low,1,0,1,0,3.874738951623026
21,12,05,21_05,panelist,low,1,0,1,0,4.139253585845689
21,12,06,21_06,panelist,high,1,1,0,0,4.345003545397257
21,12,07,21_07,panelist,low,1,0,1,0,3.709804450326536
21,12,08,21_08,reviewer,med,0,0,0,0,4.134979386048116
21,12,09,21_09,panelist,med,1,0,0,0,4.809975980151064
21,12,10,21_10,panelist,high,1,1,0,0,3.8519442127556065
21,12,11,21_11,panelist,med,1,0,0,0,3.8311309454388045
21,12,12,21_12,panelist,med,1,0,0,0,3.972590084000918
21,12,13,21_13,panelist,high,1,1,0,0,4.632182119387119
21,12,14,21_14,panelist,none,1,0,0,1,4.579444891388834
21,12,15,21_15,panelist,med,1,0,0,0,4.264913907032018
21,12,16,21_16,panelist,none,1,0,0,1,4.461986922254089
21,12,17,21_17,panelist,low,1,0,1,0,4.204795251602183
21,12,18,21_18,panelist,med,1,0,0,0,4.073721821929482
21,12,19,21_19,panelist,high,1,1,0,0,3.637937066599999
21,12,20,21_20,panelist,med,1,0,0,0,4.240927023476322
21,12,21,21_21,reviewer,med,0,0,0,0,4.280253778627455
21,12,22,21_22,panelist,high,1,1,0,0,4.046208242750171
21,12,23,21_23,panelist,med,1,0,0,0,4.294851456684437
21,12,24,21_24,reviewer,none,0,0,0,1,3.83089548198482
21,13,01,21_01,panelist,med,1,0,0,0,3.601374145256754
21,13,02,21_02,panelist,med,1,0,0,0,4.635436892048426
21,13,03,21_03,panelist,none,1,0,0,1,4.250719456325839
21,13,04,21_04,panelist,none,1,0,0,1,4.633100626665308
21,13,05,21_05,panelist,high,1,1,0,0,4.165825632264112
21,13,06,21_06,reviewer,med,0,0,0,0,4.174308763740869
21,13,07,21_07,panelist,high,1,1,0,0,4.359983872238153
21,13,08,21_08,panelist,none,1,0,0,1,4.669165983669106
21,13,09,21_09,panelist,high,1,1,0,0,4.812066725065287
21,13,10,21_10,panelist,high,1,1,0,0,4.299687190760001
21,13,11,21_11,panelist,none,1,0,0,1,3.939039046565248
21,13,12,21_12,panelist,med,1,0,0,0,4.113408097288886
21,13,13,21_13,panelist,high,1,1,0,0,4.656722824444686
21,13,14,21_14,panelist,med,1,0,0,0,4.426154467119027
21,13,15,21_15,reviewer,med,0,0,0,0,4.33971258575481
21,13,16,21_16,panelist,med,1,0,0,0,4.370211755104276
21,13,17,21_17,panelist,low,1,0,1,0,4.361182711834707
21,13,18,21_18,panelist,high,1,1,0,0,4.33239297384137
21,13,19,21_19,panelist,low,1,0,1,0,3.8935723386872305
21,13,20,21_20,panelist,med,1,0,0,0,4.136495855430439
21,13,21,21_21,panelist,low,1,0,1,0,4.590897941016427
21,13,22,21_22,panelist,med,1,0,0,0,4.6402898910699015
21,13,23,21_23,panelist,med,1,0,0,0,4.189891910904266
21,13,24,21_24,reviewer,low,0,0,1,0,4.175376293851808
21,14,01,21_01,panelist,low,1,0,1,0,3.8543485915441824
21,14,02,21_02,panelist,med,1,0,0,0,4.280177339618038
21,14,03,21_03,panelist,med,1,0,0,0,3.6915353430720184
21,14,04,21_04,panelist,med,1,0,0,0,4.074506984796742
21,14,05,21_05,panelist,med,1,0,0,0,3.82896738949991
21,14,06,21_06,panelist,low,1,0,1,0,4.479234722488456
21,14,07,21_07,panelist,none,1,0,0,1,4.173525945145755
21,14,08,21_08,panelist,med,1,0,0,0,4.356879158339726
21,14,09,21_09,panelist,low,1,0,1,0,4.53588131159263
21,14,10,21_10,panelist,high,1,1,0,0,3.936210601547395
21,14,11,21_11,panelist,med,1,0,0,0,3.5371179547231404
21,14,12,21_12,panelist,high,1,1,0,0,3.666552682518487
21,14,13,21_13,reviewer,low,0,0,1,0,4.17882776709689
21,14,14,21_14,panelist,high,1,1,0,0,4.034117366239535
21,14,15,21_15,panelist,high,1,1,0,0,3.7299097421882745
21,14,16,21_16,reviewer,high,0,1,0,0,3.7869820680697552
21,14,17,21_17,panelist,med,1,0,0,0,3.852208309781498
21,14,18,21_18,reviewer,none,0,0,0,1,3.743745925924919
21,14,19,21_19,panelist,none,1,0,0,1,3.7917242793489288
21,14,20,21_20,panelist,none,1,0,0,1,4.140427601961391
21,14,21,21_21,panelist,high,1,1,0,0,4.117209174219122
21,14,22,21_22,panelist,med,1,0,0,0,4.0457025997697595
21,14,23,21_23,panelist,med,1,0,0,0,3.791291636439317
21,14,24,21_24,panelist,med,1,0,0,0,3.583403526633928
21,15,01,21_01,panelist,med,1,0,0,0,3.5602863034539065
21,15,02,21_02,panelist,med,1,0,0,0,4.093537180743631
21,15,03,21_03,panelist,none,1,0,0,1,3.5814442675449785
21,15,04,21_04,panelist,high,1,1,0,0,3.5090691022058946
21,15,05,21_05,panelist,med,1,0,0,0,3.531953550084745
21,15,06,21_06,panelist,high,1,1,0,0,4.159408359667554
21,15,07,21_07,panelist,med,1,0,0,0,3.549256863758765
21,15,08,21_08,panelist,med,1,0,0,0,3.8058416292177526
21,15,09,21_09,panelist,none,1,0,0,1,4.292628236186338
21,15,10,21_10,reviewer,high,0,1,0,0,3.5352010606202624
21,15,11,21_11,panelist,low,1,0,1,0,3.7658568907496237
21,15,12,21_12,panelist,med,1,0,0,0,3.583688412508491
21,15,13,21_13,panelist,low,1,0,1,0,4.30471260560847
21,15,14,21_14,reviewer,med,0,0,0,0,3.7073774015564926
21,15,15,21_15,panelist,none,1,0,0,1,3.9878528929328154
21,15,16,21_16,panelist,med,1,0,0,0,3.8272190933281007
21,15,17,21_17,panelist,low,1,0,1,0,4.098574134715654
21,15,18,21_18,panelist,high,1,1,0,0,3.548467747479957
21,15,19,21_19,panelist,low,1,0,1,0,3.6597314569240136
21,15,20,21_20,panelist,high,1,1,0,0,3.8763799675814203
21,15,21,21_21,panelist,med,1,0,0,0,3.7152746595580597
21,15,22,21_22,reviewer,med,0,0,0,0,3.729898914984034
21,15,23,21_23,panelist,none,1,0,0,1,3.9703076817865086
21,15,24,21_24,panelist,high,1,1,0,0,3.5555469763960104
22,1,01,22_01,panelist,med,1,0,0,0,3.9488293516544517
22,1,02,22_02,panelist,low,1,0,1,0,4.789298747324326
22,1,03,22_03,panelist,high,1,1,0,0,3.5212474523957513
22,1,04,22_04,panelist,high,1,1,0,0,3.5917140569024526
22,1,05,22_05,reviewer,med,0,0,0,0,3.5945445944117176
22,1,06,22_06,panelist,low,1,0,1,0,4.2950633587447715
22,1,07,22_07,panelist,none,1,0,0,1,4.206691726815153
22,1,08,22_08,panelist,none,1,0,0,1,4.492182831549659
22,1,09,22_09,panelist,none,1,0,0,1,4.779781239881468
22,1,10,22_10,panelist,med,1,0,0,0,3.993323783104164
22,1,11,22_11,panelist,med,1,0,0,0,3.803961653286869
22,1,12,22_12,panelist,med,1,0,0,0,4.079799852603157
22,1,13,22_13,panelist,low,1,0,1,0,4.524252207893503
22,1,14,22_14,panelist,med,1,0,0,0,4.0156397066725855
22,1,15,22_15,panelist,med,1,0,0,0,4.404912776686617
22,1,16,22_16,panelist,none,1,0,0,1,3.979675869322942
22,1,17,22_17,panelist,low,1,0,1,0,4.355848574104904
22,1,18,22_18,reviewer,high,0,1,0,0,4.10278361859457
22,1,19,22_19,panelist,med,1,0,0,0,3.8617840102855134
22,1,20,22_20,panelist,med,1,0,0,0,4.454381558634258
22,1,21,22_21,panelist,med,1,0,0,0,3.754253279900503
22,1,22,22_22,reviewer,high,0,1,0,0,4.2584512768238705
22,1,23,22_23,panelist,high,1,1,0,0,3.9972853025139714
22,1,24,22_24,panelist,high,1,1,0,0,3.6704895651048988
22,2,01,22_01,panelist,med,1,0,0,0,4.331759802529254
22,2,02,22_02,panelist,low,1,0,1,0,4.219680784883515
22,2,03,22_03,panelist,none,1,0,0,1,3.8573912716065024
22,2,04,22_04,panelist,med,1,0,0,0,3.9752514247739126
22,2,05,22_05,panelist,low,1,0,1,0,3.8101135334722667
22,2,06,22_06,panelist,med,1,0,0,0,4.062137266384407
22,2,07,22_07,panelist,high,1,1,0,0,3.7065672984788374
22,2,08,22_08,panelist,low,1,0,1,0,4.480243929527223
22,2,09,22_09,panelist,none,1,0,0,1,4.8663423420268614
22,2,10,22_10,panelist,med,1,0,0,0,4.066279316128057
22,2,11,22_11,reviewer,med,0,0,0,0,3.90610425449247
22,2,12,22_12,reviewer,high,0,1,0,0,3.8571308046662227
22,2,13,22_13,panelist,med,1,0,0,0,4.371105779793811
22,2,14,22_14,panelist,high,1,1,0,0,4.103659099793894
22,2,15,22_15,panelist,med,1,0,0,0,4.10010746265835
22,2,16,22_16,reviewer,low,0,0,1,0,4.107050569377157
22,2,17,22_17,panelist,med,1,0,0,0,3.932533522307619
22,2,18,22_18,panelist,med,1,0,0,0,4.5326949875180524
22,2,19,22_19,panelist,high,1,1,0,0,3.733505130026244
22,2,20,22_20,panelist,high,1,1,0,0,4.121972792604098
22,2,21,22_21,panelist,med,1,0,0,0,4.368744384247978
22,2,22,22_22,panelist,none,1,0,0,1,4.38940288376623
22,2,23,22_23,panelist,high,1,1,0,0,4.056263262518509
22,2,24,22_24,panelist,none,1,0,0,1,4.363181226381124
22,3,01,22_01,panelist,low,1,0,1,0,3.7609288431270373
22,3,02,22_02,reviewer,med,0,0,0,0,4.594660897857677
22,3,03,22_03,panelist,high,1,1,0,0,3.9161576296482434
22,3,04,22_04,panelist,high,1,1,0,0,3.930296228436659
22,3,05,22_05,panelist,med,1,0,0,0,3.7645902491385157
22,3,06,22_06,panelist,high,1,1,0,0,4.327753663384063
22,3,07,22_07,reviewer,med,0,0,0,0,3.661660482211144
22,3,08,22_08,panelist,none,1,0,0,1,4.497386598551937
22,3,09,22_09,panelist,med,1,0,0,0,4.476410812157851
22,3,10,22_10,panelist,none,1,0,0,1,4.08246855025415
22,3,11,22_11,panelist,med,1,0,0,0,3.757284383190885
22,3,12,22_12,panelist,med,1,0,0,0,3.8363337716672143
22,3,13,22_13,panelist,none,1,0,0,1,4.84250352219343
22,3,14,22_14,panelist,med,1,0,0,0,4.198770170131267
22,3,15,22_15,panelist,low,1,0,1,0,4.343371049928718
22,3,16,22_16,panelist,med,1,0,0,0,3.6219449805218686
22,3,17,22_17,panelist,high,1,1,0,0,3.743913104952236
22,3,18,22_18,panelist,med,1,0,0,0,4.286834594312929
22,3,19,22_19,panelist,low,1,0,1,0,3.5568586505325692
22,3,20,22_20,panelist,high,1,1,0,0,4.055723814447242
22,3,21,22_21,panelist,none,1,0,0,1,4.380192332121386
22,3,22,22_22,panelist,low,1,0,1,0,4.042546039056591
22,3,23,22_23,panelist,high,1,1,0,0,3.8407514064998294
22,3,24,22_24,reviewer,med,0,0,0,0,3.5129536070678347
22,4,01,22_01,panelist,high,1,1,0,0,3.9098895509764273
22,4,02,22_02,panelist,low,1,0,1,0,4.72570141635916
22,4,03,22_03,panelist,low,1,0,1,0,3.9585786708297888
22,4,04,22_04,panelist,med,1,0,0,0,4.0644524168801475
22,4,05,22_05,panelist,high,1,1,0,0,3.622705743450164
22,4,06,22_06,panelist,med,1,0,0,0,4.153270966429669
22,4,07,22_07,panelist,med,1,0,0,0,3.80985656472948
22,4,08,22_08,panelist,none,1,0,0,1,4.4922556959431965
22,4,09,22_09,panelist,none,1,0,0,1,4.5667461296342005
22,4,10,22_10,reviewer,med,0,0,0,0,4.27208557557482
22,4,11,22_11,panelist,med,1,0,0,0,4.0464499820116435
22,4,12,22_12,panelist,none,1,0,0,1,4.390049275729303
22,4,13,22_13,panelist,med,1,0,0,0,4.681899334848539
22,4,14,22_14,reviewer,low,0,0,1,0,4.201865603936426
22,4,15,22_15,panelist,med,1,0,0,0,4.255602788792067
22,4,16,22_16,reviewer,med,0,0,0,0,4.004061478229559
22,4,17,22_17,panelist,med,1,0,0,0,4.0632685994122175
22,4,18,22_18,panelist,high,1,1,0,0,4.4334958222568215
22,4,19,22_19,panelist,low,1,0,1,0,3.5145128313579974
22,4,20,22_20,panelist,high,1,1,0,0,3.9941684340966903
22,4,21,22_21,panelist,med,1,0,0,0,3.989131426005586
22,4,22,22_22,panelist,none,1,0,0,1,4.376532983264929
22,4,23,22_23,panelist,high,1,1,0,0,4.523480236367059
22,4,24,22_24,panelist,high,1,1,0,0,3.8933921106614457
22,5,01,22_01,panelist,high,1,1,0,0,3.542023992259829
22,5,02,22_02,panelist,high,1,1,0,0,4.067655934121514
22,5,03,22_03,panelist,med,1,0,0,0,3.9839535632055143
22,5,04,22_04,panelist,med,1,0,0,0,4.144358277112325
22,5,05,22_05,reviewer,med,0,0,0,0,3.7654030347942324
22,5,06,22_06,panelist,low,1,0,1,0,3.872542774828888
22,5,07,22_07,panelist,med,1,0,0,0,3.6995044469094682
22,5,08,22_08,panelist,med,1,0,0,0,4.256549563923183
22,5,09,22_09,panelist,none,1,0,0,1,4.507435923972739
22,5,10,22_10,panelist,med,1,0,0,0,4.1530363750043735
22,5,11,22_11,panelist,low,1,0,1,0,3.8415918522135417
22,5,12,22_12,panelist,med,1,0,0,0,3.864507956664284
22,5,13,22_13,panelist,med,1,0,0,0,4.176716245678957
22,5,14,22_14,panelist,high,1,1,0,0,3.591598563941966
22,5,15,22_15,panelist,high,1,1,0,0,3.790540847853583
22,5,16,22_16,panelist,med,1,0,0,0,3.8469287032917876
22,5,17,22_17,panelist,none,1,0,0,1,4.284614812996256
22,5,18,22_18,reviewer,none,0,0,0,1,3.9644773550441386
22,5,19,22_19,panelist,high,1,1,0,0,3.503619431544898
22,5,20,22_20,panelist,high,1,1,0,0,4.076213468099318
22,5,21,22_21,panelist,med,1,0,0,0,3.9866206589012942
22,5,22,22_22,panelist,low,1,0,1,0,4.245297669079974
22,5,23,22_23,reviewer,low,0,0,1,0,3.78828665190592
22,5,24,22_24,panelist,none,1,0,0,1,4.084161264647874
22,6,01,22_01,panelist,low,1,0,1,0,4.491462161795195
22,6,02,22_02,panelist,low,1,0,1,0,4.7074444865590825
22,6,03,22_03,reviewer,none,0,0,0,1,3.8289860150322603
22,6,04,22_04,panelist,med,1,0,0,0,4.497285668799279
22,6,05,22_05,panelist,none,1,0,0,1,4.668463028340795
22,6,06,22_06,panelist,med,1,0,0,0,4.251419066553651
22,6,07,22_07,panelist,high,1,1,0,0,4.067744387479268
22,6,08,22_08,panelist,low,1,0,1,0,4.653669951348088
22,6,09,22_09,panelist,high,1,1,0,0,4.572666479023035
22,6,10,22_10,panelist,high,1,1,0,0,4.314733138039966
22,6,11,22_11,panelist,med,1,0,0,0,4.135775596492087
22,6,12,22_12,panelist,med,1,0,0,0,3.949361943424136
22,6,13,22_13,panelist,low,1,0,1,0,4.650480861920518
22,6,14,22_14,panelist,high,1,1,0,0,4.1679346233848635
22,6,15,22_15,panelist,med,1,0,0,0,4.451241267103107
22,6,16,22_16,panelist,none,1,0,0,1,4.016209458409048
22,6,17,22_17,panelist,med,1,0,0,0,4.327101983242086
22,6,18,22_18,panelist,med,1,0,0,0,4.290925653692185
22,6,19,22_19,panelist,med,1,0,0,0,3.827783345420633
22,6,20,22_20,reviewer,med,0,0,0,0,4.340376737923695
22,6,21,22_21,reviewer,high,0,1,0,0,3.841899693653864
22,6,22,22_22,panelist,med,1,0,0,0,4.373100379311799
22,6,23,22_23,panelist,none,1,0,0,1,4.754367478657368
22,6,24,22_24,panelist,high,1,1,0,0,3.9288928528133997
22,7,01,22_01,panelist,low,1,0,1,0,4.513903104546127
22,7,02,22_02,panelist,high,1,1,0,0,4.613421675297826
22,7,03,22_03,panelist,high,1,1,0,0,3.8874459369644243
22,7,04,22_04,panelist,med,1,0,0,0,4.26241161382232
22,7,05,22_05,panelist,high,1,1,0,0,4.782526527411311
22,7,06,22_06,panelist,med,1,0,0,0,4.452081262311054
22,7,07,22_07,panelist,low,1,0,1,0,4.214999648323814
22,7,08,22_08,reviewer,high,0,1,0,0,4.292361174861539
22,7,09,22_09,panelist,high,1,1,0,0,4.641034531660751
22,7,10,22_10,reviewer,none,0,0,0,1,4.873355456051349
22,7,11,22_11,panelist,low,1,0,1,0,4.241297097721626
22,7,12,22_12,panelist,med,1,0,0,0,4.685309625735208
22,7,13,22_13,panelist,med,1,0,0,0,4.881074951506994
22,7,14,22_14,panelist,none,1,0,0,1,4.497458318010367
22,7,15,22_15,panelist,med,1,0,0,0,4.541059257265456
22,7,16,22_16,panelist,low,1,0,1,0,4.521613759242466
22,7,17,22_17,reviewer,none,0,0,0,1,4.553988893992811
22,7,18,22_18,panelist,med,1,0,0,0,4.780575164352795
22,7,19,22_19,panelist,high,1,1,0,0,4.551369954518744
22,7,20,22_20,panelist,med,1,0,0,0,4.581859806317926
22,7,21,22_21,panelist,med,1,0,0,0,4.828378983033949
22,7,22,22_22,panelist,med,1,0,0,0,4.4515077627105715
22,7,23,22_23,panelist,none,1,0,0,1,4.642845966749396
22,7,24,22_24,panelist,med,1,0,0,0,3.8320421554938253
22,8,01,22_01,panelist,low,1,0,1,0,3.84991703324085
22,8,02,22_02,panelist,high,1,1,0,0,4.004743457196147
22,8,03,22_03,reviewer,med,0,0,0,0,3.5150969214233263
22,8,04,22_04,panelist,high,1,1,0,0,3.7701247304135133
22,8,05,22_05,panelist,high,1,1,0,0,3.73557007105921
22,8,06,22_06,panelist,med,1,0,0,0,3.9738093173102955
22,8,07,22_07,panelist,med,1,0,0,0,3.7024770943867917
22,8,08,22_08,reviewer,high,0,1,0,0,3.8476266503648087
22,8,09,22_09,panelist,med,1,0,0,0,4.049703497920943
22,8,10,22_10,panelist,low,1,0,1,0,3.5498549706955767
22,8,11,22_11,panelist,none,1,0,0,1,3.7899913613342773
22,8,12,22_12,panelist,low,1,0,1,0,3.8276620773983523
22,8,13,22_13,panelist,med,1,0,0,0,4.307066000004327
22,8,14,22_14,panelist,none,1,0,0,1,4.208124106791183
22,8,15,22_15,panelist,none,1,0,0,1,3.843423623544517
22,8,16,22_16,panelist,high,1,1,0,0,4.1097093542097065
22,8,17,22_17,panelist,med,1,0,0,0,3.797408095892906
22,8,18,22_18,panelist,high,1,1,0,0,3.8361477540036
22,8,19,22_19,panelist,none,1,0,0,1,3.6092205073014316
22,8,20,22_20,panelist,med,1,0,0,0,3.928698690680315
22,8,21,22_21,panelist,med,1,0,0,0,3.7215388293327423
22,8,22,22_22,panelist,med,1,0,0,0,4.077514507050053
22,8,23,22_23,reviewer,low,0,0,1,0,3.61320257424369
22,8,24,22_24,panelist,med,1,0,0,0,3.514830632904359
22,9,01,22_01,panelist,high,1,1,0,0,4.130254970284246
22,9,02,22_02,panelist,med,1,0,0,0,4.580823880132979
22,9,03,22_03,panelist,none,1,0,0,1,4.0623420247864015
22,9,04,22_04,panelist,med,1,0,0,0,4.035421227740699
22,9,05,22_05,panelist,med,1,0,0,0,4.130391045478504
22,9,06,22_06,panelist,high,1,1,0,0,4.295580484042879
22,9,07,22_07,panelist,none,1,0,0,1,4.510965239343165
22,9,08,22_08,panelist,med,1,0,0,0,4.742242118964447
22,9,09,22_09,panelist,med,1,0,0,0,4.8514188364530915
22,9,10,22_10,panelist,none,1,0,0,1,4.709814901506986
22,9,11,22_11,panelist,high,1,1,0,0,3.8795322539361052
22,9,12,22_12,panelist,low,1,0,1,0,4.349438169326961
22,9,13,22_13,panelist,high,1,1,0,0,4.650143090281822
22,9,14,22_14,panelist,med,1,0,0,0,4.541474422685113
22,9,15,22_15,panelist,med,1,0,0,0,4.560813294952176
22,9,16,22_16,panelist,low,1,0,1,0,4.338186205552737
22,9,17,22_17,reviewer,med,0,0,0,0,4.296543416874835
22,9,18,22_18,panelist,low,1,0,1,0,4.257965438934237
22,9,19,22_19,reviewer,med,0,0,0,0,3.7405682717856052
22,9,20,22_20,reviewer,none,0,0,0,1,4.539343487930066
22,9,21,22_21,panelist,low,1,0,1,0,4.423573244722821
22,9,22,22_22,panelist,med,1,0,0,0,4.609903643902888
22,9,23,22_23,panelist,high,1,1,0,0,4.686473556345089
22,9,24,22_24,panelist,high,1,1,0,0,3.969953285330447
22,10,01,22_01,panelist,none,1,0,0,1,4.051489301935673
22,10,02,22_02,panelist,high,1,1,0,0,4.6212801082965935
22,10,03,22_03,panelist,med,1,0,0,0,3.6568943219998937
22,10,04,22_04,panelist,none,1,0,0,1,4.162205272760769
22,10,05,22_05,panelist,med,1,0,0,0,3.5141488661963276
22,10,06,22_06,reviewer,low,0,0,1,0,4.041781897712501
22,10,07,22_07,panelist,med,1,0,0,0,3.721009691801722
22,10,08,22_08,panelist,none,1,0,0,1,4.199241543356538
22,10,09,22_09,panelist,med,1,0,0,0,4.8011358326971765
22,10,10,22_10,panelist,low,1,0,1,0,3.925310617112883
22,10,11,22_11,panelist,med,1,0,0,0,4.121009829462249
22,10,12,22_12,panelist,med,1,0,0,0,3.9985538384952166
22,10,13,22_13,panelist,none,1,0,0,1,4.3398810254493485
22,10,14,22_14,panelist,high,1,1,0,0,3.89935840216207
22,10,15,22_15,panelist,high,1,1,0,0,3.879815689036309
22,10,16,22_16,panelist,high,1,1,0,0,4.291647887693954
22,10,17,22_17,panelist,med,1,0,0,0,3.8334809059127815
22,10,18,22_18,panelist,low,1,0,1,0,4.101297801359273
22,10,19,22_19,panelist,med,1,0,0,0,3.905855112067567
22,10,20,22_20,panelist,low,1,0,1,0,4.64527538238483
22,10,21,22_21,panelist,high,1,1,0,0,4.0310987451660445
22,10,22,22_22,reviewer,med,0,0,0,0,3.979263990859645
22,10,23,22_23,reviewer,med,0,0,0,0,4.13057234784962
22,10,24,22_24,panelist,high,1,1,0,0,3.708684890259744
22,11,01,22_01,reviewer,none,0,0,0,1,3.65894200791409
22,11,02,22_02,panelist,med,1,0,0,0,4.2908579200518595
22,11,03,22_03,panelist,none,1,0,0,1,3.7249807654433003
22,11,04,22_04,panelist,high,1,1,0,0,3.9280324141550778
22,11,05,22_05,panelist,med,1,0,0,0,3.563353854192699
22,11,06,22_06,panelist,low,1,0,1,0,4.609036624240114
22,11,07,22_07,panelist,low,1,0,1,0,3.8286432873407468
22,11,08,22_08,panelist,none,1,0,0,1,4.829096429812217
22,11,09,22_09,panelist,med,1,0,0,0,4.147241334597163
22,11,10,22_10,panelist,med,1,0,0,0,4.052368228378129
22,11,11,22_11,panelist,high,1,1,0,0,3.623488370959314
22,11,12,22_12,reviewer,med,0,0,0,0,3.856738286912346
22,11,13,22_13,panelist,none,1,0,0,1,4.4897681059658705
22,11,14,22_14,panelist,low,1,0,1,0,4.2090383085437155
22,11,15,22_15,reviewer,high,0,1,0,0,3.560427864970773
22,11,16,22_16,panelist,med,1,0,0,0,3.928859770168721
22,11,17,22_17,panelist,high,1,1,0,0,4.083315431666498
22,11,18,22_18,panelist,med,1,0,0,0,4.2548579899889445
22,11,19,22_19,panelist,high,1,1,0,0,3.774327541624558
22,11,20,22_20,panelist,med,1,0,0,0,3.8766428694347224
22,11,21,22_21,panelist,low,1,0,1,0,4.043642495241411
22,11,22,22_22,panelist,med,1,0,0,0,4.12576142072425
22,11,23,22_23,panelist,high,1,1,0,0,4.1277272795900695
22,11,24,22_24,panelist,med,1,0,0,0,3.604180842590151
22,12,01,22_01,panelist,high,1,1,0,0,3.6400375650986465
22,12,02,22_02,panelist,high,1,1,0,0,4.453489500747112
22,12,03,22_03,panelist,high,1,1,0,0,3.7035417580437646
22,12,04,22_04,panelist,low,1,0,1,0,3.9587337903189947
22,12,05,22_05,panelist,none,1,0,0,1,4.247600743229918
22,12,06,22_06,panelist,med,1,0,0,0,4.381149874514091
22,12,07,22_07,reviewer,low,0,0,1,0,3.7668162597381643
22,12,08,22_08,panelist,high,1,1,0,0,4.135816243323194
22,12,09,22_09,panelist,none,1,0,0,1,4.682162264877397
22,12,10,22_10,panelist,high,1,1,0,0,4.398201425642002
22,12,11,22_11,reviewer,med,0,0,0,0,3.6409145385662867
22,12,12,22_12,panelist,med,1,0,0,0,4.237462245118385
22,12,13,22_13,panelist,high,1,1,0,0,4.375984610670667
22,12,14,22_14,panelist,med,1,0,0,0,3.843264573201298
22,12,15,22_15,panelist,med,1,0,0,0,4.075981253918683
22,12,16,22_16,panelist,med,1,0,0,0,4.072960696987004
22,12,17,22_17,panelist,low,1,0,1,0,4.317887711072545
22,12,18,22_18,panelist,low,1,0,1,0,4.353693758974338
22,12,19,22_19,panelist,med,1,0,0,0,3.8429263003089624
22,12,20,22_20,panelist,none,1,0,0,1,4.757688224947407
22,12,21,22_21,panelist,none,1,0,0,1,4.232058777073353
22,12,22,22_22,panelist,med,1,0,0,0,4.244644591775978
22,12,23,22_23,panelist,med,1,0,0,0,4.151228390027184
22,12,24,22_24,reviewer,med,0,0,0,0,3.88851806661041
22,13,01,22_01,panelist,med,1,0,0,0,4.266136270545906
22,13,02,22_02,panelist,med,1,0,0,0,4.451763237859665
22,13,03,22_03,panelist,med,1,0,0,0,3.7957136536089755
22,13,04,22_04,panelist,high,1,1,0,0,4.243694353921246
22,13,05,22_05,panelist,high,1,1,0,0,3.937167746805277
22,13,06,22_06,panelist,med,1,0,0,0,4.419713079551834
22,13,07,22_07,panelist,none,1,0,0,1,4.381352702455067
22,13,08,22_08,panelist,med,1,0,0,0,4.501122014102334
22,13,09,22_09,panelist,low,1,0,1,0,4.536775311624351
22,13,10,22_10,panelist,low,1,0,1,0,4.287451266938098
22,13,11,22_11,reviewer,med,0,0,0,0,3.8107979288255738
22,13,12,22_12,panelist,high,1,1,0,0,4.60320767113013
22,13,13,22_13,panelist,none,1,0,0,1,4.714555939828173
22,13,14,22_14,panelist,med,1,0,0,0,4.500922305127927
22,13,15,22_15,reviewer,low,0,0,1,0,4.372479875921363
22,13,16,22_16,panelist,med,1,0,0,0,4.455365119949981
22,13,17,22_17,panelist,low,1,0,1,0,4.510025147969182
22,13,18,22_18,panelist,high,1,1,0,0,4.390580067430954
22,13,19,22_19,panelist,high,1,1,0,0,3.741784312349097
22,13,20,22_20,panelist,high,1,1,0,0,4.593288036638184
22,13,21,22_21,panelist,none,1,0,0,1,4.87990219841524
22,13,22,22_22,panelist,med,1,0,0,0,4.469891590577338
22,13,23,22_23,reviewer,none,0,0,0,1,4.275796701289831
22,13,24,22_24,panelist,med,1,0,0,0,4.342639686646026
22,14,01,22_01,panelist,high,1,1,0,0,3.544978984444675
22,14,02,22_02,panelist,none,1,0,0,1,4.401278789755055
22,14,03,22_03,panelist,med,1,0,0,0,3.6582953518437575
22,14,04,22_04,panelist,low,1,0,1,0,3.951927186825748
22,14,05,22_05,panelist,med,1,0,0,0,4.1579358669448165
22,14,06,22_06,panelist,high,1,1,0,0,4.248119003432073
22,14,07,22_07,panelist,med,1,0,0,0,3.858591209417675
22,14,08,22_08,panelist,none,1,0,0,1,4.510739683820936
22,14,09,22_09,panelist,med,1,0,0,0,4.6085395560465825
22,14,10,22_10,reviewer,none,0,0,0,1,4.0312286339446555
22,14,11,22_11,panelist,med,1,0,0,0,4.107678624736593
22,14,12,22_12,panelist,med,1,0,0,0,4.21063307616733
22,14,13,22_13,panelist,high,1,1,0,0,4.318217169386592
22,14,14,22_14,panelist,med,1,0,0,0,3.9531021188820192
22,14,15,22_15,panelist,med,1,0,0,0,3.929194160811926
22,14,16,22_16,panelist,high,1,1,0,0,3.986271199182107
22,14,17,22_17,panelist,med,1,0,0,0,4.20654597101447
22,14,18,22_18,panelist,high,1,1,0,0,4.123751453339822
22,14,19,22_19,panelist,med,1,0,0,0,3.943899254603635
22,14,20,22_20,reviewer,none,0,0,0,1,4.241882171128038
22,14,21,22_21,panelist,low,1,0,1,0,4.178317831499226
22,14,22,22_22,panelist,low,1,0,1,0,4.098321145056801
22,14,23,22_23,panelist,low,1,0,1,0,4.028663551057047
22,14,24,22_24,reviewer,high,0,1,0,0,3.550800389529466
22,15,01,22_01,panelist,low,1,0,1,0,3.5009770148995756
22,15,02,22_02,reviewer,med,0,0,0,0,3.6514541428441825
22,15,03,22_03,panelist,med,1,0,0,0,3.529130709394066
22,15,04,22_04,panelist,low,1,0,1,0,3.8750953927804237
22,15,05,22_05,panelist,med,1,0,0,0,3.6067309634409175
22,15,06,22_06,panelist,none,1,0,0,1,4.270467364692911
22,15,07,22_07,panelist,med,1,0,0,0,3.592153787362645
22,15,08,22_08,panelist,med,1,0,0,0,4.295128251377182
22,15,09,22_09,panelist,med,1,0,0,0,3.870367696618656
22,15,10,22_10,panelist,high,1,1,0,0,3.6761891919016363
22,15,11,22_11,panelist,high,1,1,0,0,3.5469099736009677
22,15,12,22_12,panelist,med,1,0,0,0,3.8148322349858725
22,15,13,22_13,panelist,med,1,0,0,0,3.6985399081323758
22,15,14,22_14,panelist,med,1,0,0,0,3.7005581196111743
22,15,15,22_15,panelist,high,1,1,0,0,3.820315419926685
22,15,16,22_16,panelist,med,1,0,0,0,3.6529239371685476
22,15,17,22_17,reviewer,high,0,1,0,0,3.7803604348986215
22,15,18,22_18,reviewer,low,0,0,1,0,3.7613887547521774
22,15,19,22_19,panelist,none,1,0,0,1,3.959258036608206
22,15,20,22_20,panelist,none,1,0,0,1,3.87572364426445
22,15,21,22_21,panelist,high,1,1,0,0,3.900612765922961
22,15,22,22_22,panelist,high,1,1,0,0,3.924785480912624
22,15,23,22_23,panelist,low,1,0,1,0,3.5871346544830134
22,15,24,22_24,panelist,none,1,0,0,1,3.5245800049602303
23,1,01,23_01,panelist,none,1,0,0,1,4.265326329874896
23,1,02,23_02,panelist,none,1,0,0,1,4.665244770287901
23,1,03,23_03,panelist,low,1,0,1,0,3.655491140577971
23,1,04,23_04,panelist,high,1,1,0,0,3.5901647582742147
23,1,05,23_05,panelist,med,1,0,0,0,3.8212771047339125
23,1,06,23_06,panelist,low,1,0,1,0,4.4163430010816
23,1,07,23_07,panelist,low,1,0,1,0,3.8768174685157346
23,1,08,23_08,panelist,none,1,0,0,1,4.642271019328759
23,1,09,23_09,panelist,high,1,1,0,0,4.288724498712571
23,1,10,23_10,panelist,med,1,0,0,0,3.5012543731503323
23,1,11,23_11,reviewer,med,0,0,0,0,3.8532258788681446
23,1,12,23_12,panelist,med,1,0,0,0,3.9490097715555037
23,1,13,23_13,reviewer,med,0,0,0,0,4.2943352032377184
23,1,14,23_14,panelist,med,1,0,0,0,3.900208868112425
23,1,15,23_15,panelist,high,1,1,0,0,3.73030019959117
23,1,16,23_16,panelist,med,1,0,0,0,3.8358782541684455
23,1,17,23_17,panelist,med,1,0,0,0,4.143297404463108
23,1,18,23_18,panelist,med,1,0,0,0,3.953276963180176
23,1,19,23_19,panelist,high,1,1,0,0,3.8510984607482484
23,1,20,23_20,panelist,low,1,0,1,0,4.301369792386759
23,1,21,23_21,panelist,med,1,0,0,0,4.334970601391923
23,1,22,23_22,panelist,none,1,0,0,1,4.414977720601715
23,1,23,23_23,panelist,high,1,1,0,0,4.355501354797755
23,1,24,23_24,reviewer,high,0,1,0,0,3.5087820212485883
23,2,01,23_01,reviewer,none,0,0,0,1,4.057341245467721
23,2,02,23_02,panelist,med,1,0,0,0,4.293221850324623
23,2,03,23_03,panelist,med,1,0,0,0,3.5941102946164443
23,2,04,23_04,panelist,low,1,0,1,0,4.029473692032943
23,2,05,23_05,panelist,med,1,0,0,0,3.9801852692407267
23,2,06,23_06,panelist,high,1,1,0,0,4.107302969161538
23,2,07,23_07,panelist,med,1,0,0,0,3.8428783090451883
23,2,08,23_08,panelist,med,1,0,0,0,4.5172000784238255
23,2,09,23_09,panelist,high,1,1,0,0,4.584638047486884
23,2,10,23_10,panelist,high,1,1,0,0,3.8102510750720415
23,2,11,23_11,panelist,med,1,0,0,0,3.668105598061492
23,2,12,23_12,panelist,med,1,0,0,0,4.172296031354476
23,2,13,23_13,panelist,high,1,1,0,0,4.220970123234317
23,2,14,23_14,panelist,high,1,1,0,0,3.884052090406193
23,2,15,23_15,panelist,none,1,0,0,1,4.131718706245089
23,2,16,23_16,panelist,med,1,0,0,0,3.9650742671136707
23,2,17,23_17,panelist,high,1,1,0,0,3.5508031579576342
23,2,18,23_18,panelist,low,1,0,1,0,4.314873458696415
23,2,19,23_19,reviewer,low,0,0,1,0,3.693350549366728
23,2,20,23_20,panelist,low,1,0,1,0,4.208204954875949
23,2,21,23_21,panelist,none,1,0,0,1,4.241041826722828
23,2,22,23_22,panelist,none,1,0,0,1,4.490045088175228
23,2,23,23_23,reviewer,med,0,0,0,0,3.894588649068637
23,2,24,23_24,panelist,med,1,0,0,0,3.808159601330173
23,3,01,23_01,panelist,low,1,0,1,0,3.808613690208305
23,3,02,23_02,panelist,high,1,1,0,0,3.890217611052784
23,3,03,23_03,panelist,med,1,0,0,0,3.980693621561545
23,3,04,23_04,panelist,med,1,0,0,0,3.5486143002937904
23,3,05,23_05,reviewer,med,0,0,0,0,3.7776289693714045
23,3,06,23_06,panelist,none,1,0,0,1,4.268511912307285
23,3,07,23_07,panelist,high,1,1,0,0,3.9961778777298727
23,3,08,23_08,panelist,low,1,0,1,0,4.341532999890211
23,3,09,23_09,panelist,low,1,0,1,0,4.604025056265393
23,3,10,23_10,panelist,high,1,1,0,0,3.592865726753811
23,3,11,23_11,panelist,med,1,0,0,0,3.5059476308628423
23,3,12,23_12,panelist,none,1,0,0,1,4.110878714562794
23,3,13,23_13,reviewer,none,0,0,0,1,4.333908534199151
23,3,14,23_14,panelist,none,1,0,0,1,4.652715908835366
23,3,15,23_15,reviewer,high,0,1,0,0,3.7416199344783854
23,3,16,23_16,panelist,high,1,1,0,0,3.974817171752383
23,3,17,23_17,panelist,med,1,0,0,0,4.010912685627839
23,3,18,23_18,panelist,med,1,0,0,0,4.189144307841963
23,3,19,23_19,panelist,high,1,1,0,0,3.5555581215006282
23,3,20,23_20,panelist,med,1,0,0,0,4.0310803555690216
23,3,21,23_21,panelist,low,1,0,1,0,4.378625734940153
23,3,22,23_22,panelist,med,1,0,0,0,4.191023432125585
23,3,23,23_23,panelist,med,1,0,0,0,4.1975787917051095
23,3,24,23_24,panelist,med,1,0,0,0,3.9124879467628952
23,4,01,23_01,panelist,high,1,1,0,0,3.9264571768556036
23,4,02,23_02,panelist,med,1,0,0,0,4.434562514360971
23,4,03,23_03,panelist,high,1,1,0,0,3.83073317151309
23,4,04,23_04,reviewer,low,0,0,1,0,4.063538233583835
23,4,05,23_05,panelist,med,1,0,0,0,3.832511396113079
23,4,06,23_06,panelist,none,1,0,0,1,4.289202413049626
23,4,07,23_07,reviewer,none,0,0,0,1,3.931210298688509
23,4,08,23_08,panelist,none,1,0,0,1,4.688029672286094
23,4,09,23_09,reviewer,med,0,0,0,0,4.340220843010914
23,4,10,23_10,panelist,med,1,0,0,0,4.091664748308791
23,4,11,23_11,panelist,low,1,0,1,0,4.249059727389425
23,4,12,23_12,panelist,med,1,0,0,0,3.839717530437169
23,4,13,23_13,panelist,med,1,0,0,0,4.772530531853605
23,4,14,23_14,panelist,low,1,0,1,0,4.198843883726985
23,4,15,23_15,panelist,none,1,0,0,1,4.528683121484432
23,4,16,23_16,panelist,high,1,1,0,0,4.443870589476998
23,4,17,23_17,panelist,high,1,1,0,0,4.210072714657683
23,4,18,23_18,panelist,med,1,0,0,0,4.203759135935584
23,4,19,23_19,panelist,med,1,0,0,0,3.824825973989198
23,4,20,23_20,panelist,high,1,1,0,0,4.385778963554339
23,4,21,23_21,panelist,med,1,0,0,0,3.9148034001686387
23,4,22,23_22,panelist,low,1,0,1,0,4.283530028971477
23,4,23,23_23,panelist,med,1,0,0,0,4.420433392405852
23,4,24,23_24,panelist,high,1,1,0,0,3.8930223347102335
23,5,01,23_01,panelist,med,1,0,0,0,3.6304078890929015
23,5,02,23_02,panelist,med,1,0,0,0,4.568451280008842
23,5,03,23_03,panelist,high,1,1,0,0,3.7964391318411663
23,5,04,23_04,panelist,high,1,1,0,0,3.6513492337703775
23,5,05,23_05,panelist,none,1,0,0,1,4.12240190167965
23,5,06,23_06,panelist,low,1,0,1,0,3.949876601324092
23,5,07,23_07,panelist,med,1,0,0,0,3.802838514832863
23,5,08,23_08,reviewer,high,0,1,0,0,3.6373863670326223
23,5,09,23_09,panelist,med,1,0,0,0,4.120277590830097
23,5,10,23_10,panelist,med,1,0,0,0,3.701494795248228
23,5,11,23_11,panelist,high,1,1,0,0,3.66884331747534
23,5,12,23_12,panelist,med,1,0,0,0,3.8486816065671863
23,5,13,23_13,panelist,med,1,0,0,0,4.095945193700303
23,5,14,23_14,panelist,none,1,0,0,1,4.4367215160688716
23,5,15,23_15,panelist,med,1,0,0,0,4.258286975152489
23,5,16,23_16,panelist,med,1,0,0,0,3.7129570717607847
23,5,17,23_17,panelist,none,1,0,0,1,3.933423347944633
23,5,18,23_18,reviewer,none,0,0,0,1,4.254226948064134
23,5,19,23_19,panelist,med,1,0,0,0,3.792751267239652
23,5,20,23_20,panelist,high,1,1,0,0,3.9769090607432593
23,5,21,23_21,panelist,low,1,0,1,0,3.640267432754868
23,5,22,23_22,panelist,high,1,1,0,0,3.8883371944482668
23,5,23,23_23,reviewer,low,0,0,1,0,3.993847409461468
23,5,24,23_24,panelist,low,1,0,1,0,3.6907374488591556
23,6,01,23_01,panelist,none,1,0,0,1,3.7361416765911653
23,6,02,23_02,reviewer,high,0,1,0,0,4.372385045791382
23,6,03,23_03,panelist,none,1,0,0,1,4.160097581481333
23,6,04,23_04,panelist,med,1,0,0,0,4.201653973229692
23,6,05,23_05,panelist,high,1,1,0,0,3.669886653855686
23,6,06,23_06,panelist,low,1,0,1,0,4.805030391664938
23,6,07,23_07,panelist,low,1,0,1,0,4.148967050873097
23,6,08,23_08,panelist,low,1,0,1,0,4.649731039008469
23,6,09,23_09,reviewer,none,0,0,0,1,4.478518963563083
23,6,10,23_10,panelist,med,1,0,0,0,4.061580390704589
23,6,11,23_11,panelist,med,1,0,0,0,3.769423419738839
23,6,12,23_12,reviewer,med,0,0,0,0,4.189501535255691
23,6,13,23_13,panelist,high,1,1,0,0,4.390770969537682
23,6,14,23_14,panelist,med,1,0,0,0,4.571866261404412
23,6,15,23_15,panelist,med,1,0,0,0,4.076878974400098
23,6,16,23_16,panelist,med,1,0,0,0,3.99865862544019
23,6,17,23_17,panelist,none,1,0,0,1,4.766230746318631
23,6,18,23_18,panelist,high,1,1,0,0,4.086607241130762
23,6,19,23_19,panelist,med,1,0,0,0,3.8436270056645894
23,6,20,23_20,panelist,high,1,1,0,0,4.231020159463223
23,6,21,23_21,panelist,med,1,0,0,0,4.011078792583339
23,6,22,23_22,panelist,low,1,0,1,0,4.569980404382414
23,6,23,23_23,panelist,med,1,0,0,0,4.178761379693233
23,6,24,23_24,panelist,high,1,1,0,0,3.8227555185350517
23,7,01,23_01,reviewer,none,0,0,0,1,3.7696462429422968
23,7,02,23_02,panelist,high,1,1,0,0,4.8094488116357095
23,7,03,23_03,panelist,med,1,0,0,0,4.1038494809659065
23,7,04,23_04,panelist,none,1,0,0,1,4.554907040188206
23,7,05,23_05,panelist,high,1,1,0,0,4.027808590633261
23,7,06,23_06,panelist,low,1,0,1,0,4.741810897147409
23,7,07,23_07,panelist,low,1,0,1,0,4.5449711429205255
23,7,08,23_08,panelist,med,1,0,0,0,4.575537662009515
23,7,09,23_09,panelist,med,1,0,0,0,4.841119473326151
23,7,10,23_10,panelist,high,1,1,0,0,4.392334033952688
23,7,11,23_11,reviewer,med,0,0,0,0,3.510905231757038
23,7,12,23_12,panelist,none,1,0,0,1,4.701349748216067
23,7,13,23_13,panelist,high,1,1,0,0,4.577116783875262
23,7,14,23_14,panelist,med,1,0,0,0,4.731197706219494
23,7,15,23_15,panelist,high,1,1,0,0,4.563077186688379
23,7,16,23_16,panelist,med,1,0,0,0,4.405687843227042
23,7,17,23_17,panelist,med,1,0,0,0,4.657242601152861
23,7,18,23_18,panelist,med,1,0,0,0,4.4182409233453726
23,7,19,23_19,panelist,low,1,0,1,0,4.387023120120312
23,7,20,23_20,reviewer,high,0,1,0,0,4.156996781055055
23,7,21,23_21,panelist,low,1,0,1,0,4.417606356250054
23,7,22,23_22,panelist,med,1,0,0,0,4.551227325313234
23,7,23,23_23,panelist,none,1,0,0,1,4.406507706403769
23,7,24,23_24,panelist,med,1,0,0,0,3.8465041268710634
23,8,01,23_01,panelist,med,1,0,0,0,3.8956361574387666
23,8,02,23_02,reviewer,high,0,1,0,0,3.706561963410131
23,8,03,23_03,panelist,med,1,0,0,0,3.722708396495008
23,8,04,23_04,panelist,med,1,0,0,0,3.792889390268345
23,8,05,23_05,panelist,high,1,1,0,0,3.6640844786000457
23,8,06,23_06,reviewer,low,0,0,1,0,4.083845002646901
23,8,07,23_07,panelist,high,1,1,0,0,3.687446409291748
23,8,08,23_08,panelist,none,1,0,0,1,4.442261493108412
23,8,09,23_09,panelist,none,1,0,0,1,4.490995998333577
23,8,10,23_10,reviewer,none,0,0,0,1,3.9315457879103977
23,8,11,23_11,panelist,med,1,0,0,0,3.6947324647104263
23,8,12,23_12,panelist,med,1,0,0,0,3.6777327249340224
23,8,13,23_13,panelist,high,1,1,0,0,4.310067856086247
23,8,14,23_14,panelist,med,1,0,0,0,4.165712854568258
23,8,15,23_15,panelist,low,1,0,1,0,3.582170928433088
23,8,16,23_16,panelist,high,1,1,0,0,3.8329017655156994
23,8,17,23_17,panelist,med,1,0,0,0,3.7390633408396776
23,8,18,23_18,panelist,low,1,0,1,0,4.082811264950819
23,8,19,23_19,panelist,high,1,1,0,0,3.627859727117768
23,8,20,23_20,panelist,low,1,0,1,0,4.054211465586868
23,8,21,23_21,panelist,med,1,0,0,0,3.6709067933197623
23,8,22,23_22,panelist,med,1,0,0,0,4.025375941620421
23,8,23,23_23,panelist,none,1,0,0,1,3.9375266097527155
23,8,24,23_24,panelist,med,1,0,0,0,3.5892780905361215
23,9,01,23_01,panelist,med,1,0,0,0,4.261650240614872
23,9,02,23_02,reviewer,none,0,0,0,1,4.644885733495748
23,9,03,23_03,panelist,med,1,0,0,0,4.041258090931597
23,9,04,23_04,panelist,med,1,0,0,0,4.309169718706003
23,9,05,23_05,panelist,high,1,1,0,0,4.368013302733029
23,9,06,23_06,panelist,med,1,0,0,0,4.229223299401995
23,9,07,23_07,panelist,none,1,0,0,1,4.511784220148748
23,9,08,23_08,reviewer,low,0,0,1,0,4.421728216522484
23,9,09,23_09,panelist,med,1,0,0,0,4.750264616920578
23,9,10,23_10,panelist,high,1,1,0,0,4.378861865115935
23,9,11,23_11,panelist,high,1,1,0,0,3.929673722424951
23,9,12,23_12,panelist,low,1,0,1,0,4.482164780536405
23,9,13,23_13,reviewer,med,0,0,0,0,4.655047286134605
23,9,14,23_14,panelist,med,1,0,0,0,4.100042179555935
23,9,15,23_15,panelist,none,1,0,0,1,4.720948509454363
23,9,16,23_16,panelist,med,1,0,0,0,4.3970098666663295
23,9,17,23_17,panelist,low,1,0,1,0,4.2844332271795516
23,9,18,23_18,panelist,none,1,0,0,1,4.563791422266898
23,9,19,23_19,panelist,high,1,1,0,0,3.980234636554503
23,9,20,23_20,panelist,med,1,0,0,0,4.535065975559149
23,9,21,23_21,panelist,high,1,1,0,0,4.183994321138523
23,9,22,23_22,panelist,high,1,1,0,0,4.339970357205457
23,9,23,23_23,panelist,med,1,0,0,0,4.370821646686029
23,9,24,23_24,panelist,low,1,0,1,0,4.149320285121898
23,10,01,23_01,panelist,none,1,0,0,1,3.867245436049191
23,10,02,23_02,panelist,none,1,0,0,1,4.342204333858267
23,10,03,23_03,panelist,med,1,0,0,0,3.8138987734664647
23,10,04,23_04,panelist,low,1,0,1,0,3.6802872010291106
23,10,05,23_05,panelist,low,1,0,1,0,3.951970459295933
23,10,06,23_06,panelist,med,1,0,0,0,4.151354247647302
23,10,07,23_07,panelist,low,1,0,1,0,3.91729019718268
23,10,08,23_08,panelist,med,1,0,0,0,4.734418853708947
23,10,09,23_09,panelist,med,1,0,0,0,4.6068724999693815
23,10,10,23_10,panelist,med,1,0,0,0,4.129275929010029
23,10,11,23_11,reviewer,high,0,1,0,0,3.6416218405338325
23,10,12,23_12,panelist,high,1,1,0,0,3.927712920061838
23,10,13,23_13,panelist,high,1,1,0,0,4.272255061009853
23,10,14,23_14,panelist,med,1,0,0,0,3.8990206310019113
23,10,15,23_15,panelist,high,1,1,0,0,3.9483320580739556
23,10,16,23_16,panelist,med,1,0,0,0,4.009801309401681
23,10,17,23_17,panelist,high,1,1,0,0,3.944333568614911
23,10,18,23_18,panelist,none,1,0,0,1,4.2678314182813955
23,10,19,23_19,reviewer,med,0,0,0,0,3.6026180024092294
23,10,20,23_20,panelist,low,1,0,1,0,4.449326890587871
23,10,21,23_21,reviewer,med,0,0,0,0,3.7814211269793505
23,10,22,23_22,panelist,none,1,0,0,1,4.280952041694257
23,10,23,23_23,panelist,high,1,1,0,0,4.0741143333158085
23,10,24,23_24,panelist,med,1,0,0,0,3.7336515699527397
23,11,01,23_01,reviewer,med,0,0,0,0,3.7487008379113473
23,11,02,23_02,panelist,high,1,1,0,0,4.291244458498786
23,11,03,23_03,panelist,high,1,1,0,0,3.5691285587181185
23,11,04,23_04,panelist,med,1,0,0,0,3.6133851245652018
23,11,05,23_05,panelist,med,1,0,0,0,3.604151914276404
23,11,06,23_06,panelist,low,1,0,1,0,4.334809022542289
23,11,07,23_07,panelist,none,1,0,0,1,3.5825470062786566
23,11,08,23_08,panelist,med,1,0,0,0,3.98151535445517
23,11,09,23_09,reviewer,high,0,1,0,0,4.29071801461782
23,11,10,23_10,panelist,med,1,0,0,0,3.5761151819013657
23,11,11,23_11,panelist,high,1,1,0,0,3.697049370771342
23,11,12,23_12,panelist,med,1,0,0,0,3.675915729561547
23,11,13,23_13,panelist,high,1,1,0,0,4.317609666959097
23,11,14,23_14,panelist,low,1,0,1,0,4.239912943248864
23,11,15,23_15,reviewer,med,0,0,0,0,3.9697018460181597
23,11,16,23_16,panelist,low,1,0,1,0,4.047558311111967
23,11,17,23_17,panelist,med,1,0,0,0,4.17885748573414
23,11,18,23_18,panelist,none,1,0,0,1,4.157068693075069
23,11,19,23_19,panelist,med,1,0,0,0,3.7129249095518375
23,11,20,23_20,panelist,none,1,0,0,1,4.105000832986752
23,11,21,23_21,panelist,low,1,0,1,0,4.006147254360009
23,11,22,23_22,panelist,none,1,0,0,1,4.228013139458958
23,11,23,23_23,panelist,med,1,0,0,0,4.1014813485954615
23,11,24,23_24,panelist,high,1,1,0,0,3.5749201051504427
23,12,01,23_01,panelist,med,1,0,0,0,3.996206559420437
23,12,02,23_02,panelist,med,1,0,0,0,4.15605465533991
23,12,03,23_03,panelist,high,1,1,0,0,3.9811565886679894
23,12,04,23_04,panelist,high,1,1,0,0,3.9522067911918124
23,12,05,23_05,reviewer,med,0,0,0,0,3.8827813957056763
23,12,06,23_06,panelist,med,1,0,0,0,4.602349029690317
23,12,07,23_07,reviewer,high,0,1,0,0,3.883209275156524
23,12,08,23_08,panelist,high,1,1,0,0,3.962607019904175
23,12,09,23_09,panelist,none,1,0,0,1,4.413971046052827
23,12,10,23_10,panelist,none,1,0,0,1,4.036825590677505
23,12,11,23_11,panelist,med,1,0,0,0,3.659394383473395
23,12,12,23_12,panelist,med,1,0,0,0,4.129452474034473
23,12,13,23_13,panelist,none,1,0,0,1,4.409449046632689
23,12,14,23_14,panelist,med,1,0,0,0,4.281181847600358
23,12,15,23_15,panelist,low,1,0,1,0,4.115101884227139
23,12,16,23_16,panelist,high,1,1,0,0,3.8817176438956364
23,12,17,23_17,panelist,low,1,0,1,0,4.114055490505769
23,12,18,23_18,panelist,med,1,0,0,0,4.237015902127277
23,12,19,23_19,panelist,low,1,0,1,0,3.8463617076631307
23,12,20,23_20,panelist,med,1,0,0,0,4.013405718514521
23,12,21,23_21,panelist,none,1,0,0,1,4.205161106532955
23,12,22,23_22,panelist,high,1,1,0,0,4.066866498550305
23,12,23,23_23,panelist,low,1,0,1,0,4.255418228157804
23,12,24,23_24,reviewer,med,0,0,0,0,3.547860466439071
23,13,01,23_01,panelist,med,1,0,0,0,4.289653023449474
23,13,02,23_02,panelist,med,1,0,0,0,4.5726500426626915
23,13,03,23_03,panelist,none,1,0,0,1,4.545925069150539
23,13,04,23_04,panelist,low,1,0,1,0,4.34504206855616
23,13,05,23_05,reviewer,low,0,0,1,0,4.190326606148876
23,13,06,23_06,panelist,med,1,0,0,0,4.503307509473444
23,13,07,23_07,panelist,high,1,1,0,0,4.12249057009648
23,13,08,23_08,panelist,high,1,1,0,0,4.005792786293337
23,13,09,23_09,panelist,high,1,1,0,0,4.339699894979265
23,13,10,23_10,panelist,med,1,0,0,0,4.272603394450948
23,13,11,23_11,panelist,high,1,1,0,0,3.881067345947761
23,13,12,23_12,panelist,med,1,0,0,0,4.299738788442311
23,13,13,23_13,panelist,high,1,1,0,0,4.315458784373091
23,13,14,23_14,panelist,low,1,0,1,0,4.482867233002986
23,13,15,23_15,panelist,none,1,0,0,1,4.26815922624601
23,13,16,23_16,panelist,med,1,0,0,0,4.384864310101357
23,13,17,23_17,panelist,med,1,0,0,0,4.4525658164821325
23,13,18,23_18,panelist,med,1,0,0,0,4.353936439162136
23,13,19,23_19,panelist,med,1,0,0,0,3.9243986535560413
23,13,20,23_20,reviewer,none,0,0,0,1,4.299446759340019
23,13,21,23_21,panelist,high,1,1,0,0,4.506782661202496
23,13,22,23_22,panelist,low,1,0,1,0,4.457052173367618
23,13,23,23_23,panelist,med,1,0,0,0,4.394312064727461
23,13,24,23_24,reviewer,none,0,0,0,1,3.9010546173356064
23,14,01,23_01,panelist,none,1,0,0,1,3.9021980842554864
23,14,02,23_02,panelist,high,1,1,0,0,4.209583312227149
23,14,03,23_03,reviewer,low,0,0,1,0,3.864048289319026
23,14,04,23_04,panelist,med,1,0,0,0,3.6096005137087297
23,14,05,23_05,panelist,high,1,1,0,0,3.5821629119607015
23,14,06,23_06,panelist,none,1,0,0,1,4.459855347445542
23,14,07,23_07,panelist,med,1,0,0,0,3.9257648268708834
23,14,08,23_08,reviewer,med,0,0,0,0,3.850395478199828
23,14,09,23_09,panelist,med,1,0,0,0,4.090971414621075
23,14,10,23_10,panelist,high,1,1,0,0,3.696449766475958
23,14,11,23_11,panelist,none,1,0,0,1,3.6962179252676663
23,14,12,23_12,panelist,high,1,1,0,0,3.7939756113416743
23,14,13,23_13,panelist,high,1,1,0,0,3.824543453304191
23,14,14,23_14,panelist,high,1,1,0,0,3.8030589548706994
23,14,15,23_15,panelist,med,1,0,0,0,4.214577965661645
23,14,16,23_16,panelist,low,1,0,1,0,3.979680113683694
23,14,17,23_17,panelist,med,1,0,0,0,3.744430156571004
23,14,18,23_18,panelist,med,1,0,0,0,4.204778996785957
23,14,19,23_19,reviewer,med,0,0,0,0,3.5047552890660576
23,14,20,23_20,panelist,med,1,0,0,0,4.283925753821742
23,14,21,23_21,panelist,low,1,0,1,0,3.906626551078748
23,14,22,23_22,panelist,none,1,0,0,1,4.098461471412182
23,14,23,23_23,panelist,low,1,0,1,0,3.9401598616929117
23,14,24,23_24,panelist,med,1,0,0,0,3.9103640486535167
23,15,01,23_01,panelist,med,1,0,0,0,3.8074767420412527
23,15,02,23_02,reviewer,none,0,0,0,1,4.320613220793517
23,15,03,23_03,panelist,med,1,0,0,0,3.5886489895555047
23,15,04,23_04,panelist,low,1,0,1,0,3.5980808903809773
23,15,05,23_05,reviewer,med,0,0,0,0,3.622021460060312
23,15,06,23_06,panelist,high,1,1,0,0,3.720139801579402
23,15,07,23_07,panelist,med,1,0,0,0,3.742473772077298
23,15,08,23_08,panelist,high,1,1,0,0,3.956967511927229
23,15,09,23_09,panelist,med,1,0,0,0,4.256616937007754
23,15,10,23_10,panelist,med,1,0,0,0,3.5645731898432995
23,15,11,23_11,panelist,low,1,0,1,0,3.5686496167204718
23,15,12,23_12,panelist,high,1,1,0,0,3.6034303056604147
23,15,13,23_13,panelist,med,1,0,0,0,4.41325026250247
23,15,14,23_14,reviewer,low,0,0,1,0,3.8424132536870874
23,15,15,23_15,panelist,med,1,0,0,0,3.8277308367868224
23,15,16,23_16,panelist,none,1,0,0,1,3.8056913293390404
23,15,17,23_17,panelist,none,1,0,0,1,3.9099002794707167
23,15,18,23_18,panelist,med,1,0,0,0,3.974756089289754
23,15,19,23_19,panelist,med,1,0,0,0,3.6310712170151023
23,15,20,23_20,panelist,high,1,1,0,0,3.8523182711505104
23,15,21,23_21,panelist,high,1,1,0,0,3.735512228208347
23,15,22,23_22,panelist,low,1,0,1,0,4.013591650704867
23,15,23,23_23,panelist,none,1,0,0,1,3.969590234500481
23,15,24,23_24,panelist,high,1,1,0,0,3.507212812780077
24,1,01,24_01,panelist,high,1,1,0,0,3.724534498673876
24,1,02,24_02,panelist,med,1,0,0,0,4.64043231898312
24,1,03,24_03,reviewer,low,0,0,1,0,3.8767358774522584
24,1,04,24_04,panelist,low,1,0,1,0,3.982244898204927
24,1,05,24_05,panelist,high,1,1,0,0,3.959985136549936
24,1,06,24_06,panelist,med,1,0,0,0,4.142519133442734
24,1,07,24_07,panelist,none,1,0,0,1,4.063176743552107
24,1,08,24_08,panelist,med,1,0,0,0,4.249809318364846
24,1,09,24_09,panelist,none,1,0,0,1,4.812810762443492
24,1,10,24_10,panelist,high,1,1,0,0,3.6382360663656512
24,1,11,24_11,panelist,med,1,0,0,0,3.789452213501926
24,1,12,24_12,panelist,none,1,0,0,1,4.287815864709755
24,1,13,24_13,panelist,med,1,0,0,0,4.679922451892457
24,1,14,24_14,panelist,low,1,0,1,0,3.814788861264627
24,1,15,24_15,panelist,high,1,1,0,0,4.100951968625825
24,1,16,24_16,panelist,med,1,0,0,0,4.021415388048284
24,1,17,24_17,reviewer,med,0,0,0,0,3.804189685650788
24,1,18,24_18,panelist,med,1,0,0,0,4.104249798169231
24,1,19,24_19,panelist,med,1,0,0,0,3.873062082017551
24,1,20,24_20,panelist,med,1,0,0,0,4.0945657277850795
24,1,21,24_21,panelist,low,1,0,1,0,3.935779256324711
24,1,22,24_22,panelist,none,1,0,0,1,4.1405865652423
24,1,23,24_23,reviewer,high,0,1,0,0,3.879017193528924
24,1,24,24_24,panelist,high,1,1,0,0,3.588082584344336
24,2,01,24_01,panelist,none,1,0,0,1,4.155924545188455
24,2,02,24_02,panelist,high,1,1,0,0,4.1889962482310725
24,2,03,24_03,panelist,low,1,0,1,0,3.6614586631837542
24,2,04,24_04,panelist,med,1,0,0,0,3.9460121791854785
24,2,05,24_05,panelist,med,1,0,0,0,3.7564227613415238
24,2,06,24_06,panelist,med,1,0,0,0,4.294220323454452
24,2,07,24_07,reviewer,med,0,0,0,0,3.535998629267541
24,2,08,24_08,panelist,low,1,0,1,0,4.1207406748189
24,2,09,24_09,panelist,med,1,0,0,0,4.718543248000585
24,2,10,24_10,panelist,high,1,1,0,0,3.703548532686777
24,2,11,24_11,reviewer,none,0,0,0,1,3.864203815574076
24,2,12,24_12,panelist,med,1,0,0,0,4.101405101869836
24,2,13,24_13,panelist,med,1,0,0,0,4.484446681410271
24,2,14,24_14,reviewer,none,0,0,0,1,4.295297873522746
24,2,15,24_15,panelist,med,1,0,0,0,4.085113571336062
24,2,16,24_16,panelist,high,1,1,0,0,4.11550245329136
24,2,17,24_17,panelist,low,1,0,1,0,4.599632148917453
24,2,18,24_18,panelist,med,1,0,0,0,4.748339509819521
24,2,19,24_19,panelist,low,1,0,1,0,3.8523259215762007
24,2,20,24_20,panelist,med,1,0,0,0,4.120913067421124
24,2,21,24_21,panelist,high,1,1,0,0,4.30468688739266
24,2,22,24_22,panelist,none,1,0,0,1,4.650404236056388
24,2,23,24_23,panelist,high,1,1,0,0,4.259970777635414
24,2,24,24_24,panelist,high,1,1,0,0,3.656300595530452
24,3,01,24_01,panelist,med,1,0,0,0,3.898635716422705
24,3,02,24_02,panelist,none,1,0,0,1,4.848723372250781
24,3,03,24_03,reviewer,med,0,0,0,0,3.637656408830953
24,3,04,24_04,panelist,med,1,0,0,0,3.965380521942914
24,3,05,24_05,reviewer,high,0,1,0,0,3.510270667274902
24,3,06,24_06,panelist,low,1,0,1,0,4.003713423638007
24,3,07,24_07,panelist,med,1,0,0,0,3.9730585691679376
24,3,08,24_08,panelist,high,1,1,0,0,3.5607358153364874
24,3,09,24_09,panelist,low,1,0,1,0,4.581957805243937
24,3,10,24_10,panelist,high,1,1,0,0,4.375409497273666
24,3,11,24_11,panelist,low,1,0,1,0,3.5245072263610893
24,3,12,24_12,reviewer,none,0,0,0,1,3.800682589182962
24,3,13,24_13,panelist,none,1,0,0,1,4.310083965692889
24,3,14,24_14,panelist,high,1,1,0,0,4.2067427387258745
24,3,15,24_15,panelist,high,1,1,0,0,3.9277957680730498
24,3,16,24_16,panelist,med,1,0,0,0,3.7824634208304366
24,3,17,24_17,panelist,med,1,0,0,0,4.494534297581353
24,3,18,24_18,panelist,low,1,0,1,0,4.235320955197892
24,3,19,24_19,panelist,med,1,0,0,0,3.7213160999073907
24,3,20,24_20,panelist,med,1,0,0,0,4.203897982534794
24,3,21,24_21,panelist,none,1,0,0,1,4.149534598160065
24,3,22,24_22,panelist,med,1,0,0,0,4.236233671909578
24,3,23,24_23,panelist,high,1,1,0,0,4.236730450023537
24,3,24,24_24,panelist,med,1,0,0,0,3.9286567269758406
24,4,01,24_01,panelist,none,1,0,0,1,4.343475640144457
24,4,02,24_02,panelist,high,1,1,0,0,4.210976876090993
24,4,03,24_03,panelist,low,1,0,1,0,4.078673445851124
24,4,04,24_04,panelist,high,1,1,0,0,4.117162870122735
24,4,05,24_05,panelist,none,1,0,0,1,4.221371935289146
24,4,06,24_06,panelist,med,1,0,0,0,4.195101617192538
24,4,07,24_07,panelist,med,1,0,0,0,4.26769225030893
24,4,08,24_08,reviewer,med,0,0,0,0,4.065871029886703
24,4,09,24_09,panelist,med,1,0,0,0,4.561048750824568
24,4,10,24_10,panelist,high,1,1,0,0,3.8842963238633232
24,4,11,24_11,panelist,high,1,1,0,0,3.610809223681105
24,4,12,24_12,panelist,low,1,0,1,0,4.40574081142285
24,4,13,24_13,panelist,med,1,0,0,0,4.535723460248099
24,4,14,24_14,panelist,med,1,0,0,0,4.133323867578124
24,4,15,24_15,panelist,med,1,0,0,0,4.231755430624658
24,4,16,24_16,reviewer,high,0,1,0,0,4.085364696295706
24,4,17,24_17,panelist,high,1,1,0,0,4.291717203318567
24,4,18,24_18,panelist,med,1,0,0,0,4.390941308475766
24,4,19,24_19,panelist,none,1,0,0,1,4.005464285609996
24,4,20,24_20,panelist,med,1,0,0,0,4.618815127905374
24,4,21,24_21,panelist,med,1,0,0,0,4.248676346742087
24,4,22,24_22,reviewer,low,0,0,1,0,4.288860306354869
24,4,23,24_23,panelist,none,1,0,0,1,4.7010646505006735
24,4,24,24_24,panelist,low,1,0,1,0,4.042057320089554
24,5,01,24_01,panelist,low,1,0,1,0,3.633152261591762
24,5,02,24_02,panelist,med,1,0,0,0,4.705836715427471
24,5,03,24_03,panelist,high,1,1,0,0,3.7252893466483257
24,5,04,24_04,panelist,low,1,0,1,0,3.5538532642235157
24,5,05,24_05,panelist,low,1,0,1,0,3.5792557589635057
24,5,06,24_06,reviewer,none,0,0,0,1,4.133200520925313
24,5,07,24_07,panelist,med,1,0,0,0,3.712017831876674
24,5,08,24_08,reviewer,med,0,0,0,0,3.595508251362783
24,5,09,24_09,panelist,med,1,0,0,0,4.190744859106153
24,5,10,24_10,reviewer,high,0,1,0,0,3.5110777159236406
24,5,11,24_11,panelist,med,1,0,0,0,3.553180376786472
24,5,12,24_12,panelist,none,1,0,0,1,4.163613173562636
24,5,13,24_13,panelist,low,1,0,1,0,4.612299782737774
24,5,14,24_14,panelist,high,1,1,0,0,3.5632271251452874
24,5,15,24_15,panelist,high,1,1,0,0,3.861274783536873
24,5,16,24_16,panelist,med,1,0,0,0,4.026961312615566
24,5,17,24_17,panelist,med,1,0,0,0,4.188282845533227
24,5,18,24_18,panelist,med,1,0,0,0,3.572792191179364
24,5,19,24_19,panelist,med,1,0,0,0,3.8136878657729447
24,5,20,24_20,panelist,none,1,0,0,1,3.991020907231415
24,5,21,24_21,panelist,high,1,1,0,0,3.6267964822421375
24,5,22,24_22,panelist,med,1,0,0,0,4.110316548654209
24,5,23,24_23,panelist,high,1,1,0,0,3.674310673937057
24,5,24,24_24,panelist,none,1,0,0,1,3.850392400405964
24,6,01,24_01,panelist,med,1,0,0,0,4.297999673049707
24,6,02,24_02,panelist,med,1,0,0,0,4.591273909888046
24,6,03,24_03,panelist,high,1,1,0,0,3.92475850678647
24,6,04,24_04,panelist,high,1,1,0,0,3.735153502368855
24,6,05,24_05,panelist,med,1,0,0,0,3.98329782853129
24,6,06,24_06,panelist,none,1,0,0,1,4.730984011548565
24,6,07,24_07,panelist,med,1,0,0,0,3.8816788768319297
24,6,08,24_08,panelist,none,1,0,0,1,4.727347403497053
24,6,09,24_09,panelist,med,1,0,0,0,4.829516307640829
24,6,10,24_10,panelist,low,1,0,1,0,4.480064157565621
24,6,11,24_11,panelist,none,1,0,0,1,4.3253624495791
24,6,12,24_12,panelist,low,1,0,1,0,4.163094484306182
24,6,13,24_13,reviewer,high,0,1,0,0,4.07634580915394
24,6,14,24_14,panelist,high,1,1,0,0,4.096425389546884
24,6,15,24_15,panelist,med,1,0,0,0,4.615620336083153
24,6,16,24_16,panelist,low,1,0,1,0,4.403035199233465
24,6,17,24_17,panelist,high,1,1,0,0,4.274473822081134
24,6,18,24_18,panelist,none,1,0,0,1,4.29088916318631
24,6,19,24_19,reviewer,low,0,0,1,0,3.9134348989829784
24,6,20,24_20,reviewer,med,0,0,0,0,4.036813885366594
24,6,21,24_21,panelist,med,1,0,0,0,4.39970132648045
24,6,22,24_22,panelist,med,1,0,0,0,4.638312002217487
24,6,23,24_23,panelist,med,1,0,0,0,4.489831417935873
24,6,24,24_24,panelist,high,1,1,0,0,3.7818204292109843
24,7,01,24_01,panelist,low,1,0,1,0,4.315359794631865
24,7,02,24_02,panelist,med,1,0,0,0,4.829795368499763
24,7,03,24_03,panelist,high,1,1,0,0,4.001493004222593
24,7,04,24_04,panelist,med,1,0,0,0,4.376665769419246
24,7,05,24_05,reviewer,low,0,0,1,0,4.117578390925111
24,7,06,24_06,panelist,high,1,1,0,0,4.61890555566605
24,7,07,24_07,panelist,high,1,1,0,0,4.124061029760295
24,7,08,24_08,panelist,med,1,0,0,0,4.859452364709632
24,7,09,24_09,panelist,high,1,1,0,0,4.678710980326046
24,7,10,24_10,panelist,med,1,0,0,0,4.393203333319027
24,7,11,24_11,reviewer,med,0,0,0,0,3.999365406868499
24,7,12,24_12,panelist,med,1,0,0,0,4.208059961058059
24,7,13,24_13,panelist,none,1,0,0,1,4.861156921333051
24,7,14,24_14,panelist,high,1,1,0,0,4.521635719692376
24,7,15,24_15,panelist,high,1,1,0,0,4.463917395813954
24,7,16,24_16,panelist,med,1,0,0,0,4.293568493945163
24,7,17,24_17,panelist,none,1,0,0,1,4.696301105817259
24,7,18,24_18,panelist,none,1,0,0,1,4.573197387713179
24,7,19,24_19,panelist,low,1,0,1,0,4.569344771885369
24,7,20,24_20,panelist,med,1,0,0,0,4.320153286585888
24,7,21,24_21,panelist,med,1,0,0,0,4.523527460148629
24,7,22,24_22,panelist,none,1,0,0,1,4.3733946533007115
24,7,23,24_23,panelist,med,1,0,0,0,4.897786229542016
24,7,24,24_24,reviewer,low,0,0,1,0,4.092086314875897
24,8,01,24_01,panelist,med,1,0,0,0,3.5113053204850537
24,8,02,24_02,panelist,none,1,0,0,1,4.89870977450108
24,8,03,24_03,panelist,low,1,0,1,0,3.850034784862961
24,8,04,24_04,reviewer,med,0,0,0,0,3.618063008603966
24,8,05,24_05,panelist,med,1,0,0,0,3.5929998504399143
24,8,06,24_06,reviewer,med,0,0,0,0,3.63849766699683
24,8,07,24_07,panelist,none,1,0,0,1,3.693470023399391
24,8,08,24_08,panelist,med,1,0,0,0,4.024455396627989
24,8,09,24_09,panelist,med,1,0,0,0,4.632262537248861
24,8,10,24_10,panelist,med,1,0,0,0,3.9717200475143253
24,8,11,24_11,reviewer,med,0,0,0,0,3.5746204251617195
24,8,12,24_12,panelist,med,1,0,0,0,4.029616327848407
24,8,13,24_13,panelist,high,1,1,0,0,4.25194243935334
24,8,14,24_14,panelist,high,1,1,0,0,3.895651447213215
24,8,15,24_15,panelist,high,1,1,0,0,3.6143449495249325
24,8,16,24_16,panelist,low,1,0,1,0,4.259637536866205
24,8,17,24_17,panelist,high,1,1,0,0,4.160951043126724
24,8,18,24_18,panelist,high,1,1,0,0,3.5840239534583884
24,8,19,24_19,panelist,low,1,0,1,0,3.5377755874983503
24,8,20,24_20,panelist,low,1,0,1,0,4.395886361872488
24,8,21,24_21,panelist,high,1,1,0,0,3.9783509124054555
24,8,22,24_22,panelist,none,1,0,0,1,4.330912287633542
24,8,23,24_23,panelist,med,1,0,0,0,3.6098369079970714
24,8,24,24_24,panelist,none,1,0,0,1,3.7101260868787014
24,9,01,24_01,panelist,med,1,0,0,0,4.185634794932104
24,9,02,24_02,panelist,high,1,1,0,0,4.6979609022446
24,9,03,24_03,panelist,med,1,0,0,0,4.057761276648678
24,9,04,24_04,panelist,med,1,0,0,0,4.019704423511978
24,9,05,24_05,panelist,med,1,0,0,0,4.589690044968935
24,9,06,24_06,panelist,none,1,0,0,1,4.715873068710849
24,9,07,24_07,panelist,med,1,0,0,0,4.106870155663926
24,9,08,24_08,panelist,none,1,0,0,1,4.488977074562198
24,9,09,24_09,panelist,low,1,0,1,0,4.758356529058947
24,9,10,24_10,reviewer,high,0,1,0,0,3.8352933058862426
24,9,11,24_11,panelist,high,1,1,0,0,4.334739226345135
24,9,12,24_12,panelist,high,1,1,0,0,4.296132606805786
24,9,13,24_13,panelist,low,1,0,1,0,4.481463719060385
24,9,14,24_14,panelist,med,1,0,0,0,4.489880134407643
24,9,15,24_15,panelist,med,1,0,0,0,4.453551017719624
24,9,16,24_16,panelist,none,1,0,0,1,4.371933194888694
24,9,17,24_17,panelist,med,1,0,0,0,4.584411977608091
24,9,18,24_18,reviewer,low,0,0,1,0,4.420672839798885
24,9,19,24_19,panelist,high,1,1,0,0,4.346456825656856
24,9,20,24_20,panelist,med,1,0,0,0,4.3105371154372945
24,9,21,24_21,reviewer,med,0,0,0,0,4.292713322316407
24,9,22,24_22,panelist,high,1,1,0,0,4.042279334614895
24,9,23,24_23,panelist,low,1,0,1,0,4.412651975046237
24,9,24,24_24,panelist,none,1,0,0,1,4.473584691948578
24,10,01,24_01,panelist,low,1,0,1,0,3.8467870520275826
24,10,02,24_02,panelist,low,1,0,1,0,4.625331970374196
24,10,03,24_03,panelist,med,1,0,0,0,3.696472541941492
24,10,04,24_04,panelist,high,1,1,0,0,3.6048713736507683
24,10,05,24_05,panelist,med,1,0,0,0,3.9891324247679845
24,10,06,24_06,panelist,none,1,0,0,1,4.35510148387065
24,10,07,24_07,panelist,none,1,0,0,1,3.911331091069092
24,10,08,24_08,panelist,high,1,1,0,0,4.176010006509381
24,10,09,24_09,panelist,med,1,0,0,0,4.526235283921722
24,10,10,24_10,panelist,med,1,0,0,0,4.078305472984819
24,10,11,24_11,reviewer,med,0,0,0,0,3.6529817128474678
24,10,12,24_12,reviewer,med,0,0,0,0,3.5325703730649747
24,10,13,24_13,panelist,none,1,0,0,1,4.707665744500002
24,10,14,24_14,panelist,low,1,0,1,0,4.181986511618499
24,10,15,24_15,reviewer,high,0,1,0,0,3.826036837372839
24,10,16,24_16,panelist,high,1,1,0,0,4.044187472290667
24,10,17,24_17,panelist,med,1,0,0,0,3.8812428289134444
24,10,18,24_18,panelist,high,1,1,0,0,4.0000480774102085
24,10,19,24_19,panelist,none,1,0,0,1,3.7835931788873505
24,10,20,24_20,panelist,high,1,1,0,0,4.210954055457213
24,10,21,24_21,panelist,med,1,0,0,0,4.226429008475323
24,10,22,24_22,panelist,med,1,0,0,0,4.1937341668914385
24,10,23,24_23,panelist,low,1,0,1,0,4.257161338042703
24,10,24,24_24,panelist,med,1,0,0,0,3.735584049574317
24,11,01,24_01,reviewer,none,0,0,0,1,3.875308544313852
24,11,02,24_02,panelist,med,1,0,0,0,4.029367475388735
24,11,03,24_03,panelist,low,1,0,1,0,4.186483043006525
24,11,04,24_04,panelist,high,1,1,0,0,3.6646180035866456
24,11,05,24_05,panelist,none,1,0,0,1,3.8451270954828316
24,11,06,24_06,panelist,none,1,0,0,1,4.4142580477869755
24,11,07,24_07,panelist,low,1,0,1,0,3.514556207659546
24,11,08,24_08,panelist,low,1,0,1,0,4.118162838035667
24,11,09,24_09,panelist,med,1,0,0,0,4.262414179195213
24,11,10,24_10,panelist,none,1,0,0,1,3.9608471782796477
24,11,11,24_11,panelist,med,1,0,0,0,3.591885815633587
24,11,12,24_12,panelist,low,1,0,1,0,4.074580426732954
24,11,13,24_13,panelist,med,1,0,0,0,4.46542404850472
24,11,14,24_14,panelist,high,1,1,0,0,3.698671731214299
24,11,15,24_15,panelist,med,1,0,0,0,3.8020892982727523
24,11,16,24_16,panelist,high,1,1,0,0,3.712281625252587
24,11,17,24_17,reviewer,med,0,0,0,0,3.552153207636911
24,11,18,24_18,panelist,med,1,0,0,0,4.051269930160205
24,11,19,24_19,panelist,med,1,0,0,0,3.8538117486184884
24,11,20,24_20,panelist,high,1,1,0,0,3.786021987582377
24,11,21,24_21,panelist,high,1,1,0,0,3.9221748905454255
24,11,22,24_22,reviewer,med,0,0,0,0,3.943729929451518
24,11,23,24_23,panelist,high,1,1,0,0,4.259863841429303
24,11,24,24_24,panelist,med,1,0,0,0,3.5202507887090717
24,12,01,24_01,panelist,low,1,0,1,0,3.9814215340885055
24,12,02,24_02,panelist,med,1,0,0,0,4.082955060317688
24,12,03,24_03,panelist,med,1,0,0,0,3.666568897048251
24,12,04,24_04,panelist,med,1,0,0,0,3.9747472585223433
24,12,05,24_05,panelist,med,1,0,0,0,3.6898744739576363
24,12,06,24_06,reviewer,high,0,1,0,0,4.257090840348403
24,12,07,24_07,panelist,high,1,1,0,0,3.7620052159839013
24,12,08,24_08,panelist,high,1,1,0,0,3.9185441476667675
24,12,09,24_09,panelist,none,1,0,0,1,4.858967746827091
24,12,10,24_10,panelist,med,1,0,0,0,4.130499030024191
24,12,11,24_11,panelist,med,1,0,0,0,3.6548896911266966
24,12,12,24_12,panelist,low,1,0,1,0,4.263614370542677
24,12,13,24_13,panelist,none,1,0,0,1,4.6924536247907565
24,12,14,24_14,panelist,none,1,0,0,1,4.468547775117508
24,12,15,24_15,panelist,low,1,0,1,0,4.107477415492165
24,12,16,24_16,panelist,med,1,0,0,0,4.027814929034268
24,12,17,24_17,panelist,high,1,1,0,0,3.9547139668626308
24,12,18,24_18,panelist,low,1,0,1,0,4.56847317618321
24,12,19,24_19,panelist,med,1,0,0,0,3.7694454141443288
24,12,20,24_20,panelist,high,1,1,0,0,3.9482018449790366
24,12,21,24_21,panelist,med,1,0,0,0,3.7986169233441625
24,12,22,24_22,reviewer,high,0,1,0,0,3.696101286182257
24,12,23,24_23,panelist,none,1,0,0,1,4.277491407245173
24,12,24,24_24,reviewer,med,0,0,0,0,3.669670663417739
24,13,01,24_01,panelist,high,1,1,0,0,3.984862550229209
24,13,02,24_02,panelist,high,1,1,0,0,4.633946509198848
24,13,03,24_03,panelist,low,1,0,1,0,4.086077111982247
24,13,04,24_04,panelist,med,1,0,0,0,3.94711603511896
24,13,05,24_05,panelist,none,1,0,0,1,4.025549979378774
24,13,06,24_06,panelist,med,1,0,0,0,4.4475345353476445
24,13,07,24_07,panelist,none,1,0,0,1,3.904743611773025
24,13,08,24_08,panelist,low,1,0,1,0,4.7217915179152925
24,13,09,24_09,panelist,none,1,0,0,1,4.813035544409418
24,13,10,24_10,panelist,high,1,1,0,0,3.825751714926799
24,13,11,24_11,panelist,high,1,1,0,0,4.1713553176228775
24,13,12,24_12,reviewer,med,0,0,0,0,4.110393376159616
24,13,13,24_13,panelist,med,1,0,0,0,4.856215624308969
24,13,14,24_14,panelist,high,1,1,0,0,4.416610231364229
24,13,15,24_15,reviewer,low,0,0,1,0,4.156129653029603
24,13,16,24_16,panelist,med,1,0,0,0,4.038510333672181
24,13,17,24_17,panelist,low,1,0,1,0,4.789429723628461
24,13,18,24_18,panelist,med,1,0,0,0,4.627656745477027
24,13,19,24_19,panelist,none,1,0,0,1,4.172119968237326
24,13,20,24_20,reviewer,med,0,0,0,0,4.176009389042009
24,13,21,24_21,panelist,high,1,1,0,0,4.238950803639917
24,13,22,24_22,panelist,med,1,0,0,0,4.695574404020489
24,13,23,24_23,panelist,med,1,0,0,0,4.445163864754825
24,13,24,24_24,panelist,med,1,0,0,0,4.073956201579957
24,14,01,24_01,panelist,high,1,1,0,0,3.8137218400059028
24,14,02,24_02,panelist,low,1,0,1,0,4.717011161977582
24,14,03,24_03,reviewer,med,0,0,0,0,3.60708856369558
24,14,04,24_04,panelist,med,1,0,0,0,3.5043721674895543
24,14,05,24_05,panelist,low,1,0,1,0,3.642387963691327
24,14,06,24_06,panelist,high,1,1,0,0,3.8933318932750702
24,14,07,24_07,panelist,none,1,0,0,1,4.056939238165699
24,14,08,24_08,panelist,med,1,0,0,0,4.360008819332877
24,14,09,24_09,panelist,med,1,0,0,0,4.082942018513422
24,14,10,24_10,panelist,none,1,0,0,1,4.591264352843122
24,14,11,24_11,reviewer,med,0,0,0,0,3.915981299280652
24,14,12,24_12,panelist,low,1,0,1,0,4.040785461179809
24,14,13,24_13,panelist,high,1,1,0,0,4.098765314309129
24,14,14,24_14,panelist,med,1,0,0,0,3.838635725011502
24,14,15,24_15,panelist,med,1,0,0,0,4.002508098858704
24,14,16,24_16,panelist,low,1,0,1,0,4.17933404476239
24,14,17,24_17,panelist,med,1,0,0,0,3.7690934626037635
24,14,18,24_18,panelist,med,1,0,0,0,3.79408798107595
24,14,19,24_19,reviewer,none,0,0,0,1,3.617098940842887
24,14,20,24_20,panelist,high,1,1,0,0,3.9636417344577493
24,14,21,24_21,panelist,high,1,1,0,0,3.561424177092893
24,14,22,24_22,panelist,high,1,1,0,0,3.651627582669218
24,14,23,24_23,panelist,none,1,0,0,1,4.263709864752082
24,14,24,24_24,panelist,med,1,0,0,0,3.919623222526467
24,15,01,24_01,panelist,med,1,0,0,0,3.5167769667092195
24,15,02,24_02,panelist,med,1,0,0,0,3.906942081041112
24,15,03,24_03,reviewer,high,0,1,0,0,3.561543043117158
24,15,04,24_04,panelist,med,1,0,0,0,3.562876243674716
24,15,05,24_05,panelist,high,1,1,0,0,3.745460947404403
24,15,06,24_06,panelist,high,1,1,0,0,3.613180330385364
24,15,07,24_07,panelist,high,1,1,0,0,3.573745476934939
24,15,08,24_08,panelist,high,1,1,0,0,3.7425731736718433
24,15,09,24_09,reviewer,med,0,0,0,0,3.60365678313315
24,15,10,24_10,panelist,none,1,0,0,1,3.6872966801808644
24,15,11,24_11,panelist,low,1,0,1,0,3.576489267836131
24,15,12,24_12,panelist,high,1,1,0,0,3.748791482786803
24,15,13,24_13,panelist,low,1,0,1,0,3.8711126259953805
24,15,14,24_14,panelist,none,1,0,0,1,3.768277987161696
24,15,15,24_15,panelist,low,1,0,1,0,3.730467012047306
24,15,16,24_16,panelist,none,1,0,0,1,3.8284515078712182
24,15,17,24_17,reviewer,med,0,0,0,0,3.5266372987508405
24,15,18,24_18,panelist,none,1,0,0,1,4.032020013008407
24,15,19,24_19,panelist,med,1,0,0,0,3.7250627720994984
24,15,20,24_20,panelist,low,1,0,1,0,3.8435211055457716
24,15,21,24_21,panelist,med,1,0,0,0,3.5085092316676616
24,15,22,24_22,panelist,med,1,0,0,0,3.577875802692999
24,15,23,24_23,panelist,med,1,0,0,0,3.740907347947602
24,15,24,24_24,panelist,med,1,0,0,0,3.521582305653032
25,1,01,25_01,panelist,med,1,0,0,0,3.9843268480445104
25,1,02,25_02,panelist,med,1,0,0,0,4.447700572875762
25,1,03,25_03,panelist,low,1,0,1,0,3.6563449378975004
25,1,04,25_04,panelist,none,1,0,0,1,4.204754553010923
25,1,05,25_05,panelist,med,1,0,0,0,3.5330454661441983
25,1,06,25_06,panelist,none,1,0,0,1,4.2561077208928575
25,1,07,25_07,panelist,med,1,0,0,0,3.6896025536826014
25,1,08,25_08,panelist,high,1,1,0,0,4.233622971343238
25,1,09,25_09,panelist,high,1,1,0,0,4.48603739054977
25,1,10,25_10,panelist,high,1,1,0,0,3.6673106952568646
25,1,11,25_11,panelist,high,1,1,0,0,4.200292928809096
25,1,12,25_12,panelist,low,1,0,1,0,3.998134343073389
25,1,13,25_13,panelist,med,1,0,0,0,4.153298528915087
25,1,14,25_14,reviewer,med,0,0,0,0,3.759816462936574
25,1,15,25_15,panelist,med,1,0,0,0,4.173919245788361
25,1,16,25_16,panelist,high,1,1,0,0,4.479458407254245
25,1,17,25_17,panelist,high,1,1,0,0,4.111521276244873
25,1,18,25_18,panelist,low,1,0,1,0,4.550937119855732
25,1,19,25_19,panelist,med,1,0,0,0,3.807586055240287
25,1,20,25_20,panelist,none,1,0,0,1,4.560797787003774
25,1,21,25_21,panelist,med,1,0,0,0,4.27081045660607
25,1,22,25_22,reviewer,med,0,0,0,0,3.7026763977871635
25,1,23,25_23,panelist,none,1,0,0,1,4.53144784507903
25,1,24,25_24,reviewer,low,0,0,1,0,3.7387230865689176
25,2,01,25_01,panelist,med,1,0,0,0,3.8633256790947774
25,2,02,25_02,panelist,med,1,0,0,0,4.516680108696027
25,2,03,25_03,panelist,low,1,0,1,0,4.519936953249698
25,2,04,25_04,panelist,high,1,1,0,0,3.6027764470039423
25,2,05,25_05,panelist,none,1,0,0,1,3.9077853487525585
25,2,06,25_06,panelist,none,1,0,0,1,4.874801322022641
25,2,07,25_07,panelist,high,1,1,0,0,3.9264016493858054
25,2,08,25_08,panelist,high,1,1,0,0,4.413515126166857
25,2,09,25_09,reviewer,high,0,1,0,0,4.222115092918085
25,2,10,25_10,panelist,high,1,1,0,0,3.6088854937080606
25,2,11,25_11,panelist,none,1,0,0,1,4.000898311771441
25,2,12,25_12,panelist,med,1,0,0,0,3.8337183109801503
25,2,13,25_13,panelist,low,1,0,1,0,4.648339473760218
25,2,14,25_14,panelist,low,1,0,1,0,4.194946477327596
25,2,15,25_15,panelist,med,1,0,0,0,4.022823729483691
25,2,16,25_16,panelist,med,1,0,0,0,3.9982158671029997
25,2,17,25_17,panelist,med,1,0,0,0,4.189745036981054
25,2,18,25_18,panelist,med,1,0,0,0,4.449822958375353
25,2,19,25_19,panelist,med,1,0,0,0,3.9628275528039283
25,2,20,25_20,panelist,med,1,0,0,0,4.113539653238323
25,2,21,25_21,panelist,low,1,0,1,0,4.107660373740483
25,2,22,25_22,reviewer,med,0,0,0,0,3.9501342013870686
25,2,23,25_23,reviewer,high,0,1,0,0,3.56976874404256
25,2,24,25_24,panelist,none,1,0,0,1,3.8934723058060245
25,3,01,25_01,panelist,high,1,1,0,0,3.885474220652402
25,3,02,25_02,panelist,med,1,0,0,0,4.292223195019759
25,3,03,25_03,panelist,med,1,0,0,0,3.689977749651537
25,3,04,25_04,reviewer,med,0,0,0,0,3.7655796128204804
25,3,05,25_05,panelist,none,1,0,0,1,4.311252243584899
25,3,06,25_06,panelist,low,1,0,1,0,4.417363606718039
25,3,07,25_07,panelist,none,1,0,0,1,3.7199158913076347
25,3,08,25_08,panelist,low,1,0,1,0,4.466082781008458
25,3,09,25_09,panelist,high,1,1,0,0,4.312558292932361
25,3,10,25_10,reviewer,med,0,0,0,0,3.86033599857242
25,3,11,25_11,panelist,none,1,0,0,1,4.2669957554950475
25,3,12,25_12,panelist,low,1,0,1,0,4.489568767372218
25,3,13,25_13,panelist,med,1,0,0,0,4.266941235686453
25,3,14,25_14,panelist,high,1,1,0,0,4.260207516088669
25,3,15,25_15,panelist,none,1,0,0,1,4.3347745486048606
25,3,16,25_16,reviewer,med,0,0,0,0,3.9696613606957842
25,3,17,25_17,panelist,med,1,0,0,0,3.9639278159780544
25,3,18,25_18,panelist,med,1,0,0,0,4.288736333246433
25,3,19,25_19,panelist,low,1,0,1,0,3.6212819906734617
25,3,20,25_20,panelist,high,1,1,0,0,4.577600363971202
25,3,21,25_21,panelist,med,1,0,0,0,3.93755432982233
25,3,22,25_22,panelist,high,1,1,0,0,4.235535060957415
25,3,23,25_23,panelist,med,1,0,0,0,4.16414503760023
25,3,24,25_24,panelist,high,1,1,0,0,3.7302203638779563
25,4,01,25_01,panelist,high,1,1,0,0,3.998325485613764
25,4,02,25_02,panelist,none,1,0,0,1,4.604256606751416
25,4,03,25_03,panelist,med,1,0,0,0,3.69325345038689
25,4,04,25_04,panelist,low,1,0,1,0,3.996905852640745
25,4,05,25_05,panelist,med,1,0,0,0,4.321842212354987
25,4,06,25_06,panelist,none,1,0,0,1,4.857872743158573
25,4,07,25_07,reviewer,med,0,0,0,0,3.9473553007526823
25,4,08,25_08,panelist,high,1,1,0,0,4.38933364944359
25,4,09,25_09,panelist,med,1,0,0,0,4.558501996430483
25,4,10,25_10,reviewer,med,0,0,0,0,4.008445333185599
25,4,11,25_11,panelist,high,1,1,0,0,3.874533546882597
25,4,12,25_12,panelist,med,1,0,0,0,4.048524301187261
25,4,13,25_13,reviewer,none,0,0,0,1,4.701068655806572
25,4,14,25_14,panelist,med,1,0,0,0,4.451861008847271
25,4,15,25_15,panelist,high,1,1,0,0,3.593270015470532
25,4,16,25_16,panelist,med,1,0,0,0,4.381220270196415
25,4,17,25_17,panelist,low,1,0,1,0,4.358267117189461
25,4,18,25_18,panelist,low,1,0,1,0,4.595429711203087
25,4,19,25_19,panelist,low,1,0,1,0,4.3793231119699705
25,4,20,25_20,panelist,high,1,1,0,0,4.219461603084123
25,4,21,25_21,panelist,none,1,0,0,1,4.660973717433903
25,4,22,25_22,panelist,high,1,1,0,0,4.427175107288363
25,4,23,25_23,panelist,med,1,0,0,0,4.067253603716896
25,4,24,25_24,panelist,med,1,0,0,0,4.038421403249631
25,5,01,25_01,panelist,high,1,1,0,0,3.5225737093359255
25,5,02,25_02,reviewer,med,0,0,0,0,4.217834704530493
25,5,03,25_03,panelist,med,1,0,0,0,3.529208122071708
25,5,04,25_04,panelist,med,1,0,0,0,3.8088464466028764
25,5,05,25_05,reviewer,none,0,0,0,1,3.7545489586061627
25,5,06,25_06,panelist,none,1,0,0,1,4.416783784703284
25,5,07,25_07,panelist,med,1,0,0,0,4.000474335023187
25,5,08,25_08,panelist,low,1,0,1,0,4.221312297052952
25,5,09,25_09,panelist,high,1,1,0,0,4.4310012915909525
25,5,10,25_10,panelist,med,1,0,0,0,3.763670224444135
25,5,11,25_11,panelist,high,1,1,0,0,3.9343583700902895
25,5,12,25_12,panelist,med,1,0,0,0,3.8930943865396506
25,5,13,25_13,panelist,low,1,0,1,0,4.464774891388417
25,5,14,25_14,panelist,med,1,0,0,0,3.8105154953858595
25,5,15,25_15,panelist,high,1,1,0,0,3.6150291901399227
25,5,16,25_16,panelist,med,1,0,0,0,3.936727004362524
25,5,17,25_17,panelist,low,1,0,1,0,4.017179871252781
25,5,18,25_18,panelist,none,1,0,0,1,4.517454248464819
25,5,19,25_19,panelist,none,1,0,0,1,4.061533143266475
25,5,20,25_20,panelist,med,1,0,0,0,3.9932923961964355
25,5,21,25_21,panelist,low,1,0,1,0,4.3522070677388625
25,5,22,25_22,panelist,high,1,1,0,0,3.9427403279818116
25,5,23,25_23,panelist,med,1,0,0,0,4.029425825619926
25,5,24,25_24,reviewer,high,0,1,0,0,3.781664388830148
25,6,01,25_01,panelist,high,1,1,0,0,4.207434671256573
25,6,02,25_02,panelist,low,1,0,1,0,4.694989686282261
25,6,03,25_03,reviewer,none,0,0,0,1,4.001261321603053
25,6,04,25_04,panelist,med,1,0,0,0,4.101711976920345
25,6,05,25_05,panelist,high,1,1,0,0,4.000191999503435
25,6,06,25_06,panelist,high,1,1,0,0,4.128988857328398
25,6,07,25_07,panelist,med,1,0,0,0,4.10067560972083
25,6,08,25_08,panelist,high,1,1,0,0,4.558686075000182
25,6,09,25_09,panelist,med,1,0,0,0,4.235098810336398
25,6,10,25_10,panelist,high,1,1,0,0,4.360493728063944
25,6,11,25_11,panelist,low,1,0,1,0,4.311428368629002
25,6,12,25_12,panelist,none,1,0,0,1,4.3877143550981215
25,6,13,25_13,panelist,high,1,1,0,0,4.50507808969149
25,6,14,25_14,panelist,med,1,0,0,0,4.352968690391503
25,6,15,25_15,reviewer,low,0,0,1,0,4.50579619310887
25,6,16,25_16,panelist,med,1,0,0,0,4.101539887991342
25,6,17,25_17,panelist,med,1,0,0,0,4.411330690583846
25,6,18,25_18,panelist,low,1,0,1,0,4.214535698520605
25,6,19,25_19,reviewer,med,0,0,0,0,3.8410924953173278
25,6,20,25_20,panelist,med,1,0,0,0,4.497156175230336
25,6,21,25_21,panelist,med,1,0,0,0,4.700792131829709
25,6,22,25_22,panelist,med,1,0,0,0,4.391453036328224
25,6,23,25_23,panelist,none,1,0,0,1,4.798106115003493
25,6,24,25_24,panelist,none,1,0,0,1,4.647822224414013
25,7,01,25_01,panelist,low,1,0,1,0,4.136969693350783
25,7,02,25_02,reviewer,none,0,0,0,1,4.804442989062407
25,7,03,25_03,panelist,high,1,1,0,0,4.145185219014207
25,7,04,25_04,panelist,med,1,0,0,0,3.9834546155072235
25,7,05,25_05,panelist,med,1,0,0,0,4.413218147414476
25,7,06,25_06,reviewer,high,0,1,0,0,4.478979347036315
25,7,07,25_07,panelist,high,1,1,0,0,3.9743481813552846
25,7,08,25_08,panelist,med,1,0,0,0,4.630967424868573
25,7,09,25_09,panelist,low,1,0,1,0,4.672509235327163
25,7,10,25_10,reviewer,med,0,0,0,0,4.238809080730925
25,7,11,25_11,panelist,none,1,0,0,1,4.5144966268907725
25,7,12,25_12,panelist,high,1,1,0,0,4.574010586857129
25,7,13,25_13,panelist,med,1,0,0,0,4.791632211521704
25,7,14,25_14,panelist,med,1,0,0,0,4.57367667846544
25,7,15,25_15,panelist,med,1,0,0,0,4.5727774653130515
25,7,16,25_16,panelist,low,1,0,1,0,4.215424866782788
25,7,17,25_17,panelist,none,1,0,0,1,4.66521171910323
25,7,18,25_18,panelist,low,1,0,1,0,4.767521629583745
25,7,19,25_19,panelist,high,1,1,0,0,4.412463958385396
25,7,20,25_20,panelist,med,1,0,0,0,4.74446432675484
25,7,21,25_21,panelist,none,1,0,0,1,4.612145332591907
25,7,22,25_22,panelist,med,1,0,0,0,4.303567539733597
25,7,23,25_23,panelist,med,1,0,0,0,4.660878266034329
25,7,24,25_24,panelist,high,1,1,0,0,4.168891104523908
25,8,01,25_01,panelist,low,1,0,1,0,4.085361469727857
25,8,02,25_02,panelist,med,1,0,0,0,3.960948290331025
25,8,03,25_03,panelist,low,1,0,1,0,3.822187234649786
25,8,04,25_04,panelist,low,1,0,1,0,3.5826465528561773
25,8,05,25_05,panelist,high,1,1,0,0,3.720990697798584
25,8,06,25_06,reviewer,med,0,0,0,0,3.9638605458506744
25,8,07,25_07,panelist,med,1,0,0,0,3.771207187602453
25,8,08,25_08,panelist,high,1,1,0,0,3.884383613163007
25,8,09,25_09,panelist,low,1,0,1,0,4.30598759473283
25,8,10,25_10,panelist,med,1,0,0,0,3.888171960022654
25,8,11,25_11,panelist,med,1,0,0,0,3.67758258890808
25,8,12,25_12,panelist,med,1,0,0,0,3.8669057730606085
25,8,13,25_13,panelist,high,1,1,0,0,4.422219229029699
25,8,14,25_14,panelist,none,1,0,0,1,4.265987774059504
25,8,15,25_15,panelist,none,1,0,0,1,4.096593109345869
25,8,16,25_16,panelist,med,1,0,0,0,3.7940683227672714
25,8,17,25_17,reviewer,high,0,1,0,0,4.10768205371753
25,8,18,25_18,panelist,med,1,0,0,0,3.806326346574645
25,8,19,25_19,panelist,none,1,0,0,1,3.8337112913915075
25,8,20,25_20,panelist,med,1,0,0,0,4.22361547697456
25,8,21,25_21,panelist,high,1,1,0,0,3.7168787089610578
25,8,22,25_22,panelist,med,1,0,0,0,3.7567848909205765
25,8,23,25_23,reviewer,high,0,1,0,0,3.7438153782504835
25,8,24,25_24,panelist,none,1,0,0,1,3.7647350063505822
25,9,01,25_01,panelist,none,1,0,0,1,4.75397826748817
25,9,02,25_02,panelist,med,1,0,0,0,4.868060508612716
25,9,03,25_03,panelist,low,1,0,1,0,4.1369905967100395
25,9,04,25_04,panelist,none,1,0,0,1,4.499644300679185
25,9,05,25_05,reviewer,high,0,1,0,0,3.8689981561862563
25,9,06,25_06,panelist,med,1,0,0,0,4.606236439540673
25,9,07,25_07,panelist,high,1,1,0,0,4.046786408338194
25,9,08,25_08,panelist,med,1,0,0,0,4.631515992796516
25,9,09,25_09,panelist,med,1,0,0,0,4.6881113255375615
25,9,10,25_10,panelist,none,1,0,0,1,4.3671017658352165
25,9,11,25_11,panelist,med,1,0,0,0,4.092935008796594
25,9,12,25_12,panelist,high,1,1,0,0,4.321124772485792
25,9,13,25_13,panelist,med,1,0,0,0,4.649791853657844
25,9,14,25_14,reviewer,high,0,1,0,0,4.276257803798716
25,9,15,25_15,panelist,med,1,0,0,0,4.589117061977758
25,9,16,25_16,reviewer,med,0,0,0,0,4.127321830660049
25,9,17,25_17,panelist,high,1,1,0,0,4.015527900838323
25,9,18,25_18,panelist,low,1,0,1,0,4.5541364857774935
25,9,19,25_19,panelist,med,1,0,0,0,4.022883855142774
25,9,20,25_20,panelist,low,1,0,1,0,4.529497291309619
25,9,21,25_21,panelist,none,1,0,0,1,4.752371072223584
25,9,22,25_22,panelist,low,1,0,1,0,4.681305756934387
25,9,23,25_23,panelist,high,1,1,0,0,4.126676919059705
25,9,24,25_24,panelist,med,1,0,0,0,3.9967386873480364
25,10,01,25_01,panelist,none,1,0,0,1,4.185579430672005
25,10,02,25_02,panelist,med,1,0,0,0,4.399558531918423
25,10,03,25_03,panelist,med,1,0,0,0,3.594048594062568
25,10,04,25_04,panelist,med,1,0,0,0,4.109057844490242
25,10,05,25_05,panelist,med,1,0,0,0,3.8092460168537525
25,10,06,25_06,panelist,high,1,1,0,0,4.1258890421373735
25,10,07,25_07,reviewer,low,0,0,1,0,3.5121470035113593
25,10,08,25_08,panelist,low,1,0,1,0,4.27326262811884
25,10,09,25_09,panelist,med,1,0,0,0,4.8006428017760605
25,10,10,25_10,panelist,high,1,1,0,0,4.062237705235942
25,10,11,25_11,panelist,med,1,0,0,0,3.8817591260687268
25,10,12,25_12,panelist,med,1,0,0,0,3.871309668437238
25,10,13,25_13,reviewer,none,0,0,0,1,4.348059236388788
25,10,14,25_14,panelist,med,1,0,0,0,3.9395031468878097
25,10,15,25_15,reviewer,low,0,0,1,0,3.5854168489806018
25,10,16,25_16,panelist,high,1,1,0,0,3.813145964127334
25,10,17,25_17,panelist,high,1,1,0,0,4.072098084001776
25,10,18,25_18,panelist,none,1,0,0,1,4.425876845079697
25,10,19,25_19,panelist,med,1,0,0,0,3.8583220944592576
25,10,20,25_20,panelist,none,1,0,0,1,4.454860246023892
25,10,21,25_21,panelist,low,1,0,1,0,4.070506993657149
25,10,22,25_22,panelist,med,1,0,0,0,3.88638990889945
25,10,23,25_23,panelist,high,1,1,0,0,4.175517420859386
25,10,24,25_24,panelist,high,1,1,0,0,3.633067519479596
25,11,01,25_01,panelist,high,1,1,0,0,3.8033919270236805
25,11,02,25_02,panelist,low,1,0,1,0,3.9870184985003663
25,11,03,25_03,panelist,high,1,1,0,0,4.088800018019855
25,11,04,25_04,panelist,none,1,0,0,1,3.9652409915870037
25,11,05,25_05,panelist,med,1,0,0,0,3.8825418993921934
25,11,06,25_06,panelist,med,1,0,0,0,4.053407062322928
25,11,07,25_07,panelist,none,1,0,0,1,4.169322396459186
25,11,08,25_08,panelist,med,1,0,0,0,4.351053548136372
25,11,09,25_09,panelist,low,1,0,1,0,4.324438500529205
25,11,10,25_10,panelist,med,1,0,0,0,4.026658315899865
25,11,11,25_11,panelist,med,1,0,0,0,3.741296879121146
25,11,12,25_12,panelist,low,1,0,1,0,4.154304888090069
25,11,13,25_13,panelist,high,1,1,0,0,4.349007958216684
25,11,14,25_14,panelist,med,1,0,0,0,4.30351419731902
25,11,15,25_15,panelist,med,1,0,0,0,3.824362765364408
25,11,16,25_16,reviewer,high,0,1,0,0,3.566333599185611
25,11,17,25_17,panelist,high,1,1,0,0,3.7839213581925235
25,11,18,25_18,panelist,none,1,0,0,1,4.3175982496324155
25,11,19,25_19,reviewer,med,0,0,0,0,3.9392951073888653
25,11,20,25_20,panelist,med,1,0,0,0,4.3511769353247205
25,11,21,25_21,reviewer,high,0,1,0,0,3.9333682577033
25,11,22,25_22,panelist,low,1,0,1,0,3.7846537001506477
25,11,23,25_23,panelist,med,1,0,0,0,4.125366977597475
25,11,24,25_24,panelist,none,1,0,0,1,4.119378081949668
25,12,01,25_01,panelist,med,1,0,0,0,3.5475640544971423
25,12,02,25_02,panelist,low,1,0,1,0,4.642173689997993
25,12,03,25_03,panelist,med,1,0,0,0,3.6611129384324266
25,12,04,25_04,panelist,none,1,0,0,1,4.046551399523962
25,12,05,25_05,panelist,none,1,0,0,1,4.160545824382775
25,12,06,25_06,panelist,high,1,1,0,0,4.12336439716425
25,12,07,25_07,panelist,med,1,0,0,0,3.7459473599400557
25,12,08,25_08,reviewer,none,0,0,0,1,4.429275335600411
25,12,09,25_09,panelist,high,1,1,0,0,4.538512471868163
25,12,10,25_10,panelist,med,1,0,0,0,3.9422284280046744
25,12,11,25_11,panelist,med,1,0,0,0,4.162813458725016
25,12,12,25_12,panelist,high,1,1,0,0,3.7672859639035834
25,12,13,25_13,panelist,low,1,0,1,0,4.451730373318128
25,12,14,25_14,panelist,med,1,0,0,0,4.279260163232649
25,12,15,25_15,panelist,med,1,0,0,0,3.863492970617206
25,12,16,25_16,panelist,low,1,0,1,0,4.054965065429701
25,12,17,25_17,panelist,high,1,1,0,0,4.24723895388952
25,12,18,25_18,panelist,high,1,1,0,0,3.9357932100345216
25,12,19,25_19,reviewer,none,0,0,0,1,4.209062744194148
25,12,20,25_20,reviewer,med,0,0,0,0,4.142491068260802
25,12,21,25_21,panelist,low,1,0,1,0,4.031585362651067
25,12,22,25_22,panelist,high,1,1,0,0,4.134707505203601
25,12,23,25_23,panelist,med,1,0,0,0,4.22758970519159
25,12,24,25_24,panelist,med,1,0,0,0,4.1434975570127985
25,13,01,25_01,panelist,med,1,0,0,0,4.006410382084578
25,13,02,25_02,panelist,med,1,0,0,0,4.747713116196975
25,13,03,25_03,panelist,low,1,0,1,0,4.063305371379253
25,13,04,25_04,panelist,none,1,0,0,1,4.165639848099657
25,13,05,25_05,panelist,med,1,0,0,0,4.338711447809354
25,13,06,25_06,panelist,med,1,0,0,0,4.8635272884538105
25,13,07,25_07,panelist,high,1,1,0,0,3.9307694150059174
25,13,08,25_08,panelist,none,1,0,0,1,4.650983209485462
25,13,09,25_09,panelist,med,1,0,0,0,4.657974558590741
25,13,10,25_10,panelist,high,1,1,0,0,4.266728208721956
25,13,11,25_11,panelist,med,1,0,0,0,3.89219085596431
25,13,12,25_12,reviewer,med,0,0,0,0,4.4025489450189905
25,13,13,25_13,reviewer,low,0,0,1,0,4.4800167115840335
25,13,14,25_14,panelist,high,1,1,0,0,4.335995975720277
25,13,15,25_15,panelist,med,1,0,0,0,3.9779319225158303
25,13,16,25_16,panelist,high,1,1,0,0,4.1182397689442745
25,13,17,25_17,reviewer,none,0,0,0,1,4.349847958673143
25,13,18,25_18,panelist,med,1,0,0,0,4.522832564522215
25,13,19,25_19,panelist,med,1,0,0,0,3.7555052754741407
25,13,20,25_20,panelist,none,1,0,0,1,4.523198477567034
25,13,21,25_21,panelist,high,1,1,0,0,4.525617844283213
25,13,22,25_22,panelist,low,1,0,1,0,4.2810191609191355
25,13,23,25_23,panelist,low,1,0,1,0,4.6762854950384884
25,13,24,25_24,panelist,high,1,1,0,0,3.853722603399702
25,14,01,25_01,panelist,low,1,0,1,0,4.3168840406959195
25,14,02,25_02,panelist,med,1,0,0,0,4.271273935185541
25,14,03,25_03,panelist,med,1,0,0,0,3.7889531942353036
25,14,04,25_04,reviewer,med,0,0,0,0,3.517109888067998
25,14,05,25_05,panelist,med,1,0,0,0,3.8092296019038527
25,14,06,25_06,panelist,low,1,0,1,0,4.3428398377134885
25,14,07,25_07,panelist,none,1,0,0,1,4.250215827001517
25,14,08,25_08,panelist,none,1,0,0,1,4.411630566716584
25,14,09,25_09,panelist,none,1,0,0,1,4.54977197502205
25,14,10,25_10,panelist,med,1,0,0,0,4.205740862818569
25,14,11,25_11,reviewer,high,0,1,0,0,3.6665120912682334
25,14,12,25_12,panelist,med,1,0,0,0,3.8771755291280017
25,14,13,25_13,panelist,med,1,0,0,0,4.381375170058895
25,14,14,25_14,reviewer,high,0,1,0,0,3.9217100202868505
25,14,15,25_15,panelist,med,1,0,0,0,4.082201109034366
25,14,16,25_16,panelist,high,1,1,0,0,3.7640427148955613
25,14,17,25_17,panelist,high,1,1,0,0,3.8613412107451244
25,14,18,25_18,panelist,high,1,1,0,0,3.7904208561499075
25,14,19,25_19,panelist,med,1,0,0,0,3.8690578942379545
25,14,20,25_20,panelist,low,1,0,1,0,3.8861878755643255
25,14,21,25_21,panelist,high,1,1,0,0,4.092753219370118
25,14,22,25_22,panelist,none,1,0,0,1,4.001117490636604
25,14,23,25_23,panelist,low,1,0,1,0,4.105550060731122
25,14,24,25_24,panelist,med,1,0,0,0,3.7698802292975957
25,15,01,25_01,panelist,none,1,0,0,1,3.8699621914616844
25,15,02,25_02,panelist,high,1,1,0,0,3.705566132808805
25,15,03,25_03,panelist,low,1,0,1,0,3.6155067061432313
25,15,04,25_04,panelist,med,1,0,0,0,3.552938333136953
25,15,05,25_05,panelist,med,1,0,0,0,3.7305223958115836
25,15,06,25_06,panelist,med,1,0,0,0,3.851199261123152
25,15,07,25_07,panelist,low,1,0,1,0,3.582548075099819
25,15,08,25_08,panelist,med,1,0,0,0,3.7766293666519966
25,15,09,25_09,reviewer,high,0,1,0,0,3.6234015870167355
25,15,10,25_10,panelist,high,1,1,0,0,3.5987788909731067
25,15,11,25_11,panelist,none,1,0,0,1,3.742009183602776
25,15,12,25_12,panelist,med,1,0,0,0,3.6419965849060913
25,15,13,25_13,panelist,none,1,0,0,1,4.195880375521684
25,15,14,25_14,panelist,low,1,0,1,0,3.739956257674298
25,15,15,25_15,reviewer,med,0,0,0,0,3.6705951824007657
25,15,16,25_16,panelist,none,1,0,0,1,3.993904239458808
25,15,17,25_17,panelist,high,1,1,0,0,3.776015755123574
25,15,18,25_18,reviewer,med,0,0,0,0,3.5282832017124286
25,15,19,25_19,panelist,med,1,0,0,0,3.567468565376731
25,15,20,25_20,panelist,low,1,0,1,0,4.168488641525906
25,15,21,25_21,panelist,med,1,0,0,0,3.9798656012402995
25,15,22,25_22,panelist,high,1,1,0,0,4.024387738264719
25,15,23,25_23,panelist,high,1,1,0,0,3.6510169779280472
25,15,24,25_24,panelist,med,1,0,0,0,3.67971065220437
26,1,01,26_01,panelist,none,1,0,0,1,4.018992168477807
26,1,02,26_02,panelist,high,1,1,0,0,4.225112993570886
26,1,03,26_03,panelist,high,1,1,0,0,3.604443910568914
26,1,04,26_04,panelist,high,1,1,0,0,3.893517543098187
26,1,05,26_05,panelist,med,1,0,0,0,3.5704568626942836
26,1,06,26_06,panelist,med,1,0,0,0,4.190099082645954
26,1,07,26_07,reviewer,none,0,0,0,1,4.2871851639928655
26,1,08,26_08,panelist,med,1,0,0,0,4.381744843816398
26,1,09,26_09,panelist,high,1,1,0,0,3.973195024051701
26,1,10,26_10,panelist,low,1,0,1,0,4.054692100766961
26,1,11,26_11,panelist,high,1,1,0,0,3.6468242396110577
26,1,12,26_12,panelist,low,1,0,1,0,4.3735247237451995
26,1,13,26_13,panelist,low,1,0,1,0,4.484940986810141
26,1,14,26_14,panelist,med,1,0,0,0,4.413429957965746
26,1,15,26_15,panelist,med,1,0,0,0,4.333495854068965
26,1,16,26_16,panelist,med,1,0,0,0,4.042604542910934
26,1,17,26_17,panelist,none,1,0,0,1,4.310643259424148
26,1,18,26_18,reviewer,med,0,0,0,0,3.942883211845926
26,1,19,26_19,panelist,med,1,0,0,0,3.7126569204259368
26,1,20,26_20,panelist,med,1,0,0,0,3.675821108002963
26,1,21,26_21,panelist,low,1,0,1,0,4.1179730498955065
26,1,22,26_22,panelist,high,1,1,0,0,3.97558468118955
26,1,23,26_23,panelist,none,1,0,0,1,4.799737924577367
26,1,24,26_24,reviewer,med,0,0,0,0,3.7539837041719624
26,2,01,26_01,panelist,med,1,0,0,0,3.6102227039568904
26,2,02,26_02,panelist,high,1,1,0,0,4.535980049152132
26,2,03,26_03,panelist,med,1,0,0,0,3.853467318648618
26,2,04,26_04,panelist,high,1,1,0,0,3.966039071100992
26,2,05,26_05,panelist,med,1,0,0,0,4.077751416447171
26,2,06,26_06,panelist,med,1,0,0,0,4.612052960979961
26,2,07,26_07,panelist,low,1,0,1,0,4.133086187965354
26,2,08,26_08,panelist,none,1,0,0,1,4.807400808228125
26,2,09,26_09,panelist,none,1,0,0,1,4.573530687658579
26,2,10,26_10,reviewer,med,0,0,0,0,3.8476299974852806
26,2,11,26_11,panelist,med,1,0,0,0,3.722013304987288
26,2,12,26_12,panelist,med,1,0,0,0,4.002972741556696
26,2,13,26_13,reviewer,med,0,0,0,0,4.230948290729551
26,2,14,26_14,panelist,high,1,1,0,0,4.193365466930351
26,2,15,26_15,panelist,high,1,1,0,0,4.022261485461839
26,2,16,26_16,panelist,high,1,1,0,0,3.814842738144043
26,2,17,26_17,reviewer,high,0,1,0,0,3.557610846775236
26,2,18,26_18,panelist,none,1,0,0,1,4.525904091098914
26,2,19,26_19,panelist,low,1,0,1,0,3.8753551743095755
26,2,20,26_20,panelist,low,1,0,1,0,4.621684560509211
26,2,21,26_21,panelist,none,1,0,0,1,4.514558924043748
26,2,22,26_22,panelist,med,1,0,0,0,4.740228472132033
26,2,23,26_23,panelist,low,1,0,1,0,4.288944897302796
26,2,24,26_24,panelist,med,1,0,0,0,3.6208091251185373
26,3,01,26_01,panelist,med,1,0,0,0,4.007707572823164
26,3,02,26_02,panelist,med,1,0,0,0,4.361779012372543
26,3,03,26_03,panelist,high,1,1,0,0,3.630550777241949
26,3,04,26_04,panelist,med,1,0,0,0,3.9483388669461448
26,3,05,26_05,panelist,med,1,0,0,0,3.7330681065214386
26,3,06,26_06,reviewer,none,0,0,0,1,3.902597055231672
26,3,07,26_07,reviewer,med,0,0,0,0,3.706183405194196
26,3,08,26_08,panelist,none,1,0,0,1,4.80485991758686
26,3,09,26_09,panelist,high,1,1,0,0,4.174459390252957
26,3,10,26_10,panelist,med,1,0,0,0,4.0849613458719665
26,3,11,26_11,panelist,med,1,0,0,0,3.708274259498173
26,3,12,26_12,panelist,high,1,1,0,0,3.9643331294621564
26,3,13,26_13,panelist,low,1,0,1,0,4.524264897471784
26,3,14,26_14,panelist,none,1,0,0,1,4.556158866446786
26,3,15,26_15,reviewer,low,0,0,1,0,3.7170784218166197
26,3,16,26_16,panelist,med,1,0,0,0,3.97476737508357
26,3,17,26_17,panelist,high,1,1,0,0,3.7887832848400524
26,3,18,26_18,panelist,med,1,0,0,0,4.051471319927846
26,3,19,26_19,panelist,high,1,1,0,0,3.987498952450152
26,3,20,26_20,panelist,high,1,1,0,0,4.194279957024943
26,3,21,26_21,panelist,low,1,0,1,0,4.229121273141983
26,3,22,26_22,panelist,none,1,0,0,1,4.443193762340072
26,3,23,26_23,panelist,med,1,0,0,0,4.314373760160599
26,3,24,26_24,panelist,low,1,0,1,0,3.8523720983332015
26,4,01,26_01,panelist,med,1,0,0,0,3.8453286730272707
26,4,02,26_02,panelist,med,1,0,0,0,4.293048021321895
26,4,03,26_03,panelist,med,1,0,0,0,3.619892630207136
26,4,04,26_04,reviewer,low,0,0,1,0,3.9880013959260765
26,4,05,26_05,panelist,none,1,0,0,1,4.200921794338875
26,4,06,26_06,panelist,med,1,0,0,0,4.345650516881005
26,4,07,26_07,panelist,low,1,0,1,0,4.309094791069926
26,4,08,26_08,reviewer,none,0,0,0,1,4.5691764678860105
26,4,09,26_09,panelist,high,1,1,0,0,4.756816521219726
26,4,10,26_10,panelist,low,1,0,1,0,4.3884314936188655
26,4,11,26_11,panelist,high,1,1,0,0,3.668634568921255
26,4,12,26_12,panelist,high,1,1,0,0,4.047860782642183
26,4,13,26_13,panelist,med,1,0,0,0,4.750527533863
26,4,14,26_14,panelist,low,1,0,1,0,4.319869797862691
26,4,15,26_15,panelist,med,1,0,0,0,4.424991021836716
26,4,16,26_16,reviewer,med,0,0,0,0,4.103959144839357
26,4,17,26_17,panelist,none,1,0,0,1,4.769093543582726
26,4,18,26_18,panelist,high,1,1,0,0,4.430433624754945
26,4,19,26_19,panelist,none,1,0,0,1,4.653581519454896
26,4,20,26_20,panelist,med,1,0,0,0,4.481878358095134
26,4,21,26_21,panelist,high,1,1,0,0,4.291616953123162
26,4,22,26_22,panelist,med,1,0,0,0,4.3101178270236575
26,4,23,26_23,panelist,med,1,0,0,0,4.20791662725499
26,4,24,26_24,panelist,high,1,1,0,0,3.673624796440559
26,5,01,26_01,panelist,med,1,0,0,0,3.860129294835159
26,5,02,26_02,panelist,med,1,0,0,0,4.348273414360972
26,5,03,26_03,panelist,high,1,1,0,0,3.62219038264166
26,5,04,26_04,panelist,med,1,0,0,0,3.8857948705273193
26,5,05,26_05,panelist,high,1,1,0,0,3.659249918169186
26,5,06,26_06,reviewer,high,0,1,0,0,3.807248838909141
26,5,07,26_07,panelist,none,1,0,0,1,3.634185135081952
26,5,08,26_08,panelist,high,1,1,0,0,3.9401509836887634
26,5,09,26_09,panelist,none,1,0,0,1,4.3245314345898
26,5,10,26_10,panelist,med,1,0,0,0,3.986061877500039
26,5,11,26_11,panelist,low,1,0,1,0,4.026788542297548
26,5,12,26_12,panelist,none,1,0,0,1,3.966563533565166
26,5,13,26_13,panelist,high,1,1,0,0,4.404684685714971
26,5,14,26_14,panelist,med,1,0,0,0,3.883262762078883
26,5,15,26_15,panelist,med,1,0,0,0,3.93129175761774
26,5,16,26_16,panelist,low,1,0,1,0,4.195238316335369
26,5,17,26_17,panelist,med,1,0,0,0,3.804792107023775
26,5,18,26_18,panelist,high,1,1,0,0,3.6971211695200092
26,5,19,26_19,reviewer,none,0,0,0,1,3.7411031276837816
26,5,20,26_20,panelist,med,1,0,0,0,4.1036300884554135
26,5,21,26_21,panelist,med,1,0,0,0,3.7419902567926684
26,5,22,26_22,panelist,low,1,0,1,0,4.346448815477031
26,5,23,26_23,panelist,med,1,0,0,0,4.053846021820541
26,5,24,26_24,reviewer,low,0,0,1,0,3.67100392776208
26,6,01,26_01,panelist,low,1,0,1,0,4.351621806758181
26,6,02,26_02,panelist,med,1,0,0,0,4.493593644601778
26,6,03,26_03,panelist,none,1,0,0,1,4.10358303505608
26,6,04,26_04,reviewer,low,0,0,1,0,4.1288684810468155
26,6,05,26_05,panelist,none,1,0,0,1,4.635613293669172
26,6,06,26_06,panelist,high,1,1,0,0,4.4332626662777574
26,6,07,26_07,panelist,med,1,0,0,0,3.936395340655247
26,6,08,26_08,panelist,med,1,0,0,0,4.727685229858914
26,6,09,26_09,panelist,med,1,0,0,0,4.771036262239438
26,6,10,26_10,panelist,med,1,0,0,0,4.1597110790981215
26,6,11,26_11,panelist,none,1,0,0,1,4.006394225924944
26,6,12,26_12,panelist,none,1,0,0,1,4.5560422813758015
26,6,13,26_13,panelist,med,1,0,0,0,4.698996508861463
26,6,14,26_14,panelist,low,1,0,1,0,4.592208894718311
26,6,15,26_15,reviewer,med,0,0,0,0,4.3694615805727635
26,6,16,26_16,panelist,high,1,1,0,0,3.7544724259369024
26,6,17,26_17,panelist,high,1,1,0,0,4.495352876152649
26,6,18,26_18,reviewer,high,0,1,0,0,3.7316014804068716
26,6,19,26_19,panelist,med,1,0,0,0,3.781301380636068
26,6,20,26_20,panelist,high,1,1,0,0,4.34951587080961
26,6,21,26_21,panelist,med,1,0,0,0,4.235610625636154
26,6,22,26_22,panelist,low,1,0,1,0,4.546172319275209
26,6,23,26_23,panelist,med,1,0,0,0,3.915403549013175
26,6,24,26_24,panelist,high,1,1,0,0,4.225291820122221
26,7,01,26_01,panelist,med,1,0,0,0,4.448483849711073
26,7,02,26_02,reviewer,high,0,1,0,0,4.348384178086112
26,7,03,26_03,panelist,low,1,0,1,0,4.048555366724741
26,7,04,26_04,panelist,low,1,0,1,0,4.193890405673802
26,7,05,26_05,panelist,med,1,0,0,0,4.32580478877774
26,7,06,26_06,reviewer,high,0,1,0,0,4.284559157075831
26,7,07,26_07,panelist,high,1,1,0,0,4.116879365629708
26,7,08,26_08,panelist,med,1,0,0,0,4.559093045433343
26,7,09,26_09,panelist,med,1,0,0,0,4.852774489132322
26,7,10,26_10,panelist,med,1,0,0,0,4.199839392766881
26,7,11,26_11,panelist,low,1,0,1,0,4.309771805866875
26,7,12,26_12,panelist,high,1,1,0,0,4.456037387559256
26,7,13,26_13,panelist,none,1,0,0,1,4.829183229444537
26,7,14,26_14,panelist,high,1,1,0,0,4.543436008154384
26,7,15,26_15,panelist,none,1,0,0,1,4.735374096672996
26,7,16,26_16,panelist,med,1,0,0,0,4.505799537936307
26,7,17,26_17,panelist,med,1,0,0,0,4.618403917220664
26,7,18,26_18,panelist,none,1,0,0,1,4.621572283096389
26,7,19,26_19,panelist,med,1,0,0,0,4.339211287721418
26,7,20,26_20,panelist,low,1,0,1,0,4.634255826996802
26,7,21,26_21,panelist,none,1,0,0,1,4.7659966794477695
26,7,22,26_22,panelist,high,1,1,0,0,4.895118015989286
26,7,23,26_23,reviewer,med,0,0,0,0,4.297352491301949
26,7,24,26_24,panelist,med,1,0,0,0,4.145810699436354
26,8,01,26_01,panelist,none,1,0,0,1,3.7910638923741575
26,8,02,26_02,panelist,med,1,0,0,0,4.149290323240567
26,8,03,26_03,panelist,med,1,0,0,0,3.617063222488045
26,8,04,26_04,panelist,med,1,0,0,0,3.541902411786031
26,8,05,26_05,panelist,med,1,0,0,0,3.512822866075792
26,8,06,26_06,panelist,none,1,0,0,1,3.7840173304738878
26,8,07,26_07,panelist,med,1,0,0,0,3.9047567322519052
26,8,08,26_08,reviewer,high,0,1,0,0,3.975812467977708
26,8,09,26_09,panelist,low,1,0,1,0,4.228946827612302
26,8,10,26_10,reviewer,high,0,1,0,0,3.7688159897109266
26,8,11,26_11,panelist,med,1,0,0,0,3.70098075870503
26,8,12,26_12,reviewer,none,0,0,0,1,3.5440894050418654
26,8,13,26_13,panelist,none,1,0,0,1,4.211948497447821
26,8,14,26_14,panelist,med,1,0,0,0,4.020816558069958
26,8,15,26_15,panelist,med,1,0,0,0,3.9049514087476025
26,8,16,26_16,panelist,high,1,1,0,0,3.9882435430426133
26,8,17,26_17,panelist,med,1,0,0,0,3.793051778975022
26,8,18,26_18,panelist,high,1,1,0,0,3.79717564814417
26,8,19,26_19,panelist,high,1,1,0,0,3.581649719558373
26,8,20,26_20,panelist,med,1,0,0,0,4.236697816369003
26,8,21,26_21,panelist,low,1,0,1,0,4.052649236531995
26,8,22,26_22,panelist,low,1,0,1,0,4.4426600849445075
26,8,23,26_23,panelist,high,1,1,0,0,3.6844398879054356
26,8,24,26_24,panelist,low,1,0,1,0,3.77750014402563
26,9,01,26_01,panelist,high,1,1,0,0,4.183918157822828
26,9,02,26_02,panelist,high,1,1,0,0,4.65228907200237
26,9,03,26_03,panelist,none,1,0,0,1,4.102709034331145
26,9,04,26_04,panelist,med,1,0,0,0,4.114882564041282
26,9,05,26_05,panelist,high,1,1,0,0,4.399345799302247
26,9,06,26_06,panelist,low,1,0,1,0,4.64173223604079
26,9,07,26_07,panelist,none,1,0,0,1,4.357593088556918
26,9,08,26_08,panelist,med,1,0,0,0,4.5038935254385315
26,9,09,26_09,panelist,low,1,0,1,0,4.598976104183294
26,9,10,26_10,panelist,med,1,0,0,0,4.288977434373281
26,9,11,26_11,panelist,med,1,0,0,0,3.9341144848965297
26,9,12,26_12,panelist,med,1,0,0,0,4.261348430465145
26,9,13,26_13,panelist,low,1,0,1,0,4.7757504909812765
26,9,14,26_14,panelist,med,1,0,0,0,4.6324761974115285
26,9,15,26_15,reviewer,med,0,0,0,0,4.106661800749804
26,9,16,26_16,reviewer,med,0,0,0,0,4.0822137285004745
26,9,17,26_17,panelist,high,1,1,0,0,4.487136298127697
26,9,18,26_18,panelist,high,1,1,0,0,4.319511404708665
26,9,19,26_19,reviewer,med,0,0,0,0,4.052459353208567
26,9,20,26_20,panelist,none,1,0,0,1,4.367009159316844
26,9,21,26_21,panelist,none,1,0,0,1,4.7136625743983505
26,9,22,26_22,panelist,low,1,0,1,0,4.345278258258245
26,9,23,26_23,panelist,med,1,0,0,0,4.693098325360739
26,9,24,26_24,panelist,high,1,1,0,0,4.281203965280993
26,10,01,26_01,panelist,med,1,0,0,0,3.624309734066512
26,10,02,26_02,panelist,high,1,1,0,0,4.428263966477172
26,10,03,26_03,panelist,high,1,1,0,0,3.931018293257707
26,10,04,26_04,panelist,none,1,0,0,1,4.193081294281219
26,10,05,26_05,panelist,med,1,0,0,0,4.012479528508006
26,10,06,26_06,reviewer,med,0,0,0,0,3.7839320856524945
26,10,07,26_07,panelist,low,1,0,1,0,4.517800910307777
26,10,08,26_08,panelist,high,1,1,0,0,3.9608011317033323
26,10,09,26_09,panelist,med,1,0,0,0,4.296465692930084
26,10,10,26_10,panelist,high,1,1,0,0,4.07431716385508
26,10,11,26_11,panelist,none,1,0,0,1,3.5291792673632383
26,10,12,26_12,reviewer,med,0,0,0,0,4.156645695182885
26,10,13,26_13,panelist,none,1,0,0,1,4.719791074514253
26,10,14,26_14,panelist,none,1,0,0,1,4.164208978001491
26,10,15,26_15,panelist,low,1,0,1,0,4.301292021310977
26,10,16,26_16,panelist,med,1,0,0,0,4.281051883937147
26,10,17,26_17,panelist,low,1,0,1,0,4.358759534714244
26,10,18,26_18,panelist,high,1,1,0,0,4.092220952513439
26,10,19,26_19,reviewer,med,0,0,0,0,3.7280959770617508
26,10,20,26_20,panelist,med,1,0,0,0,4.304105487032215
26,10,21,26_21,panelist,med,1,0,0,0,4.17579031444059
26,10,22,26_22,panelist,high,1,1,0,0,4.345219661260034
26,10,23,26_23,panelist,low,1,0,1,0,4.039507739460945
26,10,24,26_24,panelist,med,1,0,0,0,3.7060233441646315
26,11,01,26_01,panelist,med,1,0,0,0,3.605199567851683
26,11,02,26_02,panelist,med,1,0,0,0,4.774993873436352
26,11,03,26_03,panelist,low,1,0,1,0,3.948902501558787
26,11,04,26_04,panelist,high,1,1,0,0,3.820361773974999
26,11,05,26_05,panelist,high,1,1,0,0,3.7578112468049025
26,11,06,26_06,panelist,high,1,1,0,0,3.8187698358198414
26,11,07,26_07,panelist,high,1,1,0,0,3.57905185914161
26,11,08,26_08,panelist,med,1,0,0,0,3.987695420123179
26,11,09,26_09,panelist,high,1,1,0,0,4.252860033563087
26,11,10,26_10,reviewer,med,0,0,0,0,3.669772942569453
26,11,11,26_11,panelist,low,1,0,1,0,3.9084164749876336
26,11,12,26_12,reviewer,none,0,0,0,1,3.89090311936805
26,11,13,26_13,panelist,low,1,0,1,0,4.335491239783606
26,11,14,26_14,panelist,med,1,0,0,0,3.737469151683896
26,11,15,26_15,reviewer,med,0,0,0,0,3.57171108174328
26,11,16,26_16,panelist,med,1,0,0,0,3.733225618577619
26,11,17,26_17,panelist,high,1,1,0,0,3.7874607054408305
26,11,18,26_18,panelist,med,1,0,0,0,4.221406556933888
26,11,19,26_19,panelist,none,1,0,0,1,3.8657614112378935
26,11,20,26_20,panelist,low,1,0,1,0,4.5466719350349925
26,11,21,26_21,panelist,none,1,0,0,1,4.579329140042727
26,11,22,26_22,panelist,med,1,0,0,0,4.136665333792315
26,11,23,26_23,panelist,none,1,0,0,1,4.497785039310534
26,11,24,26_24,panelist,med,1,0,0,0,3.7469746997636935
26,12,01,26_01,panelist,med,1,0,0,0,3.6489928294493046
26,12,02,26_02,panelist,high,1,1,0,0,4.640320457093175
26,12,03,26_03,panelist,none,1,0,0,1,3.8370511598467685
26,12,04,26_04,panelist,high,1,1,0,0,3.890267186045216
26,12,05,26_05,panelist,med,1,0,0,0,3.77477478621717
26,12,06,26_06,reviewer,med,0,0,0,0,3.8272071550878164
26,12,07,26_07,panelist,none,1,0,0,1,4.213861742699496
26,12,08,26_08,reviewer,high,0,1,0,0,3.9107824410080516
26,12,09,26_09,panelist,high,1,1,0,0,4.470698196747626
26,12,10,26_10,panelist,low,1,0,1,0,4.234619107127797
26,12,11,26_11,panelist,med,1,0,0,0,3.7814825692647602
26,12,12,26_12,panelist,low,1,0,1,0,4.314984727013774
26,12,13,26_13,panelist,med,1,0,0,0,4.485359931941052
26,12,14,26_14,panelist,none,1,0,0,1,4.45570399205349
26,12,15,26_15,panelist,med,1,0,0,0,3.992854902766641
26,12,16,26_16,panelist,med,1,0,0,0,4.167918484214819
26,12,17,26_17,panelist,none,1,0,0,1,4.128539137019785
26,12,18,26_18,panelist,low,1,0,1,0,4.327703779270908
26,12,19,26_19,panelist,med,1,0,0,0,3.691367197130171
26,12,20,26_20,panelist,low,1,0,1,0,4.0509269410276545
26,12,21,26_21,panelist,med,1,0,0,0,4.007088652729429
26,12,22,26_22,panelist,med,1,0,0,0,4.046146485336938
26,12,23,26_23,panelist,high,1,1,0,0,4.1265053256744775
26,12,24,26_24,reviewer,high,0,1,0,0,3.531572956828954
26,13,01,26_01,panelist,high,1,1,0,0,3.829967822387054
26,13,02,26_02,reviewer,high,0,1,0,0,4.2412835909727535
26,13,03,26_03,panelist,med,1,0,0,0,3.8310534815781665
26,13,04,26_04,panelist,none,1,0,0,1,4.2636600930760675
26,13,05,26_05,panelist,med,1,0,0,0,4.001731930836962
26,13,06,26_06,panelist,none,1,0,0,1,4.759122655829503
26,13,07,26_07,panelist,low,1,0,1,0,4.279062822711221
26,13,08,26_08,panelist,none,1,0,0,1,4.665194028755147
26,13,09,26_09,panelist,med,1,0,0,0,4.582605786341132
26,13,10,26_10,panelist,high,1,1,0,0,4.021439330625613
26,13,11,26_11,panelist,med,1,0,0,0,4.259950008413552
26,13,12,26_12,panelist,med,1,0,0,0,4.577734466223675
26,13,13,26_13,reviewer,low,0,0,1,0,4.56102580480676
26,13,14,26_14,panelist,high,1,1,0,0,4.316064910951649
26,13,15,26_15,reviewer,low,0,0,1,0,4.330575441893766
26,13,16,26_16,panelist,high,1,1,0,0,4.071878443607991
26,13,17,26_17,panelist,high,1,1,0,0,4.197084558513269
26,13,18,26_18,panelist,med,1,0,0,0,4.157522778042578
26,13,19,26_19,panelist,med,1,0,0,0,4.28784253875356
26,13,20,26_20,panelist,none,1,0,0,1,4.193102640662324
26,13,21,26_21,panelist,med,1,0,0,0,4.455372303452028
26,13,22,26_22,panelist,low,1,0,1,0,4.509340863030848
26,13,23,26_23,panelist,med,1,0,0,0,4.198066127339145
26,13,24,26_24,panelist,med,1,0,0,0,3.6244849269266544
26,14,01,26_01,panelist,high,1,1,0,0,3.9576666496160686
26,14,02,26_02,panelist,none,1,0,0,1,4.409384257297852
26,14,03,26_03,panelist,med,1,0,0,0,3.93750440152404
26,14,04,26_04,panelist,high,1,1,0,0,3.916210434165349
26,14,05,26_05,panelist,none,1,0,0,1,3.658720077939122
26,14,06,26_06,panelist,med,1,0,0,0,4.276535048173777
26,14,07,26_07,reviewer,low,0,0,1,0,4.0323414786452565
26,14,08,26_08,reviewer,high,0,1,0,0,4.083847472473263
26,14,09,26_09,panelist,med,1,0,0,0,4.274878042222319
26,14,10,26_10,panelist,med,1,0,0,0,4.025779859380413
26,14,11,26_11,panelist,high,1,1,0,0,3.7579859391263284
26,14,12,26_12,panelist,low,1,0,1,0,3.976301334947272
26,14,13,26_13,panelist,high,1,1,0,0,4.315369977928411
26,14,14,26_14,panelist,med,1,0,0,0,4.206089449019099
26,14,15,26_15,panelist,med,1,0,0,0,3.8301610851302756
26,14,16,26_16,panelist,med,1,0,0,0,3.964944077346939
26,14,17,26_17,panelist,med,1,0,0,0,4.0403960693392325
26,14,18,26_18,panelist,none,1,0,0,1,4.36961128832712
26,14,19,26_19,panelist,high,1,1,0,0,3.7279129557801607
26,14,20,26_20,panelist,med,1,0,0,0,4.22686423576105
26,14,21,26_21,reviewer,none,0,0,0,1,4.351031964380935
26,14,22,26_22,panelist,med,1,0,0,0,3.979560197359072
26,14,23,26_23,panelist,low,1,0,1,0,4.477299231060785
26,14,24,26_24,panelist,low,1,0,1,0,3.972096507655135
26,15,01,26_01,panelist,high,1,1,0,0,3.5535013144234506
26,15,02,26_02,panelist,med,1,0,0,0,4.081666364661628
26,15,03,26_03,panelist,med,1,0,0,0,3.5698924173920066
26,15,04,26_04,reviewer,low,0,0,1,0,3.54743331109043
26,15,05,26_05,reviewer,low,0,0,1,0,3.7027631612831677
26,15,06,26_06,panelist,med,1,0,0,0,3.77148624322444
26,15,07,26_07,panelist,high,1,1,0,0,3.5194157555932764
26,15,08,26_08,reviewer,none,0,0,0,1,3.9015202980714156
26,15,09,26_09,panelist,med,1,0,0,0,3.870474563597226
26,15,10,26_10,panelist,high,1,1,0,0,3.680652441930793
26,15,11,26_11,panelist,med,1,0,0,0,3.804028760503714
26,15,12,26_12,panelist,med,1,0,0,0,3.538285533439219
26,15,13,26_13,panelist,none,1,0,0,1,4.192203429504887
26,15,14,26_14,panelist,med,1,0,0,0,3.855475699252425
26,15,15,26_15,panelist,none,1,0,0,1,4.04723098878314
26,15,16,26_16,panelist,med,1,0,0,0,4.18140911092014
26,15,17,26_17,panelist,low,1,0,1,0,3.7251103698448658
26,15,18,26_18,panelist,high,1,1,0,0,3.6109358257745234
26,15,19,26_19,panelist,high,1,1,0,0,3.6716062956262316
26,15,20,26_20,panelist,high,1,1,0,0,3.6156985967589286
26,15,21,26_21,panelist,none,1,0,0,1,3.9023060064345123
26,15,22,26_22,panelist,low,1,0,1,0,3.643062818122111
26,15,23,26_23,panelist,med,1,0,0,0,3.518548564633974
26,15,24,26_24,panelist,med,1,0,0,0,3.784534552638633
27,1,01,27_01,panelist,low,1,0,1,0,4.118277156656666
27,1,02,27_02,reviewer,med,0,0,0,0,3.9262930237417693
27,1,03,27_03,panelist,med,1,0,0,0,4.0192780718749255
27,1,04,27_04,panelist,high,1,1,0,0,4.39052031380517
27,1,05,27_05,panelist,high,1,1,0,0,3.8574696590181947
27,1,06,27_06,panelist,med,1,0,0,0,4.33592393603487
27,1,07,27_07,panelist,none,1,0,0,1,3.95345200039893
27,1,08,27_08,panelist,med,1,0,0,0,4.674515529002171
27,1,09,27_09,panelist,low,1,0,1,0,4.872705193552357
27,1,10,27_10,panelist,low,1,0,1,0,4.36002332126137
27,1,11,27_11,panelist,none,1,0,0,1,3.9530957548571117
27,1,12,27_12,panelist,high,1,1,0,0,3.809610922487234
27,1,13,27_13,panelist,med,1,0,0,0,4.211374607060061
27,1,14,27_14,panelist,none,1,0,0,1,4.294311736236869
27,1,15,27_15,panelist,med,1,0,0,0,4.064382769125214
27,1,16,27_16,reviewer,med,0,0,0,0,3.5007621662448365
27,1,17,27_17,reviewer,low,0,0,1,0,4.075669881819737
27,1,18,27_18,panelist,high,1,1,0,0,4.307192553104843
27,1,19,27_19,panelist,none,1,0,0,1,4.144353237912651
27,1,20,27_20,panelist,med,1,0,0,0,4.131116405982304
27,1,21,27_21,panelist,high,1,1,0,0,4.140229859568254
27,1,22,27_22,panelist,med,1,0,0,0,4.576741243976061
27,1,23,27_23,panelist,high,1,1,0,0,4.481348248051776
27,1,24,27_24,panelist,med,1,0,0,0,3.920320700760089
27,2,01,27_01,panelist,low,1,0,1,0,4.295059561747133
27,2,02,27_02,panelist,med,1,0,0,0,4.814945596604769
27,2,03,27_03,panelist,med,1,0,0,0,4.038255283416504
27,2,04,27_04,panelist,none,1,0,0,1,3.8570919266569086
27,2,05,27_05,panelist,med,1,0,0,0,3.8903299977938604
27,2,06,27_06,reviewer,high,0,1,0,0,3.8512359487932937
27,2,07,27_07,panelist,med,1,0,0,0,4.234718118289053
27,2,08,27_08,panelist,low,1,0,1,0,4.482855683665839
27,2,09,27_09,panelist,none,1,0,0,1,4.571537781200524
27,2,10,27_10,panelist,high,1,1,0,0,3.9500355763100417
27,2,11,27_11,panelist,high,1,1,0,0,3.9981526760511743
27,2,12,27_12,panelist,med,1,0,0,0,4.077806244385479
27,2,13,27_13,panelist,none,1,0,0,1,4.753412760374792
27,2,14,27_14,panelist,high,1,1,0,0,4.2400654438267305
27,2,15,27_15,reviewer,med,0,0,0,0,4.009565273993998
27,2,16,27_16,reviewer,med,0,0,0,0,3.8933220509926705
27,2,17,27_17,panelist,med,1,0,0,0,3.9219174122420255
27,2,18,27_18,panelist,high,1,1,0,0,4.206724214516412
27,2,19,27_19,panelist,low,1,0,1,0,4.032447392179207
27,2,20,27_20,panelist,med,1,0,0,0,4.479035960841533
27,2,21,27_21,panelist,low,1,0,1,0,4.517569945897517
27,2,22,27_22,panelist,med,1,0,0,0,4.31707126160253
27,2,23,27_23,panelist,high,1,1,0,0,4.207335986403578
27,2,24,27_24,panelist,none,1,0,0,1,4.075030180276621
27,3,01,27_01,panelist,low,1,0,1,0,4.168809218881054
27,3,02,27_02,panelist,low,1,0,1,0,4.455339421495789
27,3,03,27_03,panelist,med,1,0,0,0,3.6932301311597113
27,3,04,27_04,panelist,med,1,0,0,0,3.8340597226679134
27,3,05,27_05,panelist,low,1,0,1,0,3.5989631975283194
27,3,06,27_06,panelist,high,1,1,0,0,4.4920149558227305
27,3,07,27_07,panelist,none,1,0,0,1,4.1036169069006485
27,3,08,27_08,panelist,none,1,0,0,1,4.4468631636746485
27,3,09,27_09,panelist,med,1,0,0,0,4.391931887456617
27,3,10,27_10,panelist,high,1,1,0,0,3.7539297387728086
27,3,11,27_11,panelist,high,1,1,0,0,3.654602403902777
27,3,12,27_12,panelist,med,1,0,0,0,4.557271614419196
27,3,13,27_13,panelist,low,1,0,1,0,4.856875992171764
27,3,14,27_14,panelist,none,1,0,0,1,4.2564419565596685
27,3,15,27_15,panelist,med,1,0,0,0,4.3390078461525
27,3,16,27_16,panelist,med,1,0,0,0,4.044118196270654
27,3,17,27_17,panelist,high,1,1,0,0,3.917937661324716
27,3,18,27_18,panelist,med,1,0,0,0,4.500636468812909
27,3,19,27_19,panelist,none,1,0,0,1,3.7764502642903546
27,3,20,27_20,panelist,med,1,0,0,0,4.414448281894732
27,3,21,27_21,reviewer,high,0,1,0,0,3.9236083720101917
27,3,22,27_22,panelist,med,1,0,0,0,4.269535700809105
27,3,23,27_23,reviewer,med,0,0,0,0,4.027357951513576
27,3,24,27_24,reviewer,high,0,1,0,0,3.630683414995901
27,4,01,27_01,panelist,med,1,0,0,0,4.419737838216498
27,4,02,27_02,panelist,med,1,0,0,0,4.5857120222310375
27,4,03,27_03,panelist,med,1,0,0,0,4.094943134820651
27,4,04,27_04,panelist,med,1,0,0,0,4.08578593506417
27,4,05,27_05,panelist,high,1,1,0,0,4.118845672514518
27,4,06,27_06,panelist,low,1,0,1,0,4.599520564076437
27,4,07,27_07,reviewer,low,0,0,1,0,4.155116910005903
27,4,08,27_08,panelist,none,1,0,0,1,4.806051983827533
27,4,09,27_09,panelist,low,1,0,1,0,4.8363804656409615
27,4,10,27_10,panelist,none,1,0,0,1,4.54490821344515
27,4,11,27_11,panelist,med,1,0,0,0,4.147565784426167
27,4,12,27_12,panelist,high,1,1,0,0,4.463212127238972
27,4,13,27_13,panelist,high,1,1,0,0,4.745482097534082
27,4,14,27_14,panelist,high,1,1,0,0,4.158213870686849
27,4,15,27_15,reviewer,med,0,0,0,0,4.008337885800305
27,4,16,27_16,reviewer,med,0,0,0,0,4.092809403642761
27,4,17,27_17,panelist,med,1,0,0,0,4.176003698275955
27,4,18,27_18,panelist,low,1,0,1,0,3.998044632620237
27,4,19,27_19,panelist,high,1,1,0,0,4.115139653963083
27,4,20,27_20,panelist,med,1,0,0,0,4.538223137250653
27,4,21,27_21,panelist,none,1,0,0,1,4.480472001539752
27,4,22,27_22,panelist,high,1,1,0,0,4.241823895971548
27,4,23,27_23,panelist,med,1,0,0,0,4.341225779473206
27,4,24,27_24,panelist,none,1,0,0,1,4.255921595462876
27,5,01,27_01,panelist,high,1,1,0,0,3.9806179508537163
27,5,02,27_02,panelist,none,1,0,0,1,4.339410336747001
27,5,03,27_03,panelist,med,1,0,0,0,3.6539852731360813
27,5,04,27_04,panelist,low,1,0,1,0,4.140909664665904
27,5,05,27_05,panelist,med,1,0,0,0,3.6605375901581128
27,5,06,27_06,panelist,med,1,0,0,0,4.019313051636754
27,5,07,27_07,panelist,med,1,0,0,0,3.988042163549002
27,5,08,27_08,panelist,med,1,0,0,0,4.238384404789484
27,5,09,27_09,panelist,high,1,1,0,0,4.241746401803587
27,5,10,27_10,reviewer,med,0,0,0,0,4.058124711534364
27,5,11,27_11,reviewer,high,0,1,0,0,3.5012313436890867
27,5,12,27_12,panelist,med,1,0,0,0,3.808124656283855
27,5,13,27_13,panelist,none,1,0,0,1,4.681855169893904
27,5,14,27_14,reviewer,med,0,0,0,0,4.026125594660454
27,5,15,27_15,panelist,low,1,0,1,0,4.108730167254901
27,5,16,27_16,panelist,none,1,0,0,1,4.0255569861784055
27,5,17,27_17,panelist,high,1,1,0,0,3.6322426045576406
27,5,18,27_18,panelist,med,1,0,0,0,4.482228682962274
27,5,19,27_19,panelist,med,1,0,0,0,4.150934137351293
27,5,20,27_20,panelist,high,1,1,0,0,3.9692312679611232
27,5,21,27_21,panelist,none,1,0,0,1,4.0166017791352235
27,5,22,27_22,panelist,low,1,0,1,0,4.127375916920646
27,5,23,27_23,panelist,low,1,0,1,0,4.296265673208884
27,5,24,27_24,panelist,high,1,1,0,0,3.687193422626352
27,6,01,27_01,panelist,none,1,0,0,1,4.656542222204724
27,6,02,27_02,panelist,high,1,1,0,0,4.807136523035082
27,6,03,27_03,panelist,high,1,1,0,0,3.803738478512474
27,6,04,27_04,panelist,med,1,0,0,0,4.585604213751265
27,6,05,27_05,panelist,high,1,1,0,0,4.214846984814152
27,6,06,27_06,panelist,high,1,1,0,0,4.719382646746523
27,6,07,27_07,panelist,med,1,0,0,0,4.357798702852455
27,6,08,27_08,reviewer,high,0,1,0,0,4.409901996809504
27,6,09,27_09,panelist,med,1,0,0,0,4.8456745984561325
27,6,10,27_10,reviewer,low,0,0,1,0,4.151426695996334
27,6,11,27_11,panelist,med,1,0,0,0,4.11388265659459
27,6,12,27_12,panelist,none,1,0,0,1,4.316163012317338
27,6,13,27_13,panelist,med,1,0,0,0,4.498919238764701
27,6,14,27_14,panelist,none,1,0,0,1,4.649777174269813
27,6,15,27_15,panelist,med,1,0,0,0,4.120675848609001
27,6,16,27_16,panelist,med,1,0,0,0,4.219715439482527
27,6,17,27_17,panelist,none,1,0,0,1,4.801463038508389
27,6,18,27_18,panelist,low,1,0,1,0,4.663973484492521
27,6,19,27_19,reviewer,med,0,0,0,0,4.369126046024062
27,6,20,27_20,panelist,low,1,0,1,0,4.89067666197848
27,6,21,27_21,panelist,low,1,0,1,0,4.738520045330504
27,6,22,27_22,panelist,med,1,0,0,0,4.62273728880763
27,6,23,27_23,panelist,high,1,1,0,0,4.099928073095576
27,6,24,27_24,panelist,med,1,0,0,0,4.244323972630545
27,7,01,27_01,panelist,med,1,0,0,0,3.9378988471175784
27,7,02,27_02,reviewer,none,0,0,0,1,4.765852157708273
27,7,03,27_03,panelist,med,1,0,0,0,3.8058756840151307
27,7,04,27_04,panelist,med,1,0,0,0,4.315570969881859
27,7,05,27_05,panelist,med,1,0,0,0,4.303604446791086
27,7,06,27_06,panelist,low,1,0,1,0,4.732746396946801
27,7,07,27_07,panelist,high,1,1,0,0,4.335139897899658
27,7,08,27_08,panelist,low,1,0,1,0,4.5086828888499415
27,7,09,27_09,panelist,high,1,1,0,0,4.822391282404537
27,7,10,27_10,panelist,med,1,0,0,0,4.709823882611957
27,7,11,27_11,panelist,high,1,1,0,0,4.172201827317103
27,7,12,27_12,reviewer,med,0,0,0,0,4.4342890862513755
27,7,13,27_13,panelist,med,1,0,0,0,4.867344983622312
27,7,14,27_14,panelist,med,1,0,0,0,4.323236073939403
27,7,15,27_15,panelist,high,1,1,0,0,4.2988981191797935
27,7,16,27_16,panelist,med,1,0,0,0,4.304166579738951
27,7,17,27_17,panelist,high,1,1,0,0,4.091885206010169
27,7,18,27_18,panelist,high,1,1,0,0,4.147595801434124
27,7,19,27_19,reviewer,none,0,0,0,1,3.8983269371438447
27,7,20,27_20,panelist,low,1,0,1,0,4.749896703018504
27,7,21,27_21,panelist,low,1,0,1,0,4.715168904042766
27,7,22,27_22,panelist,med,1,0,0,0,4.710824400088463
27,7,23,27_23,panelist,none,1,0,0,1,4.413799837372719
27,7,24,27_24,panelist,none,1,0,0,1,4.611680886978003
27,8,01,27_01,panelist,med,1,0,0,0,4.255332505426087
27,8,02,27_02,panelist,med,1,0,0,0,4.210665338813743
27,8,03,27_03,panelist,med,1,0,0,0,3.5406320361623034
27,8,04,27_04,panelist,high,1,1,0,0,3.8055927086376373
27,8,05,27_05,reviewer,med,0,0,0,0,3.6512564845229556
27,8,06,27_06,panelist,low,1,0,1,0,4.174145472007761
27,8,07,27_07,panelist,med,1,0,0,0,3.6726514564683113
27,8,08,27_08,panelist,high,1,1,0,0,3.617987648496011
27,8,09,27_09,panelist,high,1,1,0,0,3.908291902992274
27,8,10,27_10,panelist,none,1,0,0,1,4.396687374350143
27,8,11,27_11,panelist,low,1,0,1,0,3.585685000374198
27,8,12,27_12,panelist,high,1,1,0,0,3.6463337166522996
27,8,13,27_13,panelist,high,1,1,0,0,4.11358205776542
27,8,14,27_14,reviewer,high,0,1,0,0,3.500667183898356
27,8,15,27_15,panelist,med,1,0,0,0,4.090812134847936
27,8,16,27_16,panelist,med,1,0,0,0,4.002774547750174
27,8,17,27_17,panelist,med,1,0,0,0,3.5750845612934516
27,8,18,27_18,panelist,med,1,0,0,0,4.089528274394902
27,8,19,27_19,panelist,low,1,0,1,0,3.5763709944141553
27,8,20,27_20,panelist,none,1,0,0,1,4.266020552410879
27,8,21,27_21,panelist,none,1,0,0,1,4.214944768075072
27,8,22,27_22,panelist,none,1,0,0,1,4.541192419429131
27,8,23,27_23,reviewer,low,0,0,1,0,3.938048507082132
27,8,24,27_24,panelist,med,1,0,0,0,3.6056529408109674
27,9,01,27_01,panelist,low,1,0,1,0,4.671045931759786
27,9,02,27_02,reviewer,none,0,0,0,1,4.800803562435407
27,9,03,27_03,panelist,none,1,0,0,1,4.534182229662749
27,9,04,27_04,panelist,med,1,0,0,0,4.438933250691793
27,9,05,27_05,panelist,high,1,1,0,0,3.8825759637094026
27,9,06,27_06,panelist,none,1,0,0,1,4.546018718078853
27,9,07,27_07,panelist,high,1,1,0,0,3.7152449885911194
27,9,08,27_08,panelist,med,1,0,0,0,4.589020562163032
27,9,09,27_09,panelist,low,1,0,1,0,4.852452972444746
27,9,10,27_10,panelist,high,1,1,0,0,4.587453428514111
27,9,11,27_11,panelist,med,1,0,0,0,4.0982918677843285
27,9,12,27_12,panelist,med,1,0,0,0,4.527118432058478
27,9,13,27_13,panelist,none,1,0,0,1,4.850193141611877
27,9,14,27_14,panelist,med,1,0,0,0,4.647120729442974
27,9,15,27_15,panelist,med,1,0,0,0,4.368485714159841
27,9,16,27_16,panelist,high,1,1,0,0,4.122603219792465
27,9,17,27_17,panelist,high,1,1,0,0,4.60640805019822
27,9,18,27_18,panelist,high,1,1,0,0,4.142258496696884
27,9,19,27_19,panelist,med,1,0,0,0,4.414420047933817
27,9,20,27_20,reviewer,med,0,0,0,0,4.433309210226315
27,9,21,27_21,panelist,low,1,0,1,0,4.690936777462225
27,9,22,27_22,panelist,low,1,0,1,0,4.64009207151411
27,9,23,27_23,reviewer,med,0,0,0,0,4.505391864777132
27,9,24,27_24,panelist,med,1,0,0,0,4.003892238408319
27,10,01,27_01,panelist,med,1,0,0,0,3.668111867858811
27,10,02,27_02,panelist,high,1,1,0,0,4.163763246028519
27,10,03,27_03,panelist,none,1,0,0,1,4.089655854396277
27,10,04,27_04,panelist,high,1,1,0,0,3.8259289097420712
27,10,05,27_05,panelist,none,1,0,0,1,4.122162313696614
27,10,06,27_06,panelist,med,1,0,0,0,4.574212679379024
27,10,07,27_07,panelist,high,1,1,0,0,3.932361439066305
27,10,08,27_08,panelist,med,1,0,0,0,4.464180139123808
27,10,09,27_09,panelist,low,1,0,1,0,4.46797133325651
27,10,10,27_10,reviewer,med,0,0,0,0,3.925436339082868
27,10,11,27_11,panelist,high,1,1,0,0,3.9662546390552182
27,10,12,27_12,panelist,med,1,0,0,0,4.337422346127861
27,10,13,27_13,panelist,none,1,0,0,1,4.6276053828198735
27,10,14,27_14,reviewer,low,0,0,1,0,4.035263676698033
27,10,15,27_15,panelist,med,1,0,0,0,4.159575150592615
27,10,16,27_16,panelist,high,1,1,0,0,3.9895423520213225
27,10,17,27_17,panelist,med,1,0,0,0,4.16395558634795
27,10,18,27_18,panelist,med,1,0,0,0,4.16436779101715
27,10,19,27_19,panelist,low,1,0,1,0,3.688308897243476
27,10,20,27_20,panelist,high,1,1,0,0,4.174354421184159
27,10,21,27_21,reviewer,med,0,0,0,0,4.035232084702587
27,10,22,27_22,panelist,med,1,0,0,0,4.310563933598211
27,10,23,27_23,panelist,none,1,0,0,1,4.399913463721549
27,10,24,27_24,panelist,low,1,0,1,0,4.070481015761748
27,11,01,27_01,panelist,high,1,1,0,0,3.746762967264097
27,11,02,27_02,panelist,med,1,0,0,0,4.618833663419676
27,11,03,27_03,panelist,med,1,0,0,0,3.764608507072109
27,11,04,27_04,reviewer,med,0,0,0,0,3.8248985572079097
27,11,05,27_05,panelist,none,1,0,0,1,4.123210662082173
27,11,06,27_06,panelist,med,1,0,0,0,4.376041548852605
27,11,07,27_07,panelist,med,1,0,0,0,3.589877191986305
27,11,08,27_08,panelist,high,1,1,0,0,3.8389790880466825
27,11,09,27_09,panelist,low,1,0,1,0,4.480909611538002
27,11,10,27_10,reviewer,low,0,0,1,0,3.7782821023500297
27,11,11,27_11,reviewer,low,0,0,1,0,3.538520081862077
27,11,12,27_12,panelist,high,1,1,0,0,3.8958659126774555
27,11,13,27_13,panelist,med,1,0,0,0,3.9557607931223373
27,11,14,27_14,panelist,med,1,0,0,0,3.9678114013182264
27,11,15,27_15,panelist,none,1,0,0,1,4.249710813724845
27,11,16,27_16,panelist,high,1,1,0,0,3.7729399548191185
27,11,17,27_17,panelist,low,1,0,1,0,3.9621488991648808
27,11,18,27_18,panelist,high,1,1,0,0,4.256335345208651
27,11,19,27_19,panelist,none,1,0,0,1,4.231444098900091
27,11,20,27_20,panelist,med,1,0,0,0,4.101725527158461
27,11,21,27_21,panelist,high,1,1,0,0,3.790489887384767
27,11,22,27_22,panelist,med,1,0,0,0,3.8127390245456443
27,11,23,27_23,panelist,none,1,0,0,1,4.093990181098695
27,11,24,27_24,panelist,med,1,0,0,0,3.9078112170734234
27,12,01,27_01,panelist,none,1,0,0,1,4.5924879414002016
27,12,02,27_02,panelist,low,1,0,1,0,4.737551992287772
27,12,03,27_03,panelist,med,1,0,0,0,4.048859015645626
27,12,04,27_04,panelist,med,1,0,0,0,4.05285794850468
27,12,05,27_05,panelist,none,1,0,0,1,3.8774424618566297
27,12,06,27_06,panelist,med,1,0,0,0,4.274266235107207
27,12,07,27_07,reviewer,med,0,0,0,0,3.78871872653195
27,12,08,27_08,panelist,high,1,1,0,0,4.278723631418072
27,12,09,27_09,panelist,med,1,0,0,0,4.578908697324545
27,12,10,27_10,panelist,high,1,1,0,0,4.038723461727712
27,12,11,27_11,panelist,high,1,1,0,0,3.9923790822814618
27,12,12,27_12,panelist,med,1,0,0,0,4.478894476488588
27,12,13,27_13,panelist,med,1,0,0,0,4.610273378661007
27,12,14,27_14,panelist,med,1,0,0,0,4.137777752147794
27,12,15,27_15,panelist,low,1,0,1,0,4.019961320525809
27,12,16,27_16,reviewer,none,0,0,0,1,4.231918944428284
27,12,17,27_17,panelist,low,1,0,1,0,4.265538555362253
27,12,18,27_18,panelist,low,1,0,1,0,4.166024026108985
27,12,19,27_19,panelist,high,1,1,0,0,3.6693295740660554
27,12,20,27_20,panelist,med,1,0,0,0,4.327658307902895
27,12,21,27_21,reviewer,none,0,0,0,1,3.9965546429877006
27,12,22,27_22,panelist,med,1,0,0,0,3.8742096624917632
27,12,23,27_23,panelist,high,1,1,0,0,4.207523327860134
27,12,24,27_24,panelist,high,1,1,0,0,3.8844088728170774
27,13,01,27_01,panelist,low,1,0,1,0,3.8426486061406844
27,13,02,27_02,reviewer,low,0,0,1,0,4.476482733670134
27,13,03,27_03,panelist,high,1,1,0,0,4.285081100574228
27,13,04,27_04,panelist,high,1,1,0,0,4.375751932327348
27,13,05,27_05,panelist,med,1,0,0,0,3.9391798076814037
27,13,06,27_06,panelist,med,1,0,0,0,4.256517782826422
27,13,07,27_07,panelist,med,1,0,0,0,3.8843963334089078
27,13,08,27_08,reviewer,none,0,0,0,1,4.580363291542566
27,13,09,27_09,panelist,high,1,1,0,0,4.819856468769002
27,13,10,27_10,panelist,high,1,1,0,0,4.247433271113817
27,13,11,27_11,panelist,med,1,0,0,0,4.0523201859509665
27,13,12,27_12,panelist,high,1,1,0,0,4.455153915533059
27,13,13,27_13,panelist,high,1,1,0,0,4.8228268166742305
27,13,14,27_14,panelist,low,1,0,1,0,4.512521499971393
27,13,15,27_15,panelist,none,1,0,0,1,4.726808014752922
27,13,16,27_16,panelist,med,1,0,0,0,4.349719501256541
27,13,17,27_17,panelist,med,1,0,0,0,4.131030942542789
27,13,18,27_18,panelist,none,1,0,0,1,4.521637991090438
27,13,19,27_19,panelist,low,1,0,1,0,4.126048865542743
27,13,20,27_20,panelist,med,1,0,0,0,4.499540422101637
27,13,21,27_21,panelist,none,1,0,0,1,4.577124857110051
27,13,22,27_22,panelist,med,1,0,0,0,4.35237222582786
27,13,23,27_23,panelist,med,1,0,0,0,4.326364601968747
27,13,24,27_24,reviewer,med,0,0,0,0,4.038837016771141
27,14,01,27_01,panelist,high,1,1,0,0,3.6397031932064934
27,14,02,27_02,panelist,low,1,0,1,0,4.527630303888917
27,14,03,27_03,panelist,med,1,0,0,0,3.714758093343432
27,14,04,27_04,panelist,med,1,0,0,0,4.161641098808593
27,14,05,27_05,panelist,none,1,0,0,1,3.9170513260243496
27,14,06,27_06,panelist,none,1,0,0,1,4.263744947172844
27,14,07,27_07,reviewer,high,0,1,0,0,3.7408669362866753
27,14,08,27_08,panelist,low,1,0,1,0,4.021265319189514
27,14,09,27_09,panelist,med,1,0,0,0,4.63123695530782
27,14,10,27_10,panelist,high,1,1,0,0,4.1029559370517905
27,14,11,27_11,panelist,med,1,0,0,0,3.6991167396952243
27,14,12,27_12,reviewer,med,0,0,0,0,3.9125824856800584
27,14,13,27_13,panelist,low,1,0,1,0,4.658885936990481
27,14,14,27_14,panelist,low,1,0,1,0,4.294015243330575
27,14,15,27_15,panelist,med,1,0,0,0,4.064023768726324
27,14,16,27_16,panelist,high,1,1,0,0,3.9685874577302016
27,14,17,27_17,panelist,med,1,0,0,0,3.954768104634672
27,14,18,27_18,panelist,none,1,0,0,1,4.198002891941213
27,14,19,27_19,panelist,high,1,1,0,0,3.894351439532052
27,14,20,27_20,panelist,med,1,0,0,0,4.100514270872866
27,14,21,27_21,panelist,med,1,0,0,0,4.242436027930154
27,14,22,27_22,reviewer,high,0,1,0,0,3.707758849644416
27,14,23,27_23,panelist,med,1,0,0,0,3.7686858887666443
27,14,24,27_24,panelist,none,1,0,0,1,4.268527547340663
27,15,01,27_01,panelist,med,1,0,0,0,3.5180317328423203
27,15,02,27_02,panelist,med,1,0,0,0,3.695778615157036
27,15,03,27_03,panelist,low,1,0,1,0,3.6964366879936104
27,15,04,27_04,panelist,none,1,0,0,1,3.691301379728363
27,15,05,27_05,panelist,high,1,1,0,0,3.6135504237340097
27,15,06,27_06,panelist,high,1,1,0,0,3.5420536055535314
27,15,07,27_07,panelist,high,1,1,0,0,3.649747760699985
27,15,08,27_08,panelist,high,1,1,0,0,3.8691015005567033
27,15,09,27_09,panelist,none,1,0,0,1,4.451414412120894
27,15,10,27_10,panelist,med,1,0,0,0,3.9038680361431046
27,15,11,27_11,panelist,med,1,0,0,0,3.7045539278403825
27,15,12,27_12,panelist,med,1,0,0,0,3.7134264437017666
27,15,13,27_13,reviewer,high,0,1,0,0,3.972130494285766
27,15,14,27_14,panelist,med,1,0,0,0,3.857925094137313
27,15,15,27_15,reviewer,med,0,0,0,0,3.8398442274692206
27,15,16,27_16,panelist,high,1,1,0,0,3.5237844783073973
27,15,17,27_17,panelist,med,1,0,0,0,3.730879051415358
27,15,18,27_18,panelist,med,1,0,0,0,3.859979906903124
27,15,19,27_19,panelist,low,1,0,1,0,3.639129417818845
27,15,20,27_20,reviewer,med,0,0,0,0,3.7387990970360083
27,15,21,27_21,panelist,low,1,0,1,0,4.080427822098502
27,15,22,27_22,panelist,low,1,0,1,0,3.5959386392149537
27,15,23,27_23,panelist,none,1,0,0,1,4.13128925247757
27,15,24,27_24,panelist,none,1,0,0,1,3.6305927499134527
28,1,01,28_01,panelist,med,1,0,0,0,4.017278304834612
28,1,02,28_02,panelist,low,1,0,1,0,4.698061936461715
28,1,03,28_03,panelist,med,1,0,0,0,3.5899504532806086
28,1,04,28_04,panelist,high,1,1,0,0,3.887138648803199
28,1,05,28_05,panelist,low,1,0,1,0,4.019487198714872
28,1,06,28_06,panelist,low,1,0,1,0,3.975075240166564
28,1,07,28_07,reviewer,high,0,1,0,0,3.5324772327924405
28,1,08,28_08,panelist,high,1,1,0,0,4.325627721770128
28,1,09,28_09,panelist,high,1,1,0,0,4.887390598870996
28,1,10,28_10,panelist,low,1,0,1,0,4.011804097302369
28,1,11,28_11,panelist,none,1,0,0,1,3.9273130542450736
28,1,12,28_12,panelist,med,1,0,0,0,3.759922995403529
28,1,13,28_13,panelist,med,1,0,0,0,4.347672799364047
28,1,14,28_14,panelist,med,1,0,0,0,4.37499764489386
28,1,15,28_15,panelist,high,1,1,0,0,4.21666343517641
28,1,16,28_16,panelist,none,1,0,0,1,4.2126996921497675
28,1,17,28_17,reviewer,med,0,0,0,0,3.9220770608049436
28,1,18,28_18,panelist,med,1,0,0,0,4.656799108612489
28,1,19,28_19,panelist,med,1,0,0,0,3.823598952983015
28,1,20,28_20,panelist,high,1,1,0,0,4.556266310613622
28,1,21,28_21,panelist,med,1,0,0,0,4.35194987232796
28,1,22,28_22,panelist,none,1,0,0,1,4.271269375194311
28,1,23,28_23,panelist,none,1,0,0,1,4.189094911461785
28,1,24,28_24,reviewer,med,0,0,0,0,4.044611732478497
28,2,01,28_01,panelist,med,1,0,0,0,3.9563561331257673
28,2,02,28_02,panelist,med,1,0,0,0,4.632768020608087
28,2,03,28_03,panelist,med,1,0,0,0,4.166913395816022
28,2,04,28_04,reviewer,med,0,0,0,0,3.8182069670397127
28,2,05,28_05,panelist,med,1,0,0,0,3.6240500832180262
28,2,06,28_06,panelist,high,1,1,0,0,4.174661114072234
28,2,07,28_07,panelist,high,1,1,0,0,4.029163766430465
28,2,08,28_08,panelist,med,1,0,0,0,4.1985846666728746
28,2,09,28_09,panelist,none,1,0,0,1,4.75292789097176
28,2,10,28_10,panelist,low,1,0,1,0,4.04271334669192
28,2,11,28_11,panelist,low,1,0,1,0,3.9756532042467527
28,2,12,28_12,panelist,high,1,1,0,0,4.012882490338063
28,2,13,28_13,panelist,med,1,0,0,0,4.452723117624993
28,2,14,28_14,panelist,none,1,0,0,1,4.427788113572717
28,2,15,28_15,panelist,med,1,0,0,0,4.411216328720254
28,2,16,28_16,reviewer,high,0,1,0,0,3.897694621523319
28,2,17,28_17,panelist,none,1,0,0,1,4.17015602883381
28,2,18,28_18,panelist,none,1,0,0,1,4.777978956187399
28,2,19,28_19,panelist,low,1,0,1,0,3.531517693764753
28,2,20,28_20,panelist,med,1,0,0,0,4.557698116842233
28,2,21,28_21,reviewer,high,0,1,0,0,3.74103617334761
28,2,22,28_22,panelist,med,1,0,0,0,4.168102619949608
28,2,23,28_23,panelist,high,1,1,0,0,3.6019652989664483
28,2,24,28_24,panelist,low,1,0,1,0,4.342756818819257
28,3,01,28_01,panelist,none,1,0,0,1,3.9694899557039856
28,3,02,28_02,panelist,med,1,0,0,0,4.603300936125497
28,3,03,28_03,panelist,med,1,0,0,0,4.130089989572329
28,3,04,28_04,panelist,high,1,1,0,0,4.095536427734581
28,3,05,28_05,panelist,low,1,0,1,0,4.216297812215178
28,3,06,28_06,panelist,med,1,0,0,0,4.138952870961761
28,3,07,28_07,reviewer,none,0,0,0,1,4.416859680027604
28,3,08,28_08,panelist,med,1,0,0,0,4.64653352139594
28,3,09,28_09,panelist,med,1,0,0,0,4.533265671855905
28,3,10,28_10,panelist,low,1,0,1,0,3.926199889542628
28,3,11,28_11,reviewer,high,0,1,0,0,3.6440739921503016
28,3,12,28_12,panelist,med,1,0,0,0,4.264902519330441
28,3,13,28_13,panelist,med,1,0,0,0,4.3827092170007305
28,3,14,28_14,panelist,high,1,1,0,0,3.693507749427511
28,3,15,28_15,panelist,low,1,0,1,0,4.110105030691967
28,3,16,28_16,panelist,med,1,0,0,0,4.35558308920944
28,3,17,28_17,panelist,low,1,0,1,0,4.109891488479075
28,3,18,28_18,panelist,med,1,0,0,0,4.641607157020347
28,3,19,28_19,panelist,med,1,0,0,0,3.7979533943917634
28,3,20,28_20,panelist,none,1,0,0,1,4.5019253743172145
28,3,21,28_21,panelist,high,1,1,0,0,3.8781658797188854
28,3,22,28_22,panelist,high,1,1,0,0,4.12299954571433
28,3,23,28_23,panelist,high,1,1,0,0,3.605615131415503
28,3,24,28_24,reviewer,none,0,0,0,1,4.001979708732632
28,4,01,28_01,reviewer,med,0,0,0,0,3.9698288790524963
28,4,02,28_02,panelist,med,1,0,0,0,4.665712974983245
28,4,03,28_03,panelist,med,1,0,0,0,3.737425780524386
28,4,04,28_04,reviewer,med,0,0,0,0,3.5764830308799382
28,4,05,28_05,panelist,high,1,1,0,0,3.978722488691987
28,4,06,28_06,reviewer,med,0,0,0,0,4.64354817952692
28,4,07,28_07,panelist,low,1,0,1,0,4.1802150135816705
28,4,08,28_08,panelist,med,1,0,0,0,4.8976032441823065
28,4,09,28_09,panelist,none,1,0,0,1,4.868935120194267
28,4,10,28_10,panelist,none,1,0,0,1,4.701963685124977
28,4,11,28_11,panelist,med,1,0,0,0,4.002297436872
28,4,12,28_12,panelist,high,1,1,0,0,4.004536375564311
28,4,13,28_13,panelist,med,1,0,0,0,4.838855998355187
28,4,14,28_14,panelist,none,1,0,0,1,4.2358095409554215
28,4,15,28_15,panelist,low,1,0,1,0,4.199814345623402
28,4,16,28_16,panelist,low,1,0,1,0,4.2953819423822495
28,4,17,28_17,panelist,med,1,0,0,0,3.9012173692062264
28,4,18,28_18,panelist,low,1,0,1,0,4.100715056337975
28,4,19,28_19,panelist,med,1,0,0,0,3.7483403413702283
28,4,20,28_20,panelist,high,1,1,0,0,4.597046108387406
28,4,21,28_21,panelist,none,1,0,0,1,4.6860971338666415
28,4,22,28_22,panelist,high,1,1,0,0,4.427584405779612
28,4,23,28_23,panelist,high,1,1,0,0,3.858803321690036
28,4,24,28_24,panelist,high,1,1,0,0,4.108709422134306
28,5,01,28_01,panelist,med,1,0,0,0,3.923409093734082
28,5,02,28_02,panelist,low,1,0,1,0,4.444690238878546
28,5,03,28_03,panelist,low,1,0,1,0,3.9601307144145887
28,5,04,28_04,panelist,med,1,0,0,0,4.173081350950454
28,5,05,28_05,panelist,high,1,1,0,0,3.7392422545496844
28,5,06,28_06,panelist,none,1,0,0,1,4.4663802313745
28,5,07,28_07,reviewer,none,0,0,0,1,3.8043150712961364
28,5,08,28_08,panelist,high,1,1,0,0,3.8131921303070864
28,5,09,28_09,panelist,high,1,1,0,0,4.24688893321658
28,5,10,28_10,reviewer,med,0,0,0,0,3.5782426796075546
28,5,11,28_11,panelist,none,1,0,0,1,3.575882635326818
28,5,12,28_12,panelist,none,1,0,0,1,4.062175718245743
28,5,13,28_13,reviewer,med,0,0,0,0,4.1132696392616435
28,5,14,28_14,panelist,high,1,1,0,0,3.936397671690464
28,5,15,28_15,panelist,med,1,0,0,0,3.8002505796922366
28,5,16,28_16,panelist,low,1,0,1,0,4.208675562429122
28,5,17,28_17,panelist,med,1,0,0,0,4.076001095343261
28,5,18,28_18,panelist,high,1,1,0,0,4.091445203756083
28,5,19,28_19,panelist,med,1,0,0,0,3.8813321616763363
28,5,20,28_20,panelist,high,1,1,0,0,3.9480425049915557
28,5,21,28_21,panelist,med,1,0,0,0,3.627006116527176
28,5,22,28_22,panelist,med,1,0,0,0,4.01681737997877
28,5,23,28_23,panelist,med,1,0,0,0,3.907950289855567
28,5,24,28_24,panelist,low,1,0,1,0,3.984002144503782
28,6,01,28_01,panelist,low,1,0,1,0,4.454198962604361
28,6,02,28_02,panelist,high,1,1,0,0,4.323320016916779
28,6,03,28_03,panelist,none,1,0,0,1,4.478594473704446
28,6,04,28_04,panelist,med,1,0,0,0,4.269498824869052
28,6,05,28_05,reviewer,none,0,0,0,1,4.412589654558069
28,6,06,28_06,panelist,low,1,0,1,0,4.54885650222463
28,6,07,28_07,panelist,none,1,0,0,1,4.173074052608923
28,6,08,28_08,panelist,med,1,0,0,0,4.468112876616837
28,6,09,28_09,panelist,high,1,1,0,0,4.761849157981603
28,6,10,28_10,panelist,low,1,0,1,0,4.264019729957499
28,6,11,28_11,panelist,med,1,0,0,0,3.8739551502506493
28,6,12,28_12,panelist,med,1,0,0,0,4.377409315655526
28,6,13,28_13,panelist,med,1,0,0,0,4.842376681640175
28,6,14,28_14,panelist,med,1,0,0,0,4.237214841934838
28,6,15,28_15,panelist,high,1,1,0,0,4.271295351780955
28,6,16,28_16,panelist,none,1,0,0,1,4.592880714929632
28,6,17,28_17,panelist,med,1,0,0,0,4.48929039463028
28,6,18,28_18,reviewer,high,0,1,0,0,4.23808718004056
28,6,19,28_19,panelist,low,1,0,1,0,3.952165551908121
28,6,20,28_20,panelist,med,1,0,0,0,4.615305878027814
28,6,21,28_21,reviewer,high,0,1,0,0,4.0212713606669155
28,6,22,28_22,panelist,med,1,0,0,0,4.03601031895217
28,6,23,28_23,panelist,high,1,1,0,0,4.519035410157166
28,6,24,28_24,panelist,med,1,0,0,0,4.107313296462539
28,7,01,28_01,reviewer,high,0,1,0,0,3.8847518761535382
28,7,02,28_02,panelist,med,1,0,0,0,4.547210332917059
28,7,03,28_03,panelist,high,1,1,0,0,4.098620643429513
28,7,04,28_04,panelist,high,1,1,0,0,4.203149441306399
28,7,05,28_05,panelist,high,1,1,0,0,4.297566618717456
28,7,06,28_06,panelist,none,1,0,0,1,4.857830504859083
28,7,07,28_07,panelist,low,1,0,1,0,4.4566041913921435
28,7,08,28_08,panelist,none,1,0,0,1,4.74359766917158
28,7,09,28_09,panelist,med,1,0,0,0,4.847320201770382
28,7,10,28_10,panelist,low,1,0,1,0,4.208221996710925
28,7,11,28_11,reviewer,low,0,0,1,0,3.832688255639403
28,7,12,28_12,panelist,med,1,0,0,0,4.62738663156074
28,7,13,28_13,panelist,none,1,0,0,1,4.752494361023193
28,7,14,28_14,panelist,high,1,1,0,0,4.66751150219211
28,7,15,28_15,panelist,med,1,0,0,0,4.685625759599634
28,7,16,28_16,panelist,med,1,0,0,0,4.55027258944759
28,7,17,28_17,panelist,high,1,1,0,0,4.364834893998262
28,7,18,28_18,panelist,none,1,0,0,1,4.6092941395790294
28,7,19,28_19,panelist,med,1,0,0,0,3.9734086806581077
28,7,20,28_20,reviewer,med,0,0,0,0,4.072121934089757
28,7,21,28_21,panelist,med,1,0,0,0,4.564992398994053
28,7,22,28_22,panelist,med,1,0,0,0,4.791799837265362
28,7,23,28_23,panelist,med,1,0,0,0,4.817558857356072
28,7,24,28_24,panelist,low,1,0,1,0,4.268314558673494
28,8,01,28_01,panelist,high,1,1,0,0,3.601538040719108
28,8,02,28_02,panelist,none,1,0,0,1,4.2612665004235195
28,8,03,28_03,panelist,high,1,1,0,0,3.5698860580963707
28,8,04,28_04,panelist,low,1,0,1,0,3.5298339428420973
28,8,05,28_05,panelist,med,1,0,0,0,3.6635768645869904
28,8,06,28_06,panelist,low,1,0,1,0,3.9699451076372108
28,8,07,28_07,panelist,med,1,0,0,0,3.562686384476818
28,8,08,28_08,panelist,low,1,0,1,0,4.256586593508408
28,8,09,28_09,reviewer,none,0,0,0,1,4.301953246166716
28,8,10,28_10,panelist,high,1,1,0,0,3.7538746025825245
28,8,11,28_11,panelist,high,1,1,0,0,3.71281649425192
28,8,12,28_12,panelist,med,1,0,0,0,4.1496945705490695
28,8,13,28_13,reviewer,high,0,1,0,0,3.9143557864408893
28,8,14,28_14,panelist,low,1,0,1,0,3.8337162798090763
28,8,15,28_15,panelist,med,1,0,0,0,4.058416332230085
28,8,16,28_16,panelist,med,1,0,0,0,3.832872182351491
28,8,17,28_17,panelist,med,1,0,0,0,3.9267448747237097
28,8,18,28_18,reviewer,none,0,0,0,1,4.0091388014460065
28,8,19,28_19,panelist,med,1,0,0,0,3.635963723615802
28,8,20,28_20,panelist,none,1,0,0,1,3.921961782013416
28,8,21,28_21,panelist,med,1,0,0,0,3.8019411786528203
28,8,22,28_22,panelist,med,1,0,0,0,4.368545033943711
28,8,23,28_23,panelist,high,1,1,0,0,3.82239510641467
28,8,24,28_24,panelist,med,1,0,0,0,3.519486336037749
28,9,01,28_01,panelist,med,1,0,0,0,4.361807148538537
28,9,02,28_02,reviewer,none,0,0,0,1,4.879468148734162
28,9,03,28_03,panelist,high,1,1,0,0,4.344597972937953
28,9,04,28_04,panelist,med,1,0,0,0,4.458859445312989
28,9,05,28_05,panelist,med,1,0,0,0,4.246703153488677
28,9,06,28_06,panelist,med,1,0,0,0,4.654507766961305
28,9,07,28_07,reviewer,high,0,1,0,0,4.030347067729764
28,9,08,28_08,panelist,high,1,1,0,0,4.300205033489875
28,9,09,28_09,panelist,med,1,0,0,0,4.812949027577001
28,9,10,28_10,panelist,high,1,1,0,0,4.319185358247323
28,9,11,28_11,panelist,med,1,0,0,0,4.255811751643286
28,9,12,28_12,reviewer,high,0,1,0,0,4.239139685769065
28,9,13,28_13,panelist,high,1,1,0,0,4.7169174047093945
28,9,14,28_14,panelist,med,1,0,0,0,4.70225986298306
28,9,15,28_15,panelist,low,1,0,1,0,4.578124913161964
28,9,16,28_16,panelist,none,1,0,0,1,4.352642300233798
28,9,17,28_17,panelist,none,1,0,0,1,4.323467710436721
28,9,18,28_18,panelist,low,1,0,1,0,4.448326607227354
28,9,19,28_19,panelist,med,1,0,0,0,4.029066439155647
28,9,20,28_20,panelist,med,1,0,0,0,4.426290116639372
28,9,21,28_21,panelist,low,1,0,1,0,4.880355876182648
28,9,22,28_22,panelist,med,1,0,0,0,4.468894643447976
28,9,23,28_23,panelist,low,1,0,1,0,4.781967862191674
28,9,24,28_24,panelist,none,1,0,0,1,4.5411853568020515
28,10,01,28_01,panelist,none,1,0,0,1,4.100199959543005
28,10,02,28_02,panelist,med,1,0,0,0,4.682986052931872
28,10,03,28_03,panelist,med,1,0,0,0,3.833092826945569
28,10,04,28_04,panelist,med,1,0,0,0,3.7302831111039234
28,10,05,28_05,panelist,high,1,1,0,0,3.752086420929835
28,10,06,28_06,panelist,high,1,1,0,0,4.59240261010805
28,10,07,28_07,panelist,high,1,1,0,0,3.7117030097816706
28,10,08,28_08,panelist,low,1,0,1,0,4.346827603047744
28,10,09,28_09,panelist,none,1,0,0,1,4.720380983404589
28,10,10,28_10,panelist,none,1,0,0,1,4.134878304686494
28,10,11,28_11,reviewer,none,0,0,0,1,3.8224348560264954
28,10,12,28_12,reviewer,med,0,0,0,0,3.9641017906550884
28,10,13,28_13,panelist,low,1,0,1,0,4.499130251473018
28,10,14,28_14,panelist,med,1,0,0,0,3.992406893025931
28,10,15,28_15,panelist,high,1,1,0,0,3.730028783374563
28,10,16,28_16,panelist,med,1,0,0,0,3.977984170713954
28,10,17,28_17,reviewer,high,0,1,0,0,3.601601804376503
28,10,18,28_18,panelist,med,1,0,0,0,4.21000498253674
28,10,19,28_19,panelist,med,1,0,0,0,3.8103071863824556
28,10,20,28_20,panelist,low,1,0,1,0,3.9032638664185297
28,10,21,28_21,panelist,med,1,0,0,0,4.268557406797944
28,10,22,28_22,panelist,high,1,1,0,0,3.863706317487296
28,10,23,28_23,panelist,med,1,0,0,0,4.363546729932606
28,10,24,28_24,panelist,low,1,0,1,0,4.127860527915868
28,11,01,28_01,reviewer,high,0,1,0,0,3.5525325184708088
28,11,02,28_02,panelist,med,1,0,0,0,4.497907464794936
28,11,03,28_03,panelist,low,1,0,1,0,3.750757578643867
28,11,04,28_04,reviewer,med,0,0,0,0,3.5438701527371084
28,11,05,28_05,panelist,low,1,0,1,0,4.001174197255311
28,11,06,28_06,panelist,high,1,1,0,0,4.357264703685565
28,11,07,28_07,panelist,med,1,0,0,0,3.7670291932749356
28,11,08,28_08,panelist,high,1,1,0,0,4.443573399472666
28,11,09,28_09,panelist,none,1,0,0,1,4.542183061137621
28,11,10,28_10,panelist,med,1,0,0,0,4.133234471833086
28,11,11,28_11,reviewer,high,0,1,0,0,3.75713424943808
28,11,12,28_12,panelist,med,1,0,0,0,3.825349280724238
28,11,13,28_13,panelist,none,1,0,0,1,4.65170566564984
28,11,14,28_14,panelist,med,1,0,0,0,3.901713760618451
28,11,15,28_15,panelist,med,1,0,0,0,4.193470681451024
28,11,16,28_16,panelist,low,1,0,1,0,3.975557712468845
28,11,17,28_17,panelist,low,1,0,1,0,4.379557155108371
28,11,18,28_18,panelist,med,1,0,0,0,4.031819650459218
28,11,19,28_19,panelist,med,1,0,0,0,3.5718028858549946
28,11,20,28_20,panelist,none,1,0,0,1,4.166683060125645
28,11,21,28_21,panelist,med,1,0,0,0,3.983650689358711
28,11,22,28_22,panelist,high,1,1,0,0,3.689554317575638
28,11,23,28_23,panelist,high,1,1,0,0,3.9171612069796855
28,11,24,28_24,panelist,none,1,0,0,1,4.037971767592442
28,12,01,28_01,panelist,med,1,0,0,0,4.044008676858809
28,12,02,28_02,panelist,none,1,0,0,1,4.865945833840081
28,12,03,28_03,panelist,high,1,1,0,0,3.7183083019397913
28,12,04,28_04,panelist,med,1,0,0,0,4.250004859742371
28,12,05,28_05,panelist,low,1,0,1,0,3.932852577292852
28,12,06,28_06,panelist,med,1,0,0,0,4.538928035305551
28,12,07,28_07,panelist,med,1,0,0,0,3.917595006179627
28,12,08,28_08,panelist,high,1,1,0,0,4.204398874882921
28,12,09,28_09,panelist,high,1,1,0,0,4.2920313719094505
28,12,10,28_10,panelist,med,1,0,0,0,4.01409418610023
28,12,11,28_11,panelist,med,1,0,0,0,3.7424861266422207
28,12,12,28_12,reviewer,low,0,0,1,0,3.8756463237029126
28,12,13,28_13,panelist,med,1,0,0,0,4.378055786540087
28,12,14,28_14,panelist,none,1,0,0,1,4.070027574140669
28,12,15,28_15,panelist,med,1,0,0,0,4.33251732721686
28,12,16,28_16,panelist,none,1,0,0,1,4.623818150387742
28,12,17,28_17,panelist,low,1,0,1,0,4.435218260582676
28,12,18,28_18,reviewer,med,0,0,0,0,3.9201546993105256
28,12,19,28_19,panelist,none,1,0,0,1,3.9305459170602117
28,12,20,28_20,panelist,high,1,1,0,0,3.8713918846421453
28,12,21,28_21,reviewer,high,0,1,0,0,3.824092578514396
28,12,22,28_22,panelist,high,1,1,0,0,3.8763645164179295
28,12,23,28_23,panelist,med,1,0,0,0,3.9213031297165473
28,12,24,28_24,panelist,low,1,0,1,0,3.802203906556159
28,13,01,28_01,panelist,high,1,1,0,0,3.844877835369808
28,13,02,28_02,reviewer,med,0,0,0,0,4.860748914570006
28,13,03,28_03,reviewer,high,0,1,0,0,3.544064746169373
28,13,04,28_04,reviewer,med,0,0,0,0,4.114937165179145
28,13,05,28_05,panelist,med,1,0,0,0,3.8962846964636024
28,13,06,28_06,panelist,med,1,0,0,0,4.495155635569528
28,13,07,28_07,panelist,med,1,0,0,0,4.361466244756662
28,13,08,28_08,panelist,high,1,1,0,0,4.41011209351773
28,13,09,28_09,panelist,med,1,0,0,0,4.881935783460534
28,13,10,28_10,panelist,none,1,0,0,1,4.7233708694176295
28,13,11,28_11,panelist,med,1,0,0,0,3.5981126977963775
28,13,12,28_12,panelist,med,1,0,0,0,4.433277091909476
28,13,13,28_13,panelist,med,1,0,0,0,4.4004977036521185
28,13,14,28_14,panelist,high,1,1,0,0,4.154320929069825
28,13,15,28_15,panelist,high,1,1,0,0,4.046212844762094
28,13,16,28_16,panelist,none,1,0,0,1,4.616054553901995
28,13,17,28_17,panelist,low,1,0,1,0,4.579240058846291
28,13,18,28_18,panelist,med,1,0,0,0,4.201018314537219
28,13,19,28_19,panelist,low,1,0,1,0,4.389844119199059
28,13,20,28_20,panelist,low,1,0,1,0,4.486414428136771
28,13,21,28_21,panelist,high,1,1,0,0,4.308310045606087
28,13,22,28_22,panelist,none,1,0,0,1,4.53905381397246
28,13,23,28_23,panelist,none,1,0,0,1,4.8816738198435825
28,13,24,28_24,panelist,low,1,0,1,0,4.0076109296025395
28,14,01,28_01,panelist,med,1,0,0,0,3.6846862529627247
28,14,02,28_02,reviewer,high,0,1,0,0,4.178042361385734
28,14,03,28_03,panelist,med,1,0,0,0,3.6256442315559045
28,14,04,28_04,panelist,high,1,1,0,0,3.669325730747572
28,14,05,28_05,panelist,low,1,0,1,0,4.010517693076655
28,14,06,28_06,panelist,med,1,0,0,0,3.6527779947201084
28,14,07,28_07,panelist,med,1,0,0,0,3.831307926424722
28,14,08,28_08,reviewer,low,0,0,1,0,4.108425877896927
28,14,09,28_09,panelist,high,1,1,0,0,4.297855318791537
28,14,10,28_10,panelist,med,1,0,0,0,3.892600780868204
28,14,11,28_11,panelist,low,1,0,1,0,3.8420473404013524
28,14,12,28_12,panelist,none,1,0,0,1,4.104520692669064
28,14,13,28_13,panelist,med,1,0,0,0,4.677570293539041
28,14,14,28_14,panelist,none,1,0,0,1,4.2834192881455
28,14,15,28_15,panelist,high,1,1,0,0,3.9075189680298754
28,14,16,28_16,panelist,high,1,1,0,0,4.124602935031406
28,14,17,28_17,panelist,med,1,0,0,0,4.212906076503225
28,14,18,28_18,panelist,low,1,0,1,0,4.048798651818654
28,14,19,28_19,panelist,high,1,1,0,0,3.809225966337605
28,14,20,28_20,panelist,med,1,0,0,0,4.095201885534272
28,14,21,28_21,panelist,none,1,0,0,1,4.197144816884726
28,14,22,28_22,panelist,med,1,0,0,0,3.9570376488375594
28,14,23,28_23,panelist,none,1,0,0,1,4.053358479870505
28,14,24,28_24,reviewer,med,0,0,0,0,3.7052110377746077
28,15,01,28_01,panelist,high,1,1,0,0,3.7068197414659827
28,15,02,28_02,panelist,med,1,0,0,0,4.1107080107924965
28,15,03,28_03,panelist,high,1,1,0,0,3.5177937069201723
28,15,04,28_04,panelist,low,1,0,1,0,3.5899885055496124
28,15,05,28_05,panelist,med,1,0,0,0,3.516407690088993
28,15,06,28_06,reviewer,none,0,0,0,1,3.8836840520956737
28,15,07,28_07,panelist,low,1,0,1,0,3.5683806435008325
28,15,08,28_08,panelist,low,1,0,1,0,3.629002356149752
28,15,09,28_09,reviewer,low,0,0,1,0,4.050817631905055
28,15,10,28_10,panelist,high,1,1,0,0,3.67623984132543
28,15,11,28_11,panelist,med,1,0,0,0,3.5505804987965783
28,15,12,28_12,panelist,med,1,0,0,0,3.895837667005499
28,15,13,28_13,panelist,high,1,1,0,0,3.9712648467314158
28,15,14,28_14,panelist,med,1,0,0,0,3.851080409095044
28,15,15,28_15,panelist,high,1,1,0,0,3.6723248770161843
28,15,16,28_16,panelist,high,1,1,0,0,3.5212251633470326
28,15,17,28_17,reviewer,med,0,0,0,0,3.559995021264654
28,15,18,28_18,panelist,none,1,0,0,1,4.3107030335535566
28,15,19,28_19,panelist,med,1,0,0,0,3.7174051867073694
28,15,20,28_20,panelist,med,1,0,0,0,3.8629737538438413
28,15,21,28_21,panelist,med,1,0,0,0,3.79395724678478
28,15,22,28_22,panelist,med,1,0,0,0,3.9537436858832993
28,15,23,28_23,panelist,none,1,0,0,1,3.6032792690206548
28,15,24,28_24,panelist,none,1,0,0,1,3.7070215393763424
29,1,01,29_01,reviewer,none,0,0,0,1,4.128320566149161
29,1,02,29_02,panelist,high,1,1,0,0,4.32263441479725
29,1,03,29_03,panelist,med,1,0,0,0,3.671835571819899
29,1,04,29_04,panelist,high,1,1,0,0,3.529334263432813
29,1,05,29_05,panelist,high,1,1,0,0,3.6745788789940224
29,1,06,29_06,panelist,high,1,1,0,0,4.155938073454736
29,1,07,29_07,panelist,none,1,0,0,1,4.080291607778059
29,1,08,29_08,panelist,low,1,0,1,0,4.1003590296633226
29,1,09,29_09,panelist,med,1,0,0,0,4.4441904406921875
29,1,10,29_10,panelist,med,1,0,0,0,4.1753897532414905
29,1,11,29_11,panelist,low,1,0,1,0,3.991971878063121
29,1,12,29_12,panelist,med,1,0,0,0,4.270674198688944
29,1,13,29_13,panelist,med,1,0,0,0,4.347888600488854
29,1,14,29_14,panelist,med,1,0,0,0,4.265487869109817
29,1,15,29_15,panelist,low,1,0,1,0,4.029063861423206
29,1,16,29_16,panelist,med,1,0,0,0,3.9616610726840515
29,1,17,29_17,panelist,high,1,1,0,0,4.338720873729371
29,1,18,29_18,panelist,med,1,0,0,0,4.47178435719312
29,1,19,29_19,panelist,high,1,1,0,0,3.9507623952951403
29,1,20,29_20,panelist,med,1,0,0,0,4.2731647481344215
29,1,21,29_21,reviewer,low,0,0,1,0,4.070851801406095
29,1,22,29_22,panelist,none,1,0,0,1,4.545178020431638
29,1,23,29_23,panelist,med,1,0,0,0,4.180736293872246
29,1,24,29_24,reviewer,none,0,0,0,1,4.107123657375868
29,2,01,29_01,panelist,high,1,1,0,0,4.136978368758949
29,2,02,29_02,panelist,med,1,0,0,0,4.59636636098275
29,2,03,29_03,panelist,high,1,1,0,0,3.8208248736861132
29,2,04,29_04,panelist,high,1,1,0,0,3.9529028755804405
29,2,05,29_05,panelist,med,1,0,0,0,3.659557121589727
29,2,06,29_06,reviewer,low,0,0,1,0,4.251315443040488
29,2,07,29_07,panelist,med,1,0,0,0,4.027569744878817
29,2,08,29_08,panelist,high,1,1,0,0,4.036117815066622
29,2,09,29_09,panelist,med,1,0,0,0,4.500837815796655
29,2,10,29_10,panelist,high,1,1,0,0,4.31640473926193
29,2,11,29_11,panelist,none,1,0,0,1,4.301785393151503
29,2,12,29_12,panelist,low,1,0,1,0,3.9815491693213456
29,2,13,29_13,panelist,med,1,0,0,0,4.758920712380127
29,2,14,29_14,panelist,none,1,0,0,1,4.521404764011141
29,2,15,29_15,panelist,med,1,0,0,0,4.067610453589512
29,2,16,29_16,panelist,none,1,0,0,1,4.1957949887583705
29,2,17,29_17,panelist,med,1,0,0,0,4.498506272304465
29,2,18,29_18,reviewer,med,0,0,0,0,4.151833947298048
29,2,19,29_19,panelist,none,1,0,0,1,4.049951392640373
29,2,20,29_20,panelist,med,1,0,0,0,4.172688953153611
29,2,21,29_21,panelist,med,1,0,0,0,4.437724569453965
29,2,22,29_22,panelist,low,1,0,1,0,4.820924846367226
29,2,23,29_23,panelist,high,1,1,0,0,4.406144358834735
29,2,24,29_24,reviewer,low,0,0,1,0,3.6828923784768848
29,3,01,29_01,panelist,none,1,0,0,1,4.142175279377256
29,3,02,29_02,reviewer,none,0,0,0,1,4.377132196352254
29,3,03,29_03,panelist,med,1,0,0,0,4.084696966537991
29,3,04,29_04,panelist,high,1,1,0,0,3.619256837705768
29,3,05,29_05,reviewer,high,0,1,0,0,3.7185096524443884
29,3,06,29_06,panelist,low,1,0,1,0,4.223659559628561
29,3,07,29_07,panelist,med,1,0,0,0,3.7312107235333065
29,3,08,29_08,panelist,med,1,0,0,0,4.873675108216846
29,3,09,29_09,panelist,low,1,0,1,0,4.837029979170564
29,3,10,29_10,panelist,none,1,0,0,1,4.546176145552556
29,3,11,29_11,panelist,med,1,0,0,0,4.214438499007486
29,3,12,29_12,panelist,med,1,0,0,0,3.7235219222068836
29,3,13,29_13,panelist,high,1,1,0,0,4.500757023644673
29,3,14,29_14,panelist,med,1,0,0,0,3.980022781543111
29,3,15,29_15,panelist,none,1,0,0,1,4.6382478449243285
29,3,16,29_16,panelist,med,1,0,0,0,4.048224296685263
29,3,17,29_17,panelist,med,1,0,0,0,4.436324400988902
29,3,18,29_18,panelist,high,1,1,0,0,4.353306282753145
29,3,19,29_19,panelist,high,1,1,0,0,3.625823980658157
29,3,20,29_20,reviewer,high,0,1,0,0,3.8346883927467355
29,3,21,29_21,panelist,low,1,0,1,0,4.1649685844328745
29,3,22,29_22,panelist,med,1,0,0,0,4.300901580975201
29,3,23,29_23,panelist,med,1,0,0,0,4.430193460377029
29,3,24,29_24,panelist,low,1,0,1,0,3.8757455900859004
29,4,01,29_01,panelist,low,1,0,1,0,4.208015443411986
29,4,02,29_02,panelist,low,1,0,1,0,4.548599938546789
29,4,03,29_03,reviewer,none,0,0,0,1,4.154677992879377
29,4,04,29_04,panelist,low,1,0,1,0,4.120020095679165
29,4,05,29_05,panelist,none,1,0,0,1,4.075536543282808
29,4,06,29_06,panelist,med,1,0,0,0,4.572559316909963
29,4,07,29_07,panelist,med,1,0,0,0,4.263019294378015
29,4,08,29_08,reviewer,high,0,1,0,0,4.058077497449289
29,4,09,29_09,panelist,med,1,0,0,0,4.526923630495895
29,4,10,29_10,panelist,med,1,0,0,0,4.313541140495731
29,4,11,29_11,panelist,high,1,1,0,0,3.7641535029540756
29,4,12,29_12,panelist,med,1,0,0,0,4.0661930930448005
29,4,13,29_13,panelist,med,1,0,0,0,4.7047317186682305
29,4,14,29_14,panelist,high,1,1,0,0,4.121830453707574
29,4,15,29_15,panelist,high,1,1,0,0,4.154244722203648
29,4,16,29_16,panelist,none,1,0,0,1,4.53437535801631
29,4,17,29_17,panelist,high,1,1,0,0,4.096475850998763
29,4,18,29_18,panelist,med,1,0,0,0,4.450118679561955
29,4,19,29_19,panelist,low,1,0,1,0,4.545031111897807
29,4,20,29_20,panelist,none,1,0,0,1,4.730046778408862
29,4,21,29_21,panelist,high,1,1,0,0,4.534946757593486
29,4,22,29_22,panelist,med,1,0,0,0,4.48107830768198
29,4,23,29_23,panelist,med,1,0,0,0,4.530880099551412
29,4,24,29_24,reviewer,med,0,0,0,0,3.8691240202608306
29,5,01,29_01,panelist,low,1,0,1,0,4.0715358416024765
29,5,02,29_02,panelist,high,1,1,0,0,4.168827618648867
29,5,03,29_03,panelist,med,1,0,0,0,3.8629296974716665
29,5,04,29_04,panelist,med,1,0,0,0,3.8119289610886136
29,5,05,29_05,panelist,med,1,0,0,0,3.9596795486759846
29,5,06,29_06,panelist,med,1,0,0,0,4.0563306493747
29,5,07,29_07,panelist,none,1,0,0,1,4.169632418399605
29,5,08,29_08,panelist,high,1,1,0,0,4.120099286234142
29,5,09,29_09,reviewer,high,0,1,0,0,4.031481656317793
29,5,10,29_10,panelist,med,1,0,0,0,4.02479442826783
29,5,11,29_11,panelist,med,1,0,0,0,3.6866108967043876
29,5,12,29_12,reviewer,med,0,0,0,0,3.886165015933315
29,5,13,29_13,panelist,high,1,1,0,0,3.890268290136426
29,5,14,29_14,panelist,med,1,0,0,0,4.168367934394945
29,5,15,29_15,panelist,low,1,0,1,0,4.39260401481188
29,5,16,29_16,panelist,med,1,0,0,0,4.022571517383074
29,5,17,29_17,panelist,low,1,0,1,0,4.2987950812357605
29,5,18,29_18,panelist,high,1,1,0,0,3.856244064726153
29,5,19,29_19,panelist,med,1,0,0,0,3.9173570614692395
29,5,20,29_20,panelist,high,1,1,0,0,3.8595309943529066
29,5,21,29_21,reviewer,none,0,0,0,1,4.394201267493806
29,5,22,29_22,panelist,none,1,0,0,1,4.134229780813601
29,5,23,29_23,panelist,none,1,0,0,1,4.277871694768787
29,5,24,29_24,panelist,low,1,0,1,0,3.792138310771272
29,6,01,29_01,panelist,med,1,0,0,0,4.327830626504453
29,6,02,29_02,panelist,high,1,1,0,0,4.6297558350160015
29,6,03,29_03,reviewer,med,0,0,0,0,3.9066803163668085
29,6,04,29_04,reviewer,high,0,1,0,0,3.7529597282459592
29,6,05,29_05,panelist,low,1,0,1,0,4.263674745799681
29,6,06,29_06,panelist,high,1,1,0,0,4.189062490592377
29,6,07,29_07,panelist,high,1,1,0,0,4.173778918349303
29,6,08,29_08,panelist,high,1,1,0,0,4.514470996496998
29,6,09,29_09,panelist,low,1,0,1,0,4.896507185317438
29,6,10,29_10,panelist,med,1,0,0,0,4.2224953457854815
29,6,11,29_11,panelist,med,1,0,0,0,4.0128370445515635
29,6,12,29_12,panelist,med,1,0,0,0,4.440122839770155
29,6,13,29_13,panelist,high,1,1,0,0,4.733915915498875
29,6,14,29_14,panelist,none,1,0,0,1,4.663134075339667
29,6,15,29_15,panelist,med,1,0,0,0,4.589020426092834
29,6,16,29_16,panelist,none,1,0,0,1,4.894470216127702
29,6,17,29_17,panelist,med,1,0,0,0,4.6752678784038935
29,6,18,29_18,panelist,low,1,0,1,0,4.352426951188595
29,6,19,29_19,panelist,med,1,0,0,0,4.03493392175956
29,6,20,29_20,panelist,none,1,0,0,1,4.862627549973179
29,6,21,29_21,panelist,low,1,0,1,0,4.563366123477036
29,6,22,29_22,reviewer,none,0,0,0,1,4.433106498011593
29,6,23,29_23,panelist,med,1,0,0,0,4.717907610083947
29,6,24,29_24,panelist,med,1,0,0,0,4.203267266954255
29,7,01,29_01,panelist,low,1,0,1,0,4.725025190739814
29,7,02,29_02,panelist,med,1,0,0,0,4.898211918232861
29,7,03,29_03,panelist,med,1,0,0,0,4.223682832872441
29,7,04,29_04,panelist,high,1,1,0,0,4.624762115270568
29,7,05,29_05,panelist,none,1,0,0,1,4.520867444208535
29,7,06,29_06,panelist,high,1,1,0,0,4.7471401876665045
29,7,07,29_07,panelist,low,1,0,1,0,4.260968018420384
29,7,08,29_08,panelist,high,1,1,0,0,4.519050887900136
29,7,09,29_09,panelist,high,1,1,0,0,4.445515465376727
29,7,10,29_10,reviewer,med,0,0,0,0,4.242034979176735
29,7,11,29_11,panelist,med,1,0,0,0,4.018627495413727
29,7,12,29_12,panelist,high,1,1,0,0,4.143842445332673
29,7,13,29_13,panelist,med,1,0,0,0,4.7604756411230875
29,7,14,29_14,reviewer,high,0,1,0,0,4.567252548543936
29,7,15,29_15,panelist,low,1,0,1,0,4.581843704996661
29,7,16,29_16,panelist,none,1,0,0,1,4.83151398856978
29,7,17,29_17,panelist,low,1,0,1,0,4.269101629765653
29,7,18,29_18,panelist,med,1,0,0,0,4.246750172386042
29,7,19,29_19,reviewer,med,0,0,0,0,4.178365474691512
29,7,20,29_20,panelist,med,1,0,0,0,4.827521023329032
29,7,21,29_21,panelist,med,1,0,0,0,4.654953716555455
29,7,22,29_22,panelist,none,1,0,0,1,4.848516105702435
29,7,23,29_23,panelist,none,1,0,0,1,4.72014575562709
29,7,24,29_24,panelist,med,1,0,0,0,4.1405748481205205
29,8,01,29_01,panelist,none,1,0,0,1,3.9951961319302294
29,8,02,29_02,panelist,low,1,0,1,0,4.005720312907213
29,8,03,29_03,panelist,high,1,1,0,0,3.52699038563871
29,8,04,29_04,reviewer,high,0,1,0,0,3.76543549771686
29,8,05,29_05,panelist,med,1,0,0,0,3.8321118305892194
29,8,06,29_06,panelist,high,1,1,0,0,3.8812872324853602
29,8,07,29_07,reviewer,med,0,0,0,0,3.538168006301633
29,8,08,29_08,panelist,low,1,0,1,0,4.25481667983407
29,8,09,29_09,panelist,med,1,0,0,0,4.648026682949844
29,8,10,29_10,panelist,none,1,0,0,1,3.9851017897150522
29,8,11,29_11,panelist,med,1,0,0,0,3.7462030204407752
29,8,12,29_12,panelist,med,1,0,0,0,3.5968903467397717
29,8,13,29_13,panelist,high,1,1,0,0,4.486771899058957
29,8,14,29_14,panelist,med,1,0,0,0,3.953444144480219
29,8,15,29_15,panelist,high,1,1,0,0,3.8792705920598287
29,8,16,29_16,panelist,none,1,0,0,1,4.356443131755587
29,8,17,29_17,panelist,none,1,0,0,1,4.522154236828045
29,8,18,29_18,panelist,med,1,0,0,0,4.297903493986232
29,8,19,29_19,panelist,low,1,0,1,0,3.815820020678146
29,8,20,29_20,panelist,low,1,0,1,0,4.292989086102608
29,8,21,29_21,panelist,med,1,0,0,0,4.001357287388451
29,8,22,29_22,panelist,high,1,1,0,0,3.8387584340965066
29,8,23,29_23,panelist,med,1,0,0,0,4.0913878215081905
29,8,24,29_24,reviewer,med,0,0,0,0,3.5188392671416224
29,9,01,29_01,reviewer,high,0,1,0,0,3.9678332091336044
29,9,02,29_02,panelist,med,1,0,0,0,4.73876658269622
29,9,03,29_03,panelist,med,1,0,0,0,4.100134657531826
29,9,04,29_04,panelist,none,1,0,0,1,4.226938505046493
29,9,05,29_05,panelist,none,1,0,0,1,4.365579287713763
29,9,06,29_06,reviewer,med,0,0,0,0,4.717978053658288
29,9,07,29_07,panelist,med,1,0,0,0,4.167281084932382
29,9,08,29_08,panelist,none,1,0,0,1,4.671493727133974
29,9,09,29_09,reviewer,low,0,0,1,0,4.851407186468474
29,9,10,29_10,panelist,high,1,1,0,0,4.175510106819288
29,9,11,29_11,panelist,none,1,0,0,1,4.437966247175133
29,9,12,29_12,panelist,high,1,1,0,0,4.571441006303207
29,9,13,29_13,panelist,med,1,0,0,0,4.700132035094511
29,9,14,29_14,panelist,med,1,0,0,0,4.487174670085028
29,9,15,29_15,panelist,high,1,1,0,0,4.219947657362947
29,9,16,29_16,panelist,med,1,0,0,0,4.488109347836585
29,9,17,29_17,panelist,med,1,0,0,0,4.664885326103197
29,9,18,29_18,panelist,high,1,1,0,0,4.6578584056486525
29,9,19,29_19,panelist,low,1,0,1,0,4.485433373203701
29,9,20,29_20,panelist,low,1,0,1,0,4.435019103187491
29,9,21,29_21,panelist,med,1,0,0,0,4.632981690013197
29,9,22,29_22,panelist,high,1,1,0,0,4.034377587704098
29,9,23,29_23,panelist,low,1,0,1,0,4.615469522221555
29,9,24,29_24,panelist,med,1,0,0,0,4.456438458964379
29,10,01,29_01,panelist,none,1,0,0,1,4.131362324949348
29,10,02,29_02,panelist,low,1,0,1,0,4.61250500123511
29,10,03,29_03,reviewer,high,0,1,0,0,3.549488176949953
29,10,04,29_04,reviewer,high,0,1,0,0,3.7064612428078623
29,10,05,29_05,panelist,med,1,0,0,0,3.8859005354028993
29,10,06,29_06,panelist,med,1,0,0,0,4.436688096619861
29,10,07,29_07,panelist,low,1,0,1,0,4.116822411561536
29,10,08,29_08,panelist,high,1,1,0,0,3.8342883899176545
29,10,09,29_09,panelist,low,1,0,1,0,4.2231947343634975
29,10,10,29_10,panelist,none,1,0,0,1,4.205599708354016
29,10,11,29_11,panelist,none,1,0,0,1,4.49650336399955
29,10,12,29_12,panelist,med,1,0,0,0,4.596382642176674
29,10,13,29_13,panelist,med,1,0,0,0,4.58542044510692
29,10,14,29_14,panelist,none,1,0,0,1,4.798029282606619
29,10,15,29_15,panelist,med,1,0,0,0,3.924058269331539
29,10,16,29_16,reviewer,high,0,1,0,0,3.5346358345889435
29,10,17,29_17,panelist,med,1,0,0,0,4.41965472191313
29,10,18,29_18,panelist,med,1,0,0,0,4.224108181362767
29,10,19,29_19,panelist,low,1,0,1,0,4.089696734220208
29,10,20,29_20,panelist,med,1,0,0,0,4.35714089637982
29,10,21,29_21,panelist,med,1,0,0,0,4.206929040044172
29,10,22,29_22,panelist,med,1,0,0,0,3.882672962964628
29,10,23,29_23,panelist,high,1,1,0,0,4.287034087314302
29,10,24,29_24,panelist,high,1,1,0,0,3.873861892887974
29,11,01,29_01,panelist,high,1,1,0,0,4.137949296124592
29,11,02,29_02,panelist,med,1,0,0,0,4.427844215273362
29,11,03,29_03,panelist,none,1,0,0,1,4.1808886712455635
29,11,04,29_04,reviewer,high,0,1,0,0,3.5653389831288913
29,11,05,29_05,panelist,none,1,0,0,1,4.080854979422802
29,11,06,29_06,panelist,med,1,0,0,0,4.0612648733930445
29,11,07,29_07,panelist,med,1,0,0,0,3.7457967162432317
29,11,08,29_08,reviewer,high,0,1,0,0,3.6810221730715122
29,11,09,29_09,panelist,high,1,1,0,0,4.344305572029997
29,11,10,29_10,reviewer,low,0,0,1,0,3.7331866193915286
29,11,11,29_11,panelist,med,1,0,0,0,3.879763717974598
29,11,12,29_12,panelist,high,1,1,0,0,3.9862295410661033
29,11,13,29_13,panelist,med,1,0,0,0,3.9811891351129445
29,11,14,29_14,panelist,med,1,0,0,0,4.111496576808917
29,11,15,29_15,panelist,low,1,0,1,0,4.122126850889547
29,11,16,29_16,panelist,low,1,0,1,0,4.017070896369076
29,11,17,29_17,panelist,none,1,0,0,1,4.297064266727041
29,11,18,29_18,panelist,none,1,0,0,1,4.274227857014708
29,11,19,29_19,panelist,med,1,0,0,0,3.6601084883753794
29,11,20,29_20,panelist,high,1,1,0,0,4.142635298423112
29,11,21,29_21,panelist,low,1,0,1,0,4.6770573730471705
29,11,22,29_22,panelist,med,1,0,0,0,3.5696797651343704
29,11,23,29_23,panelist,med,1,0,0,0,4.243252949673676
29,11,24,29_24,panelist,med,1,0,0,0,3.6423769500549352
29,12,01,29_01,panelist,med,1,0,0,0,4.083175164052775
29,12,02,29_02,panelist,none,1,0,0,1,4.757414346812681
29,12,03,29_03,panelist,low,1,0,1,0,4.169081264668668
29,12,04,29_04,panelist,high,1,1,0,0,3.9765487158065604
29,12,05,29_05,panelist,high,1,1,0,0,3.8702359145769423
29,12,06,29_06,panelist,med,1,0,0,0,4.366975343729445
29,12,07,29_07,panelist,low,1,0,1,0,4.342145982290956
29,12,08,29_08,panelist,med,1,0,0,0,4.244681677241002
29,12,09,29_09,panelist,low,1,0,1,0,4.8348420524433
29,12,10,29_10,reviewer,high,0,1,0,0,3.6951955902624123
29,12,11,29_11,panelist,high,1,1,0,0,3.691281024014069
29,12,12,29_12,reviewer,med,0,0,0,0,3.8337275436606033
29,12,13,29_13,panelist,none,1,0,0,1,4.288711315880602
29,12,14,29_14,panelist,med,1,0,0,0,4.522322383429462
29,12,15,29_15,panelist,med,1,0,0,0,4.332671522071854
29,12,16,29_16,panelist,med,1,0,0,0,4.041491020677636
29,12,17,29_17,panelist,none,1,0,0,1,4.455940614664177
29,12,18,29_18,panelist,none,1,0,0,1,4.463302988686189
29,12,19,29_19,panelist,med,1,0,0,0,4.126449063534749
29,12,20,29_20,panelist,high,1,1,0,0,4.473387036086256
29,12,21,29_21,reviewer,low,0,0,1,0,4.37757775844921
29,12,22,29_22,panelist,high,1,1,0,0,3.965631236126946
29,12,23,29_23,panelist,med,1,0,0,0,4.3307089895447515
29,12,24,29_24,panelist,med,1,0,0,0,4.033908402726508
29,13,01,29_01,panelist,low,1,0,1,0,4.274855176444442
29,13,02,29_02,panelist,med,1,0,0,0,4.8375402823976446
29,13,03,29_03,reviewer,med,0,0,0,0,4.126112654189763
29,13,04,29_04,panelist,med,1,0,0,0,4.247634911171252
29,13,05,29_05,panelist,med,1,0,0,0,4.110182005466612
29,13,06,29_06,panelist,low,1,0,1,0,4.509159859338782
29,13,07,29_07,panelist,high,1,1,0,0,4.296901015920838
29,13,08,29_08,panelist,med,1,0,0,0,4.85688901628217
29,13,09,29_09,reviewer,none,0,0,0,1,4.708009634217885
29,13,10,29_10,panelist,med,1,0,0,0,4.292041591835795
29,13,11,29_11,panelist,low,1,0,1,0,3.9415892130982058
29,13,12,29_12,panelist,med,1,0,0,0,4.264636178762101
29,13,13,29_13,panelist,high,1,1,0,0,4.707854941150471
29,13,14,29_14,panelist,none,1,0,0,1,4.330146508639939
29,13,15,29_15,panelist,high,1,1,0,0,3.951034623003862
29,13,16,29_16,panelist,none,1,0,0,1,4.410606782140306
29,13,17,29_17,panelist,high,1,1,0,0,4.739892095346659
29,13,18,29_18,panelist,high,1,1,0,0,4.438020974136123
29,13,19,29_19,panelist,med,1,0,0,0,4.3939191904085595
29,13,20,29_20,panelist,high,1,1,0,0,4.372482433058185
29,13,21,29_21,panelist,med,1,0,0,0,4.383556596414841
29,13,22,29_22,panelist,none,1,0,0,1,4.579025889103067
29,13,23,29_23,reviewer,med,0,0,0,0,4.108459062660121
29,13,24,29_24,panelist,low,1,0,1,0,3.9042739873389816
29,14,01,29_01,panelist,none,1,0,0,1,4.643799165169192
29,14,02,29_02,panelist,none,1,0,0,1,4.436997457638633
29,14,03,29_03,panelist,none,1,0,0,1,3.554580943879438
29,14,04,29_04,panelist,med,1,0,0,0,3.841854097917534
29,14,05,29_05,panelist,high,1,1,0,0,3.8121712766173377
29,14,06,29_06,panelist,med,1,0,0,0,4.106252308115358
29,14,07,29_07,panelist,med,1,0,0,0,3.694700542691454
29,14,08,29_08,panelist,high,1,1,0,0,4.271865462711771
29,14,09,29_09,panelist,low,1,0,1,0,4.8422652928360215
29,14,10,29_10,panelist,med,1,0,0,0,3.7600592472675367
29,14,11,29_11,panelist,med,1,0,0,0,3.799478468977044
29,14,12,29_12,panelist,low,1,0,1,0,4.037338125808911
29,14,13,29_13,panelist,high,1,1,0,0,4.486533484949113
29,14,14,29_14,panelist,high,1,1,0,0,3.7929807791938766
29,14,15,29_15,panelist,med,1,0,0,0,4.055558616725935
29,14,16,29_16,reviewer,med,0,0,0,0,4.154030248963768
29,14,17,29_17,panelist,none,1,0,0,1,4.1763587138956035
29,14,18,29_18,panelist,high,1,1,0,0,4.157528717917584
29,14,19,29_19,panelist,low,1,0,1,0,3.9130056960305724
29,14,20,29_20,panelist,high,1,1,0,0,3.913751870539753
29,14,21,29_21,reviewer,med,0,0,0,0,3.7314757322715604
29,14,22,29_22,panelist,low,1,0,1,0,4.268910783646119
29,14,23,29_23,panelist,med,1,0,0,0,3.865008025861503
29,14,24,29_24,reviewer,med,0,0,0,0,3.7131547990210185
29,15,01,29_01,panelist,low,1,0,1,0,3.5375338209275364
29,15,02,29_02,panelist,high,1,1,0,0,3.6742390567298306
29,15,03,29_03,panelist,none,1,0,0,1,3.9469370758222797
29,15,04,29_04,panelist,high,1,1,0,0,3.5165812458465733
29,15,05,29_05,panelist,low,1,0,1,0,3.827829550031179
29,15,06,29_06,panelist,high,1,1,0,0,3.5496851810857954
29,15,07,29_07,panelist,high,1,1,0,0,3.7287809388844475
29,15,08,29_08,panelist,none,1,0,0,1,4.366511853389461
29,15,09,29_09,panelist,med,1,0,0,0,4.243674094934122
29,15,10,29_10,panelist,low,1,0,1,0,3.8016274233801286
29,15,11,29_11,panelist,high,1,1,0,0,3.7360850235633976
29,15,12,29_12,reviewer,med,0,0,0,0,3.5059803031710928
29,15,13,29_13,panelist,med,1,0,0,0,4.167055143397492
29,15,14,29_14,panelist,med,1,0,0,0,3.8047474151520033
29,15,15,29_15,panelist,high,1,1,0,0,3.7088998952451417
29,15,16,29_16,panelist,med,1,0,0,0,3.9757305871877504
29,15,17,29_17,reviewer,med,0,0,0,0,3.9021691128423894
29,15,18,29_18,panelist,med,1,0,0,0,3.5274949182698987
29,15,19,29_19,panelist,med,1,0,0,0,3.718089305161316
29,15,20,29_20,reviewer,none,0,0,0,1,3.6841408931723683
29,15,21,29_21,panelist,low,1,0,1,0,4.160164933668801
29,15,22,29_22,panelist,none,1,0,0,1,3.6643546567452474
29,15,23,29_23,panelist,med,1,0,0,0,3.954382484025728
29,15,24,29_24,panelist,med,1,0,0,0,3.702959015552571
30,1,01,30_01,panelist,med,1,0,0,0,3.9039973948118942
30,1,02,30_02,panelist,med,1,0,0,0,4.385419822414271
30,1,03,30_03,panelist,high,1,1,0,0,3.82094770874972
30,1,04,30_04,panelist,none,1,0,0,1,3.8429555638024335
30,1,05,30_05,panelist,high,1,1,0,0,3.833544408732163
30,1,06,30_06,panelist,none,1,0,0,1,4.3083750668352
30,1,07,30_07,panelist,high,1,1,0,0,3.7518215668825383
30,1,08,30_08,panelist,med,1,0,0,0,4.2676511692988095
30,1,09,30_09,panelist,med,1,0,0,0,4.815860260776427
30,1,10,30_10,panelist,low,1,0,1,0,4.132978049117255
30,1,11,30_11,panelist,med,1,0,0,0,3.6617091217046327
30,1,12,30_12,reviewer,none,0,0,0,1,4.107687682684375
30,1,13,30_13,panelist,high,1,1,0,0,4.218712853456326
30,1,14,30_14,panelist,high,1,1,0,0,3.913707156487409
30,1,15,30_15,panelist,low,1,0,1,0,4.08095689299975
30,1,16,30_16,panelist,med,1,0,0,0,3.7106173303789034
30,1,17,30_17,panelist,med,1,0,0,0,4.206669016235304
30,1,18,30_18,panelist,med,1,0,0,0,3.72880196152401
30,1,19,30_19,panelist,none,1,0,0,1,3.9353222266325996
30,1,20,30_20,panelist,low,1,0,1,0,4.128068015776473
30,1,21,30_21,reviewer,med,0,0,0,0,3.9897089808724755
30,1,22,30_22,panelist,low,1,0,1,0,4.090788919896121
30,1,23,30_23,panelist,med,1,0,0,0,4.076679621175363
30,1,24,30_24,reviewer,high,0,1,0,0,3.6130930590987274
30,2,01,30_01,reviewer,med,0,0,0,0,3.636220543467091
30,2,02,30_02,panelist,med,1,0,0,0,4.3077863407930534
30,2,03,30_03,panelist,high,1,1,0,0,3.9985978424153052
30,2,04,30_04,panelist,med,1,0,0,0,3.8056731477106833
30,2,05,30_05,panelist,low,1,0,1,0,3.779764181423911
30,2,06,30_06,reviewer,none,0,0,0,1,4.1785323094179105
30,2,07,30_07,panelist,high,1,1,0,0,3.5023037947067226
30,2,08,30_08,reviewer,med,0,0,0,0,4.085075520207068
30,2,09,30_09,panelist,med,1,0,0,0,4.578603197584135
30,2,10,30_10,panelist,low,1,0,1,0,4.116590104791754
30,2,11,30_11,panelist,low,1,0,1,0,3.9473414587380873
30,2,12,30_12,panelist,high,1,1,0,0,4.420596907522375
30,2,13,30_13,panelist,med,1,0,0,0,4.773954260267052
30,2,14,30_14,panelist,high,1,1,0,0,3.9129886522922543
30,2,15,30_15,panelist,med,1,0,0,0,4.085461614215075
30,2,16,30_16,panelist,none,1,0,0,1,4.424254833789943
30,2,17,30_17,panelist,high,1,1,0,0,4.080488677910914
30,2,18,30_18,panelist,high,1,1,0,0,3.764654870081735
30,2,19,30_19,panelist,med,1,0,0,0,3.9397053361853938
30,2,20,30_20,panelist,low,1,0,1,0,4.091382064289318
30,2,21,30_21,panelist,med,1,0,0,0,4.222381397436869
30,2,22,30_22,panelist,med,1,0,0,0,4.072224704297007
30,2,23,30_23,panelist,none,1,0,0,1,4.334737709665204
30,2,24,30_24,panelist,none,1,0,0,1,4.168479915266002
30,3,01,30_01,panelist,none,1,0,0,1,4.200719141109493
30,3,02,30_02,panelist,high,1,1,0,0,4.211373681632902
30,3,03,30_03,reviewer,med,0,0,0,0,3.752274441894844
30,3,04,30_04,panelist,high,1,1,0,0,3.951999311583809
30,3,05,30_05,panelist,med,1,0,0,0,4.161606642214288
30,3,06,30_06,panelist,high,1,1,0,0,4.211923260643972
30,3,07,30_07,reviewer,med,0,0,0,0,3.622783205219119
30,3,08,30_08,panelist,med,1,0,0,0,4.33239288851562
30,3,09,30_09,panelist,low,1,0,1,0,4.636016143474911
30,3,10,30_10,panelist,low,1,0,1,0,4.348759416283508
30,3,11,30_11,reviewer,high,0,1,0,0,3.5436624529699134
30,3,12,30_12,panelist,high,1,1,0,0,3.744017885459343
30,3,13,30_13,panelist,low,1,0,1,0,4.605943926972187
30,3,14,30_14,panelist,med,1,0,0,0,4.113099913523262
30,3,15,30_15,panelist,med,1,0,0,0,4.376345221574153
30,3,16,30_16,panelist,med,1,0,0,0,4.171037573187194
30,3,17,30_17,panelist,med,1,0,0,0,3.8657871837319315
30,3,18,30_18,panelist,med,1,0,0,0,3.9518767319257857
30,3,19,30_19,panelist,none,1,0,0,1,4.289569463343677
30,3,20,30_20,panelist,none,1,0,0,1,4.490156478957352
30,3,21,30_21,panelist,low,1,0,1,0,3.9025306822438757
30,3,22,30_22,panelist,high,1,1,0,0,4.13769239473622
30,3,23,30_23,panelist,none,1,0,0,1,4.691377382387262
30,3,24,30_24,panelist,med,1,0,0,0,3.723703997950436
30,4,01,30_01,panelist,med,1,0,0,0,4.126242416766065
30,4,02,30_02,reviewer,med,0,0,0,0,4.565368337001564
30,4,03,30_03,panelist,high,1,1,0,0,3.700877584325301
30,4,04,30_04,panelist,low,1,0,1,0,4.0016039380296595
30,4,05,30_05,panelist,high,1,1,0,0,3.7861551749950073
30,4,06,30_06,panelist,med,1,0,0,0,4.246494234277075
30,4,07,30_07,panelist,high,1,1,0,0,3.9114435561483987
30,4,08,30_08,panelist,low,1,0,1,0,4.380867952704924
30,4,09,30_09,reviewer,med,0,0,0,0,4.751491861774025
30,4,10,30_10,panelist,none,1,0,0,1,4.738434205474953
30,4,11,30_11,panelist,high,1,1,0,0,3.76028289712623
30,4,12,30_12,panelist,med,1,0,0,0,4.39642020711615
30,4,13,30_13,panelist,med,1,0,0,0,4.89904243985232
30,4,14,30_14,panelist,none,1,0,0,1,4.86588529986859
30,4,15,30_15,panelist,low,1,0,1,0,4.382537114183811
30,4,16,30_16,panelist,high,1,1,0,0,4.225664787068045
30,4,17,30_17,panelist,med,1,0,0,0,4.249289365411626
30,4,18,30_18,panelist,med,1,0,0,0,4.011684253036008
30,4,19,30_19,panelist,none,1,0,0,1,4.110761993714663
30,4,20,30_20,panelist,med,1,0,0,0,4.173554577095555
30,4,21,30_21,panelist,med,1,0,0,0,4.432766820534795
30,4,22,30_22,reviewer,low,0,0,1,0,4.207627764050751
30,4,23,30_23,panelist,high,1,1,0,0,4.253072177657832
30,4,24,30_24,panelist,none,1,0,0,1,4.525732603687475
30,5,01,30_01,panelist,med,1,0,0,0,3.880742357474186
30,5,02,30_02,panelist,high,1,1,0,0,4.073026528604629
30,5,03,30_03,panelist,med,1,0,0,0,4.136103079596215
30,5,04,30_04,panelist,med,1,0,0,0,4.248392128073097
30,5,05,30_05,panelist,med,1,0,0,0,3.642301396993084
30,5,06,30_06,panelist,high,1,1,0,0,4.059746572421243
30,5,07,30_07,reviewer,none,0,0,0,1,3.5810025497624425
30,5,08,30_08,panelist,high,1,1,0,0,4.078973073023167
30,5,09,30_09,panelist,low,1,0,1,0,4.551533532243905
30,5,10,30_10,panelist,low,1,0,1,0,3.921743397550891
30,5,11,30_11,panelist,low,1,0,1,0,3.791480857242825
30,5,12,30_12,panelist,none,1,0,0,1,4.145054617694679
30,5,13,30_13,panelist,med,1,0,0,0,4.4165588489318
30,5,14,30_14,panelist,med,1,0,0,0,4.295890336966339
30,5,15,30_15,panelist,high,1,1,0,0,4.064015365435344
30,5,16,30_16,panelist,med,1,0,0,0,4.179475418114199
30,5,17,30_17,reviewer,med,0,0,0,0,3.7898544118922897
30,5,18,30_18,panelist,med,1,0,0,0,3.9542015766174687
30,5,19,30_19,panelist,med,1,0,0,0,3.6624586750217922
30,5,20,30_20,panelist,high,1,1,0,0,4.075619394321875
30,5,21,30_21,panelist,low,1,0,1,0,4.203609004741171
30,5,22,30_22,reviewer,none,0,0,0,1,3.7639966492645063
30,5,23,30_23,panelist,none,1,0,0,1,4.5107329054949465
30,5,24,30_24,panelist,high,1,1,0,0,3.645953207761634
30,6,01,30_01,panelist,high,1,1,0,0,4.358532924585348
30,6,02,30_02,panelist,low,1,0,1,0,4.80641460517853
30,6,03,30_03,reviewer,high,0,1,0,0,3.836795356907295
30,6,04,30_04,panelist,none,1,0,0,1,4.627683869989007
30,6,05,30_05,panelist,none,1,0,0,1,4.2709141050578605
30,6,06,30_06,panelist,none,1,0,0,1,4.7653585921453905
30,6,07,30_07,panelist,low,1,0,1,0,4.208031557477842
30,6,08,30_08,reviewer,high,0,1,0,0,4.0664364222789615
30,6,09,30_09,panelist,med,1,0,0,0,4.670216138684008
30,6,10,30_10,panelist,high,1,1,0,0,4.300801213798413
30,6,11,30_11,reviewer,med,0,0,0,0,3.6503484636493115
30,6,12,30_12,panelist,med,1,0,0,0,4.119828090806417
30,6,13,30_13,panelist,high,1,1,0,0,4.53446366473497
30,6,14,30_14,panelist,med,1,0,0,0,4.453562014039294
30,6,15,30_15,panelist,high,1,1,0,0,4.111066481805172
30,6,16,30_16,panelist,med,1,0,0,0,4.495055669831302
30,6,17,30_17,panelist,med,1,0,0,0,4.184289815355394
30,6,18,30_18,panelist,none,1,0,0,1,4.460976609926913
30,6,19,30_19,panelist,med,1,0,0,0,3.909858219455345
30,6,20,30_20,panelist,med,1,0,0,0,4.491522664563372
30,6,21,30_21,panelist,low,1,0,1,0,4.511618473253249
30,6,22,30_22,panelist,med,1,0,0,0,4.205183098097333
30,6,23,30_23,panelist,med,1,0,0,0,4.341498648312946
30,6,24,30_24,panelist,low,1,0,1,0,4.080478927694395
30,7,01,30_01,reviewer,low,0,0,1,0,4.073653844911508
30,7,02,30_02,reviewer,med,0,0,0,0,4.676927363284506
30,7,03,30_03,panelist,med,1,0,0,0,4.421560517356036
30,7,04,30_04,panelist,med,1,0,0,0,4.32692573096704
30,7,05,30_05,reviewer,high,0,1,0,0,3.823942535381146
30,7,06,30_06,panelist,med,1,0,0,0,4.536422765575177
30,7,07,30_07,panelist,med,1,0,0,0,4.422686880217397
30,7,08,30_08,panelist,high,1,1,0,0,4.330299841417517
30,7,09,30_09,panelist,med,1,0,0,0,4.884442032891583
30,7,10,30_10,panelist,high,1,1,0,0,4.304764963653057
30,7,11,30_11,panelist,none,1,0,0,1,4.579779099748608
30,7,12,30_12,panelist,low,1,0,1,0,4.500220147365983
30,7,13,30_13,panelist,med,1,0,0,0,4.803636667489024
30,7,14,30_14,panelist,none,1,0,0,1,4.714008745320246
30,7,15,30_15,panelist,low,1,0,1,0,4.828592780437382
30,7,16,30_16,panelist,med,1,0,0,0,4.42672773230421
30,7,17,30_17,panelist,high,1,1,0,0,4.556748362278936
30,7,18,30_18,panelist,med,1,0,0,0,4.510493044855791
30,7,19,30_19,panelist,med,1,0,0,0,4.647647269836254
30,7,20,30_20,panelist,low,1,0,1,0,4.401766616445113
30,7,21,30_21,panelist,high,1,1,0,0,4.282158255579584
30,7,22,30_22,panelist,none,1,0,0,1,4.7376011145240415
30,7,23,30_23,panelist,none,1,0,0,1,4.64512907381762
30,7,24,30_24,panelist,high,1,1,0,0,4.007510599969389
30,8,01,30_01,panelist,med,1,0,0,0,3.6811869382072984
30,8,02,30_02,panelist,med,1,0,0,0,3.9402933052504117
30,8,03,30_03,panelist,med,1,0,0,0,3.5307381819395585
30,8,04,30_04,panelist,low,1,0,1,0,3.7499038681240937
30,8,05,30_05,panelist,low,1,0,1,0,3.756976059804145
30,8,06,30_06,panelist,med,1,0,0,0,3.7957602195016995
30,8,07,30_07,panelist,low,1,0,1,0,3.7373065462950774
30,8,08,30_08,panelist,high,1,1,0,0,4.055668135391105
30,8,09,30_09,panelist,none,1,0,0,1,4.212942073900006
30,8,10,30_10,panelist,med,1,0,0,0,3.989546530073695
30,8,11,30_11,panelist,high,1,1,0,0,3.5797258021502705
30,8,12,30_12,reviewer,med,0,0,0,0,3.6661637928485202
30,8,13,30_13,reviewer,low,0,0,1,0,4.334761175055216
30,8,14,30_14,panelist,high,1,1,0,0,3.818331394063337
30,8,15,30_15,panelist,none,1,0,0,1,3.8527003467923033
30,8,16,30_16,panelist,med,1,0,0,0,4.228150889609365
30,8,17,30_17,panelist,high,1,1,0,0,3.7673947622125166
30,8,18,30_18,panelist,none,1,0,0,1,4.47934951120914
30,8,19,30_19,panelist,med,1,0,0,0,3.834719250377512
30,8,20,30_20,panelist,med,1,0,0,0,3.7061661796266288
30,8,21,30_21,panelist,high,1,1,0,0,3.8718380144983198
30,8,22,30_22,reviewer,med,0,0,0,0,3.718736036706269
30,8,23,30_23,panelist,high,1,1,0,0,4.0847324350131515
30,8,24,30_24,panelist,none,1,0,0,1,3.975395659613902
30,9,01,30_01,reviewer,high,0,1,0,0,3.9500804029896197
30,9,02,30_02,panelist,med,1,0,0,0,4.646278522239773
30,9,03,30_03,reviewer,med,0,0,0,0,4.040083184353084
30,9,04,30_04,panelist,med,1,0,0,0,4.4416291011653195
30,9,05,30_05,panelist,med,1,0,0,0,4.689087841569965
30,9,06,30_06,panelist,med,1,0,0,0,4.5968258753370375
30,9,07,30_07,panelist,med,1,0,0,0,4.385319945842379
30,9,08,30_08,panelist,high,1,1,0,0,4.7566460156560515
30,9,09,30_09,panelist,none,1,0,0,1,4.746967425111742
30,9,10,30_10,panelist,high,1,1,0,0,4.161987144937229
30,9,11,30_11,reviewer,high,0,1,0,0,4.086597781972883
30,9,12,30_12,panelist,none,1,0,0,1,4.699310428415343
30,9,13,30_13,panelist,low,1,0,1,0,4.6980794751718715
30,9,14,30_14,panelist,med,1,0,0,0,4.358303050806413
30,9,15,30_15,panelist,low,1,0,1,0,4.519903904738563
30,9,16,30_16,panelist,high,1,1,0,0,4.375386728179405
30,9,17,30_17,panelist,med,1,0,0,0,4.258596587957496
30,9,18,30_18,panelist,low,1,0,1,0,4.749924661472373
30,9,19,30_19,panelist,high,1,1,0,0,3.7997869126261308
30,9,20,30_20,panelist,low,1,0,1,0,4.7497260341247305
30,9,21,30_21,panelist,med,1,0,0,0,4.561308765949245
30,9,22,30_22,panelist,none,1,0,0,1,4.81210152334104
30,9,23,30_23,panelist,med,1,0,0,0,4.545856941977785
30,9,24,30_24,panelist,none,1,0,0,1,4.318806304957742
30,10,01,30_01,panelist,med,1,0,0,0,4.046202854034904
30,10,02,30_02,panelist,low,1,0,1,0,4.674142751678479
30,10,03,30_03,panelist,med,1,0,0,0,3.865014151155485
30,10,04,30_04,reviewer,high,0,1,0,0,3.6095668179788647
30,10,05,30_05,reviewer,none,0,0,0,1,3.9468309618281516
30,10,06,30_06,panelist,high,1,1,0,0,4.082221226305111
30,10,07,30_07,panelist,med,1,0,0,0,4.10541794124973
30,10,08,30_08,panelist,high,1,1,0,0,4.204295457876324
30,10,09,30_09,panelist,low,1,0,1,0,4.735219108404477
30,10,10,30_10,panelist,med,1,0,0,0,3.9257241733515333
30,10,11,30_11,panelist,high,1,1,0,0,3.5927169169718036
30,10,12,30_12,panelist,low,1,0,1,0,4.102904621630065
30,10,13,30_13,reviewer,med,0,0,0,0,4.020517646226666
30,10,14,30_14,panelist,none,1,0,0,1,4.352317099475368
30,10,15,30_15,panelist,med,1,0,0,0,3.8302641217404143
30,10,16,30_16,panelist,high,1,1,0,0,4.131226063617725
30,10,17,30_17,panelist,low,1,0,1,0,4.069828616462645
30,10,18,30_18,panelist,med,1,0,0,0,4.296474822882176
30,10,19,30_19,panelist,med,1,0,0,0,3.9119869779496934
30,10,20,30_20,panelist,high,1,1,0,0,4.2937264775371045
30,10,21,30_21,panelist,med,1,0,0,0,4.098907599618853
30,10,22,30_22,panelist,none,1,0,0,1,4.348835433593844
30,10,23,30_23,panelist,none,1,0,0,1,4.375974244897134
30,10,24,30_24,panelist,med,1,0,0,0,3.9631555185178042
30,11,01,30_01,panelist,high,1,1,0,0,3.9011723467766557
30,11,02,30_02,panelist,med,1,0,0,0,4.701731514278258
30,11,03,30_03,panelist,low,1,0,1,0,3.9686549047149353
30,11,04,30_04,panelist,low,1,0,1,0,3.68576206428239
30,11,05,30_05,panelist,high,1,1,0,0,4.02114182814727
30,11,06,30_06,panelist,med,1,0,0,0,4.273465924512355
30,11,07,30_07,panelist,high,1,1,0,0,3.6062355584359778
30,11,08,30_08,panelist,none,1,0,0,1,4.419616264678443
30,11,09,30_09,panelist,none,1,0,0,1,4.682416635509917
30,11,10,30_10,panelist,low,1,0,1,0,4.330087509389972
30,11,11,30_11,panelist,med,1,0,0,0,3.5426462199600914
30,11,12,30_12,panelist,high,1,1,0,0,3.882360246694653
30,11,13,30_13,panelist,none,1,0,0,1,4.650610976802707
30,11,14,30_14,reviewer,low,0,0,1,0,4.006506820845469
30,11,15,30_15,panelist,med,1,0,0,0,4.027392390038133
30,11,16,30_16,panelist,med,1,0,0,0,3.9416546747639956
30,11,17,30_17,panelist,med,1,0,0,0,3.7586800325318768
30,11,18,30_18,panelist,med,1,0,0,0,4.287677860576783
30,11,19,30_19,panelist,high,1,1,0,0,3.721275714251516
30,11,20,30_20,panelist,none,1,0,0,1,4.306300019570822
30,11,21,30_21,panelist,high,1,1,0,0,3.9500820887121026
30,11,22,30_22,reviewer,med,0,0,0,0,3.584613963670815
30,11,23,30_23,reviewer,med,0,0,0,0,3.6267517499146686
30,11,24,30_24,panelist,med,1,0,0,0,3.529073263738137
30,12,01,30_01,panelist,med,1,0,0,0,4.190479820155484
30,12,02,30_02,panelist,none,1,0,0,1,4.561364064344314
30,12,03,30_03,panelist,high,1,1,0,0,3.688222624736237
30,12,04,30_04,panelist,low,1,0,1,0,3.905270667976448
30,12,05,30_05,reviewer,none,0,0,0,1,3.7060819657178863
30,12,06,30_06,panelist,med,1,0,0,0,3.7882329742477694
30,12,07,30_07,panelist,none,1,0,0,1,4.365991900430667
30,12,08,30_08,panelist,high,1,1,0,0,4.062681544488845
30,12,09,30_09,panelist,med,1,0,0,0,4.6119607707146155
30,12,10,30_10,reviewer,high,0,1,0,0,3.9755963463411943
30,12,11,30_11,panelist,low,1,0,1,0,3.8826825313730793
30,12,12,30_12,panelist,med,1,0,0,0,4.035163052248778
30,12,13,30_13,panelist,high,1,1,0,0,4.55570186921414
30,12,14,30_14,panelist,med,1,0,0,0,4.161794730839432
30,12,15,30_15,panelist,med,1,0,0,0,4.1596140155698045
30,12,16,30_16,panelist,none,1,0,0,1,4.115558135896883
30,12,17,30_17,panelist,high,1,1,0,0,3.893602705896418
30,12,18,30_18,panelist,med,1,0,0,0,4.373642292512222
30,12,19,30_19,reviewer,low,0,0,1,0,3.777570612924844
30,12,20,30_20,panelist,med,1,0,0,0,4.2775875619565715
30,12,21,30_21,panelist,med,1,0,0,0,4.081032646032137
30,12,22,30_22,panelist,med,1,0,0,0,4.2632965378428285
30,12,23,30_23,panelist,high,1,1,0,0,4.514147082459747
30,12,24,30_24,panelist,low,1,0,1,0,4.123635914206858
30,13,01,30_01,panelist,none,1,0,0,1,3.9647576165672387
30,13,02,30_02,panelist,med,1,0,0,0,4.627921580440936
30,13,03,30_03,panelist,low,1,0,1,0,4.31930792585149
30,13,04,30_04,panelist,med,1,0,0,0,3.7707896244427612
30,13,05,30_05,panelist,med,1,0,0,0,3.8890785271989854
30,13,06,30_06,panelist,low,1,0,1,0,4.304777029397389
30,13,07,30_07,reviewer,high,0,1,0,0,3.728631868398216
30,13,08,30_08,panelist,high,1,1,0,0,4.476420971916366
30,13,09,30_09,panelist,med,1,0,0,0,4.520832196549939
30,13,10,30_10,panelist,high,1,1,0,0,3.8199119031416573
30,13,11,30_11,panelist,med,1,0,0,0,3.9211017238812182
30,13,12,30_12,panelist,none,1,0,0,1,4.604001543218912
30,13,13,30_13,panelist,med,1,0,0,0,4.610475109506412
30,13,14,30_14,panelist,high,1,1,0,0,4.0318962845590445
30,13,15,30_15,panelist,low,1,0,1,0,4.449793770404619
30,13,16,30_16,panelist,med,1,0,0,0,4.652343595383375
30,13,17,30_17,reviewer,high,0,1,0,0,4.039135709327736
30,13,18,30_18,panelist,none,1,0,0,1,4.321579458150768
30,13,19,30_19,reviewer,med,0,0,0,0,3.695218606112687
30,13,20,30_20,panelist,med,1,0,0,0,4.249725800958041
30,13,21,30_21,panelist,low,1,0,1,0,4.578065820776775
30,13,22,30_22,panelist,med,1,0,0,0,4.502318903934777
30,13,23,30_23,panelist,none,1,0,0,1,4.53055779793265
30,13,24,30_24,panelist,high,1,1,0,0,4.25095198353558
30,14,01,30_01,panelist,low,1,0,1,0,4.085033955954439
30,14,02,30_02,reviewer,high,0,1,0,0,3.7085373041596608
30,14,03,30_03,reviewer,low,0,0,1,0,3.8231799698825637
30,14,04,30_04,panelist,med,1,0,0,0,4.023338273210052
30,14,05,30_05,panelist,high,1,1,0,0,3.6881570094379135
30,14,06,30_06,panelist,low,1,0,1,0,4.234742997156863
30,14,07,30_07,panelist,med,1,0,0,0,3.9059357768613183
30,14,08,30_08,panelist,med,1,0,0,0,3.8445985131201486
30,14,09,30_09,panelist,none,1,0,0,1,4.639009069429708
30,14,10,30_10,panelist,none,1,0,0,1,4.2980939820704185
30,14,11,30_11,panelist,low,1,0,1,0,3.607959137064519
30,14,12,30_12,panelist,med,1,0,0,0,3.9297669141088925
30,14,13,30_13,panelist,high,1,1,0,0,3.9676393511004986
30,14,14,30_14,panelist,high,1,1,0,0,4.058277560322802
30,14,15,30_15,panelist,med,1,0,0,0,4.092845086576828
30,14,16,30_16,panelist,high,1,1,0,0,3.7892434018233145
30,14,17,30_17,panelist,med,1,0,0,0,3.7481209258597485
30,14,18,30_18,reviewer,med,0,0,0,0,3.9093548431697003
30,14,19,30_19,panelist,med,1,0,0,0,3.701935144705972
30,14,20,30_20,panelist,med,1,0,0,0,3.8793788890636582
30,14,21,30_21,panelist,med,1,0,0,0,3.778098584664764
30,14,22,30_22,panelist,none,1,0,0,1,4.351195037714156
30,14,23,30_23,panelist,none,1,0,0,1,3.948709772541593
30,14,24,30_24,panelist,high,1,1,0,0,3.6369807857029275
30,15,01,30_01,panelist,med,1,0,0,0,3.653402837442748
30,15,02,30_02,panelist,high,1,1,0,0,3.8294356048118625
30,15,03,30_03,panelist,none,1,0,0,1,3.777193554687331
30,15,04,30_04,panelist,med,1,0,0,0,3.537998977618589
30,15,05,30_05,panelist,med,1,0,0,0,3.542552838149709
30,15,06,30_06,panelist,none,1,0,0,1,3.7674733895453554
30,15,07,30_07,panelist,low,1,0,1,0,3.8316016651666067
30,15,08,30_08,panelist,med,1,0,0,0,3.9593774417612075
30,15,09,30_09,panelist,med,1,0,0,0,4.184883383112805
30,15,10,30_10,panelist,none,1,0,0,1,3.7798911543070157
30,15,11,30_11,panelist,med,1,0,0,0,3.5445048314339727
30,15,12,30_12,panelist,high,1,1,0,0,3.5311012926815795
30,15,13,30_13,panelist,low,1,0,1,0,4.481117549701684
30,15,14,30_14,panelist,med,1,0,0,0,3.892596993866034
30,15,15,30_15,panelist,high,1,1,0,0,3.544362969748568
30,15,16,30_16,panelist,low,1,0,1,0,3.657626071034902
30,15,17,30_17,reviewer,high,0,1,0,0,3.5352553374091933
30,15,18,30_18,panelist,high,1,1,0,0,3.635226815973493
30,15,19,30_19,panelist,none,1,0,0,1,3.61921460119274
30,15,20,30_20,panelist,med,1,0,0,0,4.210014008663124
30,15,21,30_21,reviewer,med,0,0,0,0,3.7652484592625366
30,15,22,30_22,reviewer,med,0,0,0,0,3.534150791533735
30,15,23,30_23,panelist,high,1,1,0,0,3.515020717801129
30,15,24,30_24,panelist,low,1,0,1,0,3.567634579688952
31,1,01,31_01,panelist,high,1,1,0,0,3.9340498423255204
31,1,02,31_02,panelist,med,1,0,0,0,4.736310874737423
31,1,03,31_03,panelist,med,1,0,0,0,3.8091385157339954
31,1,04,31_04,panelist,med,1,0,0,0,3.5898677080405768
31,1,05,31_05,panelist,high,1,1,0,0,3.513376144495825
31,1,06,31_06,panelist,high,1,1,0,0,4.250592278694249
31,1,07,31_07,panelist,med,1,0,0,0,3.8615891123332986
31,1,08,31_08,panelist,none,1,0,0,1,4.6094231051513725
31,1,09,31_09,reviewer,med,0,0,0,0,4.345989882424603
31,1,10,31_10,reviewer,low,0,0,1,0,4.0844144030468605
31,1,11,31_11,panelist,med,1,0,0,0,3.5572181964634955
31,1,12,31_12,panelist,high,1,1,0,0,3.858574338888601
31,1,13,31_13,reviewer,med,0,0,0,0,3.9536715194018783
31,1,14,31_14,panelist,none,1,0,0,1,4.278961237718515
31,1,15,31_15,panelist,med,1,0,0,0,4.012387600769516
31,1,16,31_16,panelist,med,1,0,0,0,4.06414035097568
31,1,17,31_17,panelist,med,1,0,0,0,3.938418362723095
31,1,18,31_18,panelist,high,1,1,0,0,4.041801628871361
31,1,19,31_19,panelist,low,1,0,1,0,3.8912938654896734
31,1,20,31_20,panelist,none,1,0,0,1,4.3799983035885814
31,1,21,31_21,panelist,low,1,0,1,0,4.222519869983583
31,1,22,31_22,panelist,none,1,0,0,1,3.8560214552039573
31,1,23,31_23,panelist,low,1,0,1,0,4.472694185643902
31,1,24,31_24,panelist,high,1,1,0,0,3.564498620741429
31,2,01,31_01,panelist,high,1,1,0,0,3.666379228797228
31,2,02,31_02,panelist,none,1,0,0,1,4.686700841866508
31,2,03,31_03,panelist,med,1,0,0,0,3.8275866399566616
31,2,04,31_04,panelist,med,1,0,0,0,3.800915710031875
31,2,05,31_05,panelist,high,1,1,0,0,3.9577545296179277
31,2,06,31_06,panelist,none,1,0,0,1,4.134779915365889
31,2,07,31_07,panelist,high,1,1,0,0,4.06411390583333
31,2,08,31_08,reviewer,med,0,0,0,0,4.4141939427479855
31,2,09,31_09,panelist,high,1,1,0,0,4.1584336968307305
31,2,10,31_10,panelist,med,1,0,0,0,3.994893209294873
31,2,11,31_11,panelist,med,1,0,0,0,3.909151277884626
31,2,12,31_12,panelist,med,1,0,0,0,4.564002169045923
31,2,13,31_13,panelist,low,1,0,1,0,4.20774192822558
31,2,14,31_14,panelist,med,1,0,0,0,3.7304203114612378
31,2,15,31_15,reviewer,med,0,0,0,0,3.9232503984561244
31,2,16,31_16,panelist,none,1,0,0,1,4.009362228621912
31,2,17,31_17,panelist,med,1,0,0,0,4.2324976938132295
31,2,18,31_18,panelist,none,1,0,0,1,3.9846592915320755
31,2,19,31_19,panelist,med,1,0,0,0,3.8740953874846147
31,2,20,31_20,panelist,high,1,1,0,0,4.410236372383583
31,2,21,31_21,panelist,low,1,0,1,0,4.487785085760859
31,2,22,31_22,panelist,low,1,0,1,0,4.37735090270112
31,2,23,31_23,reviewer,low,0,0,1,0,4.072368905576496
31,2,24,31_24,panelist,high,1,1,0,0,4.012585850925263
31,3,01,31_01,reviewer,low,0,0,1,0,3.874231664431708
31,3,02,31_02,panelist,med,1,0,0,0,4.421488406354356
31,3,03,31_03,reviewer,high,0,1,0,0,3.59726971700543
31,3,04,31_04,panelist,low,1,0,1,0,3.9929679840674304
31,3,05,31_05,reviewer,none,0,0,0,1,3.973771418390056
31,3,06,31_06,panelist,none,1,0,0,1,4.312492185750066
31,3,07,31_07,panelist,high,1,1,0,0,3.904913863662019
31,3,08,31_08,panelist,none,1,0,0,1,4.592889659199939
31,3,09,31_09,panelist,med,1,0,0,0,4.57541642142905
31,3,10,31_10,panelist,med,1,0,0,0,4.174269384854718
31,3,11,31_11,panelist,med,1,0,0,0,3.5284316194258594
31,3,12,31_12,panelist,med,1,0,0,0,3.7300570500821455
31,3,13,31_13,panelist,none,1,0,0,1,4.350457673404797
31,3,14,31_14,panelist,med,1,0,0,0,4.203432383327662
31,3,15,31_15,panelist,med,1,0,0,0,4.134136975335464
31,3,16,31_16,panelist,high,1,1,0,0,3.8173634532526712
31,3,17,31_17,panelist,low,1,0,1,0,4.470659961089819
31,3,18,31_18,panelist,low,1,0,1,0,4.704038994425097
31,3,19,31_19,panelist,med,1,0,0,0,3.955949734067967
31,3,20,31_20,panelist,high,1,1,0,0,4.122965009224373
31,3,21,31_21,panelist,high,1,1,0,0,3.9533151718083763
31,3,22,31_22,panelist,med,1,0,0,0,4.040810660649233
31,3,23,31_23,panelist,high,1,1,0,0,4.13103946306993
31,3,24,31_24,panelist,med,1,0,0,0,3.9584123945863463
31,4,01,31_01,panelist,high,1,1,0,0,3.668480696382615
31,4,02,31_02,panelist,none,1,0,0,1,4.509833344231373
31,4,03,31_03,panelist,med,1,0,0,0,3.8708330771916217
31,4,04,31_04,panelist,none,1,0,0,1,3.900352832701163
31,4,05,31_05,panelist,med,1,0,0,0,4.026617969473034
31,4,06,31_06,panelist,med,1,0,0,0,4.6220449773678585
31,4,07,31_07,panelist,none,1,0,0,1,4.180406439469335
31,4,08,31_08,panelist,med,1,0,0,0,4.567377745791135
31,4,09,31_09,reviewer,high,0,1,0,0,4.450317958774785
31,4,10,31_10,panelist,high,1,1,0,0,4.076520754961045
31,4,11,31_11,panelist,med,1,0,0,0,4.020701717163421
31,4,12,31_12,panelist,none,1,0,0,1,4.3344290802569025
31,4,13,31_13,panelist,low,1,0,1,0,4.505270828449236
31,4,14,31_14,panelist,med,1,0,0,0,4.133797364349352
31,4,15,31_15,panelist,low,1,0,1,0,4.467003553244177
31,4,16,31_16,panelist,high,1,1,0,0,4.039626533073237
31,4,17,31_17,panelist,med,1,0,0,0,3.9953748179717614
31,4,18,31_18,reviewer,low,0,0,1,0,4.016964125421252
31,4,19,31_19,panelist,high,1,1,0,0,3.884472180110007
31,4,20,31_20,panelist,med,1,0,0,0,4.546678556214162
31,4,21,31_21,panelist,low,1,0,1,0,4.366016556822859
31,4,22,31_22,panelist,high,1,1,0,0,4.337993555142483
31,4,23,31_23,panelist,med,1,0,0,0,4.102943349217706
31,4,24,31_24,reviewer,med,0,0,0,0,3.81743220132547
31,5,01,31_01,reviewer,med,0,0,0,0,3.567223598358871
31,5,02,31_02,panelist,med,1,0,0,0,4.500288604289654
31,5,03,31_03,panelist,med,1,0,0,0,4.053664811380663
31,5,04,31_04,panelist,none,1,0,0,1,3.5855953934334495
31,5,05,31_05,panelist,low,1,0,1,0,3.7595060149762594
31,5,06,31_06,panelist,high,1,1,0,0,3.7102295813388366
31,5,07,31_07,panelist,med,1,0,0,0,4.029253564996499
31,5,08,31_08,panelist,med,1,0,0,0,4.112154997793913
31,5,09,31_09,panelist,none,1,0,0,1,4.511553976925348
31,5,10,31_10,reviewer,med,0,0,0,0,3.677457685133707
31,5,11,31_11,panelist,low,1,0,1,0,3.6240434299402633
31,5,12,31_12,panelist,low,1,0,1,0,4.088119390438996
31,5,13,31_13,panelist,med,1,0,0,0,4.521845473992497
31,5,14,31_14,panelist,none,1,0,0,1,4.25202271131067
31,5,15,31_15,panelist,high,1,1,0,0,4.315414629697725
31,5,16,31_16,panelist,med,1,0,0,0,3.8644196024421986
31,5,17,31_17,panelist,low,1,0,1,0,4.181373346551359
31,5,18,31_18,panelist,none,1,0,0,1,4.148576780508043
31,5,19,31_19,panelist,med,1,0,0,0,3.526755675891602
31,5,20,31_20,panelist,high,1,1,0,0,3.7478658834409866
31,5,21,31_21,reviewer,med,0,0,0,0,3.6437769044826878
31,5,22,31_22,panelist,high,1,1,0,0,3.8098130537495476
31,5,23,31_23,panelist,high,1,1,0,0,3.709486217781751
31,5,24,31_24,panelist,high,1,1,0,0,3.7969484634351036
31,6,01,31_01,panelist,med,1,0,0,0,4.123315248254428
31,6,02,31_02,panelist,high,1,1,0,0,4.568313977324702
31,6,03,31_03,panelist,none,1,0,0,1,4.253790690076149
31,6,04,31_04,panelist,none,1,0,0,1,4.119339490457483
31,6,05,31_05,panelist,none,1,0,0,1,4.156494975955787
31,6,06,31_06,panelist,high,1,1,0,0,4.622552337341675
31,6,07,31_07,panelist,low,1,0,1,0,4.07687149743038
31,6,08,31_08,panelist,med,1,0,0,0,4.518777139821283
31,6,09,31_09,panelist,high,1,1,0,0,4.385925021256853
31,6,10,31_10,panelist,high,1,1,0,0,3.930604020611132
31,6,11,31_11,panelist,med,1,0,0,0,4.12484704428493
31,6,12,31_12,reviewer,none,0,0,0,1,4.01116539150141
31,6,13,31_13,panelist,high,1,1,0,0,4.829486885708816
31,6,14,31_14,reviewer,med,0,0,0,0,3.909304291693557
31,6,15,31_15,panelist,med,1,0,0,0,4.644144841163774
31,6,16,31_16,panelist,med,1,0,0,0,4.2869497472347105
31,6,17,31_17,panelist,med,1,0,0,0,4.342359008556138
31,6,18,31_18,panelist,low,1,0,1,0,4.6805375152290605
31,6,19,31_19,reviewer,low,0,0,1,0,3.8384995626244964
31,6,20,31_20,panelist,med,1,0,0,0,4.471429545415379
31,6,21,31_21,panelist,med,1,0,0,0,4.450604184447567
31,6,22,31_22,panelist,low,1,0,1,0,4.543217349650371
31,6,23,31_23,panelist,high,1,1,0,0,4.105319856928668
31,6,24,31_24,panelist,med,1,0,0,0,4.049000330695066
31,7,01,31_01,panelist,high,1,1,0,0,4.370001233554333
31,7,02,31_02,panelist,high,1,1,0,0,4.708069921311043
31,7,03,31_03,panelist,med,1,0,0,0,4.247891458807843
31,7,04,31_04,panelist,low,1,0,1,0,4.787526383466049
31,7,05,31_05,panelist,med,1,0,0,0,4.252068449479086
31,7,06,31_06,reviewer,med,0,0,0,0,4.312127486397163
31,7,07,31_07,panelist,low,1,0,1,0,4.290822527712549
31,7,08,31_08,panelist,high,1,1,0,0,4.826876632344369
31,7,09,31_09,panelist,med,1,0,0,0,4.781356941558744
31,7,10,31_10,panelist,none,1,0,0,1,4.389365009899012
31,7,11,31_11,panelist,high,1,1,0,0,3.6797979789535833
31,7,12,31_12,panelist,med,1,0,0,0,4.45081546127251
31,7,13,31_13,panelist,med,1,0,0,0,4.685175185841954
31,7,14,31_14,panelist,high,1,1,0,0,4.203772342769986
31,7,15,31_15,panelist,none,1,0,0,1,4.655895466291461
31,7,16,31_16,panelist,low,1,0,1,0,4.2840384305161265
31,7,17,31_17,panelist,high,1,1,0,0,4.18223630001191
31,7,18,31_18,panelist,med,1,0,0,0,4.813454262689289
31,7,19,31_19,panelist,med,1,0,0,0,4.251215639759123
31,7,20,31_20,reviewer,none,0,0,0,1,4.671334780216956
31,7,21,31_21,panelist,low,1,0,1,0,4.585376415857856
31,7,22,31_22,reviewer,med,0,0,0,0,4.615310386675931
31,7,23,31_23,panelist,none,1,0,0,1,4.879861245470428
31,7,24,31_24,panelist,med,1,0,0,0,4.582824243208276
31,8,01,31_01,panelist,med,1,0,0,0,3.7867446562949763
31,8,02,31_02,panelist,med,1,0,0,0,4.458762044430026
31,8,03,31_03,panelist,low,1,0,1,0,3.7111063205637316
31,8,04,31_04,panelist,none,1,0,0,1,3.6300742128276267
31,8,05,31_05,panelist,med,1,0,0,0,3.616312538294677
31,8,06,31_06,panelist,none,1,0,0,1,3.876963414552945
31,8,07,31_07,panelist,med,1,0,0,0,3.6150592187290216
31,8,08,31_08,reviewer,med,0,0,0,0,3.88747517686159
31,8,09,31_09,reviewer,low,0,0,1,0,4.198872603240676
31,8,10,31_10,panelist,high,1,1,0,0,3.5299357483688207
31,8,11,31_11,panelist,high,1,1,0,0,3.6822668867565578
31,8,12,31_12,panelist,high,1,1,0,0,3.713774425919722
31,8,13,31_13,panelist,high,1,1,0,0,4.061589258457891
31,8,14,31_14,panelist,med,1,0,0,0,4.061167477388356
31,8,15,31_15,panelist,low,1,0,1,0,4.157610872491139
31,8,16,31_16,panelist,none,1,0,0,1,3.7743112908922094
31,8,17,31_17,panelist,med,1,0,0,0,3.7945030843218
31,8,18,31_18,panelist,med,1,0,0,0,3.65738533254342
31,8,19,31_19,panelist,none,1,0,0,1,3.7296366501570586
31,8,20,31_20,panelist,low,1,0,1,0,4.247663514386755
31,8,21,31_21,reviewer,med,0,0,0,0,3.6342217161761745
31,8,22,31_22,panelist,high,1,1,0,0,3.776429114653817
31,8,23,31_23,panelist,high,1,1,0,0,3.7523627604433325
31,8,24,31_24,panelist,med,1,0,0,0,3.5134244385799693
31,9,01,31_01,panelist,med,1,0,0,0,4.253880344637086
31,9,02,31_02,panelist,low,1,0,1,0,4.663596890032386
31,9,03,31_03,panelist,none,1,0,0,1,4.138994492526149
31,9,04,31_04,panelist,med,1,0,0,0,4.241522744857075
31,9,05,31_05,reviewer,low,0,0,1,0,3.9127524742943542
31,9,06,31_06,panelist,med,1,0,0,0,4.5971761087235095
31,9,07,31_07,panelist,none,1,0,0,1,4.360507314706068
31,9,08,31_08,panelist,low,1,0,1,0,4.770985444518566
31,9,09,31_09,panelist,high,1,1,0,0,4.793180386001933
31,9,10,31_10,panelist,med,1,0,0,0,4.284464920302149
31,9,11,31_11,panelist,med,1,0,0,0,3.54100829946783
31,9,12,31_12,panelist,med,1,0,0,0,4.191409858588492
31,9,13,31_13,panelist,med,1,0,0,0,4.86158181668266
31,9,14,31_14,panelist,med,1,0,0,0,4.393091162043985
31,9,15,31_15,panelist,high,1,1,0,0,4.101795491394395
31,9,16,31_16,panelist,high,1,1,0,0,4.134299183008013
31,9,17,31_17,panelist,none,1,0,0,1,4.343369561574626
31,9,18,31_18,reviewer,high,0,1,0,0,3.91905870115255
31,9,19,31_19,panelist,med,1,0,0,0,4.397836855819471
31,9,20,31_20,panelist,high,1,1,0,0,4.603328814746471
31,9,21,31_21,reviewer,med,0,0,0,0,4.14460949093045
31,9,22,31_22,panelist,low,1,0,1,0,4.253696755731831
31,9,23,31_23,panelist,high,1,1,0,0,4.219044622286468
31,9,24,31_24,panelist,none,1,0,0,1,4.489753788628579
31,10,01,31_01,reviewer,high,0,1,0,0,3.632946543260415
31,10,02,31_02,panelist,high,1,1,0,0,4.177383741056326
31,10,03,31_03,panelist,none,1,0,0,1,4.176919249487628
31,10,04,31_04,panelist,med,1,0,0,0,3.9518774348898416
31,10,05,31_05,panelist,med,1,0,0,0,3.617034396863544
31,10,06,31_06,panelist,low,1,0,1,0,4.177956698828867
31,10,07,31_07,panelist,none,1,0,0,1,4.2037185943542665
31,10,08,31_08,panelist,high,1,1,0,0,4.199277444617575
31,10,09,31_09,reviewer,med,0,0,0,0,4.354019582551775
31,10,10,31_10,panelist,med,1,0,0,0,3.886172805144451
31,10,11,31_11,panelist,med,1,0,0,0,3.5491867987096177
31,10,12,31_12,panelist,med,1,0,0,0,4.390605232328067
31,10,13,31_13,panelist,low,1,0,1,0,4.450338689860459
31,10,14,31_14,panelist,high,1,1,0,0,4.215510563342447
31,10,15,31_15,panelist,high,1,1,0,0,4.114216792419479
31,10,16,31_16,panelist,none,1,0,0,1,4.232613859547878
31,10,17,31_17,panelist,med,1,0,0,0,3.900659697098058
31,10,18,31_18,panelist,med,1,0,0,0,4.183796442571607
31,10,19,31_19,panelist,none,1,0,0,1,3.884799431124614
31,10,20,31_20,panelist,med,1,0,0,0,4.036868250629022
31,10,21,31_21,panelist,low,1,0,1,0,4.578220661262161
31,10,22,31_22,reviewer,high,0,1,0,0,3.8180992274776266
31,10,23,31_23,panelist,low,1,0,1,0,4.185407718264513
31,10,24,31_24,panelist,med,1,0,0,0,3.9909217831720167
31,11,01,31_01,panelist,none,1,0,0,1,3.8571735960041877
31,11,02,31_02,panelist,none,1,0,0,1,4.419420539852543
31,11,03,31_03,panelist,high,1,1,0,0,3.6734268256606555
31,11,04,31_04,panelist,low,1,0,1,0,4.194114816939198
31,11,05,31_05,panelist,low,1,0,1,0,3.961071504658563
31,11,06,31_06,reviewer,high,0,1,0,0,3.8289296803656825
31,11,07,31_07,panelist,med,1,0,0,0,3.502853879200333
31,11,08,31_08,panelist,high,1,1,0,0,4.086723557834505
31,11,09,31_09,panelist,med,1,0,0,0,4.144486872537529
31,11,10,31_10,panelist,med,1,0,0,0,4.141828090421318
31,11,11,31_11,panelist,high,1,1,0,0,3.521359574603939
31,11,12,31_12,panelist,low,1,0,1,0,4.053293460912628
31,11,13,31_13,panelist,med,1,0,0,0,4.06341930853461
31,11,14,31_14,reviewer,med,0,0,0,0,3.697975935986161
31,11,15,31_15,panelist,med,1,0,0,0,4.123417511619593
31,11,16,31_16,panelist,med,1,0,0,0,3.9369110788184902
31,11,17,31_17,panelist,high,1,1,0,0,3.9090711164614755
31,11,18,31_18,reviewer,med,0,0,0,0,3.810399828244734
31,11,19,31_19,panelist,low,1,0,1,0,3.7131867005690955
31,11,20,31_20,panelist,high,1,1,0,0,3.912185509468165
31,11,21,31_21,panelist,med,1,0,0,0,3.997415997133334
31,11,22,31_22,panelist,none,1,0,0,1,4.283041837012284
31,11,23,31_23,panelist,med,1,0,0,0,4.257562983325066
31,11,24,31_24,panelist,none,1,0,0,1,3.987039136104898
31,12,01,31_01,panelist,med,1,0,0,0,4.020663957962939
31,12,02,31_02,panelist,low,1,0,1,0,4.582743870304181
31,12,03,31_03,panelist,low,1,0,1,0,4.04881914864572
31,12,04,31_04,panelist,none,1,0,0,1,4.072116857097259
31,12,05,31_05,reviewer,med,0,0,0,0,3.9318939298807227
31,12,06,31_06,panelist,none,1,0,0,1,4.720107939103191
31,12,07,31_07,panelist,med,1,0,0,0,4.027297530358222
31,12,08,31_08,panelist,high,1,1,0,0,4.215609238156283
31,12,09,31_09,panelist,low,1,0,1,0,4.62711818413008
31,12,10,31_10,reviewer,none,0,0,0,1,4.025754796413549
31,12,11,31_11,panelist,high,1,1,0,0,3.515832668342351
31,12,12,31_12,panelist,med,1,0,0,0,3.979602121946138
31,12,13,31_13,panelist,low,1,0,1,0,4.783951215042486
31,12,14,31_14,panelist,high,1,1,0,0,4.162826673003707
31,12,15,31_15,panelist,high,1,1,0,0,4.022652648466245
31,12,16,31_16,panelist,high,1,1,0,0,4.067318268847144
31,12,17,31_17,panelist,none,1,0,0,1,4.071966538821604
31,12,18,31_18,panelist,med,1,0,0,0,4.542598924407474
31,12,19,31_19,panelist,med,1,0,0,0,3.6528561127599732
31,12,20,31_20,panelist,med,1,0,0,0,3.8042074576555622
31,12,21,31_21,reviewer,med,0,0,0,0,4.159088183833769
31,12,22,31_22,panelist,med,1,0,0,0,4.175482454766594
31,12,23,31_23,panelist,high,1,1,0,0,4.004337164037647
31,12,24,31_24,panelist,med,1,0,0,0,3.7017295333545563
31,13,01,31_01,reviewer,none,0,0,0,1,4.308600707900702
31,13,02,31_02,panelist,med,1,0,0,0,4.878486635107515
31,13,03,31_03,panelist,high,1,1,0,0,4.10725204982657
31,13,04,31_04,panelist,med,1,0,0,0,4.544366152133769
31,13,05,31_05,panelist,med,1,0,0,0,3.8998369094199856
31,13,06,31_06,panelist,low,1,0,1,0,4.31141469870183
31,13,07,31_07,reviewer,high,0,1,0,0,3.515151481717142
31,13,08,31_08,panelist,high,1,1,0,0,4.314881790471595
31,13,09,31_09,panelist,med,1,0,0,0,4.843274002697563
31,13,10,31_10,panelist,none,1,0,0,1,4.4047178765583626
31,13,11,31_11,panelist,low,1,0,1,0,4.306538832312428
31,13,12,31_12,panelist,med,1,0,0,0,4.193096536087616
31,13,13,31_13,panelist,med,1,0,0,0,4.453599441079491
31,13,14,31_14,panelist,low,1,0,1,0,4.518871096804147
31,13,15,31_15,panelist,med,1,0,0,0,4.062023638100275
31,13,16,31_16,panelist,low,1,0,1,0,4.619525420467998
31,13,17,31_17,reviewer,med,0,0,0,0,3.9003951523994247
31,13,18,31_18,panelist,none,1,0,0,1,4.390677628824792
31,13,19,31_19,panelist,med,1,0,0,0,3.8406271657487236
31,13,20,31_20,panelist,med,1,0,0,0,4.290131619497085
31,13,21,31_21,panelist,high,1,1,0,0,4.469958954043363
31,13,22,31_22,panelist,none,1,0,0,1,4.354324679277794
31,13,23,31_23,panelist,high,1,1,0,0,4.463528069615121
31,13,24,31_24,panelist,high,1,1,0,0,4.024558713617042
31,14,01,31_01,panelist,high,1,1,0,0,4.185356232658377
31,14,02,31_02,panelist,med,1,0,0,0,4.3491008120583095
31,14,03,31_03,panelist,high,1,1,0,0,3.5260705290275216
31,14,04,31_04,panelist,med,1,0,0,0,3.6988979375473385
31,14,05,31_05,panelist,none,1,0,0,1,3.952351685379777
31,14,06,31_06,panelist,med,1,0,0,0,4.105924807320661
31,14,07,31_07,panelist,none,1,0,0,1,4.280487443601917
31,14,08,31_08,panelist,low,1,0,1,0,4.3497326253495165
31,14,09,31_09,panelist,med,1,0,0,0,4.244443065429482
31,14,10,31_10,panelist,med,1,0,0,0,3.731934054041538
31,14,11,31_11,panelist,none,1,0,0,1,3.628638334457868
31,14,12,31_12,panelist,med,1,0,0,0,3.922626656515363
31,14,13,31_13,panelist,med,1,0,0,0,4.060620147248262
31,14,14,31_14,panelist,med,1,0,0,0,3.9066156506673457
31,14,15,31_15,reviewer,low,0,0,1,0,4.022465839890811
31,14,16,31_16,reviewer,high,0,1,0,0,3.7710402216325623
31,14,17,31_17,panelist,high,1,1,0,0,3.6428106668867346
31,14,18,31_18,panelist,med,1,0,0,0,4.084020747115832
31,14,19,31_19,panelist,low,1,0,1,0,3.6921098936873342
31,14,20,31_20,reviewer,none,0,0,0,1,4.509434823714915
31,14,21,31_21,panelist,low,1,0,1,0,4.176160470780532
31,14,22,31_22,panelist,med,1,0,0,0,4.009264873393708
31,14,23,31_23,panelist,high,1,1,0,0,4.242574692797551
31,14,24,31_24,panelist,high,1,1,0,0,3.531101494082099
31,15,01,31_01,panelist,low,1,0,1,0,3.694115213269018
31,15,02,31_02,panelist,med,1,0,0,0,3.979591081460982
31,15,03,31_03,reviewer,high,0,1,0,0,3.5571747090094137
31,15,04,31_04,panelist,med,1,0,0,0,3.5226791231747008
31,15,05,31_05,panelist,high,1,1,0,0,3.5117555495931434
31,15,06,31_06,panelist,low,1,0,1,0,3.8351850576084923
31,15,07,31_07,panelist,med,1,0,0,0,3.7729393637982014
31,15,08,31_08,panelist,none,1,0,0,1,3.8149277423894357
31,15,09,31_09,panelist,med,1,0,0,0,4.081043911462875
31,15,10,31_10,panelist,med,1,0,0,0,3.9723464723282484
31,15,11,31_11,panelist,med,1,0,0,0,3.648201384028955
31,15,12,31_12,panelist,none,1,0,0,1,3.9487659286996633
31,15,13,31_13,panelist,none,1,0,0,1,4.5527944566237135
31,15,14,31_14,panelist,med,1,0,0,0,3.5301060546300063
31,15,15,31_15,panelist,high,1,1,0,0,3.603019067563081
31,15,16,31_16,reviewer,high,0,1,0,0,3.65341691094297
31,15,17,31_17,panelist,none,1,0,0,1,3.776923715344064
31,15,18,31_18,panelist,high,1,1,0,0,3.6847536353782897
31,15,19,31_19,reviewer,high,0,1,0,0,3.563365025627219
31,15,20,31_20,panelist,med,1,0,0,0,4.064196638192607
31,15,21,31_21,panelist,med,1,0,0,0,3.87492996873797
31,15,22,31_22,panelist,med,1,0,0,0,3.8466871998222074
31,15,23,31_23,panelist,low,1,0,1,0,3.9931309504664974
31,15,24,31_24,panelist,low,1,0,1,0,3.6611544050352918
32,1,01,32_01,panelist,med,1,0,0,0,4.0342852636445485
32,1,02,32_02,reviewer,med,0,0,0,0,4.387817209255486
32,1,03,32_03,panelist,med,1,0,0,0,3.8046511629181157
32,1,04,32_04,panelist,med,1,0,0,0,4.181839127664627
32,1,05,32_05,panelist,low,1,0,1,0,3.9388919246088747
32,1,06,32_06,panelist,high,1,1,0,0,4.366151704958403
32,1,07,32_07,reviewer,med,0,0,0,0,4.349979202084857
32,1,08,32_08,panelist,med,1,0,0,0,4.471956048851777
32,1,09,32_09,panelist,med,1,0,0,0,4.590750105160941
32,1,10,32_10,panelist,high,1,1,0,0,3.9092448114519365
32,1,11,32_11,panelist,high,1,1,0,0,3.890822582610431
32,1,12,32_12,panelist,med,1,0,0,0,4.474523753084007
32,1,13,32_13,panelist,none,1,0,0,1,4.786558731310447
32,1,14,32_14,panelist,high,1,1,0,0,3.9718084941518677
32,1,15,32_15,panelist,none,1,0,0,1,4.400374530216278
32,1,16,32_16,panelist,low,1,0,1,0,4.545107674853688
32,1,17,32_17,panelist,none,1,0,0,1,4.454930203731684
32,1,18,32_18,panelist,low,1,0,1,0,4.224535889885171
32,1,19,32_19,panelist,med,1,0,0,0,3.975280367725069
32,1,20,32_20,panelist,med,1,0,0,0,3.9263876260594515
32,1,21,32_21,reviewer,high,0,1,0,0,4.050328175543797
32,1,22,32_22,panelist,high,1,1,0,0,4.443448195282721
32,1,23,32_23,panelist,none,1,0,0,1,4.4445328564674424
32,1,24,32_24,panelist,low,1,0,1,0,4.406498250686901
32,2,01,32_01,panelist,high,1,1,0,0,3.7069226948901104
32,2,02,32_02,panelist,none,1,0,0,1,4.829347152591068
32,2,03,32_03,panelist,high,1,1,0,0,3.9242005087665173
32,2,04,32_04,panelist,none,1,0,0,1,4.330228924567992
32,2,05,32_05,panelist,high,1,1,0,0,4.355658412936359
32,2,06,32_06,reviewer,med,0,0,0,0,4.249070926717215
32,2,07,32_07,panelist,med,1,0,0,0,4.260450407977549
32,2,08,32_08,panelist,low,1,0,1,0,4.381360528913829
32,2,09,32_09,reviewer,med,0,0,0,0,4.3270869699367775
32,2,10,32_10,panelist,none,1,0,0,1,4.628815017802571
32,2,11,32_11,panelist,none,1,0,0,1,4.333023512523529
32,2,12,32_12,panelist,med,1,0,0,0,4.176589091127052
32,2,13,32_13,panelist,med,1,0,0,0,4.800508430705957
32,2,14,32_14,panelist,med,1,0,0,0,4.280846465570818
32,2,15,32_15,panelist,med,1,0,0,0,4.39275266750153
32,2,16,32_16,panelist,med,1,0,0,0,4.267570428208976
32,2,17,32_17,panelist,med,1,0,0,0,4.162491746357883
32,2,18,32_18,panelist,low,1,0,1,0,4.45658669376379
32,2,19,32_19,panelist,low,1,0,1,0,3.9376020418268576
32,2,20,32_20,panelist,high,1,1,0,0,4.078604201328804
32,2,21,32_21,reviewer,high,0,1,0,0,3.855270238197507
32,2,22,32_22,panelist,med,1,0,0,0,4.256203315102855
32,2,23,32_23,panelist,high,1,1,0,0,4.5064479198587035
32,2,24,32_24,panelist,low,1,0,1,0,4.175870191676935
32,3,01,32_01,panelist,low,1,0,1,0,4.036535857815083
32,3,02,32_02,panelist,med,1,0,0,0,4.488704265441031
32,3,03,32_03,panelist,high,1,1,0,0,3.723440294304656
32,3,04,32_04,panelist,med,1,0,0,0,3.8683945229196155
32,3,05,32_05,reviewer,high,0,1,0,0,3.908589369166547
32,3,06,32_06,panelist,none,1,0,0,1,4.3805686740232606
32,3,07,32_07,panelist,high,1,1,0,0,4.1206326452087625
32,3,08,32_08,panelist,med,1,0,0,0,4.796605139391903
32,3,09,32_09,panelist,low,1,0,1,0,4.7586524172323434
32,3,10,32_10,panelist,none,1,0,0,1,4.118781673085354
32,3,11,32_11,panelist,low,1,0,1,0,4.039142245624023
32,3,12,32_12,panelist,high,1,1,0,0,4.112564442196306
32,3,13,32_13,panelist,med,1,0,0,0,4.252944331057552
32,3,14,32_14,panelist,none,1,0,0,1,4.623343413588141
32,3,15,32_15,panelist,med,1,0,0,0,3.9068099254503874
32,3,16,32_16,panelist,low,1,0,1,0,4.0523285714899115
32,3,17,32_17,reviewer,med,0,0,0,0,4.371348682355389
32,3,18,32_18,panelist,high,1,1,0,0,4.058336458014706
32,3,19,32_19,reviewer,med,0,0,0,0,3.7607309833332736
32,3,20,32_20,panelist,high,1,1,0,0,4.007243862248258
32,3,21,32_21,panelist,med,1,0,0,0,4.340567853658807
32,3,22,32_22,panelist,med,1,0,0,0,4.064096833611512
32,3,23,32_23,panelist,med,1,0,0,0,4.509702554043467
32,3,24,32_24,panelist,none,1,0,0,1,4.525324305155697
32,4,01,32_01,panelist,low,1,0,1,0,4.343814522498799
32,4,02,32_02,panelist,med,1,0,0,0,4.749531564026683
32,4,03,32_03,panelist,med,1,0,0,0,3.9158913474174
32,4,04,32_04,panelist,med,1,0,0,0,4.527107044270056
32,4,05,32_05,panelist,med,1,0,0,0,4.240182735147107
32,4,06,32_06,panelist,low,1,0,1,0,4.032345841208229
32,4,07,32_07,panelist,high,1,1,0,0,4.174403333240789
32,4,08,32_08,panelist,med,1,0,0,0,4.432381693843845
32,4,09,32_09,panelist,med,1,0,0,0,4.81009912139355
32,4,10,32_10,panelist,high,1,1,0,0,4.374671037755614
32,4,11,32_11,panelist,none,1,0,0,1,4.0798391195416714
32,4,12,32_12,panelist,med,1,0,0,0,4.501544759968776
32,4,13,32_13,panelist,med,1,0,0,0,4.813486619149573
32,4,14,32_14,panelist,none,1,0,0,1,4.665150216099991
32,4,15,32_15,reviewer,high,0,1,0,0,4.040172319988603
32,4,16,32_16,panelist,none,1,0,0,1,4.727124590956024
32,4,17,32_17,reviewer,low,0,0,1,0,4.377762145929302
32,4,18,32_18,panelist,high,1,1,0,0,4.146304554377272
32,4,19,32_19,panelist,none,1,0,0,1,4.465235347296414
32,4,20,32_20,panelist,high,1,1,0,0,4.612895234025837
32,4,21,32_21,reviewer,med,0,0,0,0,4.490256739704864
32,4,22,32_22,panelist,med,1,0,0,0,4.232162210673305
32,4,23,32_23,panelist,low,1,0,1,0,4.505504908359895
32,4,24,32_24,panelist,high,1,1,0,0,4.004312865608438
32,5,01,32_01,panelist,med,1,0,0,0,4.199821473110074
32,5,02,32_02,panelist,none,1,0,0,1,4.669862915434509
32,5,03,32_03,panelist,high,1,1,0,0,3.9496400954730047
32,5,04,32_04,panelist,med,1,0,0,0,3.9409952696706556
32,5,05,32_05,panelist,none,1,0,0,1,4.094663101069426
32,5,06,32_06,panelist,low,1,0,1,0,4.3838437561342545
32,5,07,32_07,panelist,med,1,0,0,0,4.504186635717634
32,5,08,32_08,panelist,high,1,1,0,0,4.75306356663917
32,5,09,32_09,panelist,med,1,0,0,0,4.1916846133193495
32,5,10,32_10,panelist,med,1,0,0,0,4.237223351431812
32,5,11,32_11,reviewer,med,0,0,0,0,3.687453756982343
32,5,12,32_12,panelist,med,1,0,0,0,4.428480213980369
32,5,13,32_13,panelist,none,1,0,0,1,4.836257203366283
32,5,14,32_14,panelist,high,1,1,0,0,3.8270696194652696
32,5,15,32_15,panelist,med,1,0,0,0,4.16632632404676
32,5,16,32_16,panelist,high,1,1,0,0,3.9749337195535195
32,5,17,32_17,panelist,high,1,1,0,0,4.0202337839392435
32,5,18,32_18,panelist,med,1,0,0,0,4.386925171178271
32,5,19,32_19,panelist,low,1,0,1,0,3.874958428782855
32,5,20,32_20,panelist,low,1,0,1,0,4.598391814627575
32,5,21,32_21,panelist,low,1,0,1,0,4.082644136825479
32,5,22,32_22,reviewer,med,0,0,0,0,4.115093344862781
32,5,23,32_23,panelist,none,1,0,0,1,4.691023506723277
32,5,24,32_24,reviewer,high,0,1,0,0,3.626526180228406
32,6,01,32_01,reviewer,low,0,0,1,0,4.482573547002539
32,6,02,32_02,panelist,none,1,0,0,1,4.861754102070115
32,6,03,32_03,panelist,high,1,1,0,0,4.201843079322368
32,6,04,32_04,panelist,low,1,0,1,0,4.269113751262346
32,6,05,32_05,panelist,med,1,0,0,0,4.086302465879273
32,6,06,32_06,panelist,low,1,0,1,0,4.688232675406358
32,6,07,32_07,panelist,none,1,0,0,1,4.20106577899091
32,6,08,32_08,reviewer,med,0,0,0,0,4.448892839002276
32,6,09,32_09,panelist,high,1,1,0,0,4.850896853758886
32,6,10,32_10,panelist,med,1,0,0,0,4.841790887546599
32,6,11,32_11,panelist,high,1,1,0,0,4.089552098081692
32,6,12,32_12,panelist,med,1,0,0,0,4.625703314249701
32,6,13,32_13,panelist,med,1,0,0,0,4.55443929572106
32,6,14,32_14,panelist,med,1,0,0,0,4.729235475146978
32,6,15,32_15,panelist,none,1,0,0,1,4.50047537121362
32,6,16,32_16,panelist,high,1,1,0,0,4.561611500250229
32,6,17,32_17,panelist,med,1,0,0,0,4.448417202210818
32,6,18,32_18,panelist,med,1,0,0,0,4.591051736525811
32,6,19,32_19,reviewer,high,0,1,0,0,4.214426831155681
32,6,20,32_20,panelist,med,1,0,0,0,4.762962241706658
32,6,21,32_21,panelist,high,1,1,0,0,4.295161841034983
32,6,22,32_22,panelist,low,1,0,1,0,4.672536552426142
32,6,23,32_23,panelist,none,1,0,0,1,4.78507183898156
32,6,24,32_24,panelist,med,1,0,0,0,4.171669137931934
32,7,01,32_01,panelist,med,1,0,0,0,4.574319399234441
32,7,02,32_02,reviewer,med,0,0,0,0,4.881557574725754
32,7,03,32_03,panelist,none,1,0,0,1,4.304305988913264
32,7,04,32_04,panelist,med,1,0,0,0,4.441531585560473
32,7,05,32_05,panelist,low,1,0,1,0,4.625029390374276
32,7,06,32_06,panelist,med,1,0,0,0,4.778796484358769
32,7,07,32_07,panelist,med,1,0,0,0,4.7455189516354945
32,7,08,32_08,panelist,high,1,1,0,0,4.636050915374594
32,7,09,32_09,panelist,none,1,0,0,1,4.857422696684116
32,7,10,32_10,panelist,high,1,1,0,0,4.6974269376642885
32,7,11,32_11,panelist,none,1,0,0,1,4.634611912383058
32,7,12,32_12,panelist,med,1,0,0,0,4.792403005272446
32,7,13,32_13,panelist,high,1,1,0,0,4.832894895253074
32,7,14,32_14,panelist,low,1,0,1,0,4.667254393634496
32,7,15,32_15,panelist,low,1,0,1,0,4.812577994753727
32,7,16,32_16,panelist,med,1,0,0,0,4.574881897010682
32,7,17,32_17,reviewer,low,0,0,1,0,4.617238172543729
32,7,18,32_18,panelist,high,1,1,0,0,4.74792773601251
32,7,19,32_19,panelist,med,1,0,0,0,4.143970085571139
32,7,20,32_20,panelist,med,1,0,0,0,4.585667792878705
32,7,21,32_21,panelist,med,1,0,0,0,4.360082552811291
32,7,22,32_22,panelist,none,1,0,0,1,4.89625844764006
32,7,23,32_23,reviewer,high,0,1,0,0,4.281845869076987
32,7,24,32_24,panelist,high,1,1,0,0,4.281076252080473
32,8,01,32_01,panelist,low,1,0,1,0,3.5806751369788796
32,8,02,32_02,panelist,none,1,0,0,1,4.717144697493077
32,8,03,32_03,panelist,med,1,0,0,0,3.592615620198519
32,8,04,32_04,panelist,none,1,0,0,1,3.9899505212338298
32,8,05,32_05,panelist,med,1,0,0,0,3.6857630803876806
32,8,06,32_06,panelist,high,1,1,0,0,3.737648662468026
32,8,07,32_07,panelist,high,1,1,0,0,3.9443568444266734
32,8,08,32_08,panelist,med,1,0,0,0,4.502176912893952
32,8,09,32_09,panelist,med,1,0,0,0,4.632254938047635
32,8,10,32_10,panelist,low,1,0,1,0,3.9335469722870653
32,8,11,32_11,reviewer,high,0,1,0,0,3.6133335792216683
32,8,12,32_12,reviewer,med,0,0,0,0,3.7694171850483795
32,8,13,32_13,panelist,med,1,0,0,0,4.370965308594114
32,8,14,32_14,panelist,none,1,0,0,1,4.444075796956676
32,8,15,32_15,panelist,high,1,1,0,0,3.9649226708058074
32,8,16,32_16,panelist,none,1,0,0,1,4.0673076083127055
32,8,17,32_17,panelist,low,1,0,1,0,4.360843622728954
32,8,18,32_18,panelist,med,1,0,0,0,4.309280880767183
32,8,19,32_19,panelist,high,1,1,0,0,3.653383050268162
32,8,20,32_20,panelist,med,1,0,0,0,4.0927120785402265
32,8,21,32_21,reviewer,high,0,1,0,0,3.6593497011249365
32,8,22,32_22,panelist,low,1,0,1,0,4.425252597227007
32,8,23,32_23,panelist,med,1,0,0,0,4.2969599371863945
32,8,24,32_24,panelist,med,1,0,0,0,3.6093670760747756
32,9,01,32_01,panelist,none,1,0,0,1,4.761985886202454
32,9,02,32_02,panelist,none,1,0,0,1,4.89573264494088
32,9,03,32_03,panelist,med,1,0,0,0,4.369704388890298
32,9,04,32_04,reviewer,med,0,0,0,0,3.8450491338488795
32,9,05,32_05,panelist,med,1,0,0,0,4.3130998917431365
32,9,06,32_06,panelist,high,1,1,0,0,4.751704060653405
32,9,07,32_07,panelist,high,1,1,0,0,4.580997993560116
32,9,08,32_08,panelist,high,1,1,0,0,4.810964409954068
32,9,09,32_09,panelist,med,1,0,0,0,4.730535814605958
32,9,10,32_10,reviewer,low,0,0,1,0,4.276680489052865
32,9,11,32_11,panelist,med,1,0,0,0,4.721608998413872
32,9,12,32_12,panelist,med,1,0,0,0,4.575827754989709
32,9,13,32_13,panelist,med,1,0,0,0,4.696288549402095
32,9,14,32_14,panelist,low,1,0,1,0,4.43005882116379
32,9,15,32_15,panelist,high,1,1,0,0,4.620363446546829
32,9,16,32_16,reviewer,med,0,0,0,0,4.7506439672734295
32,9,17,32_17,panelist,none,1,0,0,1,4.765334834838885
32,9,18,32_18,panelist,none,1,0,0,1,4.759235011525022
32,9,19,32_19,panelist,high,1,1,0,0,4.280393459275426
32,9,20,32_20,panelist,low,1,0,1,0,4.77278043641829
32,9,21,32_21,panelist,med,1,0,0,0,4.761191616588662
32,9,22,32_22,panelist,high,1,1,0,0,4.716285922082586
32,9,23,32_23,panelist,low,1,0,1,0,4.896645270817745
32,9,24,32_24,panelist,med,1,0,0,0,4.227805445159769
32,10,01,32_01,panelist,low,1,0,1,0,4.034498335719324
32,10,02,32_02,panelist,med,1,0,0,0,4.5682655821430265
32,10,03,32_03,panelist,none,1,0,0,1,4.174269990734207
32,10,04,32_04,panelist,med,1,0,0,0,4.083290772127201
32,10,05,32_05,panelist,high,1,1,0,0,3.6618214138430827
32,10,06,32_06,panelist,med,1,0,0,0,4.638373775343796
32,10,07,32_07,panelist,med,1,0,0,0,4.176722468970837
32,10,08,32_08,panelist,low,1,0,1,0,4.833013451770868
32,10,09,32_09,panelist,med,1,0,0,0,4.690775338431683
32,10,10,32_10,panelist,med,1,0,0,0,4.574867552630615
32,10,11,32_11,panelist,med,1,0,0,0,4.013745108385735
32,10,12,32_12,panelist,none,1,0,0,1,4.6166830071365395
32,10,13,32_13,panelist,med,1,0,0,0,4.771143581860607
32,10,14,32_14,panelist,high,1,1,0,0,4.389849029761549
32,10,15,32_15,panelist,high,1,1,0,0,4.108308131965691
32,10,16,32_16,reviewer,med,0,0,0,0,3.8005134529055735
32,10,17,32_17,panelist,none,1,0,0,1,4.6486443253261704
32,10,18,32_18,reviewer,med,0,0,0,0,3.8670840252488645
32,10,19,32_19,reviewer,none,0,0,0,1,3.853867762843678
32,10,20,32_20,panelist,high,1,1,0,0,3.8239681425976895
32,10,21,32_21,panelist,high,1,1,0,0,4.031419275317869
32,10,22,32_22,panelist,high,1,1,0,0,4.398643276327681
32,10,23,32_23,panelist,low,1,0,1,0,4.437330265316035
32,10,24,32_24,panelist,low,1,0,1,0,4.0519618424526165
32,11,01,32_01,panelist,med,1,0,0,0,3.9989655947901457
32,11,02,32_02,panelist,low,1,0,1,0,4.808706959818271
32,11,03,32_03,panelist,none,1,0,0,1,3.8831742442969195
32,11,04,32_04,panelist,high,1,1,0,0,3.5106614908318554
32,11,05,32_05,panelist,med,1,0,0,0,4.094609188119622
32,11,06,32_06,panelist,none,1,0,0,1,4.290461685184506
32,11,07,32_07,panelist,high,1,1,0,0,3.8172242267308993
32,11,08,32_08,panelist,med,1,0,0,0,4.536980797385384
32,11,09,32_09,reviewer,med,0,0,0,0,4.501422694037688
32,11,10,32_10,reviewer,med,0,0,0,0,3.500134404434221
32,11,11,32_11,panelist,low,1,0,1,0,3.83501716447948
32,11,12,32_12,panelist,none,1,0,0,1,3.724613745903707
32,11,13,32_13,panelist,high,1,1,0,0,4.789596584997403
32,11,14,32_14,panelist,high,1,1,0,0,4.186885626755861
32,11,15,32_15,panelist,low,1,0,1,0,4.115424393078257
32,11,16,32_16,panelist,med,1,0,0,0,4.200019477808295
32,11,17,32_17,panelist,med,1,0,0,0,4.5054946193171865
32,11,18,32_18,panelist,low,1,0,1,0,4.300171002668936
32,11,19,32_19,panelist,med,1,0,0,0,4.160674559860373
32,11,20,32_20,panelist,med,1,0,0,0,3.9888737099657234
32,11,21,32_21,panelist,high,1,1,0,0,4.303303238989798
32,11,22,32_22,panelist,high,1,1,0,0,4.063470414540333
32,11,23,32_23,panelist,none,1,0,0,1,4.514628045746623
32,11,24,32_24,reviewer,med,0,0,0,0,3.5972609198490653
32,12,01,32_01,panelist,high,1,1,0,0,3.7435160935701606
32,12,02,32_02,panelist,none,1,0,0,1,4.763203090340473
32,12,03,32_03,panelist,med,1,0,0,0,3.82546273961976
32,12,04,32_04,reviewer,none,0,0,0,1,4.211669300773295
32,12,05,32_05,panelist,med,1,0,0,0,3.9017010736346656
32,12,06,32_06,panelist,med,1,0,0,0,3.9149674972082558
32,12,07,32_07,panelist,med,1,0,0,0,4.156879010821772
32,12,08,32_08,panelist,high,1,1,0,0,4.604947990923638
32,12,09,32_09,panelist,low,1,0,1,0,4.8085965531426815
32,12,10,32_10,reviewer,high,0,1,0,0,3.6404119224583686
32,12,11,32_11,reviewer,high,0,1,0,0,3.521987221300996
32,12,12,32_12,panelist,med,1,0,0,0,4.623641867504705
32,12,13,32_13,panelist,low,1,0,1,0,4.4938550051826835
32,12,14,32_14,panelist,high,1,1,0,0,4.456311725448492
32,12,15,32_15,panelist,med,1,0,0,0,4.0916568118925625
32,12,16,32_16,panelist,med,1,0,0,0,3.993060766059078
32,12,17,32_17,panelist,low,1,0,1,0,4.508708373440555
32,12,18,32_18,panelist,med,1,0,0,0,4.28719065707165
32,12,19,32_19,panelist,none,1,0,0,1,4.223471932417949
32,12,20,32_20,panelist,med,1,0,0,0,3.962583687330566
32,12,21,32_21,panelist,high,1,1,0,0,4.612604484767946
32,12,22,32_22,panelist,low,1,0,1,0,4.682276471704081
32,12,23,32_23,panelist,med,1,0,0,0,4.546977354044531
32,12,24,32_24,panelist,none,1,0,0,1,4.148463792807549
32,13,01,32_01,panelist,none,1,0,0,1,4.572827436282071
32,13,02,32_02,panelist,none,1,0,0,1,4.878585478541546
32,13,03,32_03,panelist,none,1,0,0,1,4.355113215150714
32,13,04,32_04,panelist,med,1,0,0,0,4.127024067226322
32,13,05,32_05,panelist,high,1,1,0,0,4.373003071924396
32,13,06,32_06,panelist,med,1,0,0,0,4.413313788284171
32,13,07,32_07,panelist,high,1,1,0,0,4.5975810776252874
32,13,08,32_08,panelist,high,1,1,0,0,4.6875227045998304
32,13,09,32_09,panelist,med,1,0,0,0,4.850938656279357
32,13,10,32_10,panelist,med,1,0,0,0,4.871400037752628
32,13,11,32_11,reviewer,low,0,0,1,0,3.807860726239439
32,13,12,32_12,panelist,low,1,0,1,0,4.71450399638099
32,13,13,32_13,reviewer,med,0,0,0,0,4.5957150606447295
32,13,14,32_14,panelist,low,1,0,1,0,4.64352471230515
32,13,15,32_15,panelist,med,1,0,0,0,4.42759824425678
32,13,16,32_16,panelist,low,1,0,1,0,4.5168945448182285
32,13,17,32_17,panelist,med,1,0,0,0,4.486751701127655
32,13,18,32_18,panelist,high,1,1,0,0,4.632004180698797
32,13,19,32_19,reviewer,high,0,1,0,0,4.254511520178668
32,13,20,32_20,panelist,med,1,0,0,0,4.879838767774958
32,13,21,32_21,panelist,none,1,0,0,1,4.862711970516222
32,13,22,32_22,panelist,high,1,1,0,0,4.465514004504474
32,13,23,32_23,panelist,med,1,0,0,0,4.429852923025509
32,13,24,32_24,panelist,med,1,0,0,0,3.937261827584367
32,14,01,32_01,panelist,med,1,0,0,0,4.277742231719684
32,14,02,32_02,panelist,high,1,1,0,0,4.712493444082279
32,14,03,32_03,panelist,none,1,0,0,1,3.854060970260809
32,14,04,32_04,panelist,med,1,0,0,0,4.38112499384325
32,14,05,32_05,reviewer,high,0,1,0,0,3.529374313341677
32,14,06,32_06,panelist,low,1,0,1,0,4.496894979541917
32,14,07,32_07,panelist,med,1,0,0,0,4.431873905213192
32,14,08,32_08,panelist,med,1,0,0,0,4.5379782929226975
32,14,09,32_09,panelist,high,1,1,0,0,4.179576317274507
32,14,10,32_10,panelist,med,1,0,0,0,4.04619282080195
32,14,11,32_11,panelist,none,1,0,0,1,4.077254727364448
32,14,12,32_12,panelist,low,1,0,1,0,3.9295300771909436
32,14,13,32_13,panelist,med,1,0,0,0,4.563488689234387
32,14,14,32_14,panelist,high,1,1,0,0,3.792025753649554
32,14,15,32_15,reviewer,high,0,1,0,0,3.7899659848038505
32,14,16,32_16,panelist,med,1,0,0,0,4.088280326266665
32,14,17,32_17,reviewer,none,0,0,0,1,4.463588177759
32,14,18,32_18,panelist,low,1,0,1,0,4.073275850521298
32,14,19,32_19,panelist,none,1,0,0,1,4.40816809655501
32,14,20,32_20,panelist,low,1,0,1,0,4.101932786892941
32,14,21,32_21,panelist,med,1,0,0,0,4.146000071365804
32,14,22,32_22,panelist,med,1,0,0,0,3.932066774008392
32,14,23,32_23,panelist,high,1,1,0,0,4.298500637003752
32,14,24,32_24,panelist,med,1,0,0,0,3.8800680869912836
32,15,01,32_01,panelist,med,1,0,0,0,3.830335044242443
32,15,02,32_02,panelist,med,1,0,0,0,4.005804178883336
32,15,03,32_03,panelist,high,1,1,0,0,3.6879371872399913
32,15,04,32_04,panelist,med,1,0,0,0,3.7853213265464993
32,15,05,32_05,panelist,med,1,0,0,0,4.019081239522527
32,15,06,32_06,panelist,none,1,0,0,1,4.228091642328185
32,15,07,32_07,panelist,none,1,0,0,1,3.950693302605787
32,15,08,32_08,panelist,med,1,0,0,0,3.9915831108177775
32,15,09,32_09,panelist,med,1,0,0,0,4.1116620665766375
32,15,10,32_10,panelist,low,1,0,1,0,3.8318555947959605
32,15,11,32_11,panelist,high,1,1,0,0,3.659156594344771
32,15,12,32_12,panelist,none,1,0,0,1,3.653100561022893
32,15,13,32_13,panelist,high,1,1,0,0,3.8441564600568254
32,15,14,32_14,panelist,low,1,0,1,0,4.095008069005531
32,15,15,32_15,reviewer,none,0,0,0,1,3.944038805274582
32,15,16,32_16,panelist,med,1,0,0,0,3.6263069632028637
32,15,17,32_17,panelist,high,1,1,0,0,3.701678125630824
32,15,18,32_18,reviewer,high,0,1,0,0,3.6325759660696204
32,15,19,32_19,panelist,low,1,0,1,0,3.6738848468614194
32,15,20,32_20,panelist,low,1,0,1,0,4.260719920546575
32,15,21,32_21,panelist,med,1,0,0,0,4.229340685714659
32,15,22,32_22,reviewer,med,0,0,0,0,4.033253093740848
32,15,23,32_23,panelist,high,1,1,0,0,3.743728137564585
32,15,24,32_24,panelist,med,1,0,0,0,3.6642621643244997
33,1,01,33_01,panelist,high,1,1,0,0,3.9173820403808044
33,1,02,33_02,panelist,med,1,0,0,0,4.299031240679537
33,1,03,33_03,panelist,low,1,0,1,0,4.035669758564306
33,1,04,33_04,panelist,med,1,0,0,0,4.027206114673132
33,1,05,33_05,panelist,low,1,0,1,0,3.901690879364556
33,1,06,33_06,panelist,none,1,0,0,1,4.549877287958907
33,1,07,33_07,reviewer,high,0,1,0,0,3.6293023903587707
33,1,08,33_08,panelist,low,1,0,1,0,4.731271759015867
33,1,09,33_09,panelist,none,1,0,0,1,4.639929539497596
33,1,10,33_10,panelist,high,1,1,0,0,4.094563626406107
33,1,11,33_11,panelist,high,1,1,0,0,3.6204235912459266
33,1,12,33_12,panelist,med,1,0,0,0,4.064046916993916
33,1,13,33_13,panelist,med,1,0,0,0,4.417499953439182
33,1,14,33_14,panelist,med,1,0,0,0,4.459564675992041
33,1,15,33_15,panelist,none,1,0,0,1,4.48405668257948
33,1,16,33_16,panelist,high,1,1,0,0,4.007083662313269
33,1,17,33_17,reviewer,high,0,1,0,0,4.062326256672662
33,1,18,33_18,panelist,low,1,0,1,0,4.382415153145502
33,1,19,33_19,panelist,med,1,0,0,0,3.809315955402929
33,1,20,33_20,panelist,none,1,0,0,1,4.504870584228627
33,1,21,33_21,panelist,med,1,0,0,0,4.224418412423857
33,1,22,33_22,panelist,med,1,0,0,0,4.062991324543526
33,1,23,33_23,panelist,med,1,0,0,0,4.180759836147788
33,1,24,33_24,reviewer,med,0,0,0,0,3.6993730877235307
33,2,01,33_01,panelist,low,1,0,1,0,4.0774671278486965
33,2,02,33_02,panelist,none,1,0,0,1,4.824954596120927
33,2,03,33_03,panelist,high,1,1,0,0,3.8814357031977065
33,2,04,33_04,reviewer,low,0,0,1,0,4.138172549676557
33,2,05,33_05,panelist,med,1,0,0,0,4.0049973873166085
33,2,06,33_06,panelist,low,1,0,1,0,4.2763092181976425
33,2,07,33_07,reviewer,low,0,0,1,0,3.877341202911672
33,2,08,33_08,panelist,none,1,0,0,1,4.210223604318899
33,2,09,33_09,panelist,high,1,1,0,0,4.8626544959106655
33,2,10,33_10,panelist,med,1,0,0,0,4.126148373382234
33,2,11,33_11,panelist,med,1,0,0,0,3.6818613506284588
33,2,12,33_12,reviewer,med,0,0,0,0,3.987604321183901
33,2,13,33_13,panelist,med,1,0,0,0,4.4525807508917215
33,2,14,33_14,panelist,high,1,1,0,0,4.192678907096189
33,2,15,33_15,panelist,none,1,0,0,1,3.978618302333254
33,2,16,33_16,panelist,med,1,0,0,0,3.702557842904007
33,2,17,33_17,panelist,med,1,0,0,0,4.064094596413643
33,2,18,33_18,panelist,med,1,0,0,0,4.075312305275048
33,2,19,33_19,panelist,high,1,1,0,0,3.9645930897320243
33,2,20,33_20,panelist,high,1,1,0,0,4.359779580947064
33,2,21,33_21,panelist,med,1,0,0,0,4.073579746197701
33,2,22,33_22,panelist,med,1,0,0,0,4.07438645654548
33,2,23,33_23,panelist,none,1,0,0,1,4.341635367722222
33,2,24,33_24,panelist,high,1,1,0,0,4.075479729095194
33,3,01,33_01,panelist,low,1,0,1,0,3.8392151108808488
33,3,02,33_02,panelist,low,1,0,1,0,4.755448085441793
33,3,03,33_03,panelist,med,1,0,0,0,3.91193975085396
33,3,04,33_04,panelist,high,1,1,0,0,4.202828911189121
33,3,05,33_05,panelist,none,1,0,0,1,3.9052799641318425
33,3,06,33_06,panelist,high,1,1,0,0,4.005199431794053
33,3,07,33_07,panelist,med,1,0,0,0,3.9360773871980936
33,3,08,33_08,panelist,high,1,1,0,0,4.269223225688614
33,3,09,33_09,panelist,med,1,0,0,0,4.770078132488813
33,3,10,33_10,panelist,high,1,1,0,0,3.9957357743469126
33,3,11,33_11,reviewer,high,0,1,0,0,3.5447536877989694
33,3,12,33_12,panelist,low,1,0,1,0,3.959619577302158
33,3,13,33_13,reviewer,med,0,0,0,0,4.021748928743654
33,3,14,33_14,panelist,none,1,0,0,1,4.485668120517094
33,3,15,33_15,panelist,high,1,1,0,0,4.3019156521318695
33,3,16,33_16,panelist,med,1,0,0,0,3.993568068345084
33,3,17,33_17,panelist,med,1,0,0,0,4.159509758738969
33,3,18,33_18,reviewer,med,0,0,0,0,3.991781744551027
33,3,19,33_19,panelist,none,1,0,0,1,4.461427755955152
33,3,20,33_20,panelist,none,1,0,0,1,4.174624546969826
33,3,21,33_21,panelist,med,1,0,0,0,4.027547614204355
33,3,22,33_22,panelist,med,1,0,0,0,4.357300270184915
33,3,23,33_23,panelist,low,1,0,1,0,4.343344239280092
33,3,24,33_24,panelist,med,1,0,0,0,4.045320690679164
33,4,01,33_01,panelist,med,1,0,0,0,4.048430204719528
33,4,02,33_02,panelist,high,1,1,0,0,4.883082653196652
33,4,03,33_03,reviewer,med,0,0,0,0,3.532979583176445
33,4,04,33_04,panelist,med,1,0,0,0,4.107053170602474
33,4,05,33_05,panelist,med,1,0,0,0,3.9636454950806
33,4,06,33_06,panelist,med,1,0,0,0,4.297478556429355
33,4,07,33_07,panelist,med,1,0,0,0,3.9094981260405826
33,4,08,33_08,panelist,none,1,0,0,1,4.814237890246413
33,4,09,33_09,panelist,high,1,1,0,0,4.444031085372367
33,4,10,33_10,panelist,none,1,0,0,1,4.537220739777656
33,4,11,33_11,reviewer,med,0,0,0,0,3.7099371527138674
33,4,12,33_12,panelist,low,1,0,1,0,4.207110444293223
33,4,13,33_13,panelist,low,1,0,1,0,4.598063918449474
33,4,14,33_14,panelist,med,1,0,0,0,4.021910800012852
33,4,15,33_15,panelist,high,1,1,0,0,4.438168025080041
33,4,16,33_16,panelist,none,1,0,0,1,4.290219472272664
33,4,17,33_17,panelist,high,1,1,0,0,4.091565898723569
33,4,18,33_18,panelist,high,1,1,0,0,4.110036229234562
33,4,19,33_19,panelist,med,1,0,0,0,4.240250695324311
33,4,20,33_20,panelist,med,1,0,0,0,4.323108744857399
33,4,21,33_21,panelist,none,1,0,0,1,4.32583930365205
33,4,22,33_22,panelist,low,1,0,1,0,4.740072512692121
33,4,23,33_23,reviewer,low,0,0,1,0,4.1166969947749354
33,4,24,33_24,panelist,high,1,1,0,0,3.8622065035660835
33,5,01,33_01,panelist,med,1,0,0,0,3.8993585922509357
33,5,02,33_02,panelist,high,1,1,0,0,4.1806876023747925
33,5,03,33_03,panelist,med,1,0,0,0,3.5937509533914684
33,5,04,33_04,panelist,low,1,0,1,0,4.192774618754857
33,5,05,33_05,reviewer,med,0,0,0,0,3.618125698963647
33,5,06,33_06,panelist,med,1,0,0,0,4.315787337456853
33,5,07,33_07,panelist,high,1,1,0,0,3.739233193996205
33,5,08,33_08,panelist,med,1,0,0,0,4.02223481212118
33,5,09,33_09,panelist,med,1,0,0,0,4.579686036890331
33,5,10,33_10,reviewer,low,0,0,1,0,3.967508343208643
33,5,11,33_11,panelist,med,1,0,0,0,3.5641854069739147
33,5,12,33_12,panelist,none,1,0,0,1,4.110975477577188
33,5,13,33_13,reviewer,low,0,0,1,0,4.433636113901128
33,5,14,33_14,panelist,none,1,0,0,1,4.408391042110776
33,5,15,33_15,panelist,med,1,0,0,0,4.459228552917781
33,5,16,33_16,panelist,high,1,1,0,0,3.7988278352128884
33,5,17,33_17,panelist,none,1,0,0,1,4.286238904629788
33,5,18,33_18,panelist,high,1,1,0,0,3.630703536048444
33,5,19,33_19,panelist,high,1,1,0,0,3.5768014576978375
33,5,20,33_20,panelist,none,1,0,0,1,4.251433321338183
33,5,21,33_21,panelist,med,1,0,0,0,4.040028868866337
33,5,22,33_22,panelist,low,1,0,1,0,4.141937644479825
33,5,23,33_23,panelist,med,1,0,0,0,4.019343697610604
33,5,24,33_24,panelist,high,1,1,0,0,4.057489432331907
33,6,01,33_01,panelist,high,1,1,0,0,4.460332075393347
33,6,02,33_02,panelist,med,1,0,0,0,4.784982508770762
33,6,03,33_03,reviewer,med,0,0,0,0,3.696616096786369
33,6,04,33_04,panelist,med,1,0,0,0,4.264123746748967
33,6,05,33_05,panelist,low,1,0,1,0,3.9872809529661377
33,6,06,33_06,panelist,none,1,0,0,1,4.6395756050699
33,6,07,33_07,panelist,med,1,0,0,0,4.066623015580631
33,6,08,33_08,panelist,med,1,0,0,0,4.469895750941268
33,6,09,33_09,panelist,high,1,1,0,0,4.271123062204027
33,6,10,33_10,reviewer,med,0,0,0,0,4.173461279225644
33,6,11,33_11,panelist,med,1,0,0,0,4.284630623139087
33,6,12,33_12,panelist,high,1,1,0,0,4.119735045756064
33,6,13,33_13,panelist,none,1,0,0,1,4.862528585653198
33,6,14,33_14,panelist,low,1,0,1,0,4.6357216578574
33,6,15,33_15,panelist,low,1,0,1,0,4.080304037296648
33,6,16,33_16,panelist,med,1,0,0,0,4.1806542192469
33,6,17,33_17,panelist,med,1,0,0,0,4.610708153231855
33,6,18,33_18,panelist,high,1,1,0,0,4.089096999098721
33,6,19,33_19,panelist,none,1,0,0,1,4.363387926559088
33,6,20,33_20,reviewer,high,0,1,0,0,4.346323986747486
33,6,21,33_21,panelist,low,1,0,1,0,4.735991780004947
33,6,22,33_22,panelist,med,1,0,0,0,4.530525345809475
33,6,23,33_23,panelist,high,1,1,0,0,4.309357772639692
33,6,24,33_24,panelist,none,1,0,0,1,4.17976008925234
33,7,01,33_01,reviewer,med,0,0,0,0,4.437960755647216
33,7,02,33_02,panelist,low,1,0,1,0,4.877324524636048
33,7,03,33_03,panelist,med,1,0,0,0,4.212600964884534
33,7,04,33_04,panelist,high,1,1,0,0,4.096475925069525
33,7,05,33_05,panelist,med,1,0,0,0,4.420558157287509
33,7,06,33_06,panelist,low,1,0,1,0,4.633250011535937
33,7,07,33_07,panelist,med,1,0,0,0,4.246944353826447
33,7,08,33_08,panelist,low,1,0,1,0,4.842141161845462
33,7,09,33_09,panelist,high,1,1,0,0,4.5716273841190365
33,7,10,33_10,panelist,med,1,0,0,0,4.4339810197454765
33,7,11,33_11,panelist,low,1,0,1,0,4.160461584292561
33,7,12,33_12,panelist,high,1,1,0,0,4.586358350683861
33,7,13,33_13,reviewer,none,0,0,0,1,4.679142023045673
33,7,14,33_14,panelist,high,1,1,0,0,4.447384030801872
33,7,15,33_15,panelist,med,1,0,0,0,4.443685679086965
33,7,16,33_16,panelist,none,1,0,0,1,4.78679177327152
33,7,17,33_17,panelist,high,1,1,0,0,4.496793217704423
33,7,18,33_18,panelist,med,1,0,0,0,4.693940202650022
33,7,19,33_19,panelist,med,1,0,0,0,4.606228975569979
33,7,20,33_20,panelist,med,1,0,0,0,4.275814414236687
33,7,21,33_21,panelist,none,1,0,0,1,4.851769327606461
33,7,22,33_22,reviewer,high,0,1,0,0,4.3309863602151895
33,7,23,33_23,panelist,none,1,0,0,1,4.639935840797202
33,7,24,33_24,panelist,med,1,0,0,0,4.365154781204876
33,8,01,33_01,panelist,low,1,0,1,0,3.8235906681324234
33,8,02,33_02,panelist,high,1,1,0,0,3.92865206097968
33,8,03,33_03,reviewer,med,0,0,0,0,3.6391759132412442
33,8,04,33_04,panelist,none,1,0,0,1,3.8303777788579034
33,8,05,33_05,reviewer,med,0,0,0,0,3.579364489908981
33,8,06,33_06,panelist,high,1,1,0,0,4.291755038562401
33,8,07,33_07,panelist,med,1,0,0,0,3.842278376962792
33,8,08,33_08,reviewer,med,0,0,0,0,3.637186945900887
33,8,09,33_09,panelist,med,1,0,0,0,4.036740728180956
33,8,10,33_10,panelist,none,1,0,0,1,3.8943124156354756
33,8,11,33_11,panelist,high,1,1,0,0,3.813129440193881
33,8,12,33_12,panelist,med,1,0,0,0,3.7482629681427837
33,8,13,33_13,panelist,med,1,0,0,0,4.346345457460618
33,8,14,33_14,panelist,low,1,0,1,0,4.234916852027618
33,8,15,33_15,panelist,high,1,1,0,0,4.207673468950888
33,8,16,33_16,panelist,none,1,0,0,1,4.078404953289301
33,8,17,33_17,panelist,high,1,1,0,0,3.885974238846971
33,8,18,33_18,panelist,low,1,0,1,0,4.021654636021096
33,8,19,33_19,panelist,med,1,0,0,0,3.946160950487152
33,8,20,33_20,panelist,low,1,0,1,0,3.9929018522494
33,8,21,33_21,panelist,high,1,1,0,0,3.5708269282025875
33,8,22,33_22,panelist,med,1,0,0,0,4.268541867469687
33,8,23,33_23,panelist,none,1,0,0,1,4.129684850710493
33,8,24,33_24,panelist,med,1,0,0,0,3.7543811468259762
33,9,01,33_01,reviewer,med,0,0,0,0,4.0945360951349254
33,9,02,33_02,panelist,high,1,1,0,0,4.6579519863748535
33,9,03,33_03,panelist,none,1,0,0,1,4.436150307796686
33,9,04,33_04,panelist,none,1,0,0,1,4.521005735252768
33,9,05,33_05,panelist,high,1,1,0,0,4.192869997304246
33,9,06,33_06,panelist,high,1,1,0,0,4.2942955574797175
33,9,07,33_07,panelist,med,1,0,0,0,4.270383020499018
33,9,08,33_08,panelist,low,1,0,1,0,4.866940042199565
33,9,09,33_09,panelist,med,1,0,0,0,4.805966250112364
33,9,10,33_10,panelist,med,1,0,0,0,4.356112622766144
33,9,11,33_11,panelist,high,1,1,0,0,4.055991638034763
33,9,12,33_12,panelist,none,1,0,0,1,4.871748880381842
33,9,13,33_13,panelist,low,1,0,1,0,4.869376016125608
33,9,14,33_14,panelist,med,1,0,0,0,4.702857037748267
33,9,15,33_15,panelist,med,1,0,0,0,4.86279252291738
33,9,16,33_16,reviewer,med,0,0,0,0,4.178845544912459
33,9,17,33_17,reviewer,high,0,1,0,0,4.305825224732965
33,9,18,33_18,panelist,low,1,0,1,0,4.467097990585645
33,9,19,33_19,panelist,med,1,0,0,0,4.00872311496487
33,9,20,33_20,panelist,med,1,0,0,0,4.441174171646803
33,9,21,33_21,panelist,none,1,0,0,1,4.573552123144859
33,9,22,33_22,panelist,low,1,0,1,0,4.534737738533018
33,9,23,33_23,panelist,high,1,1,0,0,4.570425343724376
33,9,24,33_24,panelist,med,1,0,0,0,4.051276642557465
33,10,01,33_01,panelist,med,1,0,0,0,3.647166898312928
33,10,02,33_02,panelist,none,1,0,0,1,4.6475410516354545
33,10,03,33_03,panelist,high,1,1,0,0,3.588822199487009
33,10,04,33_04,panelist,med,1,0,0,0,3.626609859193136
33,10,05,33_05,reviewer,low,0,0,1,0,3.730852758014374
33,10,06,33_06,panelist,low,1,0,1,0,4.329429626684579
33,10,07,33_07,panelist,none,1,0,0,1,4.042782500340312
33,10,08,33_08,reviewer,med,0,0,0,0,4.331599469533873
33,10,09,33_09,panelist,med,1,0,0,0,4.2822609399871645
33,10,10,33_10,panelist,med,1,0,0,0,4.113341501419794
33,10,11,33_11,panelist,none,1,0,0,1,4.088969484583094
33,10,12,33_12,panelist,high,1,1,0,0,3.915617177309097
33,10,13,33_13,panelist,high,1,1,0,0,4.457129760201086
33,10,14,33_14,reviewer,med,0,0,0,0,4.143180762729989
33,10,15,33_15,panelist,low,1,0,1,0,4.30459891119558
33,10,16,33_16,panelist,med,1,0,0,0,4.370219352401241
33,10,17,33_17,panelist,high,1,1,0,0,4.29496059003312
33,10,18,33_18,panelist,high,1,1,0,0,4.301022653876809
33,10,19,33_19,panelist,med,1,0,0,0,3.8879369870690472
33,10,20,33_20,panelist,med,1,0,0,0,4.104255497110095
33,10,21,33_21,panelist,high,1,1,0,0,4.267137057789676
33,10,22,33_22,panelist,med,1,0,0,0,4.007511844463228
33,10,23,33_23,panelist,low,1,0,1,0,4.181612405530943
33,10,24,33_24,panelist,none,1,0,0,1,3.861876160070347
33,11,01,33_01,panelist,none,1,0,0,1,4.162993740369876
33,11,02,33_02,panelist,none,1,0,0,1,4.2501538214706756
33,11,03,33_03,panelist,none,1,0,0,1,4.49532786584527
33,11,04,33_04,panelist,high,1,1,0,0,4.214133801410632
33,11,05,33_05,panelist,med,1,0,0,0,4.086620398080909
33,11,06,33_06,panelist,med,1,0,0,0,4.074367896642817
33,11,07,33_07,panelist,med,1,0,0,0,3.8978055017967037
33,11,08,33_08,panelist,med,1,0,0,0,4.373399726082451
33,11,09,33_09,panelist,low,1,0,1,0,4.6056394843009825
33,11,10,33_10,panelist,high,1,1,0,0,4.123929429469495
33,11,11,33_11,panelist,none,1,0,0,1,3.830553956234817
33,11,12,33_12,reviewer,med,0,0,0,0,3.7142370292255364
33,11,13,33_13,panelist,high,1,1,0,0,4.107039514637324
33,11,14,33_14,reviewer,high,0,1,0,0,3.5453015016648024
33,11,15,33_15,panelist,med,1,0,0,0,4.068431953572306
33,11,16,33_16,reviewer,low,0,0,1,0,3.8757129518993017
33,11,17,33_17,panelist,high,1,1,0,0,3.8202773607314264
33,11,18,33_18,panelist,med,1,0,0,0,3.901071939247593
33,11,19,33_19,panelist,low,1,0,1,0,4.22357238652552
33,11,20,33_20,panelist,med,1,0,0,0,3.9500849988091846
33,11,21,33_21,panelist,med,1,0,0,0,4.084945407289366
33,11,22,33_22,panelist,med,1,0,0,0,4.297680735232936
33,11,23,33_23,panelist,high,1,1,0,0,3.838334972655412
33,11,24,33_24,panelist,low,1,0,1,0,3.9279272119439477
33,12,01,33_01,panelist,low,1,0,1,0,4.214814322275449
33,12,02,33_02,reviewer,high,0,1,0,0,4.245260091333515
33,12,03,33_03,panelist,med,1,0,0,0,3.7851693285519326
33,12,04,33_04,panelist,high,1,1,0,0,4.1714345606539105
33,12,05,33_05,panelist,none,1,0,0,1,4.089181317804553
33,12,06,33_06,panelist,none,1,0,0,1,4.711855367697214
33,12,07,33_07,panelist,low,1,0,1,0,4.306262226799798
33,12,08,33_08,panelist,med,1,0,0,0,4.41287632543611
33,12,09,33_09,panelist,low,1,0,1,0,4.579497163522043
33,12,10,33_10,panelist,high,1,1,0,0,3.6701857699777545
33,12,11,33_11,panelist,none,1,0,0,1,4.425341223341842
33,12,12,33_12,panelist,med,1,0,0,0,4.381472358687232
33,12,13,33_13,panelist,med,1,0,0,0,4.785551217388938
33,12,14,33_14,panelist,med,1,0,0,0,3.997899194445152
33,12,15,33_15,panelist,high,1,1,0,0,3.725600936432344
33,12,16,33_16,panelist,high,1,1,0,0,4.207370299427702
33,12,17,33_17,reviewer,none,0,0,0,1,3.6665219250824927
33,12,18,33_18,panelist,med,1,0,0,0,4.477660424113812
33,12,19,33_19,panelist,med,1,0,0,0,4.2747027917897995
33,12,20,33_20,panelist,med,1,0,0,0,4.1239236974883156
33,12,21,33_21,panelist,high,1,1,0,0,4.016547802601988
33,12,22,33_22,reviewer,med,0,0,0,0,4.029171171871411
33,12,23,33_23,panelist,med,1,0,0,0,4.001265390101753
33,12,24,33_24,panelist,low,1,0,1,0,4.216454597421203
33,13,01,33_01,reviewer,none,0,0,0,1,4.76825970121848
33,13,02,33_02,panelist,med,1,0,0,0,4.882435510135861
33,13,03,33_03,panelist,med,1,0,0,0,3.731126773502753
33,13,04,33_04,reviewer,med,0,0,0,0,4.429400904721489
33,13,05,33_05,reviewer,low,0,0,1,0,4.243068338813686
33,13,06,33_06,panelist,med,1,0,0,0,4.404866226118505
33,13,07,33_07,panelist,none,1,0,0,1,4.626639011364663
33,13,08,33_08,panelist,med,1,0,0,0,4.44441449044664
33,13,09,33_09,panelist,high,1,1,0,0,4.741620908715436
33,13,10,33_10,panelist,high,1,1,0,0,4.248504126256418
33,13,11,33_11,panelist,med,1,0,0,0,4.023570775299471
33,13,12,33_12,panelist,high,1,1,0,0,4.169504370929575
33,13,13,33_13,panelist,med,1,0,0,0,4.753519996387767
33,13,14,33_14,panelist,none,1,0,0,1,4.544620547245126
33,13,15,33_15,panelist,med,1,0,0,0,4.3938818696548125
33,13,16,33_16,panelist,med,1,0,0,0,4.585362766312303
33,13,17,33_17,panelist,high,1,1,0,0,4.5024418039622
33,13,18,33_18,panelist,high,1,1,0,0,4.181700545410451
33,13,19,33_19,panelist,high,1,1,0,0,3.7183298663475903
33,13,20,33_20,panelist,low,1,0,1,0,4.440179072739198
33,13,21,33_21,panelist,med,1,0,0,0,4.533290097312694
33,13,22,33_22,panelist,none,1,0,0,1,4.406520680652014
33,13,23,33_23,panelist,low,1,0,1,0,4.650771496272027
33,13,24,33_24,panelist,low,1,0,1,0,3.9937746805904526
33,14,01,33_01,panelist,high,1,1,0,0,4.120228370451508
33,14,02,33_02,panelist,med,1,0,0,0,4.426501599320832
33,14,03,33_03,panelist,med,1,0,0,0,3.559108406392344
33,14,04,33_04,panelist,low,1,0,1,0,3.915603870758397
33,14,05,33_05,panelist,none,1,0,0,1,3.9931037139349654
33,14,06,33_06,panelist,med,1,0,0,0,4.27140171660518
33,14,07,33_07,reviewer,none,0,0,0,1,3.997786876824213
33,14,08,33_08,panelist,high,1,1,0,0,3.602366380088736
33,14,09,33_09,panelist,med,1,0,0,0,4.4737789398192644
33,14,10,33_10,panelist,med,1,0,0,0,3.981778983190651
33,14,11,33_11,panelist,low,1,0,1,0,3.7897046734343878
33,14,12,33_12,panelist,low,1,0,1,0,4.366062431886327
33,14,13,33_13,panelist,high,1,1,0,0,4.4025928338270734
33,14,14,33_14,panelist,high,1,1,0,0,3.6712245460927346
33,14,15,33_15,panelist,low,1,0,1,0,3.899306332808387
33,14,16,33_16,panelist,med,1,0,0,0,4.087292103054364
33,14,17,33_17,panelist,high,1,1,0,0,3.781665593235901
33,14,18,33_18,panelist,med,1,0,0,0,4.248699163941361
33,14,19,33_19,reviewer,none,0,0,0,1,3.7588833121896332
33,14,20,33_20,panelist,high,1,1,0,0,3.9983703873784004
33,14,21,33_21,panelist,med,1,0,0,0,4.2794729152748054
33,14,22,33_22,panelist,med,1,0,0,0,4.191406818137763
33,14,23,33_23,panelist,med,1,0,0,0,3.9456866831241113
33,14,24,33_24,reviewer,none,0,0,0,1,3.6170171960038475
33,15,01,33_01,panelist,high,1,1,0,0,3.804915757560948
33,15,02,33_02,panelist,med,1,0,0,0,4.3448669935828494
33,15,03,33_03,panelist,med,1,0,0,0,3.523324304437117
33,15,04,33_04,panelist,low,1,0,1,0,3.6158486064338287
33,15,05,33_05,panelist,med,1,0,0,0,3.573252641185747
33,15,06,33_06,panelist,low,1,0,1,0,4.090821297024689
33,15,07,33_07,reviewer,high,0,1,0,0,3.6694432421475285
33,15,08,33_08,panelist,med,1,0,0,0,3.7510735162739866
33,15,09,33_09,panelist,med,1,0,0,0,4.389175105396112
33,15,10,33_10,panelist,low,1,0,1,0,3.887552249464497
33,15,11,33_11,panelist,med,1,0,0,0,3.5805919935888744
33,15,12,33_12,panelist,none,1,0,0,1,3.6307276037872467
33,15,13,33_13,reviewer,med,0,0,0,0,3.8074142540478184
33,15,14,33_14,panelist,low,1,0,1,0,4.029834833259808
33,15,15,33_15,panelist,none,1,0,0,1,3.6552371420291947
33,15,16,33_16,panelist,high,1,1,0,0,3.7373512038904835
33,15,17,33_17,panelist,med,1,0,0,0,3.696687044872978
33,15,18,33_18,panelist,med,1,0,0,0,4.379338450899212
33,15,19,33_19,panelist,high,1,1,0,0,3.6882068077327888
33,15,20,33_20,panelist,med,1,0,0,0,3.666752386026517
33,15,21,33_21,reviewer,none,0,0,0,1,3.6486055424115102
33,15,22,33_22,panelist,high,1,1,0,0,3.8770132454042323
33,15,23,33_23,panelist,high,1,1,0,0,3.7073188237301093
33,15,24,33_24,panelist,none,1,0,0,1,3.6911825103560125
34,1,01,34_01,panelist,high,1,1,0,0,4.03979760524465
34,1,02,34_02,panelist,low,1,0,1,0,4.787092844720189
34,1,03,34_03,panelist,high,1,1,0,0,4.190507185431397
34,1,04,34_04,panelist,med,1,0,0,0,3.88935057876751
34,1,05,34_05,panelist,high,1,1,0,0,3.993109730992555
34,1,06,34_06,panelist,none,1,0,0,1,4.287476942943631
34,1,07,34_07,panelist,med,1,0,0,0,3.9692305870820648
34,1,08,34_08,reviewer,none,0,0,0,1,4.65131417049784
34,1,09,34_09,panelist,med,1,0,0,0,4.736830722162608
34,1,10,34_10,reviewer,high,0,1,0,0,4.039715193263095
34,1,11,34_11,panelist,high,1,1,0,0,3.9553990074465077
34,1,12,34_12,panelist,med,1,0,0,0,4.132964208882345
34,1,13,34_13,panelist,med,1,0,0,0,4.60992180727737
34,1,14,34_14,panelist,low,1,0,1,0,4.469631619488882
34,1,15,34_15,panelist,none,1,0,0,1,4.265068976365559
34,1,16,34_16,panelist,low,1,0,1,0,4.704718866183252
34,1,17,34_17,panelist,med,1,0,0,0,4.221454890348163
34,1,18,34_18,panelist,none,1,0,0,1,4.563151390111688
34,1,19,34_19,reviewer,med,0,0,0,0,4.108041033592616
34,1,20,34_20,panelist,med,1,0,0,0,4.491210230811842
34,1,21,34_21,panelist,med,1,0,0,0,4.056216162779075
34,1,22,34_22,panelist,low,1,0,1,0,4.106635161695265
34,1,23,34_23,panelist,med,1,0,0,0,4.633104027929005
34,1,24,34_24,panelist,high,1,1,0,0,3.6202950552356596
34,2,01,34_01,panelist,high,1,1,0,0,4.0897935043889975
34,2,02,34_02,panelist,med,1,0,0,0,4.880019635714638
34,2,03,34_03,panelist,high,1,1,0,0,3.713844827478238
34,2,04,34_04,panelist,low,1,0,1,0,4.2788103957599235
34,2,05,34_05,panelist,med,1,0,0,0,4.269893335662568
34,2,06,34_06,panelist,med,1,0,0,0,4.271338575786825
34,2,07,34_07,panelist,high,1,1,0,0,4.195848273738763
34,2,08,34_08,panelist,med,1,0,0,0,4.875446159736802
34,2,09,34_09,panelist,med,1,0,0,0,4.608578400826932
34,2,10,34_10,reviewer,high,0,1,0,0,4.172593742865273
34,2,11,34_11,panelist,none,1,0,0,1,4.513570367639813
34,2,12,34_12,panelist,high,1,1,0,0,4.15906757469858
34,2,13,34_13,panelist,high,1,1,0,0,4.35756214601392
34,2,14,34_14,panelist,none,1,0,0,1,4.13265751877247
34,2,15,34_15,panelist,none,1,0,0,1,4.586810155819032
34,2,16,34_16,panelist,med,1,0,0,0,4.867397993070696
34,2,17,34_17,reviewer,low,0,0,1,0,4.2476313311428235
34,2,18,34_18,reviewer,low,0,0,1,0,4.294514621106427
34,2,19,34_19,panelist,none,1,0,0,1,4.215103707546845
34,2,20,34_20,panelist,med,1,0,0,0,4.034636080840434
34,2,21,34_21,panelist,med,1,0,0,0,4.514102750907277
34,2,22,34_22,panelist,low,1,0,1,0,4.038756942711848
34,2,23,34_23,panelist,med,1,0,0,0,4.344458085953147
34,2,24,34_24,panelist,med,1,0,0,0,3.7682394407319366
34,3,01,34_01,panelist,low,1,0,1,0,4.284556961059944
34,3,02,34_02,panelist,low,1,0,1,0,4.757577839181209
34,3,03,34_03,panelist,none,1,0,0,1,4.000035826396709
34,3,04,34_04,panelist,med,1,0,0,0,3.9007747168738502
34,3,05,34_05,panelist,med,1,0,0,0,4.192852128384164
34,3,06,34_06,reviewer,low,0,0,1,0,4.326331159538848
34,3,07,34_07,panelist,med,1,0,0,0,4.147889587784002
34,3,08,34_08,panelist,high,1,1,0,0,4.215973840391164
34,3,09,34_09,panelist,low,1,0,1,0,4.851859951028331
34,3,10,34_10,panelist,high,1,1,0,0,4.145194086404894
34,3,11,34_11,panelist,high,1,1,0,0,3.7768875972718794
34,3,12,34_12,panelist,none,1,0,0,1,3.9890872957203647
34,3,13,34_13,panelist,med,1,0,0,0,4.812046985101678
34,3,14,34_14,panelist,high,1,1,0,0,3.9651647347924013
34,3,15,34_15,panelist,med,1,0,0,0,3.82142631561903
34,3,16,34_16,reviewer,high,0,1,0,0,4.213339818262281
34,3,17,34_17,panelist,med,1,0,0,0,4.001028811173647
34,3,18,34_18,panelist,med,1,0,0,0,4.1633476782277485
34,3,19,34_19,panelist,med,1,0,0,0,4.025974516075084
34,3,20,34_20,panelist,med,1,0,0,0,4.246486274224651
34,3,21,34_21,panelist,med,1,0,0,0,4.362306341655435
34,3,22,34_22,panelist,none,1,0,0,1,4.644292903223319
34,3,23,34_23,panelist,none,1,0,0,1,4.551007497060309
34,3,24,34_24,reviewer,high,0,1,0,0,3.893645092768903
34,4,01,34_01,panelist,med,1,0,0,0,4.498754562831773
34,4,02,34_02,panelist,high,1,1,0,0,4.805036907903042
34,4,03,34_03,panelist,med,1,0,0,0,4.177493230349926
34,4,04,34_04,reviewer,high,0,1,0,0,4.040709861314998
34,4,05,34_05,panelist,high,1,1,0,0,3.7063290508782103
34,4,06,34_06,panelist,low,1,0,1,0,4.44627360451387
34,4,07,34_07,panelist,med,1,0,0,0,4.584710990378782
34,4,08,34_08,panelist,none,1,0,0,1,4.7950488197892716
34,4,09,34_09,panelist,low,1,0,1,0,4.885495833890564
34,4,10,34_10,panelist,med,1,0,0,0,4.341739444828593
34,4,11,34_11,panelist,med,1,0,0,0,3.967125881643186
34,4,12,34_12,panelist,med,1,0,0,0,4.60091438243472
34,4,13,34_13,panelist,med,1,0,0,0,4.895668109784109
34,4,14,34_14,panelist,high,1,1,0,0,4.353539647580252
34,4,15,34_15,panelist,low,1,0,1,0,4.616549361047857
34,4,16,34_16,panelist,low,1,0,1,0,4.699346732026707
34,4,17,34_17,panelist,med,1,0,0,0,4.293050303888244
34,4,18,34_18,reviewer,none,0,0,0,1,4.499399891806611
34,4,19,34_19,panelist,med,1,0,0,0,4.131668085258825
34,4,20,34_20,panelist,none,1,0,0,1,4.858998729385403
34,4,21,34_21,panelist,high,1,1,0,0,4.39862509876461
34,4,22,34_22,panelist,high,1,1,0,0,4.671169017831947
34,4,23,34_23,panelist,med,1,0,0,0,4.298340046417742
34,4,24,34_24,reviewer,none,0,0,0,1,4.404393907121603
34,5,01,34_01,panelist,med,1,0,0,0,4.154479766345816
34,5,02,34_02,panelist,med,1,0,0,0,4.550319367442882
34,5,03,34_03,reviewer,none,0,0,0,1,3.7650130165172175
34,5,04,34_04,reviewer,med,0,0,0,0,3.740542377579121
34,5,05,34_05,panelist,high,1,1,0,0,3.886889433064248
34,5,06,34_06,panelist,none,1,0,0,1,4.75858250555621
34,5,07,34_07,panelist,med,1,0,0,0,3.799497360157471
34,5,08,34_08,panelist,none,1,0,0,1,4.394582696232057
34,5,09,34_09,panelist,med,1,0,0,0,4.550127079661133
34,5,10,34_10,panelist,med,1,0,0,0,3.7834268472713077
34,5,11,34_11,panelist,med,1,0,0,0,3.5889990056071714
34,5,12,34_12,panelist,med,1,0,0,0,4.299903571512975
34,5,13,34_13,panelist,low,1,0,1,0,4.633347742606075
34,5,14,34_14,panelist,med,1,0,0,0,4.171669016667728
34,5,15,34_15,panelist,high,1,1,0,0,4.209426088548493
34,5,16,34_16,panelist,none,1,0,0,1,4.346006346834269
34,5,17,34_17,panelist,low,1,0,1,0,4.6121810015542986
34,5,18,34_18,reviewer,high,0,1,0,0,3.8907935705813976
34,5,19,34_19,panelist,low,1,0,1,0,3.988635424729648
34,5,20,34_20,panelist,high,1,1,0,0,4.347158638984895
34,5,21,34_21,panelist,high,1,1,0,0,4.263311918125691
34,5,22,34_22,panelist,low,1,0,1,0,4.431144363635019
34,5,23,34_23,panelist,med,1,0,0,0,4.101554929518122
34,5,24,34_24,panelist,high,1,1,0,0,4.288937766222562
34,6,01,34_01,panelist,med,1,0,0,0,4.234720521996974
34,6,02,34_02,reviewer,med,0,0,0,0,4.637434510581192
34,6,03,34_03,panelist,med,1,0,0,0,4.31558952486764
34,6,04,34_04,panelist,low,1,0,1,0,4.272056119312945
34,6,05,34_05,panelist,none,1,0,0,1,4.221761856621506
34,6,06,34_06,panelist,med,1,0,0,0,4.563215920631926
34,6,07,34_07,panelist,low,1,0,1,0,4.410395157234016
34,6,08,34_08,panelist,med,1,0,0,0,4.565287733460253
34,6,09,34_09,reviewer,med,0,0,0,0,4.855917254587643
34,6,10,34_10,reviewer,high,0,1,0,0,4.438370810509005
34,6,11,34_11,panelist,high,1,1,0,0,3.881408344127436
34,6,12,34_12,panelist,high,1,1,0,0,4.0544811861491405
34,6,13,34_13,panelist,low,1,0,1,0,4.700308269287834
34,6,14,34_14,panelist,med,1,0,0,0,4.635779409014029
34,6,15,34_15,panelist,low,1,0,1,0,4.672857452728379
34,6,16,34_16,panelist,med,1,0,0,0,4.248353037235912
34,6,17,34_17,panelist,high,1,1,0,0,4.414474458229924
34,6,18,34_18,panelist,high,1,1,0,0,4.691510196818845
34,6,19,34_19,panelist,none,1,0,0,1,4.431253649920802
34,6,20,34_20,panelist,med,1,0,0,0,4.4351411424161835
34,6,21,34_21,panelist,none,1,0,0,1,4.852136021268801
34,6,22,34_22,panelist,none,1,0,0,1,4.642916677670148
34,6,23,34_23,panelist,med,1,0,0,0,4.342856868793613
34,6,24,34_24,panelist,high,1,1,0,0,4.420462418097182
34,7,01,34_01,panelist,low,1,0,1,0,4.499896246298481
34,7,02,34_02,panelist,none,1,0,0,1,4.871303111759705
34,7,03,34_03,panelist,med,1,0,0,0,4.370878046544241
34,7,04,34_04,panelist,none,1,0,0,1,4.801500993680037
34,7,05,34_05,panelist,med,1,0,0,0,4.477098469648393
34,7,06,34_06,panelist,low,1,0,1,0,4.77197384721608
34,7,07,34_07,panelist,high,1,1,0,0,4.468361682252857
34,7,08,34_08,panelist,low,1,0,1,0,4.751759538125478
34,7,09,34_09,reviewer,med,0,0,0,0,4.6720751428029335
34,7,10,34_10,panelist,none,1,0,0,1,4.796736882720454
34,7,11,34_11,panelist,low,1,0,1,0,4.6845298334425856
34,7,12,34_12,panelist,high,1,1,0,0,4.209080065910677
34,7,13,34_13,panelist,high,1,1,0,0,4.757200934177623
34,7,14,34_14,panelist,high,1,1,0,0,4.831581441402379
34,7,15,34_15,panelist,med,1,0,0,0,4.270170725702657
34,7,16,34_16,panelist,high,1,1,0,0,4.7660884024642884
34,7,17,34_17,panelist,med,1,0,0,0,4.648872581943127
34,7,18,34_18,panelist,med,1,0,0,0,4.580261791305239
34,7,19,34_19,panelist,high,1,1,0,0,4.078721683098725
34,7,20,34_20,panelist,med,1,0,0,0,4.755841350482433
34,7,21,34_21,reviewer,med,0,0,0,0,4.40391174305861
34,7,22,34_22,panelist,med,1,0,0,0,4.861170667081046
34,7,23,34_23,panelist,none,1,0,0,1,4.714228027936527
34,7,24,34_24,reviewer,med,0,0,0,0,4.592008547812987
34,8,01,34_01,panelist,low,1,0,1,0,3.9819173321902896
34,8,02,34_02,reviewer,none,0,0,0,1,4.250997851088517
34,8,03,34_03,panelist,med,1,0,0,0,3.8677870944403123
34,8,04,34_04,panelist,med,1,0,0,0,4.267777638844608
34,8,05,34_05,panelist,med,1,0,0,0,3.8788709096609257
34,8,06,34_06,panelist,med,1,0,0,0,4.228918024897305
34,8,07,34_07,panelist,med,1,0,0,0,3.5600264691847885
34,8,08,34_08,reviewer,high,0,1,0,0,3.709105327995686
34,8,09,34_09,panelist,high,1,1,0,0,4.13048346406789
34,8,10,34_10,panelist,none,1,0,0,1,3.8838216961429315
34,8,11,34_11,panelist,med,1,0,0,0,3.5940196870516874
34,8,12,34_12,panelist,none,1,0,0,1,4.008389528093043
34,8,13,34_13,panelist,high,1,1,0,0,4.224314462435184
34,8,14,34_14,panelist,high,1,1,0,0,3.9018753346468484
34,8,15,34_15,panelist,med,1,0,0,0,3.758187230956302
34,8,16,34_16,panelist,med,1,0,0,0,3.834900588095973
34,8,17,34_17,panelist,high,1,1,0,0,4.0388865401992575
34,8,18,34_18,reviewer,med,0,0,0,0,4.069713422500389
34,8,19,34_19,panelist,high,1,1,0,0,3.8284377649391486
34,8,20,34_20,panelist,none,1,0,0,1,4.689435362639767
34,8,21,34_21,panelist,low,1,0,1,0,4.54688031050078
34,8,22,34_22,panelist,low,1,0,1,0,3.811603284197066
34,8,23,34_23,panelist,low,1,0,1,0,4.231498158032575
34,8,24,34_24,panelist,med,1,0,0,0,3.891041668030293
34,9,01,34_01,panelist,low,1,0,1,0,4.447030380535326
34,9,02,34_02,panelist,med,1,0,0,0,4.887265600224917
34,9,03,34_03,reviewer,high,0,1,0,0,3.9854118530245306
34,9,04,34_04,panelist,med,1,0,0,0,4.369987927477567
34,9,05,34_05,panelist,med,1,0,0,0,4.7311347532199175
34,9,06,34_06,panelist,none,1,0,0,1,4.842225362458373
34,9,07,34_07,reviewer,med,0,0,0,0,4.38028300084197
34,9,08,34_08,panelist,none,1,0,0,1,4.7280663011268
34,9,09,34_09,panelist,high,1,1,0,0,4.760358284256379
34,9,10,34_10,panelist,low,1,0,1,0,4.870172957068343
34,9,11,34_11,panelist,low,1,0,1,0,3.9871510761842197
34,9,12,34_12,panelist,high,1,1,0,0,4.635084689823402
34,9,13,34_13,panelist,high,1,1,0,0,4.828559501466797
34,9,14,34_14,panelist,med,1,0,0,0,4.555336692008486
34,9,15,34_15,panelist,none,1,0,0,1,4.732425045551376
34,9,16,34_16,panelist,none,1,0,0,1,4.846105002725036
34,9,17,34_17,panelist,med,1,0,0,0,4.25988789772421
34,9,18,34_18,panelist,high,1,1,0,0,4.544498441165869
34,9,19,34_19,panelist,med,1,0,0,0,4.096233475215069
34,9,20,34_20,panelist,low,1,0,1,0,4.700954776848592
34,9,21,34_21,reviewer,med,0,0,0,0,4.682721826316345
34,9,22,34_22,panelist,med,1,0,0,0,4.551811020974949
34,9,23,34_23,panelist,high,1,1,0,0,4.703595162056534
34,9,24,34_24,panelist,med,1,0,0,0,4.45787337546851
34,10,01,34_01,panelist,med,1,0,0,0,3.8811752360011877
34,10,02,34_02,reviewer,none,0,0,0,1,4.652977617519137
34,10,03,34_03,panelist,none,1,0,0,1,3.7507884048223885
34,10,04,34_04,reviewer,high,0,1,0,0,3.9857058281659556
34,10,05,34_05,panelist,low,1,0,1,0,4.143352745592778
34,10,06,34_06,panelist,med,1,0,0,0,4.179798473862643
34,10,07,34_07,panelist,med,1,0,0,0,4.203745981776572
34,10,08,34_08,panelist,low,1,0,1,0,4.330335457800353
34,10,09,34_09,panelist,med,1,0,0,0,4.819066463874698
34,10,10,34_10,panelist,none,1,0,0,1,4.8793106731423865
34,10,11,34_11,panelist,med,1,0,0,0,3.907290355148339
34,10,12,34_12,panelist,high,1,1,0,0,4.237179007840781
34,10,13,34_13,panelist,low,1,0,1,0,4.650890667718048
34,10,14,34_14,panelist,high,1,1,0,0,4.14726228062393
34,10,15,34_15,panelist,high,1,1,0,0,4.251266472739517
34,10,16,34_16,reviewer,low,0,0,1,0,4.528400489458255
34,10,17,34_17,panelist,high,1,1,0,0,3.993605610407568
34,10,18,34_18,panelist,med,1,0,0,0,4.382163735487983
34,10,19,34_19,panelist,med,1,0,0,0,4.136454730649688
34,10,20,34_20,panelist,none,1,0,0,1,4.511203398206465
34,10,21,34_21,panelist,med,1,0,0,0,4.252441482877747
34,10,22,34_22,panelist,high,1,1,0,0,4.177969766716892
34,10,23,34_23,panelist,med,1,0,0,0,4.404623469789313
34,10,24,34_24,panelist,med,1,0,0,0,4.091923481477367
34,11,01,34_01,panelist,med,1,0,0,0,4.2607071529616745
34,11,02,34_02,reviewer,med,0,0,0,0,4.435466807335515
34,11,03,34_03,reviewer,high,0,1,0,0,3.668136029910308
34,11,04,34_04,panelist,low,1,0,1,0,4.325476585475633
34,11,05,34_05,panelist,high,1,1,0,0,3.633851647121156
34,11,06,34_06,panelist,none,1,0,0,1,4.424389984010622
34,11,07,34_07,reviewer,none,0,0,0,1,3.8508560854961718
34,11,08,34_08,panelist,med,1,0,0,0,3.9835836210950735
34,11,09,34_09,panelist,med,1,0,0,0,4.69624513125511
34,11,10,34_10,panelist,med,1,0,0,0,4.06620073474931
34,11,11,34_11,panelist,none,1,0,0,1,3.8639954589650305
34,11,12,34_12,panelist,low,1,0,1,0,4.160403034431659
34,11,13,34_13,panelist,med,1,0,0,0,4.896646673280417
34,11,14,34_14,panelist,med,1,0,0,0,4.517747597107651
34,11,15,34_15,panelist,high,1,1,0,0,4.113011005393059
34,11,16,34_16,panelist,med,1,0,0,0,4.245934936058754
34,11,17,34_17,panelist,none,1,0,0,1,4.449017258562953
34,11,18,34_18,panelist,med,1,0,0,0,4.069537377577221
34,11,19,34_19,panelist,med,1,0,0,0,3.9297618544048087
34,11,20,34_20,panelist,high,1,1,0,0,4.433769611683206
34,11,21,34_21,panelist,low,1,0,1,0,4.517670347285013
34,11,22,34_22,panelist,high,1,1,0,0,4.090620193703074
34,11,23,34_23,panelist,low,1,0,1,0,4.363267924626118
34,11,24,34_24,panelist,high,1,1,0,0,3.590830291463677
34,12,01,34_01,panelist,med,1,0,0,0,4.112974181188711
34,12,02,34_02,panelist,med,1,0,0,0,4.870503201935778
34,12,03,34_03,panelist,med,1,0,0,0,4.118069208283529
34,12,04,34_04,reviewer,med,0,0,0,0,3.7530682675761993
34,12,05,34_05,panelist,high,1,1,0,0,4.2602686385044946
34,12,06,34_06,panelist,high,1,1,0,0,4.457526387621927
34,12,07,34_07,panelist,low,1,0,1,0,4.1799749485991695
34,12,08,34_08,panelist,none,1,0,0,1,4.66041564441344
34,12,09,34_09,panelist,med,1,0,0,0,4.750328470655545
34,12,10,34_10,panelist,none,1,0,0,1,4.381967792098987
34,12,11,34_11,panelist,low,1,0,1,0,4.240705449036058
34,12,12,34_12,panelist,low,1,0,1,0,4.443778044542707
34,12,13,34_13,panelist,med,1,0,0,0,4.358007800048926
34,12,14,34_14,reviewer,med,0,0,0,0,4.427007652547909
34,12,15,34_15,reviewer,high,0,1,0,0,4.216486673413812
34,12,16,34_16,panelist,high,1,1,0,0,4.2016580609697876
34,12,17,34_17,panelist,med,1,0,0,0,4.552725087379729
34,12,18,34_18,panelist,med,1,0,0,0,4.1200837699193
34,12,19,34_19,panelist,high,1,1,0,0,3.9181539782607424
34,12,20,34_20,panelist,low,1,0,1,0,4.493057718807344
34,12,21,34_21,panelist,none,1,0,0,1,4.756927391374162
34,12,22,34_22,panelist,none,1,0,0,1,4.54185248066215
34,12,23,34_23,panelist,high,1,1,0,0,4.460151387488727
34,12,24,34_24,panelist,med,1,0,0,0,4.108638196531289
34,13,01,34_01,panelist,low,1,0,1,0,4.267918882851973
34,13,02,34_02,panelist,med,1,0,0,0,4.773653881231632
34,13,03,34_03,reviewer,med,0,0,0,0,3.622957518949166
34,13,04,34_04,panelist,med,1,0,0,0,4.2691903019186395
34,13,05,34_05,panelist,low,1,0,1,0,4.099403126606811
34,13,06,34_06,panelist,high,1,1,0,0,4.7948827061223
34,13,07,34_07,panelist,none,1,0,0,1,4.545520781602287
34,13,08,34_08,panelist,med,1,0,0,0,4.833794754847041
34,13,09,34_09,panelist,high,1,1,0,0,4.896561699997433
34,13,10,34_10,panelist,high,1,1,0,0,4.157926882492379
34,13,11,34_11,panelist,high,1,1,0,0,4.479012997828494
34,13,12,34_12,panelist,med,1,0,0,0,4.271791367738483
34,13,13,34_13,panelist,med,1,0,0,0,4.816997165973736
34,13,14,34_14,panelist,none,1,0,0,1,4.711075497941725
34,13,15,34_15,panelist,low,1,0,1,0,4.784979050466356
34,13,16,34_16,panelist,high,1,1,0,0,4.374292954866304
34,13,17,34_17,panelist,high,1,1,0,0,4.729148261356503
34,13,18,34_18,panelist,none,1,0,0,1,4.598685160798638
34,13,19,34_19,panelist,med,1,0,0,0,4.251810511894952
34,13,20,34_20,reviewer,med,0,0,0,0,4.389433270327903
34,13,21,34_21,panelist,med,1,0,0,0,4.465197954386118
34,13,22,34_22,panelist,low,1,0,1,0,4.61114909599364
34,13,23,34_23,panelist,none,1,0,0,1,4.715898449559399
34,13,24,34_24,reviewer,med,0,0,0,0,3.8789465313212346
34,14,01,34_01,panelist,high,1,1,0,0,3.8044181942590676
34,14,02,34_02,panelist,med,1,0,0,0,4.79627039415487
34,14,03,34_03,panelist,high,1,1,0,0,3.8907159295742195
34,14,04,34_04,panelist,none,1,0,0,1,4.438069595970052
34,14,05,34_05,panelist,med,1,0,0,0,3.6902692150149137
34,14,06,34_06,panelist,med,1,0,0,0,4.50878667762811
34,14,07,34_07,panelist,low,1,0,1,0,4.4144663582784
34,14,08,34_08,panelist,med,1,0,0,0,4.439566028867806
34,14,09,34_09,reviewer,med,0,0,0,0,4.410333011508583
34,14,10,34_10,panelist,med,1,0,0,0,4.279770091107941
34,14,11,34_11,panelist,high,1,1,0,0,4.0038534786684465
34,14,12,34_12,panelist,high,1,1,0,0,4.31836493124942
34,14,13,34_13,reviewer,med,0,0,0,0,4.3153544240940915
34,14,14,34_14,panelist,high,1,1,0,0,4.222659437066871
34,14,15,34_15,panelist,low,1,0,1,0,4.217811612707764
34,14,16,34_16,reviewer,none,0,0,0,1,4.235996313977846
34,14,17,34_17,panelist,med,1,0,0,0,3.9515716671439343
34,14,18,34_18,panelist,none,1,0,0,1,4.483525513523465
34,14,19,34_19,panelist,med,1,0,0,0,3.9650901031432375
34,14,20,34_20,panelist,none,1,0,0,1,4.547900589559389
34,14,21,34_21,panelist,low,1,0,1,0,4.699764187082901
34,14,22,34_22,panelist,low,1,0,1,0,4.280848638259047
34,14,23,34_23,panelist,med,1,0,0,0,4.407085861965398
34,14,24,34_24,panelist,high,1,1,0,0,3.741037451187606
34,15,01,34_01,panelist,low,1,0,1,0,3.5893878289250987
34,15,02,34_02,panelist,med,1,0,0,0,4.253959404021912
34,15,03,34_03,panelist,high,1,1,0,0,3.6636058084309298
34,15,04,34_04,panelist,none,1,0,0,1,3.965139615153156
34,15,05,34_05,reviewer,none,0,0,0,1,3.7659283174617273
34,15,06,34_06,panelist,none,1,0,0,1,4.262114821764416
34,15,07,34_07,panelist,high,1,1,0,0,3.646348414965854
34,15,08,34_08,panelist,med,1,0,0,0,3.9883903178261173
34,15,09,34_09,panelist,low,1,0,1,0,4.404596747666531
34,15,10,34_10,panelist,med,1,0,0,0,4.048283281270546
34,15,11,34_11,reviewer,high,0,1,0,0,3.5656676117828
34,15,12,34_12,panelist,med,1,0,0,0,3.8255563247040216
34,15,13,34_13,panelist,med,1,0,0,0,4.336374251447345
34,15,14,34_14,panelist,med,1,0,0,0,4.29652578173943
34,15,15,34_15,panelist,none,1,0,0,1,4.216056592882515
34,15,16,34_16,panelist,high,1,1,0,0,3.769902192828074
34,15,17,34_17,panelist,low,1,0,1,0,3.630819897222037
34,15,18,34_18,panelist,low,1,0,1,0,4.1780129140895355
34,15,19,34_19,panelist,med,1,0,0,0,3.7198619448640917
34,15,20,34_20,panelist,high,1,1,0,0,3.9300797827706813
34,15,21,34_21,panelist,med,1,0,0,0,4.05541123616363
34,15,22,34_22,reviewer,med,0,0,0,0,3.7525212892821904
34,15,23,34_23,panelist,med,1,0,0,0,4.047537377257943
34,15,24,34_24,panelist,high,1,1,0,0,3.529703571267413
35,1,01,35_01,panelist,med,1,0,0,0,3.7819320093258124
35,1,02,35_02,panelist,low,1,0,1,0,4.605951537603335
35,1,03,35_03,panelist,low,1,0,1,0,3.7777512579693404
35,1,04,35_04,panelist,none,1,0,0,1,3.748051892557354
35,1,05,35_05,reviewer,none,0,0,0,1,3.6081151561797786
35,1,06,35_06,panelist,med,1,0,0,0,4.023663760033654
35,1,07,35_07,panelist,high,1,1,0,0,4.012962798687418
35,1,08,35_08,panelist,med,1,0,0,0,4.278212647649433
35,1,09,35_09,panelist,med,1,0,0,0,4.613475653444208
35,1,10,35_10,panelist,high,1,1,0,0,3.8872954214178863
35,1,11,35_11,panelist,high,1,1,0,0,3.600230965015679
35,1,12,35_12,panelist,med,1,0,0,0,3.8847914655565106
35,1,13,35_13,reviewer,med,0,0,0,0,4.167166642585264
35,1,14,35_14,panelist,high,1,1,0,0,4.081510464140624
35,1,15,35_15,panelist,none,1,0,0,1,4.108426988514306
35,1,16,35_16,panelist,none,1,0,0,1,4.180068220243016
35,1,17,35_17,panelist,high,1,1,0,0,3.7711098908146443
35,1,18,35_18,panelist,med,1,0,0,0,3.8732830047849522
35,1,19,35_19,panelist,med,1,0,0,0,3.79887938595735
35,1,20,35_20,panelist,high,1,1,0,0,3.9812905156523444
35,1,21,35_21,reviewer,med,0,0,0,0,3.899601813497602
35,1,22,35_22,panelist,med,1,0,0,0,3.9482621301801237
35,1,23,35_23,panelist,low,1,0,1,0,4.323077724373332
35,1,24,35_24,panelist,low,1,0,1,0,3.6454754992392178
35,2,01,35_01,panelist,low,1,0,1,0,4.267745249977306
35,2,02,35_02,panelist,low,1,0,1,0,4.610173285982552
35,2,03,35_03,panelist,med,1,0,0,0,3.6316965514399597
35,2,04,35_04,panelist,low,1,0,1,0,3.9163074570988687
35,2,05,35_05,panelist,med,1,0,0,0,4.03561543817899
35,2,06,35_06,panelist,med,1,0,0,0,4.229917769425519
35,2,07,35_07,panelist,med,1,0,0,0,4.032074813500223
35,2,08,35_08,panelist,high,1,1,0,0,4.1856747397919705
35,2,09,35_09,panelist,med,1,0,0,0,4.128805382095452
35,2,10,35_10,panelist,med,1,0,0,0,4.038863305478265
35,2,11,35_11,panelist,high,1,1,0,0,3.6184342681164723
35,2,12,35_12,panelist,none,1,0,0,1,4.30587353653151
35,2,13,35_13,panelist,low,1,0,1,0,4.451254025940378
35,2,14,35_14,panelist,med,1,0,0,0,4.007093495684213
35,2,15,35_15,reviewer,high,0,1,0,0,3.647725197893725
35,2,16,35_16,panelist,none,1,0,0,1,4.157413547899328
35,2,17,35_17,panelist,high,1,1,0,0,4.086890185516998
35,2,18,35_18,panelist,med,1,0,0,0,4.321127047658323
35,2,19,35_19,panelist,med,1,0,0,0,3.747220767105668
35,2,20,35_20,reviewer,high,0,1,0,0,3.9955187832914008
35,2,21,35_21,panelist,none,1,0,0,1,4.581792724330956
35,2,22,35_22,reviewer,med,0,0,0,0,3.7696033563670683
35,2,23,35_23,panelist,high,1,1,0,0,3.850330133379722
35,2,24,35_24,panelist,none,1,0,0,1,4.184322120056657
35,3,01,35_01,panelist,high,1,1,0,0,3.723179409836257
35,3,02,35_02,reviewer,low,0,0,1,0,4.631986194748843
35,3,03,35_03,panelist,low,1,0,1,0,4.00569539915257
35,3,04,35_04,panelist,med,1,0,0,0,3.913209671822908
35,3,05,35_05,panelist,high,1,1,0,0,3.5606744295742794
35,3,06,35_06,panelist,high,1,1,0,0,4.062982333229425
35,3,07,35_07,panelist,none,1,0,0,1,4.274398241102935
35,3,08,35_08,panelist,med,1,0,0,0,4.3439981613306875
35,3,09,35_09,reviewer,low,0,0,1,0,4.403218187985273
35,3,10,35_10,panelist,med,1,0,0,0,4.0318089171959715
35,3,11,35_11,panelist,med,1,0,0,0,3.877344589643394
35,3,12,35_12,reviewer,med,0,0,0,0,3.578324543766049
35,3,13,35_13,panelist,high,1,1,0,0,3.9548442519592255
35,3,14,35_14,panelist,med,1,0,0,0,3.74100451687169
35,3,15,35_15,panelist,high,1,1,0,0,4.143792167579282
35,3,16,35_16,panelist,none,1,0,0,1,3.6285505465111676
35,3,17,35_17,panelist,med,1,0,0,0,3.8587318540913618
35,3,18,35_18,panelist,high,1,1,0,0,3.9348709758608735
35,3,19,35_19,panelist,med,1,0,0,0,3.7118719743919577
35,3,20,35_20,panelist,med,1,0,0,0,4.080471073268783
35,3,21,35_21,panelist,low,1,0,1,0,4.356916419593487
35,3,22,35_22,panelist,none,1,0,0,1,4.218438558291947
35,3,23,35_23,panelist,none,1,0,0,1,4.237164133569348
35,3,24,35_24,panelist,med,1,0,0,0,3.850415751680557
35,4,01,35_01,reviewer,none,0,0,0,1,4.05867228112734
35,4,02,35_02,panelist,med,1,0,0,0,4.808958602392027
35,4,03,35_03,panelist,high,1,1,0,0,3.7813181908436464
35,4,04,35_04,panelist,med,1,0,0,0,4.174640742631602
35,4,05,35_05,panelist,med,1,0,0,0,3.906528791308582
35,4,06,35_06,panelist,med,1,0,0,0,4.184508662257832
35,4,07,35_07,panelist,high,1,1,0,0,3.7898188050737205
35,4,08,35_08,panelist,none,1,0,0,1,4.373147266811004
35,4,09,35_09,panelist,high,1,1,0,0,4.780512552568777
35,4,10,35_10,panelist,high,1,1,0,0,4.102454424329126
35,4,11,35_11,panelist,med,1,0,0,0,3.9001469754549754
35,4,12,35_12,panelist,med,1,0,0,0,3.7024696859262654
35,4,13,35_13,panelist,none,1,0,0,1,4.777105693512613
35,4,14,35_14,panelist,low,1,0,1,0,4.547537915222943
35,4,15,35_15,panelist,med,1,0,0,0,4.305716728890421
35,4,16,35_16,panelist,med,1,0,0,0,3.932295130852498
35,4,17,35_17,panelist,med,1,0,0,0,4.586272895602972
35,4,18,35_18,reviewer,low,0,0,1,0,3.696205219161062
35,4,19,35_19,panelist,low,1,0,1,0,3.8350803720462143
35,4,20,35_20,reviewer,high,0,1,0,0,4.067551830317455
35,4,21,35_21,panelist,none,1,0,0,1,4.59832563126313
35,4,22,35_22,panelist,high,1,1,0,0,4.331687511685894
35,4,23,35_23,panelist,low,1,0,1,0,4.342925236608782
35,4,24,35_24,panelist,med,1,0,0,0,3.762579566100989
35,5,01,35_01,panelist,med,1,0,0,0,3.9384385706302694
35,5,02,35_02,panelist,med,1,0,0,0,4.63480870195209
35,5,03,35_03,reviewer,high,0,1,0,0,3.6663149364115633
35,5,04,35_04,panelist,low,1,0,1,0,3.923417438035954
35,5,05,35_05,reviewer,high,0,1,0,0,3.7324522748107474
35,5,06,35_06,panelist,low,1,0,1,0,4.233455457076427
35,5,07,35_07,reviewer,low,0,0,1,0,3.7402537154795366
35,5,08,35_08,panelist,med,1,0,0,0,4.027238484403299
35,5,09,35_09,panelist,high,1,1,0,0,4.186976327577516
35,5,10,35_10,panelist,none,1,0,0,1,4.069346442733326
35,5,11,35_11,panelist,med,1,0,0,0,3.6828209212260896
35,5,12,35_12,panelist,med,1,0,0,0,3.796615911062572
35,5,13,35_13,panelist,med,1,0,0,0,3.9068557314744248
35,5,14,35_14,panelist,high,1,1,0,0,3.8759228731075885
35,5,15,35_15,panelist,low,1,0,1,0,3.7211226242874704
35,5,16,35_16,panelist,high,1,1,0,0,3.8470699743135683
35,5,17,35_17,panelist,med,1,0,0,0,4.200486351795837
35,5,18,35_18,panelist,med,1,0,0,0,3.934308910041611
35,5,19,35_19,panelist,high,1,1,0,0,3.5906331676536545
35,5,20,35_20,panelist,med,1,0,0,0,4.1734030258713455
35,5,21,35_21,panelist,none,1,0,0,1,3.8638380389110605
35,5,22,35_22,panelist,none,1,0,0,1,3.939615780326612
35,5,23,35_23,panelist,med,1,0,0,0,4.052060406500172
35,5,24,35_24,panelist,none,1,0,0,1,3.586838307852632
35,6,01,35_01,panelist,none,1,0,0,1,4.230011062047786
35,6,02,35_02,panelist,med,1,0,0,0,4.726806823950514
35,6,03,35_03,reviewer,med,0,0,0,0,3.8319869647204894
35,6,04,35_04,panelist,med,1,0,0,0,4.027050655705418
35,6,05,35_05,panelist,high,1,1,0,0,3.891450229849556
35,6,06,35_06,panelist,med,1,0,0,0,4.609811155143814
35,6,07,35_07,panelist,med,1,0,0,0,4.112045627354484
35,6,08,35_08,panelist,low,1,0,1,0,4.389111712588558
35,6,09,35_09,panelist,med,1,0,0,0,4.7402010289844885
35,6,10,35_10,panelist,high,1,1,0,0,4.2814039064986344
35,6,11,35_11,panelist,high,1,1,0,0,3.662830220716938
35,6,12,35_12,panelist,low,1,0,1,0,4.557426689998365
35,6,13,35_13,panelist,med,1,0,0,0,4.828182801849919
35,6,14,35_14,panelist,none,1,0,0,1,4.570865975865885
35,6,15,35_15,panelist,med,1,0,0,0,3.8687999808639426
35,6,16,35_16,panelist,med,1,0,0,0,3.839255774470426
35,6,17,35_17,panelist,low,1,0,1,0,4.272446737281376
35,6,18,35_18,panelist,low,1,0,1,0,4.183558689953751
35,6,19,35_19,panelist,none,1,0,0,1,4.315351954001528
35,6,20,35_20,reviewer,none,0,0,0,1,4.4654374551137765
35,6,21,35_21,panelist,high,1,1,0,0,4.363229901226688
35,6,22,35_22,panelist,high,1,1,0,0,4.283922372846922
35,6,23,35_23,panelist,high,1,1,0,0,4.263690006119828
35,6,24,35_24,reviewer,med,0,0,0,0,3.89757436486102
35,7,01,35_01,panelist,med,1,0,0,0,4.188981533017686
35,7,02,35_02,reviewer,med,0,0,0,0,4.424817195123977
35,7,03,35_03,panelist,med,1,0,0,0,4.38094037380706
35,7,04,35_04,panelist,low,1,0,1,0,4.4494433403116895
35,7,05,35_05,panelist,med,1,0,0,0,4.264459476257819
35,7,06,35_06,panelist,none,1,0,0,1,4.8095448096909
35,7,07,35_07,panelist,low,1,0,1,0,4.327878843868693
35,7,08,35_08,reviewer,med,0,0,0,0,4.203548814807609
35,7,09,35_09,reviewer,high,0,1,0,0,4.49293408594642
35,7,10,35_10,panelist,high,1,1,0,0,4.218221876239609
35,7,11,35_11,panelist,none,1,0,0,1,4.09952612722368
35,7,12,35_12,panelist,med,1,0,0,0,4.199157173373751
35,7,13,35_13,panelist,high,1,1,0,0,4.634193953503555
35,7,14,35_14,panelist,none,1,0,0,1,4.2438172312307865
35,7,15,35_15,panelist,low,1,0,1,0,4.146653406307314
35,7,16,35_16,panelist,med,1,0,0,0,4.360201907210337
35,7,17,35_17,panelist,high,1,1,0,0,4.155537675575433
35,7,18,35_18,panelist,med,1,0,0,0,4.865519019402969
35,7,19,35_19,panelist,med,1,0,0,0,4.154529999794096
35,7,20,35_20,panelist,none,1,0,0,1,4.830838865101148
35,7,21,35_21,panelist,high,1,1,0,0,4.603118582351666
35,7,22,35_22,panelist,low,1,0,1,0,4.540539378090045
35,7,23,35_23,panelist,med,1,0,0,0,4.265654953557622
35,7,24,35_24,panelist,high,1,1,0,0,4.1763567874242336
35,8,01,35_01,panelist,med,1,0,0,0,3.825316626002102
35,8,02,35_02,reviewer,med,0,0,0,0,4.2325784891091365
35,8,03,35_03,panelist,med,1,0,0,0,3.6401640111566613
35,8,04,35_04,panelist,high,1,1,0,0,3.599115649304722
35,8,05,35_05,panelist,med,1,0,0,0,4.007778652754059
35,8,06,35_06,panelist,none,1,0,0,1,4.057980592361792
35,8,07,35_07,panelist,high,1,1,0,0,3.5725785282910794
35,8,08,35_08,panelist,low,1,0,1,0,4.261225907426792
35,8,09,35_09,panelist,none,1,0,0,1,4.243980116757433
35,8,10,35_10,panelist,none,1,0,0,1,3.900127817055197
35,8,11,35_11,reviewer,med,0,0,0,0,3.7770914468123684
35,8,12,35_12,reviewer,med,0,0,0,0,3.5478187381570403
35,8,13,35_13,panelist,high,1,1,0,0,4.078683239080679
35,8,14,35_14,panelist,high,1,1,0,0,3.7224866208658853
35,8,15,35_15,panelist,med,1,0,0,0,3.714722230703432
35,8,16,35_16,panelist,none,1,0,0,1,3.8062236633859126
35,8,17,35_17,panelist,high,1,1,0,0,3.9417331069706605
35,8,18,35_18,panelist,med,1,0,0,0,3.9033989288517263
35,8,19,35_19,panelist,high,1,1,0,0,3.606873056300142
35,8,20,35_20,panelist,low,1,0,1,0,4.106635633374217
35,8,21,35_21,panelist,low,1,0,1,0,4.01260725908839
35,8,22,35_22,panelist,med,1,0,0,0,3.6455642857382364
35,8,23,35_23,panelist,low,1,0,1,0,3.6163412835797835
35,8,24,35_24,panelist,med,1,0,0,0,3.525237393323612
35,9,01,35_01,panelist,low,1,0,1,0,4.350133478607221
35,9,02,35_02,panelist,med,1,0,0,0,4.587162861051253
35,9,03,35_03,panelist,med,1,0,0,0,3.7666935259771024
35,9,04,35_04,panelist,med,1,0,0,0,4.29125277454395
35,9,05,35_05,panelist,none,1,0,0,1,4.354878246973699
35,9,06,35_06,panelist,med,1,0,0,0,4.616957067325621
35,9,07,35_07,panelist,none,1,0,0,1,4.3724376784493835
35,9,08,35_08,panelist,med,1,0,0,0,4.801513244899262
35,9,09,35_09,panelist,med,1,0,0,0,4.792443743886994
35,9,10,35_10,panelist,med,1,0,0,0,4.269633974164734
35,9,11,35_11,panelist,med,1,0,0,0,4.164511983861081
35,9,12,35_12,panelist,none,1,0,0,1,4.654446198206653
35,9,13,35_13,panelist,high,1,1,0,0,4.354641888694402
35,9,14,35_14,panelist,high,1,1,0,0,4.01164615256533
35,9,15,35_15,panelist,low,1,0,1,0,4.7349496571942336
35,9,16,35_16,panelist,none,1,0,0,1,4.3379232986059195
35,9,17,35_17,reviewer,high,0,1,0,0,3.79487614786026
35,9,18,35_18,panelist,high,1,1,0,0,4.186197902497872
35,9,19,35_19,panelist,low,1,0,1,0,4.30729941632474
35,9,20,35_20,panelist,high,1,1,0,0,4.607116578259622
35,9,21,35_21,panelist,med,1,0,0,0,4.362365465733938
35,9,22,35_22,reviewer,high,0,1,0,0,3.8316431863316716
35,9,23,35_23,reviewer,low,0,0,1,0,4.495633904577832
35,9,24,35_24,panelist,med,1,0,0,0,4.638317195164269
35,10,01,35_01,panelist,high,1,1,0,0,3.6881470645701833
35,10,02,35_02,panelist,high,1,1,0,0,4.271622609976362
35,10,03,35_03,panelist,none,1,0,0,1,3.6848138519790177
35,10,04,35_04,panelist,none,1,0,0,1,4.0164520097349445
35,10,05,35_05,panelist,high,1,1,0,0,3.8338395804376724
35,10,06,35_06,panelist,med,1,0,0,0,3.8784366272613404
35,10,07,35_07,panelist,none,1,0,0,1,4.157114948889423
35,10,08,35_08,panelist,high,1,1,0,0,3.930668443712525
35,10,09,35_09,panelist,low,1,0,1,0,4.1294302606622715
35,10,10,35_10,panelist,low,1,0,1,0,4.23456007851867
35,10,11,35_11,panelist,med,1,0,0,0,3.7406714601634063
35,10,12,35_12,panelist,med,1,0,0,0,3.862232703044104
35,10,13,35_13,panelist,low,1,0,1,0,4.793507337778625
35,10,14,35_14,panelist,none,1,0,0,1,4.000539372641541
35,10,15,35_15,reviewer,med,0,0,0,0,3.7272546140688094
35,10,16,35_16,panelist,med,1,0,0,0,4.094629403900256
35,10,17,35_17,reviewer,med,0,0,0,0,3.95836091095369
35,10,18,35_18,panelist,med,1,0,0,0,3.755823251896982
35,10,19,35_19,reviewer,med,0,0,0,0,3.6360445316505925
35,10,20,35_20,panelist,high,1,1,0,0,3.8284881951859635
35,10,21,35_21,panelist,med,1,0,0,0,4.193867767978029
35,10,22,35_22,panelist,high,1,1,0,0,3.7088252440954164
35,10,23,35_23,panelist,low,1,0,1,0,4.146936712220695
35,10,24,35_24,panelist,med,1,0,0,0,3.626950665483085
35,11,01,35_01,panelist,low,1,0,1,0,3.7369466592387983
35,11,02,35_02,panelist,med,1,0,0,0,4.151175793821089
35,11,03,35_03,panelist,med,1,0,0,0,3.62820652836312
35,11,04,35_04,panelist,med,1,0,0,0,3.7955322637082913
35,11,05,35_05,panelist,none,1,0,0,1,3.6125231108072033
35,11,06,35_06,panelist,med,1,0,0,0,3.910652281966265
35,11,07,35_07,panelist,none,1,0,0,1,4.277435161813524
35,11,08,35_08,panelist,low,1,0,1,0,4.3089019489401394
35,11,09,35_09,panelist,med,1,0,0,0,4.345736763072109
35,11,10,35_10,panelist,med,1,0,0,0,3.746215566907879
35,11,11,35_11,panelist,high,1,1,0,0,3.6089022627840817
35,11,12,35_12,reviewer,high,0,1,0,0,3.509977183946991
35,11,13,35_13,reviewer,high,0,1,0,0,3.8835698533869203
35,11,14,35_14,reviewer,high,0,1,0,0,3.606549289989157
35,11,15,35_15,panelist,high,1,1,0,0,3.801101023480739
35,11,16,35_16,panelist,high,1,1,0,0,3.9289472934758676
35,11,17,35_17,panelist,low,1,0,1,0,3.788986161073352
35,11,18,35_18,panelist,med,1,0,0,0,4.042169144103777
35,11,19,35_19,panelist,med,1,0,0,0,3.6067351419017157
35,11,20,35_20,panelist,med,1,0,0,0,4.160311330821488
35,11,21,35_21,panelist,none,1,0,0,1,4.1299859407951525
35,11,22,35_22,panelist,none,1,0,0,1,4.424359726015596
35,11,23,35_23,panelist,low,1,0,1,0,3.960294991700178
35,11,24,35_24,panelist,med,1,0,0,0,3.622751876863491
35,12,01,35_01,panelist,high,1,1,0,0,3.6733292912446665
35,12,02,35_02,panelist,none,1,0,0,1,4.306384302385838
35,12,03,35_03,panelist,high,1,1,0,0,3.9753009635698087
35,12,04,35_04,panelist,low,1,0,1,0,3.765459667298196
35,12,05,35_05,panelist,med,1,0,0,0,3.7987378115160237
35,12,06,35_06,panelist,med,1,0,0,0,4.406885212114218
35,12,07,35_07,panelist,med,1,0,0,0,3.994797488096944
35,12,08,35_08,panelist,high,1,1,0,0,4.191677773787083
35,12,09,35_09,panelist,none,1,0,0,1,4.7221791256094585
35,12,10,35_10,panelist,med,1,0,0,0,4.015310869969722
35,12,11,35_11,panelist,high,1,1,0,0,3.740223370960979
35,12,12,35_12,panelist,high,1,1,0,0,4.189744812270118
35,12,13,35_13,reviewer,low,0,0,1,0,4.179940495286728
35,12,14,35_14,panelist,med,1,0,0,0,4.109977074366882
35,12,15,35_15,reviewer,med,0,0,0,0,3.7671860074255004
35,12,16,35_16,panelist,low,1,0,1,0,4.230834004427868
35,12,17,35_17,panelist,high,1,1,0,0,3.9451903529820087
35,12,18,35_18,panelist,med,1,0,0,0,3.9258849727003557
35,12,19,35_19,panelist,none,1,0,0,1,4.056852585831379
35,12,20,35_20,reviewer,med,0,0,0,0,4.059000268930574
35,12,21,35_21,panelist,low,1,0,1,0,4.107834707562251
35,12,22,35_22,panelist,med,1,0,0,0,4.21645925398065
35,12,23,35_23,panelist,med,1,0,0,0,4.453987191481008
35,12,24,35_24,panelist,none,1,0,0,1,3.5972879101599387
35,13,01,35_01,panelist,none,1,0,0,1,4.649127722367345
35,13,02,35_02,panelist,none,1,0,0,1,4.503452930248182
35,13,03,35_03,panelist,med,1,0,0,0,3.8709219158153294
35,13,04,35_04,panelist,high,1,1,0,0,3.980963532522665
35,13,05,35_05,panelist,high,1,1,0,0,3.8542498439309725
35,13,06,35_06,panelist,med,1,0,0,0,4.4442933754061755
35,13,07,35_07,panelist,med,1,0,0,0,4.219720815674326
35,13,08,35_08,panelist,med,1,0,0,0,4.293457170681295
35,13,09,35_09,panelist,low,1,0,1,0,4.773285682359648
35,13,10,35_10,panelist,low,1,0,1,0,3.7769491591789768
35,13,11,35_11,panelist,high,1,1,0,0,3.9451000513499794
35,13,12,35_12,panelist,med,1,0,0,0,4.572648905988037
35,13,13,35_13,reviewer,high,0,1,0,0,4.386289684950592
35,13,14,35_14,panelist,med,1,0,0,0,4.61984916171178
35,13,15,35_15,panelist,none,1,0,0,1,4.510405454498014
35,13,16,35_16,panelist,med,1,0,0,0,4.212171115475491
35,13,17,35_17,panelist,high,1,1,0,0,4.2857973682642605
35,13,18,35_18,panelist,low,1,0,1,0,4.22972027201613
35,13,19,35_19,panelist,med,1,0,0,0,3.825144700198477
35,13,20,35_20,panelist,med,1,0,0,0,4.200022439332809
35,13,21,35_21,reviewer,med,0,0,0,0,4.495725351444832
35,13,22,35_22,panelist,low,1,0,1,0,4.235545118851177
35,13,23,35_23,reviewer,none,0,0,0,1,4.385957353775172
35,13,24,35_24,panelist,high,1,1,0,0,4.129648823166295
35,14,01,35_01,panelist,low,1,0,1,0,3.6863267902657135
35,14,02,35_02,panelist,low,1,0,1,0,4.49765203633038
35,14,03,35_03,panelist,high,1,1,0,0,3.5791635264781196
35,14,04,35_04,panelist,med,1,0,0,0,3.879572847791919
35,14,05,35_05,panelist,low,1,0,1,0,4.007694412067
35,14,06,35_06,panelist,none,1,0,0,1,4.165804730450136
35,14,07,35_07,reviewer,high,0,1,0,0,3.6111494200072314
35,14,08,35_08,panelist,high,1,1,0,0,4.430065069936001
35,14,09,35_09,panelist,med,1,0,0,0,4.494480506986806
35,14,10,35_10,panelist,high,1,1,0,0,3.663928523307534
35,14,11,35_11,panelist,med,1,0,0,0,3.7032293034822614
35,14,12,35_12,panelist,med,1,0,0,0,3.7086837731145286
35,14,13,35_13,panelist,med,1,0,0,0,4.477174178198463
35,14,14,35_14,panelist,high,1,1,0,0,3.6856493688431478
35,14,15,35_15,panelist,med,1,0,0,0,4.00920585037688
35,14,16,35_16,reviewer,none,0,0,0,1,4.249607856086081
35,14,17,35_17,panelist,med,1,0,0,0,3.875116990431282
35,14,18,35_18,panelist,med,1,0,0,0,3.7566947346920423
35,14,19,35_19,reviewer,low,0,0,1,0,3.8540312935932834
35,14,20,35_20,panelist,none,1,0,0,1,4.246502471761629
35,14,21,35_21,panelist,med,1,0,0,0,3.5449346052511834
35,14,22,35_22,panelist,high,1,1,0,0,3.8405378458796235
35,14,23,35_23,panelist,med,1,0,0,0,4.274168675498187
35,14,24,35_24,panelist,none,1,0,0,1,3.8647666359399975
35,15,01,35_01,panelist,med,1,0,0,0,3.5172693666132773
35,15,02,35_02,panelist,med,1,0,0,0,3.961413366079918
35,15,03,35_03,panelist,med,1,0,0,0,3.67445787455624
35,15,04,35_04,panelist,med,1,0,0,0,3.767579911158372
35,15,05,35_05,panelist,low,1,0,1,0,3.599824327890764
35,15,06,35_06,panelist,high,1,1,0,0,3.5677457864676376
35,15,07,35_07,reviewer,low,0,0,1,0,3.559216655986254
35,15,08,35_08,reviewer,none,0,0,0,1,4.05887351227039
35,15,09,35_09,panelist,high,1,1,0,0,4.261617810785057
35,15,10,35_10,panelist,med,1,0,0,0,3.691538561092121
35,15,11,35_11,panelist,med,1,0,0,0,3.55127677407657
35,15,12,35_12,panelist,none,1,0,0,1,3.7100194302215783
35,15,13,35_13,panelist,none,1,0,0,1,4.012769944911931
35,15,14,35_14,panelist,low,1,0,1,0,3.795779339731104
35,15,15,35_15,panelist,high,1,1,0,0,3.675768702897418
35,15,16,35_16,panelist,med,1,0,0,0,3.622931103289651
35,15,17,35_17,panelist,none,1,0,0,1,4.248701155562601
35,15,18,35_18,panelist,high,1,1,0,0,3.7878564519946045
35,15,19,35_19,panelist,med,1,0,0,0,3.6001593640578307
35,15,20,35_20,reviewer,med,0,0,0,0,3.6942437044800727
35,15,21,35_21,panelist,low,1,0,1,0,3.912110159101864
35,15,22,35_22,panelist,high,1,1,0,0,3.6661888689783253
35,15,23,35_23,panelist,high,1,1,0,0,3.574267346059862
35,15,24,35_24,panelist,med,1,0,0,0,3.6062302357379523
36,1,01,36_01,panelist,none,1,0,0,1,4.48257035935621
36,1,02,36_02,panelist,med,1,0,0,0,4.39888280577726
36,1,03,36_03,panelist,low,1,0,1,0,4.039086477271318
36,1,04,36_04,panelist,med,1,0,0,0,3.854571666216409
36,1,05,36_05,panelist,med,1,0,0,0,3.723225735931837
36,1,06,36_06,panelist,high,1,1,0,0,4.286785983353507
36,1,07,36_07,panelist,med,1,0,0,0,3.92687877568556
36,1,08,36_08,panelist,high,1,1,0,0,4.109976461796672
36,1,09,36_09,panelist,high,1,1,0,0,4.461185804737324
36,1,10,36_10,panelist,low,1,0,1,0,4.1618342415690455
36,1,11,36_11,panelist,none,1,0,0,1,3.6996337767451566
36,1,12,36_12,panelist,none,1,0,0,1,4.102007437083102
36,1,13,36_13,panelist,med,1,0,0,0,4.8047195174890085
36,1,14,36_14,panelist,high,1,1,0,0,4.227109900904942
36,1,15,36_15,reviewer,none,0,0,0,1,4.051512030238379
36,1,16,36_16,panelist,med,1,0,0,0,3.995568157429878
36,1,17,36_17,panelist,high,1,1,0,0,4.1649438855899055
36,1,18,36_18,reviewer,med,0,0,0,0,4.1383568224147895
36,1,19,36_19,panelist,med,1,0,0,0,3.7055813078982767
36,1,20,36_20,panelist,high,1,1,0,0,3.85291971871637
36,1,21,36_21,reviewer,med,0,0,0,0,4.192719088853655
36,1,22,36_22,panelist,low,1,0,1,0,4.283426410743064
36,1,23,36_23,panelist,low,1,0,1,0,4.494513247552818
36,1,24,36_24,panelist,med,1,0,0,0,3.8498200641748537
36,2,01,36_01,panelist,low,1,0,1,0,4.340399911413818
36,2,02,36_02,panelist,med,1,0,0,0,4.3404019763765
36,2,03,36_03,panelist,high,1,1,0,0,3.8331938400149665
36,2,04,36_04,panelist,med,1,0,0,0,4.107382862274653
36,2,05,36_05,panelist,none,1,0,0,1,4.018293723257122
36,2,06,36_06,panelist,high,1,1,0,0,4.24372058373197
36,2,07,36_07,panelist,none,1,0,0,1,4.152372956602855
36,2,08,36_08,panelist,none,1,0,0,1,4.61292304361077
36,2,09,36_09,reviewer,med,0,0,0,0,4.074250106108897
36,2,10,36_10,panelist,low,1,0,1,0,3.9751937831228483
36,2,11,36_11,panelist,low,1,0,1,0,3.5341068839451486
36,2,12,36_12,panelist,med,1,0,0,0,4.126748961827482
36,2,13,36_13,reviewer,med,0,0,0,0,4.438532473328511
36,2,14,36_14,panelist,med,1,0,0,0,4.314897509475851
36,2,15,36_15,panelist,high,1,1,0,0,3.501090379547978
36,2,16,36_16,panelist,high,1,1,0,0,3.9555696388809443
36,2,17,36_17,panelist,med,1,0,0,0,4.360695695305721
36,2,18,36_18,reviewer,med,0,0,0,0,4.150352238500069
36,2,19,36_19,panelist,low,1,0,1,0,3.8755574662898207
36,2,20,36_20,panelist,med,1,0,0,0,4.280590634100488
36,2,21,36_21,panelist,med,1,0,0,0,4.091592790523727
36,2,22,36_22,panelist,none,1,0,0,1,4.463411146482907
36,2,23,36_23,panelist,high,1,1,0,0,4.426751935932829
36,2,24,36_24,panelist,high,1,1,0,0,3.808550865900993
36,3,01,36_01,panelist,low,1,0,1,0,4.038440678813627
36,3,02,36_02,panelist,med,1,0,0,0,4.720841310574444
36,3,03,36_03,panelist,med,1,0,0,0,3.6020673043922353
36,3,04,36_04,panelist,high,1,1,0,0,3.5017113915938025
36,3,05,36_05,panelist,low,1,0,1,0,4.078136396172582
36,3,06,36_06,panelist,high,1,1,0,0,4.28376931570898
36,3,07,36_07,reviewer,med,0,0,0,0,3.755987177509233
36,3,08,36_08,panelist,high,1,1,0,0,4.473923796284255
36,3,09,36_09,panelist,med,1,0,0,0,4.465610587825805
36,3,10,36_10,panelist,none,1,0,0,1,4.081369567237436
36,3,11,36_11,reviewer,high,0,1,0,0,3.539301279958992
36,3,12,36_12,panelist,none,1,0,0,1,4.369722338451986
36,3,13,36_13,panelist,high,1,1,0,0,4.36659023687546
36,3,14,36_14,panelist,med,1,0,0,0,3.8956355986187745
36,3,15,36_15,panelist,low,1,0,1,0,3.646015879877035
36,3,16,36_16,panelist,low,1,0,1,0,4.378240718466669
36,3,17,36_17,panelist,med,1,0,0,0,3.9139348989468674
36,3,18,36_18,panelist,high,1,1,0,0,4.051690124215532
36,3,19,36_19,panelist,med,1,0,0,0,3.928682837589869
36,3,20,36_20,panelist,med,1,0,0,0,4.001401425507481
36,3,21,36_21,panelist,none,1,0,0,1,4.2382804545459365
36,3,22,36_22,reviewer,med,0,0,0,0,3.9911865602890777
36,3,23,36_23,panelist,med,1,0,0,0,4.182800906856595
36,3,24,36_24,panelist,none,1,0,0,1,4.037338295029662
36,4,01,36_01,panelist,med,1,0,0,0,4.081066132334459
36,4,02,36_02,panelist,low,1,0,1,0,4.541029528169196
36,4,03,36_03,panelist,none,1,0,0,1,4.12055666777656
36,4,04,36_04,panelist,med,1,0,0,0,3.8459218968624582
36,4,05,36_05,panelist,med,1,0,0,0,4.56584582410244
36,4,06,36_06,panelist,none,1,0,0,1,4.553004628359294
36,4,07,36_07,panelist,high,1,1,0,0,4.027493982783777
36,4,08,36_08,panelist,low,1,0,1,0,4.518172495852938
36,4,09,36_09,panelist,none,1,0,0,1,4.670353210343861
36,4,10,36_10,panelist,low,1,0,1,0,4.25929367535457
36,4,11,36_11,panelist,high,1,1,0,0,3.9104710935847167
36,4,12,36_12,panelist,med,1,0,0,0,4.377093335935388
36,4,13,36_13,panelist,med,1,0,0,0,4.526155650282887
36,4,14,36_14,panelist,med,1,0,0,0,3.9380178189435266
36,4,15,36_15,reviewer,med,0,0,0,0,4.095927798973026
36,4,16,36_16,panelist,med,1,0,0,0,4.30314359801741
36,4,17,36_17,reviewer,high,0,1,0,0,4.013484465712661
36,4,18,36_18,panelist,high,1,1,0,0,4.591305718489253
36,4,19,36_19,reviewer,high,0,1,0,0,4.032147652361194
36,4,20,36_20,panelist,med,1,0,0,0,4.297421201134505
36,4,21,36_21,panelist,med,1,0,0,0,4.412135723520353
36,4,22,36_22,panelist,high,1,1,0,0,4.393651866440645
36,4,23,36_23,panelist,low,1,0,1,0,4.322508126684152
36,4,24,36_24,panelist,none,1,0,0,1,4.338094073458296
36,5,01,36_01,panelist,high,1,1,0,0,3.936923456171407
36,5,02,36_02,panelist,med,1,0,0,0,4.731741012592409
36,5,03,36_03,panelist,med,1,0,0,0,3.9908880128651245
36,5,04,36_04,panelist,none,1,0,0,1,3.785162270899964
36,5,05,36_05,reviewer,low,0,0,1,0,3.5654191597653457
36,5,06,36_06,panelist,high,1,1,0,0,3.928887148741333
36,5,07,36_07,panelist,low,1,0,1,0,4.073301130731432
36,5,08,36_08,panelist,low,1,0,1,0,4.490956005267864
36,5,09,36_09,panelist,med,1,0,0,0,4.308300171682233
36,5,10,36_10,panelist,high,1,1,0,0,4.05976313247563
36,5,11,36_11,panelist,med,1,0,0,0,3.731935210694324
36,5,12,36_12,panelist,med,1,0,0,0,3.971898899233531
36,5,13,36_13,reviewer,high,0,1,0,0,4.111541685936344
36,5,14,36_14,panelist,med,1,0,0,0,4.074823721456415
36,5,15,36_15,panelist,high,1,1,0,0,3.7416607623670424
36,5,16,36_16,reviewer,none,0,0,0,1,3.827721913704821
36,5,17,36_17,panelist,none,1,0,0,1,4.0564147446013274
36,5,18,36_18,panelist,med,1,0,0,0,4.176565409897754
36,5,19,36_19,panelist,med,1,0,0,0,3.8212833083982516
36,5,20,36_20,panelist,med,1,0,0,0,4.051111355928879
36,5,21,36_21,panelist,high,1,1,0,0,3.8873317281688524
36,5,22,36_22,panelist,low,1,0,1,0,4.23961744220495
36,5,23,36_23,panelist,med,1,0,0,0,4.11429202456065
36,5,24,36_24,panelist,none,1,0,0,1,3.7119824880721524
36,6,01,36_01,panelist,none,1,0,0,1,4.595819021655055
36,6,02,36_02,panelist,med,1,0,0,0,4.8806260609751275
36,6,03,36_03,panelist,med,1,0,0,0,4.178714200627293
36,6,04,36_04,panelist,high,1,1,0,0,3.7693450061343605
36,6,05,36_05,panelist,high,1,1,0,0,3.874422184915112
36,6,06,36_06,panelist,low,1,0,1,0,4.458357685858064
36,6,07,36_07,panelist,med,1,0,0,0,4.445160244369065
36,6,08,36_08,panelist,med,1,0,0,0,4.724958890741772
36,6,09,36_09,panelist,high,1,1,0,0,4.793035724694548
36,6,10,36_10,panelist,high,1,1,0,0,4.016767541689085
36,6,11,36_11,panelist,high,1,1,0,0,3.8705257700877476
36,6,12,36_12,panelist,low,1,0,1,0,4.6288074457449415
36,6,13,36_13,panelist,low,1,0,1,0,4.461751174586896
36,6,14,36_14,panelist,med,1,0,0,0,4.3949484968241865
36,6,15,36_15,panelist,low,1,0,1,0,4.099004058022001
36,6,16,36_16,panelist,med,1,0,0,0,4.0656272678434995
36,6,17,36_17,panelist,none,1,0,0,1,4.570283753214047
36,6,18,36_18,panelist,none,1,0,0,1,4.465088732413314
36,6,19,36_19,reviewer,high,0,1,0,0,3.8072418029112876
36,6,20,36_20,reviewer,med,0,0,0,0,4.333485214774129
36,6,21,36_21,reviewer,none,0,0,0,1,4.523120361126454
36,6,22,36_22,panelist,med,1,0,0,0,4.616779445341447
36,6,23,36_23,panelist,med,1,0,0,0,4.499955948740908
36,6,24,36_24,panelist,med,1,0,0,0,3.9565909910034054
36,7,01,36_01,panelist,low,1,0,1,0,4.345773045207255
36,7,02,36_02,reviewer,med,0,0,0,0,4.642397256483467
36,7,03,36_03,panelist,med,1,0,0,0,4.071691175284984
36,7,04,36_04,panelist,none,1,0,0,1,4.495210119939341
36,7,05,36_05,panelist,none,1,0,0,1,4.529402239294795
36,7,06,36_06,panelist,med,1,0,0,0,4.575061286312607
36,7,07,36_07,panelist,low,1,0,1,0,4.5859608529956395
36,7,08,36_08,panelist,high,1,1,0,0,4.456708347905336
36,7,09,36_09,panelist,med,1,0,0,0,4.8890512897454554
36,7,10,36_10,panelist,med,1,0,0,0,4.762416607825637
36,7,11,36_11,reviewer,med,0,0,0,0,4.09419929099982
36,7,12,36_12,reviewer,med,0,0,0,0,4.536780413221523
36,7,13,36_13,panelist,low,1,0,1,0,4.575695815473843
36,7,14,36_14,panelist,low,1,0,1,0,4.69485043175996
36,7,15,36_15,panelist,high,1,1,0,0,4.437191854522114
36,7,16,36_16,panelist,none,1,0,0,1,4.785953718944337
36,7,17,36_17,panelist,high,1,1,0,0,4.313417862158179
36,7,18,36_18,panelist,med,1,0,0,0,4.6772089390473
36,7,19,36_19,panelist,high,1,1,0,0,4.6623534920690926
36,7,20,36_20,panelist,none,1,0,0,1,4.724133040692081
36,7,21,36_21,panelist,med,1,0,0,0,4.714025634466804
36,7,22,36_22,panelist,high,1,1,0,0,4.235801837049803
36,7,23,36_23,panelist,med,1,0,0,0,4.41336552172139
36,7,24,36_24,panelist,high,1,1,0,0,4.198137520215236
36,8,01,36_01,panelist,low,1,0,1,0,3.68383941232406
36,8,02,36_02,panelist,none,1,0,0,1,4.627701808064586
36,8,03,36_03,panelist,low,1,0,1,0,3.5058037492535163
36,8,04,36_04,panelist,none,1,0,0,1,4.271607894448521
36,8,05,36_05,panelist,med,1,0,0,0,3.5419199066858442
36,8,06,36_06,panelist,high,1,1,0,0,4.093110721800132
36,8,07,36_07,panelist,med,1,0,0,0,3.9041804235274618
36,8,08,36_08,panelist,high,1,1,0,0,3.9252932013508417
36,8,09,36_09,panelist,med,1,0,0,0,4.261477039387394
36,8,10,36_10,panelist,med,1,0,0,0,3.7449141407055633
36,8,11,36_11,panelist,low,1,0,1,0,3.6991298138430566
36,8,12,36_12,panelist,high,1,1,0,0,3.746490834900595
36,8,13,36_13,reviewer,med,0,0,0,0,4.2390586879375585
36,8,14,36_14,panelist,med,1,0,0,0,3.823445791950308
36,8,15,36_15,panelist,low,1,0,1,0,3.942536219779262
36,8,16,36_16,panelist,high,1,1,0,0,3.7061826460291214
36,8,17,36_17,panelist,med,1,0,0,0,3.833524964882845
36,8,18,36_18,panelist,med,1,0,0,0,3.8699305340492147
36,8,19,36_19,panelist,high,1,1,0,0,3.737055032437562
36,8,20,36_20,reviewer,high,0,1,0,0,3.9410630619832197
36,8,21,36_21,panelist,none,1,0,0,1,3.989608290374037
36,8,22,36_22,reviewer,med,0,0,0,0,3.900318760415366
36,8,23,36_23,panelist,none,1,0,0,1,3.966344323618998
36,8,24,36_24,panelist,med,1,0,0,0,3.9305221132341
36,9,01,36_01,panelist,high,1,1,0,0,4.052961108911837
36,9,02,36_02,panelist,low,1,0,1,0,4.6067383422176436
36,9,03,36_03,panelist,med,1,0,0,0,4.244127977888476
36,9,04,36_04,panelist,none,1,0,0,1,4.851388938402106
36,9,05,36_05,panelist,none,1,0,0,1,4.595380631453161
36,9,06,36_06,panelist,none,1,0,0,1,4.4649875073401155
36,9,07,36_07,panelist,low,1,0,1,0,4.270735094809063
36,9,08,36_08,panelist,med,1,0,0,0,4.599455211885471
36,9,09,36_09,reviewer,high,0,1,0,0,4.266591957887299
36,9,10,36_10,panelist,med,1,0,0,0,4.399085933029069
36,9,11,36_11,panelist,high,1,1,0,0,4.086120186984894
36,9,12,36_12,panelist,high,1,1,0,0,3.8896605420889157
36,9,13,36_13,panelist,high,1,1,0,0,4.882677057163727
36,9,14,36_14,panelist,med,1,0,0,0,4.517178200501488
36,9,15,36_15,panelist,med,1,0,0,0,4.495335061114009
36,9,16,36_16,panelist,med,1,0,0,0,4.0653586722333515
36,9,17,36_17,reviewer,low,0,0,1,0,4.684599718384493
36,9,18,36_18,panelist,med,1,0,0,0,4.259021637036717
36,9,19,36_19,panelist,none,1,0,0,1,4.283252463932016
36,9,20,36_20,panelist,med,1,0,0,0,4.362368643286242
36,9,21,36_21,panelist,med,1,0,0,0,4.436741417425655
36,9,22,36_22,panelist,med,1,0,0,0,4.594732417124653
36,9,23,36_23,panelist,high,1,1,0,0,4.317832546316003
36,9,24,36_24,reviewer,low,0,0,1,0,3.976988502745824
36,10,01,36_01,panelist,high,1,1,0,0,3.9339600823021486
36,10,02,36_02,reviewer,low,0,0,1,0,4.474262487867986
36,10,03,36_03,panelist,med,1,0,0,0,4.237793080207653
36,10,04,36_04,panelist,low,1,0,1,0,3.7758864882199115
36,10,05,36_05,reviewer,med,0,0,0,0,3.5061611081057222
36,10,06,36_06,panelist,none,1,0,0,1,4.345545991411847
36,10,07,36_07,panelist,high,1,1,0,0,3.7124173516289316
36,10,08,36_08,panelist,med,1,0,0,0,4.3313129698035935
36,10,09,36_09,panelist,none,1,0,0,1,4.843051433397648
36,10,10,36_10,panelist,high,1,1,0,0,4.077155032964964
36,10,11,36_11,panelist,low,1,0,1,0,3.822394918205337
36,10,12,36_12,panelist,low,1,0,1,0,4.429988431882069
36,10,13,36_13,panelist,none,1,0,0,1,4.659356027269096
36,10,14,36_14,panelist,med,1,0,0,0,4.300231639756552
36,10,15,36_15,panelist,none,1,0,0,1,4.028054746353027
36,10,16,36_16,reviewer,med,0,0,0,0,4.080101030747676
36,10,17,36_17,panelist,med,1,0,0,0,3.812740061763185
36,10,18,36_18,panelist,high,1,1,0,0,3.756471721844038
36,10,19,36_19,panelist,med,1,0,0,0,3.8980529237795323
36,10,20,36_20,panelist,med,1,0,0,0,4.289935022480169
36,10,21,36_21,panelist,high,1,1,0,0,3.655487804786255
36,10,22,36_22,panelist,med,1,0,0,0,4.251437166920186
36,10,23,36_23,panelist,high,1,1,0,0,3.753020333354668
36,10,24,36_24,panelist,med,1,0,0,0,3.921351935076857
36,11,01,36_01,panelist,low,1,0,1,0,3.9367803874689398
36,11,02,36_02,reviewer,none,0,0,0,1,4.270310623197742
36,11,03,36_03,panelist,low,1,0,1,0,3.9976391158108595
36,11,04,36_04,panelist,med,1,0,0,0,4.074829638199571
36,11,05,36_05,reviewer,med,0,0,0,0,3.7299889854946007
36,11,06,36_06,panelist,med,1,0,0,0,4.242436810464063
36,11,07,36_07,panelist,med,1,0,0,0,4.099514296747545
36,11,08,36_08,panelist,high,1,1,0,0,3.8654185089809436
36,11,09,36_09,panelist,high,1,1,0,0,4.207235793271748
36,11,10,36_10,reviewer,none,0,0,0,1,4.196899577485371
36,11,11,36_11,panelist,med,1,0,0,0,3.8514131862280867
36,11,12,36_12,panelist,med,1,0,0,0,3.734223623362486
36,11,13,36_13,panelist,high,1,1,0,0,3.9807535689120153
36,11,14,36_14,panelist,none,1,0,0,1,4.503760601358335
36,11,15,36_15,panelist,high,1,1,0,0,4.009457791313177
36,11,16,36_16,panelist,low,1,0,1,0,3.817308114547848
36,11,17,36_17,panelist,none,1,0,0,1,4.367968971314536
36,11,18,36_18,panelist,med,1,0,0,0,4.2305575465143095
36,11,19,36_19,panelist,low,1,0,1,0,4.068609802488856
36,11,20,36_20,panelist,med,1,0,0,0,4.330555494871123
36,11,21,36_21,panelist,med,1,0,0,0,4.08212860252254
36,11,22,36_22,panelist,high,1,1,0,0,4.072200911727064
36,11,23,36_23,panelist,high,1,1,0,0,4.0208325758163745
36,11,24,36_24,panelist,med,1,0,0,0,3.6598390021312626
36,12,01,36_01,panelist,high,1,1,0,0,3.87173256448227
36,12,02,36_02,panelist,none,1,0,0,1,4.493105358902582
36,12,03,36_03,panelist,low,1,0,1,0,3.852397844135127
36,12,04,36_04,panelist,med,1,0,0,0,3.9090166278194536
36,12,05,36_05,panelist,med,1,0,0,0,3.9174558973468665
36,12,06,36_06,reviewer,none,0,0,0,1,4.248967561215655
36,12,07,36_07,panelist,none,1,0,0,1,4.121630520329668
36,12,08,36_08,panelist,high,1,1,0,0,3.7842155966923534
36,12,09,36_09,panelist,med,1,0,0,0,4.397152430786153
36,12,10,36_10,panelist,med,1,0,0,0,4.016920194739271
36,12,11,36_11,panelist,med,1,0,0,0,3.5911917213518327
36,12,12,36_12,panelist,med,1,0,0,0,3.8683413823298265
36,12,13,36_13,panelist,med,1,0,0,0,4.16911188723657
36,12,14,36_14,panelist,low,1,0,1,0,4.218056813124835
36,12,15,36_15,panelist,none,1,0,0,1,4.439755488797192
36,12,16,36_16,panelist,med,1,0,0,0,4.288195777146997
36,12,17,36_17,panelist,high,1,1,0,0,4.118753811747892
36,12,18,36_18,reviewer,high,0,1,0,0,4.181893072498985
36,12,19,36_19,panelist,med,1,0,0,0,3.626863315563808
36,12,20,36_20,panelist,high,1,1,0,0,4.027816340481762
36,12,21,36_21,panelist,med,1,0,0,0,4.105163141303008
36,12,22,36_22,panelist,low,1,0,1,0,4.057665602231963
36,12,23,36_23,reviewer,low,0,0,1,0,4.006130663813994
36,12,24,36_24,panelist,high,1,1,0,0,3.962386074187842
36,13,01,36_01,panelist,low,1,0,1,0,4.169850549426759
36,13,02,36_02,panelist,none,1,0,0,1,4.741304788875181
36,13,03,36_03,panelist,none,1,0,0,1,4.496447513853806
36,13,04,36_04,reviewer,high,0,1,0,0,3.945026332077759
36,13,05,36_05,panelist,low,1,0,1,0,4.471014437810101
36,13,06,36_06,reviewer,low,0,0,1,0,4.589881896317655
36,13,07,36_07,panelist,high,1,1,0,0,3.759136455329726
36,13,08,36_08,panelist,high,1,1,0,0,4.684586241863375
36,13,09,36_09,panelist,med,1,0,0,0,4.6571875530551585
36,13,10,36_10,panelist,low,1,0,1,0,4.6003001488331465
36,13,11,36_11,panelist,high,1,1,0,0,3.8788873759663574
36,13,12,36_12,panelist,med,1,0,0,0,4.582005804639509
36,13,13,36_13,panelist,med,1,0,0,0,4.639311655282521
36,13,14,36_14,panelist,med,1,0,0,0,4.498252756907354
36,13,15,36_15,panelist,none,1,0,0,1,4.3919032239766365
36,13,16,36_16,panelist,med,1,0,0,0,3.9243327908072008
36,13,17,36_17,panelist,high,1,1,0,0,4.316801359130675
36,13,18,36_18,panelist,med,1,0,0,0,4.49718062037966
36,13,19,36_19,panelist,med,1,0,0,0,4.227800087694656
36,13,20,36_20,panelist,none,1,0,0,1,4.853314539791876
36,13,21,36_21,panelist,med,1,0,0,0,3.9627631108002226
36,13,22,36_22,reviewer,med,0,0,0,0,4.102140656681988
36,13,23,36_23,panelist,med,1,0,0,0,4.773631907347958
36,13,24,36_24,panelist,high,1,1,0,0,3.8335850662332702
36,14,01,36_01,panelist,med,1,0,0,0,3.705931864267879
36,14,02,36_02,panelist,high,1,1,0,0,3.959470303177995
36,14,03,36_03,reviewer,high,0,1,0,0,3.5251455552310356
36,14,04,36_04,panelist,low,1,0,1,0,4.059627364952265
36,14,05,36_05,panelist,med,1,0,0,0,3.705409669944347
36,14,06,36_06,panelist,high,1,1,0,0,4.194105417226496
36,14,07,36_07,panelist,none,1,0,0,1,4.2586930965269625
36,14,08,36_08,panelist,low,1,0,1,0,4.376843813006009
36,14,09,36_09,panelist,none,1,0,0,1,4.513727083707164
36,14,10,36_10,panelist,none,1,0,0,1,3.9016057625746066
36,14,11,36_11,panelist,high,1,1,0,0,3.7369869216781706
36,14,12,36_12,panelist,low,1,0,1,0,3.9744336582829214
36,14,13,36_13,panelist,med,1,0,0,0,4.221782297375671
36,14,14,36_14,panelist,med,1,0,0,0,4.000118606196689
36,14,15,36_15,panelist,med,1,0,0,0,4.346077918654552
36,14,16,36_16,reviewer,med,0,0,0,0,4.252051545856186
36,14,17,36_17,panelist,med,1,0,0,0,4.1173955298925655
36,14,18,36_18,panelist,med,1,0,0,0,3.9216767265399053
36,14,19,36_19,reviewer,none,0,0,0,1,3.753395045167354
36,14,20,36_20,panelist,med,1,0,0,0,4.196085625356406
36,14,21,36_21,panelist,med,1,0,0,0,4.424881584776506
36,14,22,36_22,panelist,low,1,0,1,0,4.077075721847778
36,14,23,36_23,panelist,high,1,1,0,0,4.126813646308093
36,14,24,36_24,panelist,high,1,1,0,0,3.623236882711727
36,15,01,36_01,panelist,none,1,0,0,1,3.9232529083597014
36,15,02,36_02,panelist,high,1,1,0,0,4.2338118060632555
36,15,03,36_03,panelist,high,1,1,0,0,3.7478602367404883
36,15,04,36_04,panelist,high,1,1,0,0,3.5046501685502633
36,15,05,36_05,panelist,low,1,0,1,0,3.714205843135876
36,15,06,36_06,panelist,med,1,0,0,0,3.819536716442615
36,15,07,36_07,panelist,med,1,0,0,0,3.8066718662833803
36,15,08,36_08,panelist,none,1,0,0,1,3.802725875502944
36,15,09,36_09,panelist,med,1,0,0,0,4.409885144034196
36,15,10,36_10,panelist,low,1,0,1,0,4.151433789675011
36,15,11,36_11,panelist,med,1,0,0,0,3.7306708920205267
36,15,12,36_12,reviewer,med,0,0,0,0,3.528676623340067
36,15,13,36_13,panelist,med,1,0,0,0,3.9685356515233448
36,15,14,36_14,panelist,low,1,0,1,0,3.8625875915511707
36,15,15,36_15,reviewer,high,0,1,0,0,3.5066511940098963
36,15,16,36_16,reviewer,none,0,0,0,1,3.693838387452583
36,15,17,36_17,panelist,low,1,0,1,0,3.800631963319559
36,15,18,36_18,panelist,med,1,0,0,0,3.6133994844750617
36,15,19,36_19,panelist,med,1,0,0,0,3.675508577723654
36,15,20,36_20,panelist,med,1,0,0,0,3.911522384393009
36,15,21,36_21,panelist,med,1,0,0,0,3.758501614667475
36,15,22,36_22,panelist,high,1,1,0,0,3.7132968528468675
36,15,23,36_23,panelist,none,1,0,0,1,3.8339790374058667
36,15,24,36_24,panelist,high,1,1,0,0,3.5866451652458027
37,1,01,37_01,panelist,med,1,0,0,0,4.206816236860572
37,1,02,37_02,panelist,med,1,0,0,0,4.726062236434973
37,1,03,37_03,reviewer,med,0,0,0,0,3.6280972527077178
37,1,04,37_04,panelist,none,1,0,0,1,4.29022844697711
37,1,05,37_05,panelist,low,1,0,1,0,4.221664712198539
37,1,06,37_06,panelist,med,1,0,0,0,4.076001305771132
37,1,07,37_07,panelist,med,1,0,0,0,3.905114270176941
37,1,08,37_08,panelist,high,1,1,0,0,4.210084155030494
37,1,09,37_09,reviewer,high,0,1,0,0,4.24028679825039
37,1,10,37_10,panelist,high,1,1,0,0,4.345097675261811
37,1,11,37_11,panelist,med,1,0,0,0,3.562217267501042
37,1,12,37_12,panelist,high,1,1,0,0,3.9335279698261996
37,1,13,37_13,panelist,low,1,0,1,0,4.807266010791057
37,1,14,37_14,panelist,med,1,0,0,0,4.568589121936981
37,1,15,37_15,panelist,low,1,0,1,0,4.110887451049004
37,1,16,37_16,panelist,low,1,0,1,0,4.675747875356503
37,1,17,37_17,panelist,med,1,0,0,0,3.892055415533952
37,1,18,37_18,panelist,none,1,0,0,1,4.604929872677904
37,1,19,37_19,panelist,med,1,0,0,0,3.888076444956985
37,1,20,37_20,panelist,none,1,0,0,1,4.837046974699338
37,1,21,37_21,panelist,med,1,0,0,0,4.622760536422499
37,1,22,37_22,panelist,high,1,1,0,0,4.332041585374172
37,1,23,37_23,panelist,none,1,0,0,1,4.3482118672539825
37,1,24,37_24,reviewer,high,0,1,0,0,3.7033621561193923
37,2,01,37_01,panelist,none,1,0,0,1,4.283693328779291
37,2,02,37_02,panelist,high,1,1,0,0,4.768695534149426
37,2,03,37_03,panelist,low,1,0,1,0,4.060561731056515
37,2,04,37_04,panelist,med,1,0,0,0,4.075033113106227
37,2,05,37_05,reviewer,low,0,0,1,0,3.8069801508646064
37,2,06,37_06,panelist,high,1,1,0,0,4.087369727794604
37,2,07,37_07,panelist,med,1,0,0,0,4.0703966323692145
37,2,08,37_08,panelist,med,1,0,0,0,4.3243723626357085
37,2,09,37_09,panelist,low,1,0,1,0,4.640078790532005
37,2,10,37_10,panelist,high,1,1,0,0,4.384302259005054
37,2,11,37_11,panelist,low,1,0,1,0,3.809623879249645
37,2,12,37_12,panelist,med,1,0,0,0,3.951273536991364
37,2,13,37_13,panelist,high,1,1,0,0,4.400444624200652
37,2,14,37_14,panelist,med,1,0,0,0,4.238732944008209
37,2,15,37_15,panelist,high,1,1,0,0,4.280750790674034
37,2,16,37_16,reviewer,med,0,0,0,0,4.183768839641997
37,2,17,37_17,panelist,med,1,0,0,0,3.9574603456256687
37,2,18,37_18,panelist,med,1,0,0,0,4.323449641397821
37,2,19,37_19,reviewer,med,0,0,0,0,3.9859310674529262
37,2,20,37_20,panelist,med,1,0,0,0,4.321442398132771
37,2,21,37_21,panelist,none,1,0,0,1,4.3375708827370145
37,2,22,37_22,panelist,none,1,0,0,1,3.9750013597931
37,2,23,37_23,panelist,high,1,1,0,0,3.9825954053310375
37,2,24,37_24,panelist,none,1,0,0,1,4.407055285330366
37,3,01,37_01,panelist,low,1,0,1,0,4.2194185367248975
37,3,02,37_02,panelist,med,1,0,0,0,4.366655781133173
37,3,03,37_03,panelist,med,1,0,0,0,4.113698412938243
37,3,04,37_04,panelist,none,1,0,0,1,4.042748978115188
37,3,05,37_05,panelist,low,1,0,1,0,3.8578681135157145
37,3,06,37_06,panelist,none,1,0,0,1,4.554625317410587
37,3,07,37_07,panelist,high,1,1,0,0,4.018163711018944
37,3,08,37_08,panelist,high,1,1,0,0,4.1656200219408355
37,3,09,37_09,panelist,med,1,0,0,0,4.3451295518674335
37,3,10,37_10,panelist,high,1,1,0,0,4.164843851193004
37,3,11,37_11,reviewer,med,0,0,0,0,3.6858815964991183
37,3,12,37_12,panelist,med,1,0,0,0,4.312968542789467
37,3,13,37_13,panelist,high,1,1,0,0,4.199638972670235
37,3,14,37_14,panelist,low,1,0,1,0,4.076097316087533
37,3,15,37_15,reviewer,med,0,0,0,0,3.6936616337654624
37,3,16,37_16,panelist,none,1,0,0,1,4.009572400205185
37,3,17,37_17,reviewer,med,0,0,0,0,3.9670066082128916
37,3,18,37_18,panelist,high,1,1,0,0,4.126401417413644
37,3,19,37_19,panelist,med,1,0,0,0,4.1627481049597925
37,3,20,37_20,panelist,med,1,0,0,0,4.485901081059586
37,3,21,37_21,panelist,low,1,0,1,0,4.287552418730213
37,3,22,37_22,panelist,high,1,1,0,0,3.8848112086978746
37,3,23,37_23,panelist,med,1,0,0,0,4.186618361222194
37,3,24,37_24,panelist,none,1,0,0,1,3.686632623349605
37,4,01,37_01,panelist,med,1,0,0,0,4.31603846255224
37,4,02,37_02,panelist,none,1,0,0,1,4.632475621032338
37,4,03,37_03,panelist,low,1,0,1,0,4.269418114651708
37,4,04,37_04,panelist,low,1,0,1,0,4.211478021657049
37,4,05,37_05,panelist,med,1,0,0,0,4.023716363685315
37,4,06,37_06,panelist,high,1,1,0,0,4.410379941992796
37,4,07,37_07,panelist,med,1,0,0,0,4.3127345813260245
37,4,08,37_08,panelist,med,1,0,0,0,4.416240915222153
37,4,09,37_09,panelist,med,1,0,0,0,4.759224090764261
37,4,10,37_10,panelist,med,1,0,0,0,4.3461104016777945
37,4,11,37_11,panelist,med,1,0,0,0,3.9969366754149003
37,4,12,37_12,reviewer,med,0,0,0,0,4.244149819794923
37,4,13,37_13,reviewer,low,0,0,1,0,4.689669359850642
37,4,14,37_14,panelist,high,1,1,0,0,4.42504222837501
37,4,15,37_15,panelist,med,1,0,0,0,4.302777937817274
37,4,16,37_16,panelist,none,1,0,0,1,4.6712116548643134
37,4,17,37_17,panelist,med,1,0,0,0,3.9262106686585447
37,4,18,37_18,reviewer,high,0,1,0,0,3.926971793705694
37,4,19,37_19,panelist,high,1,1,0,0,4.072941779368629
37,4,20,37_20,panelist,none,1,0,0,1,4.575165476561414
37,4,21,37_21,panelist,high,1,1,0,0,4.058783959845851
37,4,22,37_22,panelist,high,1,1,0,0,4.360369662089881
37,4,23,37_23,panelist,none,1,0,0,1,4.6258926520867965
37,4,24,37_24,panelist,low,1,0,1,0,3.9660184597206105
37,5,01,37_01,panelist,none,1,0,0,1,4.087450137574228
37,5,02,37_02,panelist,med,1,0,0,0,4.488074235779165
37,5,03,37_03,reviewer,none,0,0,0,1,3.7247591740268717
37,5,04,37_04,panelist,med,1,0,0,0,3.78499096641731
37,5,05,37_05,panelist,low,1,0,1,0,3.544285532225423
37,5,06,37_06,panelist,med,1,0,0,0,4.456593213862506
37,5,07,37_07,panelist,med,1,0,0,0,3.8580343133075905
37,5,08,37_08,panelist,high,1,1,0,0,4.027886485031018
37,5,09,37_09,panelist,med,1,0,0,0,4.699129440384898
37,5,10,37_10,panelist,med,1,0,0,0,4.711567177793202
37,5,11,37_11,panelist,med,1,0,0,0,3.819976384922126
37,5,12,37_12,reviewer,high,0,1,0,0,3.9578653040976133
37,5,13,37_13,panelist,low,1,0,1,0,4.650114010605821
37,5,14,37_14,panelist,none,1,0,0,1,4.387683316684511
37,5,15,37_15,panelist,high,1,1,0,0,3.559939771223756
37,5,16,37_16,panelist,high,1,1,0,0,4.25905312180046
37,5,17,37_17,panelist,med,1,0,0,0,3.9416584420892997
37,5,18,37_18,panelist,low,1,0,1,0,4.3881083348196945
37,5,19,37_19,panelist,none,1,0,0,1,4.046250619177939
37,5,20,37_20,reviewer,high,0,1,0,0,3.62340349057138
37,5,21,37_21,panelist,med,1,0,0,0,4.542076783021464
37,5,22,37_22,panelist,high,1,1,0,0,3.6940873626942623
37,5,23,37_23,panelist,med,1,0,0,0,4.125314293724088
37,5,24,37_24,panelist,low,1,0,1,0,3.7931763370586373
37,6,01,37_01,panelist,none,1,0,0,1,4.202498955952815
37,6,02,37_02,panelist,low,1,0,1,0,4.7688317480925715
37,6,03,37_03,panelist,high,1,1,0,0,4.197312244211658
37,6,04,37_04,panelist,med,1,0,0,0,4.208365910832535
37,6,05,37_05,panelist,med,1,0,0,0,3.9549284391225887
37,6,06,37_06,panelist,none,1,0,0,1,4.537474151503859
37,6,07,37_07,reviewer,high,0,1,0,0,3.8236516292360956
37,6,08,37_08,panelist,med,1,0,0,0,4.518549729769659
37,6,09,37_09,panelist,low,1,0,1,0,4.574395417728126
37,6,10,37_10,panelist,med,1,0,0,0,4.355129001853367
37,6,11,37_11,panelist,none,1,0,0,1,4.0482894469826904
37,6,12,37_12,panelist,med,1,0,0,0,4.349199175767998
37,6,13,37_13,panelist,none,1,0,0,1,4.723698961005755
37,6,14,37_14,panelist,med,1,0,0,0,4.150451053941195
37,6,15,37_15,reviewer,high,0,1,0,0,4.092287362387299
37,6,16,37_16,panelist,low,1,0,1,0,4.228714947579094
37,6,17,37_17,reviewer,med,0,0,0,0,4.184797298469549
37,6,18,37_18,panelist,high,1,1,0,0,4.4528770115410055
37,6,19,37_19,panelist,med,1,0,0,0,3.994245153525715
37,6,20,37_20,panelist,high,1,1,0,0,4.719670744839937
37,6,21,37_21,panelist,med,1,0,0,0,4.500357060099234
37,6,22,37_22,panelist,low,1,0,1,0,4.403619223382269
37,6,23,37_23,panelist,high,1,1,0,0,4.039800101935198
37,6,24,37_24,panelist,med,1,0,0,0,4.37840410527792
37,7,01,37_01,panelist,low,1,0,1,0,4.604677026304457
37,7,02,37_02,reviewer,med,0,0,0,0,4.675895891074532
37,7,03,37_03,panelist,none,1,0,0,1,4.1736974139385525
37,7,04,37_04,panelist,low,1,0,1,0,4.57785536608116
37,7,05,37_05,panelist,med,1,0,0,0,4.1932351282456954
37,7,06,37_06,panelist,med,1,0,0,0,4.747552768775213
37,7,07,37_07,panelist,high,1,1,0,0,4.012114186042931
37,7,08,37_08,panelist,none,1,0,0,1,4.661613468271226
37,7,09,37_09,panelist,low,1,0,1,0,4.720923668419023
37,7,10,37_10,panelist,med,1,0,0,0,4.548340235313557
37,7,11,37_11,panelist,none,1,0,0,1,4.405652839713261
37,7,12,37_12,reviewer,high,0,1,0,0,4.191148961228598
37,7,13,37_13,panelist,med,1,0,0,0,4.722920893555731
37,7,14,37_14,panelist,high,1,1,0,0,4.786723622265055
37,7,15,37_15,panelist,med,1,0,0,0,4.700556060824903
37,7,16,37_16,panelist,high,1,1,0,0,4.4337159533950405
37,7,17,37_17,reviewer,high,0,1,0,0,4.3273439129088445
37,7,18,37_18,panelist,high,1,1,0,0,4.660556303859377
37,7,19,37_19,panelist,med,1,0,0,0,3.9198017498228106
37,7,20,37_20,panelist,med,1,0,0,0,4.706697303899606
37,7,21,37_21,panelist,med,1,0,0,0,4.801066954466925
37,7,22,37_22,panelist,med,1,0,0,0,4.555804472427886
37,7,23,37_23,panelist,low,1,0,1,0,4.4383924656428295
37,7,24,37_24,panelist,none,1,0,0,1,4.486085090383182
37,8,01,37_01,panelist,high,1,1,0,0,3.615937571449575
37,8,02,37_02,panelist,med,1,0,0,0,4.152135934012446
37,8,03,37_03,panelist,med,1,0,0,0,3.6641898763254024
37,8,04,37_04,panelist,high,1,1,0,0,3.7457278422708136
37,8,05,37_05,panelist,none,1,0,0,1,3.8070534744392863
37,8,06,37_06,panelist,high,1,1,0,0,4.112967728083322
37,8,07,37_07,panelist,none,1,0,0,1,3.7994545693081223
37,8,08,37_08,panelist,med,1,0,0,0,4.321283394127024
37,8,09,37_09,panelist,low,1,0,1,0,4.411630611478691
37,8,10,37_10,panelist,high,1,1,0,0,4.147214292138635
37,8,11,37_11,panelist,med,1,0,0,0,3.60082075935646
37,8,12,37_12,panelist,med,1,0,0,0,3.8664887246466626
37,8,13,37_13,panelist,med,1,0,0,0,4.211047596599441
37,8,14,37_14,panelist,high,1,1,0,0,4.253435517154258
37,8,15,37_15,reviewer,med,0,0,0,0,3.541895510847234
37,8,16,37_16,reviewer,none,0,0,0,1,4.179701773242903
37,8,17,37_17,panelist,low,1,0,1,0,4.1463484905457255
37,8,18,37_18,panelist,high,1,1,0,0,4.053191046796128
37,8,19,37_19,panelist,med,1,0,0,0,3.5093564136944644
37,8,20,37_20,panelist,low,1,0,1,0,4.313596285782759
37,8,21,37_21,reviewer,med,0,0,0,0,3.9942738180596846
37,8,22,37_22,panelist,none,1,0,0,1,4.413034218698248
37,8,23,37_23,panelist,med,1,0,0,0,4.16705187236763
37,8,24,37_24,panelist,low,1,0,1,0,3.9299104353362
37,9,01,37_01,panelist,med,1,0,0,0,4.147930536203965
37,9,02,37_02,panelist,high,1,1,0,0,4.707108129290371
37,9,03,37_03,panelist,med,1,0,0,0,3.9603158575415267
37,9,04,37_04,panelist,high,1,1,0,0,4.276008722179487
37,9,05,37_05,reviewer,med,0,0,0,0,4.169861650703132
37,9,06,37_06,reviewer,low,0,0,1,0,4.6031300955853505
37,9,07,37_07,panelist,med,1,0,0,0,4.6287727324230525
37,9,08,37_08,panelist,none,1,0,0,1,4.756349690062751
37,9,09,37_09,panelist,none,1,0,0,1,4.821014153146869
37,9,10,37_10,panelist,none,1,0,0,1,4.7607238220392585
37,9,11,37_11,panelist,med,1,0,0,0,3.980623486399136
37,9,12,37_12,panelist,high,1,1,0,0,4.685595555581071
37,9,13,37_13,panelist,med,1,0,0,0,4.707182374147226
37,9,14,37_14,panelist,med,1,0,0,0,4.776457445457384
37,9,15,37_15,panelist,low,1,0,1,0,4.501447850799924
37,9,16,37_16,panelist,low,1,0,1,0,4.7623014377173325
37,9,17,37_17,panelist,med,1,0,0,0,4.566366710545427
37,9,18,37_18,panelist,med,1,0,0,0,4.397016233785807
37,9,19,37_19,panelist,low,1,0,1,0,4.280472053355511
37,9,20,37_20,panelist,med,1,0,0,0,4.494731623706422
37,9,21,37_21,panelist,high,1,1,0,0,4.5318412708172
37,9,22,37_22,reviewer,high,0,1,0,0,4.604548582725791
37,9,23,37_23,panelist,none,1,0,0,1,4.830242373898749
37,9,24,37_24,panelist,high,1,1,0,0,3.7482381542469208
37,10,01,37_01,panelist,none,1,0,0,1,4.140667697704043
37,10,02,37_02,panelist,none,1,0,0,1,4.695101235752644
37,10,03,37_03,panelist,high,1,1,0,0,3.9137581640706416
37,10,04,37_04,panelist,med,1,0,0,0,4.182794478453493
37,10,05,37_05,panelist,high,1,1,0,0,4.0793175984869405
37,10,06,37_06,panelist,low,1,0,1,0,4.287218469277299
37,10,07,37_07,reviewer,med,0,0,0,0,3.8931742205301685
37,10,08,37_08,panelist,med,1,0,0,0,4.3492091343285555
37,10,09,37_09,panelist,med,1,0,0,0,4.454441444716901
37,10,10,37_10,panelist,med,1,0,0,0,3.947806824800591
37,10,11,37_11,panelist,high,1,1,0,0,4.212379591516605
37,10,12,37_12,reviewer,med,0,0,0,0,3.9275137174068933
37,10,13,37_13,panelist,low,1,0,1,0,4.345098208016024
37,10,14,37_14,panelist,low,1,0,1,0,4.221688131805458
37,10,15,37_15,panelist,med,1,0,0,0,4.379274422326149
37,10,16,37_16,panelist,none,1,0,0,1,4.297391346666434
37,10,17,37_17,panelist,high,1,1,0,0,4.209760823815128
37,10,18,37_18,panelist,low,1,0,1,0,4.435514043181637
37,10,19,37_19,panelist,med,1,0,0,0,3.8271434147385315
37,10,20,37_20,panelist,high,1,1,0,0,4.3905558171444605
37,10,21,37_21,panelist,none,1,0,0,1,4.405475634431606
37,10,22,37_22,reviewer,med,0,0,0,0,3.9781373174982377
37,10,23,37_23,panelist,med,1,0,0,0,4.2991888343106455
37,10,24,37_24,panelist,high,1,1,0,0,3.863956885402028
37,11,01,37_01,panelist,med,1,0,0,0,4.008695122519606
37,11,02,37_02,panelist,med,1,0,0,0,4.463148332497127
37,11,03,37_03,panelist,high,1,1,0,0,3.6256729871134303
37,11,04,37_04,panelist,none,1,0,0,1,3.7531669544749566
37,11,05,37_05,panelist,high,1,1,0,0,3.660393607270273
37,11,06,37_06,panelist,med,1,0,0,0,4.1274577552798535
37,11,07,37_07,panelist,none,1,0,0,1,4.089337102033703
37,11,08,37_08,panelist,low,1,0,1,0,4.083287288418377
37,11,09,37_09,panelist,none,1,0,0,1,4.896426379296159
37,11,10,37_10,panelist,med,1,0,0,0,4.139665336271506
37,11,11,37_11,panelist,med,1,0,0,0,3.580961145440244
37,11,12,37_12,reviewer,med,0,0,0,0,3.8179939042851587
37,11,13,37_13,reviewer,med,0,0,0,0,4.680280937373192
37,11,14,37_14,panelist,high,1,1,0,0,4.045821796849055
37,11,15,37_15,panelist,med,1,0,0,0,3.9909715577602936
37,11,16,37_16,panelist,high,1,1,0,0,4.214790051907395
37,11,17,37_17,panelist,med,1,0,0,0,4.095352070463842
37,11,18,37_18,panelist,high,1,1,0,0,4.431833250147334
37,11,19,37_19,panelist,low,1,0,1,0,3.9212178431098494
37,11,20,37_20,panelist,low,1,0,1,0,4.7753117950734305
37,11,21,37_21,panelist,none,1,0,0,1,4.294708199412312
37,11,22,37_22,panelist,high,1,1,0,0,4.123123897360061
37,11,23,37_23,reviewer,med,0,0,0,0,4.175437365774996
37,11,24,37_24,panelist,low,1,0,1,0,3.6369203614462875
37,12,01,37_01,panelist,high,1,1,0,0,4.147017796898866
37,12,02,37_02,panelist,med,1,0,0,0,4.6947328972482305
37,12,03,37_03,panelist,med,1,0,0,0,4.115415811221775
37,12,04,37_04,reviewer,low,0,0,1,0,3.9962364840848483
37,12,05,37_05,panelist,none,1,0,0,1,4.397366570740759
37,12,06,37_06,panelist,none,1,0,0,1,4.461021816569468
37,12,07,37_07,panelist,low,1,0,1,0,3.685780739468664
37,12,08,37_08,reviewer,high,0,1,0,0,4.284748272208771
37,12,09,37_09,panelist,low,1,0,1,0,4.70516794958581
37,12,10,37_10,panelist,med,1,0,0,0,4.195604375194038
37,12,11,37_11,panelist,high,1,1,0,0,3.510214863098684
37,12,12,37_12,panelist,med,1,0,0,0,4.125954773848108
37,12,13,37_13,panelist,none,1,0,0,1,4.898318597764441
37,12,14,37_14,panelist,high,1,1,0,0,4.119115231383923
37,12,15,37_15,reviewer,med,0,0,0,0,4.105954502347165
37,12,16,37_16,panelist,med,1,0,0,0,4.50145288353206
37,12,17,37_17,panelist,med,1,0,0,0,4.103835176162287
37,12,18,37_18,panelist,high,1,1,0,0,4.1246757573992054
37,12,19,37_19,panelist,high,1,1,0,0,3.5978628661943355
37,12,20,37_20,panelist,med,1,0,0,0,4.47835803237111
37,12,21,37_21,panelist,med,1,0,0,0,4.519031375652199
37,12,22,37_22,panelist,none,1,0,0,1,4.521938465040314
37,12,23,37_23,panelist,low,1,0,1,0,4.364551803617452
37,12,24,37_24,panelist,med,1,0,0,0,3.6693399806867255
37,13,01,37_01,panelist,high,1,1,0,0,4.372884626370799
37,13,02,37_02,panelist,med,1,0,0,0,4.718981640483907
37,13,03,37_03,reviewer,high,0,1,0,0,4.18555838548442
37,13,04,37_04,panelist,med,1,0,0,0,4.235232286536474
37,13,05,37_05,panelist,none,1,0,0,1,4.454382459971258
37,13,06,37_06,panelist,high,1,1,0,0,4.4893173896689635
37,13,07,37_07,panelist,med,1,0,0,0,3.8004834519514485
37,13,08,37_08,panelist,low,1,0,1,0,4.580073527574096
37,13,09,37_09,panelist,none,1,0,0,1,4.851531942985109
37,13,10,37_10,reviewer,med,0,0,0,0,4.4918604158931945
37,13,11,37_11,panelist,none,1,0,0,1,4.427960227101521
37,13,12,37_12,panelist,high,1,1,0,0,4.450766901933514
37,13,13,37_13,panelist,med,1,0,0,0,4.806669572172017
37,13,14,37_14,panelist,med,1,0,0,0,4.38653961550509
37,13,15,37_15,panelist,low,1,0,1,0,4.698323563140718
37,13,16,37_16,panelist,high,1,1,0,0,4.561971280051859
37,13,17,37_17,panelist,med,1,0,0,0,4.361632411090946
37,13,18,37_18,reviewer,med,0,0,0,0,4.361727739987682
37,13,19,37_19,panelist,high,1,1,0,0,4.262037237134537
37,13,20,37_20,panelist,low,1,0,1,0,4.705854119879646
37,13,21,37_21,panelist,med,1,0,0,0,4.316285494755467
37,13,22,37_22,panelist,low,1,0,1,0,4.603351396960494
37,13,23,37_23,panelist,none,1,0,0,1,4.697483528920904
37,13,24,37_24,panelist,med,1,0,0,0,4.174363896216932
37,14,01,37_01,panelist,med,1,0,0,0,3.714564997399008
37,14,02,37_02,panelist,high,1,1,0,0,4.548870895823249
37,14,03,37_03,panelist,med,1,0,0,0,3.8148754934348306
37,14,04,37_04,panelist,med,1,0,0,0,3.793685367734241
37,14,05,37_05,reviewer,high,0,1,0,0,3.8814538945076253
37,14,06,37_06,panelist,med,1,0,0,0,4.602970447631646
37,14,07,37_07,panelist,none,1,0,0,1,3.9542388354848335
37,14,08,37_08,panelist,med,1,0,0,0,4.1219125866671575
37,14,09,37_09,panelist,none,1,0,0,1,4.61654423966951
37,14,10,37_10,panelist,med,1,0,0,0,3.9138801946819943
37,14,11,37_11,panelist,high,1,1,0,0,3.8070097722776937
37,14,12,37_12,panelist,low,1,0,1,0,4.161678925533252
37,14,13,37_13,panelist,low,1,0,1,0,4.784242004825444
37,14,14,37_14,panelist,none,1,0,0,1,4.225581519962332
37,14,15,37_15,panelist,high,1,1,0,0,4.234416164865982
37,14,16,37_16,panelist,med,1,0,0,0,4.268949980442792
37,14,17,37_17,panelist,none,1,0,0,1,4.277416253245452
37,14,18,37_18,reviewer,med,0,0,0,0,4.3746853514191795
37,14,19,37_19,panelist,med,1,0,0,0,3.9018886645437334
37,14,20,37_20,panelist,low,1,0,1,0,4.295562032191588
37,14,21,37_21,panelist,high,1,1,0,0,4.031762919717197
37,14,22,37_22,panelist,med,1,0,0,0,3.638522078441675
37,14,23,37_23,panelist,low,1,0,1,0,4.134332200519966
37,14,24,37_24,reviewer,high,0,1,0,0,3.9183863564761934
37,15,01,37_01,panelist,high,1,1,0,0,3.5974416525251813
37,15,02,37_02,panelist,high,1,1,0,0,4.334651164096818
37,15,03,37_03,panelist,high,1,1,0,0,3.557602835421525
37,15,04,37_04,reviewer,med,0,0,0,0,3.53899877144305
37,15,05,37_05,panelist,med,1,0,0,0,3.552744066045736
37,15,06,37_06,panelist,med,1,0,0,0,3.5500232867266104
37,15,07,37_07,panelist,low,1,0,1,0,3.86593165756269
37,15,08,37_08,panelist,high,1,1,0,0,4.028205282959992
37,15,09,37_09,panelist,low,1,0,1,0,4.219823474488934
37,15,10,37_10,reviewer,none,0,0,0,1,4.154844946774688
37,15,11,37_11,panelist,med,1,0,0,0,3.6316388061310216
37,15,12,37_12,panelist,none,1,0,0,1,4.274705859013908
37,15,13,37_13,panelist,none,1,0,0,1,3.997744785896387
37,15,14,37_14,panelist,med,1,0,0,0,4.337875511898834
37,15,15,37_15,panelist,none,1,0,0,1,3.797584226261975
37,15,16,37_16,reviewer,low,0,0,1,0,3.5037118030506886
37,15,17,37_17,panelist,med,1,0,0,0,3.545537419396726
37,15,18,37_18,panelist,med,1,0,0,0,3.544940795328057
37,15,19,37_19,panelist,med,1,0,0,0,3.923825030429772
37,15,20,37_20,panelist,med,1,0,0,0,4.109753310296292
37,15,21,37_21,panelist,med,1,0,0,0,3.9683806327719102
37,15,22,37_22,panelist,high,1,1,0,0,3.770119444740338
37,15,23,37_23,panelist,low,1,0,1,0,3.751044177918469
37,15,24,37_24,panelist,high,1,1,0,0,3.5037327065203154
38,1,01,38_01,reviewer,low,0,0,1,0,4.029371231435618
38,1,02,38_02,panelist,med,1,0,0,0,4.314138513605437
38,1,03,38_03,panelist,low,1,0,1,0,3.7498489153127674
38,1,04,38_04,panelist,high,1,1,0,0,3.7317229533343657
38,1,05,38_05,panelist,med,1,0,0,0,3.9515946240663244
38,1,06,38_06,panelist,none,1,0,0,1,4.405896999253073
38,1,07,38_07,panelist,high,1,1,0,0,3.9110525976708774
38,1,08,38_08,panelist,med,1,0,0,0,4.29872138707779
38,1,09,38_09,panelist,none,1,0,0,1,4.811658778046776
38,1,10,38_10,panelist,low,1,0,1,0,3.90084524018923
38,1,11,38_11,panelist,med,1,0,0,0,3.581964969200689
38,1,12,38_12,panelist,low,1,0,1,0,4.346775152114485
38,1,13,38_13,panelist,none,1,0,0,1,4.593856425989668
38,1,14,38_14,panelist,high,1,1,0,0,4.042006263727429
38,1,15,38_15,panelist,med,1,0,0,0,4.478190101998023
38,1,16,38_16,panelist,high,1,1,0,0,4.034793824403305
38,1,17,38_17,panelist,med,1,0,0,0,3.9474384611043876
38,1,18,38_18,reviewer,med,0,0,0,0,3.9649279541549816
38,1,19,38_19,panelist,high,1,1,0,0,3.6921179776248336
38,1,20,38_20,panelist,high,1,1,0,0,4.1973051927320055
38,1,21,38_21,reviewer,med,0,0,0,0,3.705944311894448
38,1,22,38_22,panelist,none,1,0,0,1,4.347979033862312
38,1,23,38_23,panelist,med,1,0,0,0,4.147929636409871
38,1,24,38_24,panelist,med,1,0,0,0,3.8796541475660775
38,2,01,38_01,panelist,med,1,0,0,0,4.214551937750562
38,2,02,38_02,panelist,none,1,0,0,1,4.857256304427574
38,2,03,38_03,panelist,med,1,0,0,0,3.932978121339792
38,2,04,38_04,panelist,med,1,0,0,0,3.9331625108697645
38,2,05,38_05,panelist,med,1,0,0,0,3.949236663869107
38,2,06,38_06,panelist,high,1,1,0,0,4.0720645583488935
38,2,07,38_07,panelist,none,1,0,0,1,3.9787777639866477
38,2,08,38_08,reviewer,med,0,0,0,0,4.16050197999124
38,2,09,38_09,panelist,med,1,0,0,0,4.193178507324171
38,2,10,38_10,panelist,low,1,0,1,0,3.994952624892643
38,2,11,38_11,panelist,none,1,0,0,1,3.9191756822296866
38,2,12,38_12,panelist,med,1,0,0,0,4.09148518418704
38,2,13,38_13,panelist,high,1,1,0,0,4.150214907962655
38,2,14,38_14,panelist,high,1,1,0,0,3.7850398424585334
38,2,15,38_15,panelist,high,1,1,0,0,3.8804474911309006
38,2,16,38_16,panelist,high,1,1,0,0,4.254670249381476
38,2,17,38_17,panelist,low,1,0,1,0,4.255708724605516
38,2,18,38_18,panelist,none,1,0,0,1,4.38251966710163
38,2,19,38_19,panelist,med,1,0,0,0,3.57579488616468
38,2,20,38_20,panelist,low,1,0,1,0,4.394398848275238
38,2,21,38_21,reviewer,med,0,0,0,0,3.9802889224967957
38,2,22,38_22,panelist,low,1,0,1,0,4.256589468778561
38,2,23,38_23,panelist,high,1,1,0,0,4.469350514658099
38,2,24,38_24,reviewer,med,0,0,0,0,3.655031475860085
38,3,01,38_01,panelist,med,1,0,0,0,4.073388778854753
38,3,02,38_02,panelist,med,1,0,0,0,4.388267817368054
38,3,03,38_03,panelist,high,1,1,0,0,3.8901290658251986
38,3,04,38_04,panelist,med,1,0,0,0,3.7648709610548146
38,3,05,38_05,panelist,med,1,0,0,0,3.645631836915428
38,3,06,38_06,reviewer,high,0,1,0,0,3.8515478062822623
38,3,07,38_07,panelist,low,1,0,1,0,4.221885522957792
38,3,08,38_08,panelist,med,1,0,0,0,4.19035999674543
38,3,09,38_09,panelist,low,1,0,1,0,4.659974031679359
38,3,10,38_10,reviewer,none,0,0,0,1,4.014051123049969
38,3,11,38_11,panelist,low,1,0,1,0,3.7792293878490364
38,3,12,38_12,panelist,med,1,0,0,0,3.7864548348121474
38,3,13,38_13,panelist,med,1,0,0,0,4.458904842402057
38,3,14,38_14,panelist,high,1,1,0,0,3.8946184158986794
38,3,15,38_15,panelist,low,1,0,1,0,4.051632901317546
38,3,16,38_16,panelist,none,1,0,0,1,4.26260568183727
38,3,17,38_17,panelist,none,1,0,0,1,4.678138323007455
38,3,18,38_18,panelist,med,1,0,0,0,4.0512286672475994
38,3,19,38_19,panelist,med,1,0,0,0,3.7443770364995403
38,3,20,38_20,reviewer,high,0,1,0,0,3.832905155772917
38,3,21,38_21,panelist,med,1,0,0,0,4.211357583051614
38,3,22,38_22,panelist,none,1,0,0,1,4.357282116601021
38,3,23,38_23,panelist,high,1,1,0,0,4.408130891498372
38,3,24,38_24,panelist,high,1,1,0,0,3.7591179830205883
38,4,01,38_01,panelist,none,1,0,0,1,4.257895900883517
38,4,02,38_02,panelist,med,1,0,0,0,4.411014554204281
38,4,03,38_03,panelist,high,1,1,0,0,3.722334419550422
38,4,04,38_04,panelist,med,1,0,0,0,4.300558872072867
38,4,05,38_05,panelist,high,1,1,0,0,3.7158861522139417
38,4,06,38_06,panelist,med,1,0,0,0,4.238549561457679
38,4,07,38_07,reviewer,high,0,1,0,0,3.868474638148442
38,4,08,38_08,panelist,med,1,0,0,0,4.544952981924312
38,4,09,38_09,panelist,high,1,1,0,0,4.734458155336075
38,4,10,38_10,panelist,med,1,0,0,0,4.226841618460964
38,4,11,38_11,panelist,med,1,0,0,0,3.886455620924249
38,4,12,38_12,panelist,low,1,0,1,0,4.280667195341698
38,4,13,38_13,panelist,low,1,0,1,0,4.741708161742487
38,4,14,38_14,panelist,high,1,1,0,0,4.1797936615113205
38,4,15,38_15,panelist,none,1,0,0,1,4.64433424337139
38,4,16,38_16,reviewer,med,0,0,0,0,4.131998430941676
38,4,17,38_17,panelist,low,1,0,1,0,4.814235707788303
38,4,18,38_18,panelist,med,1,0,0,0,4.6603574148997575
38,4,19,38_19,panelist,none,1,0,0,1,4.2969188091494726
38,4,20,38_20,panelist,none,1,0,0,1,4.312785444869679
38,4,21,38_21,panelist,med,1,0,0,0,4.269344902822526
38,4,22,38_22,panelist,med,1,0,0,0,4.2425286295555376
38,4,23,38_23,reviewer,high,0,1,0,0,3.7675659607844088
38,4,24,38_24,panelist,low,1,0,1,0,4.280419285391655
38,5,01,38_01,panelist,high,1,1,0,0,3.7841919739668484
38,5,02,38_02,panelist,med,1,0,0,0,4.097151066531864
38,5,03,38_03,panelist,med,1,0,0,0,3.6932149153035114
38,5,04,38_04,panelist,med,1,0,0,0,3.5843678724261725
38,5,05,38_05,panelist,none,1,0,0,1,3.795897408083736
38,5,06,38_06,panelist,med,1,0,0,0,4.111850562062413
38,5,07,38_07,panelist,med,1,0,0,0,3.665771764260435
38,5,08,38_08,panelist,med,1,0,0,0,3.9246517433405645
38,5,09,38_09,reviewer,low,0,0,1,0,4.299515732896603
38,5,10,38_10,panelist,low,1,0,1,0,3.907577503668512
38,5,11,38_11,panelist,high,1,1,0,0,3.9517302502401392
38,5,12,38_12,reviewer,high,0,1,0,0,3.574205061024118
38,5,13,38_13,panelist,med,1,0,0,0,4.098166011383436
38,5,14,38_14,panelist,med,1,0,0,0,3.6844747963345843
38,5,15,38_15,panelist,none,1,0,0,1,4.266159855411908
38,5,16,38_16,panelist,high,1,1,0,0,3.7685210863520715
38,5,17,38_17,reviewer,high,0,1,0,0,3.673315294771109
38,5,18,38_18,panelist,low,1,0,1,0,3.695243568728696
38,5,19,38_19,panelist,none,1,0,0,1,3.7920617477463705
38,5,20,38_20,panelist,none,1,0,0,1,4.728667628398683
38,5,21,38_21,panelist,med,1,0,0,0,3.9443808503146793
38,5,22,38_22,panelist,med,1,0,0,0,3.5538581621565024
38,5,23,38_23,panelist,high,1,1,0,0,3.732332641710948
38,5,24,38_24,panelist,low,1,0,1,0,3.9948142000917604
38,6,01,38_01,panelist,low,1,0,1,0,4.339966203939217
38,6,02,38_02,reviewer,high,0,1,0,0,4.276392841353881
38,6,03,38_03,reviewer,low,0,0,1,0,4.085118972625736
38,6,04,38_04,panelist,med,1,0,0,0,4.064951294133233
38,6,05,38_05,panelist,med,1,0,0,0,3.948504165697852
38,6,06,38_06,panelist,med,1,0,0,0,4.714699340774216
38,6,07,38_07,panelist,high,1,1,0,0,4.042070963815461
38,6,08,38_08,panelist,med,1,0,0,0,4.795931202272818
38,6,09,38_09,panelist,med,1,0,0,0,4.639107972767018
38,6,10,38_10,panelist,med,1,0,0,0,4.286089820471506
38,6,11,38_11,panelist,med,1,0,0,0,3.7140724402257606
38,6,12,38_12,panelist,low,1,0,1,0,4.494535197473716
38,6,13,38_13,panelist,none,1,0,0,1,4.632280550653489
38,6,14,38_14,panelist,none,1,0,0,1,4.1940397934423155
38,6,15,38_15,panelist,none,1,0,0,1,4.459476567296731
38,6,16,38_16,panelist,high,1,1,0,0,4.4012592775347885
38,6,17,38_17,panelist,high,1,1,0,0,4.578816710521419
38,6,18,38_18,panelist,med,1,0,0,0,4.221346928416962
38,6,19,38_19,panelist,high,1,1,0,0,3.6770780100381124
38,6,20,38_20,panelist,low,1,0,1,0,4.892319436359281
38,6,21,38_21,panelist,med,1,0,0,0,4.164827685137828
38,6,22,38_22,panelist,high,1,1,0,0,4.513796232733264
38,6,23,38_23,reviewer,med,0,0,0,0,4.347138774256375
38,6,24,38_24,panelist,none,1,0,0,1,4.261378599667942
38,7,01,38_01,panelist,low,1,0,1,0,4.299735063955746
38,7,02,38_02,panelist,none,1,0,0,1,4.884805049695892
38,7,03,38_03,panelist,med,1,0,0,0,4.507465644528611
38,7,04,38_04,panelist,med,1,0,0,0,4.452452137011598
38,7,05,38_05,panelist,high,1,1,0,0,4.090311860500771
38,7,06,38_06,panelist,med,1,0,0,0,4.7334255982124285
38,7,07,38_07,panelist,low,1,0,1,0,4.352265294962752
38,7,08,38_08,panelist,high,1,1,0,0,4.606053612496186
38,7,09,38_09,panelist,med,1,0,0,0,4.738774927801732
38,7,10,38_10,panelist,high,1,1,0,0,4.509364083147472
38,7,11,38_11,panelist,none,1,0,0,1,4.522314247753865
38,7,12,38_12,panelist,high,1,1,0,0,4.290133684344918
38,7,13,38_13,panelist,med,1,0,0,0,4.883751681332681
38,7,14,38_14,panelist,low,1,0,1,0,4.537483328517572
38,7,15,38_15,panelist,none,1,0,0,1,4.684721266226432
38,7,16,38_16,reviewer,med,0,0,0,0,4.227432094830012
38,7,17,38_17,reviewer,none,0,0,0,1,4.390829678684757
38,7,18,38_18,panelist,med,1,0,0,0,4.324377201661675
38,7,19,38_19,panelist,med,1,0,0,0,4.3193114354031215
38,7,20,38_20,panelist,low,1,0,1,0,4.889764631342217
38,7,21,38_21,panelist,med,1,0,0,0,4.6766262579516935
38,7,22,38_22,panelist,med,1,0,0,0,4.016567721509569
38,7,23,38_23,panelist,high,1,1,0,0,4.550462621981086
38,7,24,38_24,reviewer,high,0,1,0,0,4.138244402113138
38,8,01,38_01,panelist,high,1,1,0,0,3.613883465737772
38,8,02,38_02,panelist,med,1,0,0,0,3.8814710574050753
38,8,03,38_03,panelist,low,1,0,1,0,3.6355262407050017
38,8,04,38_04,panelist,high,1,1,0,0,3.5722294474339336
38,8,05,38_05,panelist,med,1,0,0,0,3.5385411835272245
38,8,06,38_06,panelist,high,1,1,0,0,3.9974203881997226
38,8,07,38_07,panelist,none,1,0,0,1,3.82999224774682
38,8,08,38_08,panelist,high,1,1,0,0,3.9224103013877767
38,8,09,38_09,reviewer,med,0,0,0,0,3.939300793814252
38,8,10,38_10,panelist,med,1,0,0,0,3.829601648974619
38,8,11,38_11,panelist,high,1,1,0,0,3.532904091211077
38,8,12,38_12,panelist,none,1,0,0,1,3.978522975287619
38,8,13,38_13,panelist,low,1,0,1,0,4.476083262771275
38,8,14,38_14,panelist,high,1,1,0,0,3.8922608403548558
38,8,15,38_15,panelist,med,1,0,0,0,3.9555458802552934
38,8,16,38_16,reviewer,med,0,0,0,0,3.748272647768972
38,8,17,38_17,panelist,med,1,0,0,0,3.791811741621868
38,8,18,38_18,panelist,none,1,0,0,1,4.069242944101285
38,8,19,38_19,reviewer,med,0,0,0,0,3.5009986635898693
38,8,20,38_20,panelist,none,1,0,0,1,4.388265890845939
38,8,21,38_21,panelist,med,1,0,0,0,3.8285058426947347
38,8,22,38_22,panelist,low,1,0,1,0,3.990320906444308
38,8,23,38_23,panelist,low,1,0,1,0,4.006743431778309
38,8,24,38_24,panelist,med,1,0,0,0,3.539676449465449
38,9,01,38_01,panelist,med,1,0,0,0,4.087289088242044
38,9,02,38_02,panelist,med,1,0,0,0,4.840261213144361
38,9,03,38_03,panelist,med,1,0,0,0,3.7694400333268563
38,9,04,38_04,panelist,high,1,1,0,0,4.367483105676684
38,9,05,38_05,panelist,med,1,0,0,0,4.18859739968114
38,9,06,38_06,panelist,none,1,0,0,1,4.408929177478967
38,9,07,38_07,reviewer,none,0,0,0,1,4.251395735926694
38,9,08,38_08,panelist,med,1,0,0,0,4.597541117999683
38,9,09,38_09,reviewer,high,0,1,0,0,4.286632607911989
38,9,10,38_10,panelist,med,1,0,0,0,4.517793747875805
38,9,11,38_11,panelist,high,1,1,0,0,3.687299980695832
38,9,12,38_12,panelist,low,1,0,1,0,4.419010211809846
38,9,13,38_13,panelist,low,1,0,1,0,4.798948653080808
38,9,14,38_14,panelist,high,1,1,0,0,4.521694960858102
38,9,15,38_15,panelist,low,1,0,1,0,4.333571617653682
38,9,16,38_16,panelist,med,1,0,0,0,4.840061587498966
38,9,17,38_17,panelist,none,1,0,0,1,4.643583085622902
38,9,18,38_18,reviewer,high,0,1,0,0,4.175044121886747
38,9,19,38_19,panelist,high,1,1,0,0,3.9803143326042165
38,9,20,38_20,panelist,med,1,0,0,0,4.191844661902844
38,9,21,38_21,panelist,med,1,0,0,0,4.575728013884137
38,9,22,38_22,panelist,low,1,0,1,0,4.37345393651298
38,9,23,38_23,panelist,med,1,0,0,0,4.601137066037701
38,9,24,38_24,panelist,none,1,0,0,1,4.212225272562895
38,10,01,38_01,panelist,none,1,0,0,1,4.199544171157886
38,10,02,38_02,panelist,high,1,1,0,0,4.059751538031587
38,10,03,38_03,panelist,med,1,0,0,0,3.917882009831601
38,10,04,38_04,panelist,med,1,0,0,0,3.7455561572686626
38,10,05,38_05,reviewer,none,0,0,0,1,3.9174383248336175
38,10,06,38_06,panelist,low,1,0,1,0,4.320074195424883
38,10,07,38_07,panelist,high,1,1,0,0,3.5783177238814985
38,10,08,38_08,panelist,med,1,0,0,0,4.4014878916702855
38,10,09,38_09,panelist,med,1,0,0,0,4.409911497287098
38,10,10,38_10,panelist,high,1,1,0,0,3.9447117159457528
38,10,11,38_11,panelist,med,1,0,0,0,3.5702127674602595
38,10,12,38_12,panelist,none,1,0,0,1,4.14221054401417
38,10,13,38_13,panelist,med,1,0,0,0,4.198807225511536
38,10,14,38_14,panelist,high,1,1,0,0,4.21937278276075
38,10,15,38_15,reviewer,high,0,1,0,0,3.5344986518793635
38,10,16,38_16,panelist,none,1,0,0,1,4.40776070988067
38,10,17,38_17,panelist,med,1,0,0,0,3.9846405205164674
38,10,18,38_18,panelist,low,1,0,1,0,4.1911949115068925
38,10,19,38_19,panelist,low,1,0,1,0,4.003029244187732
38,10,20,38_20,panelist,high,1,1,0,0,4.382538743787987
38,10,21,38_21,panelist,med,1,0,0,0,4.222604669607086
38,10,22,38_22,reviewer,med,0,0,0,0,3.6149234439095053
38,10,23,38_23,panelist,med,1,0,0,0,4.168508203586679
38,10,24,38_24,panelist,low,1,0,1,0,4.17341244356838
38,11,01,38_01,reviewer,med,0,0,0,0,3.9153677614709776
38,11,02,38_02,panelist,low,1,0,1,0,4.52535873625184
38,11,03,38_03,panelist,high,1,1,0,0,3.64716496261634
38,11,04,38_04,panelist,high,1,1,0,0,4.197433159666359
38,11,05,38_05,panelist,med,1,0,0,0,3.5800767861425165
38,11,06,38_06,panelist,high,1,1,0,0,4.292137174832039
38,11,07,38_07,panelist,high,1,1,0,0,3.6529455388133436
38,11,08,38_08,panelist,low,1,0,1,0,4.1642049527178395
38,11,09,38_09,panelist,med,1,0,0,0,4.505226705631671
38,11,10,38_10,panelist,med,1,0,0,0,3.841041600973811
38,11,11,38_11,reviewer,med,0,0,0,0,3.5945585393387716
38,11,12,38_12,panelist,none,1,0,0,1,3.9670523447528394
38,11,13,38_13,panelist,med,1,0,0,0,4.096817904584345
38,11,14,38_14,panelist,none,1,0,0,1,3.9532590262310583
38,11,15,38_15,panelist,low,1,0,1,0,3.7930496549462815
38,11,16,38_16,panelist,med,1,0,0,0,4.110502902605927
38,11,17,38_17,reviewer,low,0,0,1,0,3.6316181598340154
38,11,18,38_18,panelist,high,1,1,0,0,3.861788742530395
38,11,19,38_19,panelist,med,1,0,0,0,3.9425685167157916
38,11,20,38_20,panelist,med,1,0,0,0,4.155905638715379
38,11,21,38_21,panelist,none,1,0,0,1,4.240446414251436
38,11,22,38_22,panelist,high,1,1,0,0,4.209790443728323
38,11,23,38_23,panelist,med,1,0,0,0,3.845832554602593
38,11,24,38_24,panelist,none,1,0,0,1,3.7462166082708688
38,12,01,38_01,panelist,none,1,0,0,1,4.178202201514345
38,12,02,38_02,panelist,med,1,0,0,0,4.541365686032769
38,12,03,38_03,panelist,low,1,0,1,0,3.6068653269098045
38,12,04,38_04,panelist,low,1,0,1,0,3.7100208903892655
38,12,05,38_05,panelist,med,1,0,0,0,4.115791130514952
38,12,06,38_06,panelist,high,1,1,0,0,3.900678248979648
38,12,07,38_07,panelist,med,1,0,0,0,4.1641872860565226
38,12,08,38_08,panelist,med,1,0,0,0,4.036745397734076
38,12,09,38_09,reviewer,high,0,1,0,0,4.336947505318458
38,12,10,38_10,panelist,none,1,0,0,1,4.16601780046986
38,12,11,38_11,reviewer,med,0,0,0,0,3.7501152228241663
38,12,12,38_12,panelist,high,1,1,0,0,3.7627849986805186
38,12,13,38_13,panelist,none,1,0,0,1,4.8864794288406195
38,12,14,38_14,panelist,none,1,0,0,1,4.480009189380644
38,12,15,38_15,panelist,med,1,0,0,0,3.96655871814103
38,12,16,38_16,panelist,med,1,0,0,0,4.4212572763471645
38,12,17,38_17,panelist,high,1,1,0,0,3.7822450989144376
38,12,18,38_18,panelist,high,1,1,0,0,4.295214619728889
38,12,19,38_19,panelist,med,1,0,0,0,3.8403859912847924
38,12,20,38_20,panelist,med,1,0,0,0,4.4326460069977225
38,12,21,38_21,panelist,high,1,1,0,0,4.0620962480132246
38,12,22,38_22,reviewer,low,0,0,1,0,3.776976621898951
38,12,23,38_23,panelist,low,1,0,1,0,4.5679473914362125
38,12,24,38_24,panelist,med,1,0,0,0,3.709805835012514
38,13,01,38_01,panelist,none,1,0,0,1,4.371255752973904
38,13,02,38_02,panelist,med,1,0,0,0,4.763961197401174
38,13,03,38_03,panelist,med,1,0,0,0,3.744024240461615
38,13,04,38_04,panelist,low,1,0,1,0,4.030335842065902
38,13,05,38_05,reviewer,high,0,1,0,0,3.6927208767104043
38,13,06,38_06,panelist,med,1,0,0,0,4.217867881324634
38,13,07,38_07,panelist,high,1,1,0,0,4.326610384169975
38,13,08,38_08,panelist,high,1,1,0,0,4.373735411806419
38,13,09,38_09,panelist,none,1,0,0,1,4.868492313030434
38,13,10,38_10,panelist,med,1,0,0,0,4.5395390662642265
38,13,11,38_11,panelist,med,1,0,0,0,4.2538565973094515
38,13,12,38_12,reviewer,none,0,0,0,1,4.312545140285645
38,13,13,38_13,panelist,high,1,1,0,0,4.722931654290421
38,13,14,38_14,panelist,med,1,0,0,0,4.086193331172011
38,13,15,38_15,panelist,med,1,0,0,0,4.258860127986423
38,13,16,38_16,panelist,med,1,0,0,0,3.928193601170783
38,13,17,38_17,panelist,med,1,0,0,0,4.683077179836831
38,13,18,38_18,panelist,low,1,0,1,0,4.363537578812763
38,13,19,38_19,panelist,low,1,0,1,0,4.322713269453637
38,13,20,38_20,reviewer,high,0,1,0,0,4.078832205962158
38,13,21,38_21,panelist,none,1,0,0,1,4.569630057687468
38,13,22,38_22,panelist,low,1,0,1,0,4.1761194988271795
38,13,23,38_23,panelist,med,1,0,0,0,4.278927054274649
38,13,24,38_24,panelist,high,1,1,0,0,3.9209451046644546
38,14,01,38_01,panelist,high,1,1,0,0,3.5871119029066842
38,14,02,38_02,panelist,med,1,0,0,0,4.300116767578979
38,14,03,38_03,panelist,med,1,0,0,0,3.7767639200563123
38,14,04,38_04,reviewer,high,0,1,0,0,3.5397549852735897
38,14,05,38_05,panelist,high,1,1,0,0,4.055928047303901
38,14,06,38_06,panelist,low,1,0,1,0,3.9711749180865143
38,14,07,38_07,panelist,low,1,0,1,0,3.88128149891172
38,14,08,38_08,panelist,low,1,0,1,0,4.348658982046224
38,14,09,38_09,panelist,med,1,0,0,0,4.422728068421862
38,14,10,38_10,panelist,med,1,0,0,0,3.9014113996045405
38,14,11,38_11,panelist,med,1,0,0,0,3.5230561043138606
38,14,12,38_12,reviewer,med,0,0,0,0,3.878491673246823
38,14,13,38_13,panelist,med,1,0,0,0,4.460579378457407
38,14,14,38_14,reviewer,med,0,0,0,0,3.8040307312550845
38,14,15,38_15,panelist,none,1,0,0,1,4.306154410890179
38,14,16,38_16,panelist,none,1,0,0,1,3.9553741997517387
38,14,17,38_17,panelist,none,1,0,0,1,4.09942919200835
38,14,18,38_18,panelist,med,1,0,0,0,4.1588254193794505
38,14,19,38_19,panelist,med,1,0,0,0,3.7958012684215556
38,14,20,38_20,panelist,low,1,0,1,0,4.164339290234241
38,14,21,38_21,panelist,high,1,1,0,0,3.984093395334649
38,14,22,38_22,panelist,high,1,1,0,0,4.064664529303157
38,14,23,38_23,panelist,none,1,0,0,1,4.581972849706108
38,14,24,38_24,panelist,high,1,1,0,0,3.685567963675505
38,15,01,38_01,reviewer,med,0,0,0,0,3.500744945180986
38,15,02,38_02,panelist,high,1,1,0,0,3.775720894561363
38,15,03,38_03,panelist,med,1,0,0,0,3.5414044669903806
38,15,04,38_04,panelist,med,1,0,0,0,3.6355210239997215
38,15,05,38_05,panelist,med,1,0,0,0,3.73702951534779
38,15,06,38_06,panelist,med,1,0,0,0,3.6844561349427867
38,15,07,38_07,panelist,low,1,0,1,0,3.804205850398644
38,15,08,38_08,panelist,high,1,1,0,0,3.608379571874389
38,15,09,38_09,panelist,med,1,0,0,0,4.102879016198972
38,15,10,38_10,panelist,high,1,1,0,0,3.6816226217490167
38,15,11,38_11,panelist,none,1,0,0,1,3.5692856742841697
38,15,12,38_12,panelist,none,1,0,0,1,3.7897497659895034
38,15,13,38_13,panelist,low,1,0,1,0,4.154831411311812
38,15,14,38_14,panelist,low,1,0,1,0,4.2105741997997335
38,15,15,38_15,panelist,med,1,0,0,0,3.7493760638297915
38,15,16,38_16,panelist,high,1,1,0,0,3.6343701123908176
38,15,17,38_17,panelist,med,1,0,0,0,3.655743951099323
38,15,18,38_18,reviewer,high,0,1,0,0,3.5720007054840663
38,15,19,38_19,panelist,low,1,0,1,0,3.6433659479838902
38,15,20,38_20,reviewer,none,0,0,0,1,3.9106141298691477
38,15,21,38_21,panelist,none,1,0,0,1,3.83609467218197
38,15,22,38_22,panelist,med,1,0,0,0,3.64672140237233
38,15,23,38_23,panelist,high,1,1,0,0,3.9645328337311607
38,15,24,38_24,panelist,med,1,0,0,0,3.599613918847815
39,1,01,39_01,panelist,med,1,0,0,0,3.887906220296026
39,1,02,39_02,panelist,high,1,1,0,0,4.538529746300769
39,1,03,39_03,panelist,low,1,0,1,0,3.6116394143727897
39,1,04,39_04,panelist,med,1,0,0,0,3.9704814267206383
39,1,05,39_05,panelist,none,1,0,0,1,3.9715310571519424
39,1,06,39_06,panelist,low,1,0,1,0,4.69488007930112
39,1,07,39_07,panelist,none,1,0,0,1,4.393610646901423
39,1,08,39_08,panelist,med,1,0,0,0,4.607978372369995
39,1,09,39_09,panelist,med,1,0,0,0,4.751251101837867
39,1,10,39_10,panelist,high,1,1,0,0,4.0145262059198625
39,1,11,39_11,panelist,high,1,1,0,0,4.18078664681421
39,1,12,39_12,panelist,none,1,0,0,1,4.415200138029058
39,1,13,39_13,panelist,high,1,1,0,0,4.203416995977224
39,1,14,39_14,reviewer,none,0,0,0,1,4.304991517667562
39,1,15,39_15,panelist,med,1,0,0,0,4.193898358386036
39,1,16,39_16,panelist,low,1,0,1,0,3.9885850973862373
39,1,17,39_17,reviewer,low,0,0,1,0,3.961599730002002
39,1,18,39_18,reviewer,med,0,0,0,0,4.1941709371121645
39,1,19,39_19,panelist,high,1,1,0,0,4.062627461932362
39,1,20,39_20,panelist,med,1,0,0,0,4.3648399245813545
39,1,21,39_21,panelist,med,1,0,0,0,4.090646424034348
39,1,22,39_22,panelist,med,1,0,0,0,4.609812371011125
39,1,23,39_23,panelist,med,1,0,0,0,4.520975639110484
39,1,24,39_24,panelist,high,1,1,0,0,3.901105420331409
39,2,01,39_01,reviewer,low,0,0,1,0,4.141193461745211
39,2,02,39_02,panelist,high,1,1,0,0,4.410677334281641
39,2,03,39_03,panelist,high,1,1,0,0,3.661903547039659
39,2,04,39_04,panelist,high,1,1,0,0,4.04456329972577
39,2,05,39_05,panelist,high,1,1,0,0,3.8289266897040206
39,2,06,39_06,panelist,med,1,0,0,0,4.3872858506340595
39,2,07,39_07,panelist,none,1,0,0,1,4.350250167262432
39,2,08,39_08,panelist,low,1,0,1,0,4.376587184673032
39,2,09,39_09,panelist,none,1,0,0,1,4.806270156159581
39,2,10,39_10,panelist,none,1,0,0,1,4.25019152085912
39,2,11,39_11,panelist,med,1,0,0,0,4.01514817821183
39,2,12,39_12,panelist,med,1,0,0,0,4.33419323653817
39,2,13,39_13,panelist,med,1,0,0,0,4.573456713100303
39,2,14,39_14,panelist,high,1,1,0,0,4.485741664103498
39,2,15,39_15,reviewer,med,0,0,0,0,4.080458990708283
39,2,16,39_16,panelist,med,1,0,0,0,4.339469674178398
39,2,17,39_17,reviewer,low,0,0,1,0,4.242731154738958
39,2,18,39_18,panelist,med,1,0,0,0,4.476015316164095
39,2,19,39_19,panelist,med,1,0,0,0,4.145977722378053
39,2,20,39_20,panelist,med,1,0,0,0,4.650926283854602
39,2,21,39_21,panelist,med,1,0,0,0,4.2831603869092705
39,2,22,39_22,panelist,low,1,0,1,0,4.63508164884199
39,2,23,39_23,panelist,high,1,1,0,0,3.8736279361789103
39,2,24,39_24,panelist,none,1,0,0,1,4.186187158669748
39,3,01,39_01,reviewer,high,0,1,0,0,3.825040701651443
39,3,02,39_02,panelist,high,1,1,0,0,4.499807857519322
39,3,03,39_03,panelist,low,1,0,1,0,4.192130882190193
39,3,04,39_04,panelist,high,1,1,0,0,4.124615228142551
39,3,05,39_05,panelist,low,1,0,1,0,4.298718606055794
39,3,06,39_06,panelist,none,1,0,0,1,4.6966256414621315
39,3,07,39_07,panelist,low,1,0,1,0,4.261688518210843
39,3,08,39_08,panelist,high,1,1,0,0,4.395333715686867
39,3,09,39_09,reviewer,med,0,0,0,0,4.575817841761099
39,3,10,39_10,panelist,med,1,0,0,0,3.834869804848697
39,3,11,39_11,panelist,med,1,0,0,0,3.957149385340125
39,3,12,39_12,panelist,med,1,0,0,0,4.341939347748465
39,3,13,39_13,panelist,none,1,0,0,1,4.800779660128365
39,3,14,39_14,panelist,high,1,1,0,0,3.991718408593612
39,3,15,39_15,panelist,med,1,0,0,0,4.117166593349773
39,3,16,39_16,panelist,med,1,0,0,0,3.9911954541321175
39,3,17,39_17,panelist,high,1,1,0,0,4.129599749405193
39,3,18,39_18,reviewer,none,0,0,0,1,4.34850479444992
39,3,19,39_19,panelist,low,1,0,1,0,4.143523865557851
39,3,20,39_20,panelist,med,1,0,0,0,4.081000913816848
39,3,21,39_21,panelist,med,1,0,0,0,4.48839945289625
39,3,22,39_22,panelist,med,1,0,0,0,4.626086947801509
39,3,23,39_23,panelist,none,1,0,0,1,4.52880185246163
39,3,24,39_24,panelist,med,1,0,0,0,4.03386860648533
39,4,01,39_01,panelist,none,1,0,0,1,4.826760521106965
39,4,02,39_02,panelist,med,1,0,0,0,4.632763035129037
39,4,03,39_03,panelist,high,1,1,0,0,4.2462689579761275
39,4,04,39_04,reviewer,med,0,0,0,0,4.062783462585213
39,4,05,39_05,panelist,med,1,0,0,0,3.7224857610324222
39,4,06,39_06,panelist,low,1,0,1,0,4.6922733591218355
39,4,07,39_07,panelist,med,1,0,0,0,3.8568612328628964
39,4,08,39_08,panelist,low,1,0,1,0,4.365914644299983
39,4,09,39_09,panelist,high,1,1,0,0,4.788955473197316
39,4,10,39_10,panelist,med,1,0,0,0,4.263494812860636
39,4,11,39_11,panelist,none,1,0,0,1,4.4486989506956345
39,4,12,39_12,reviewer,high,0,1,0,0,3.947289034416751
39,4,13,39_13,panelist,high,1,1,0,0,4.517812131198798
39,4,14,39_14,panelist,med,1,0,0,0,4.7384695698228825
39,4,15,39_15,panelist,none,1,0,0,1,4.843433274957292
39,4,16,39_16,panelist,med,1,0,0,0,4.728572440003149
39,4,17,39_17,reviewer,med,0,0,0,0,4.024136480134867
39,4,18,39_18,panelist,high,1,1,0,0,4.431945077054516
39,4,19,39_19,panelist,med,1,0,0,0,4.144489771138667
39,4,20,39_20,panelist,med,1,0,0,0,4.305737662999542
39,4,21,39_21,panelist,low,1,0,1,0,4.586762162891874
39,4,22,39_22,panelist,high,1,1,0,0,4.135150357991203
39,4,23,39_23,panelist,low,1,0,1,0,4.64214576944256
39,4,24,39_24,panelist,none,1,0,0,1,4.563289669861002
39,5,01,39_01,panelist,none,1,0,0,1,4.038936199696461
39,5,02,39_02,panelist,high,1,1,0,0,4.486009822003685
39,5,03,39_03,panelist,med,1,0,0,0,3.7464790694614645
39,5,04,39_04,panelist,med,1,0,0,0,3.781337007150182
39,5,05,39_05,panelist,med,1,0,0,0,3.8876273205805103
39,5,06,39_06,reviewer,low,0,0,1,0,4.202669701754919
39,5,07,39_07,panelist,med,1,0,0,0,3.922860270400193
39,5,08,39_08,panelist,high,1,1,0,0,4.258264316843527
39,5,09,39_09,panelist,none,1,0,0,1,4.67908316778401
39,5,10,39_10,panelist,med,1,0,0,0,4.212124525975934
39,5,11,39_11,panelist,high,1,1,0,0,3.5856022916494714
39,5,12,39_12,panelist,low,1,0,1,0,4.2230909664626175
39,5,13,39_13,reviewer,high,0,1,0,0,3.839790201381397
39,5,14,39_14,reviewer,low,0,0,1,0,4.002108637156453
39,5,15,39_15,panelist,high,1,1,0,0,3.9370428271566844
39,5,16,39_16,panelist,high,1,1,0,0,4.173394173525762
39,5,17,39_17,panelist,low,1,0,1,0,4.189845616732763
39,5,18,39_18,panelist,med,1,0,0,0,4.549755069621938
39,5,19,39_19,panelist,med,1,0,0,0,3.974824220398046
39,5,20,39_20,panelist,none,1,0,0,1,4.24162714308401
39,5,21,39_21,panelist,med,1,0,0,0,4.213039579804032
39,5,22,39_22,panelist,med,1,0,0,0,3.8774254210693857
39,5,23,39_23,panelist,med,1,0,0,0,4.43475558141362
39,5,24,39_24,panelist,none,1,0,0,1,4.002306198569809
39,6,01,39_01,panelist,med,1,0,0,0,4.016515232620063
39,6,02,39_02,panelist,low,1,0,1,0,4.639010319038962
39,6,03,39_03,panelist,med,1,0,0,0,4.067300823416948
39,6,04,39_04,reviewer,none,0,0,0,1,4.399798648593233
39,6,05,39_05,panelist,med,1,0,0,0,3.94651223152271
39,6,06,39_06,panelist,med,1,0,0,0,4.676561568620273
39,6,07,39_07,panelist,med,1,0,0,0,4.0992739491238295
39,6,08,39_08,panelist,med,1,0,0,0,4.411849558920034
39,6,09,39_09,panelist,low,1,0,1,0,4.8420926404146005
39,6,10,39_10,panelist,none,1,0,0,1,4.68817914558326
39,6,11,39_11,panelist,high,1,1,0,0,4.28232459590182
39,6,12,39_12,panelist,high,1,1,0,0,4.341360244324032
39,6,13,39_13,panelist,high,1,1,0,0,4.690269907277412
39,6,14,39_14,panelist,med,1,0,0,0,4.783700110841766
39,6,15,39_15,reviewer,med,0,0,0,0,3.9306215002310556
39,6,16,39_16,panelist,low,1,0,1,0,4.408594124293801
39,6,17,39_17,panelist,none,1,0,0,1,4.735655783090012
39,6,18,39_18,panelist,med,1,0,0,0,4.563360728450342
39,6,19,39_19,panelist,med,1,0,0,0,4.180041862466338
39,6,20,39_20,panelist,none,1,0,0,1,4.800558430511483
39,6,21,39_21,panelist,high,1,1,0,0,4.5418422858193965
39,6,22,39_22,panelist,high,1,1,0,0,4.091732654598646
39,6,23,39_23,panelist,low,1,0,1,0,4.52833205806402
39,6,24,39_24,reviewer,high,0,1,0,0,3.8820641865494947
39,7,01,39_01,panelist,low,1,0,1,0,4.321336187945949
39,7,02,39_02,panelist,high,1,1,0,0,4.690796271708872
39,7,03,39_03,panelist,med,1,0,0,0,4.719353692511058
39,7,04,39_04,reviewer,high,0,1,0,0,3.81167170449064
39,7,05,39_05,panelist,med,1,0,0,0,4.341874585976205
39,7,06,39_06,panelist,none,1,0,0,1,4.874532849129933
39,7,07,39_07,panelist,high,1,1,0,0,4.262768292743001
39,7,08,39_08,panelist,med,1,0,0,0,4.717409493848508
39,7,09,39_09,panelist,low,1,0,1,0,4.888103044768612
39,7,10,39_10,panelist,high,1,1,0,0,4.708357146418834
39,7,11,39_11,panelist,none,1,0,0,1,4.636624782268547
39,7,12,39_12,panelist,none,1,0,0,1,4.825337387587247
39,7,13,39_13,panelist,med,1,0,0,0,4.744910926341406
39,7,14,39_14,panelist,none,1,0,0,1,4.862194896800414
39,7,15,39_15,panelist,med,1,0,0,0,4.692540828607863
39,7,16,39_16,panelist,high,1,1,0,0,4.891156766338928
39,7,17,39_17,panelist,med,1,0,0,0,4.8344242922264575
39,7,18,39_18,panelist,low,1,0,1,0,4.685483391277185
39,7,19,39_19,panelist,med,1,0,0,0,4.216408491786831
39,7,20,39_20,reviewer,low,0,0,1,0,4.677602489733264
39,7,21,39_21,panelist,med,1,0,0,0,4.815774716931616
39,7,22,39_22,panelist,med,1,0,0,0,4.647256738431515
39,7,23,39_23,reviewer,med,0,0,0,0,4.78476570894109
39,7,24,39_24,panelist,high,1,1,0,0,4.136659020240218
39,8,01,39_01,panelist,high,1,1,0,0,3.759406814242906
39,8,02,39_02,panelist,med,1,0,0,0,4.240532953318264
39,8,03,39_03,panelist,med,1,0,0,0,3.529283695215521
39,8,04,39_04,panelist,high,1,1,0,0,3.964046121152884
39,8,05,39_05,panelist,low,1,0,1,0,3.907714425949613
39,8,06,39_06,panelist,none,1,0,0,1,4.380316640690226
39,8,07,39_07,panelist,low,1,0,1,0,3.9007489552682153
39,8,08,39_08,reviewer,low,0,0,1,0,4.200221106556205
39,8,09,39_09,panelist,med,1,0,0,0,4.4455670475525295
39,8,10,39_10,panelist,med,1,0,0,0,4.127449107294111
39,8,11,39_11,panelist,med,1,0,0,0,3.581362299206749
39,8,12,39_12,panelist,high,1,1,0,0,3.753914709621684
39,8,13,39_13,panelist,none,1,0,0,1,4.536108380077532
39,8,14,39_14,panelist,med,1,0,0,0,4.218015683119439
39,8,15,39_15,reviewer,high,0,1,0,0,4.062770867671557
39,8,16,39_16,panelist,low,1,0,1,0,4.067888733830671
39,8,17,39_17,panelist,high,1,1,0,0,3.7897585918629684
39,8,18,39_18,panelist,none,1,0,0,1,4.318259695121038
39,8,19,39_19,panelist,med,1,0,0,0,3.953083983961418
39,8,20,39_20,panelist,high,1,1,0,0,4.494569368186323
39,8,21,39_21,panelist,med,1,0,0,0,4.197141893927552
39,8,22,39_22,panelist,med,1,0,0,0,3.8387595178368406
39,8,23,39_23,reviewer,none,0,0,0,1,4.213755029138862
39,8,24,39_24,panelist,med,1,0,0,0,3.5240285192729264
39,9,01,39_01,panelist,none,1,0,0,1,4.87656663021225
39,9,02,39_02,panelist,med,1,0,0,0,4.621506142921037
39,9,03,39_03,panelist,none,1,0,0,1,4.17810450996352
39,9,04,39_04,panelist,med,1,0,0,0,4.308670851798388
39,9,05,39_05,panelist,high,1,1,0,0,4.241696220964082
39,9,06,39_06,panelist,high,1,1,0,0,4.773154528158373
39,9,07,39_07,panelist,none,1,0,0,1,4.42810318335893
39,9,08,39_08,reviewer,high,0,1,0,0,4.672654851801834
39,9,09,39_09,panelist,med,1,0,0,0,4.585099072528783
39,9,10,39_10,reviewer,med,0,0,0,0,4.449894249788084
39,9,11,39_11,panelist,med,1,0,0,0,4.493713642424035
39,9,12,39_12,panelist,high,1,1,0,0,4.720545312577766
39,9,13,39_13,panelist,med,1,0,0,0,4.604393613125863
39,9,14,39_14,panelist,med,1,0,0,0,4.597420294816068
39,9,15,39_15,panelist,low,1,0,1,0,4.645480292733492
39,9,16,39_16,panelist,high,1,1,0,0,4.1978397797611935
39,9,17,39_17,panelist,med,1,0,0,0,4.246613977874212
39,9,18,39_18,panelist,med,1,0,0,0,4.856836257320379
39,9,19,39_19,panelist,low,1,0,1,0,4.579548316791373
39,9,20,39_20,reviewer,low,0,0,1,0,4.654449159403441
39,9,21,39_21,panelist,high,1,1,0,0,4.773063631884912
39,9,22,39_22,panelist,med,1,0,0,0,4.562417102813278
39,9,23,39_23,panelist,low,1,0,1,0,4.61699477519827
39,9,24,39_24,panelist,none,1,0,0,1,4.490831089245302
39,10,01,39_01,panelist,low,1,0,1,0,3.972048097435124
39,10,02,39_02,panelist,high,1,1,0,0,4.624192808404541
39,10,03,39_03,panelist,high,1,1,0,0,3.7332251706648294
39,10,04,39_04,reviewer,med,0,0,0,0,4.049193024903243
39,10,05,39_05,panelist,med,1,0,0,0,3.969973414631513
39,10,06,39_06,panelist,low,1,0,1,0,4.493773263892261
39,10,07,39_07,panelist,low,1,0,1,0,3.9523903646266505
39,10,08,39_08,panelist,high,1,1,0,0,4.19765565357543
39,10,09,39_09,panelist,none,1,0,0,1,4.794625520678822
39,10,10,39_10,panelist,med,1,0,0,0,4.25550265327534
39,10,11,39_11,panelist,low,1,0,1,0,3.772696387018067
39,10,12,39_12,panelist,none,1,0,0,1,4.4637427187535135
39,10,13,39_13,panelist,med,1,0,0,0,4.602864609348361
39,10,14,39_14,panelist,high,1,1,0,0,4.3066695274567675
39,10,15,39_15,panelist,med,1,0,0,0,4.172236890849084
39,10,16,39_16,panelist,none,1,0,0,1,4.530084985761693
39,10,17,39_17,panelist,med,1,0,0,0,4.524924523481759
39,10,18,39_18,reviewer,med,0,0,0,0,4.21359893896411
39,10,19,39_19,panelist,med,1,0,0,0,4.127864386109543
39,10,20,39_20,panelist,high,1,1,0,0,4.195772945495143
39,10,21,39_21,panelist,none,1,0,0,1,4.748670830464631
39,10,22,39_22,panelist,med,1,0,0,0,4.284821070913467
39,10,23,39_23,reviewer,high,0,1,0,0,4.021858245107895
39,10,24,39_24,panelist,med,1,0,0,0,3.6633759908468706
39,11,01,39_01,panelist,low,1,0,1,0,3.9716382255527356
39,11,02,39_02,panelist,med,1,0,0,0,4.604317748903551
39,11,03,39_03,panelist,high,1,1,0,0,3.7537534757827444
39,11,04,39_04,panelist,high,1,1,0,0,3.893978730653512
39,11,05,39_05,panelist,med,1,0,0,0,3.7845707672583564
39,11,06,39_06,panelist,high,1,1,0,0,4.298606637737721
39,11,07,39_07,reviewer,med,0,0,0,0,3.728364957458555
39,11,08,39_08,reviewer,med,0,0,0,0,4.683823206153667
39,11,09,39_09,panelist,med,1,0,0,0,4.602442340851907
39,11,10,39_10,panelist,med,1,0,0,0,4.1784089759390115
39,11,11,39_11,panelist,none,1,0,0,1,4.060657141612088
39,11,12,39_12,panelist,none,1,0,0,1,4.209223109261461
39,11,13,39_13,panelist,med,1,0,0,0,4.583063331460568
39,11,14,39_14,panelist,none,1,0,0,1,4.290713955100267
39,11,15,39_15,panelist,high,1,1,0,0,4.0762836531172635
39,11,16,39_16,panelist,med,1,0,0,0,4.184672494228394
39,11,17,39_17,panelist,high,1,1,0,0,3.827629288004394
39,11,18,39_18,panelist,low,1,0,1,0,4.1120432094001025
39,11,19,39_19,panelist,low,1,0,1,0,4.0891004252358965
39,11,20,39_20,panelist,low,1,0,1,0,4.760486305293874
39,11,21,39_21,reviewer,none,0,0,0,1,4.56257072915465
39,11,22,39_22,panelist,med,1,0,0,0,3.8666983145318623
39,11,23,39_23,panelist,high,1,1,0,0,3.5596524323752825
39,11,24,39_24,panelist,med,1,0,0,0,4.13451355726272
39,12,01,39_01,panelist,med,1,0,0,0,4.278740107846754
39,12,02,39_02,reviewer,med,0,0,0,0,4.294088349501861
39,12,03,39_03,panelist,none,1,0,0,1,4.275108797967955
39,12,04,39_04,panelist,low,1,0,1,0,4.2073679989047115
39,12,05,39_05,panelist,med,1,0,0,0,4.308042781587229
39,12,06,39_06,panelist,med,1,0,0,0,4.166109913606862
39,12,07,39_07,panelist,none,1,0,0,1,4.250253157261737
39,12,08,39_08,panelist,none,1,0,0,1,4.592669229111343
39,12,09,39_09,panelist,med,1,0,0,0,4.864066027879809
39,12,10,39_10,panelist,med,1,0,0,0,4.266214861952678
39,12,11,39_11,panelist,high,1,1,0,0,3.766358134749575
39,12,12,39_12,panelist,high,1,1,0,0,3.974537893844865
39,12,13,39_13,panelist,high,1,1,0,0,4.592381841898295
39,12,14,39_14,panelist,low,1,0,1,0,4.499575566184124
39,12,15,39_15,panelist,high,1,1,0,0,3.9019208679323394
39,12,16,39_16,panelist,low,1,0,1,0,4.6188713281582645
39,12,17,39_17,reviewer,med,0,0,0,0,3.714714073424388
39,12,18,39_18,panelist,low,1,0,1,0,4.469343096179481
39,12,19,39_19,panelist,high,1,1,0,0,3.811769599433763
39,12,20,39_20,panelist,none,1,0,0,1,4.732494136761561
39,12,21,39_21,reviewer,med,0,0,0,0,4.316118091466946
39,12,22,39_22,panelist,med,1,0,0,0,4.162592902455569
39,12,23,39_23,panelist,high,1,1,0,0,4.412530717748208
39,12,24,39_24,panelist,med,1,0,0,0,3.7752046866625237
39,13,01,39_01,panelist,none,1,0,0,1,4.251725536154056
39,13,02,39_02,panelist,med,1,0,0,0,4.829691719557421
39,13,03,39_03,panelist,med,1,0,0,0,4.037083368283617
39,13,04,39_04,panelist,low,1,0,1,0,4.5520336914682105
39,13,05,39_05,panelist,med,1,0,0,0,4.337373195044696
39,13,06,39_06,panelist,med,1,0,0,0,4.774661258623425
39,13,07,39_07,panelist,high,1,1,0,0,4.248282161278513
39,13,08,39_08,panelist,med,1,0,0,0,4.315624893945108
39,13,09,39_09,panelist,high,1,1,0,0,4.797486147474563
39,13,10,39_10,reviewer,high,0,1,0,0,3.9720743405933945
39,13,11,39_11,panelist,med,1,0,0,0,4.034095764811699
39,13,12,39_12,panelist,low,1,0,1,0,4.582269491867741
39,13,13,39_13,reviewer,low,0,0,1,0,4.533245906653258
39,13,14,39_14,panelist,med,1,0,0,0,4.413617838008151
39,13,15,39_15,panelist,med,1,0,0,0,4.208918380050679
39,13,16,39_16,panelist,none,1,0,0,1,4.60091135416141
39,13,17,39_17,panelist,high,1,1,0,0,4.404807708358418
39,13,18,39_18,reviewer,none,0,0,0,1,4.534638046458763
39,13,19,39_19,panelist,med,1,0,0,0,4.596690170004989
39,13,20,39_20,panelist,high,1,1,0,0,4.519173884136736
39,13,21,39_21,panelist,low,1,0,1,0,4.650316288536986
39,13,22,39_22,panelist,none,1,0,0,1,4.500650593191689
39,13,23,39_23,panelist,med,1,0,0,0,4.657664687345006
39,13,24,39_24,panelist,high,1,1,0,0,3.8687224531352062
39,14,01,39_01,reviewer,high,0,1,0,0,3.6648744118017116
39,14,02,39_02,panelist,med,1,0,0,0,4.2078970165964495
39,14,03,39_03,panelist,med,1,0,0,0,4.084620258076736
39,14,04,39_04,panelist,none,1,0,0,1,4.151095646559128
39,14,05,39_05,panelist,none,1,0,0,1,4.158447576600682
39,14,06,39_06,panelist,med,1,0,0,0,4.463719397604208
39,14,07,39_07,panelist,med,1,0,0,0,4.042155015819614
39,14,08,39_08,panelist,high,1,1,0,0,4.413303406372744
39,14,09,39_09,panelist,low,1,0,1,0,4.207583688679844
39,14,10,39_10,panelist,med,1,0,0,0,4.345381135877515
39,14,11,39_11,panelist,high,1,1,0,0,3.5798323387428233
39,14,12,39_12,panelist,med,1,0,0,0,4.091885276804005
39,14,13,39_13,panelist,low,1,0,1,0,4.360531401125381
39,14,14,39_14,reviewer,med,0,0,0,0,3.954993629366289
39,14,15,39_15,panelist,low,1,0,1,0,4.001550943615833
39,14,16,39_16,panelist,high,1,1,0,0,4.258101508891191
39,14,17,39_17,panelist,med,1,0,0,0,4.145518635587928
39,14,18,39_18,panelist,none,1,0,0,1,4.525718673742681
39,14,19,39_19,reviewer,high,0,1,0,0,3.5426037808492015
39,14,20,39_20,panelist,none,1,0,0,1,4.165281692632155
39,14,21,39_21,panelist,high,1,1,0,0,4.332781777985918
39,14,22,39_22,panelist,low,1,0,1,0,4.516112827892748
39,14,23,39_23,panelist,med,1,0,0,0,4.23673883246957
39,14,24,39_24,panelist,med,1,0,0,0,3.818044093186603
39,15,01,39_01,reviewer,high,0,1,0,0,3.5348065754860767
39,15,02,39_02,reviewer,none,0,0,0,1,4.093184602210325
39,15,03,39_03,panelist,med,1,0,0,0,3.864315733918469
39,15,04,39_04,panelist,none,1,0,0,1,4.113399410223865
39,15,05,39_05,panelist,high,1,1,0,0,3.7390123648634632
39,15,06,39_06,panelist,med,1,0,0,0,4.173898678202959
39,15,07,39_07,panelist,low,1,0,1,0,3.615147819258834
39,15,08,39_08,panelist,none,1,0,0,1,4.2572203761362415
39,15,09,39_09,panelist,high,1,1,0,0,3.856551455536528
39,15,10,39_10,panelist,high,1,1,0,0,3.9534546598409377
39,15,11,39_11,panelist,med,1,0,0,0,3.7629930946771477
39,15,12,39_12,reviewer,low,0,0,1,0,3.9598013217533214
39,15,13,39_13,panelist,high,1,1,0,0,4.158834057414693
39,15,14,39_14,panelist,med,1,0,0,0,3.8981739425881363
39,15,15,39_15,panelist,low,1,0,1,0,4.363524766408113
39,15,16,39_16,panelist,med,1,0,0,0,3.938955901719942
39,15,17,39_17,panelist,med,1,0,0,0,3.8853245660092983
39,15,18,39_18,panelist,none,1,0,0,1,4.091489397570356
39,15,19,39_19,panelist,med,1,0,0,0,3.6867687671508507
39,15,20,39_20,panelist,med,1,0,0,0,3.9439021108970036
39,15,21,39_21,panelist,med,1,0,0,0,3.7707838589766443
39,15,22,39_22,panelist,low,1,0,1,0,4.1203867840503
39,15,23,39_23,panelist,med,1,0,0,0,3.6061715797014315
39,15,24,39_24,panelist,high,1,1,0,0,3.5463957706753964
40,1,01,40_01,panelist,high,1,1,0,0,3.927026328596204
40,1,02,40_02,panelist,med,1,0,0,0,4.23278550634578
40,1,03,40_03,panelist,none,1,0,0,1,4.029643749288605
40,1,04,40_04,panelist,low,1,0,1,0,4.220902391372537
40,1,05,40_05,reviewer,med,0,0,0,0,4.077555301388372
40,1,06,40_06,panelist,none,1,0,0,1,4.247224666490186
40,1,07,40_07,panelist,med,1,0,0,0,3.721867665596511
40,1,08,40_08,panelist,med,1,0,0,0,4.3513872939328495
40,1,09,40_09,panelist,high,1,1,0,0,4.149105432937177
40,1,10,40_10,panelist,low,1,0,1,0,4.495235376689593
40,1,11,40_11,panelist,med,1,0,0,0,3.864529630014916
40,1,12,40_12,panelist,none,1,0,0,1,4.419679924807676
40,1,13,40_13,reviewer,high,0,1,0,0,4.3738731313734736
40,1,14,40_14,reviewer,none,0,0,0,1,4.037714239615039
40,1,15,40_15,panelist,low,1,0,1,0,4.240866457445317
40,1,16,40_16,panelist,med,1,0,0,0,4.595883150889292
40,1,17,40_17,panelist,med,1,0,0,0,3.9018538360859463
40,1,18,40_18,panelist,med,1,0,0,0,4.010615307082051
40,1,19,40_19,panelist,low,1,0,1,0,4.216076673113239
40,1,20,40_20,panelist,high,1,1,0,0,4.252770228074342
40,1,21,40_21,panelist,med,1,0,0,0,4.103536633877941
40,1,22,40_22,panelist,high,1,1,0,0,4.1716854518913
40,1,23,40_23,panelist,high,1,1,0,0,4.0917445462483935
40,1,24,40_24,panelist,med,1,0,0,0,4.051955685611512
40,2,01,40_01,panelist,med,1,0,0,0,4.167997681299396
40,2,02,40_02,panelist,med,1,0,0,0,4.771649683897747
40,2,03,40_03,panelist,med,1,0,0,0,3.9064299519613366
40,2,04,40_04,panelist,high,1,1,0,0,3.7785022705320497
40,2,05,40_05,panelist,low,1,0,1,0,4.13017844956683
40,2,06,40_06,panelist,med,1,0,0,0,4.13002456731637
40,2,07,40_07,panelist,med,1,0,0,0,3.874735441442688
40,2,08,40_08,panelist,high,1,1,0,0,4.534506220446586
40,2,09,40_09,panelist,high,1,1,0,0,4.631617826738042
40,2,10,40_10,panelist,med,1,0,0,0,4.279417410000831
40,2,11,40_11,reviewer,med,0,0,0,0,4.007924843357099
40,2,12,40_12,reviewer,low,0,0,1,0,4.058474934711069
40,2,13,40_13,panelist,med,1,0,0,0,4.825060734636232
40,2,14,40_14,panelist,none,1,0,0,1,4.858451243454767
40,2,15,40_15,panelist,high,1,1,0,0,3.9664443714719892
40,2,16,40_16,panelist,none,1,0,0,1,4.568380972822763
40,2,17,40_17,panelist,low,1,0,1,0,4.3343920425141
40,2,18,40_18,panelist,low,1,0,1,0,4.399966103038072
40,2,19,40_19,panelist,high,1,1,0,0,3.843110002220859
40,2,20,40_20,panelist,none,1,0,0,1,4.891046580913584
40,2,21,40_21,panelist,med,1,0,0,0,4.243129110982936
40,2,22,40_22,panelist,med,1,0,0,0,3.9690346318641123
40,2,23,40_23,panelist,none,1,0,0,1,4.463627685506407
40,2,24,40_24,reviewer,high,0,1,0,0,3.74105714780622
40,3,01,40_01,panelist,low,1,0,1,0,3.8813452080129656
40,3,02,40_02,panelist,med,1,0,0,0,4.760106986111716
40,3,03,40_03,panelist,low,1,0,1,0,3.8871890464115926
40,3,04,40_04,reviewer,med,0,0,0,0,3.6171234504862224
40,3,05,40_05,panelist,high,1,1,0,0,4.104223493907353
40,3,06,40_06,reviewer,med,0,0,0,0,4.19766411279274
40,3,07,40_07,reviewer,med,0,0,0,0,3.8001538846411775
40,3,08,40_08,panelist,none,1,0,0,1,4.605871443812763
40,3,09,40_09,panelist,med,1,0,0,0,4.86193316826119
40,3,10,40_10,panelist,none,1,0,0,1,4.452540041664309
40,3,11,40_11,panelist,med,1,0,0,0,3.9779387581427192
40,3,12,40_12,panelist,med,1,0,0,0,4.067849339950489
40,3,13,40_13,panelist,med,1,0,0,0,4.3293548762175655
40,3,14,40_14,panelist,med,1,0,0,0,4.29420272967139
40,3,15,40_15,panelist,low,1,0,1,0,4.041087921653741
40,3,16,40_16,panelist,high,1,1,0,0,4.108875959776638
40,3,17,40_17,panelist,none,1,0,0,1,4.300595082088433
40,3,18,40_18,panelist,none,1,0,0,1,4.609708459859623
40,3,19,40_19,panelist,med,1,0,0,0,3.8076739931768833
40,3,20,40_20,panelist,high,1,1,0,0,4.076300130835493
40,3,21,40_21,panelist,high,1,1,0,0,4.16679236786106
40,3,22,40_22,panelist,high,1,1,0,0,4.108305805155139
40,3,23,40_23,panelist,high,1,1,0,0,4.1109023325058756
40,3,24,40_24,panelist,low,1,0,1,0,4.022101188715144
40,4,01,40_01,panelist,med,1,0,0,0,4.212736188085163
40,4,02,40_02,reviewer,low,0,0,1,0,4.654392374011979
40,4,03,40_03,panelist,low,1,0,1,0,4.325494815532489
40,4,04,40_04,panelist,med,1,0,0,0,4.206871360091559
40,4,05,40_05,panelist,high,1,1,0,0,4.272900230506812
40,4,06,40_06,reviewer,high,0,1,0,0,4.394926938393155
40,4,07,40_07,panelist,none,1,0,0,1,4.37785746340955
40,4,08,40_08,panelist,high,1,1,0,0,4.700413089100796
40,4,09,40_09,panelist,none,1,0,0,1,4.893146773283936
40,4,10,40_10,panelist,med,1,0,0,0,4.336138581187141
40,4,11,40_11,panelist,high,1,1,0,0,3.906496313666661
40,4,12,40_12,panelist,none,1,0,0,1,4.443685959250654
40,4,13,40_13,panelist,none,1,0,0,1,4.665830341927204
40,4,14,40_14,panelist,med,1,0,0,0,4.386131966042413
40,4,15,40_15,panelist,med,1,0,0,0,4.640765138753439
40,4,16,40_16,panelist,med,1,0,0,0,4.393123674365906
40,4,17,40_17,panelist,med,1,0,0,0,4.1268496559675265
40,4,18,40_18,panelist,low,1,0,1,0,4.291118521258886
40,4,19,40_19,reviewer,med,0,0,0,0,4.148880893855914
40,4,20,40_20,panelist,high,1,1,0,0,4.583756242623403
40,4,21,40_21,panelist,med,1,0,0,0,4.480492140786282
40,4,22,40_22,panelist,high,1,1,0,0,4.422836270199461
40,4,23,40_23,panelist,med,1,0,0,0,4.68658527584961
40,4,24,40_24,panelist,low,1,0,1,0,3.935296184765306
40,5,01,40_01,panelist,med,1,0,0,0,3.6224637950347227
40,5,02,40_02,panelist,low,1,0,1,0,4.6156626911364596
40,5,03,40_03,panelist,none,1,0,0,1,4.121579330813452
40,5,04,40_04,panelist,med,1,0,0,0,3.8802435895655574
40,5,05,40_05,panelist,high,1,1,0,0,3.6877068018434835
40,5,06,40_06,panelist,low,1,0,1,0,4.246436963273787
40,5,07,40_07,panelist,high,1,1,0,0,3.971954112618508
40,5,08,40_08,panelist,none,1,0,0,1,4.625792776879846
40,5,09,40_09,panelist,med,1,0,0,0,4.119958733692151
40,5,10,40_10,panelist,high,1,1,0,0,3.6058282425747676
40,5,11,40_11,panelist,med,1,0,0,0,3.59302681610224
40,5,12,40_12,panelist,high,1,1,0,0,3.7573223331971946
40,5,13,40_13,panelist,med,1,0,0,0,4.224936671909974
40,5,14,40_14,reviewer,low,0,0,1,0,4.064536292027023
40,5,15,40_15,panelist,high,1,1,0,0,4.221411926837527
40,5,16,40_16,panelist,med,1,0,0,0,4.156799501837061
40,5,17,40_17,panelist,none,1,0,0,1,4.419323061068459
40,5,18,40_18,panelist,med,1,0,0,0,4.444333827439702
40,5,19,40_19,panelist,med,1,0,0,0,3.731086961194113
40,5,20,40_20,reviewer,high,0,1,0,0,4.1646026537532554
40,5,21,40_21,panelist,med,1,0,0,0,4.3808192095653276
40,5,22,40_22,panelist,none,1,0,0,1,4.206050190542926
40,5,23,40_23,reviewer,low,0,0,1,0,4.0456941209540265
40,5,24,40_24,panelist,med,1,0,0,0,3.6440645824223328
40,6,01,40_01,panelist,low,1,0,1,0,4.474949922715406
40,6,02,40_02,panelist,med,1,0,0,0,4.797420176600445
40,6,03,40_03,panelist,low,1,0,1,0,4.050187631107972
40,6,04,40_04,panelist,none,1,0,0,1,4.792784343068078
40,6,05,40_05,panelist,high,1,1,0,0,4.47746756543702
40,6,06,40_06,panelist,med,1,0,0,0,4.86076301494102
40,6,07,40_07,panelist,med,1,0,0,0,4.07067557925223
40,6,08,40_08,panelist,high,1,1,0,0,4.359549994371116
40,6,09,40_09,panelist,low,1,0,1,0,4.85933174222049
40,6,10,40_10,panelist,none,1,0,0,1,4.623441254001413
40,6,11,40_11,panelist,med,1,0,0,0,3.941171032158496
40,6,12,40_12,reviewer,none,0,0,0,1,4.53049492172134
40,6,13,40_13,panelist,high,1,1,0,0,4.63757340491289
40,6,14,40_14,panelist,med,1,0,0,0,4.5213194637610234
40,6,15,40_15,panelist,high,1,1,0,0,4.585710979542633
40,6,16,40_16,panelist,med,1,0,0,0,4.44194439725533
40,6,17,40_17,panelist,high,1,1,0,0,4.347476569311335
40,6,18,40_18,reviewer,high,0,1,0,0,4.325713906833754
40,6,19,40_19,panelist,low,1,0,1,0,4.169403068268855
40,6,20,40_20,panelist,med,1,0,0,0,4.520768658778949
40,6,21,40_21,reviewer,med,0,0,0,0,4.484496791930565
40,6,22,40_22,panelist,med,1,0,0,0,4.683491768649783
40,6,23,40_23,panelist,none,1,0,0,1,4.538698939462466
40,6,24,40_24,panelist,med,1,0,0,0,4.309412045546398
40,7,01,40_01,panelist,low,1,0,1,0,4.672524137915614
40,7,02,40_02,panelist,med,1,0,0,0,4.64466280142826
40,7,03,40_03,panelist,none,1,0,0,1,4.658210228065279
40,7,04,40_04,panelist,med,1,0,0,0,4.58715414704111
40,7,05,40_05,panelist,none,1,0,0,1,4.512112866388482
40,7,06,40_06,panelist,med,1,0,0,0,4.458739590077913
40,7,07,40_07,panelist,low,1,0,1,0,4.801449991610071
40,7,08,40_08,panelist,low,1,0,1,0,4.8208617709123285
40,7,09,40_09,panelist,med,1,0,0,0,4.765617660658119
40,7,10,40_10,reviewer,med,0,0,0,0,4.243058844435921
40,7,11,40_11,reviewer,none,0,0,0,1,4.725156796447357
40,7,12,40_12,panelist,high,1,1,0,0,4.777460144857296
40,7,13,40_13,reviewer,high,0,1,0,0,4.542326767345874
40,7,14,40_14,panelist,med,1,0,0,0,4.883581541003079
40,7,15,40_15,panelist,med,1,0,0,0,4.769196624196235
40,7,16,40_16,panelist,high,1,1,0,0,4.586457163294893
40,7,17,40_17,panelist,none,1,0,0,1,4.754880770856593
40,7,18,40_18,panelist,high,1,1,0,0,4.787160728358479
40,7,19,40_19,panelist,med,1,0,0,0,4.359781079520635
40,7,20,40_20,panelist,low,1,0,1,0,4.613338564403751
40,7,21,40_21,panelist,high,1,1,0,0,4.33956793473943
40,7,22,40_22,panelist,med,1,0,0,0,4.710373553000744
40,7,23,40_23,panelist,high,1,1,0,0,4.746753244575657
40,7,24,40_24,panelist,med,1,0,0,0,4.06649135157423
40,8,01,40_01,panelist,none,1,0,0,1,3.524614438113098
40,8,02,40_02,panelist,med,1,0,0,0,4.611821772725099
40,8,03,40_03,panelist,low,1,0,1,0,3.718984685815816
40,8,04,40_04,panelist,med,1,0,0,0,3.769521127652926
40,8,05,40_05,reviewer,low,0,0,1,0,3.815235202898315
40,8,06,40_06,panelist,high,1,1,0,0,3.794395530563904
40,8,07,40_07,panelist,none,1,0,0,1,3.726440187284868
40,8,08,40_08,panelist,high,1,1,0,0,4.097904228052275
40,8,09,40_09,panelist,none,1,0,0,1,4.508343179727188
40,8,10,40_10,panelist,med,1,0,0,0,3.984758374791787
40,8,11,40_11,panelist,high,1,1,0,0,4.013436789060313
40,8,12,40_12,panelist,med,1,0,0,0,3.7020978371485755
40,8,13,40_13,panelist,med,1,0,0,0,4.105529024176627
40,8,14,40_14,panelist,med,1,0,0,0,3.777215897041464
40,8,15,40_15,panelist,med,1,0,0,0,3.9730411066471123
40,8,16,40_16,panelist,none,1,0,0,1,4.189452988540929
40,8,17,40_17,panelist,med,1,0,0,0,4.232891752701782
40,8,18,40_18,panelist,med,1,0,0,0,4.19957151816885
40,8,19,40_19,panelist,high,1,1,0,0,3.629777043685362
40,8,20,40_20,panelist,low,1,0,1,0,4.302771465451435
40,8,21,40_21,panelist,low,1,0,1,0,4.057669490419532
40,8,22,40_22,panelist,high,1,1,0,0,3.8337059761623498
40,8,23,40_23,reviewer,med,0,0,0,0,3.7236769554742897
40,8,24,40_24,reviewer,high,0,1,0,0,3.513218035889227
40,9,01,40_01,panelist,high,1,1,0,0,3.9226699102909053
40,9,02,40_02,panelist,med,1,0,0,0,4.715590643497171
40,9,03,40_03,panelist,med,1,0,0,0,3.8287418997447915
40,9,04,40_04,panelist,med,1,0,0,0,4.399370706253386
40,9,05,40_05,reviewer,med,0,0,0,0,3.6448176472223563
40,9,06,40_06,panelist,low,1,0,1,0,4.602098939614643
40,9,07,40_07,panelist,none,1,0,0,1,4.649104850782793
40,9,08,40_08,panelist,med,1,0,0,0,4.59419587969819
40,9,09,40_09,panelist,med,1,0,0,0,4.6925931484214916
40,9,10,40_10,panelist,med,1,0,0,0,4.6277934130444285
40,9,11,40_11,panelist,high,1,1,0,0,4.400930550690474
40,9,12,40_12,panelist,high,1,1,0,0,4.68904686695136
40,9,13,40_13,panelist,high,1,1,0,0,4.753095431571371
40,9,14,40_14,panelist,med,1,0,0,0,4.527773524054864
40,9,15,40_15,panelist,med,1,0,0,0,4.388786335434861
40,9,16,40_16,panelist,low,1,0,1,0,4.513449311019892
40,9,17,40_17,panelist,med,1,0,0,0,4.755557565894023
40,9,18,40_18,panelist,none,1,0,0,1,4.743955288125332
40,9,19,40_19,panelist,low,1,0,1,0,4.392150242543938
40,9,20,40_20,reviewer,high,0,1,0,0,4.29860024778685
40,9,21,40_21,panelist,none,1,0,0,1,4.8662277434424235
40,9,22,40_22,reviewer,none,0,0,0,1,4.5553252892219245
40,9,23,40_23,panelist,high,1,1,0,0,4.259667470420898
40,9,24,40_24,panelist,low,1,0,1,0,4.517404592719683
40,10,01,40_01,panelist,med,1,0,0,0,4.07775125956902
40,10,02,40_02,panelist,med,1,0,0,0,4.340357853191922
40,10,03,40_03,panelist,high,1,1,0,0,3.9310009944221362
40,10,04,40_04,panelist,low,1,0,1,0,4.3970701234980005
40,10,05,40_05,panelist,med,1,0,0,0,4.252214059348873
40,10,06,40_06,panelist,none,1,0,0,1,4.8423050404430015
40,10,07,40_07,reviewer,low,0,0,1,0,3.907117523519645
40,10,08,40_08,panelist,high,1,1,0,0,4.343628546267642
40,10,09,40_09,panelist,med,1,0,0,0,4.571917764211271
40,10,10,40_10,panelist,high,1,1,0,0,4.389448047926878
40,10,11,40_11,reviewer,low,0,0,1,0,4.057058669752122
40,10,12,40_12,panelist,high,1,1,0,0,4.06305250392792
40,10,13,40_13,panelist,med,1,0,0,0,4.506029538597032
40,10,14,40_14,reviewer,low,0,0,1,0,4.343650619232885
40,10,15,40_15,panelist,med,1,0,0,0,4.085165011110976
40,10,16,40_16,panelist,med,1,0,0,0,4.150300959029759
40,10,17,40_17,panelist,none,1,0,0,1,4.194193206669162
40,10,18,40_18,panelist,none,1,0,0,1,4.197188198806738
40,10,19,40_19,panelist,med,1,0,0,0,3.8672480974664225
40,10,20,40_20,panelist,med,1,0,0,0,4.493153098841342
40,10,21,40_21,panelist,med,1,0,0,0,4.025421372913511
40,10,22,40_22,panelist,none,1,0,0,1,4.592309562707776
40,10,23,40_23,panelist,high,1,1,0,0,4.226808588273798
40,10,24,40_24,panelist,high,1,1,0,0,3.7270503054034134
40,11,01,40_01,panelist,high,1,1,0,0,3.925202632305934
40,11,02,40_02,panelist,med,1,0,0,0,4.322411223903056
40,11,03,40_03,panelist,none,1,0,0,1,3.5648887171189525
40,11,04,40_04,panelist,high,1,1,0,0,3.5530746243702467
40,11,05,40_05,panelist,low,1,0,1,0,3.948100970778012
40,11,06,40_06,panelist,none,1,0,0,1,4.185775431746794
40,11,07,40_07,panelist,med,1,0,0,0,4.151018888409506
40,11,08,40_08,panelist,med,1,0,0,0,4.398102584659197
40,11,09,40_09,reviewer,low,0,0,1,0,4.402532363898242
40,11,10,40_10,panelist,med,1,0,0,0,3.8132705360641292
40,11,11,40_11,reviewer,high,0,1,0,0,3.5276898193260604
40,11,12,40_12,panelist,high,1,1,0,0,3.824541829752222
40,11,13,40_13,panelist,med,1,0,0,0,4.365049085891409
40,11,14,40_14,panelist,low,1,0,1,0,4.534163590595207
40,11,15,40_15,panelist,none,1,0,0,1,4.108700739568778
40,11,16,40_16,panelist,med,1,0,0,0,4.147140817348931
40,11,17,40_17,panelist,med,1,0,0,0,3.918500486438065
40,11,18,40_18,reviewer,med,0,0,0,0,4.142602480730557
40,11,19,40_19,panelist,low,1,0,1,0,3.79601439521012
40,11,20,40_20,panelist,high,1,1,0,0,3.93133552899686
40,11,21,40_21,panelist,none,1,0,0,1,4.602412205328555
40,11,22,40_22,panelist,med,1,0,0,0,3.8892122897357373
40,11,23,40_23,panelist,med,1,0,0,0,4.467110219211614
40,11,24,40_24,panelist,high,1,1,0,0,4.001216600732653
40,12,01,40_01,panelist,med,1,0,0,0,3.9629318741566335
40,12,02,40_02,panelist,med,1,0,0,0,4.804247484432908
40,12,03,40_03,panelist,none,1,0,0,1,3.9598081168081256
40,12,04,40_04,panelist,low,1,0,1,0,3.918261093891823
40,12,05,40_05,panelist,high,1,1,0,0,3.74346198586418
40,12,06,40_06,panelist,high,1,1,0,0,4.250326463296824
40,12,07,40_07,panelist,none,1,0,0,1,4.379923709249243
40,12,08,40_08,panelist,none,1,0,0,1,4.780280551576623
40,12,09,40_09,panelist,med,1,0,0,0,4.433675514971819
40,12,10,40_10,panelist,low,1,0,1,0,4.257139549348826
40,12,11,40_11,panelist,low,1,0,1,0,3.5854007124882283
40,12,12,40_12,panelist,high,1,1,0,0,3.7607969946235613
40,12,13,40_13,panelist,med,1,0,0,0,4.62855600722403
40,12,14,40_14,panelist,med,1,0,0,0,4.23304648082788
40,12,15,40_15,panelist,none,1,0,0,1,4.201400779046475
40,12,16,40_16,panelist,med,1,0,0,0,4.199717921643556
40,12,17,40_17,panelist,med,1,0,0,0,4.333048103952271
40,12,18,40_18,panelist,med,1,0,0,0,4.208979615391864
40,12,19,40_19,reviewer,med,0,0,0,0,3.617211505957677
40,12,20,40_20,reviewer,med,0,0,0,0,4.071464808655946
40,12,21,40_21,panelist,high,1,1,0,0,4.305942383466054
40,12,22,40_22,panelist,high,1,1,0,0,4.237157418120895
40,12,23,40_23,reviewer,high,0,1,0,0,4.064214714847348
40,12,24,40_24,panelist,low,1,0,1,0,3.7790346652583073
40,13,01,40_01,panelist,low,1,0,1,0,4.32806936412305
40,13,02,40_02,reviewer,med,0,0,0,0,4.699194607483846
40,13,03,40_03,panelist,low,1,0,1,0,4.1444410508572975
40,13,04,40_04,panelist,med,1,0,0,0,4.544016730965497
40,13,05,40_05,panelist,none,1,0,0,1,4.378132694195099
40,13,06,40_06,reviewer,med,0,0,0,0,3.939405586737442
40,13,07,40_07,panelist,med,1,0,0,0,4.348541539189645
40,13,08,40_08,panelist,med,1,0,0,0,4.600872421125809
40,13,09,40_09,panelist,none,1,0,0,1,4.860013147722752
40,13,10,40_10,reviewer,med,0,0,0,0,4.2978977574477435
40,13,11,40_11,panelist,med,1,0,0,0,4.096327440674039
40,13,12,40_12,panelist,none,1,0,0,1,4.619642093155099
40,13,13,40_13,panelist,high,1,1,0,0,4.742648035305721
40,13,14,40_14,panelist,low,1,0,1,0,4.640104691880361
40,13,15,40_15,panelist,med,1,0,0,0,4.1240933928583
40,13,16,40_16,panelist,high,1,1,0,0,4.61652011277901
40,13,17,40_17,panelist,med,1,0,0,0,4.61907315112821
40,13,18,40_18,panelist,low,1,0,1,0,4.449953262421462
40,13,19,40_19,panelist,high,1,1,0,0,4.168481736563764
40,13,20,40_20,panelist,high,1,1,0,0,4.370537857641419
40,13,21,40_21,panelist,med,1,0,0,0,4.347276900876661
40,13,22,40_22,panelist,high,1,1,0,0,4.4265609712152
40,13,23,40_23,panelist,high,1,1,0,0,4.643964733321125
40,13,24,40_24,panelist,none,1,0,0,1,4.451637854815228
40,14,01,40_01,panelist,high,1,1,0,0,3.6053602815736263
40,14,02,40_02,reviewer,med,0,0,0,0,4.531237945470658
40,14,03,40_03,panelist,med,1,0,0,0,3.7393493311949966
40,14,04,40_04,panelist,med,1,0,0,0,3.8163291918173394
40,14,05,40_05,panelist,none,1,0,0,1,3.977869276095802
40,14,06,40_06,panelist,none,1,0,0,1,4.504837851142585
40,14,07,40_07,reviewer,med,0,0,0,0,3.644842629609518
40,14,08,40_08,panelist,med,1,0,0,0,4.318435596334616
40,14,09,40_09,panelist,low,1,0,1,0,4.501933888171803
40,14,10,40_10,reviewer,med,0,0,0,0,4.112645760364223
40,14,11,40_11,panelist,low,1,0,1,0,4.0984424880962385
40,14,12,40_12,panelist,none,1,0,0,1,4.080461454012112
40,14,13,40_13,panelist,low,1,0,1,0,4.699231740331076
40,14,14,40_14,panelist,med,1,0,0,0,3.969717976412557
40,14,15,40_15,panelist,high,1,1,0,0,3.9911577607135493
40,14,16,40_16,panelist,high,1,1,0,0,3.9933107499624447
40,14,17,40_17,panelist,low,1,0,1,0,4.087170936226559
40,14,18,40_18,panelist,high,1,1,0,0,4.103130996565771
40,14,19,40_19,panelist,high,1,1,0,0,4.0391836598215685
40,14,20,40_20,panelist,med,1,0,0,0,4.237967057094229
40,14,21,40_21,panelist,high,1,1,0,0,4.244149493597633
40,14,22,40_22,panelist,med,1,0,0,0,4.3739833395091665
40,14,23,40_23,panelist,med,1,0,0,0,4.364116397504991
40,14,24,40_24,panelist,none,1,0,0,1,3.995624646486795
40,15,01,40_01,panelist,high,1,1,0,0,3.5476468789674533
40,15,02,40_02,panelist,med,1,0,0,0,4.54194038633449
40,15,03,40_03,reviewer,med,0,0,0,0,3.659521802762109
40,15,04,40_04,panelist,none,1,0,0,1,3.765812853993976
40,15,05,40_05,panelist,med,1,0,0,0,3.590461840284012
40,15,06,40_06,panelist,med,1,0,0,0,3.9025628938453556
40,15,07,40_07,panelist,med,1,0,0,0,3.8276834770620827
40,15,08,40_08,panelist,low,1,0,1,0,4.147751072812029
40,15,09,40_09,panelist,med,1,0,0,0,4.364606895563307
40,15,10,40_10,reviewer,high,0,1,0,0,3.5458480739835356
40,15,11,40_11,panelist,low,1,0,1,0,3.6876168288165077
40,15,12,40_12,panelist,high,1,1,0,0,3.666334334311204
40,15,13,40_13,panelist,high,1,1,0,0,3.992687762594734
40,15,14,40_14,reviewer,low,0,0,1,0,3.7130385072124423
40,15,15,40_15,panelist,low,1,0,1,0,4.154630393308137
40,15,16,40_16,panelist,none,1,0,0,1,3.9349195837806414
40,15,17,40_17,panelist,med,1,0,0,0,3.7967343673337095
40,15,18,40_18,panelist,none,1,0,0,1,4.062907586508108
40,15,19,40_19,panelist,med,1,0,0,0,3.611674814529863
40,15,20,40_20,panelist,high,1,1,0,0,3.7403383340876037
40,15,21,40_21,panelist,med,1,0,0,0,4.6539647417532555
40,15,22,40_22,panelist,none,1,0,0,1,4.013220049702406
40,15,23,40_23,panelist,med,1,0,0,0,3.6957686027847996
40,15,24,40_24,panelist,high,1,1,0,0,3.774874633975617
41,1,01,41_01,panelist,high,1,1,0,0,3.7014223290377974
41,1,02,41_02,panelist,high,1,1,0,0,4.405973711908607
41,1,03,41_03,reviewer,high,0,1,0,0,3.5646198791270067
41,1,04,41_04,panelist,med,1,0,0,0,4.196762678209837
41,1,05,41_05,panelist,low,1,0,1,0,3.718602521861509
41,1,06,41_06,panelist,med,1,0,0,0,4.149787057869423
41,1,07,41_07,panelist,low,1,0,1,0,3.929494804011921
41,1,08,41_08,panelist,none,1,0,0,1,4.543259114115601
41,1,09,41_09,panelist,med,1,0,0,0,4.661046103755937
41,1,10,41_10,panelist,low,1,0,1,0,4.204446758068164
41,1,11,41_11,reviewer,med,0,0,0,0,3.608332447923914
41,1,12,41_12,panelist,med,1,0,0,0,3.994881835333969
41,1,13,41_13,panelist,low,1,0,1,0,4.298429002868357
41,1,14,41_14,panelist,high,1,1,0,0,4.136362237310324
41,1,15,41_15,panelist,med,1,0,0,0,3.8238193858719165
41,1,16,41_16,panelist,high,1,1,0,0,3.9998641737293603
41,1,17,41_17,panelist,none,1,0,0,1,4.232381226273381
41,1,18,41_18,panelist,med,1,0,0,0,3.9382247789347247
41,1,19,41_19,panelist,med,1,0,0,0,3.917078625298556
41,1,20,41_20,panelist,med,1,0,0,0,3.7615148220262657
41,1,21,41_21,panelist,high,1,1,0,0,3.778253568898195
41,1,22,41_22,panelist,none,1,0,0,1,4.095914502338187
41,1,23,41_23,reviewer,none,0,0,0,1,3.928997639258279
41,1,24,41_24,panelist,med,1,0,0,0,3.7697969745090396
41,2,01,41_01,panelist,none,1,0,0,1,4.017318018828177
41,2,02,41_02,panelist,high,1,1,0,0,4.493027938189553
41,2,03,41_03,panelist,high,1,1,0,0,3.52521916933553
41,2,04,41_04,panelist,med,1,0,0,0,4.119514359400554
41,2,05,41_05,panelist,med,1,0,0,0,3.856147511974584
41,2,06,41_06,panelist,low,1,0,1,0,4.099978509532139
41,2,07,41_07,panelist,high,1,1,0,0,3.8006996796334995
41,2,08,41_08,panelist,none,1,0,0,1,4.417413858248912
41,2,09,41_09,panelist,med,1,0,0,0,4.897988112130502
41,2,10,41_10,panelist,med,1,0,0,0,3.998266916626961
41,2,11,41_11,panelist,high,1,1,0,0,3.7417071299875286
41,2,12,41_12,panelist,med,1,0,0,0,4.319869012981523
41,2,13,41_13,reviewer,med,0,0,0,0,4.560437209228272
41,2,14,41_14,panelist,low,1,0,1,0,4.237611003309962
41,2,15,41_15,reviewer,med,0,0,0,0,3.7905879238311724
41,2,16,41_16,panelist,none,1,0,0,1,4.095418328196228
41,2,17,41_17,panelist,med,1,0,0,0,4.089717953259327
41,2,18,41_18,panelist,high,1,1,0,0,4.081045036787701
41,2,19,41_19,panelist,none,1,0,0,1,4.083230077744038
41,2,20,41_20,reviewer,med,0,0,0,0,4.067032013294986
41,2,21,41_21,panelist,med,1,0,0,0,3.9989275474325203
41,2,22,41_22,panelist,low,1,0,1,0,4.097069671272318
41,2,23,41_23,panelist,high,1,1,0,0,4.233591117371112
41,2,24,41_24,panelist,low,1,0,1,0,4.045539644200361
41,3,01,41_01,panelist,med,1,0,0,0,3.615576366320298
41,3,02,41_02,reviewer,none,0,0,0,1,4.422540966706304
41,3,03,41_03,panelist,high,1,1,0,0,3.647041120424349
41,3,04,41_04,reviewer,med,0,0,0,0,3.870793004999574
41,3,05,41_05,panelist,low,1,0,1,0,3.951224216626475
41,3,06,41_06,panelist,med,1,0,0,0,4.009676016694969
41,3,07,41_07,panelist,med,1,0,0,0,3.623957084293753
41,3,08,41_08,panelist,none,1,0,0,1,4.146352547981558
41,3,09,41_09,panelist,high,1,1,0,0,4.342262319356789
41,3,10,41_10,panelist,low,1,0,1,0,4.00239823234336
41,3,11,41_11,panelist,med,1,0,0,0,3.732733053015385
41,3,12,41_12,panelist,none,1,0,0,1,4.244667497057711
41,3,13,41_13,reviewer,high,0,1,0,0,4.104469728777212
41,3,14,41_14,panelist,med,1,0,0,0,3.9292380978063943
41,3,15,41_15,panelist,high,1,1,0,0,3.9662634126562235
41,3,16,41_16,panelist,high,1,1,0,0,3.825792226501974
41,3,17,41_17,panelist,none,1,0,0,1,3.904179628611004
41,3,18,41_18,panelist,high,1,1,0,0,3.9038628403535243
41,3,19,41_19,panelist,med,1,0,0,0,4.268353640733733
41,3,20,41_20,panelist,med,1,0,0,0,4.619997628360462
41,3,21,41_21,panelist,med,1,0,0,0,4.2903245387712845
41,3,22,41_22,panelist,med,1,0,0,0,4.400639381576619
41,3,23,41_23,panelist,low,1,0,1,0,4.534022299667358
41,3,24,41_24,panelist,low,1,0,1,0,3.7437242329796914
41,4,01,41_01,reviewer,med,0,0,0,0,3.8316038967729806
41,4,02,41_02,panelist,low,1,0,1,0,4.512341241954948
41,4,03,41_03,panelist,none,1,0,0,1,3.9929141071077696
41,4,04,41_04,panelist,low,1,0,1,0,3.859999542864606
41,4,05,41_05,panelist,none,1,0,0,1,3.9033127746189087
41,4,06,41_06,panelist,low,1,0,1,0,4.527419171137658
41,4,07,41_07,panelist,high,1,1,0,0,3.8420672754170946
41,4,08,41_08,panelist,high,1,1,0,0,4.131071522291258
41,4,09,41_09,panelist,high,1,1,0,0,4.467839831403745
41,4,10,41_10,panelist,med,1,0,0,0,3.979609894107852
41,4,11,41_11,reviewer,none,0,0,0,1,4.2154764708409065
41,4,12,41_12,panelist,high,1,1,0,0,4.366717026483108
41,4,13,41_13,panelist,high,1,1,0,0,4.628125939065519
41,4,14,41_14,panelist,none,1,0,0,1,4.4584527577681206
41,4,15,41_15,panelist,med,1,0,0,0,4.2349621757491684
41,4,16,41_16,panelist,low,1,0,1,0,4.426040476291557
41,4,17,41_17,panelist,med,1,0,0,0,4.253323309195424
41,4,18,41_18,panelist,med,1,0,0,0,3.9089184304290927
41,4,19,41_19,reviewer,high,0,1,0,0,3.7038471744312935
41,4,20,41_20,panelist,med,1,0,0,0,4.380902321367322
41,4,21,41_21,panelist,med,1,0,0,0,4.231898606623307
41,4,22,41_22,panelist,med,1,0,0,0,4.120240200579541
41,4,23,41_23,panelist,med,1,0,0,0,4.034259600844623
41,4,24,41_24,panelist,med,1,0,0,0,3.7946846548075497
41,5,01,41_01,panelist,high,1,1,0,0,3.667773971437672
41,5,02,41_02,panelist,med,1,0,0,0,4.367015726032265
41,5,03,41_03,reviewer,low,0,0,1,0,3.64969153389433
41,5,04,41_04,panelist,med,1,0,0,0,3.773088199416606
41,5,05,41_05,panelist,high,1,1,0,0,3.644719914191882
41,5,06,41_06,panelist,low,1,0,1,0,4.3923355142571525
41,5,07,41_07,reviewer,none,0,0,0,1,3.877768976811795
41,5,08,41_08,panelist,low,1,0,1,0,4.317669882304302
41,5,09,41_09,reviewer,high,0,1,0,0,3.8709864940361842
41,5,10,41_10,panelist,med,1,0,0,0,4.218161558252893
41,5,11,41_11,panelist,med,1,0,0,0,3.53851462490142
41,5,12,41_12,panelist,med,1,0,0,0,3.878095776002753
41,5,13,41_13,panelist,none,1,0,0,1,4.388718392514934
41,5,14,41_14,panelist,none,1,0,0,1,4.200321819134319
41,5,15,41_15,panelist,med,1,0,0,0,3.9336306581742564
41,5,16,41_16,panelist,med,1,0,0,0,4.0352528290524745
41,5,17,41_17,panelist,high,1,1,0,0,4.137327673342229
41,5,18,41_18,panelist,med,1,0,0,0,3.9873019839076607
41,5,19,41_19,panelist,low,1,0,1,0,3.6468933158506665
41,5,20,41_20,panelist,none,1,0,0,1,4.26652139518866
41,5,21,41_21,panelist,med,1,0,0,0,3.799987543199718
41,5,22,41_22,panelist,high,1,1,0,0,3.7934417660693622
41,5,23,41_23,panelist,high,1,1,0,0,4.313861160252774
41,5,24,41_24,panelist,med,1,0,0,0,3.5218766520485394
41,6,01,41_01,panelist,high,1,1,0,0,4.082344791505543
41,6,02,41_02,panelist,low,1,0,1,0,4.811754800922454
41,6,03,41_03,panelist,med,1,0,0,0,4.026055414145853
41,6,04,41_04,panelist,med,1,0,0,0,4.197982867137224
41,6,05,41_05,panelist,med,1,0,0,0,3.838692234118139
41,6,06,41_06,reviewer,med,0,0,0,0,4.329315067469192
41,6,07,41_07,panelist,low,1,0,1,0,4.15720133696384
41,6,08,41_08,panelist,none,1,0,0,1,4.780238498786312
41,6,09,41_09,panelist,none,1,0,0,1,4.597079672593993
41,6,10,41_10,panelist,low,1,0,1,0,4.602140271848487
41,6,11,41_11,panelist,high,1,1,0,0,3.9049200305183542
41,6,12,41_12,reviewer,med,0,0,0,0,4.377324165100429
41,6,13,41_13,reviewer,med,0,0,0,0,3.958930355536302
41,6,14,41_14,panelist,med,1,0,0,0,4.16586217649526
41,6,15,41_15,panelist,high,1,1,0,0,4.183995044404878
41,6,16,41_16,panelist,low,1,0,1,0,4.115334236042537
41,6,17,41_17,panelist,high,1,1,0,0,4.208245425877447
41,6,18,41_18,panelist,none,1,0,0,1,4.195742283604499
41,6,19,41_19,panelist,high,1,1,0,0,4.185660414598429
41,6,20,41_20,panelist,med,1,0,0,0,4.2662758500741
41,6,21,41_21,panelist,med,1,0,0,0,4.233260800196446
41,6,22,41_22,panelist,med,1,0,0,0,4.757329055758527
41,6,23,41_23,panelist,none,1,0,0,1,4.874656082842766
41,6,24,41_24,panelist,high,1,1,0,0,3.9196077361355286
41,7,01,41_01,panelist,low,1,0,1,0,4.293730634953628
41,7,02,41_02,panelist,low,1,0,1,0,4.853701715120783
41,7,03,41_03,panelist,high,1,1,0,0,4.358755489944337
41,7,04,41_04,panelist,med,1,0,0,0,4.276207133052634
41,7,05,41_05,panelist,low,1,0,1,0,4.436585957567289
41,7,06,41_06,reviewer,med,0,0,0,0,4.565831548423031
41,7,07,41_07,panelist,med,1,0,0,0,4.214752331889408
41,7,08,41_08,panelist,high,1,1,0,0,4.763903151695759
41,7,09,41_09,panelist,med,1,0,0,0,4.8081311039662795
41,7,10,41_10,reviewer,med,0,0,0,0,3.9439302278599073
41,7,11,41_11,panelist,low,1,0,1,0,4.498452829039321
41,7,12,41_12,panelist,med,1,0,0,0,4.607825388308109
41,7,13,41_13,panelist,high,1,1,0,0,4.865107919900979
41,7,14,41_14,panelist,high,1,1,0,0,4.375977196547278
41,7,15,41_15,reviewer,med,0,0,0,0,4.185736128998257
41,7,16,41_16,panelist,high,1,1,0,0,4.041311016529021
41,7,17,41_17,panelist,med,1,0,0,0,4.647568358221596
41,7,18,41_18,panelist,none,1,0,0,1,4.586196028663102
41,7,19,41_19,panelist,med,1,0,0,0,4.222239268079518
41,7,20,41_20,panelist,med,1,0,0,0,4.23107189229834
41,7,21,41_21,panelist,none,1,0,0,1,4.6241262457282515
41,7,22,41_22,panelist,none,1,0,0,1,4.476010840237243
41,7,23,41_23,panelist,none,1,0,0,1,4.466359630653421
41,7,24,41_24,panelist,high,1,1,0,0,3.9856078030250397
41,8,01,41_01,reviewer,none,0,0,0,1,3.6374952394269875
41,8,02,41_02,panelist,med,1,0,0,0,3.910152598664434
41,8,03,41_03,panelist,med,1,0,0,0,3.681742922929731
41,8,04,41_04,panelist,high,1,1,0,0,3.7400056545522293
41,8,05,41_05,panelist,med,1,0,0,0,3.586706206150106
41,8,06,41_06,panelist,none,1,0,0,1,3.9039375209733915
41,8,07,41_07,panelist,low,1,0,1,0,3.78555944138489
41,8,08,41_08,panelist,med,1,0,0,0,4.154172796072832
41,8,09,41_09,reviewer,med,0,0,0,0,4.022774264668624
41,8,10,41_10,panelist,low,1,0,1,0,4.148325121840727
41,8,11,41_11,panelist,high,1,1,0,0,3.7373082705209053
41,8,12,41_12,panelist,high,1,1,0,0,3.598314851034087
41,8,13,41_13,panelist,med,1,0,0,0,4.620975034887757
41,8,14,41_14,panelist,high,1,1,0,0,3.8420170074287063
41,8,15,41_15,panelist,none,1,0,0,1,4.1936893356015394
41,8,16,41_16,panelist,med,1,0,0,0,3.7664105787166537
41,8,17,41_17,panelist,low,1,0,1,0,3.893121860912881
41,8,18,41_18,panelist,med,1,0,0,0,3.752880441744928
41,8,19,41_19,panelist,med,1,0,0,0,3.5990388865635086
41,8,20,41_20,panelist,low,1,0,1,0,4.264136265854003
41,8,21,41_21,reviewer,med,0,0,0,0,3.6903036771779436
41,8,22,41_22,panelist,high,1,1,0,0,3.8428948029918004
41,8,23,41_23,panelist,high,1,1,0,0,3.9085448129968934
41,8,24,41_24,panelist,none,1,0,0,1,3.881887614744233
41,9,01,41_01,panelist,med,1,0,0,0,4.05114914908033
41,9,02,41_02,reviewer,med,0,0,0,0,4.677305437843715
41,9,03,41_03,panelist,none,1,0,0,1,4.23551830602785
41,9,04,41_04,panelist,low,1,0,1,0,4.1808221030105095
41,9,05,41_05,panelist,high,1,1,0,0,4.188942676719313
41,9,06,41_06,panelist,low,1,0,1,0,4.52193543175292
41,9,07,41_07,panelist,high,1,1,0,0,4.516351473679313
41,9,08,41_08,panelist,low,1,0,1,0,4.841230860837129
41,9,09,41_09,panelist,high,1,1,0,0,4.6963663022444635
41,9,10,41_10,panelist,med,1,0,0,0,4.437731320749458
41,9,11,41_11,panelist,med,1,0,0,0,4.012936293332733
41,9,12,41_12,panelist,med,1,0,0,0,4.4089781961257195
41,9,13,41_13,panelist,none,1,0,0,1,4.599113108750482
41,9,14,41_14,panelist,high,1,1,0,0,4.2138394890837905
41,9,15,41_15,panelist,none,1,0,0,1,4.307184202407292
41,9,16,41_16,panelist,high,1,1,0,0,4.258077748903309
41,9,17,41_17,panelist,med,1,0,0,0,4.635277627216654
41,9,18,41_18,reviewer,none,0,0,0,1,4.6001700247452195
41,9,19,41_19,panelist,high,1,1,0,0,3.876228645432948
41,9,20,41_20,panelist,med,1,0,0,0,4.431717290028567
41,9,21,41_21,panelist,med,1,0,0,0,4.72434812594875
41,9,22,41_22,panelist,med,1,0,0,0,4.301000585200835
41,9,23,41_23,reviewer,low,0,0,1,0,4.428336765528843
41,9,24,41_24,panelist,med,1,0,0,0,4.188160818305224
41,10,01,41_01,panelist,high,1,1,0,0,3.6249310528210867
41,10,02,41_02,panelist,high,1,1,0,0,4.313480895508432
41,10,03,41_03,panelist,med,1,0,0,0,4.012170699141383
41,10,04,41_04,panelist,low,1,0,1,0,4.304197875087352
41,10,05,41_05,panelist,med,1,0,0,0,3.6408831021704544
41,10,06,41_06,panelist,med,1,0,0,0,4.039146137158666
41,10,07,41_07,reviewer,none,0,0,0,1,3.731979238179887
41,10,08,41_08,reviewer,none,0,0,0,1,4.1892513501508635
41,10,09,41_09,panelist,med,1,0,0,0,4.347424198067503
41,10,10,41_10,panelist,high,1,1,0,0,3.8295848459774136
41,10,11,41_11,panelist,med,1,0,0,0,3.8215020467741274
41,10,12,41_12,panelist,low,1,0,1,0,4.796898602502232
41,10,13,41_13,panelist,high,1,1,0,0,4.467236324503505
41,10,14,41_14,panelist,low,1,0,1,0,4.528225558865232
41,10,15,41_15,panelist,med,1,0,0,0,4.07654354416694
41,10,16,41_16,panelist,high,1,1,0,0,3.676275175919722
41,10,17,41_17,reviewer,none,0,0,0,1,3.8460301774525187
41,10,18,41_18,panelist,med,1,0,0,0,3.8296459102487836
41,10,19,41_19,panelist,med,1,0,0,0,3.6824736521830816
41,10,20,41_20,panelist,none,1,0,0,1,4.437488717539715
41,10,21,41_21,panelist,med,1,0,0,0,3.9003778207304807
41,10,22,41_22,panelist,med,1,0,0,0,4.13423480947117
41,10,23,41_23,panelist,high,1,1,0,0,4.082715741332149
41,10,24,41_24,panelist,low,1,0,1,0,3.6292423905522226
41,11,01,41_01,panelist,med,1,0,0,0,4.281063582522429
41,11,02,41_02,panelist,med,1,0,0,0,4.639755571183035
41,11,03,41_03,panelist,med,1,0,0,0,4.018021936973478
41,11,04,41_04,panelist,med,1,0,0,0,4.0505759198294236
41,11,05,41_05,panelist,low,1,0,1,0,3.8226704936383773
41,11,06,41_06,panelist,high,1,1,0,0,3.8892448142414584
41,11,07,41_07,panelist,med,1,0,0,0,3.676116802818928
41,11,08,41_08,panelist,med,1,0,0,0,4.328996150019669
41,11,09,41_09,panelist,med,1,0,0,0,4.43971741706611
41,11,10,41_10,reviewer,high,0,1,0,0,3.6619607023503415
41,11,11,41_11,panelist,high,1,1,0,0,3.9040889141897788
41,11,12,41_12,panelist,high,1,1,0,0,3.7384138608839788
41,11,13,41_13,reviewer,high,0,1,0,0,4.092022767429041
41,11,14,41_14,panelist,none,1,0,0,1,4.015031433630153
41,11,15,41_15,panelist,low,1,0,1,0,3.821804903339434
41,11,16,41_16,panelist,med,1,0,0,0,3.748067640014041
41,11,17,41_17,panelist,none,1,0,0,1,4.072504326011238
41,11,18,41_18,panelist,high,1,1,0,0,3.9595250802987163
41,11,19,41_19,panelist,med,1,0,0,0,3.6623441149507463
41,11,20,41_20,panelist,low,1,0,1,0,4.235069409822772
41,11,21,41_21,panelist,none,1,0,0,1,4.485201598232906
41,11,22,41_22,panelist,none,1,0,0,1,4.260579162515052
41,11,23,41_23,panelist,med,1,0,0,0,4.18483274919922
41,11,24,41_24,reviewer,low,0,0,1,0,3.5158507175091898
41,12,01,41_01,reviewer,low,0,0,1,0,4.093538293647946
41,12,02,41_02,reviewer,high,0,1,0,0,4.280830143904763
41,12,03,41_03,panelist,high,1,1,0,0,3.6203477111926836
41,12,04,41_04,panelist,high,1,1,0,0,3.7985974785388983
41,12,05,41_05,panelist,med,1,0,0,0,3.8001990246509836
41,12,06,41_06,panelist,none,1,0,0,1,4.19787499603154
41,12,07,41_07,panelist,med,1,0,0,0,4.048033643615593
41,12,08,41_08,panelist,low,1,0,1,0,3.953379989173271
41,12,09,41_09,panelist,med,1,0,0,0,4.452016313620922
41,12,10,41_10,panelist,high,1,1,0,0,3.82453182604653
41,12,11,41_11,panelist,high,1,1,0,0,3.840865157620525
41,12,12,41_12,panelist,med,1,0,0,0,4.2316995467095255
41,12,13,41_13,panelist,high,1,1,0,0,4.292812206165674
41,12,14,41_14,panelist,none,1,0,0,1,4.548460897718284
41,12,15,41_15,panelist,low,1,0,1,0,4.251459114368369
41,12,16,41_16,panelist,med,1,0,0,0,4.0215908410445484
41,12,17,41_17,panelist,med,1,0,0,0,4.419537503117654
41,12,18,41_18,reviewer,med,0,0,0,0,3.949700569203729
41,12,19,41_19,panelist,none,1,0,0,1,4.428142557179901
41,12,20,41_20,panelist,low,1,0,1,0,4.240987648047225
41,12,21,41_21,panelist,none,1,0,0,1,4.448917910011837
41,12,22,41_22,panelist,med,1,0,0,0,3.7216303444926244
41,12,23,41_23,panelist,med,1,0,0,0,4.072533179099352
41,12,24,41_24,panelist,med,1,0,0,0,3.8116085023803628
41,13,01,41_01,panelist,low,1,0,1,0,4.061759625060328
41,13,02,41_02,panelist,high,1,1,0,0,4.582320236852158
41,13,03,41_03,panelist,high,1,1,0,0,4.003684196056304
41,13,04,41_04,panelist,med,1,0,0,0,4.067725299284565
41,13,05,41_05,reviewer,med,0,0,0,0,3.5813985415039364
41,13,06,41_06,panelist,none,1,0,0,1,4.28368953713533
41,13,07,41_07,panelist,med,1,0,0,0,4.416081051979087
41,13,08,41_08,panelist,none,1,0,0,1,4.628117429736317
41,13,09,41_09,panelist,med,1,0,0,0,4.653784849961345
41,13,10,41_10,panelist,high,1,1,0,0,3.9548214739404792
41,13,11,41_11,panelist,low,1,0,1,0,4.102823204501588
41,13,12,41_12,panelist,low,1,0,1,0,4.01835604718734
41,13,13,41_13,panelist,med,1,0,0,0,4.587129849635955
41,13,14,41_14,panelist,high,1,1,0,0,4.02343728712131
41,13,15,41_15,panelist,none,1,0,0,1,4.5390057365762155
41,13,16,41_16,panelist,med,1,0,0,0,4.220662209768687
41,13,17,41_17,reviewer,high,0,1,0,0,4.308361275777137
41,13,18,41_18,reviewer,high,0,1,0,0,3.991737659993642
41,13,19,41_19,panelist,med,1,0,0,0,4.072956360099624
41,13,20,41_20,panelist,low,1,0,1,0,4.736005093573021
41,13,21,41_21,panelist,med,1,0,0,0,4.361350433515382
41,13,22,41_22,panelist,med,1,0,0,0,4.346889208994083
41,13,23,41_23,panelist,med,1,0,0,0,4.318756908793353
41,13,24,41_24,panelist,none,1,0,0,1,4.063340886409674
41,14,01,41_01,panelist,med,1,0,0,0,3.6585485995736473
41,14,02,41_02,panelist,med,1,0,0,0,4.403223954598986
41,14,03,41_03,panelist,med,1,0,0,0,3.7538507116564412
41,14,04,41_04,panelist,high,1,1,0,0,3.743617135835654
41,14,05,41_05,panelist,high,1,1,0,0,3.8693904818093183
41,14,06,41_06,panelist,none,1,0,0,1,4.169935584937479
41,14,07,41_07,panelist,low,1,0,1,0,3.946927510796773
41,14,08,41_08,panelist,none,1,0,0,1,4.030381849798912
41,14,09,41_09,reviewer,none,0,0,0,1,4.641153015785686
41,14,10,41_10,panelist,med,1,0,0,0,4.129793714569488
41,14,11,41_11,panelist,med,1,0,0,0,3.5785803223190924
41,14,12,41_12,panelist,low,1,0,1,0,3.866319421451779
41,14,13,41_13,panelist,high,1,1,0,0,4.068557899120072
41,14,14,41_14,panelist,high,1,1,0,0,3.81392200737955
41,14,15,41_15,panelist,med,1,0,0,0,4.064827264802681
41,14,16,41_16,panelist,high,1,1,0,0,3.9634733894148564
41,14,17,41_17,reviewer,low,0,0,1,0,3.7879731127754983
41,14,18,41_18,panelist,med,1,0,0,0,4.05919555508735
41,14,19,41_19,panelist,low,1,0,1,0,3.644565066516669
41,14,20,41_20,panelist,high,1,1,0,0,4.033270812723797
41,14,21,41_21,reviewer,med,0,0,0,0,3.7688689331683247
41,14,22,41_22,panelist,none,1,0,0,1,4.3230241232945845
41,14,23,41_23,panelist,med,1,0,0,0,3.797422695064298
41,14,24,41_24,panelist,med,1,0,0,0,4.111046777525321
41,15,01,41_01,panelist,med,1,0,0,0,3.740964949941
41,15,02,41_02,panelist,high,1,1,0,0,4.059139641067464
41,15,03,41_03,panelist,high,1,1,0,0,3.688042869787278
41,15,04,41_04,panelist,med,1,0,0,0,3.6120636274472053
41,15,05,41_05,panelist,high,1,1,0,0,3.550134938735632
41,15,06,41_06,panelist,low,1,0,1,0,3.757116895123723
41,15,07,41_07,panelist,med,1,0,0,0,3.676441377408143
41,15,08,41_08,panelist,high,1,1,0,0,3.6478835602248654
41,15,09,41_09,panelist,high,1,1,0,0,4.061236752280714
41,15,10,41_10,panelist,none,1,0,0,1,3.5245615940819714
41,15,11,41_11,reviewer,med,0,0,0,0,3.505232329011181
41,15,12,41_12,panelist,med,1,0,0,0,3.6287265549008194
41,15,13,41_13,panelist,med,1,0,0,0,3.94830556550908
41,15,14,41_14,panelist,high,1,1,0,0,3.78077781319868
41,15,15,41_15,panelist,med,1,0,0,0,3.9427903008141176
41,15,16,41_16,panelist,none,1,0,0,1,3.777753119821086
41,15,17,41_17,panelist,low,1,0,1,0,3.6541161952141716
41,15,18,41_18,panelist,med,1,0,0,0,3.76555365394203
41,15,19,41_19,panelist,none,1,0,0,1,3.6655395276306906
41,15,20,41_20,panelist,low,1,0,1,0,3.9483094806344026
41,15,21,41_21,panelist,med,1,0,0,0,3.6667786121336525
41,15,22,41_22,reviewer,low,0,0,1,0,3.5669783276306
41,15,23,41_23,reviewer,med,0,0,0,0,3.509042641544163
41,15,24,41_24,panelist,none,1,0,0,1,3.574795902976388
42,1,01,42_01,panelist,low,1,0,1,0,3.9625594268491198
42,1,02,42_02,reviewer,high,0,1,0,0,4.090775270796008
42,1,03,42_03,panelist,med,1,0,0,0,3.7156756772664696
42,1,04,42_04,panelist,none,1,0,0,1,4.008923783981351
42,1,05,42_05,panelist,med,1,0,0,0,3.794107569729565
42,1,06,42_06,panelist,low,1,0,1,0,4.465417939926727
42,1,07,42_07,reviewer,none,0,0,0,1,4.390676960894222
42,1,08,42_08,panelist,med,1,0,0,0,4.546534090096521
42,1,09,42_09,panelist,none,1,0,0,1,4.556868946274533
42,1,10,42_10,panelist,med,1,0,0,0,3.7531213906955463
42,1,11,42_11,panelist,med,1,0,0,0,4.045639724531117
42,1,12,42_12,panelist,high,1,1,0,0,3.6522301822354106
42,1,13,42_13,panelist,high,1,1,0,0,3.986210227363567
42,1,14,42_14,panelist,none,1,0,0,1,4.227431145400959
42,1,15,42_15,panelist,high,1,1,0,0,3.831186052264825
42,1,16,42_16,panelist,med,1,0,0,0,4.388078492507591
42,1,17,42_17,reviewer,high,0,1,0,0,3.7355600744406274
42,1,18,42_18,panelist,low,1,0,1,0,4.038788769454273
42,1,19,42_19,panelist,high,1,1,0,0,3.880964266364982
42,1,20,42_20,panelist,med,1,0,0,0,4.122613867647157
42,1,21,42_21,panelist,med,1,0,0,0,4.049688416357022
42,1,22,42_22,panelist,low,1,0,1,0,4.6068581134272515
42,1,23,42_23,panelist,med,1,0,0,0,3.961925515966606
42,1,24,42_24,panelist,med,1,0,0,0,3.9049694488656006
42,2,01,42_01,panelist,med,1,0,0,0,4.300739246800343
42,2,02,42_02,panelist,med,1,0,0,0,4.709053512032034
42,2,03,42_03,reviewer,low,0,0,1,0,3.628962887421291
42,2,04,42_04,panelist,high,1,1,0,0,3.982496091008496
42,2,05,42_05,panelist,med,1,0,0,0,3.884779824282627
42,2,06,42_06,panelist,none,1,0,0,1,4.2558823837843605
42,2,07,42_07,reviewer,med,0,0,0,0,3.647401472126126
42,2,08,42_08,panelist,high,1,1,0,0,4.0916311180689124
42,2,09,42_09,panelist,high,1,1,0,0,4.402398344790866
42,2,10,42_10,panelist,none,1,0,0,1,4.534141711673268
42,2,11,42_11,panelist,med,1,0,0,0,3.6859718188002044
42,2,12,42_12,reviewer,med,0,0,0,0,4.005400298195874
42,2,13,42_13,panelist,high,1,1,0,0,4.632837910393758
42,2,14,42_14,panelist,med,1,0,0,0,4.450665073598326
42,2,15,42_15,panelist,high,1,1,0,0,4.12268023062491
42,2,16,42_16,panelist,high,1,1,0,0,4.150466226324246
42,2,17,42_17,panelist,low,1,0,1,0,4.217813764564879
42,2,18,42_18,panelist,med,1,0,0,0,4.548288715410933
42,2,19,42_19,panelist,med,1,0,0,0,3.5725594247157697
42,2,20,42_20,panelist,low,1,0,1,0,4.360803168776424
42,2,21,42_21,panelist,low,1,0,1,0,4.310330939993555
42,2,22,42_22,panelist,none,1,0,0,1,4.1702560507152615
42,2,23,42_23,panelist,none,1,0,0,1,4.533005708318048
42,2,24,42_24,panelist,med,1,0,0,0,4.012774712148272
42,3,01,42_01,panelist,med,1,0,0,0,3.8568338349882483
42,3,02,42_02,panelist,none,1,0,0,1,4.391272741341743
42,3,03,42_03,panelist,med,1,0,0,0,4.048030429313329
42,3,04,42_04,panelist,med,1,0,0,0,3.8410043048321585
42,3,05,42_05,panelist,med,1,0,0,0,3.7245560400627324
42,3,06,42_06,panelist,med,1,0,0,0,4.1177121425216034
42,3,07,42_07,panelist,med,1,0,0,0,4.022086587522836
42,3,08,42_08,panelist,high,1,1,0,0,4.455507629856461
42,3,09,42_09,panelist,high,1,1,0,0,4.726356291837929
42,3,10,42_10,panelist,med,1,0,0,0,4.26026323750361
42,3,11,42_11,panelist,med,1,0,0,0,3.764835191778044
42,3,12,42_12,panelist,low,1,0,1,0,4.093812983503382
42,3,13,42_13,panelist,low,1,0,1,0,4.529582066795185
42,3,14,42_14,panelist,none,1,0,0,1,4.063799704529185
42,3,15,42_15,reviewer,high,0,1,0,0,4.024890716275702
42,3,16,42_16,panelist,low,1,0,1,0,4.056612980513266
42,3,17,42_17,panelist,none,1,0,0,1,4.173116706887405
42,3,18,42_18,panelist,high,1,1,0,0,4.0189231202988935
42,3,19,42_19,reviewer,med,0,0,0,0,3.8443705603679392
42,3,20,42_20,panelist,high,1,1,0,0,4.344307537842131
42,3,21,42_21,reviewer,none,0,0,0,1,4.079805002407976
42,3,22,42_22,panelist,high,1,1,0,0,4.05341574332003
42,3,23,42_23,panelist,low,1,0,1,0,4.535362275232384
42,3,24,42_24,panelist,med,1,0,0,0,3.873059242877884
42,4,01,42_01,panelist,med,1,0,0,0,4.255693044375813
42,4,02,42_02,panelist,med,1,0,0,0,4.808447254550176
42,4,03,42_03,panelist,none,1,0,0,1,4.028110827278782
42,4,04,42_04,panelist,med,1,0,0,0,4.378728867355887
42,4,05,42_05,panelist,low,1,0,1,0,3.867088648508228
42,4,06,42_06,panelist,med,1,0,0,0,4.759668930172536
42,4,07,42_07,panelist,high,1,1,0,0,3.9746268885194023
42,4,08,42_08,reviewer,med,0,0,0,0,4.097392455674263
42,4,09,42_09,panelist,high,1,1,0,0,4.517087885647121
42,4,10,42_10,reviewer,high,0,1,0,0,3.6701977312247798
42,4,11,42_11,panelist,high,1,1,0,0,3.8570797473755403
42,4,12,42_12,panelist,med,1,0,0,0,4.481960395486221
42,4,13,42_13,panelist,med,1,0,0,0,4.704750615132393
42,4,14,42_14,panelist,high,1,1,0,0,4.177799697077603
42,4,15,42_15,panelist,high,1,1,0,0,4.514813110764787
42,4,16,42_16,panelist,med,1,0,0,0,4.4025566006679835
42,4,17,42_17,panelist,med,1,0,0,0,4.351258643286438
42,4,18,42_18,panelist,med,1,0,0,0,4.147301941235319
42,4,19,42_19,panelist,none,1,0,0,1,4.0959310844807915
42,4,20,42_20,panelist,low,1,0,1,0,4.341156637244341
42,4,21,42_21,panelist,none,1,0,0,1,4.657184638161266
42,4,22,42_22,panelist,low,1,0,1,0,4.513905539363054
42,4,23,42_23,panelist,none,1,0,0,1,4.3576757182766785
42,4,24,42_24,reviewer,low,0,0,1,0,3.8512928158856963
42,5,01,42_01,panelist,med,1,0,0,0,3.8313441414334206
42,5,02,42_02,panelist,none,1,0,0,1,4.722796146327689
42,5,03,42_03,panelist,med,1,0,0,0,3.6483777141503047
42,5,04,42_04,panelist,none,1,0,0,1,4.096728012967568
42,5,05,42_05,panelist,med,1,0,0,0,3.549894292232471
42,5,06,42_06,reviewer,med,0,0,0,0,3.922799185405258
42,5,07,42_07,panelist,med,1,0,0,0,3.691078591025142
42,5,08,42_08,panelist,med,1,0,0,0,4.416392339982177
42,5,09,42_09,panelist,low,1,0,1,0,4.587806462564482
42,5,10,42_10,panelist,med,1,0,0,0,4.086664335879748
42,5,11,42_11,panelist,low,1,0,1,0,3.6776596069320364
42,5,12,42_12,panelist,med,1,0,0,0,3.95584496115797
42,5,13,42_13,panelist,high,1,1,0,0,4.100944367971893
42,5,14,42_14,panelist,low,1,0,1,0,3.9007388505203164
42,5,15,42_15,panelist,high,1,1,0,0,3.7044931992596983
42,5,16,42_16,panelist,none,1,0,0,1,4.38443809232009
42,5,17,42_17,reviewer,high,0,1,0,0,3.641938136767298
42,5,18,42_18,reviewer,med,0,0,0,0,3.847812896913924
42,5,19,42_19,panelist,none,1,0,0,1,3.7191913097112512
42,5,20,42_20,panelist,low,1,0,1,0,3.9360711083900948
42,5,21,42_21,panelist,med,1,0,0,0,3.99056412390578
42,5,22,42_22,panelist,high,1,1,0,0,3.8042124167863256
42,5,23,42_23,panelist,high,1,1,0,0,3.573654740809615
42,5,24,42_24,panelist,high,1,1,0,0,3.560817811880243
42,6,01,42_01,panelist,med,1,0,0,0,4.389707905311617
42,6,02,42_02,reviewer,med,0,0,0,0,4.239427302436687
42,6,03,42_03,panelist,high,1,1,0,0,3.921609789928239
42,6,04,42_04,panelist,high,1,1,0,0,4.015856232404767
42,6,05,42_05,panelist,high,1,1,0,0,4.123312321102775
42,6,06,42_06,panelist,med,1,0,0,0,4.0029341906810485
42,6,07,42_07,panelist,none,1,0,0,1,3.971633619287769
42,6,08,42_08,panelist,med,1,0,0,0,4.767774419477722
42,6,09,42_09,panelist,med,1,0,0,0,4.821440199899059
42,6,10,42_10,reviewer,high,0,1,0,0,4.199398810808318
42,6,11,42_11,panelist,med,1,0,0,0,3.9115289012059877
42,6,12,42_12,panelist,med,1,0,0,0,4.435303937768485
42,6,13,42_13,panelist,low,1,0,1,0,4.847678265216843
42,6,14,42_14,reviewer,med,0,0,0,0,4.197981607195325
42,6,15,42_15,panelist,high,1,1,0,0,4.743885782991519
42,6,16,42_16,panelist,med,1,0,0,0,4.0069726043578155
42,6,17,42_17,panelist,low,1,0,1,0,4.760549057812493
42,6,18,42_18,panelist,low,1,0,1,0,4.328021658250193
42,6,19,42_19,panelist,none,1,0,0,1,4.160426272312496
42,6,20,42_20,panelist,med,1,0,0,0,4.722333693971908
42,6,21,42_21,panelist,low,1,0,1,0,4.434997195743398
42,6,22,42_22,panelist,none,1,0,0,1,4.454311544857295
42,6,23,42_23,panelist,none,1,0,0,1,4.727203210575561
42,6,24,42_24,panelist,high,1,1,0,0,3.9396718210349517
42,7,01,42_01,reviewer,low,0,0,1,0,4.321082369060528
42,7,02,42_02,panelist,high,1,1,0,0,4.72430214519776
42,7,03,42_03,panelist,med,1,0,0,0,4.2894192546672985
42,7,04,42_04,panelist,high,1,1,0,0,4.4492869379119755
42,7,05,42_05,panelist,high,1,1,0,0,4.408241141111874
42,7,06,42_06,panelist,none,1,0,0,1,4.808714013589675
42,7,07,42_07,panelist,high,1,1,0,0,4.390793238273467
42,7,08,42_08,reviewer,none,0,0,0,1,4.8192799203241465
42,7,09,42_09,panelist,low,1,0,1,0,4.6934847913416835
42,7,10,42_10,panelist,med,1,0,0,0,4.3569099977283745
42,7,11,42_11,panelist,med,1,0,0,0,4.265927972372207
42,7,12,42_12,reviewer,none,0,0,0,1,4.612088488618374
42,7,13,42_13,panelist,med,1,0,0,0,4.55219291308566
42,7,14,42_14,panelist,high,1,1,0,0,4.588926906585392
42,7,15,42_15,panelist,low,1,0,1,0,4.570445049049446
42,7,16,42_16,panelist,high,1,1,0,0,4.2999963322799255
42,7,17,42_17,panelist,med,1,0,0,0,4.42770589311284
42,7,18,42_18,panelist,med,1,0,0,0,4.5685359167764386
42,7,19,42_19,panelist,low,1,0,1,0,4.7709919151266105
42,7,20,42_20,panelist,med,1,0,0,0,4.841113171474509
42,7,21,42_21,panelist,med,1,0,0,0,4.595347159000666
42,7,22,42_22,panelist,med,1,0,0,0,4.651464344357187
42,7,23,42_23,panelist,none,1,0,0,1,4.746474908602124
42,7,24,42_24,panelist,med,1,0,0,0,4.2400030800754775
42,8,01,42_01,panelist,low,1,0,1,0,3.8343303448154833
42,8,02,42_02,panelist,med,1,0,0,0,4.076102880254521
42,8,03,42_03,reviewer,high,0,1,0,0,3.8319989182185865
42,8,04,42_04,panelist,high,1,1,0,0,3.747529936154649
42,8,05,42_05,panelist,med,1,0,0,0,3.5917954156349348
42,8,06,42_06,panelist,none,1,0,0,1,3.7214435361182514
42,8,07,42_07,panelist,med,1,0,0,0,3.6664294654656584
42,8,08,42_08,panelist,med,1,0,0,0,3.877861006135974
42,8,09,42_09,panelist,high,1,1,0,0,4.386795749119035
42,8,10,42_10,panelist,high,1,1,0,0,3.6633393332009274
42,8,11,42_11,panelist,med,1,0,0,0,3.7005197984107547
42,8,12,42_12,panelist,none,1,0,0,1,4.057545615050283
42,8,13,42_13,panelist,none,1,0,0,1,4.48469498808514
42,8,14,42_14,panelist,none,1,0,0,1,4.173568989438631
42,8,15,42_15,panelist,low,1,0,1,0,3.89714700015643
42,8,16,42_16,reviewer,med,0,0,0,0,3.8383239682967556
42,8,17,42_17,panelist,med,1,0,0,0,3.9779818589547618
42,8,18,42_18,panelist,low,1,0,1,0,4.110609659695514
42,8,19,42_19,reviewer,med,0,0,0,0,3.647792273962229
42,8,20,42_20,panelist,med,1,0,0,0,3.718682514426547
42,8,21,42_21,panelist,low,1,0,1,0,3.8515069572884326
42,8,22,42_22,panelist,high,1,1,0,0,4.006352403593336
42,8,23,42_23,panelist,med,1,0,0,0,3.933167177018581
42,8,24,42_24,panelist,high,1,1,0,0,3.8358444682175326
42,9,01,42_01,panelist,low,1,0,1,0,4.288416590088474
42,9,02,42_02,panelist,med,1,0,0,0,4.886907422018029
42,9,03,42_03,panelist,med,1,0,0,0,3.7499324021604967
42,9,04,42_04,panelist,low,1,0,1,0,4.215223698337962
42,9,05,42_05,panelist,med,1,0,0,0,4.133101280701161
42,9,06,42_06,panelist,med,1,0,0,0,4.546341821312303
42,9,07,42_07,panelist,med,1,0,0,0,4.621778226507954
42,9,08,42_08,panelist,low,1,0,1,0,4.763469173513392
42,9,09,42_09,panelist,high,1,1,0,0,4.783139806391633
42,9,10,42_10,reviewer,high,0,1,0,0,4.135453202083775
42,9,11,42_11,reviewer,none,0,0,0,1,4.008432324189995
42,9,12,42_12,panelist,med,1,0,0,0,4.527510252319732
42,9,13,42_13,panelist,none,1,0,0,1,4.816242012937758
42,9,14,42_14,panelist,high,1,1,0,0,4.261094054302537
42,9,15,42_15,panelist,med,1,0,0,0,4.013556727067223
42,9,16,42_16,panelist,none,1,0,0,1,4.636553683058236
42,9,17,42_17,reviewer,med,0,0,0,0,4.422075705288899
42,9,18,42_18,panelist,med,1,0,0,0,4.290623309016956
42,9,19,42_19,panelist,med,1,0,0,0,4.128123354856513
42,9,20,42_20,panelist,none,1,0,0,1,4.754857595960598
42,9,21,42_21,panelist,high,1,1,0,0,4.49648591966186
42,9,22,42_22,panelist,high,1,1,0,0,4.557345338328487
42,9,23,42_23,panelist,low,1,0,1,0,4.8999733242370205
42,9,24,42_24,panelist,high,1,1,0,0,4.060242978729737
42,10,01,42_01,panelist,med,1,0,0,0,3.8758187098511567
42,10,02,42_02,reviewer,med,0,0,0,0,4.476221696232844
42,10,03,42_03,panelist,high,1,1,0,0,3.733461577407034
42,10,04,42_04,reviewer,high,0,1,0,0,3.528764561344575
42,10,05,42_05,panelist,med,1,0,0,0,3.8831759737983265
42,10,06,42_06,panelist,high,1,1,0,0,4.356889506384523
42,10,07,42_07,panelist,med,1,0,0,0,3.8760389071608268
42,10,08,42_08,panelist,med,1,0,0,0,4.425219285715216
42,10,09,42_09,panelist,low,1,0,1,0,4.50961557695406
42,10,10,42_10,panelist,low,1,0,1,0,4.2097210719006934
42,10,11,42_11,panelist,none,1,0,0,1,3.7071382524032965
42,10,12,42_12,panelist,high,1,1,0,0,4.126861044424684
42,10,13,42_13,panelist,none,1,0,0,1,4.57284859026938
42,10,14,42_14,panelist,high,1,1,0,0,3.8326124859615933
42,10,15,42_15,reviewer,low,0,0,1,0,3.8685881996185523
42,10,16,42_16,panelist,none,1,0,0,1,4.10753756137956
42,10,17,42_17,panelist,med,1,0,0,0,4.42596279345553
42,10,18,42_18,panelist,low,1,0,1,0,4.0278409783766165
42,10,19,42_19,panelist,none,1,0,0,1,3.5965217907140468
42,10,20,42_20,panelist,med,1,0,0,0,4.267384928549653
42,10,21,42_21,panelist,high,1,1,0,0,3.902316114835808
42,10,22,42_22,panelist,med,1,0,0,0,3.932907726519513
42,10,23,42_23,panelist,med,1,0,0,0,4.230222165571361
42,10,24,42_24,panelist,med,1,0,0,0,3.72184838962674
42,11,01,42_01,panelist,med,1,0,0,0,3.9769594233640393
42,11,02,42_02,reviewer,none,0,0,0,1,4.354427349257703
42,11,03,42_03,panelist,high,1,1,0,0,3.9961339354861307
42,11,04,42_04,panelist,low,1,0,1,0,3.727435346955514
42,11,05,42_05,panelist,med,1,0,0,0,3.9981677051385915
42,11,06,42_06,panelist,med,1,0,0,0,4.059961997735729
42,11,07,42_07,reviewer,med,0,0,0,0,3.8507473094091447
42,11,08,42_08,panelist,med,1,0,0,0,4.296443856209064
42,11,09,42_09,panelist,low,1,0,1,0,4.586781981525218
42,11,10,42_10,panelist,none,1,0,0,1,4.04106011732779
42,11,11,42_11,panelist,high,1,1,0,0,3.70871546174167
42,11,12,42_12,panelist,med,1,0,0,0,4.1309899210995065
42,11,13,42_13,panelist,high,1,1,0,0,4.493908691226033
42,11,14,42_14,panelist,med,1,0,0,0,4.249921179495586
42,11,15,42_15,panelist,med,1,0,0,0,4.516395077687955
42,11,16,42_16,reviewer,med,0,0,0,0,3.614984092420254
42,11,17,42_17,panelist,low,1,0,1,0,4.038608383687981
42,11,18,42_18,panelist,high,1,1,0,0,3.6734511241180035
42,11,19,42_19,panelist,low,1,0,1,0,3.725824973208504
42,11,20,42_20,panelist,high,1,1,0,0,4.0200531629134
42,11,21,42_21,panelist,high,1,1,0,0,3.735871054394105
42,11,22,42_22,panelist,none,1,0,0,1,4.41477039024607
42,11,23,42_23,panelist,none,1,0,0,1,4.720510226611563
42,11,24,42_24,panelist,med,1,0,0,0,4.017812162880347
42,12,01,42_01,panelist,high,1,1,0,0,4.072155089027685
42,12,02,42_02,panelist,med,1,0,0,0,4.492715584094807
42,12,03,42_03,panelist,med,1,0,0,0,3.8826062921768445
42,12,04,42_04,panelist,high,1,1,0,0,3.9332730051901814
42,12,05,42_05,panelist,med,1,0,0,0,4.0942783335090684
42,12,06,42_06,reviewer,med,0,0,0,0,4.093925793031638
42,12,07,42_07,reviewer,none,0,0,0,1,3.632151550480378
42,12,08,42_08,panelist,med,1,0,0,0,4.042885668922475
42,12,09,42_09,panelist,med,1,0,0,0,4.607009686896677
42,12,10,42_10,panelist,low,1,0,1,0,4.530401811013018
42,12,11,42_11,panelist,high,1,1,0,0,3.82709725156305
42,12,12,42_12,panelist,none,1,0,0,1,4.253972831222369
42,12,13,42_13,panelist,none,1,0,0,1,4.765331090639082
42,12,14,42_14,panelist,low,1,0,1,0,4.26094993128913
42,12,15,42_15,panelist,med,1,0,0,0,3.838859649713485
42,12,16,42_16,panelist,high,1,1,0,0,4.06799359180637
42,12,17,42_17,panelist,high,1,1,0,0,4.069619463200282
42,12,18,42_18,panelist,med,1,0,0,0,4.073546776669909
42,12,19,42_19,panelist,med,1,0,0,0,3.6789310479435993
42,12,20,42_20,panelist,high,1,1,0,0,4.048147870576005
42,12,21,42_21,panelist,low,1,0,1,0,4.242744629854854
42,12,22,42_22,reviewer,med,0,0,0,0,4.020280098378815
42,12,23,42_23,panelist,none,1,0,0,1,4.2496862489742595
42,12,24,42_24,panelist,low,1,0,1,0,4.256993839189655
42,13,01,42_01,panelist,med,1,0,0,0,4.0869468226701136
42,13,02,42_02,panelist,med,1,0,0,0,4.836997953021213
42,13,03,42_03,panelist,low,1,0,1,0,4.200506569456923
42,13,04,42_04,panelist,low,1,0,1,0,4.387372223862724
42,13,05,42_05,panelist,low,1,0,1,0,4.422944192322602
42,13,06,42_06,panelist,high,1,1,0,0,4.681354034357885
42,13,07,42_07,reviewer,none,0,0,0,1,3.834161474191528
42,13,08,42_08,panelist,none,1,0,0,1,4.619371625168803
42,13,09,42_09,panelist,med,1,0,0,0,4.761193836299595
42,13,10,42_10,panelist,none,1,0,0,1,4.521664107565242
42,13,11,42_11,panelist,high,1,1,0,0,4.27543383486034
42,13,12,42_12,panelist,med,1,0,0,0,4.274590719492806
42,13,13,42_13,panelist,high,1,1,0,0,4.638778377878522
42,13,14,42_14,panelist,high,1,1,0,0,4.675678376133363
42,13,15,42_15,reviewer,med,0,0,0,0,4.123477373743522
42,13,16,42_16,panelist,high,1,1,0,0,4.182116682737735
42,13,17,42_17,panelist,med,1,0,0,0,4.171155871394187
42,13,18,42_18,panelist,med,1,0,0,0,4.410278013596343
42,13,19,42_19,panelist,med,1,0,0,0,4.2242038960189605
42,13,20,42_20,panelist,none,1,0,0,1,4.624692008989148
42,13,21,42_21,panelist,med,1,0,0,0,4.135785777985873
42,13,22,42_22,panelist,low,1,0,1,0,4.49371878791348
42,13,23,42_23,panelist,high,1,1,0,0,4.3514245177342135
42,13,24,42_24,reviewer,med,0,0,0,0,3.6666138624635485
42,14,01,42_01,panelist,low,1,0,1,0,4.018035962912235
42,14,02,42_02,panelist,med,1,0,0,0,3.966810291210051
42,14,03,42_03,panelist,med,1,0,0,0,3.7369565965504052
42,14,04,42_04,panelist,low,1,0,1,0,4.003106928524862
42,14,05,42_05,panelist,low,1,0,1,0,3.9811390910370226
42,14,06,42_06,panelist,high,1,1,0,0,4.20677842463353
42,14,07,42_07,panelist,med,1,0,0,0,3.8240961093327726
42,14,08,42_08,reviewer,high,0,1,0,0,3.7123991518701915
42,14,09,42_09,reviewer,high,0,1,0,0,4.227883774111055
42,14,10,42_10,panelist,none,1,0,0,1,4.18733695673546
42,14,11,42_11,panelist,none,1,0,0,1,3.9861806067275216
42,14,12,42_12,reviewer,med,0,0,0,0,3.8660800766560266
42,14,13,42_13,panelist,med,1,0,0,0,4.645141615761354
42,14,14,42_14,panelist,high,1,1,0,0,4.215969564467023
42,14,15,42_15,panelist,med,1,0,0,0,3.5902749578861943
42,14,16,42_16,panelist,low,1,0,1,0,4.18626362075378
42,14,17,42_17,panelist,high,1,1,0,0,4.384526702019815
42,14,18,42_18,panelist,med,1,0,0,0,3.79309288672497
42,14,19,42_19,panelist,high,1,1,0,0,3.855635276013333
42,14,20,42_20,panelist,none,1,0,0,1,4.574788789712786
42,14,21,42_21,panelist,med,1,0,0,0,4.055901415344413
42,14,22,42_22,panelist,med,1,0,0,0,3.8561150985011166
42,14,23,42_23,panelist,none,1,0,0,1,4.3443579991854335
42,14,24,42_24,panelist,med,1,0,0,0,4.022976215331464
42,15,01,42_01,panelist,med,1,0,0,0,3.7523520094993668
42,15,02,42_02,panelist,med,1,0,0,0,4.018686596169412
42,15,03,42_03,panelist,med,1,0,0,0,3.7477016790104
42,15,04,42_04,panelist,high,1,1,0,0,3.843393663158118
42,15,05,42_05,reviewer,high,0,1,0,0,3.5331886114478976
42,15,06,42_06,panelist,low,1,0,1,0,4.049977650660846
42,15,07,42_07,panelist,high,1,1,0,0,3.5954169728515697
42,15,08,42_08,panelist,low,1,0,1,0,4.26017962465056
42,15,09,42_09,panelist,med,1,0,0,0,4.065239698047965
42,15,10,42_10,panelist,none,1,0,0,1,3.8301986450455656
42,15,11,42_11,panelist,high,1,1,0,0,3.6128218335706417
42,15,12,42_12,panelist,low,1,0,1,0,3.8341438916864115
42,15,13,42_13,reviewer,med,0,0,0,0,3.9573139004851137
42,15,14,42_14,panelist,med,1,0,0,0,3.8827630992990523
42,15,15,42_15,panelist,none,1,0,0,1,3.9795749220389762
42,15,16,42_16,panelist,low,1,0,1,0,3.5994913644442
42,15,17,42_17,panelist,med,1,0,0,0,3.783042858244422
42,15,18,42_18,panelist,med,1,0,0,0,3.879990788147103
42,15,19,42_19,panelist,high,1,1,0,0,3.523971882250798
42,15,20,42_20,panelist,high,1,1,0,0,3.5781628708957998
42,15,21,42_21,panelist,none,1,0,0,1,3.998713107715424
42,15,22,42_22,panelist,none,1,0,0,1,3.8995962698581383
42,15,23,42_23,reviewer,med,0,0,0,0,3.6434881418922758
42,15,24,42_24,panelist,med,1,0,0,0,3.5798998444177825
43,1,01,43_01,panelist,high,1,1,0,0,3.652893949350668
43,1,02,43_02,panelist,high,1,1,0,0,4.429819740111938
43,1,03,43_03,reviewer,high,0,1,0,0,3.512149286843605
43,1,04,43_04,panelist,none,1,0,0,1,4.088634527841092
43,1,05,43_05,panelist,med,1,0,0,0,3.6496679530905336
43,1,06,43_06,reviewer,med,0,0,0,0,4.058670881867165
43,1,07,43_07,panelist,none,1,0,0,1,4.409011113753308
43,1,08,43_08,panelist,med,1,0,0,0,4.497109332327059
43,1,09,43_09,panelist,low,1,0,1,0,4.567457991619004
43,1,10,43_10,panelist,high,1,1,0,0,4.115303605403029
43,1,11,43_11,panelist,med,1,0,0,0,3.6232981201894643
43,1,12,43_12,panelist,low,1,0,1,0,4.156781915611143
43,1,13,43_13,panelist,med,1,0,0,0,4.438974853186051
43,1,14,43_14,panelist,med,1,0,0,0,3.9883460501883423
43,1,15,43_15,panelist,med,1,0,0,0,3.8689981998709646
43,1,16,43_16,panelist,low,1,0,1,0,3.8762271795046668
43,1,17,43_17,panelist,none,1,0,0,1,4.266987915312643
43,1,18,43_18,panelist,med,1,0,0,0,3.978379598369453
43,1,19,43_19,reviewer,high,0,1,0,0,3.7741329176787537
43,1,20,43_20,panelist,med,1,0,0,0,4.2343397313977675
43,1,21,43_21,panelist,high,1,1,0,0,4.118800566900704
43,1,22,43_22,panelist,med,1,0,0,0,4.203253174944696
43,1,23,43_23,panelist,low,1,0,1,0,4.2314384038648525
43,1,24,43_24,panelist,none,1,0,0,1,3.96232173154398
43,2,01,43_01,panelist,med,1,0,0,0,3.8464764722678773
43,2,02,43_02,panelist,none,1,0,0,1,4.716942299136743
43,2,03,43_03,reviewer,med,0,0,0,0,3.5209163933163174
43,2,04,43_04,panelist,none,1,0,0,1,3.8596528681986575
43,2,05,43_05,panelist,med,1,0,0,0,4.230950298385886
43,2,06,43_06,panelist,high,1,1,0,0,3.8426134641692
43,2,07,43_07,reviewer,high,0,1,0,0,3.8144283984595355
43,2,08,43_08,panelist,med,1,0,0,0,4.579915935005991
43,2,09,43_09,panelist,high,1,1,0,0,4.44886112944
43,2,10,43_10,panelist,med,1,0,0,0,4.268834712878583
43,2,11,43_11,panelist,med,1,0,0,0,3.70795414138892
43,2,12,43_12,panelist,low,1,0,1,0,4.46755725629339
43,2,13,43_13,panelist,high,1,1,0,0,4.015854548943318
43,2,14,43_14,panelist,med,1,0,0,0,4.4707102326338415
43,2,15,43_15,panelist,med,1,0,0,0,3.984120992297444
43,2,16,43_16,panelist,low,1,0,1,0,4.229174272935862
43,2,17,43_17,panelist,low,1,0,1,0,4.08444514627096
43,2,18,43_18,panelist,med,1,0,0,0,3.8397314257192003
43,2,19,43_19,panelist,none,1,0,0,1,4.114569028391408
43,2,20,43_20,panelist,med,1,0,0,0,4.217283175460907
43,2,21,43_21,panelist,none,1,0,0,1,4.589541369953326
43,2,22,43_22,panelist,low,1,0,1,0,4.041081943994201
43,2,23,43_23,reviewer,high,0,1,0,0,4.164694328893689
43,2,24,43_24,panelist,high,1,1,0,0,3.571981099749105
43,3,01,43_01,panelist,med,1,0,0,0,3.8480082137540337
43,3,02,43_02,panelist,med,1,0,0,0,4.313919833568297
43,3,03,43_03,panelist,med,1,0,0,0,4.053667152114878
43,3,04,43_04,panelist,none,1,0,0,1,4.043647999342644
43,3,05,43_05,panelist,med,1,0,0,0,3.6332747867426396
43,3,06,43_06,panelist,low,1,0,1,0,4.090616952385605
43,3,07,43_07,panelist,low,1,0,1,0,4.043985210276189
43,3,08,43_08,panelist,med,1,0,0,0,4.825257906961169
43,3,09,43_09,panelist,med,1,0,0,0,4.790931664137899
43,3,10,43_10,reviewer,low,0,0,1,0,4.047856681344515
43,3,11,43_11,panelist,med,1,0,0,0,3.5103178583218027
43,3,12,43_12,panelist,none,1,0,0,1,4.360991755130256
43,3,13,43_13,panelist,high,1,1,0,0,4.2300664236173136
43,3,14,43_14,panelist,high,1,1,0,0,3.999535513051845
43,3,15,43_15,panelist,med,1,0,0,0,3.6803641844548896
43,3,16,43_16,panelist,low,1,0,1,0,4.415023124335759
43,3,17,43_17,panelist,high,1,1,0,0,4.009683960020024
43,3,18,43_18,panelist,none,1,0,0,1,4.631956026150534
43,3,19,43_19,reviewer,med,0,0,0,0,3.747999969017691
43,3,20,43_20,panelist,high,1,1,0,0,4.179784151858174
43,3,21,43_21,panelist,high,1,1,0,0,4.088092901305822
43,3,22,43_22,panelist,none,1,0,0,1,4.32225908389169
43,3,23,43_23,reviewer,med,0,0,0,0,4.056576054139759
43,3,24,43_24,panelist,high,1,1,0,0,3.8905262378654455
43,4,01,43_01,panelist,med,1,0,0,0,3.8908010976158294
43,4,02,43_02,panelist,low,1,0,1,0,4.822776241026155
43,4,03,43_03,panelist,med,1,0,0,0,3.713438998815566
43,4,04,43_04,panelist,low,1,0,1,0,3.958850789833396
43,4,05,43_05,panelist,none,1,0,0,1,4.2033911400847055
43,4,06,43_06,panelist,low,1,0,1,0,4.300221096155797
43,4,07,43_07,reviewer,med,0,0,0,0,3.6255136184625782
43,4,08,43_08,panelist,high,1,1,0,0,3.952787230265619
43,4,09,43_09,panelist,med,1,0,0,0,4.682335732283572
43,4,10,43_10,panelist,high,1,1,0,0,4.182386401482706
43,4,11,43_11,panelist,med,1,0,0,0,4.062632545911951
43,4,12,43_12,panelist,none,1,0,0,1,4.314519291692682
43,4,13,43_13,panelist,high,1,1,0,0,4.529884726482909
43,4,14,43_14,panelist,low,1,0,1,0,4.3464269443777575
43,4,15,43_15,panelist,high,1,1,0,0,3.805912190057083
43,4,16,43_16,reviewer,med,0,0,0,0,3.6134493147979563
43,4,17,43_17,panelist,med,1,0,0,0,4.211471849838497
43,4,18,43_18,panelist,med,1,0,0,0,4.36779415741018
43,4,19,43_19,panelist,med,1,0,0,0,3.983831316714559
43,4,20,43_20,panelist,high,1,1,0,0,4.093479129246718
43,4,21,43_21,panelist,none,1,0,0,1,4.415426310253867
43,4,22,43_22,reviewer,none,0,0,0,1,4.442477672293674
43,4,23,43_23,panelist,med,1,0,0,0,4.298244929650435
43,4,24,43_24,panelist,high,1,1,0,0,3.92036659218427
43,5,01,43_01,panelist,med,1,0,0,0,3.557032370188753
43,5,02,43_02,reviewer,med,0,0,0,0,4.232215171762866
43,5,03,43_03,panelist,high,1,1,0,0,3.7284012024974498
43,5,04,43_04,reviewer,none,0,0,0,1,3.687909568900584
43,5,05,43_05,panelist,med,1,0,0,0,3.762606093029858
43,5,06,43_06,panelist,high,1,1,0,0,4.098684684649057
43,5,07,43_07,panelist,none,1,0,0,1,4.149008972323665
43,5,08,43_08,panelist,low,1,0,1,0,4.1703012969653965
43,5,09,43_09,reviewer,high,0,1,0,0,3.6344958878932676
43,5,10,43_10,panelist,med,1,0,0,0,3.761728195458605
43,5,11,43_11,panelist,med,1,0,0,0,3.885613358582839
43,5,12,43_12,panelist,med,1,0,0,0,4.073169808145293
43,5,13,43_13,panelist,med,1,0,0,0,4.2634094342271025
43,5,14,43_14,panelist,high,1,1,0,0,3.9648272022721454
43,5,15,43_15,panelist,high,1,1,0,0,4.2774971162290045
43,5,16,43_16,panelist,none,1,0,0,1,4.350839966221406
43,5,17,43_17,panelist,low,1,0,1,0,3.863627511529197
43,5,18,43_18,panelist,med,1,0,0,0,3.6794094280035337
43,5,19,43_19,panelist,med,1,0,0,0,3.7001873659743447
43,5,20,43_20,panelist,high,1,1,0,0,4.085852517665926
43,5,21,43_21,panelist,low,1,0,1,0,4.179467930886303
43,5,22,43_22,panelist,med,1,0,0,0,4.049871840689832
43,5,23,43_23,panelist,low,1,0,1,0,4.447357370536887
43,5,24,43_24,panelist,none,1,0,0,1,3.6025779485839697
43,6,01,43_01,panelist,med,1,0,0,0,3.899421975808744
43,6,02,43_02,reviewer,none,0,0,0,1,4.573495435148907
43,6,03,43_03,panelist,none,1,0,0,1,4.557225099384283
43,6,04,43_04,panelist,med,1,0,0,0,4.041207954410019
43,6,05,43_05,panelist,high,1,1,0,0,4.27428325657373
43,6,06,43_06,panelist,med,1,0,0,0,4.445243952645386
43,6,07,43_07,panelist,high,1,1,0,0,3.936646497046588
43,6,08,43_08,panelist,low,1,0,1,0,4.742535306645933
43,6,09,43_09,reviewer,high,0,1,0,0,4.356324893246809
43,6,10,43_10,panelist,med,1,0,0,0,4.776598260985069
43,6,11,43_11,panelist,low,1,0,1,0,3.8663072785416372
43,6,12,43_12,panelist,low,1,0,1,0,4.24883659135598
43,6,13,43_13,panelist,none,1,0,0,1,4.431801235344264
43,6,14,43_14,panelist,med,1,0,0,0,4.491870558414641
43,6,15,43_15,reviewer,none,0,0,0,1,4.175014831887879
43,6,16,43_16,panelist,high,1,1,0,0,4.225140232788104
43,6,17,43_17,panelist,med,1,0,0,0,4.082735188143996
43,6,18,43_18,panelist,med,1,0,0,0,4.17955211656773
43,6,19,43_19,panelist,med,1,0,0,0,3.764609822509661
43,6,20,43_20,panelist,med,1,0,0,0,4.496049402659219
43,6,21,43_21,panelist,high,1,1,0,0,4.134278964833251
43,6,22,43_22,panelist,low,1,0,1,0,4.427187348856731
43,6,23,43_23,panelist,med,1,0,0,0,4.650554666777314
43,6,24,43_24,panelist,high,1,1,0,0,4.042196009809693
43,7,01,43_01,panelist,high,1,1,0,0,3.9824081323125435
43,7,02,43_02,panelist,med,1,0,0,0,4.865286240069891
43,7,03,43_03,panelist,high,1,1,0,0,4.024823654202879
43,7,04,43_04,panelist,high,1,1,0,0,4.236033031374418
43,7,05,43_05,panelist,med,1,0,0,0,4.021393203610202
43,7,06,43_06,panelist,high,1,1,0,0,4.703056046212792
43,7,07,43_07,reviewer,low,0,0,1,0,4.15656602411019
43,7,08,43_08,panelist,low,1,0,1,0,4.691060425875578
43,7,09,43_09,panelist,none,1,0,0,1,4.862822460779819
43,7,10,43_10,panelist,none,1,0,0,1,4.650022549579558
43,7,11,43_11,panelist,med,1,0,0,0,4.210056344357623
43,7,12,43_12,panelist,med,1,0,0,0,4.368646610438046
43,7,13,43_13,panelist,med,1,0,0,0,4.842781419189289
43,7,14,43_14,reviewer,med,0,0,0,0,4.564196640002849
43,7,15,43_15,panelist,med,1,0,0,0,4.801687147691496
43,7,16,43_16,panelist,med,1,0,0,0,4.380376430876504
43,7,17,43_17,panelist,low,1,0,1,0,4.71829796284092
43,7,18,43_18,panelist,med,1,0,0,0,4.318052426887095
43,7,19,43_19,reviewer,low,0,0,1,0,4.108793651732855
43,7,20,43_20,panelist,high,1,1,0,0,4.4601856652754295
43,7,21,43_21,panelist,med,1,0,0,0,4.7602043959973805
43,7,22,43_22,panelist,high,1,1,0,0,4.656353792825233
43,7,23,43_23,panelist,none,1,0,0,1,4.68616985303022
43,7,24,43_24,panelist,none,1,0,0,1,4.22412969734505
43,8,01,43_01,panelist,high,1,1,0,0,3.563440512610886
43,8,02,43_02,panelist,med,1,0,0,0,4.349444877174964
43,8,03,43_03,panelist,high,1,1,0,0,3.896432451892631
43,8,04,43_04,panelist,none,1,0,0,1,3.866132356461411
43,8,05,43_05,panelist,med,1,0,0,0,3.7345344944970194
43,8,06,43_06,panelist,high,1,1,0,0,3.901484040331554
43,8,07,43_07,panelist,med,1,0,0,0,3.579699277409157
43,8,08,43_08,reviewer,low,0,0,1,0,3.8872704063171355
43,8,09,43_09,panelist,none,1,0,0,1,4.528695724130951
43,8,10,43_10,panelist,high,1,1,0,0,3.6331287781299904
43,8,11,43_11,panelist,med,1,0,0,0,3.609965375634676
43,8,12,43_12,reviewer,med,0,0,0,0,3.5710281164746283
43,8,13,43_13,panelist,low,1,0,1,0,3.9730886625002224
43,8,14,43_14,panelist,high,1,1,0,0,4.204566439391818
43,8,15,43_15,panelist,none,1,0,0,1,3.668215737580179
43,8,16,43_16,panelist,none,1,0,0,1,4.100997512802736
43,8,17,43_17,panelist,med,1,0,0,0,3.809630117381263
43,8,18,43_18,panelist,low,1,0,1,0,3.9420758834842204
43,8,19,43_19,panelist,med,1,0,0,0,3.7648079705024364
43,8,20,43_20,panelist,med,1,0,0,0,4.220723282550523
43,8,21,43_21,panelist,low,1,0,1,0,3.890853682787176
43,8,22,43_22,panelist,med,1,0,0,0,4.00936626200874
43,8,23,43_23,reviewer,med,0,0,0,0,3.592357481557514
43,8,24,43_24,panelist,high,1,1,0,0,3.6547789631489973
43,9,01,43_01,panelist,med,1,0,0,0,4.294343788365094
43,9,02,43_02,panelist,none,1,0,0,1,4.824425655672424
43,9,03,43_03,panelist,med,1,0,0,0,4.050058171739243
43,9,04,43_04,panelist,high,1,1,0,0,4.027445809559521
43,9,05,43_05,panelist,med,1,0,0,0,4.002054162038673
43,9,06,43_06,panelist,med,1,0,0,0,4.2278919029067374
43,9,07,43_07,panelist,med,1,0,0,0,4.353825985894096
43,9,08,43_08,panelist,med,1,0,0,0,4.622530169973679
43,9,09,43_09,panelist,low,1,0,1,0,4.781275411464239
43,9,10,43_10,panelist,none,1,0,0,1,4.670617682280253
43,9,11,43_11,panelist,low,1,0,1,0,4.43529429016132
43,9,12,43_12,panelist,none,1,0,0,1,4.4963855740777205
43,9,13,43_13,panelist,med,1,0,0,0,4.609835406283316
43,9,14,43_14,reviewer,none,0,0,0,1,4.383173891526208
43,9,15,43_15,panelist,high,1,1,0,0,4.328550528496465
43,9,16,43_16,panelist,med,1,0,0,0,4.458955959192275
43,9,17,43_17,panelist,med,1,0,0,0,4.444034331859956
43,9,18,43_18,reviewer,high,0,1,0,0,4.405873269603277
43,9,19,43_19,reviewer,high,0,1,0,0,4.154741288126652
43,9,20,43_20,panelist,low,1,0,1,0,4.778278529103422
43,9,21,43_21,panelist,med,1,0,0,0,4.63442018550501
43,9,22,43_22,panelist,high,1,1,0,0,4.179735783690553
43,9,23,43_23,panelist,high,1,1,0,0,4.1745875108066235
43,9,24,43_24,panelist,low,1,0,1,0,4.37429339529831
43,10,01,43_01,panelist,med,1,0,0,0,3.6282959976420304
43,10,02,43_02,panelist,med,1,0,0,0,4.849015622232466
43,10,03,43_03,panelist,med,1,0,0,0,3.7001179359372047
43,10,04,43_04,panelist,high,1,1,0,0,3.8027695298579567
43,10,05,43_05,panelist,med,1,0,0,0,3.738340385704076
43,10,06,43_06,panelist,low,1,0,1,0,4.388259781400732
43,10,07,43_07,panelist,high,1,1,0,0,3.887989613316858
43,10,08,43_08,panelist,none,1,0,0,1,4.60201571566671
43,10,09,43_09,panelist,high,1,1,0,0,4.478516636501673
43,10,10,43_10,panelist,none,1,0,0,1,4.085773380858212
43,10,11,43_11,panelist,med,1,0,0,0,3.5067274582956394
43,10,12,43_12,reviewer,none,0,0,0,1,3.895122180688476
43,10,13,43_13,panelist,med,1,0,0,0,4.694998561249529
43,10,14,43_14,panelist,low,1,0,1,0,4.32391383832279
43,10,15,43_15,panelist,high,1,1,0,0,3.8371520027024717
43,10,16,43_16,reviewer,med,0,0,0,0,3.896601405161976
43,10,17,43_17,panelist,high,1,1,0,0,4.178450910177257
43,10,18,43_18,panelist,low,1,0,1,0,4.277621676467613
43,10,19,43_19,panelist,med,1,0,0,0,4.078145684618922
43,10,20,43_20,panelist,low,1,0,1,0,4.229323045012162
43,10,21,43_21,panelist,none,1,0,0,1,4.300721268600447
43,10,22,43_22,panelist,high,1,1,0,0,4.275463862284899
43,10,23,43_23,panelist,med,1,0,0,0,4.136734198652309
43,10,24,43_24,reviewer,med,0,0,0,0,3.987174218483575
43,11,01,43_01,panelist,med,1,0,0,0,3.723195144254131
43,11,02,43_02,panelist,med,1,0,0,0,4.089745628157588
43,11,03,43_03,panelist,none,1,0,0,1,4.035130065879975
43,11,04,43_04,panelist,high,1,1,0,0,3.6565786903883244
43,11,05,43_05,panelist,none,1,0,0,1,3.6452335953328823
43,11,06,43_06,panelist,low,1,0,1,0,4.093139301414919
43,11,07,43_07,panelist,med,1,0,0,0,3.628847658798698
43,11,08,43_08,panelist,med,1,0,0,0,4.405693146058399
43,11,09,43_09,panelist,high,1,1,0,0,4.376642855416608
43,11,10,43_10,panelist,high,1,1,0,0,3.6101954868581534
43,11,11,43_11,panelist,low,1,0,1,0,3.6806161538300506
43,11,12,43_12,panelist,none,1,0,0,1,4.331045239777448
43,11,13,43_13,panelist,med,1,0,0,0,4.339962530308554
43,11,14,43_14,panelist,high,1,1,0,0,3.6057953781546064
43,11,15,43_15,reviewer,med,0,0,0,0,3.8220212321781437
43,11,16,43_16,panelist,med,1,0,0,0,3.9164062664249126
43,11,17,43_17,panelist,med,1,0,0,0,3.9232387742735892
43,11,18,43_18,panelist,high,1,1,0,0,4.0511386417396
43,11,19,43_19,panelist,low,1,0,1,0,3.7173021668094446
43,11,20,43_20,panelist,med,1,0,0,0,3.999554178607578
43,11,21,43_21,panelist,low,1,0,1,0,4.34221507155632
43,11,22,43_22,reviewer,med,0,0,0,0,4.314405741733566
43,11,23,43_23,reviewer,none,0,0,0,1,3.907536383482881
43,11,24,43_24,panelist,high,1,1,0,0,3.524890183528981
43,12,01,43_01,panelist,high,1,1,0,0,3.8724450002844835
43,12,02,43_02,panelist,high,1,1,0,0,4.5314804257342365
43,12,03,43_03,panelist,med,1,0,0,0,3.776738003551274
43,12,04,43_04,panelist,med,1,0,0,0,3.883656096435599
43,12,05,43_05,panelist,med,1,0,0,0,3.5049685260484
43,12,06,43_06,panelist,low,1,0,1,0,4.416045034938644
43,12,07,43_07,panelist,none,1,0,0,1,4.256077786944014
43,12,08,43_08,reviewer,low,0,0,1,0,4.361411204434112
43,12,09,43_09,panelist,none,1,0,0,1,4.562415679437908
43,12,10,43_10,panelist,high,1,1,0,0,3.748709552942229
43,12,11,43_11,panelist,low,1,0,1,0,4.0916877714434765
43,12,12,43_12,panelist,med,1,0,0,0,4.021076051838121
43,12,13,43_13,panelist,high,1,1,0,0,4.551893383117192
43,12,14,43_14,panelist,med,1,0,0,0,4.281516448978194
43,12,15,43_15,reviewer,none,0,0,0,1,4.354626922854265
43,12,16,43_16,panelist,none,1,0,0,1,4.186520471625519
43,12,17,43_17,reviewer,med,0,0,0,0,4.320664117504586
43,12,18,43_18,panelist,high,1,1,0,0,4.039407098940254
43,12,19,43_19,panelist,med,1,0,0,0,4.085467998554314
43,12,20,43_20,panelist,med,1,0,0,0,4.242302142784415
43,12,21,43_21,panelist,low,1,0,1,0,4.273174827200816
43,12,22,43_22,panelist,high,1,1,0,0,4.22977976454168
43,12,23,43_23,panelist,med,1,0,0,0,3.894830843005273
43,12,24,43_24,panelist,med,1,0,0,0,3.6608720388055476
43,13,01,43_01,panelist,high,1,1,0,0,4.4290261958391115
43,13,02,43_02,panelist,high,1,1,0,0,4.526637296594855
43,13,03,43_03,panelist,med,1,0,0,0,3.9748870197944415
43,13,04,43_04,panelist,med,1,0,0,0,4.193896012420755
43,13,05,43_05,panelist,med,1,0,0,0,3.8169217295576705
43,13,06,43_06,panelist,none,1,0,0,1,4.886063998941105
43,13,07,43_07,panelist,med,1,0,0,0,4.26890304310735
43,13,08,43_08,panelist,med,1,0,0,0,4.217969714780053
43,13,09,43_09,panelist,none,1,0,0,1,4.574577069170198
43,13,10,43_10,panelist,none,1,0,0,1,4.6050926431744035
43,13,11,43_11,panelist,low,1,0,1,0,4.163401051342639
43,13,12,43_12,panelist,high,1,1,0,0,4.123933224537115
43,13,13,43_13,panelist,med,1,0,0,0,4.765343518435187
43,13,14,43_14,panelist,med,1,0,0,0,4.151597868204137
43,13,15,43_15,reviewer,low,0,0,1,0,3.9900275866174884
43,13,16,43_16,panelist,high,1,1,0,0,4.3315974998854765
43,13,17,43_17,panelist,none,1,0,0,1,4.3166086133172685
43,13,18,43_18,reviewer,low,0,0,1,0,4.348609973174697
43,13,19,43_19,panelist,high,1,1,0,0,4.377125350563762
43,13,20,43_20,panelist,low,1,0,1,0,4.340781790130188
43,13,21,43_21,reviewer,med,0,0,0,0,4.0692156311374585
43,13,22,43_22,panelist,high,1,1,0,0,4.128639634716186
43,13,23,43_23,panelist,med,1,0,0,0,4.396037946246722
43,13,24,43_24,panelist,med,1,0,0,0,4.16726252884506
43,14,01,43_01,panelist,med,1,0,0,0,3.618734131861979
43,14,02,43_02,panelist,none,1,0,0,1,4.681932656556951
43,14,03,43_03,panelist,low,1,0,1,0,3.5696242672526135
43,14,04,43_04,panelist,low,1,0,1,0,3.678836146885377
43,14,05,43_05,reviewer,high,0,1,0,0,3.570813631146841
43,14,06,43_06,panelist,med,1,0,0,0,4.219470759680387
43,14,07,43_07,panelist,high,1,1,0,0,3.6559264163636858
43,14,08,43_08,panelist,high,1,1,0,0,4.0151157099165555
43,14,09,43_09,reviewer,med,0,0,0,0,4.095618296897027
43,14,10,43_10,panelist,high,1,1,0,0,3.985302367593485
43,14,11,43_11,panelist,high,1,1,0,0,3.663677796205287
43,14,12,43_12,reviewer,low,0,0,1,0,3.9376570987090216
43,14,13,43_13,panelist,none,1,0,0,1,4.349411934040535
43,14,14,43_14,panelist,none,1,0,0,1,4.1718575261111175
43,14,15,43_15,panelist,high,1,1,0,0,3.6260082438938737
43,14,16,43_16,panelist,med,1,0,0,0,3.9103191920422518
43,14,17,43_17,panelist,med,1,0,0,0,3.963847633211993
43,14,18,43_18,panelist,none,1,0,0,1,4.147078220806174
43,14,19,43_19,panelist,low,1,0,1,0,3.839656736502332
43,14,20,43_20,panelist,med,1,0,0,0,4.212290014729428
43,14,21,43_21,panelist,med,1,0,0,0,4.09247413368186
43,14,22,43_22,panelist,med,1,0,0,0,4.022820244995796
43,14,23,43_23,panelist,med,1,0,0,0,4.001126159909363
43,14,24,43_24,panelist,med,1,0,0,0,3.7840414575586023
43,15,01,43_01,panelist,high,1,1,0,0,3.6028626421604777
43,15,02,43_02,panelist,none,1,0,0,1,4.530522662560458
43,15,03,43_03,panelist,high,1,1,0,0,3.631287762101822
43,15,04,43_04,panelist,low,1,0,1,0,3.852048500714918
43,15,05,43_05,panelist,high,1,1,0,0,3.651163615677884
43,15,06,43_06,panelist,med,1,0,0,0,4.027482374179065
43,15,07,43_07,panelist,med,1,0,0,0,3.6290087001181375
43,15,08,43_08,panelist,none,1,0,0,1,4.111886489171248
43,15,09,43_09,panelist,high,1,1,0,0,3.9277967354655194
43,15,10,43_10,reviewer,med,0,0,0,0,3.611915762908442
43,15,11,43_11,panelist,low,1,0,1,0,3.5889360125541896
43,15,12,43_12,panelist,med,1,0,0,0,3.694414304953213
43,15,13,43_13,panelist,high,1,1,0,0,3.6580372772264496
43,15,14,43_14,panelist,low,1,0,1,0,3.71094304976944
43,15,15,43_15,panelist,med,1,0,0,0,3.9860760813737803
43,15,16,43_16,panelist,low,1,0,1,0,3.587907235427089
43,15,17,43_17,panelist,high,1,1,0,0,3.580840984146362
43,15,18,43_18,panelist,med,1,0,0,0,3.7436170000651545
43,15,19,43_19,reviewer,med,0,0,0,0,3.512639097392735
43,15,20,43_20,panelist,none,1,0,0,1,4.1375397804113945
43,15,21,43_21,panelist,med,1,0,0,0,4.041550335995034
43,15,22,43_22,panelist,med,1,0,0,0,3.8733457355647873
43,15,23,43_23,panelist,none,1,0,0,1,4.154409447926353
43,15,24,43_24,reviewer,med,0,0,0,0,3.6137059823685416
44,1,01,44_01,panelist,med,1,0,0,0,4.094466431992689
44,1,02,44_02,panelist,med,1,0,0,0,4.678764324129721
44,1,03,44_03,panelist,none,1,0,0,1,3.9325607864539864
44,1,04,44_04,panelist,high,1,1,0,0,3.8440641862875817
44,1,05,44_05,panelist,high,1,1,0,0,3.814647981885765
44,1,06,44_06,panelist,med,1,0,0,0,3.8381641641719253
44,1,07,44_07,panelist,high,1,1,0,0,3.9924101821243205
44,1,08,44_08,reviewer,med,0,0,0,0,4.06346333559682
44,1,09,44_09,panelist,low,1,0,1,0,4.502789862454029
44,1,10,44_10,panelist,med,1,0,0,0,3.665321521501982
44,1,11,44_11,panelist,high,1,1,0,0,3.9351949955612726
44,1,12,44_12,panelist,med,1,0,0,0,3.9563629351263687
44,1,13,44_13,panelist,low,1,0,1,0,4.521975101639395
44,1,14,44_14,panelist,none,1,0,0,1,4.643863201208562
44,1,15,44_15,panelist,med,1,0,0,0,4.165262870788127
44,1,16,44_16,panelist,none,1,0,0,1,3.875197834598988
44,1,17,44_17,reviewer,high,0,1,0,0,3.7112039145303712
44,1,18,44_18,panelist,high,1,1,0,0,3.7538345210314357
44,1,19,44_19,panelist,med,1,0,0,0,3.629107775009228
44,1,20,44_20,panelist,low,1,0,1,0,4.2697380491495665
44,1,21,44_21,panelist,none,1,0,0,1,3.9883697609895448
44,1,22,44_22,panelist,med,1,0,0,0,4.284374128611424
44,1,23,44_23,reviewer,med,0,0,0,0,3.907171865056758
44,1,24,44_24,panelist,low,1,0,1,0,3.537097929121304
44,2,01,44_01,panelist,low,1,0,1,0,3.9532846708767035
44,2,02,44_02,panelist,med,1,0,0,0,4.088168625347997
44,2,03,44_03,panelist,high,1,1,0,0,3.591481121010214
44,2,04,44_04,panelist,med,1,0,0,0,4.314904203034538
44,2,05,44_05,reviewer,med,0,0,0,0,3.779806240260033
44,2,06,44_06,panelist,med,1,0,0,0,4.093837521608919
44,2,07,44_07,panelist,none,1,0,0,1,4.256897155617994
44,2,08,44_08,panelist,med,1,0,0,0,4.427887076410566
44,2,09,44_09,panelist,low,1,0,1,0,4.235516800931636
44,2,10,44_10,panelist,high,1,1,0,0,3.85446287707606
44,2,11,44_11,panelist,med,1,0,0,0,3.902267120107105
44,2,12,44_12,panelist,high,1,1,0,0,3.9768397131923323
44,2,13,44_13,reviewer,high,0,1,0,0,4.199473854398604
44,2,14,44_14,panelist,high,1,1,0,0,4.286398425875266
44,2,15,44_15,reviewer,low,0,0,1,0,4.170134964881227
44,2,16,44_16,panelist,med,1,0,0,0,3.9221125415995264
44,2,17,44_17,panelist,none,1,0,0,1,4.35915677523759
44,2,18,44_18,panelist,high,1,1,0,0,4.018657966691139
44,2,19,44_19,panelist,med,1,0,0,0,3.719334078357679
44,2,20,44_20,panelist,low,1,0,1,0,4.169838990922353
44,2,21,44_21,panelist,med,1,0,0,0,4.390265112978222
44,2,22,44_22,panelist,med,1,0,0,0,4.027436649879266
44,2,23,44_23,panelist,none,1,0,0,1,4.136415436861218
44,2,24,44_24,panelist,none,1,0,0,1,4.186378033347467
44,3,01,44_01,panelist,none,1,0,0,1,4.27018398885971
44,3,02,44_02,panelist,high,1,1,0,0,3.978020654966828
44,3,03,44_03,panelist,low,1,0,1,0,3.759766327215473
44,3,04,44_04,panelist,med,1,0,0,0,4.014746555673693
44,3,05,44_05,panelist,high,1,1,0,0,3.6911177718669093
44,3,06,44_06,panelist,med,1,0,0,0,3.992873763026156
44,3,07,44_07,panelist,high,1,1,0,0,3.7442070204822784
44,3,08,44_08,panelist,high,1,1,0,0,4.228303092252321
44,3,09,44_09,panelist,med,1,0,0,0,4.4259262704228215
44,3,10,44_10,panelist,high,1,1,0,0,4.120850239265677
44,3,11,44_11,reviewer,med,0,0,0,0,3.7464412097811177
44,3,12,44_12,panelist,med,1,0,0,0,4.20645213249604
44,3,13,44_13,panelist,low,1,0,1,0,4.7082964593243535
44,3,14,44_14,reviewer,med,0,0,0,0,3.9142942741066986
44,3,15,44_15,panelist,med,1,0,0,0,3.873236582911838
44,3,16,44_16,panelist,med,1,0,0,0,4.3403569622549325
44,3,17,44_17,reviewer,none,0,0,0,1,3.976215395337629
44,3,18,44_18,panelist,low,1,0,1,0,3.9278842133981353
44,3,19,44_19,panelist,med,1,0,0,0,3.8202693688920406
44,3,20,44_20,panelist,none,1,0,0,1,4.219470904651958
44,3,21,44_21,panelist,high,1,1,0,0,4.02270929584407
44,3,22,44_22,panelist,low,1,0,1,0,4.207803616666938
44,3,23,44_23,panelist,none,1,0,0,1,4.198837400018895
44,3,24,44_24,panelist,med,1,0,0,0,4.084970697204872
44,4,01,44_01,panelist,med,1,0,0,0,3.99831897254552
44,4,02,44_02,panelist,high,1,1,0,0,4.581415075300239
44,4,03,44_03,panelist,high,1,1,0,0,3.6221557070493966
44,4,04,44_04,panelist,high,1,1,0,0,3.9544531301624297
44,4,05,44_05,panelist,med,1,0,0,0,4.180992447312395
44,4,06,44_06,panelist,low,1,0,1,0,4.510866451816156
44,4,07,44_07,panelist,high,1,1,0,0,4.032463577048877
44,4,08,44_08,reviewer,med,0,0,0,0,3.814161461411894
44,4,09,44_09,panelist,none,1,0,0,1,4.633668890324314
44,4,10,44_10,panelist,med,1,0,0,0,4.3148471884241175
44,4,11,44_11,panelist,none,1,0,0,1,4.411318612313621
44,4,12,44_12,panelist,med,1,0,0,0,4.558943895060272
44,4,13,44_13,panelist,med,1,0,0,0,4.550445994884833
44,4,14,44_14,panelist,med,1,0,0,0,4.479832190094445
44,4,15,44_15,reviewer,high,0,1,0,0,4.047376068917061
44,4,16,44_16,reviewer,med,0,0,0,0,4.182041048319728
44,4,17,44_17,panelist,none,1,0,0,1,4.4927134517930405
44,4,18,44_18,panelist,none,1,0,0,1,4.462613260333513
44,4,19,44_19,panelist,low,1,0,1,0,3.6789370718202106
44,4,20,44_20,panelist,low,1,0,1,0,4.199024368678716
44,4,21,44_21,panelist,high,1,1,0,0,4.038577486434394
44,4,22,44_22,panelist,low,1,0,1,0,4.289992021833601
44,4,23,44_23,panelist,med,1,0,0,0,4.6270121689549795
44,4,24,44_24,panelist,med,1,0,0,0,3.915813196098935
44,5,01,44_01,panelist,high,1,1,0,0,3.6214338865392497
44,5,02,44_02,panelist,none,1,0,0,1,4.786156183213247
44,5,03,44_03,panelist,none,1,0,0,1,3.7197850303425666
44,5,04,44_04,reviewer,med,0,0,0,0,3.553868250298557
44,5,05,44_05,panelist,none,1,0,0,1,4.146769353875178
44,5,06,44_06,panelist,high,1,1,0,0,4.072550826375818
44,5,07,44_07,panelist,med,1,0,0,0,3.550330385458616
44,5,08,44_08,reviewer,high,0,1,0,0,3.6908893475169804
44,5,09,44_09,panelist,med,1,0,0,0,4.591578443287361
44,5,10,44_10,panelist,high,1,1,0,0,3.749452594736107
44,5,11,44_11,panelist,low,1,0,1,0,3.720965866085038
44,5,12,44_12,panelist,low,1,0,1,0,3.561173500179421
44,5,13,44_13,panelist,med,1,0,0,0,4.194103028650038
44,5,14,44_14,panelist,high,1,1,0,0,3.5485622379742243
44,5,15,44_15,panelist,med,1,0,0,0,4.158211112238621
44,5,16,44_16,reviewer,none,0,0,0,1,4.128882715140847
44,5,17,44_17,panelist,med,1,0,0,0,3.940358391992246
44,5,18,44_18,panelist,med,1,0,0,0,4.068576921870022
44,5,19,44_19,panelist,low,1,0,1,0,3.8377090842681927
44,5,20,44_20,panelist,med,1,0,0,0,3.8469047770136737
44,5,21,44_21,panelist,med,1,0,0,0,3.9202915318956064
44,5,22,44_22,panelist,med,1,0,0,0,3.7882196375811428
44,5,23,44_23,panelist,high,1,1,0,0,3.808290535346384
44,5,24,44_24,panelist,low,1,0,1,0,3.513356357753045
44,6,01,44_01,panelist,low,1,0,1,0,4.39752436630343
44,6,02,44_02,panelist,low,1,0,1,0,4.669432129841735
44,6,03,44_03,panelist,high,1,1,0,0,3.7319250454367765
44,6,04,44_04,reviewer,med,0,0,0,0,3.990917327884387
44,6,05,44_05,panelist,high,1,1,0,0,4.231745401436378
44,6,06,44_06,panelist,none,1,0,0,1,4.648219450929771
44,6,07,44_07,panelist,high,1,1,0,0,4.206182368359312
44,6,08,44_08,panelist,high,1,1,0,0,4.458234527672016
44,6,09,44_09,panelist,med,1,0,0,0,4.694946304020114
44,6,10,44_10,panelist,none,1,0,0,1,4.562295941104281
44,6,11,44_11,panelist,med,1,0,0,0,4.1411558101562855
44,6,12,44_12,reviewer,med,0,0,0,0,4.52317906714978
44,6,13,44_13,panelist,med,1,0,0,0,4.783604979136649
44,6,14,44_14,panelist,high,1,1,0,0,4.268554658846238
44,6,15,44_15,panelist,med,1,0,0,0,3.8072525806867357
44,6,16,44_16,panelist,med,1,0,0,0,4.054807904350077
44,6,17,44_17,panelist,med,1,0,0,0,4.612040754874878
44,6,18,44_18,panelist,none,1,0,0,1,4.119166655523971
44,6,19,44_19,panelist,med,1,0,0,0,3.9442986605401633
44,6,20,44_20,panelist,low,1,0,1,0,4.573279889638295
44,6,21,44_21,reviewer,high,0,1,0,0,3.619864280721006
44,6,22,44_22,panelist,low,1,0,1,0,4.643662061002688
44,6,23,44_23,panelist,med,1,0,0,0,4.52982550854549
44,6,24,44_24,panelist,none,1,0,0,1,4.364598000958682
44,7,01,44_01,panelist,high,1,1,0,0,4.0472937501001685
44,7,02,44_02,panelist,med,1,0,0,0,4.765604520089096
44,7,03,44_03,panelist,med,1,0,0,0,4.344070766110775
44,7,04,44_04,panelist,none,1,0,0,1,4.61310911399874
44,7,05,44_05,panelist,med,1,0,0,0,4.078610108994078
44,7,06,44_06,panelist,med,1,0,0,0,4.401155244635395
44,7,07,44_07,panelist,low,1,0,1,0,4.496710387415495
44,7,08,44_08,panelist,high,1,1,0,0,4.427920011668305
44,7,09,44_09,panelist,med,1,0,0,0,4.797334088093408
44,7,10,44_10,panelist,high,1,1,0,0,4.316472767274834
44,7,11,44_11,panelist,med,1,0,0,0,3.6082953322301967
44,7,12,44_12,reviewer,none,0,0,0,1,4.569477158726263
44,7,13,44_13,panelist,low,1,0,1,0,4.848865250756381
44,7,14,44_14,panelist,med,1,0,0,0,4.867660937561165
44,7,15,44_15,panelist,none,1,0,0,1,4.807709034703051
44,7,16,44_16,panelist,med,1,0,0,0,4.32822728697393
44,7,17,44_17,panelist,low,1,0,1,0,4.428196859024627
44,7,18,44_18,reviewer,med,0,0,0,0,4.450069984905753
44,7,19,44_19,reviewer,med,0,0,0,0,3.894941366038604
44,7,20,44_20,panelist,high,1,1,0,0,4.418405588249993
44,7,21,44_21,panelist,high,1,1,0,0,4.5703606714349805
44,7,22,44_22,panelist,high,1,1,0,0,4.686447209154821
44,7,23,44_23,panelist,none,1,0,0,1,4.766451266718272
44,7,24,44_24,panelist,low,1,0,1,0,3.939433353926521
44,8,01,44_01,panelist,none,1,0,0,1,4.075361752015359
44,8,02,44_02,panelist,low,1,0,1,0,4.288589527423221
44,8,03,44_03,panelist,med,1,0,0,0,3.57782211365482
44,8,04,44_04,panelist,med,1,0,0,0,3.809105711511625
44,8,05,44_05,panelist,med,1,0,0,0,4.033048529587449
44,8,06,44_06,panelist,high,1,1,0,0,3.9091708489586625
44,8,07,44_07,reviewer,high,0,1,0,0,3.5710606520609356
44,8,08,44_08,reviewer,high,0,1,0,0,3.8167550784089683
44,8,09,44_09,panelist,med,1,0,0,0,4.4441205081292505
44,8,10,44_10,panelist,med,1,0,0,0,3.7748208942083505
44,8,11,44_11,panelist,low,1,0,1,0,3.645678468666489
44,8,12,44_12,panelist,high,1,1,0,0,3.546183597958822
44,8,13,44_13,reviewer,med,0,0,0,0,3.9190228516135828
44,8,14,44_14,panelist,low,1,0,1,0,4.24769316385605
44,8,15,44_15,panelist,med,1,0,0,0,4.049218590908011
44,8,16,44_16,panelist,none,1,0,0,1,4.187301732147499
44,8,17,44_17,panelist,none,1,0,0,1,3.980186610345163
44,8,18,44_18,panelist,low,1,0,1,0,3.8955061836926177
44,8,19,44_19,panelist,none,1,0,0,1,3.807917291962333
44,8,20,44_20,panelist,high,1,1,0,0,3.919766912351047
44,8,21,44_21,panelist,med,1,0,0,0,3.7295427777536054
44,8,22,44_22,panelist,med,1,0,0,0,3.5004726639196124
44,8,23,44_23,panelist,med,1,0,0,0,3.8303306218015436
44,8,24,44_24,panelist,high,1,1,0,0,3.8427324958253495
44,9,01,44_01,panelist,none,1,0,0,1,4.714948941366594
44,9,02,44_02,panelist,med,1,0,0,0,4.842230342345075
44,9,03,44_03,panelist,med,1,0,0,0,3.967842906683498
44,9,04,44_04,reviewer,med,0,0,0,0,3.800433618562307
44,9,05,44_05,reviewer,high,0,1,0,0,4.08164350540057
44,9,06,44_06,reviewer,none,0,0,0,1,4.649915316610278
44,9,07,44_07,panelist,low,1,0,1,0,4.385255825591388
44,9,08,44_08,panelist,med,1,0,0,0,4.867386674395706
44,9,09,44_09,panelist,none,1,0,0,1,4.767506522743186
44,9,10,44_10,panelist,high,1,1,0,0,4.113141319948529
44,9,11,44_11,panelist,low,1,0,1,0,4.00911038938063
44,9,12,44_12,panelist,low,1,0,1,0,4.5016604213788245
44,9,13,44_13,panelist,high,1,1,0,0,4.660023751450817
44,9,14,44_14,panelist,med,1,0,0,0,4.339862445705578
44,9,15,44_15,panelist,med,1,0,0,0,4.235444304699687
44,9,16,44_16,panelist,med,1,0,0,0,4.560906599937092
44,9,17,44_17,panelist,med,1,0,0,0,4.207819890320568
44,9,18,44_18,panelist,none,1,0,0,1,4.703405517681094
44,9,19,44_19,panelist,high,1,1,0,0,4.268293731769077
44,9,20,44_20,panelist,low,1,0,1,0,4.450861552680185
44,9,21,44_21,panelist,med,1,0,0,0,4.202511967059233
44,9,22,44_22,panelist,high,1,1,0,0,4.143365485056661
44,9,23,44_23,panelist,high,1,1,0,0,4.532774005633721
44,9,24,44_24,panelist,med,1,0,0,0,4.061090877832184
44,10,01,44_01,panelist,med,1,0,0,0,4.288944458551581
44,10,02,44_02,panelist,high,1,1,0,0,4.402674404976451
44,10,03,44_03,panelist,high,1,1,0,0,3.525732120677564
44,10,04,44_04,panelist,med,1,0,0,0,3.811512547566531
44,10,05,44_05,panelist,med,1,0,0,0,3.8909931677551506
44,10,06,44_06,panelist,med,1,0,0,0,3.908416617026204
44,10,07,44_07,reviewer,low,0,0,1,0,3.621445491187525
44,10,08,44_08,panelist,high,1,1,0,0,4.383471218440906
44,10,09,44_09,panelist,med,1,0,0,0,4.833913489224851
44,10,10,44_10,panelist,none,1,0,0,1,4.461941911693088
44,10,11,44_11,panelist,high,1,1,0,0,3.630190686284169
44,10,12,44_12,panelist,med,1,0,0,0,3.6700479179414387
44,10,13,44_13,panelist,low,1,0,1,0,4.165338990182511
44,10,14,44_14,panelist,high,1,1,0,0,3.995592766588899
44,10,15,44_15,panelist,med,1,0,0,0,4.011264790282914
44,10,16,44_16,reviewer,low,0,0,1,0,3.9070989819199426
44,10,17,44_17,panelist,none,1,0,0,1,4.399594489684898
44,10,18,44_18,panelist,med,1,0,0,0,4.361483757407035
44,10,19,44_19,panelist,med,1,0,0,0,3.728460522768842
44,10,20,44_20,panelist,none,1,0,0,1,4.670497534804811
44,10,21,44_21,reviewer,med,0,0,0,0,4.07155800843369
44,10,22,44_22,panelist,none,1,0,0,1,4.424999317620634
44,10,23,44_23,panelist,low,1,0,1,0,4.618517746183421
44,10,24,44_24,panelist,high,1,1,0,0,3.646833839309032
44,11,01,44_01,panelist,low,1,0,1,0,4.112619396059842
44,11,02,44_02,panelist,high,1,1,0,0,4.175497024505044
44,11,03,44_03,reviewer,med,0,0,0,0,3.749787259658808
44,11,04,44_04,panelist,med,1,0,0,0,3.75667525353409
44,11,05,44_05,panelist,med,1,0,0,0,3.8624714160785776
44,11,06,44_06,panelist,med,1,0,0,0,4.675524416779054
44,11,07,44_07,panelist,high,1,1,0,0,3.6167911296027904
44,11,08,44_08,panelist,med,1,0,0,0,4.3880889042647215
44,11,09,44_09,reviewer,high,0,1,0,0,3.958269321719652
44,11,10,44_10,panelist,none,1,0,0,1,4.186089728889872
44,11,11,44_11,panelist,low,1,0,1,0,3.9289623847192714
44,11,12,44_12,panelist,high,1,1,0,0,3.553906093476655
44,11,13,44_13,panelist,none,1,0,0,1,4.405223088783461
44,11,14,44_14,reviewer,low,0,0,1,0,3.905597664681812
44,11,15,44_15,panelist,high,1,1,0,0,3.78023213585976
44,11,16,44_16,panelist,med,1,0,0,0,3.7659609510794474
44,11,17,44_17,panelist,low,1,0,1,0,4.247324982489168
44,11,18,44_18,panelist,med,1,0,0,0,4.207286475134679
44,11,19,44_19,panelist,high,1,1,0,0,3.5609025256382747
44,11,20,44_20,panelist,none,1,0,0,1,4.168600095447357
44,11,21,44_21,panelist,none,1,0,0,1,4.481430025314668
44,11,22,44_22,panelist,med,1,0,0,0,3.936766475851274
44,11,23,44_23,panelist,med,1,0,0,0,4.0505551410562886
44,11,24,44_24,panelist,med,1,0,0,0,3.803101099499049
44,12,01,44_01,reviewer,med,0,0,0,0,3.820937957436568
44,12,02,44_02,reviewer,med,0,0,0,0,4.161415951102887
44,12,03,44_03,panelist,none,1,0,0,1,3.9289283445165
44,12,04,44_04,panelist,low,1,0,1,0,4.068694991128025
44,12,05,44_05,panelist,med,1,0,0,0,3.684486615465638
44,12,06,44_06,panelist,high,1,1,0,0,4.089112398685678
44,12,07,44_07,panelist,med,1,0,0,0,4.01644606302385
44,12,08,44_08,reviewer,none,0,0,0,1,4.74068174063108
44,12,09,44_09,panelist,high,1,1,0,0,4.380081094379856
44,12,10,44_10,panelist,low,1,0,1,0,4.535695358759808
44,12,11,44_11,panelist,med,1,0,0,0,4.003430044175106
44,12,12,44_12,panelist,high,1,1,0,0,4.370839995400355
44,12,13,44_13,panelist,med,1,0,0,0,4.529321909338208
44,12,14,44_14,panelist,med,1,0,0,0,4.509035652827807
44,12,15,44_15,panelist,high,1,1,0,0,3.8934635190955196
44,12,16,44_16,panelist,high,1,1,0,0,4.396660127872199
44,12,17,44_17,panelist,med,1,0,0,0,4.229208053336697
44,12,18,44_18,panelist,none,1,0,0,1,4.3839116862244705
44,12,19,44_19,panelist,high,1,1,0,0,3.787654196700858
44,12,20,44_20,panelist,med,1,0,0,0,4.129767137478362
44,12,21,44_21,panelist,low,1,0,1,0,3.844539155474939
44,12,22,44_22,panelist,med,1,0,0,0,4.035679901916049
44,12,23,44_23,panelist,low,1,0,1,0,4.829126851009613
44,12,24,44_24,panelist,none,1,0,0,1,3.718139723332708
44,13,01,44_01,panelist,med,1,0,0,0,4.151147820162192
44,13,02,44_02,panelist,none,1,0,0,1,4.688113466646261
44,13,03,44_03,panelist,none,1,0,0,1,4.333270359825089
44,13,04,44_04,panelist,med,1,0,0,0,4.140812929507883
44,13,05,44_05,panelist,med,1,0,0,0,4.022584875562174
44,13,06,44_06,reviewer,med,0,0,0,0,3.890499616348372
44,13,07,44_07,panelist,med,1,0,0,0,4.130167567622106
44,13,08,44_08,panelist,med,1,0,0,0,4.488049431033946
44,13,09,44_09,reviewer,med,0,0,0,0,4.524890801345127
44,13,10,44_10,panelist,low,1,0,1,0,4.12657955723362
44,13,11,44_11,panelist,high,1,1,0,0,3.902340289703854
44,13,12,44_12,reviewer,none,0,0,0,1,4.199395018840503
44,13,13,44_13,panelist,high,1,1,0,0,4.424693691929276
44,13,14,44_14,panelist,low,1,0,1,0,4.4924840723029815
44,13,15,44_15,panelist,none,1,0,0,1,4.4731297266011865
44,13,16,44_16,panelist,low,1,0,1,0,4.674874337871257
44,13,17,44_17,panelist,med,1,0,0,0,4.742360487656726
44,13,18,44_18,panelist,high,1,1,0,0,4.26153745861736
44,13,19,44_19,panelist,med,1,0,0,0,4.076580644300498
44,13,20,44_20,panelist,high,1,1,0,0,4.452516680733574
44,13,21,44_21,panelist,high,1,1,0,0,4.217779151549474
44,13,22,44_22,panelist,low,1,0,1,0,4.609524722578735
44,13,23,44_23,panelist,med,1,0,0,0,4.473992892784999
44,13,24,44_24,panelist,high,1,1,0,0,3.9531566913501677
44,14,01,44_01,reviewer,high,0,1,0,0,3.71254163692773
44,14,02,44_02,panelist,high,1,1,0,0,4.1304286684204214
44,14,03,44_03,panelist,low,1,0,1,0,3.5486909551665895
44,14,04,44_04,panelist,med,1,0,0,0,4.046246946913337
44,14,05,44_05,panelist,med,1,0,0,0,3.725718635560742
44,14,06,44_06,panelist,none,1,0,0,1,4.211103462156599
44,14,07,44_07,panelist,med,1,0,0,0,3.559297334174739
44,14,08,44_08,reviewer,high,0,1,0,0,3.741680796130043
44,14,09,44_09,reviewer,med,0,0,0,0,4.006374570771492
44,14,10,44_10,panelist,none,1,0,0,1,4.493029026492364
44,14,11,44_11,panelist,med,1,0,0,0,3.810413737002776
44,14,12,44_12,panelist,low,1,0,1,0,4.087254667030445
44,14,13,44_13,panelist,med,1,0,0,0,4.084816126224877
44,14,14,44_14,panelist,high,1,1,0,0,3.8426221953196844
44,14,15,44_15,panelist,med,1,0,0,0,3.8254350055155095
44,14,16,44_16,panelist,low,1,0,1,0,4.372078082338655
44,14,17,44_17,panelist,low,1,0,1,0,4.0893920182207095
44,14,18,44_18,panelist,none,1,0,0,1,4.504490461895777
44,14,19,44_19,panelist,med,1,0,0,0,3.761692296157062
44,14,20,44_20,panelist,high,1,1,0,0,3.8515502285883647
44,14,21,44_21,panelist,none,1,0,0,1,4.155358220062252
44,14,22,44_22,panelist,high,1,1,0,0,4.236143480509442
44,14,23,44_23,panelist,med,1,0,0,0,3.84546298391899
44,14,24,44_24,panelist,med,1,0,0,0,3.500514560681816
44,15,01,44_01,reviewer,med,0,0,0,0,3.682683940651701
44,15,02,44_02,panelist,none,1,0,0,1,4.504756082255347
44,15,03,44_03,panelist,none,1,0,0,1,3.5195533203212204
44,15,04,44_04,panelist,med,1,0,0,0,3.63561996950657
44,15,05,44_05,panelist,med,1,0,0,0,3.750846834201036
44,15,06,44_06,panelist,high,1,1,0,0,3.993619181038096
44,15,07,44_07,panelist,low,1,0,1,0,3.678798112035675
44,15,08,44_08,reviewer,med,0,0,0,0,3.872465294366109
44,15,09,44_09,panelist,med,1,0,0,0,4.210912784013205
44,15,10,44_10,panelist,high,1,1,0,0,3.5744170901545416
44,15,11,44_11,panelist,high,1,1,0,0,3.53645054104665
44,15,12,44_12,panelist,med,1,0,0,0,3.775693217413658
44,15,13,44_13,panelist,med,1,0,0,0,4.271123807378054
44,15,14,44_14,panelist,med,1,0,0,0,3.7360797110589616
44,15,15,44_15,panelist,none,1,0,0,1,3.814801190244558
44,15,16,44_16,panelist,high,1,1,0,0,3.60512198770067
44,15,17,44_17,panelist,high,1,1,0,0,3.5936211493565713
44,15,18,44_18,panelist,med,1,0,0,0,3.8834549249561263
44,15,19,44_19,panelist,low,1,0,1,0,3.7192668892712155
44,15,20,44_20,panelist,low,1,0,1,0,3.7073336725406802
44,15,21,44_21,panelist,med,1,0,0,0,3.6331997129161473
44,15,22,44_22,reviewer,high,0,1,0,0,3.6939735697356793
44,15,23,44_23,panelist,low,1,0,1,0,3.9151666520078225
44,15,24,44_24,panelist,none,1,0,0,1,3.7842803727473564
45,1,01,45_01,panelist,med,1,0,0,0,4.230938307293045
45,1,02,45_02,panelist,med,1,0,0,0,4.396775215144327
45,1,03,45_03,panelist,low,1,0,1,0,3.8655758467798225
45,1,04,45_04,panelist,med,1,0,0,0,4.100489215424176
45,1,05,45_05,panelist,low,1,0,1,0,4.426179860381256
45,1,06,45_06,panelist,none,1,0,0,1,4.449366620015322
45,1,07,45_07,panelist,med,1,0,0,0,3.9067474215307367
45,1,08,45_08,panelist,med,1,0,0,0,4.3586620638695
45,1,09,45_09,reviewer,high,0,1,0,0,4.722343260412098
45,1,10,45_10,panelist,high,1,1,0,0,4.145446254220629
45,1,11,45_11,panelist,high,1,1,0,0,3.9177224411429594
45,1,12,45_12,panelist,med,1,0,0,0,4.037676373089401
45,1,13,45_13,panelist,med,1,0,0,0,4.508507864762201
45,1,14,45_14,panelist,med,1,0,0,0,4.251931385725377
45,1,15,45_15,panelist,high,1,1,0,0,4.2474481822546934
45,1,16,45_16,reviewer,low,0,0,1,0,4.171626918046261
45,1,17,45_17,panelist,low,1,0,1,0,4.084338743107266
45,1,18,45_18,panelist,med,1,0,0,0,4.096169556582276
45,1,19,45_19,panelist,high,1,1,0,0,4.248416462198215
45,1,20,45_20,panelist,none,1,0,0,1,4.471937519994577
45,1,21,45_21,panelist,high,1,1,0,0,3.8914770816935667
45,1,22,45_22,reviewer,med,0,0,0,0,4.069405676983391
45,1,23,45_23,panelist,none,1,0,0,1,4.544740468739034
45,1,24,45_24,panelist,none,1,0,0,1,4.259471545811608
45,2,01,45_01,panelist,none,1,0,0,1,4.360110842842505
45,2,02,45_02,panelist,high,1,1,0,0,4.651229433805768
45,2,03,45_03,panelist,med,1,0,0,0,3.894389958488812
45,2,04,45_04,panelist,med,1,0,0,0,4.142382773838858
45,2,05,45_05,panelist,med,1,0,0,0,3.9078963497746444
45,2,06,45_06,panelist,high,1,1,0,0,4.37369535835429
45,2,07,45_07,panelist,low,1,0,1,0,4.507135701488934
45,2,08,45_08,panelist,med,1,0,0,0,4.6325780555578
45,2,09,45_09,panelist,med,1,0,0,0,4.538141541323582
45,2,10,45_10,panelist,med,1,0,0,0,4.016572218679766
45,2,11,45_11,panelist,none,1,0,0,1,4.160705557892123
45,2,12,45_12,panelist,none,1,0,0,1,4.7125714122583515
45,2,13,45_13,panelist,med,1,0,0,0,4.873569264635959
45,2,14,45_14,panelist,med,1,0,0,0,4.227938582456775
45,2,15,45_15,panelist,low,1,0,1,0,4.274181078092015
45,2,16,45_16,panelist,none,1,0,0,1,4.45932278334748
45,2,17,45_17,panelist,low,1,0,1,0,4.510854785941335
45,2,18,45_18,panelist,low,1,0,1,0,4.100624832027658
45,2,19,45_19,panelist,high,1,1,0,0,4.12963343030771
45,2,20,45_20,reviewer,med,0,0,0,0,4.089777404083696
45,2,21,45_21,panelist,med,1,0,0,0,4.166999055675436
45,2,22,45_22,reviewer,high,0,1,0,0,4.1152437826964885
45,2,23,45_23,reviewer,high,0,1,0,0,4.024820524852682
45,2,24,45_24,panelist,high,1,1,0,0,4.060064443973876
45,3,01,45_01,panelist,high,1,1,0,0,4.039903089440155
45,3,02,45_02,panelist,med,1,0,0,0,4.8725716704591795
45,3,03,45_03,panelist,high,1,1,0,0,3.624997950872991
45,3,04,45_04,panelist,med,1,0,0,0,4.180741985599736
45,3,05,45_05,panelist,none,1,0,0,1,3.893910112671649
45,3,06,45_06,panelist,med,1,0,0,0,4.690613784572494
45,3,07,45_07,panelist,med,1,0,0,0,4.202622005188076
45,3,08,45_08,reviewer,med,0,0,0,0,4.6290369567812695
45,3,09,45_09,panelist,med,1,0,0,0,4.5408160153799555
45,3,10,45_10,reviewer,low,0,0,1,0,4.539880506453726
45,3,11,45_11,panelist,low,1,0,1,0,4.046136704957059
45,3,12,45_12,panelist,low,1,0,1,0,4.568910845817954
45,3,13,45_13,panelist,none,1,0,0,1,4.646029807417699
45,3,14,45_14,panelist,high,1,1,0,0,4.143838398567382
45,3,15,45_15,panelist,med,1,0,0,0,4.237880419158614
45,3,16,45_16,panelist,low,1,0,1,0,4.047930681679598
45,3,17,45_17,panelist,high,1,1,0,0,4.347162719766464
45,3,18,45_18,panelist,none,1,0,0,1,4.678605768745675
45,3,19,45_19,panelist,med,1,0,0,0,4.213116667168461
45,3,20,45_20,panelist,high,1,1,0,0,4.405376204974578
45,3,21,45_21,panelist,med,1,0,0,0,4.153133362112919
45,3,22,45_22,reviewer,med,0,0,0,0,3.9532788039738946
45,3,23,45_23,panelist,none,1,0,0,1,4.6013993902595995
45,3,24,45_24,panelist,high,1,1,0,0,3.718384496780201
45,4,01,45_01,panelist,high,1,1,0,0,3.9376927450694623
45,4,02,45_02,panelist,none,1,0,0,1,4.860017476640176
45,4,03,45_03,panelist,high,1,1,0,0,4.082533435798758
45,4,04,45_04,panelist,none,1,0,0,1,4.46574610710833
45,4,05,45_05,panelist,med,1,0,0,0,4.039262776733817
45,4,06,45_06,panelist,med,1,0,0,0,4.126541259527869
45,4,07,45_07,reviewer,high,0,1,0,0,3.776016684471758
45,4,08,45_08,panelist,med,1,0,0,0,4.628460710532318
45,4,09,45_09,panelist,low,1,0,1,0,4.688068615195675
45,4,10,45_10,panelist,low,1,0,1,0,4.801010623724448
45,4,11,45_11,panelist,none,1,0,0,1,4.520360423824547
45,4,12,45_12,panelist,med,1,0,0,0,4.391488568568728
45,4,13,45_13,panelist,med,1,0,0,0,4.683922484642528
45,4,14,45_14,panelist,med,1,0,0,0,4.326735388698193
45,4,15,45_15,panelist,med,1,0,0,0,4.6289982217290735
45,4,16,45_16,reviewer,high,0,1,0,0,3.891309695235221
45,4,17,45_17,panelist,high,1,1,0,0,4.385977698385719
45,4,18,45_18,panelist,high,1,1,0,0,4.298115458553395
45,4,19,45_19,reviewer,low,0,0,1,0,3.843678193114588
45,4,20,45_20,panelist,med,1,0,0,0,4.560337299483068
45,4,21,45_21,panelist,none,1,0,0,1,4.62247570729699
45,4,22,45_22,panelist,med,1,0,0,0,4.391719747464877
45,4,23,45_23,panelist,med,1,0,0,0,4.517373513489709
45,4,24,45_24,panelist,low,1,0,1,0,4.096403702303916
45,5,01,45_01,panelist,med,1,0,0,0,3.7386054073095654
45,5,02,45_02,panelist,med,1,0,0,0,4.462214021355642
45,5,03,45_03,panelist,low,1,0,1,0,3.827586222440462
45,5,04,45_04,panelist,none,1,0,0,1,4.105937683695936
45,5,05,45_05,panelist,low,1,0,1,0,3.6913124942568416
45,5,06,45_06,panelist,med,1,0,0,0,4.59363415380994
45,5,07,45_07,panelist,none,1,0,0,1,4.391459918713386
45,5,08,45_08,panelist,med,1,0,0,0,4.003776965672187
45,5,09,45_09,reviewer,high,0,1,0,0,4.186697373071361
45,5,10,45_10,panelist,med,1,0,0,0,4.271149093757809
45,5,11,45_11,panelist,high,1,1,0,0,3.768615267182247
45,5,12,45_12,panelist,med,1,0,0,0,4.033148285496936
45,5,13,45_13,panelist,med,1,0,0,0,4.672104011371052
45,5,14,45_14,panelist,high,1,1,0,0,3.8637668593868053
45,5,15,45_15,reviewer,none,0,0,0,1,4.120232304266572
45,5,16,45_16,panelist,high,1,1,0,0,4.106309812543091
45,5,17,45_17,reviewer,high,0,1,0,0,3.8787602763750555
45,5,18,45_18,panelist,low,1,0,1,0,4.411838972018701
45,5,19,45_19,panelist,med,1,0,0,0,4.085583980643149
45,5,20,45_20,panelist,med,1,0,0,0,4.473743725877455
45,5,21,45_21,panelist,low,1,0,1,0,4.253724655587522
45,5,22,45_22,panelist,med,1,0,0,0,4.426106662556587
45,5,23,45_23,panelist,none,1,0,0,1,4.613468311960914
45,5,24,45_24,panelist,high,1,1,0,0,4.1952948102333325
45,6,01,45_01,panelist,none,1,0,0,1,4.724005026039731
45,6,02,45_02,panelist,high,1,1,0,0,4.896780352789722
45,6,03,45_03,panelist,high,1,1,0,0,4.066658434267128
45,6,04,45_04,panelist,high,1,1,0,0,4.497852716626498
45,6,05,45_05,panelist,med,1,0,0,0,4.384722727674473
45,6,06,45_06,panelist,med,1,0,0,0,4.61964300342207
45,6,07,45_07,panelist,med,1,0,0,0,4.581941865911876
45,6,08,45_08,reviewer,med,0,0,0,0,4.510505973050152
45,6,09,45_09,panelist,none,1,0,0,1,4.859674519435146
45,6,10,45_10,panelist,low,1,0,1,0,4.758452330281833
45,6,11,45_11,panelist,low,1,0,1,0,4.152649365291747
45,6,12,45_12,reviewer,high,0,1,0,0,4.092429805422541
45,6,13,45_13,panelist,high,1,1,0,0,4.829188432756051
45,6,14,45_14,panelist,med,1,0,0,0,4.774550644833821
45,6,15,45_15,panelist,low,1,0,1,0,4.769548429821826
45,6,16,45_16,panelist,med,1,0,0,0,4.706460833755593
45,6,17,45_17,panelist,none,1,0,0,1,4.599979426707101
45,6,18,45_18,panelist,med,1,0,0,0,4.601181057754548
45,6,19,45_19,panelist,low,1,0,1,0,4.032693140733001
45,6,20,45_20,reviewer,med,0,0,0,0,4.17618223583818
45,6,21,45_21,panelist,med,1,0,0,0,4.581931772743007
45,6,22,45_22,panelist,none,1,0,0,1,4.798647101289108
45,6,23,45_23,panelist,high,1,1,0,0,4.555799769291853
45,6,24,45_24,panelist,med,1,0,0,0,4.063480788219016
45,7,01,45_01,panelist,none,1,0,0,1,4.774267329098352
45,7,02,45_02,panelist,low,1,0,1,0,4.853554984671153
45,7,03,45_03,reviewer,none,0,0,0,1,4.391157601788531
45,7,04,45_04,panelist,med,1,0,0,0,4.484516406563893
45,7,05,45_05,panelist,med,1,0,0,0,4.4155131133885694
45,7,06,45_06,panelist,med,1,0,0,0,4.601720427449076
45,7,07,45_07,panelist,med,1,0,0,0,4.6372262763670715
45,7,08,45_08,panelist,high,1,1,0,0,4.887647591181416
45,7,09,45_09,panelist,high,1,1,0,0,4.895392715663573
45,7,10,45_10,reviewer,med,0,0,0,0,4.734448458696604
45,7,11,45_11,panelist,high,1,1,0,0,4.062462706042308
45,7,12,45_12,panelist,med,1,0,0,0,4.731543379552189
45,7,13,45_13,panelist,high,1,1,0,0,4.664835357139608
45,7,14,45_14,panelist,low,1,0,1,0,4.735314095604131
45,7,15,45_15,panelist,med,1,0,0,0,4.8132088933244725
45,7,16,45_16,panelist,med,1,0,0,0,4.711008956392724
45,7,17,45_17,panelist,low,1,0,1,0,4.775380425959143
45,7,18,45_18,panelist,high,1,1,0,0,4.434523107203676
45,7,19,45_19,panelist,med,1,0,0,0,4.4857545810858275
45,7,20,45_20,panelist,med,1,0,0,0,4.819718167244386
45,7,21,45_21,panelist,none,1,0,0,1,4.808953441373979
45,7,22,45_22,panelist,low,1,0,1,0,4.7639880668303105
45,7,23,45_23,panelist,none,1,0,0,1,4.854698854991761
45,7,24,45_24,reviewer,high,0,1,0,0,4.399340586050534
45,8,01,45_01,panelist,med,1,0,0,0,3.505939538996167
45,8,02,45_02,panelist,none,1,0,0,1,4.729819027902343
45,8,03,45_03,panelist,low,1,0,1,0,4.066750121282806
45,8,04,45_04,panelist,high,1,1,0,0,3.833903054799921
45,8,05,45_05,panelist,med,1,0,0,0,3.732608021981975
45,8,06,45_06,panelist,high,1,1,0,0,4.291628901391879
45,8,07,45_07,reviewer,med,0,0,0,0,3.8015371412192507
45,8,08,45_08,panelist,med,1,0,0,0,4.315425395294763
45,8,09,45_09,panelist,low,1,0,1,0,4.214349699473295
45,8,10,45_10,panelist,med,1,0,0,0,4.096518537506258
45,8,11,45_11,panelist,med,1,0,0,0,3.680874116206146
45,8,12,45_12,panelist,none,1,0,0,1,4.017983082703072
45,8,13,45_13,panelist,low,1,0,1,0,4.570951013271364
45,8,14,45_14,panelist,med,1,0,0,0,3.9242322900062736
45,8,15,45_15,panelist,high,1,1,0,0,3.6690343655501403
45,8,16,45_16,panelist,low,1,0,1,0,4.06793162879779
45,8,17,45_17,panelist,high,1,1,0,0,3.7480338314740442
45,8,18,45_18,panelist,med,1,0,0,0,3.910118935607323
45,8,19,45_19,panelist,high,1,1,0,0,3.7002739099301323
45,8,20,45_20,panelist,none,1,0,0,1,4.7156650558329325
45,8,21,45_21,reviewer,med,0,0,0,0,3.9617001526452897
45,8,22,45_22,panelist,med,1,0,0,0,4.092154557379146
45,8,23,45_23,panelist,high,1,1,0,0,4.03708026879445
45,8,24,45_24,reviewer,none,0,0,0,1,4.016896191695621
45,9,01,45_01,panelist,none,1,0,0,1,4.620490652333045
45,9,02,45_02,panelist,med,1,0,0,0,4.8321700416107864
45,9,03,45_03,panelist,med,1,0,0,0,4.580322685572373
45,9,04,45_04,reviewer,none,0,0,0,1,4.757923044146358
45,9,05,45_05,panelist,high,1,1,0,0,4.278281603469274
45,9,06,45_06,panelist,none,1,0,0,1,4.856999071434035
45,9,07,45_07,panelist,med,1,0,0,0,4.503982951811321
45,9,08,45_08,panelist,med,1,0,0,0,4.793457725071905
45,9,09,45_09,panelist,med,1,0,0,0,4.498241268200244
45,9,10,45_10,panelist,med,1,0,0,0,4.279821902922594
45,9,11,45_11,reviewer,none,0,0,0,1,4.317812904280391
45,9,12,45_12,panelist,high,1,1,0,0,4.760027267092365
45,9,13,45_13,panelist,low,1,0,1,0,4.835730348803431
45,9,14,45_14,panelist,high,1,1,0,0,4.572378896636991
45,9,15,45_15,panelist,low,1,0,1,0,4.444206214319721
45,9,16,45_16,panelist,med,1,0,0,0,4.681825540641777
45,9,17,45_17,panelist,low,1,0,1,0,4.686350014484461
45,9,18,45_18,panelist,high,1,1,0,0,4.8479066177151156
45,9,19,45_19,panelist,high,1,1,0,0,4.724162453075514
45,9,20,45_20,panelist,low,1,0,1,0,4.801836738784886
45,9,21,45_21,panelist,med,1,0,0,0,4.75078368628312
45,9,22,45_22,panelist,high,1,1,0,0,4.513389720976354
45,9,23,45_23,reviewer,med,0,0,0,0,4.5990544382211525
45,9,24,45_24,panelist,med,1,0,0,0,4.447768168417823
45,10,01,45_01,panelist,med,1,0,0,0,3.837965690396433
45,10,02,45_02,panelist,low,1,0,1,0,4.8378985559429974
45,10,03,45_03,reviewer,none,0,0,0,1,4.272981907136303
45,10,04,45_04,panelist,high,1,1,0,0,3.592032884803358
45,10,05,45_05,panelist,med,1,0,0,0,4.271482672023514
45,10,06,45_06,panelist,high,1,1,0,0,4.171994306981215
45,10,07,45_07,panelist,none,1,0,0,1,4.074831632379277
45,10,08,45_08,reviewer,low,0,0,1,0,4.351841642256341
45,10,09,45_09,panelist,low,1,0,1,0,4.707949247812802
45,10,10,45_10,panelist,high,1,1,0,0,4.16987718685359
45,10,11,45_11,panelist,high,1,1,0,0,4.043167511413016
45,10,12,45_12,panelist,med,1,0,0,0,4.491835723082457
45,10,13,45_13,panelist,none,1,0,0,1,4.671262743673807
45,10,14,45_14,panelist,low,1,0,1,0,4.500208269056345
45,10,15,45_15,panelist,high,1,1,0,0,3.911094706099747
45,10,16,45_16,panelist,med,1,0,0,0,4.542126752081873
45,10,17,45_17,panelist,none,1,0,0,1,4.206789167867566
45,10,18,45_18,panelist,med,1,0,0,0,4.613846754082653
45,10,19,45_19,reviewer,med,0,0,0,0,4.184028809449787
45,10,20,45_20,panelist,med,1,0,0,0,4.559510996568707
45,10,21,45_21,panelist,med,1,0,0,0,4.215230749734693
45,10,22,45_22,panelist,med,1,0,0,0,4.225768984341162
45,10,23,45_23,panelist,high,1,1,0,0,3.812631380510056
45,10,24,45_24,panelist,med,1,0,0,0,3.9548769438291185
45,11,01,45_01,panelist,med,1,0,0,0,3.901815279836814
45,11,02,45_02,panelist,none,1,0,0,1,4.722389950855706
45,11,03,45_03,panelist,high,1,1,0,0,3.814964169447353
45,11,04,45_04,panelist,none,1,0,0,1,4.0810391830851875
45,11,05,45_05,panelist,none,1,0,0,1,4.621244702360621
45,11,06,45_06,panelist,med,1,0,0,0,4.413927923068022
45,11,07,45_07,panelist,med,1,0,0,0,3.835868173052171
45,11,08,45_08,panelist,high,1,1,0,0,4.296789278036001
45,11,09,45_09,panelist,med,1,0,0,0,4.446959770588161
45,11,10,45_10,panelist,none,1,0,0,1,4.4686043385992855
45,11,11,45_11,panelist,med,1,0,0,0,3.6318294687085384
45,11,12,45_12,panelist,low,1,0,1,0,4.275660903679065
45,11,13,45_13,panelist,high,1,1,0,0,4.36478529065785
45,11,14,45_14,reviewer,low,0,0,1,0,4.3624597489856765
45,11,15,45_15,panelist,low,1,0,1,0,4.112241037769921
45,11,16,45_16,panelist,high,1,1,0,0,3.9520596944885997
45,11,17,45_17,reviewer,med,0,0,0,0,4.127231140322122
45,11,18,45_18,reviewer,med,0,0,0,0,4.104991260621396
45,11,19,45_19,panelist,med,1,0,0,0,3.9314561955832814
45,11,20,45_20,panelist,low,1,0,1,0,4.008849515128934
45,11,21,45_21,panelist,med,1,0,0,0,4.228672824509875
45,11,22,45_22,panelist,high,1,1,0,0,4.265889334378833
45,11,23,45_23,panelist,med,1,0,0,0,4.267795947543748
45,11,24,45_24,panelist,high,1,1,0,0,3.9286063892231464
45,12,01,45_01,reviewer,none,0,0,0,1,4.288586653496924
45,12,02,45_02,panelist,none,1,0,0,1,4.814213570901187
45,12,03,45_03,panelist,high,1,1,0,0,3.736373130767543
45,12,04,45_04,panelist,med,1,0,0,0,4.321549671313308
45,12,05,45_05,panelist,low,1,0,1,0,4.160938931920189
45,12,06,45_06,panelist,high,1,1,0,0,4.476029077179249
45,12,07,45_07,panelist,high,1,1,0,0,4.180525516253371
45,12,08,45_08,panelist,low,1,0,1,0,4.363388076286942
45,12,09,45_09,panelist,med,1,0,0,0,4.865761905798274
45,12,10,45_10,panelist,med,1,0,0,0,4.210170930058738
45,12,11,45_11,panelist,med,1,0,0,0,4.3355433186187335
45,12,12,45_12,panelist,med,1,0,0,0,4.1010339236719
45,12,13,45_13,panelist,none,1,0,0,1,4.5195954445871305
45,12,14,45_14,panelist,low,1,0,1,0,4.1272404153151525
45,12,15,45_15,panelist,none,1,0,0,1,4.753694155303984
45,12,16,45_16,panelist,high,1,1,0,0,4.265227057384137
45,12,17,45_17,reviewer,low,0,0,1,0,3.9644525925259955
45,12,18,45_18,panelist,high,1,1,0,0,4.1628870717074395
45,12,19,45_19,panelist,med,1,0,0,0,4.421984856706616
45,12,20,45_20,panelist,med,1,0,0,0,4.638680761599128
45,12,21,45_21,panelist,med,1,0,0,0,4.4180369058231586
45,12,22,45_22,panelist,med,1,0,0,0,4.457943792689002
45,12,23,45_23,panelist,med,1,0,0,0,4.389630978639362
45,12,24,45_24,reviewer,high,0,1,0,0,3.6744729166984667
45,13,01,45_01,panelist,low,1,0,1,0,4.072087136460585
45,13,02,45_02,panelist,med,1,0,0,0,4.856830384984392
45,13,03,45_03,panelist,none,1,0,0,1,4.223275524028283
45,13,04,45_04,panelist,med,1,0,0,0,4.061570529579521
45,13,05,45_05,panelist,none,1,0,0,1,4.571368277859586
45,13,06,45_06,panelist,high,1,1,0,0,4.390393718383615
45,13,07,45_07,panelist,none,1,0,0,1,4.467119753810752
45,13,08,45_08,panelist,low,1,0,1,0,4.5800991464478935
45,13,09,45_09,panelist,med,1,0,0,0,4.784884149580931
45,13,10,45_10,panelist,high,1,1,0,0,4.516119505809855
45,13,11,45_11,panelist,high,1,1,0,0,4.2595982114668685
45,13,12,45_12,panelist,low,1,0,1,0,4.538337095479283
45,13,13,45_13,panelist,med,1,0,0,0,4.751892491405069
45,13,14,45_14,reviewer,med,0,0,0,0,4.246588585103666
45,13,15,45_15,panelist,high,1,1,0,0,4.24226656332047
45,13,16,45_16,panelist,med,1,0,0,0,4.326448603438902
45,13,17,45_17,reviewer,med,0,0,0,0,4.5859855691490115
45,13,18,45_18,panelist,med,1,0,0,0,4.593713537374202
45,13,19,45_19,panelist,med,1,0,0,0,4.206880496516084
45,13,20,45_20,reviewer,high,0,1,0,0,4.716470637996075
45,13,21,45_21,panelist,none,1,0,0,1,4.565119169312223
45,13,22,45_22,panelist,med,1,0,0,0,4.8284835374110475
45,13,23,45_23,panelist,high,1,1,0,0,4.704280773409461
45,13,24,45_24,panelist,low,1,0,1,0,4.477361493352704
45,14,01,45_01,panelist,med,1,0,0,0,4.191899602797091
45,14,02,45_02,panelist,med,1,0,0,0,4.731576838353311
45,14,03,45_03,reviewer,med,0,0,0,0,3.6183832623496737
45,14,04,45_04,panelist,med,1,0,0,0,4.217654396692151
45,14,05,45_05,panelist,med,1,0,0,0,4.018876287914168
45,14,06,45_06,panelist,high,1,1,0,0,3.8683546162204783
45,14,07,45_07,reviewer,none,0,0,0,1,4.023478044519751
45,14,08,45_08,panelist,med,1,0,0,0,4.377019144994379
45,14,09,45_09,panelist,low,1,0,1,0,4.410292392245922
45,14,10,45_10,panelist,high,1,1,0,0,4.235033117773931
45,14,11,45_11,panelist,none,1,0,0,1,4.0076290971970305
45,14,12,45_12,panelist,high,1,1,0,0,3.771302936225693
45,14,13,45_13,panelist,high,1,1,0,0,4.134291826337135
45,14,14,45_14,reviewer,low,0,0,1,0,3.875505528895037
45,14,15,45_15,panelist,high,1,1,0,0,4.46374360464699
45,14,16,45_16,panelist,low,1,0,1,0,4.521931515280384
45,14,17,45_17,panelist,none,1,0,0,1,4.2788581944944655
45,14,18,45_18,panelist,low,1,0,1,0,4.4807103031314455
45,14,19,45_19,panelist,med,1,0,0,0,3.7329454817025334
45,14,20,45_20,panelist,med,1,0,0,0,4.56166363704911
45,14,21,45_21,panelist,high,1,1,0,0,4.1522070679928476
45,14,22,45_22,panelist,med,1,0,0,0,3.82392663818567
45,14,23,45_23,panelist,none,1,0,0,1,4.3228446343476685
45,14,24,45_24,panelist,med,1,0,0,0,3.839147831726203
45,15,01,45_01,panelist,med,1,0,0,0,3.5428462983401774
45,15,02,45_02,reviewer,med,0,0,0,0,3.9605109767855997
45,15,03,45_03,panelist,high,1,1,0,0,3.5105417455293435
45,15,04,45_04,reviewer,med,0,0,0,0,3.5797370192011395
45,15,05,45_05,panelist,high,1,1,0,0,3.571776562876327
45,15,06,45_06,panelist,none,1,0,0,1,4.265527870450833
45,15,07,45_07,panelist,med,1,0,0,0,3.9224495794400345
45,15,08,45_08,panelist,med,1,0,0,0,3.933443098274143
45,15,09,45_09,panelist,low,1,0,1,0,3.891167581257307
45,15,10,45_10,panelist,low,1,0,1,0,4.339728063224707
45,15,11,45_11,panelist,med,1,0,0,0,4.042469469685585
45,15,12,45_12,panelist,none,1,0,0,1,4.293997097258473
45,15,13,45_13,panelist,med,1,0,0,0,4.519711484359335
45,15,14,45_14,panelist,med,1,0,0,0,3.712253996827593
45,15,15,45_15,panelist,med,1,0,0,0,4.184570294669535
45,15,16,45_16,panelist,high,1,1,0,0,3.796973678207901
45,15,17,45_17,panelist,high,1,1,0,0,3.671244207789199
45,15,18,45_18,panelist,low,1,0,1,0,3.9521664164497676
45,15,19,45_19,panelist,high,1,1,0,0,3.738928552828443
45,15,20,45_20,panelist,none,1,0,0,1,4.180715712358394
45,15,21,45_21,panelist,high,1,1,0,0,4.091688604057055
45,15,22,45_22,panelist,low,1,0,1,0,3.9838430656870796
45,15,23,45_23,panelist,none,1,0,0,1,4.342470075258123
45,15,24,45_24,reviewer,med,0,0,0,0,3.6708978116850273
46,1,01,46_01,panelist,none,1,0,0,1,4.021549124192087
46,1,02,46_02,panelist,high,1,1,0,0,4.474781544485991
46,1,03,46_03,reviewer,none,0,0,0,1,3.810921190629358
46,1,04,46_04,panelist,high,1,1,0,0,3.940471365838986
46,1,05,46_05,panelist,med,1,0,0,0,3.890645054855139
46,1,06,46_06,panelist,low,1,0,1,0,4.462659528585379
46,1,07,46_07,panelist,low,1,0,1,0,4.354574608121367
46,1,08,46_08,panelist,med,1,0,0,0,4.452175730981574
46,1,09,46_09,panelist,med,1,0,0,0,4.75115649227343
46,1,10,46_10,reviewer,low,0,0,1,0,3.7176577453150625
46,1,11,46_11,panelist,high,1,1,0,0,3.9321384976145497
46,1,12,46_12,panelist,med,1,0,0,0,4.286822479292502
46,1,13,46_13,panelist,none,1,0,0,1,4.738054362489064
46,1,14,46_14,panelist,med,1,0,0,0,3.9815274671066807
46,1,15,46_15,panelist,med,1,0,0,0,4.120932727479665
46,1,16,46_16,panelist,med,1,0,0,0,4.177221337870018
46,1,17,46_17,panelist,med,1,0,0,0,4.1958039310713025
46,1,18,46_18,panelist,med,1,0,0,0,4.464074752284593
46,1,19,46_19,panelist,high,1,1,0,0,4.1348002064096745
46,1,20,46_20,panelist,med,1,0,0,0,4.484770264239382
46,1,21,46_21,panelist,high,1,1,0,0,4.072374340191453
46,1,22,46_22,panelist,none,1,0,0,1,4.165515282530516
46,1,23,46_23,panelist,high,1,1,0,0,4.273485275440095
46,1,24,46_24,reviewer,low,0,0,1,0,4.450234217562784
46,2,01,46_01,panelist,high,1,1,0,0,4.065464088420912
46,2,02,46_02,panelist,low,1,0,1,0,4.848954130131666
46,2,03,46_03,reviewer,med,0,0,0,0,3.7302918886815184
46,2,04,46_04,panelist,med,1,0,0,0,3.895729196150079
46,2,05,46_05,panelist,low,1,0,1,0,4.0655894667970065
46,2,06,46_06,panelist,high,1,1,0,0,4.254889932639187
46,2,07,46_07,panelist,med,1,0,0,0,4.027348036402074
46,2,08,46_08,panelist,none,1,0,0,1,4.612636956354403
46,2,09,46_09,reviewer,none,0,0,0,1,4.296952533510008
46,2,10,46_10,panelist,med,1,0,0,0,4.396390546878848
46,2,11,46_11,panelist,high,1,1,0,0,3.8033219611627547
46,2,12,46_12,panelist,high,1,1,0,0,4.009885234953349
46,2,13,46_13,panelist,med,1,0,0,0,4.790621987463433
46,2,14,46_14,panelist,none,1,0,0,1,4.331584455862798
46,2,15,46_15,reviewer,med,0,0,0,0,3.9941411838313257
46,2,16,46_16,panelist,high,1,1,0,0,4.277432820274772
46,2,17,46_17,panelist,med,1,0,0,0,4.004802263195115
46,2,18,46_18,panelist,med,1,0,0,0,4.47489468093866
46,2,19,46_19,panelist,none,1,0,0,1,4.248848475968633
46,2,20,46_20,panelist,low,1,0,1,0,4.578824383891375
46,2,21,46_21,panelist,med,1,0,0,0,4.34126977843648
46,2,22,46_22,panelist,high,1,1,0,0,4.361690359790247
46,2,23,46_23,panelist,med,1,0,0,0,4.059733401301109
46,2,24,46_24,panelist,low,1,0,1,0,4.123298074626726
46,3,01,46_01,panelist,high,1,1,0,0,4.0575072050235015
46,3,02,46_02,panelist,med,1,0,0,0,4.832248028651013
46,3,03,46_03,panelist,low,1,0,1,0,3.9923323345371418
46,3,04,46_04,panelist,high,1,1,0,0,3.7507282217404194
46,3,05,46_05,panelist,high,1,1,0,0,3.7694828992237435
46,3,06,46_06,reviewer,low,0,0,1,0,4.458384229897852
46,3,07,46_07,panelist,none,1,0,0,1,4.129600374859333
46,3,08,46_08,panelist,med,1,0,0,0,4.372056236117924
46,3,09,46_09,panelist,med,1,0,0,0,4.653347867250387
46,3,10,46_10,panelist,med,1,0,0,0,4.181682065528748
46,3,11,46_11,panelist,med,1,0,0,0,3.960717594793676
46,3,12,46_12,panelist,med,1,0,0,0,4.357246750004229
46,3,13,46_13,panelist,none,1,0,0,1,4.556413523498077
46,3,14,46_14,panelist,none,1,0,0,1,4.305541775483138
46,3,15,46_15,panelist,med,1,0,0,0,4.03470819346975
46,3,16,46_16,panelist,med,1,0,0,0,4.648164930361742
46,3,17,46_17,panelist,high,1,1,0,0,4.386275210534131
46,3,18,46_18,reviewer,low,0,0,1,0,3.859513062917472
46,3,19,46_19,reviewer,high,0,1,0,0,3.702010727257428
46,3,20,46_20,panelist,med,1,0,0,0,4.200912642157129
46,3,21,46_21,panelist,none,1,0,0,1,4.461638279164278
46,3,22,46_22,panelist,med,1,0,0,0,4.4244597731387385
46,3,23,46_23,panelist,high,1,1,0,0,4.326848941990491
46,3,24,46_24,panelist,low,1,0,1,0,4.312858403584901
46,4,01,46_01,reviewer,med,0,0,0,0,3.9269448691689486
46,4,02,46_02,panelist,high,1,1,0,0,4.582270739100634
46,4,03,46_03,panelist,high,1,1,0,0,3.7607490611254506
46,4,04,46_04,reviewer,low,0,0,1,0,3.8061100181330367
46,4,05,46_05,panelist,low,1,0,1,0,3.978859363097822
46,4,06,46_06,panelist,none,1,0,0,1,4.50271028674302
46,4,07,46_07,panelist,med,1,0,0,0,3.9543139157108063
46,4,08,46_08,reviewer,high,0,1,0,0,4.305289954326277
46,4,09,46_09,panelist,med,1,0,0,0,4.891902897057762
46,4,10,46_10,panelist,med,1,0,0,0,3.730686880938006
46,4,11,46_11,panelist,med,1,0,0,0,4.05546037157334
46,4,12,46_12,panelist,med,1,0,0,0,4.386640711498729
46,4,13,46_13,panelist,high,1,1,0,0,4.6447990354314515
46,4,14,46_14,panelist,low,1,0,1,0,4.648315506048405
46,4,15,46_15,panelist,high,1,1,0,0,3.901308964967831
46,4,16,46_16,panelist,med,1,0,0,0,4.399707795777039
46,4,17,46_17,panelist,none,1,0,0,1,4.7057621622979156
46,4,18,46_18,panelist,high,1,1,0,0,4.431053853221177
46,4,19,46_19,panelist,low,1,0,1,0,4.092730291009251
46,4,20,46_20,panelist,none,1,0,0,1,4.496234660266235
46,4,21,46_21,panelist,med,1,0,0,0,4.395207486170158
46,4,22,46_22,panelist,med,1,0,0,0,4.415139608826612
46,4,23,46_23,panelist,med,1,0,0,0,4.633700772604307
46,4,24,46_24,panelist,none,1,0,0,1,3.9019064857173436
46,5,01,46_01,panelist,med,1,0,0,0,3.7645559783469453
46,5,02,46_02,panelist,high,1,1,0,0,4.539498585365993
46,5,03,46_03,panelist,low,1,0,1,0,3.7559107412496653
46,5,04,46_04,reviewer,none,0,0,0,1,4.176230949422933
46,5,05,46_05,panelist,med,1,0,0,0,3.796437013241858
46,5,06,46_06,panelist,med,1,0,0,0,4.186847201398005
46,5,07,46_07,reviewer,med,0,0,0,0,3.5698490582656786
46,5,08,46_08,panelist,med,1,0,0,0,4.033820210922425
46,5,09,46_09,panelist,med,1,0,0,0,4.4662053723950965
46,5,10,46_10,panelist,high,1,1,0,0,3.713434300944923
46,5,11,46_11,panelist,med,1,0,0,0,3.727503009283836
46,5,12,46_12,panelist,high,1,1,0,0,4.084480873761437
46,5,13,46_13,panelist,med,1,0,0,0,4.621946497883297
46,5,14,46_14,panelist,none,1,0,0,1,4.403156411674436
46,5,15,46_15,panelist,high,1,1,0,0,3.9211148188224794
46,5,16,46_16,reviewer,med,0,0,0,0,4.185936925791169
46,5,17,46_17,panelist,high,1,1,0,0,3.9186802057479126
46,5,18,46_18,panelist,none,1,0,0,1,4.536974011028579
46,5,19,46_19,panelist,med,1,0,0,0,3.821388047738805
46,5,20,46_20,panelist,low,1,0,1,0,4.102282926605069
46,5,21,46_21,panelist,high,1,1,0,0,4.052264672867225
46,5,22,46_22,panelist,low,1,0,1,0,4.559304332667438
46,5,23,46_23,panelist,low,1,0,1,0,4.179387281428981
46,5,24,46_24,panelist,none,1,0,0,1,4.2300877026399535
46,6,01,46_01,panelist,low,1,0,1,0,4.24803050172563
46,6,02,46_02,panelist,high,1,1,0,0,4.575131273217939
46,6,03,46_03,panelist,low,1,0,1,0,4.071589975382248
46,6,04,46_04,panelist,med,1,0,0,0,4.109355029386091
46,6,05,46_05,panelist,med,1,0,0,0,4.037047072689473
46,6,06,46_06,reviewer,med,0,0,0,0,4.523280989833729
46,6,07,46_07,panelist,high,1,1,0,0,4.253000481569015
46,6,08,46_08,panelist,med,1,0,0,0,4.6722508881872065
46,6,09,46_09,panelist,none,1,0,0,1,4.889700603689104
46,6,10,46_10,panelist,high,1,1,0,0,4.100750505846091
46,6,11,46_11,reviewer,med,0,0,0,0,3.7673776620715786
46,6,12,46_12,panelist,low,1,0,1,0,4.494534056279919
46,6,13,46_13,panelist,none,1,0,0,1,4.754136120981168
46,6,14,46_14,panelist,med,1,0,0,0,4.523588417182512
46,6,15,46_15,panelist,med,1,0,0,0,4.379623553994465
46,6,16,46_16,panelist,med,1,0,0,0,4.326613830146229
46,6,17,46_17,panelist,none,1,0,0,1,4.69666794640094
46,6,18,46_18,panelist,high,1,1,0,0,4.753197722585158
46,6,19,46_19,panelist,high,1,1,0,0,4.3235392506820975
46,6,20,46_20,panelist,med,1,0,0,0,4.7960638736435675
46,6,21,46_21,panelist,med,1,0,0,0,4.504231938184733
46,6,22,46_22,reviewer,low,0,0,1,0,4.335590652834046
46,6,23,46_23,panelist,high,1,1,0,0,4.613448118757505
46,6,24,46_24,panelist,none,1,0,0,1,4.599748759666309
46,7,01,46_01,panelist,high,1,1,0,0,4.180339435650345
46,7,02,46_02,reviewer,none,0,0,0,1,4.373085996510796
46,7,03,46_03,panelist,med,1,0,0,0,4.262186921599015
46,7,04,46_04,panelist,high,1,1,0,0,4.8811133610439565
46,7,05,46_05,panelist,med,1,0,0,0,4.647475933729285
46,7,06,46_06,panelist,low,1,0,1,0,4.592759807884504
46,7,07,46_07,panelist,low,1,0,1,0,4.420983687452404
46,7,08,46_08,panelist,med,1,0,0,0,4.598455837204528
46,7,09,46_09,panelist,none,1,0,0,1,4.810309187055991
46,7,10,46_10,panelist,med,1,0,0,0,4.464068439799122
46,7,11,46_11,panelist,high,1,1,0,0,4.155580054918845
46,7,12,46_12,reviewer,none,0,0,0,1,4.618140073889291
46,7,13,46_13,panelist,high,1,1,0,0,4.852667341179658
46,7,14,46_14,panelist,med,1,0,0,0,4.590625520934558
46,7,15,46_15,panelist,none,1,0,0,1,4.647913279769695
46,7,16,46_16,panelist,low,1,0,1,0,4.532765337350849
46,7,17,46_17,panelist,high,1,1,0,0,4.412966980701027
46,7,18,46_18,reviewer,med,0,0,0,0,4.458425050728956
46,7,19,46_19,panelist,med,1,0,0,0,4.195957150382643
46,7,20,46_20,panelist,low,1,0,1,0,4.415294643850451
46,7,21,46_21,panelist,med,1,0,0,0,4.813182036470025
46,7,22,46_22,panelist,med,1,0,0,0,4.635107725293285
46,7,23,46_23,panelist,med,1,0,0,0,4.660907713136095
46,7,24,46_24,panelist,high,1,1,0,0,3.8728409925774625
46,8,01,46_01,reviewer,none,0,0,0,1,3.6098720922799052
46,8,02,46_02,panelist,high,1,1,0,0,4.56384431851228
46,8,03,46_03,panelist,high,1,1,0,0,3.5098094732741005
46,8,04,46_04,panelist,med,1,0,0,0,3.559300775920933
46,8,05,46_05,panelist,med,1,0,0,0,3.659102421165878
46,8,06,46_06,panelist,none,1,0,0,1,4.138127953343206
46,8,07,46_07,panelist,med,1,0,0,0,3.7477843115251512
46,8,08,46_08,panelist,med,1,0,0,0,4.362505847546027
46,8,09,46_09,reviewer,high,0,1,0,0,3.8553568501781577
46,8,10,46_10,panelist,low,1,0,1,0,3.840697209680999
46,8,11,46_11,panelist,high,1,1,0,0,3.5175559869266855
46,8,12,46_12,panelist,med,1,0,0,0,3.990597949574882
46,8,13,46_13,panelist,med,1,0,0,0,4.630105528067208
46,8,14,46_14,panelist,med,1,0,0,0,3.754287432307459
46,8,15,46_15,panelist,med,1,0,0,0,4.05042091490325
46,8,16,46_16,panelist,low,1,0,1,0,4.262832822526406
46,8,17,46_17,panelist,low,1,0,1,0,4.125270359867114
46,8,18,46_18,panelist,low,1,0,1,0,4.308687689952583
46,8,19,46_19,reviewer,none,0,0,0,1,3.6403846903439976
46,8,20,46_20,panelist,none,1,0,0,1,4.292295238498131
46,8,21,46_21,panelist,med,1,0,0,0,3.695121791173917
46,8,22,46_22,panelist,high,1,1,0,0,4.091366271684787
46,8,23,46_23,panelist,high,1,1,0,0,4.110705177454879
46,8,24,46_24,panelist,med,1,0,0,0,3.5215019629600848
46,9,01,46_01,panelist,low,1,0,1,0,4.727452237384752
46,9,02,46_02,panelist,none,1,0,0,1,4.71417676490044
46,9,03,46_03,panelist,med,1,0,0,0,4.197889262881096
46,9,04,46_04,panelist,med,1,0,0,0,4.273781822107568
46,9,05,46_05,reviewer,med,0,0,0,0,3.9396222975940614
46,9,06,46_06,panelist,high,1,1,0,0,4.646715311985463
46,9,07,46_07,panelist,high,1,1,0,0,4.185254661204209
46,9,08,46_08,panelist,none,1,0,0,1,4.65569538321823
46,9,09,46_09,panelist,med,1,0,0,0,4.890571320926465
46,9,10,46_10,panelist,med,1,0,0,0,4.631904522971302
46,9,11,46_11,reviewer,med,0,0,0,0,4.176327347949281
46,9,12,46_12,panelist,high,1,1,0,0,4.214286769002081
46,9,13,46_13,panelist,med,1,0,0,0,4.730921398196573
46,9,14,46_14,panelist,high,1,1,0,0,4.208439125162818
46,9,15,46_15,panelist,none,1,0,0,1,4.647371301020578
46,9,16,46_16,panelist,low,1,0,1,0,4.560670021456451
46,9,17,46_17,reviewer,none,0,0,0,1,4.432678803509868
46,9,18,46_18,panelist,high,1,1,0,0,4.805888727690851
46,9,19,46_19,panelist,med,1,0,0,0,4.355648323306502
46,9,20,46_20,panelist,low,1,0,1,0,4.617266207047527
46,9,21,46_21,panelist,high,1,1,0,0,4.715936692495595
46,9,22,46_22,panelist,med,1,0,0,0,4.4355496946093425
46,9,23,46_23,panelist,med,1,0,0,0,4.583636710857096
46,9,24,46_24,panelist,low,1,0,1,0,4.227986830783679
46,10,01,46_01,panelist,med,1,0,0,0,4.306801309384827
46,10,02,46_02,panelist,low,1,0,1,0,4.746801257138581
46,10,03,46_03,panelist,med,1,0,0,0,3.896498555881912
46,10,04,46_04,panelist,none,1,0,0,1,4.386399885248394
46,10,05,46_05,panelist,low,1,0,1,0,4.527935977361394
46,10,06,46_06,panelist,low,1,0,1,0,4.3831462301017785
46,10,07,46_07,reviewer,med,0,0,0,0,3.994875512309424
46,10,08,46_08,panelist,none,1,0,0,1,4.458256097486854
46,10,09,46_09,panelist,med,1,0,0,0,4.824800962696205
46,10,10,46_10,panelist,low,1,0,1,0,4.4142461578065495
46,10,11,46_11,panelist,med,1,0,0,0,3.723280722925198
46,10,12,46_12,panelist,high,1,1,0,0,3.8033833238649004
46,10,13,46_13,reviewer,none,0,0,0,1,4.751570894741075
46,10,14,46_14,panelist,med,1,0,0,0,4.365258495056793
46,10,15,46_15,panelist,med,1,0,0,0,4.3848124070754295
46,10,16,46_16,reviewer,high,0,1,0,0,3.7932829927790075
46,10,17,46_17,panelist,high,1,1,0,0,4.180606384533872
46,10,18,46_18,panelist,med,1,0,0,0,4.3935358243609475
46,10,19,46_19,panelist,med,1,0,0,0,3.9906183803196953
46,10,20,46_20,panelist,high,1,1,0,0,4.299788537719193
46,10,21,46_21,panelist,med,1,0,0,0,4.187680546347752
46,10,22,46_22,panelist,high,1,1,0,0,4.234576459904037
46,10,23,46_23,panelist,high,1,1,0,0,4.266369603498124
46,10,24,46_24,panelist,none,1,0,0,1,4.401135914164578
46,11,01,46_01,panelist,high,1,1,0,0,3.7694930502286077
46,11,02,46_02,panelist,med,1,0,0,0,4.3313578099340395
46,11,03,46_03,panelist,med,1,0,0,0,3.752614137708416
46,11,04,46_04,panelist,low,1,0,1,0,4.108100794753344
46,11,05,46_05,reviewer,med,0,0,0,0,3.903849846527366
46,11,06,46_06,panelist,high,1,1,0,0,4.172063732690598
46,11,07,46_07,panelist,none,1,0,0,1,4.190079906866078
46,11,08,46_08,panelist,high,1,1,0,0,4.433560001051588
46,11,09,46_09,panelist,none,1,0,0,1,4.358881531929337
46,11,10,46_10,panelist,med,1,0,0,0,4.053863530235464
46,11,11,46_11,panelist,med,1,0,0,0,3.8909290062597206
46,11,12,46_12,panelist,high,1,1,0,0,3.7432746922936593
46,11,13,46_13,reviewer,high,0,1,0,0,4.142809229073289
46,11,14,46_14,panelist,low,1,0,1,0,4.507015202623647
46,11,15,46_15,reviewer,med,0,0,0,0,3.8500809964974687
46,11,16,46_16,panelist,med,1,0,0,0,4.0984691993971465
46,11,17,46_17,panelist,low,1,0,1,0,4.437007888927459
46,11,18,46_18,panelist,med,1,0,0,0,4.239081567542395
46,11,19,46_19,panelist,high,1,1,0,0,3.936792881860174
46,11,20,46_20,panelist,med,1,0,0,0,3.923492282001944
46,11,21,46_21,panelist,low,1,0,1,0,4.273091802476233
46,11,22,46_22,panelist,none,1,0,0,1,4.460707736973458
46,11,23,46_23,panelist,med,1,0,0,0,4.090842099326874
46,11,24,46_24,panelist,none,1,0,0,1,3.8263184362422047
46,12,01,46_01,panelist,low,1,0,1,0,4.244938632232418
46,12,02,46_02,panelist,med,1,0,0,0,4.771417414006744
46,12,03,46_03,panelist,high,1,1,0,0,4.035692210655983
46,12,04,46_04,panelist,med,1,0,0,0,4.038257741033322
46,12,05,46_05,panelist,med,1,0,0,0,3.8732528599609393
46,12,06,46_06,panelist,med,1,0,0,0,4.1059958825768
46,12,07,46_07,panelist,high,1,1,0,0,4.115384536702374
46,12,08,46_08,panelist,none,1,0,0,1,4.3244150523089555
46,12,09,46_09,panelist,high,1,1,0,0,4.570063998075929
46,12,10,46_10,panelist,low,1,0,1,0,4.125301803663853
46,12,11,46_11,reviewer,med,0,0,0,0,3.7343572046096964
46,12,12,46_12,panelist,high,1,1,0,0,3.938524887568991
46,12,13,46_13,panelist,none,1,0,0,1,4.628462361335129
46,12,14,46_14,panelist,none,1,0,0,1,4.369212210734787
46,12,15,46_15,panelist,med,1,0,0,0,4.323087802707424
46,12,16,46_16,panelist,med,1,0,0,0,4.162191435379653
46,12,17,46_17,reviewer,med,0,0,0,0,3.9412857847667278
46,12,18,46_18,panelist,high,1,1,0,0,4.107854981334783
46,12,19,46_19,reviewer,high,0,1,0,0,3.6021049435691648
46,12,20,46_20,panelist,med,1,0,0,0,4.32048463657335
46,12,21,46_21,panelist,low,1,0,1,0,4.374050642688626
46,12,22,46_22,panelist,none,1,0,0,1,4.6795705802457
46,12,23,46_23,panelist,med,1,0,0,0,4.2168148458280115
46,12,24,46_24,panelist,low,1,0,1,0,3.8139516493019827
46,13,01,46_01,panelist,med,1,0,0,0,4.115539268137399
46,13,02,46_02,panelist,med,1,0,0,0,4.540450506896942
46,13,03,46_03,panelist,low,1,0,1,0,4.344666520504128
46,13,04,46_04,panelist,high,1,1,0,0,4.325805836398057
46,13,05,46_05,panelist,med,1,0,0,0,3.948589816344645
46,13,06,46_06,panelist,high,1,1,0,0,4.604984952219585
46,13,07,46_07,panelist,low,1,0,1,0,4.419380128498279
46,13,08,46_08,panelist,med,1,0,0,0,4.389640117794389
46,13,09,46_09,panelist,med,1,0,0,0,4.711178117341567
46,13,10,46_10,panelist,high,1,1,0,0,4.189514892085002
46,13,11,46_11,panelist,low,1,0,1,0,4.014976696293862
46,13,12,46_12,reviewer,med,0,0,0,0,4.309971992100013
46,13,13,46_13,reviewer,high,0,1,0,0,4.651734889985535
46,13,14,46_14,panelist,none,1,0,0,1,4.764793877613022
46,13,15,46_15,panelist,none,1,0,0,1,4.752128321451424
46,13,16,46_16,panelist,med,1,0,0,0,4.453400641642252
46,13,17,46_17,panelist,med,1,0,0,0,4.681180991021869
46,13,18,46_18,reviewer,high,0,1,0,0,3.6145570261175295
46,13,19,46_19,panelist,high,1,1,0,0,4.295657571784492
46,13,20,46_20,panelist,none,1,0,0,1,4.831518503939379
46,13,21,46_21,panelist,none,1,0,0,1,4.786860046979581
46,13,22,46_22,panelist,med,1,0,0,0,4.745962973075275
46,13,23,46_23,panelist,low,1,0,1,0,4.6992718491874825
46,13,24,46_24,panelist,med,1,0,0,0,4.273492743846262
46,14,01,46_01,panelist,med,1,0,0,0,3.7633615501444773
46,14,02,46_02,panelist,high,1,1,0,0,4.706468717215243
46,14,03,46_03,panelist,med,1,0,0,0,3.5061263610490667
46,14,04,46_04,panelist,med,1,0,0,0,4.3505279570943385
46,14,05,46_05,panelist,high,1,1,0,0,3.69523767941843
46,14,06,46_06,panelist,med,1,0,0,0,4.21749225530935
46,14,07,46_07,panelist,med,1,0,0,0,3.570266616516957
46,14,08,46_08,panelist,low,1,0,1,0,4.279091080563795
46,14,09,46_09,panelist,high,1,1,0,0,4.337135513559728
46,14,10,46_10,panelist,low,1,0,1,0,4.229733761378138
46,14,11,46_11,panelist,low,1,0,1,0,3.853985904266579
46,14,12,46_12,panelist,none,1,0,0,1,4.648649920215512
46,14,13,46_13,reviewer,med,0,0,0,0,4.33635216431445
46,14,14,46_14,panelist,high,1,1,0,0,3.995562550717537
46,14,15,46_15,panelist,none,1,0,0,1,4.4521853925754895
46,14,16,46_16,panelist,med,1,0,0,0,4.1483598523130585
46,14,17,46_17,panelist,low,1,0,1,0,4.486652225516839
46,14,18,46_18,reviewer,none,0,0,0,1,4.099202738661824
46,14,19,46_19,panelist,med,1,0,0,0,3.6406306439004643
46,14,20,46_20,panelist,med,1,0,0,0,3.8577668427634397
46,14,21,46_21,panelist,med,1,0,0,0,4.4157739467495984
46,14,22,46_22,reviewer,high,0,1,0,0,4.096932558008784
46,14,23,46_23,panelist,none,1,0,0,1,4.3450946677211375
46,14,24,46_24,panelist,high,1,1,0,0,3.7693644001090303
46,15,01,46_01,panelist,med,1,0,0,0,3.7389318982985484
46,15,02,46_02,panelist,none,1,0,0,1,4.345378715430518
46,15,03,46_03,panelist,high,1,1,0,0,3.554479733846697
46,15,04,46_04,panelist,med,1,0,0,0,3.6325014274676275
46,15,05,46_05,panelist,med,1,0,0,0,3.640118433026216
46,15,06,46_06,panelist,med,1,0,0,0,3.8941231926750914
46,15,07,46_07,panelist,med,1,0,0,0,3.7838143585295634
46,15,08,46_08,panelist,med,1,0,0,0,4.136848089029403
46,15,09,46_09,reviewer,low,0,0,1,0,4.110093706701697
46,15,10,46_10,panelist,none,1,0,0,1,3.844658217106286
46,15,11,46_11,panelist,med,1,0,0,0,3.504638537488719
46,15,12,46_12,panelist,low,1,0,1,0,3.58029383207679
46,15,13,46_13,panelist,high,1,1,0,0,3.940804791262897
46,15,14,46_14,panelist,high,1,1,0,0,3.8953178552982948
46,15,15,46_15,panelist,high,1,1,0,0,3.9299595232358286
46,15,16,46_16,panelist,med,1,0,0,0,3.7215359480630634
46,15,17,46_17,panelist,high,1,1,0,0,3.7767067508657095
46,15,18,46_18,panelist,none,1,0,0,1,4.050372191793852
46,15,19,46_19,panelist,none,1,0,0,1,3.8131115152229795
46,15,20,46_20,panelist,med,1,0,0,0,4.0957458359316234
46,15,21,46_21,panelist,high,1,1,0,0,3.7251473190772977
46,15,22,46_22,panelist,low,1,0,1,0,4.287298049803823
46,15,23,46_23,reviewer,med,0,0,0,0,3.9808873271297167
46,15,24,46_24,reviewer,low,0,0,1,0,3.9195639131621323
47,1,01,47_01,panelist,med,1,0,0,0,4.025022364137538
47,1,02,47_02,panelist,low,1,0,1,0,4.80204307511142
47,1,03,47_03,panelist,low,1,0,1,0,3.8124310660262095
47,1,04,47_04,panelist,high,1,1,0,0,3.6493581262529404
47,1,05,47_05,panelist,high,1,1,0,0,3.8616216816475446
47,1,06,47_06,panelist,high,1,1,0,0,4.06471430158411
47,1,07,47_07,panelist,none,1,0,0,1,4.388632453676912
47,1,08,47_08,panelist,med,1,0,0,0,3.8823171721720597
47,1,09,47_09,panelist,high,1,1,0,0,4.291755870251325
47,1,10,47_10,panelist,med,1,0,0,0,4.430501795749993
47,1,11,47_11,panelist,med,1,0,0,0,3.6142127933066104
47,1,12,47_12,reviewer,med,0,0,0,0,3.7347691360523587
47,1,13,47_13,panelist,med,1,0,0,0,4.345687002489958
47,1,14,47_14,panelist,high,1,1,0,0,4.308395363254393
47,1,15,47_15,panelist,none,1,0,0,1,4.381539292391196
47,1,16,47_16,panelist,none,1,0,0,1,4.294093906955734
47,1,17,47_17,panelist,none,1,0,0,1,4.5097526262236505
47,1,18,47_18,panelist,med,1,0,0,0,4.108254837561097
47,1,19,47_19,panelist,high,1,1,0,0,3.7431369820331426
47,1,20,47_20,reviewer,med,0,0,0,0,3.841679722904256
47,1,21,47_21,panelist,med,1,0,0,0,4.062025842599216
47,1,22,47_22,panelist,low,1,0,1,0,4.643243985052484
47,1,23,47_23,reviewer,med,0,0,0,0,3.80125224814921
47,1,24,47_24,panelist,low,1,0,1,0,4.301338557788832
47,2,01,47_01,panelist,high,1,1,0,0,3.948641194502674
47,2,02,47_02,panelist,none,1,0,0,1,4.864400730724833
47,2,03,47_03,panelist,med,1,0,0,0,3.9663086999290984
47,2,04,47_04,panelist,med,1,0,0,0,3.6233433045069985
47,2,05,47_05,panelist,med,1,0,0,0,3.6029542815826567
47,2,06,47_06,panelist,med,1,0,0,0,4.292031330328927
47,2,07,47_07,panelist,high,1,1,0,0,3.659750636489592
47,2,08,47_08,panelist,med,1,0,0,0,4.439984848497645
47,2,09,47_09,reviewer,med,0,0,0,0,4.613213409370162
47,2,10,47_10,panelist,high,1,1,0,0,4.253207483635243
47,2,11,47_11,panelist,low,1,0,1,0,3.6263822724289327
47,2,12,47_12,panelist,high,1,1,0,0,4.447272634043686
47,2,13,47_13,panelist,med,1,0,0,0,4.203537356959215
47,2,14,47_14,panelist,med,1,0,0,0,4.47009247102965
47,2,15,47_15,panelist,high,1,1,0,0,3.9845270479118757
47,2,16,47_16,panelist,low,1,0,1,0,4.152698847278577
47,2,17,47_17,panelist,none,1,0,0,1,4.423879887969575
47,2,18,47_18,panelist,med,1,0,0,0,4.6417596914237835
47,2,19,47_19,reviewer,high,0,1,0,0,3.53131628740374
47,2,20,47_20,panelist,med,1,0,0,0,4.4121783110838875
47,2,21,47_21,panelist,none,1,0,0,1,4.409814338776906
47,2,22,47_22,panelist,low,1,0,1,0,4.226838949002416
47,2,23,47_23,panelist,low,1,0,1,0,4.328960124123299
47,2,24,47_24,reviewer,none,0,0,0,1,4.129981973257187
47,3,01,47_01,panelist,high,1,1,0,0,3.7562943678735334
47,3,02,47_02,panelist,none,1,0,0,1,4.8510033080052235
47,3,03,47_03,reviewer,low,0,0,1,0,3.868806670742971
47,3,04,47_04,panelist,low,1,0,1,0,4.088078446916578
47,3,05,47_05,panelist,low,1,0,1,0,4.190249618911381
47,3,06,47_06,panelist,low,1,0,1,0,4.20217397667987
47,3,07,47_07,panelist,med,1,0,0,0,4.306210418143087
47,3,08,47_08,panelist,med,1,0,0,0,4.37758217362102
47,3,09,47_09,panelist,med,1,0,0,0,4.511211731622396
47,3,10,47_10,reviewer,med,0,0,0,0,3.9689460166783337
47,3,11,47_11,panelist,high,1,1,0,0,3.5995978025887196
47,3,12,47_12,panelist,med,1,0,0,0,4.309301266130606
47,3,13,47_13,panelist,none,1,0,0,1,4.569921577975458
47,3,14,47_14,panelist,med,1,0,0,0,4.2052342383707
47,3,15,47_15,panelist,med,1,0,0,0,4.270023388761789
47,3,16,47_16,panelist,high,1,1,0,0,3.883549828593904
47,3,17,47_17,reviewer,high,0,1,0,0,3.6813954224263807
47,3,18,47_18,panelist,med,1,0,0,0,4.3721601913261114
47,3,19,47_19,panelist,high,1,1,0,0,3.6299716270736546
47,3,20,47_20,panelist,none,1,0,0,1,4.466750479506682
47,3,21,47_21,panelist,high,1,1,0,0,3.8226649758334283
47,3,22,47_22,panelist,med,1,0,0,0,4.182770544913678
47,3,23,47_23,panelist,med,1,0,0,0,4.12938531538434
47,3,24,47_24,panelist,none,1,0,0,1,4.142941066809357
47,4,01,47_01,panelist,low,1,0,1,0,4.275721204591296
47,4,02,47_02,panelist,high,1,1,0,0,4.514085131133539
47,4,03,47_03,reviewer,med,0,0,0,0,3.955873899828239
47,4,04,47_04,panelist,none,1,0,0,1,4.255751573933611
47,4,05,47_05,panelist,med,1,0,0,0,4.093166610313552
47,4,06,47_06,panelist,low,1,0,1,0,4.321731659150787
47,4,07,47_07,panelist,high,1,1,0,0,4.142886532263463
47,4,08,47_08,panelist,none,1,0,0,1,4.753896941089032
47,4,09,47_09,panelist,med,1,0,0,0,4.678937857505719
47,4,10,47_10,panelist,none,1,0,0,1,4.549323507296776
47,4,11,47_11,panelist,med,1,0,0,0,4.18390427629166
47,4,12,47_12,panelist,high,1,1,0,0,3.9786273194350037
47,4,13,47_13,panelist,med,1,0,0,0,4.602253046108374
47,4,14,47_14,reviewer,high,0,1,0,0,3.9700563605806276
47,4,15,47_15,panelist,high,1,1,0,0,4.370645243930452
47,4,16,47_16,panelist,high,1,1,0,0,4.183320571824124
47,4,17,47_17,reviewer,med,0,0,0,0,4.101764312275195
47,4,18,47_18,panelist,med,1,0,0,0,4.3531142641318334
47,4,19,47_19,panelist,med,1,0,0,0,3.7206945069366295
47,4,20,47_20,panelist,med,1,0,0,0,4.198351895381169
47,4,21,47_21,panelist,low,1,0,1,0,4.595934592355692
47,4,22,47_22,panelist,med,1,0,0,0,4.7401338856780395
47,4,23,47_23,panelist,low,1,0,1,0,4.15483374691142
47,4,24,47_24,panelist,none,1,0,0,1,4.295438155811282
47,5,01,47_01,panelist,med,1,0,0,0,3.8052757198123754
47,5,02,47_02,panelist,none,1,0,0,1,4.8182730608344455
47,5,03,47_03,panelist,none,1,0,0,1,3.829214521153881
47,5,04,47_04,panelist,high,1,1,0,0,3.5417706112590532
47,5,05,47_05,panelist,high,1,1,0,0,3.6383741447951894
47,5,06,47_06,panelist,med,1,0,0,0,4.541333125260557
47,5,07,47_07,reviewer,med,0,0,0,0,3.7764679512198347
47,5,08,47_08,panelist,high,1,1,0,0,4.05938704181212
47,5,09,47_09,panelist,low,1,0,1,0,4.476605717214739
47,5,10,47_10,panelist,med,1,0,0,0,3.9011682255209648
47,5,11,47_11,reviewer,low,0,0,1,0,3.6902150000700016
47,5,12,47_12,reviewer,med,0,0,0,0,3.937194009497484
47,5,13,47_13,panelist,high,1,1,0,0,4.2042701567214875
47,5,14,47_14,panelist,none,1,0,0,1,3.828768476720431
47,5,15,47_15,panelist,high,1,1,0,0,3.7468087343286216
47,5,16,47_16,panelist,high,1,1,0,0,3.9089102691377495
47,5,17,47_17,panelist,low,1,0,1,0,4.351131488972998
47,5,18,47_18,panelist,med,1,0,0,0,3.9216511643066587
47,5,19,47_19,panelist,med,1,0,0,0,3.842754467163238
47,5,20,47_20,panelist,med,1,0,0,0,4.219610653044242
47,5,21,47_21,panelist,low,1,0,1,0,4.0282546506080745
47,5,22,47_22,panelist,med,1,0,0,0,4.1070433788971785
47,5,23,47_23,panelist,med,1,0,0,0,3.8113720767983827
47,5,24,47_24,panelist,none,1,0,0,1,3.7577221932289055
47,6,01,47_01,panelist,high,1,1,0,0,4.258575341292615
47,6,02,47_02,panelist,high,1,1,0,0,4.867335580045498
47,6,03,47_03,panelist,none,1,0,0,1,4.191420851590147
47,6,04,47_04,panelist,med,1,0,0,0,4.217423664760723
47,6,05,47_05,reviewer,med,0,0,0,0,3.8187199840580544
47,6,06,47_06,reviewer,none,0,0,0,1,4.341315651166821
47,6,07,47_07,panelist,none,1,0,0,1,4.632053410633308
47,6,08,47_08,panelist,med,1,0,0,0,4.537596985964328
47,6,09,47_09,panelist,med,1,0,0,0,4.724341105337761
47,6,10,47_10,panelist,low,1,0,1,0,4.475150619700985
47,6,11,47_11,panelist,med,1,0,0,0,4.273851751764696
47,6,12,47_12,panelist,none,1,0,0,1,4.455564940957815
47,6,13,47_13,panelist,high,1,1,0,0,4.551767772475909
47,6,14,47_14,panelist,med,1,0,0,0,4.354408495864402
47,6,15,47_15,reviewer,high,0,1,0,0,3.871827103710538
47,6,16,47_16,panelist,med,1,0,0,0,4.138521983526473
47,6,17,47_17,panelist,high,1,1,0,0,4.572314584351771
47,6,18,47_18,panelist,high,1,1,0,0,4.571845337708715
47,6,19,47_19,panelist,low,1,0,1,0,4.016231016720034
47,6,20,47_20,panelist,low,1,0,1,0,4.751613990440458
47,6,21,47_21,panelist,med,1,0,0,0,4.138564791262968
47,6,22,47_22,panelist,med,1,0,0,0,4.422413926261873
47,6,23,47_23,panelist,med,1,0,0,0,4.7871794893755695
47,6,24,47_24,panelist,low,1,0,1,0,4.648943884016857
47,7,01,47_01,panelist,low,1,0,1,0,4.534949961019192
47,7,02,47_02,panelist,med,1,0,0,0,4.7925295660037746
47,7,03,47_03,panelist,high,1,1,0,0,3.8799461323856064
47,7,04,47_04,panelist,low,1,0,1,0,4.007150650623553
47,7,05,47_05,panelist,none,1,0,0,1,4.378034874370555
47,7,06,47_06,panelist,none,1,0,0,1,4.736962787979524
47,7,07,47_07,panelist,none,1,0,0,1,4.443665504488099
47,7,08,47_08,reviewer,med,0,0,0,0,4.632454706898127
47,7,09,47_09,panelist,med,1,0,0,0,4.762795342340183
47,7,10,47_10,panelist,low,1,0,1,0,4.455551151820034
47,7,11,47_11,panelist,high,1,1,0,0,4.712567390741518
47,7,12,47_12,panelist,high,1,1,0,0,4.651351849664029
47,7,13,47_13,reviewer,med,0,0,0,0,4.448771030913419
47,7,14,47_14,panelist,med,1,0,0,0,4.779797901714887
47,7,15,47_15,panelist,med,1,0,0,0,4.8176666722111685
47,7,16,47_16,panelist,high,1,1,0,0,4.180562559792563
47,7,17,47_17,panelist,med,1,0,0,0,4.633762748604277
47,7,18,47_18,panelist,med,1,0,0,0,4.726689225608756
47,7,19,47_19,panelist,high,1,1,0,0,4.2851009202882056
47,7,20,47_20,panelist,none,1,0,0,1,4.723560850262715
47,7,21,47_21,panelist,med,1,0,0,0,4.593240980306206
47,7,22,47_22,panelist,high,1,1,0,0,4.426361505413679
47,7,23,47_23,reviewer,med,0,0,0,0,4.2961188911343164
47,7,24,47_24,panelist,low,1,0,1,0,4.629021271884778
47,8,01,47_01,panelist,med,1,0,0,0,3.780854286556733
47,8,02,47_02,panelist,high,1,1,0,0,4.2021008259591754
47,8,03,47_03,panelist,low,1,0,1,0,3.582007083445609
47,8,04,47_04,panelist,none,1,0,0,1,3.827863343514007
47,8,05,47_05,panelist,high,1,1,0,0,3.508178509630629
47,8,06,47_06,panelist,none,1,0,0,1,4.1301255292300825
47,8,07,47_07,panelist,high,1,1,0,0,3.837977684141452
47,8,08,47_08,panelist,med,1,0,0,0,4.043809637812586
47,8,09,47_09,panelist,none,1,0,0,1,4.276004709947518
47,8,10,47_10,panelist,med,1,0,0,0,3.6974343113518184
47,8,11,47_11,reviewer,med,0,0,0,0,3.5211110054241312
47,8,12,47_12,panelist,med,1,0,0,0,3.9046336296997657
47,8,13,47_13,panelist,med,1,0,0,0,4.269807232425484
47,8,14,47_14,reviewer,med,0,0,0,0,3.6749200332860226
47,8,15,47_15,panelist,high,1,1,0,0,3.6639411440962975
47,8,16,47_16,panelist,low,1,0,1,0,3.9510449745438665
47,8,17,47_17,panelist,high,1,1,0,0,3.752092882096041
47,8,18,47_18,panelist,med,1,0,0,0,3.5959812111641494
47,8,19,47_19,reviewer,med,0,0,0,0,3.5895691754708134
47,8,20,47_20,panelist,high,1,1,0,0,4.042231921262848
47,8,21,47_21,panelist,none,1,0,0,1,4.170416549243137
47,8,22,47_22,panelist,med,1,0,0,0,3.7587839549012063
47,8,23,47_23,panelist,low,1,0,1,0,3.9379420127604154
47,8,24,47_24,panelist,low,1,0,1,0,3.6871283096389313
47,9,01,47_01,panelist,high,1,1,0,0,4.3274938474832085
47,9,02,47_02,panelist,med,1,0,0,0,4.747352686562968
47,9,03,47_03,panelist,med,1,0,0,0,3.8367895041740474
47,9,04,47_04,panelist,med,1,0,0,0,4.221575166781681
47,9,05,47_05,panelist,none,1,0,0,1,4.452674784729788
47,9,06,47_06,panelist,high,1,1,0,0,4.712028452771422
47,9,07,47_07,panelist,med,1,0,0,0,4.416727793124937
47,9,08,47_08,panelist,med,1,0,0,0,4.675285357392397
47,9,09,47_09,panelist,med,1,0,0,0,4.891532357697114
47,9,10,47_10,panelist,med,1,0,0,0,4.462131540873808
47,9,11,47_11,panelist,none,1,0,0,1,4.654612452840837
47,9,12,47_12,reviewer,high,0,1,0,0,4.195444260523514
47,9,13,47_13,panelist,low,1,0,1,0,4.808979904290993
47,9,14,47_14,panelist,none,1,0,0,1,4.804933269448618
47,9,15,47_15,panelist,med,1,0,0,0,4.453062309760317
47,9,16,47_16,panelist,low,1,0,1,0,4.8252637672890195
47,9,17,47_17,panelist,low,1,0,1,0,4.581654538498007
47,9,18,47_18,panelist,high,1,1,0,0,4.70089735086463
47,9,19,47_19,panelist,low,1,0,1,0,4.10774237789044
47,9,20,47_20,reviewer,med,0,0,0,0,4.669977270702733
47,9,21,47_21,panelist,none,1,0,0,1,4.825978819960731
47,9,22,47_22,panelist,high,1,1,0,0,4.439973680740235
47,9,23,47_23,panelist,high,1,1,0,0,4.627519132113811
47,9,24,47_24,reviewer,med,0,0,0,0,3.8007714824926078
47,10,01,47_01,panelist,med,1,0,0,0,3.992910967047072
47,10,02,47_02,panelist,med,1,0,0,0,4.591666263460619
47,10,03,47_03,panelist,high,1,1,0,0,3.6255682703274132
47,10,04,47_04,panelist,high,1,1,0,0,3.581841518722325
47,10,05,47_05,panelist,med,1,0,0,0,3.999152802313188
47,10,06,47_06,panelist,none,1,0,0,1,4.327760461063192
47,10,07,47_07,panelist,none,1,0,0,1,4.036206492412529
47,10,08,47_08,panelist,low,1,0,1,0,4.216905092943214
47,10,09,47_09,panelist,high,1,1,0,0,4.550956419692744
47,10,10,47_10,panelist,med,1,0,0,0,4.68911798090654
47,10,11,47_11,panelist,med,1,0,0,0,3.7309716789575558
47,10,12,47_12,panelist,med,1,0,0,0,4.064351692042606
47,10,13,47_13,panelist,high,1,1,0,0,4.433778566448949
47,10,14,47_14,reviewer,med,0,0,0,0,3.981655792767401
47,10,15,47_15,panelist,none,1,0,0,1,3.9364955454151254
47,10,16,47_16,panelist,low,1,0,1,0,4.253656001870534
47,10,17,47_17,panelist,low,1,0,1,0,4.563941293383387
47,10,18,47_18,panelist,med,1,0,0,0,4.259381920984759
47,10,19,47_19,panelist,high,1,1,0,0,3.800088178082442
47,10,20,47_20,panelist,low,1,0,1,0,4.487975653712915
47,10,21,47_21,reviewer,high,0,1,0,0,4.0488672874414435
47,10,22,47_22,panelist,med,1,0,0,0,4.398269184256418
47,10,23,47_23,panelist,med,1,0,0,0,3.905017572173096
47,10,24,47_24,reviewer,none,0,0,0,1,3.8902209890196917
47,11,01,47_01,panelist,low,1,0,1,0,3.9503089147552597
47,11,02,47_02,panelist,med,1,0,0,0,4.157337417228874
47,11,03,47_03,panelist,med,1,0,0,0,3.7419882977217376
47,11,04,47_04,panelist,med,1,0,0,0,3.757001435534175
47,11,05,47_05,panelist,high,1,1,0,0,3.9620174222110993
47,11,06,47_06,reviewer,none,0,0,0,1,4.094994791763506
47,11,07,47_07,panelist,none,1,0,0,1,3.75641669673763
47,11,08,47_08,panelist,med,1,0,0,0,4.030902945537756
47,11,09,47_09,panelist,high,1,1,0,0,4.656856505497997
47,11,10,47_10,reviewer,high,0,1,0,0,3.5428906599427017
47,11,11,47_11,panelist,low,1,0,1,0,3.8305254616651556
47,11,12,47_12,panelist,high,1,1,0,0,4.013385482676144
47,11,13,47_13,panelist,low,1,0,1,0,4.5818756491159975
47,11,14,47_14,panelist,high,1,1,0,0,3.9272253264244448
47,11,15,47_15,reviewer,med,0,0,0,0,3.5786367648020274
47,11,16,47_16,panelist,none,1,0,0,1,4.371756358241234
47,11,17,47_17,panelist,med,1,0,0,0,4.1263847984768836
47,11,18,47_18,panelist,med,1,0,0,0,3.895069179020615
47,11,19,47_19,panelist,high,1,1,0,0,3.773738410829844
47,11,20,47_20,panelist,low,1,0,1,0,4.4897821407729905
47,11,21,47_21,panelist,med,1,0,0,0,4.13072567419974
47,11,22,47_22,panelist,med,1,0,0,0,3.772728888007366
47,11,23,47_23,panelist,none,1,0,0,1,4.34336325220134
47,11,24,47_24,panelist,med,1,0,0,0,3.6320384025886043
47,12,01,47_01,panelist,high,1,1,0,0,3.8030628133860054
47,12,02,47_02,panelist,med,1,0,0,0,4.12212136652948
47,12,03,47_03,reviewer,high,0,1,0,0,3.783335329526346
47,12,04,47_04,panelist,low,1,0,1,0,4.442986473146645
47,12,05,47_05,panelist,high,1,1,0,0,3.8210560682696433
47,12,06,47_06,panelist,low,1,0,1,0,4.744257789536352
47,12,07,47_07,panelist,low,1,0,1,0,3.927912330133259
47,12,08,47_08,panelist,high,1,1,0,0,3.761830795919321
47,12,09,47_09,panelist,med,1,0,0,0,4.728895273397873
47,12,10,47_10,panelist,high,1,1,0,0,4.098740267271083
47,12,11,47_11,panelist,med,1,0,0,0,3.6393375243200476
47,12,12,47_12,panelist,med,1,0,0,0,3.83265111614106
47,12,13,47_13,reviewer,med,0,0,0,0,4.157553970156357
47,12,14,47_14,panelist,none,1,0,0,1,4.750930166792245
47,12,15,47_15,panelist,med,1,0,0,0,4.082853113648585
47,12,16,47_16,panelist,med,1,0,0,0,4.394547964369082
47,12,17,47_17,panelist,low,1,0,1,0,4.133731493184145
47,12,18,47_18,panelist,none,1,0,0,1,4.427057766764366
47,12,19,47_19,panelist,med,1,0,0,0,3.8264978800573917
47,12,20,47_20,panelist,med,1,0,0,0,4.33088597326049
47,12,21,47_21,panelist,none,1,0,0,1,4.596931107055077
47,12,22,47_22,reviewer,med,0,0,0,0,3.992802169057567
47,12,23,47_23,panelist,none,1,0,0,1,4.4104426543408985
47,12,24,47_24,panelist,high,1,1,0,0,3.851256344022318
47,13,01,47_01,panelist,med,1,0,0,0,4.604173443917564
47,13,02,47_02,reviewer,med,0,0,0,0,4.6395612666664166
47,13,03,47_03,panelist,low,1,0,1,0,4.17945634409315
47,13,04,47_04,panelist,high,1,1,0,0,3.843413022428049
47,13,05,47_05,panelist,med,1,0,0,0,4.215341865497718
47,13,06,47_06,panelist,high,1,1,0,0,4.111968004844768
47,13,07,47_07,panelist,med,1,0,0,0,4.313217939161203
47,13,08,47_08,panelist,none,1,0,0,1,4.6676485491533555
47,13,09,47_09,panelist,med,1,0,0,0,4.370121797840535
47,13,10,47_10,panelist,none,1,0,0,1,4.334101467742828
47,13,11,47_11,panelist,med,1,0,0,0,3.8197731440305227
47,13,12,47_12,panelist,med,1,0,0,0,4.090718670566633
47,13,13,47_13,panelist,high,1,1,0,0,4.806864266756446
47,13,14,47_14,panelist,none,1,0,0,1,4.569024183872064
47,13,15,47_15,panelist,low,1,0,1,0,4.534879402491812
47,13,16,47_16,panelist,low,1,0,1,0,4.661438574609892
47,13,17,47_17,panelist,high,1,1,0,0,4.373255562235823
47,13,18,47_18,panelist,med,1,0,0,0,4.604677844914532
47,13,19,47_19,panelist,high,1,1,0,0,3.9200714370286067
47,13,20,47_20,panelist,high,1,1,0,0,4.4170970127641125
47,13,21,47_21,reviewer,none,0,0,0,1,4.572230778645313
47,13,22,47_22,reviewer,low,0,0,1,0,4.478870438966975
47,13,23,47_23,panelist,med,1,0,0,0,4.658420234299105
47,13,24,47_24,panelist,med,1,0,0,0,4.24740768050778
47,14,01,47_01,reviewer,none,0,0,0,1,4.298177253044701
47,14,02,47_02,panelist,none,1,0,0,1,4.563651744881979
47,14,03,47_03,reviewer,med,0,0,0,0,3.8023740683379095
47,14,04,47_04,reviewer,high,0,1,0,0,3.693817827181034
47,14,05,47_05,panelist,med,1,0,0,0,3.806962783610633
47,14,06,47_06,panelist,low,1,0,1,0,4.259834230677548
47,14,07,47_07,panelist,low,1,0,1,0,4.121047340466374
47,14,08,47_08,panelist,none,1,0,0,1,4.539778869035439
47,14,09,47_09,panelist,med,1,0,0,0,4.360354102570396
47,14,10,47_10,panelist,high,1,1,0,0,3.9537446134809766
47,14,11,47_11,panelist,high,1,1,0,0,3.7015442352484773
47,14,12,47_12,panelist,high,1,1,0,0,3.7055423614070486
47,14,13,47_13,panelist,med,1,0,0,0,4.341260407156695
47,14,14,47_14,panelist,med,1,0,0,0,4.488595788557964
47,14,15,47_15,panelist,low,1,0,1,0,4.182736446849365
47,14,16,47_16,panelist,med,1,0,0,0,4.044792690309388
47,14,17,47_17,panelist,low,1,0,1,0,3.7173648150863547
47,14,18,47_18,panelist,med,1,0,0,0,4.0676894509105574
47,14,19,47_19,panelist,med,1,0,0,0,3.910877106592958
47,14,20,47_20,panelist,high,1,1,0,0,3.951387303325419
47,14,21,47_21,panelist,med,1,0,0,0,4.079791845426113
47,14,22,47_22,panelist,none,1,0,0,1,4.261582285681392
47,14,23,47_23,panelist,high,1,1,0,0,4.025896028589484
47,14,24,47_24,panelist,med,1,0,0,0,3.8884458179348447
47,15,01,47_01,panelist,high,1,1,0,0,3.7237210824651235
47,15,02,47_02,panelist,med,1,0,0,0,4.129771787386542
47,15,03,47_03,panelist,high,1,1,0,0,3.5022958055061557
47,15,04,47_04,panelist,med,1,0,0,0,3.6092381284622577
47,15,05,47_05,panelist,low,1,0,1,0,3.7326994266587783
47,15,06,47_06,reviewer,high,0,1,0,0,3.8458221415896823
47,15,07,47_07,panelist,none,1,0,0,1,3.90845425386116
47,15,08,47_08,panelist,none,1,0,0,1,4.408540109951027
47,15,09,47_09,panelist,high,1,1,0,0,4.014214944828929
47,15,10,47_10,panelist,high,1,1,0,0,3.5555162191476346
47,15,11,47_11,panelist,med,1,0,0,0,3.5928200281963107
47,15,12,47_12,reviewer,med,0,0,0,0,3.5664533384124972
47,15,13,47_13,reviewer,low,0,0,1,0,3.932340423269732
47,15,14,47_14,panelist,none,1,0,0,1,3.9607701048245594
47,15,15,47_15,panelist,high,1,1,0,0,3.62553799094033
47,15,16,47_16,panelist,low,1,0,1,0,3.974130066708425
47,15,17,47_17,panelist,med,1,0,0,0,3.748896532146374
47,15,18,47_18,panelist,med,1,0,0,0,3.6474638771621697
47,15,19,47_19,panelist,med,1,0,0,0,3.6845163770211995
47,15,20,47_20,panelist,none,1,0,0,1,4.1044639716871005
47,15,21,47_21,panelist,med,1,0,0,0,3.7383153747199365
47,15,22,47_22,panelist,low,1,0,1,0,3.951937517686747
47,15,23,47_23,panelist,med,1,0,0,0,3.835802447111661
47,15,24,47_24,panelist,med,1,0,0,0,3.5816040829019453
48,1,01,48_01,panelist,none,1,0,0,1,4.071328008222821
48,1,02,48_02,panelist,none,1,0,0,1,4.709167812241895
48,1,03,48_03,reviewer,med,0,0,0,0,3.5162344859008576
48,1,04,48_04,reviewer,none,0,0,0,1,3.6798169129580267
48,1,05,48_05,panelist,high,1,1,0,0,3.7446571214100177
48,1,06,48_06,panelist,med,1,0,0,0,4.137804195662202
48,1,07,48_07,panelist,high,1,1,0,0,3.5760060271355716
48,1,08,48_08,panelist,med,1,0,0,0,3.6731417691759622
48,1,09,48_09,reviewer,low,0,0,1,0,4.1712249608415135
48,1,10,48_10,panelist,med,1,0,0,0,3.7818178060100136
48,1,11,48_11,panelist,med,1,0,0,0,3.553741278451805
48,1,12,48_12,panelist,high,1,1,0,0,4.061714615834919
48,1,13,48_13,panelist,med,1,0,0,0,4.081016495668199
48,1,14,48_14,panelist,med,1,0,0,0,4.249465224738224
48,1,15,48_15,panelist,low,1,0,1,0,4.003099922970927
48,1,16,48_16,panelist,low,1,0,1,0,4.283845553444856
48,1,17,48_17,panelist,med,1,0,0,0,3.9887345826225156
48,1,18,48_18,panelist,low,1,0,1,0,4.4098965591166825
48,1,19,48_19,panelist,med,1,0,0,0,3.867603273464838
48,1,20,48_20,panelist,none,1,0,0,1,4.224076409611405
48,1,21,48_21,panelist,high,1,1,0,0,3.8359684582523297
48,1,22,48_22,panelist,med,1,0,0,0,3.9430072332046926
48,1,23,48_23,panelist,high,1,1,0,0,4.026235625378539
48,1,24,48_24,panelist,high,1,1,0,0,3.976941623038409
48,2,01,48_01,panelist,none,1,0,0,1,3.9463266137429285
48,2,02,48_02,panelist,low,1,0,1,0,4.594528383134731
48,2,03,48_03,panelist,med,1,0,0,0,3.844116269406656
48,2,04,48_04,panelist,none,1,0,0,1,4.216390327786069
48,2,05,48_05,reviewer,med,0,0,0,0,4.019583800914899
48,2,06,48_06,panelist,high,1,1,0,0,4.056138429623188
48,2,07,48_07,reviewer,high,0,1,0,0,3.7214446187800987
48,2,08,48_08,panelist,high,1,1,0,0,4.055608455915958
48,2,09,48_09,panelist,none,1,0,0,1,4.899247381940952
48,2,10,48_10,panelist,high,1,1,0,0,3.8101529010515804
48,2,11,48_11,panelist,med,1,0,0,0,3.8189221702358163
48,2,12,48_12,panelist,low,1,0,1,0,3.740378784208313
48,2,13,48_13,panelist,med,1,0,0,0,4.5162442494654655
48,2,14,48_14,panelist,high,1,1,0,0,3.852270290933251
48,2,15,48_15,panelist,high,1,1,0,0,4.094892869176096
48,2,16,48_16,panelist,med,1,0,0,0,4.3684938183179085
48,2,17,48_17,panelist,low,1,0,1,0,4.304025018404634
48,2,18,48_18,panelist,med,1,0,0,0,4.218669944229546
48,2,19,48_19,panelist,med,1,0,0,0,3.9257625016772884
48,2,20,48_20,panelist,none,1,0,0,1,4.2328144254979465
48,2,21,48_21,panelist,med,1,0,0,0,4.275071539346902
48,2,22,48_22,panelist,med,1,0,0,0,4.175286034182234
48,2,23,48_23,panelist,med,1,0,0,0,4.332778588116182
48,2,24,48_24,reviewer,low,0,0,1,0,3.7591898910972508
48,3,01,48_01,panelist,med,1,0,0,0,3.8679818288632415
48,3,02,48_02,panelist,low,1,0,1,0,4.368085704988191
48,3,03,48_03,panelist,high,1,1,0,0,3.609609620511065
48,3,04,48_04,panelist,med,1,0,0,0,4.052465858016368
48,3,05,48_05,panelist,high,1,1,0,0,3.7058372232115797
48,3,06,48_06,reviewer,none,0,0,0,1,3.966532417987102
48,3,07,48_07,panelist,low,1,0,1,0,3.978154903496685
48,3,08,48_08,panelist,none,1,0,0,1,4.285668720067703
48,3,09,48_09,reviewer,high,0,1,0,0,4.187441326414693
48,3,10,48_10,panelist,med,1,0,0,0,3.81258466514619
48,3,11,48_11,panelist,low,1,0,1,0,3.512063602745039
48,3,12,48_12,panelist,med,1,0,0,0,3.8358875961552625
48,3,13,48_13,panelist,med,1,0,0,0,4.349694449095647
48,3,14,48_14,panelist,low,1,0,1,0,4.027016349958782
48,3,15,48_15,panelist,med,1,0,0,0,4.021247314410788
48,3,16,48_16,reviewer,high,0,1,0,0,3.793174703339892
48,3,17,48_17,panelist,high,1,1,0,0,3.760265510451683
48,3,18,48_18,panelist,none,1,0,0,1,4.422088189546619
48,3,19,48_19,panelist,med,1,0,0,0,3.634671767757583
48,3,20,48_20,panelist,high,1,1,0,0,3.863454171322703
48,3,21,48_21,panelist,med,1,0,0,0,4.315011567134303
48,3,22,48_22,panelist,med,1,0,0,0,4.076283527799892
48,3,23,48_23,panelist,none,1,0,0,1,4.297792716673499
48,3,24,48_24,panelist,med,1,0,0,0,3.651717025000984
48,4,01,48_01,panelist,med,1,0,0,0,3.86507258553283
48,4,02,48_02,reviewer,med,0,0,0,0,4.51421597087182
48,4,03,48_03,panelist,med,1,0,0,0,3.9683134156464503
48,4,04,48_04,panelist,high,1,1,0,0,4.078527476936624
48,4,05,48_05,panelist,low,1,0,1,0,4.016618803734957
48,4,06,48_06,panelist,low,1,0,1,0,4.615131668894003
48,4,07,48_07,panelist,none,1,0,0,1,4.080747112708191
48,4,08,48_08,panelist,high,1,1,0,0,3.8656521086805937
48,4,09,48_09,reviewer,none,0,0,0,1,4.384786292900077
48,4,10,48_10,panelist,none,1,0,0,1,4.346429798158949
48,4,11,48_11,panelist,high,1,1,0,0,3.8103075390374523
48,4,12,48_12,panelist,med,1,0,0,0,4.0184319449023
48,4,13,48_13,panelist,high,1,1,0,0,4.708230502902189
48,4,14,48_14,reviewer,med,0,0,0,0,4.2262651677434775
48,4,15,48_15,panelist,med,1,0,0,0,4.192145562971341
48,4,16,48_16,panelist,high,1,1,0,0,4.237068002563672
48,4,17,48_17,panelist,med,1,0,0,0,4.377206198596957
48,4,18,48_18,panelist,none,1,0,0,1,4.2910325889722625
48,4,19,48_19,panelist,low,1,0,1,0,3.93788179056446
48,4,20,48_20,panelist,high,1,1,0,0,4.466130198337216
48,4,21,48_21,panelist,med,1,0,0,0,4.235192137656718
48,4,22,48_22,panelist,med,1,0,0,0,4.319924734532651
48,4,23,48_23,panelist,med,1,0,0,0,4.056166722977636
48,4,24,48_24,panelist,low,1,0,1,0,4.065593460491532
48,5,01,48_01,panelist,med,1,0,0,0,3.6639208708437208
48,5,02,48_02,panelist,med,1,0,0,0,4.425962642769601
48,5,03,48_03,panelist,none,1,0,0,1,3.7159152317787307
48,5,04,48_04,panelist,high,1,1,0,0,3.6194829227499827
48,5,05,48_05,panelist,none,1,0,0,1,3.5653790165134596
48,5,06,48_06,panelist,med,1,0,0,0,3.9533214671437036
48,5,07,48_07,panelist,med,1,0,0,0,3.729157391002441
48,5,08,48_08,panelist,med,1,0,0,0,3.9254697230115863
48,5,09,48_09,panelist,low,1,0,1,0,4.312068184369148
48,5,10,48_10,panelist,none,1,0,0,1,4.133819105098519
48,5,11,48_11,reviewer,high,0,1,0,0,3.592108172135917
48,5,12,48_12,panelist,med,1,0,0,0,3.8063530429088503
48,5,13,48_13,panelist,high,1,1,0,0,4.243405522136681
48,5,14,48_14,panelist,low,1,0,1,0,4.006164397549832
48,5,15,48_15,panelist,none,1,0,0,1,4.175423368690786
48,5,16,48_16,reviewer,high,0,1,0,0,3.681433772106887
48,5,17,48_17,reviewer,med,0,0,0,0,3.914048405205363
48,5,18,48_18,panelist,high,1,1,0,0,4.022448662747117
48,5,19,48_19,panelist,low,1,0,1,0,3.585882481538363
48,5,20,48_20,panelist,low,1,0,1,0,4.0841966293222836
48,5,21,48_21,panelist,med,1,0,0,0,4.255366221184901
48,5,22,48_22,panelist,med,1,0,0,0,4.0540447606663745
48,5,23,48_23,panelist,high,1,1,0,0,3.924084040194591
48,5,24,48_24,panelist,med,1,0,0,0,3.862254361452824
48,6,01,48_01,reviewer,med,0,0,0,0,4.202696381753206
48,6,02,48_02,panelist,low,1,0,1,0,4.672147921556662
48,6,03,48_03,panelist,high,1,1,0,0,3.659607872596395
48,6,04,48_04,panelist,med,1,0,0,0,4.016097647594811
48,6,05,48_05,panelist,low,1,0,1,0,3.9030967196232007
48,6,06,48_06,panelist,med,1,0,0,0,4.612692153351563
48,6,07,48_07,panelist,med,1,0,0,0,3.861014270228849
48,6,08,48_08,panelist,med,1,0,0,0,4.289165279578518
48,6,09,48_09,panelist,med,1,0,0,0,4.756327856509799
48,6,10,48_10,panelist,low,1,0,1,0,4.4191607899299346
48,6,11,48_11,panelist,high,1,1,0,0,3.808569021104169
48,6,12,48_12,reviewer,high,0,1,0,0,3.644392314172713
48,6,13,48_13,panelist,med,1,0,0,0,4.715995863950498
48,6,14,48_14,panelist,none,1,0,0,1,4.661229644346995
48,6,15,48_15,panelist,none,1,0,0,1,4.5468094767370095
48,6,16,48_16,panelist,med,1,0,0,0,4.513548425205485
48,6,17,48_17,reviewer,none,0,0,0,1,4.517166193518589
48,6,18,48_18,panelist,high,1,1,0,0,4.197533501399243
48,6,19,48_19,panelist,med,1,0,0,0,3.9117329636347056
48,6,20,48_20,panelist,high,1,1,0,0,4.178792468647331
48,6,21,48_21,panelist,med,1,0,0,0,4.5428894133176705
48,6,22,48_22,panelist,none,1,0,0,1,4.5202273948234195
48,6,23,48_23,panelist,low,1,0,1,0,4.802877334691094
48,6,24,48_24,panelist,high,1,1,0,0,3.856583782307213
48,7,01,48_01,panelist,med,1,0,0,0,4.058204198761644
48,7,02,48_02,panelist,low,1,0,1,0,4.703965113260235
48,7,03,48_03,reviewer,med,0,0,0,0,4.060968343944795
48,7,04,48_04,panelist,high,1,1,0,0,3.951361646218943
48,7,05,48_05,panelist,med,1,0,0,0,4.215666056936063
48,7,06,48_06,panelist,med,1,0,0,0,4.413778691311519
48,7,07,48_07,panelist,high,1,1,0,0,4.432219017885322
48,7,08,48_08,panelist,med,1,0,0,0,4.551475361763522
48,7,09,48_09,panelist,none,1,0,0,1,4.780446006955306
48,7,10,48_10,panelist,high,1,1,0,0,4.135896009289308
48,7,11,48_11,panelist,high,1,1,0,0,4.139412322631428
48,7,12,48_12,panelist,med,1,0,0,0,4.1959492921126555
48,7,13,48_13,panelist,low,1,0,1,0,4.871718301472097
48,7,14,48_14,reviewer,low,0,0,1,0,4.518545685946457
48,7,15,48_15,panelist,med,1,0,0,0,4.5254159826514595
48,7,16,48_16,panelist,med,1,0,0,0,4.278689751261123
48,7,17,48_17,panelist,none,1,0,0,1,4.4202546633071025
48,7,18,48_18,panelist,med,1,0,0,0,4.393438017583282
48,7,19,48_19,panelist,high,1,1,0,0,4.102944397591715
48,7,20,48_20,panelist,high,1,1,0,0,4.129588019609041
48,7,21,48_21,reviewer,low,0,0,1,0,4.446487909832148
48,7,22,48_22,panelist,none,1,0,0,1,4.670414413564821
48,7,23,48_23,panelist,none,1,0,0,1,4.714663813167014
48,7,24,48_24,panelist,med,1,0,0,0,3.765098106265886
48,8,01,48_01,panelist,med,1,0,0,0,3.569669149927319
48,8,02,48_02,panelist,low,1,0,1,0,4.471610106493913
48,8,03,48_03,panelist,none,1,0,0,1,3.9273715030498053
48,8,04,48_04,panelist,none,1,0,0,1,4.2104222063489285
48,8,05,48_05,panelist,med,1,0,0,0,3.7979408529966814
48,8,06,48_06,panelist,none,1,0,0,1,4.280803149302652
48,8,07,48_07,panelist,med,1,0,0,0,3.6702398226745476
48,8,08,48_08,panelist,none,1,0,0,1,4.334191851554322
48,8,09,48_09,panelist,high,1,1,0,0,4.388984343596139
48,8,10,48_10,reviewer,med,0,0,0,0,3.6978272750337653
48,8,11,48_11,panelist,low,1,0,1,0,3.743395037323635
48,8,12,48_12,panelist,low,1,0,1,0,4.160032904757027
48,8,13,48_13,panelist,med,1,0,0,0,4.25002326731456
48,8,14,48_14,panelist,low,1,0,1,0,4.026636510310714
48,8,15,48_15,panelist,high,1,1,0,0,3.761999379951809
48,8,16,48_16,panelist,med,1,0,0,0,3.699657536073857
48,8,17,48_17,reviewer,med,0,0,0,0,3.5709075707134
48,8,18,48_18,panelist,high,1,1,0,0,3.675210533608489
48,8,19,48_19,panelist,med,1,0,0,0,3.621420978893127
48,8,20,48_20,panelist,high,1,1,0,0,4.026282450119242
48,8,21,48_21,panelist,high,1,1,0,0,3.7225286746955617
48,8,22,48_22,panelist,med,1,0,0,0,4.215645897255273
48,8,23,48_23,reviewer,med,0,0,0,0,3.8351255961882993
48,8,24,48_24,panelist,high,1,1,0,0,3.5334636315631416
48,9,01,48_01,panelist,high,1,1,0,0,4.362222073322288
48,9,02,48_02,panelist,med,1,0,0,0,4.467986360253027
48,9,03,48_03,reviewer,med,0,0,0,0,3.806279394541262
48,9,04,48_04,panelist,med,1,0,0,0,4.507543089523437
48,9,05,48_05,panelist,med,1,0,0,0,4.106938943667524
48,9,06,48_06,panelist,high,1,1,0,0,4.463091694767405
48,9,07,48_07,panelist,low,1,0,1,0,4.395986759652006
48,9,08,48_08,panelist,high,1,1,0,0,4.48521890430453
48,9,09,48_09,reviewer,none,0,0,0,1,4.7261257934485235
48,9,10,48_10,panelist,none,1,0,0,1,4.076573579157838
48,9,11,48_11,panelist,med,1,0,0,0,4.164823858847159
48,9,12,48_12,panelist,med,1,0,0,0,4.370248615398383
48,9,13,48_13,panelist,high,1,1,0,0,4.392715367250622
48,9,14,48_14,reviewer,high,0,1,0,0,4.059114548901329
48,9,15,48_15,panelist,none,1,0,0,1,4.267169016848558
48,9,16,48_16,panelist,low,1,0,1,0,4.403179585035953
48,9,17,48_17,panelist,low,1,0,1,0,4.334528691613172
48,9,18,48_18,panelist,med,1,0,0,0,4.331694138508675
48,9,19,48_19,panelist,med,1,0,0,0,4.1064479378627885
48,9,20,48_20,panelist,med,1,0,0,0,4.5767288038117835
48,9,21,48_21,panelist,high,1,1,0,0,4.30529652775615
48,9,22,48_22,panelist,med,1,0,0,0,4.505620374514046
48,9,23,48_23,panelist,low,1,0,1,0,4.572250533566811
48,9,24,48_24,panelist,none,1,0,0,1,4.49939513231187
48,10,01,48_01,panelist,med,1,0,0,0,3.6947435627071035
48,10,02,48_02,panelist,low,1,0,1,0,4.167629819168441
48,10,03,48_03,panelist,high,1,1,0,0,3.9873612983737368
48,10,04,48_04,panelist,none,1,0,0,1,4.015779071548025
48,10,05,48_05,panelist,high,1,1,0,0,3.816172850982421
48,10,06,48_06,reviewer,med,0,0,0,0,3.626481710732557
48,10,07,48_07,panelist,high,1,1,0,0,3.7930152436595717
48,10,08,48_08,panelist,med,1,0,0,0,4.081525506407802
48,10,09,48_09,panelist,med,1,0,0,0,4.64822087611787
48,10,10,48_10,panelist,med,1,0,0,0,4.2735167558813165
48,10,11,48_11,panelist,high,1,1,0,0,3.6126579781788775
48,10,12,48_12,panelist,none,1,0,0,1,4.0913565085250845
48,10,13,48_13,reviewer,high,0,1,0,0,4.209721072320953
48,10,14,48_14,reviewer,low,0,0,1,0,4.079832556196853
48,10,15,48_15,panelist,none,1,0,0,1,4.122842111526523
48,10,16,48_16,panelist,low,1,0,1,0,3.9148659717147396
48,10,17,48_17,panelist,med,1,0,0,0,3.897668375591634
48,10,18,48_18,panelist,none,1,0,0,1,4.430200453703865
48,10,19,48_19,panelist,med,1,0,0,0,3.5646639662654906
48,10,20,48_20,panelist,med,1,0,0,0,4.450663872230513
48,10,21,48_21,panelist,med,1,0,0,0,4.107326245672655
48,10,22,48_22,panelist,low,1,0,1,0,4.15545041617965
48,10,23,48_23,panelist,med,1,0,0,0,4.006371043100672
48,10,24,48_24,panelist,high,1,1,0,0,3.627233433728557
48,11,01,48_01,panelist,low,1,0,1,0,3.7790871443492846
48,11,02,48_02,panelist,med,1,0,0,0,3.9762661002462583
48,11,03,48_03,panelist,none,1,0,0,1,4.084760549217953
48,11,04,48_04,panelist,med,1,0,0,0,3.873183758439839
48,11,05,48_05,panelist,low,1,0,1,0,3.7927403374234396
48,11,06,48_06,panelist,low,1,0,1,0,4.32589325417352
48,11,07,48_07,panelist,high,1,1,0,0,3.632314588313964
48,11,08,48_08,panelist,med,1,0,0,0,4.021864602822101
48,11,09,48_09,reviewer,med,0,0,0,0,3.9842194848234684
48,11,10,48_10,panelist,med,1,0,0,0,3.543259819075135
48,11,11,48_11,panelist,none,1,0,0,1,3.604020599485076
48,11,12,48_12,panelist,med,1,0,0,0,3.719415643401789
48,11,13,48_13,reviewer,high,0,1,0,0,4.0674715735029965
48,11,14,48_14,panelist,high,1,1,0,0,3.7191439318319177
48,11,15,48_15,panelist,high,1,1,0,0,3.726127426079969
48,11,16,48_16,panelist,high,1,1,0,0,4.082432373422828
48,11,17,48_17,reviewer,med,0,0,0,0,3.806842735826425
48,11,18,48_18,panelist,med,1,0,0,0,4.003560582133024
48,11,19,48_19,panelist,none,1,0,0,1,3.963501306306833
48,11,20,48_20,panelist,high,1,1,0,0,3.898951283175845
48,11,21,48_21,panelist,med,1,0,0,0,4.024098404245037
48,11,22,48_22,panelist,med,1,0,0,0,4.046132537714137
48,11,23,48_23,panelist,low,1,0,1,0,4.308742502004071
48,11,24,48_24,panelist,none,1,0,0,1,4.067133293105708
48,12,01,48_01,panelist,low,1,0,1,0,4.054170376997455
48,12,02,48_02,panelist,high,1,1,0,0,4.369654247010458
48,12,03,48_03,panelist,med,1,0,0,0,3.8900633944580747
48,12,04,48_04,panelist,low,1,0,1,0,3.9998781135082315
48,12,05,48_05,panelist,med,1,0,0,0,3.662991542620426
48,12,06,48_06,panelist,high,1,1,0,0,3.8905568450288928
48,12,07,48_07,panelist,none,1,0,0,1,4.051787797879981
48,12,08,48_08,panelist,high,1,1,0,0,4.1518138859817775
48,12,09,48_09,panelist,none,1,0,0,1,4.475067097909702
48,12,10,48_10,panelist,low,1,0,1,0,4.212211883386764
48,12,11,48_11,panelist,med,1,0,0,0,3.8325502068037265
48,12,12,48_12,panelist,high,1,1,0,0,3.7171094045743027
48,12,13,48_13,panelist,none,1,0,0,1,4.403707047063137
48,12,14,48_14,panelist,med,1,0,0,0,4.032562598309279
48,12,15,48_15,panelist,med,1,0,0,0,3.952559297751864
48,12,16,48_16,reviewer,low,0,0,1,0,3.765059700439842
48,12,17,48_17,panelist,med,1,0,0,0,3.9428449074499388
48,12,18,48_18,panelist,med,1,0,0,0,4.264621618576797
48,12,19,48_19,panelist,med,1,0,0,0,3.54125848993445
48,12,20,48_20,panelist,high,1,1,0,0,4.059352275383991
48,12,21,48_21,reviewer,none,0,0,0,1,4.1381040990471005
48,12,22,48_22,panelist,high,1,1,0,0,3.9072330759001317
48,12,23,48_23,panelist,med,1,0,0,0,3.8948253814154876
48,12,24,48_24,reviewer,med,0,0,0,0,3.699463787757935
48,13,01,48_01,reviewer,med,0,0,0,0,3.9347214447916015
48,13,02,48_02,panelist,med,1,0,0,0,4.423328469656297
48,13,03,48_03,panelist,med,1,0,0,0,4.082299271451018
48,13,04,48_04,panelist,low,1,0,1,0,3.889783157855962
48,13,05,48_05,panelist,high,1,1,0,0,3.858577060622996
48,13,06,48_06,panelist,none,1,0,0,1,4.787140554073685
48,13,07,48_07,panelist,none,1,0,0,1,4.095387239539729
48,13,08,48_08,panelist,med,1,0,0,0,4.408678732950922
48,13,09,48_09,reviewer,med,0,0,0,0,4.473184408819211
48,13,10,48_10,panelist,high,1,1,0,0,4.426892049395953
48,13,11,48_11,panelist,low,1,0,1,0,3.8891400461378582
48,13,12,48_12,panelist,high,1,1,0,0,4.139228071640393
48,13,13,48_13,panelist,med,1,0,0,0,4.816014035470287
48,13,14,48_14,panelist,low,1,0,1,0,4.353803056532567
48,13,15,48_15,reviewer,none,0,0,0,1,4.51363843818403
48,13,16,48_16,panelist,med,1,0,0,0,4.142630722625108
48,13,17,48_17,panelist,low,1,0,1,0,4.370146018856766
48,13,18,48_18,panelist,high,1,1,0,0,3.9315686825365845
48,13,19,48_19,panelist,high,1,1,0,0,3.8989342031720424
48,13,20,48_20,panelist,med,1,0,0,0,4.396911153673832
48,13,21,48_21,panelist,med,1,0,0,0,4.590807839423379
48,13,22,48_22,panelist,none,1,0,0,1,4.617704256922115
48,13,23,48_23,panelist,med,1,0,0,0,4.7104909083205895
48,13,24,48_24,panelist,high,1,1,0,0,3.955292752966626
48,14,01,48_01,panelist,high,1,1,0,0,4.401382808835043
48,14,02,48_02,panelist,med,1,0,0,0,4.7781229757504065
48,14,03,48_03,panelist,none,1,0,0,1,4.00697673514429
48,14,04,48_04,panelist,med,1,0,0,0,3.62765456650008
48,14,05,48_05,panelist,med,1,0,0,0,3.5122039323913032
48,14,06,48_06,panelist,high,1,1,0,0,4.016428807930705
48,14,07,48_07,reviewer,none,0,0,0,1,3.7283011988704
48,14,08,48_08,panelist,low,1,0,1,0,3.9440325954750444
48,14,09,48_09,panelist,med,1,0,0,0,4.701926166689259
48,14,10,48_10,panelist,high,1,1,0,0,4.151746816090823
48,14,11,48_11,panelist,med,1,0,0,0,3.688495847504997
48,14,12,48_12,panelist,med,1,0,0,0,3.8526794512966425
48,14,13,48_13,panelist,none,1,0,0,1,4.515775916420612
48,14,14,48_14,panelist,med,1,0,0,0,4.192058160378076
48,14,15,48_15,panelist,high,1,1,0,0,3.999323965413295
48,14,16,48_16,reviewer,none,0,0,0,1,3.8527139847035303
48,14,17,48_17,reviewer,med,0,0,0,0,3.9562874405107196
48,14,18,48_18,panelist,low,1,0,1,0,4.551580468093128
48,14,19,48_19,panelist,low,1,0,1,0,4.150887742575677
48,14,20,48_20,panelist,med,1,0,0,0,4.347969394534114
48,14,21,48_21,panelist,high,1,1,0,0,3.6082426020091587
48,14,22,48_22,panelist,high,1,1,0,0,4.308111737480587
48,14,23,48_23,panelist,low,1,0,1,0,4.257447761081219
48,14,24,48_24,panelist,med,1,0,0,0,3.821769907193768
48,15,01,48_01,panelist,med,1,0,0,0,3.6368757648412413
48,15,02,48_02,panelist,low,1,0,1,0,4.600298319835354
48,15,03,48_03,panelist,none,1,0,0,1,3.7416064939792806
48,15,04,48_04,panelist,none,1,0,0,1,3.5386665044676477
48,15,05,48_05,panelist,low,1,0,1,0,3.678548701373325
48,15,06,48_06,panelist,none,1,0,0,1,3.8492080284370807
48,15,07,48_07,panelist,med,1,0,0,0,3.5161731661660576
48,15,08,48_08,panelist,high,1,1,0,0,3.5022060944850053
48,15,09,48_09,panelist,none,1,0,0,1,4.371256875672118
48,15,10,48_10,panelist,high,1,1,0,0,3.594586605627388
48,15,11,48_11,panelist,med,1,0,0,0,3.5962693352026047
48,15,12,48_12,reviewer,med,0,0,0,0,3.605021977732742
48,15,13,48_13,panelist,med,1,0,0,0,3.9463787933830807
48,15,14,48_14,panelist,low,1,0,1,0,3.943319211529221
48,15,15,48_15,panelist,med,1,0,0,0,3.673819397985807
48,15,16,48_16,reviewer,med,0,0,0,0,3.6851377705113437
48,15,17,48_17,panelist,med,1,0,0,0,3.72530695951377
48,15,18,48_18,reviewer,high,0,1,0,0,3.7208562933324973
48,15,19,48_19,panelist,med,1,0,0,0,3.56771094256675
48,15,20,48_20,panelist,low,1,0,1,0,3.934485661820842
48,15,21,48_21,panelist,high,1,1,0,0,3.8974163054265016
48,15,22,48_22,panelist,high,1,1,0,0,3.6386421023811724
48,15,23,48_23,panelist,med,1,0,0,0,4.010098570683865
48,15,24,48_24,panelist,high,1,1,0,0,3.561904308704404
49,1,01,49_01,reviewer,low,0,0,1,0,3.700805586034665
49,1,02,49_02,reviewer,med,0,0,0,0,4.869248326191833
49,1,03,49_03,panelist,high,1,1,0,0,3.5530893897711118
49,1,04,49_04,panelist,med,1,0,0,0,4.090576640724676
49,1,05,49_05,panelist,high,1,1,0,0,3.7476987616832784
49,1,06,49_06,panelist,high,1,1,0,0,4.277177082079925
49,1,07,49_07,panelist,med,1,0,0,0,4.024396376771381
49,1,08,49_08,panelist,high,1,1,0,0,4.739853603826629
49,1,09,49_09,panelist,low,1,0,1,0,4.563974018669488
49,1,10,49_10,panelist,none,1,0,0,1,4.532765575141619
49,1,11,49_11,panelist,none,1,0,0,1,4.067802181388173
49,1,12,49_12,panelist,med,1,0,0,0,4.291027107245444
49,1,13,49_13,panelist,med,1,0,0,0,4.588330973913391
49,1,14,49_14,panelist,high,1,1,0,0,3.9390366019483456
49,1,15,49_15,panelist,none,1,0,0,1,4.317563789680308
49,1,16,49_16,panelist,none,1,0,0,1,4.126002901785706
49,1,17,49_17,panelist,med,1,0,0,0,4.425519671066406
49,1,18,49_18,panelist,low,1,0,1,0,4.608326739026304
49,1,19,49_19,reviewer,high,0,1,0,0,3.7784510327573253
49,1,20,49_20,panelist,med,1,0,0,0,3.8511148268827906
49,1,21,49_21,panelist,low,1,0,1,0,4.423632756915225
49,1,22,49_22,panelist,med,1,0,0,0,4.7162607819355165
49,1,23,49_23,panelist,med,1,0,0,0,4.415231371528256
49,1,24,49_24,panelist,med,1,0,0,0,3.7913582732672273
49,2,01,49_01,reviewer,med,0,0,0,0,3.6381541512326496
49,2,02,49_02,panelist,low,1,0,1,0,4.836902191624922
49,2,03,49_03,panelist,high,1,1,0,0,4.191380335257892
49,2,04,49_04,panelist,low,1,0,1,0,3.9869777631007133
49,2,05,49_05,panelist,none,1,0,0,1,4.261665358896644
49,2,06,49_06,panelist,med,1,0,0,0,4.412849066832186
49,2,07,49_07,panelist,med,1,0,0,0,4.279971554322087
49,2,08,49_08,panelist,med,1,0,0,0,4.778592708361004
49,2,09,49_09,panelist,med,1,0,0,0,4.835998707756517
49,2,10,49_10,panelist,none,1,0,0,1,4.187568340999228
49,2,11,49_11,panelist,none,1,0,0,1,4.426141304856402
49,2,12,49_12,panelist,high,1,1,0,0,4.1739446225753625
49,2,13,49_13,panelist,high,1,1,0,0,4.593496120966825
49,2,14,49_14,panelist,med,1,0,0,0,4.188702477845765
49,2,15,49_15,panelist,med,1,0,0,0,3.9813596268662153
49,2,16,49_16,reviewer,low,0,0,1,0,4.066554187680702
49,2,17,49_17,panelist,med,1,0,0,0,4.692819176178647
49,2,18,49_18,panelist,high,1,1,0,0,4.436873094289072
49,2,19,49_19,panelist,high,1,1,0,0,3.908953506184972
49,2,20,49_20,reviewer,low,0,0,1,0,4.39415115295955
49,2,21,49_21,panelist,none,1,0,0,1,3.924071225918477
49,2,22,49_22,panelist,high,1,1,0,0,4.290314927967235
49,2,23,49_23,panelist,med,1,0,0,0,4.4646635284510925
49,2,24,49_24,panelist,med,1,0,0,0,4.057910068185195
49,3,01,49_01,reviewer,low,0,0,1,0,3.831048308998825
49,3,02,49_02,panelist,high,1,1,0,0,4.273991735399728
49,3,03,49_03,panelist,med,1,0,0,0,3.830087080444358
49,3,04,49_04,reviewer,med,0,0,0,0,4.008880786699523
49,3,05,49_05,panelist,med,1,0,0,0,3.986171836096377
49,3,06,49_06,panelist,high,1,1,0,0,4.790407166813795
49,3,07,49_07,panelist,high,1,1,0,0,3.730600704256546
49,3,08,49_08,panelist,high,1,1,0,0,4.2420979761027615
49,3,09,49_09,panelist,low,1,0,1,0,4.60152417043972
49,3,10,49_10,panelist,high,1,1,0,0,4.165695257042656
49,3,11,49_11,panelist,none,1,0,0,1,4.224148549760361
49,3,12,49_12,panelist,none,1,0,0,1,4.443706139743878
49,3,13,49_13,panelist,med,1,0,0,0,4.499432816618708
49,3,14,49_14,panelist,none,1,0,0,1,4.280717541993382
49,3,15,49_15,panelist,med,1,0,0,0,4.266398364892383
49,3,16,49_16,panelist,high,1,1,0,0,4.421494445404408
49,3,17,49_17,panelist,low,1,0,1,0,4.2332725003005915
49,3,18,49_18,panelist,med,1,0,0,0,4.243860897186812
49,3,19,49_19,panelist,med,1,0,0,0,3.922637179673199
49,3,20,49_20,reviewer,none,0,0,0,1,4.222617910087188
49,3,21,49_21,panelist,med,1,0,0,0,4.696054917012084
49,3,22,49_22,panelist,med,1,0,0,0,4.292733961640669
49,3,23,49_23,panelist,low,1,0,1,0,4.852620230272637
49,3,24,49_24,panelist,med,1,0,0,0,4.098713316128161
49,4,01,49_01,panelist,high,1,1,0,0,4.317985013698506
49,4,02,49_02,panelist,high,1,1,0,0,4.694837080358312
49,4,03,49_03,reviewer,none,0,0,0,1,4.005373024815285
49,4,04,49_04,panelist,low,1,0,1,0,4.200333700750837
49,4,05,49_05,panelist,high,1,1,0,0,3.8696946740576204
49,4,06,49_06,panelist,high,1,1,0,0,4.3782032201766015
49,4,07,49_07,panelist,med,1,0,0,0,4.540513455343772
49,4,08,49_08,panelist,high,1,1,0,0,4.0266734146524
49,4,09,49_09,panelist,low,1,0,1,0,4.657709606109801
49,4,10,49_10,panelist,med,1,0,0,0,4.300428422211687
49,4,11,49_11,panelist,none,1,0,0,1,4.311433548146079
49,4,12,49_12,reviewer,none,0,0,0,1,4.539521492672774
49,4,13,49_13,reviewer,med,0,0,0,0,4.775311091439984
49,4,14,49_14,panelist,med,1,0,0,0,4.108371508870794
49,4,15,49_15,panelist,high,1,1,0,0,4.27733987771127
49,4,16,49_16,panelist,med,1,0,0,0,4.66452652312517
49,4,17,49_17,panelist,low,1,0,1,0,4.567123804475689
49,4,18,49_18,panelist,med,1,0,0,0,4.450481675885189
49,4,19,49_19,panelist,med,1,0,0,0,4.044321918670677
49,4,20,49_20,panelist,low,1,0,1,0,4.281912952270068
49,4,21,49_21,panelist,med,1,0,0,0,4.703421301763564
49,4,22,49_22,panelist,med,1,0,0,0,4.467345012731333
49,4,23,49_23,panelist,none,1,0,0,1,4.420234466879698
49,4,24,49_24,panelist,med,1,0,0,0,3.9120014303092794
49,5,01,49_01,panelist,high,1,1,0,0,3.606562610762099
49,5,02,49_02,panelist,none,1,0,0,1,4.60824847876029
49,5,03,49_03,panelist,none,1,0,0,1,3.807313250725912
49,5,04,49_04,panelist,med,1,0,0,0,3.8130929509625995
49,5,05,49_05,panelist,low,1,0,1,0,4.278418458747461
49,5,06,49_06,panelist,med,1,0,0,0,4.476271557328071
49,5,07,49_07,panelist,high,1,1,0,0,4.1628953068724766
49,5,08,49_08,panelist,low,1,0,1,0,4.503224744375425
49,5,09,49_09,panelist,low,1,0,1,0,4.661771016119768
49,5,10,49_10,reviewer,med,0,0,0,0,3.7491376339764257
49,5,11,49_11,panelist,high,1,1,0,0,3.745982738270112
49,5,12,49_12,panelist,med,1,0,0,0,4.168584362614154
49,5,13,49_13,panelist,none,1,0,0,1,4.494264958991608
49,5,14,49_14,panelist,low,1,0,1,0,3.816632203331738
49,5,15,49_15,panelist,med,1,0,0,0,4.002870293433957
49,5,16,49_16,reviewer,med,0,0,0,0,4.060964362435556
49,5,17,49_17,panelist,med,1,0,0,0,4.215201617705729
49,5,18,49_18,panelist,high,1,1,0,0,3.6649652757377154
49,5,19,49_19,panelist,high,1,1,0,0,4.0469610552200495
49,5,20,49_20,panelist,med,1,0,0,0,3.9957412744604515
49,5,21,49_21,reviewer,med,0,0,0,0,3.9059551081274044
49,5,22,49_22,panelist,high,1,1,0,0,4.128554589745697
49,5,23,49_23,panelist,none,1,0,0,1,4.446879616388749
49,5,24,49_24,panelist,med,1,0,0,0,3.732101667468948
49,6,01,49_01,panelist,med,1,0,0,0,4.7477655906349865
49,6,02,49_02,panelist,med,1,0,0,0,4.48788308059936
49,6,03,49_03,panelist,high,1,1,0,0,4.1154680408821465
49,6,04,49_04,panelist,med,1,0,0,0,4.164223470454751
49,6,05,49_05,panelist,none,1,0,0,1,4.762357350697167
49,6,06,49_06,reviewer,low,0,0,1,0,4.407763695342664
49,6,07,49_07,panelist,high,1,1,0,0,3.9420130806102005
49,6,08,49_08,panelist,high,1,1,0,0,4.6668549420757035
49,6,09,49_09,reviewer,med,0,0,0,0,4.854746043017211
49,6,10,49_10,panelist,med,1,0,0,0,4.414456214176591
49,6,11,49_11,reviewer,none,0,0,0,1,3.8216008607263956
49,6,12,49_12,panelist,low,1,0,1,0,4.2318309031797074
49,6,13,49_13,panelist,low,1,0,1,0,4.690237402285876
49,6,14,49_14,panelist,med,1,0,0,0,4.01807833847724
49,6,15,49_15,panelist,none,1,0,0,1,4.451838373681621
49,6,16,49_16,panelist,low,1,0,1,0,4.786990695085465
49,6,17,49_17,panelist,med,1,0,0,0,4.454391848279241
49,6,18,49_18,panelist,high,1,1,0,0,4.611776244409033
49,6,19,49_19,panelist,med,1,0,0,0,4.290684851162971
49,6,20,49_20,panelist,high,1,1,0,0,4.483551590487061
49,6,21,49_21,panelist,none,1,0,0,1,4.70631334739087
49,6,22,49_22,panelist,med,1,0,0,0,4.534228496458865
49,6,23,49_23,panelist,med,1,0,0,0,4.671792631498053
49,6,24,49_24,panelist,high,1,1,0,0,4.212894688773482
49,7,01,49_01,panelist,high,1,1,0,0,4.1603657483264
49,7,02,49_02,panelist,low,1,0,1,0,4.8119209149408295
49,7,03,49_03,panelist,high,1,1,0,0,4.274322433219244
49,7,04,49_04,panelist,med,1,0,0,0,4.364425062107602
49,7,05,49_05,panelist,low,1,0,1,0,4.3309039069884525
49,7,06,49_06,panelist,med,1,0,0,0,4.7618650355271575
49,7,07,49_07,reviewer,low,0,0,1,0,4.3632457868658365
49,7,08,49_08,panelist,high,1,1,0,0,4.735285930055097
49,7,09,49_09,panelist,med,1,0,0,0,4.853848928550579
49,7,10,49_10,panelist,high,1,1,0,0,4.880191561632336
49,7,11,49_11,panelist,med,1,0,0,0,4.668032841133213
49,7,12,49_12,panelist,med,1,0,0,0,4.72946162426541
49,7,13,49_13,panelist,none,1,0,0,1,4.863781336977648
49,7,14,49_14,panelist,none,1,0,0,1,4.785312406604647
49,7,15,49_15,panelist,high,1,1,0,0,4.685553651763153
49,7,16,49_16,reviewer,med,0,0,0,0,4.520099108741148
49,7,17,49_17,panelist,low,1,0,1,0,4.565498500107701
49,7,18,49_18,panelist,med,1,0,0,0,4.721993554522779
49,7,19,49_19,reviewer,none,0,0,0,1,4.166331618055532
49,7,20,49_20,panelist,none,1,0,0,1,4.579841469714979
49,7,21,49_21,panelist,med,1,0,0,0,4.602688006953507
49,7,22,49_22,panelist,med,1,0,0,0,4.582868368292946
49,7,23,49_23,panelist,high,1,1,0,0,4.692490102393669
49,7,24,49_24,panelist,med,1,0,0,0,4.2471054980350385
49,8,01,49_01,panelist,med,1,0,0,0,3.8119950287329667
49,8,02,49_02,panelist,none,1,0,0,1,4.492360840042359
49,8,03,49_03,panelist,low,1,0,1,0,3.7720616966564644
49,8,04,49_04,panelist,high,1,1,0,0,3.6534152200199617
49,8,05,49_05,panelist,high,1,1,0,0,3.7040372921982323
49,8,06,49_06,reviewer,med,0,0,0,0,4.189363289290348
49,8,07,49_07,panelist,none,1,0,0,1,3.8248132502872623
49,8,08,49_08,reviewer,med,0,0,0,0,3.8351088759407252
49,8,09,49_09,panelist,none,1,0,0,1,4.5736200118751675
49,8,10,49_10,panelist,high,1,1,0,0,4.086263036531816
49,8,11,49_11,panelist,high,1,1,0,0,3.764946250968022
49,8,12,49_12,panelist,low,1,0,1,0,4.114197449263572
49,8,13,49_13,panelist,low,1,0,1,0,4.1460080376164585
49,8,14,49_14,panelist,med,1,0,0,0,3.821075982206443
49,8,15,49_15,reviewer,none,0,0,0,1,3.9051537710530466
49,8,16,49_16,panelist,high,1,1,0,0,3.998834401131647
49,8,17,49_17,panelist,low,1,0,1,0,4.152800151862217
49,8,18,49_18,panelist,high,1,1,0,0,3.997826205311814
49,8,19,49_19,panelist,med,1,0,0,0,3.6913122972038455
49,8,20,49_20,panelist,med,1,0,0,0,4.021001133257974
49,8,21,49_21,panelist,med,1,0,0,0,3.9088185259073294
49,8,22,49_22,panelist,med,1,0,0,0,3.929927269088767
49,8,23,49_23,panelist,med,1,0,0,0,4.308493330926838
49,8,24,49_24,panelist,med,1,0,0,0,3.62062471977656
49,9,01,49_01,panelist,med,1,0,0,0,4.525063962063065
49,9,02,49_02,panelist,med,1,0,0,0,4.679611233408063
49,9,03,49_03,panelist,low,1,0,1,0,4.038377467131249
49,9,04,49_04,panelist,high,1,1,0,0,4.241689961169626
49,9,05,49_05,reviewer,none,0,0,0,1,4.377277720823258
49,9,06,49_06,panelist,med,1,0,0,0,4.610902836593403
49,9,07,49_07,reviewer,high,0,1,0,0,3.817644744003648
49,9,08,49_08,panelist,med,1,0,0,0,4.862447488449032
49,9,09,49_09,panelist,med,1,0,0,0,4.777721953726704
49,9,10,49_10,panelist,none,1,0,0,1,4.8817780560918225
49,9,11,49_11,panelist,med,1,0,0,0,3.8564177533445516
49,9,12,49_12,panelist,med,1,0,0,0,4.675005433406519
49,9,13,49_13,panelist,low,1,0,1,0,4.854895970774169
49,9,14,49_14,panelist,high,1,1,0,0,4.486188056750927
49,9,15,49_15,panelist,high,1,1,0,0,4.275491962043736
49,9,16,49_16,panelist,med,1,0,0,0,4.657316327310648
49,9,17,49_17,panelist,low,1,0,1,0,4.678029233100938
49,9,18,49_18,panelist,high,1,1,0,0,4.605460002943121
49,9,19,49_19,panelist,high,1,1,0,0,3.9570987425978132
49,9,20,49_20,panelist,none,1,0,0,1,4.574460933812436
49,9,21,49_21,panelist,med,1,0,0,0,4.723137740814087
49,9,22,49_22,reviewer,low,0,0,1,0,4.351789767300444
49,9,23,49_23,panelist,med,1,0,0,0,4.893363223656383
49,9,24,49_24,panelist,none,1,0,0,1,4.481413838272005
49,10,01,49_01,panelist,none,1,0,0,1,4.0572126487721345
49,10,02,49_02,panelist,none,1,0,0,1,4.883407643160964
49,10,03,49_03,panelist,high,1,1,0,0,3.6181847236199105
49,10,04,49_04,panelist,med,1,0,0,0,3.8100256427431582
49,10,05,49_05,panelist,none,1,0,0,1,3.836652095318665
49,10,06,49_06,reviewer,med,0,0,0,0,4.518752013070291
49,10,07,49_07,panelist,none,1,0,0,1,4.18710459915773
49,10,08,49_08,panelist,med,1,0,0,0,4.5750461706740655
49,10,09,49_09,panelist,low,1,0,1,0,4.64331911942062
49,10,10,49_10,reviewer,med,0,0,0,0,4.128088963613653
49,10,11,49_11,panelist,high,1,1,0,0,3.5874462777960963
49,10,12,49_12,panelist,low,1,0,1,0,4.239260870061379
49,10,13,49_13,panelist,med,1,0,0,0,4.461226026063888
49,10,14,49_14,panelist,high,1,1,0,0,4.071445212827638
49,10,15,49_15,panelist,low,1,0,1,0,4.3137716457806805
49,10,16,49_16,panelist,med,1,0,0,0,3.8010452759888462
49,10,17,49_17,panelist,med,1,0,0,0,4.630258085406062
49,10,18,49_18,panelist,low,1,0,1,0,4.351518626241256
49,10,19,49_19,panelist,med,1,0,0,0,3.9271622688237295
49,10,20,49_20,panelist,high,1,1,0,0,3.9534397799715397
49,10,21,49_21,panelist,med,1,0,0,0,4.2519098973375895
49,10,22,49_22,panelist,high,1,1,0,0,3.965808630772299
49,10,23,49_23,reviewer,high,0,1,0,0,4.386275813333394
49,10,24,49_24,panelist,med,1,0,0,0,3.9331523417757874
49,11,01,49_01,panelist,none,1,0,0,1,4.203614042495078
49,11,02,49_02,panelist,high,1,1,0,0,4.242008861384957
49,11,03,49_03,panelist,med,1,0,0,0,3.862512881756568
49,11,04,49_04,reviewer,none,0,0,0,1,4.0266957322811745
49,11,05,49_05,panelist,med,1,0,0,0,3.876350281540471
49,11,06,49_06,panelist,med,1,0,0,0,4.485236053511925
49,11,07,49_07,panelist,high,1,1,0,0,3.656510238989313
49,11,08,49_08,panelist,med,1,0,0,0,4.3331297123560795
49,11,09,49_09,panelist,med,1,0,0,0,4.289427301709182
49,11,10,49_10,reviewer,none,0,0,0,1,3.79611615893988
49,11,11,49_11,panelist,low,1,0,1,0,3.6633943837765486
49,11,12,49_12,panelist,med,1,0,0,0,4.229358341750188
49,11,13,49_13,panelist,low,1,0,1,0,4.351166192129825
49,11,14,49_14,reviewer,high,0,1,0,0,4.116929212292744
49,11,15,49_15,panelist,high,1,1,0,0,4.480094248345954
49,11,16,49_16,panelist,med,1,0,0,0,4.1552444349905
49,11,17,49_17,panelist,low,1,0,1,0,4.465058646712086
49,11,18,49_18,panelist,med,1,0,0,0,4.3084193660815115
49,11,19,49_19,panelist,med,1,0,0,0,4.117108435422
49,11,20,49_20,panelist,high,1,1,0,0,4.1167116042224166
49,11,21,49_21,panelist,none,1,0,0,1,4.441021307505454
49,11,22,49_22,panelist,low,1,0,1,0,4.048411768978474
49,11,23,49_23,panelist,high,1,1,0,0,4.0944781162702055
49,11,24,49_24,panelist,med,1,0,0,0,4.009073859898428
49,12,01,49_01,reviewer,low,0,0,1,0,3.917990176919977
49,12,02,49_02,panelist,high,1,1,0,0,4.79060651803026
49,12,03,49_03,panelist,med,1,0,0,0,4.024124210801007
49,12,04,49_04,panelist,med,1,0,0,0,3.82827004255721
49,12,05,49_05,panelist,med,1,0,0,0,4.127797360259185
49,12,06,49_06,panelist,med,1,0,0,0,4.059184064192751
49,12,07,49_07,panelist,med,1,0,0,0,4.225516339698831
49,12,08,49_08,panelist,high,1,1,0,0,4.3143109136658415
49,12,09,49_09,panelist,med,1,0,0,0,4.649981749782701
49,12,10,49_10,panelist,low,1,0,1,0,4.202852738549285
49,12,11,49_11,reviewer,med,0,0,0,0,3.717236316783934
49,12,12,49_12,reviewer,high,0,1,0,0,4.17431633862884
49,12,13,49_13,panelist,med,1,0,0,0,4.697546277240851
49,12,14,49_14,panelist,high,1,1,0,0,4.129271153852991
49,12,15,49_15,panelist,none,1,0,0,1,4.618122799876311
49,12,16,49_16,panelist,low,1,0,1,0,4.21764000205155
49,12,17,49_17,panelist,med,1,0,0,0,3.961138726994984
49,12,18,49_18,panelist,none,1,0,0,1,4.1568313632189815
49,12,19,49_19,panelist,high,1,1,0,0,3.9932058236116412
49,12,20,49_20,panelist,high,1,1,0,0,4.12501494290729
49,12,21,49_21,panelist,none,1,0,0,1,4.346079451634957
49,12,22,49_22,panelist,none,1,0,0,1,4.24011157003035
49,12,23,49_23,panelist,low,1,0,1,0,4.5914205502025
49,12,24,49_24,panelist,med,1,0,0,0,3.762372821795642
49,13,01,49_01,panelist,high,1,1,0,0,4.609830186654893
49,13,02,49_02,reviewer,high,0,1,0,0,4.402336829794824
49,13,03,49_03,panelist,med,1,0,0,0,3.848901807027008
49,13,04,49_04,panelist,none,1,0,0,1,4.585353047420113
49,13,05,49_05,panelist,high,1,1,0,0,4.000336853696944
49,13,06,49_06,panelist,none,1,0,0,1,4.714595861279174
49,13,07,49_07,reviewer,high,0,1,0,0,4.059610361747268
49,13,08,49_08,reviewer,low,0,0,1,0,4.547915318361294
49,13,09,49_09,panelist,med,1,0,0,0,4.79535847510299
49,13,10,49_10,panelist,low,1,0,1,0,4.39590644201128
49,13,11,49_11,panelist,med,1,0,0,0,4.30953175918955
49,13,12,49_12,panelist,none,1,0,0,1,4.855731689952051
49,13,13,49_13,panelist,high,1,1,0,0,4.67949718359738
49,13,14,49_14,panelist,med,1,0,0,0,4.832640152567869
49,13,15,49_15,panelist,med,1,0,0,0,4.7232628516137956
49,13,16,49_16,panelist,low,1,0,1,0,4.66762159699233
49,13,17,49_17,panelist,high,1,1,0,0,4.435753314380047
49,13,18,49_18,panelist,med,1,0,0,0,4.764909233537249
49,13,19,49_19,panelist,med,1,0,0,0,4.337242025194341
49,13,20,49_20,panelist,med,1,0,0,0,4.739007221825188
49,13,21,49_21,panelist,med,1,0,0,0,4.069068453883748
49,13,22,49_22,panelist,low,1,0,1,0,4.852880220865514
49,13,23,49_23,panelist,med,1,0,0,0,4.820647687986754
49,13,24,49_24,panelist,none,1,0,0,1,4.697406233774376
49,14,01,49_01,reviewer,med,0,0,0,0,3.8977600899691263
49,14,02,49_02,panelist,high,1,1,0,0,4.469123559312251
49,14,03,49_03,panelist,med,1,0,0,0,3.5910966314804935
49,14,04,49_04,reviewer,high,0,1,0,0,3.7867859498931793
49,14,05,49_05,panelist,none,1,0,0,1,4.022770568720989
49,14,06,49_06,panelist,med,1,0,0,0,4.739908933557474
49,14,07,49_07,panelist,low,1,0,1,0,3.9365151292063145
49,14,08,49_08,reviewer,low,0,0,1,0,3.917365953478019
49,14,09,49_09,panelist,med,1,0,0,0,4.453890285001637
49,14,10,49_10,panelist,high,1,1,0,0,4.016031478819295
49,14,11,49_11,panelist,med,1,0,0,0,3.516082077780498
49,14,12,49_12,panelist,med,1,0,0,0,4.34683947318884
49,14,13,49_13,panelist,med,1,0,0,0,4.486739019261975
49,14,14,49_14,panelist,none,1,0,0,1,4.2338269467133065
49,14,15,49_15,panelist,none,1,0,0,1,4.362154071220022
49,14,16,49_16,panelist,high,1,1,0,0,3.8691648280449753
49,14,17,49_17,panelist,none,1,0,0,1,4.325309197754527
49,14,18,49_18,panelist,high,1,1,0,0,4.016461443251849
49,14,19,49_19,panelist,med,1,0,0,0,3.7353904710256867
49,14,20,49_20,panelist,med,1,0,0,0,3.972066132940955
49,14,21,49_21,panelist,low,1,0,1,0,4.245193062759468
49,14,22,49_22,panelist,med,1,0,0,0,4.47753740969851
49,14,23,49_23,panelist,high,1,1,0,0,4.089330796567244
49,14,24,49_24,panelist,low,1,0,1,0,3.986389737963858
49,15,01,49_01,panelist,med,1,0,0,0,3.9412798582376727
49,15,02,49_02,panelist,med,1,0,0,0,3.978413792880459
49,15,03,49_03,panelist,med,1,0,0,0,3.6375500556625253
49,15,04,49_04,panelist,high,1,1,0,0,3.7696119670931187
49,15,05,49_05,panelist,none,1,0,0,1,3.7865376567593163
49,15,06,49_06,panelist,none,1,0,0,1,3.905840979769839
49,15,07,49_07,panelist,low,1,0,1,0,3.887520556637613
49,15,08,49_08,panelist,high,1,1,0,0,3.9132669466323167
49,15,09,49_09,panelist,med,1,0,0,0,4.47840930299772
49,15,10,49_10,panelist,low,1,0,1,0,3.8912762525825464
49,15,11,49_11,panelist,high,1,1,0,0,3.5046848616510133
49,15,12,49_12,panelist,med,1,0,0,0,3.8677683584081723
49,15,13,49_13,panelist,low,1,0,1,0,3.735842269579915
49,15,14,49_14,reviewer,high,0,1,0,0,3.5382942430425466
49,15,15,49_15,panelist,none,1,0,0,1,4.299705712669942
49,15,16,49_16,panelist,low,1,0,1,0,3.5929923069704035
49,15,17,49_17,panelist,med,1,0,0,0,3.6118660835120022
49,15,18,49_18,panelist,med,1,0,0,0,3.787614312851657
49,15,19,49_19,panelist,med,1,0,0,0,3.693058461798637
49,15,20,49_20,panelist,high,1,1,0,0,3.6089773891074794
49,15,21,49_21,reviewer,high,0,1,0,0,3.5520601240015246
49,15,22,49_22,reviewer,none,0,0,0,1,3.8023048254341107
49,15,23,49_23,panelist,med,1,0,0,0,4.274739934188747
49,15,24,49_24,panelist,med,1,0,0,0,3.7572768678748205
50,1,01,50_01,panelist,high,1,1,0,0,3.7045484574948
50,1,02,50_02,panelist,low,1,0,1,0,4.89325575597018
50,1,03,50_03,panelist,high,1,1,0,0,3.7359386807590576
50,1,04,50_04,panelist,med,1,0,0,0,4.609465692237474
50,1,05,50_05,panelist,high,1,1,0,0,3.8989960515915976
50,1,06,50_06,panelist,none,1,0,0,1,4.719774956038014
50,1,07,50_07,panelist,none,1,0,0,1,4.121868450723978
50,1,08,50_08,panelist,none,1,0,0,1,4.592213327814985
50,1,09,50_09,panelist,high,1,1,0,0,4.582198293369234
50,1,10,50_10,reviewer,high,0,1,0,0,3.6376782194694295
50,1,11,50_11,panelist,med,1,0,0,0,3.6062714544734704
50,1,12,50_12,panelist,low,1,0,1,0,4.134223555770158
50,1,13,50_13,panelist,med,1,0,0,0,4.309913800593393
50,1,14,50_14,panelist,high,1,1,0,0,3.7785181778472534
50,1,15,50_15,panelist,none,1,0,0,1,4.429445664899086
50,1,16,50_16,reviewer,med,0,0,0,0,3.857626236402571
50,1,17,50_17,panelist,low,1,0,1,0,4.533618928922045
50,1,18,50_18,reviewer,med,0,0,0,0,4.01090303488259
50,1,19,50_19,panelist,med,1,0,0,0,3.9018662614361346
50,1,20,50_20,panelist,low,1,0,1,0,4.380091994066605
50,1,21,50_21,panelist,med,1,0,0,0,4.2548536172131035
50,1,22,50_22,panelist,med,1,0,0,0,4.649868784616315
50,1,23,50_23,panelist,med,1,0,0,0,4.247773994708585
50,1,24,50_24,panelist,med,1,0,0,0,3.7784403995226166
50,2,01,50_01,panelist,none,1,0,0,1,4.3403498436665275
50,2,02,50_02,panelist,med,1,0,0,0,4.721682106330909
50,2,03,50_03,panelist,high,1,1,0,0,3.794655229879122
50,2,04,50_04,panelist,med,1,0,0,0,3.9468224469859083
50,2,05,50_05,panelist,none,1,0,0,1,4.561423750092539
50,2,06,50_06,panelist,med,1,0,0,0,4.043603374913373
50,2,07,50_07,panelist,med,1,0,0,0,3.8438992749800245
50,2,08,50_08,panelist,low,1,0,1,0,4.842090119618462
50,2,09,50_09,panelist,low,1,0,1,0,4.803120047037961
50,2,10,50_10,panelist,high,1,1,0,0,3.742603699510356
50,2,11,50_11,reviewer,high,0,1,0,0,3.587115796545437
50,2,12,50_12,panelist,med,1,0,0,0,4.138347766328243
50,2,13,50_13,panelist,low,1,0,1,0,4.704759819714074
50,2,14,50_14,panelist,med,1,0,0,0,4.401912563932703
50,2,15,50_15,panelist,none,1,0,0,1,4.33298033523049
50,2,16,50_16,panelist,med,1,0,0,0,4.37704692900904
50,2,17,50_17,panelist,none,1,0,0,1,4.494675293104162
50,2,18,50_18,panelist,high,1,1,0,0,4.097117617063063
50,2,19,50_19,reviewer,med,0,0,0,0,3.900883252484512
50,2,20,50_20,panelist,med,1,0,0,0,4.4393373578097055
50,2,21,50_21,panelist,med,1,0,0,0,4.127775287167408
50,2,22,50_22,panelist,low,1,0,1,0,4.04581516584827
50,2,23,50_23,reviewer,high,0,1,0,0,3.7851327047541883
50,2,24,50_24,panelist,high,1,1,0,0,3.709228104219061
50,3,01,50_01,panelist,low,1,0,1,0,4.2963945607710325
50,3,02,50_02,panelist,high,1,1,0,0,4.196080572140245
50,3,03,50_03,panelist,med,1,0,0,0,4.348254707568962
50,3,04,50_04,panelist,low,1,0,1,0,4.17876421683258
50,3,05,50_05,reviewer,high,0,1,0,0,3.9297646371175112
50,3,06,50_06,panelist,high,1,1,0,0,4.597679005670637
50,3,07,50_07,panelist,med,1,0,0,0,3.9578842226995823
50,3,08,50_08,panelist,med,1,0,0,0,4.46313829943954
50,3,09,50_09,panelist,none,1,0,0,1,4.684525742480608
50,3,10,50_10,panelist,med,1,0,0,0,4.153361034413907
50,3,11,50_11,panelist,high,1,1,0,0,3.5992549670987684
50,3,12,50_12,panelist,low,1,0,1,0,4.595929222890664
50,3,13,50_13,panelist,none,1,0,0,1,4.708810341399968
50,3,14,50_14,panelist,med,1,0,0,0,4.243087204839105
50,3,15,50_15,panelist,med,1,0,0,0,4.104487294514371
50,3,16,50_16,panelist,low,1,0,1,0,4.147807984760875
50,3,17,50_17,panelist,high,1,1,0,0,4.081010156656775
50,3,18,50_18,panelist,med,1,0,0,0,4.3620113396737175
50,3,19,50_19,panelist,med,1,0,0,0,3.790428624392257
50,3,20,50_20,panelist,med,1,0,0,0,4.2563557368953076
50,3,21,50_21,reviewer,high,0,1,0,0,3.7107899315860418
50,3,22,50_22,panelist,none,1,0,0,1,4.468571239547002
50,3,23,50_23,panelist,med,1,0,0,0,4.7414882384042425
50,3,24,50_24,reviewer,none,0,0,0,1,3.9821681130661823
50,4,01,50_01,panelist,none,1,0,0,1,4.113017649968435
50,4,02,50_02,panelist,low,1,0,1,0,4.839057114054662
50,4,03,50_03,panelist,none,1,0,0,1,4.618665450851733
50,4,04,50_04,panelist,high,1,1,0,0,3.8906255170453456
50,4,05,50_05,panelist,high,1,1,0,0,4.237420124886416
50,4,06,50_06,panelist,high,1,1,0,0,3.968722419220535
50,4,07,50_07,panelist,med,1,0,0,0,4.198253490131595
50,4,08,50_08,panelist,med,1,0,0,0,4.572554914819267
50,4,09,50_09,panelist,low,1,0,1,0,4.741516829837272
50,4,10,50_10,panelist,none,1,0,0,1,4.366588936568413
50,4,11,50_11,panelist,med,1,0,0,0,4.138617553873052
50,4,12,50_12,panelist,med,1,0,0,0,4.524008522873896
50,4,13,50_13,panelist,low,1,0,1,0,4.562534170198378
50,4,14,50_14,panelist,none,1,0,0,1,4.404154580822211
50,4,15,50_15,panelist,med,1,0,0,0,4.484593822005636
50,4,16,50_16,reviewer,high,0,1,0,0,4.284634817179763
50,4,17,50_17,panelist,med,1,0,0,0,4.376757052891332
50,4,18,50_18,panelist,high,1,1,0,0,4.655911341964179
50,4,19,50_19,panelist,low,1,0,1,0,4.331245816106963
50,4,20,50_20,panelist,med,1,0,0,0,4.403324547657052
50,4,21,50_21,panelist,high,1,1,0,0,4.2204225888241
50,4,22,50_22,panelist,med,1,0,0,0,4.190183155529756
50,4,23,50_23,reviewer,med,0,0,0,0,4.456658938097941
50,4,24,50_24,reviewer,med,0,0,0,0,3.996539961006944
50,5,01,50_01,panelist,none,1,0,0,1,4.213579556659853
50,5,02,50_02,panelist,med,1,0,0,0,4.1455913259454995
50,5,03,50_03,panelist,low,1,0,1,0,3.9912993386658653
50,5,04,50_04,panelist,med,1,0,0,0,3.7192266263102076
50,5,05,50_05,panelist,low,1,0,1,0,3.84804525700913
50,5,06,50_06,panelist,high,1,1,0,0,4.023536485902746
50,5,07,50_07,panelist,low,1,0,1,0,3.8207301514799137
50,5,08,50_08,panelist,med,1,0,0,0,4.237293185514936
50,5,09,50_09,reviewer,low,0,0,1,0,4.890732658852231
50,5,10,50_10,reviewer,high,0,1,0,0,3.5599035344271828
50,5,11,50_11,panelist,med,1,0,0,0,3.7471009569610874
50,5,12,50_12,panelist,none,1,0,0,1,4.1698881089207935
50,5,13,50_13,reviewer,none,0,0,0,1,4.734430638098519
50,5,14,50_14,panelist,med,1,0,0,0,4.11935775273116
50,5,15,50_15,panelist,high,1,1,0,0,3.8228925092616577
50,5,16,50_16,panelist,med,1,0,0,0,4.1322342315722045
50,5,17,50_17,panelist,high,1,1,0,0,4.101517217748479
50,5,18,50_18,panelist,none,1,0,0,1,4.562705101891014
50,5,19,50_19,panelist,med,1,0,0,0,3.6772386117040723
50,5,20,50_20,panelist,med,1,0,0,0,4.210785304405666
50,5,21,50_21,panelist,high,1,1,0,0,3.897147366554032
50,5,22,50_22,panelist,high,1,1,0,0,4.236355556053048
50,5,23,50_23,panelist,med,1,0,0,0,4.410808378221843
50,5,24,50_24,panelist,med,1,0,0,0,3.7239701852233846
50,6,01,50_01,panelist,high,1,1,0,0,4.186258701308899
50,6,02,50_02,panelist,high,1,1,0,0,4.713500489602554
50,6,03,50_03,panelist,high,1,1,0,0,3.9592496647575723
50,6,04,50_04,panelist,med,1,0,0,0,4.6834639815804495
50,6,05,50_05,reviewer,none,0,0,0,1,4.020641566999814
50,6,06,50_06,panelist,none,1,0,0,1,4.746637469302148
50,6,07,50_07,panelist,med,1,0,0,0,4.149495690507956
50,6,08,50_08,panelist,med,1,0,0,0,4.409476432636286
50,6,09,50_09,panelist,low,1,0,1,0,4.769708452022203
50,6,10,50_10,panelist,high,1,1,0,0,4.3386553260416205
50,6,11,50_11,panelist,none,1,0,0,1,4.078591733892292
50,6,12,50_12,panelist,none,1,0,0,1,4.591766043228735
50,6,13,50_13,panelist,low,1,0,1,0,4.673646344944738
50,6,14,50_14,panelist,med,1,0,0,0,4.411012336789569
50,6,15,50_15,panelist,med,1,0,0,0,4.517655762351279
50,6,16,50_16,reviewer,high,0,1,0,0,4.094024321850959
50,6,17,50_17,panelist,med,1,0,0,0,4.728075098410464
50,6,18,50_18,panelist,low,1,0,1,0,4.341768639283423
50,6,19,50_19,panelist,med,1,0,0,0,3.9202872314927326
50,6,20,50_20,panelist,high,1,1,0,0,4.527124105503109
50,6,21,50_21,panelist,med,1,0,0,0,4.535368088481264
50,6,22,50_22,reviewer,med,0,0,0,0,4.579989591399714
50,6,23,50_23,panelist,low,1,0,1,0,4.668917446174626
50,6,24,50_24,panelist,med,1,0,0,0,4.210393797110327
50,7,01,50_01,panelist,high,1,1,0,0,4.504709716103575
50,7,02,50_02,panelist,med,1,0,0,0,4.831719582589404
50,7,03,50_03,reviewer,low,0,0,1,0,3.8833623987564603
50,7,04,50_04,panelist,low,1,0,1,0,4.075876720475796
50,7,05,50_05,panelist,med,1,0,0,0,4.422897275209194
50,7,06,50_06,panelist,high,1,1,0,0,4.615686173075836
50,7,07,50_07,panelist,med,1,0,0,0,4.65408291734253
50,7,08,50_08,panelist,low,1,0,1,0,4.767651646504405
50,7,09,50_09,panelist,med,1,0,0,0,4.782806428723222
50,7,10,50_10,panelist,low,1,0,1,0,4.0913419379787435
50,7,11,50_11,panelist,med,1,0,0,0,4.33035560916237
50,7,12,50_12,panelist,high,1,1,0,0,4.421376849801122
50,7,13,50_13,panelist,none,1,0,0,1,4.796196253363158
50,7,14,50_14,reviewer,med,0,0,0,0,4.286778731224678
50,7,15,50_15,reviewer,none,0,0,0,1,4.76634789718205
50,7,16,50_16,panelist,high,1,1,0,0,4.578818935138656
50,7,17,50_17,panelist,high,1,1,0,0,4.551561843675016
50,7,18,50_18,panelist,none,1,0,0,1,4.684076936174175
50,7,19,50_19,panelist,med,1,0,0,0,4.29860534076413
50,7,20,50_20,panelist,med,1,0,0,0,4.7031977229145365
50,7,21,50_21,panelist,med,1,0,0,0,4.6951586026631444
50,7,22,50_22,panelist,high,1,1,0,0,4.363576217099364
50,7,23,50_23,panelist,none,1,0,0,1,4.894160319490892
50,7,24,50_24,panelist,med,1,0,0,0,4.642734736862292
50,8,01,50_01,panelist,med,1,0,0,0,3.7650729742803457
50,8,02,50_02,panelist,high,1,1,0,0,4.3310683332629765
50,8,03,50_03,panelist,med,1,0,0,0,3.845290088273231
50,8,04,50_04,panelist,high,1,1,0,0,3.66897834680511
50,8,05,50_05,panelist,med,1,0,0,0,3.673151469932033
50,8,06,50_06,panelist,med,1,0,0,0,3.9722707838631792
50,8,07,50_07,panelist,high,1,1,0,0,3.687883791110223
50,8,08,50_08,panelist,med,1,0,0,0,4.196075301942599
50,8,09,50_09,panelist,med,1,0,0,0,4.174383729677026
50,8,10,50_10,panelist,high,1,1,0,0,3.771695304953222
50,8,11,50_11,panelist,none,1,0,0,1,3.622848026382368
50,8,12,50_12,panelist,med,1,0,0,0,3.634981423177036
50,8,13,50_13,panelist,high,1,1,0,0,4.230010310202445
50,8,14,50_14,reviewer,low,0,0,1,0,3.769564376601739
50,8,15,50_15,panelist,none,1,0,0,1,4.487957980277661
50,8,16,50_16,panelist,none,1,0,0,1,4.136707231809923
50,8,17,50_17,panelist,med,1,0,0,0,4.0598816958456325
50,8,18,50_18,panelist,med,1,0,0,0,3.902519572515905
50,8,19,50_19,panelist,low,1,0,1,0,4.19502039219564
50,8,20,50_20,reviewer,high,0,1,0,0,3.743288214188801
50,8,21,50_21,panelist,none,1,0,0,1,4.38317304998648
50,8,22,50_22,reviewer,low,0,0,1,0,4.100400929974621
50,8,23,50_23,panelist,med,1,0,0,0,4.090727194460772
50,8,24,50_24,panelist,low,1,0,1,0,3.5534348691180675
50,9,01,50_01,reviewer,none,0,0,0,1,4.7111110904965985
50,9,02,50_02,panelist,high,1,1,0,0,4.634905829223359
50,9,03,50_03,panelist,med,1,0,0,0,4.252372903804565
50,9,04,50_04,panelist,none,1,0,0,1,4.163652528230865
50,9,05,50_05,panelist,none,1,0,0,1,4.545106991051869
50,9,06,50_06,panelist,high,1,1,0,0,4.447407373143023
50,9,07,50_07,panelist,med,1,0,0,0,4.435354807526953
50,9,08,50_08,panelist,low,1,0,1,0,4.87688800044823
50,9,09,50_09,panelist,low,1,0,1,0,4.862625976944205
50,9,10,50_10,panelist,high,1,1,0,0,4.563562846822426
50,9,11,50_11,panelist,low,1,0,1,0,3.9787846732721794
50,9,12,50_12,panelist,high,1,1,0,0,4.160501520459877
50,9,13,50_13,reviewer,low,0,0,1,0,4.619826873408736
50,9,14,50_14,reviewer,med,0,0,0,0,4.590281259367468
50,9,15,50_15,panelist,med,1,0,0,0,4.17478951007108
50,9,16,50_16,panelist,med,1,0,0,0,4.225702126704115
50,9,17,50_17,panelist,med,1,0,0,0,3.9606285579646285
50,9,18,50_18,panelist,high,1,1,0,0,4.327653299204906
50,9,19,50_19,panelist,med,1,0,0,0,4.242898356109035
50,9,20,50_20,panelist,med,1,0,0,0,4.730093771805269
50,9,21,50_21,panelist,none,1,0,0,1,4.541714334904484
50,9,22,50_22,panelist,med,1,0,0,0,4.576384516465739
50,9,23,50_23,panelist,high,1,1,0,0,4.4927788248587905
50,9,24,50_24,panelist,med,1,0,0,0,4.265968560654527
50,10,01,50_01,panelist,high,1,1,0,0,4.06829664481176
50,10,02,50_02,panelist,med,1,0,0,0,4.423127909058696
50,10,03,50_03,panelist,low,1,0,1,0,3.8241338599732657
50,10,04,50_04,panelist,high,1,1,0,0,3.781636659342759
50,10,05,50_05,panelist,none,1,0,0,1,4.0305993764474835
50,10,06,50_06,panelist,high,1,1,0,0,4.134513888525099
50,10,07,50_07,panelist,med,1,0,0,0,3.8265295311631653
50,10,08,50_08,panelist,low,1,0,1,0,4.075294399872375
50,10,09,50_09,reviewer,none,0,0,0,1,4.6556610054253165
50,10,10,50_10,panelist,med,1,0,0,0,4.162586205764265
50,10,11,50_11,panelist,none,1,0,0,1,3.9237520430493875
50,10,12,50_12,panelist,low,1,0,1,0,3.9822137463503227
50,10,13,50_13,panelist,med,1,0,0,0,4.752602026704853
50,10,14,50_14,panelist,high,1,1,0,0,4.054252947736922
50,10,15,50_15,panelist,med,1,0,0,0,3.84166023650886
50,10,16,50_16,panelist,med,1,0,0,0,4.313297238511384
50,10,17,50_17,panelist,med,1,0,0,0,3.9871124693134723
50,10,18,50_18,panelist,high,1,1,0,0,4.048898405592249
50,10,19,50_19,panelist,none,1,0,0,1,3.9144338142716655
50,10,20,50_20,panelist,med,1,0,0,0,4.140697939643489
50,10,21,50_21,reviewer,high,0,1,0,0,3.7243056571853765
50,10,22,50_22,panelist,med,1,0,0,0,4.298806016647678
50,10,23,50_23,reviewer,med,0,0,0,0,3.9649029909469253
50,10,24,50_24,panelist,low,1,0,1,0,4.0660819907620755
50,11,01,50_01,panelist,med,1,0,0,0,3.560568426337557
50,11,02,50_02,panelist,med,1,0,0,0,4.351834224446931
50,11,03,50_03,panelist,med,1,0,0,0,3.7920689112684207
50,11,04,50_04,panelist,med,1,0,0,0,4.1830573487778615
50,11,05,50_05,panelist,med,1,0,0,0,4.065925372272446
50,11,06,50_06,panelist,high,1,1,0,0,3.8919232848860457
50,11,07,50_07,panelist,med,1,0,0,0,3.9848011320546326
50,11,08,50_08,panelist,none,1,0,0,1,4.338361200867283
50,11,09,50_09,panelist,none,1,0,0,1,4.7660859708989065
50,11,10,50_10,panelist,med,1,0,0,0,4.387388785668357
50,11,11,50_11,panelist,med,1,0,0,0,3.8386186525103727
50,11,12,50_12,panelist,med,1,0,0,0,3.829944464181562
50,11,13,50_13,panelist,high,1,1,0,0,4.111074896824799
50,11,14,50_14,panelist,med,1,0,0,0,4.037686599292202
50,11,15,50_15,panelist,none,1,0,0,1,4.121572996583703
50,11,16,50_16,reviewer,none,0,0,0,1,3.775404028830995
50,11,17,50_17,reviewer,high,0,1,0,0,3.5694024817723444
50,11,18,50_18,reviewer,low,0,0,1,0,4.131358733166654
50,11,19,50_19,panelist,low,1,0,1,0,3.6680200351406844
50,11,20,50_20,panelist,low,1,0,1,0,4.60062333045371
50,11,21,50_21,panelist,high,1,1,0,0,4.297425395203291
50,11,22,50_22,panelist,low,1,0,1,0,4.341551991543682
50,11,23,50_23,panelist,high,1,1,0,0,4.349968119066855
50,11,24,50_24,panelist,high,1,1,0,0,3.8238031392796197
50,12,01,50_01,panelist,high,1,1,0,0,4.348493938557039
50,12,02,50_02,panelist,med,1,0,0,0,4.726707961832338
50,12,03,50_03,panelist,med,1,0,0,0,3.8552140528901613
50,12,04,50_04,panelist,none,1,0,0,1,4.510504251641031
50,12,05,50_05,panelist,none,1,0,0,1,3.950668971976772
50,12,06,50_06,panelist,low,1,0,1,0,4.3493063798545935
50,12,07,50_07,panelist,med,1,0,0,0,4.1254095634565635
50,12,08,50_08,panelist,high,1,1,0,0,4.364898390553765
50,12,09,50_09,panelist,med,1,0,0,0,4.405264792985472
50,12,10,50_10,panelist,high,1,1,0,0,4.00299538508741
50,12,11,50_11,reviewer,med,0,0,0,0,3.891093804186013
50,12,12,50_12,panelist,med,1,0,0,0,3.912139143349854
50,12,13,50_13,panelist,high,1,1,0,0,4.392048084538053
50,12,14,50_14,panelist,low,1,0,1,0,4.309840162747659
50,12,15,50_15,panelist,med,1,0,0,0,4.039910644173643
50,12,16,50_16,reviewer,low,0,0,1,0,4.354243888784455
50,12,17,50_17,panelist,med,1,0,0,0,4.307597427285869
50,12,18,50_18,panelist,none,1,0,0,1,4.462093461364005
50,12,19,50_19,panelist,low,1,0,1,0,4.217425952263528
50,12,20,50_20,panelist,high,1,1,0,0,4.425497224724022
50,12,21,50_21,panelist,med,1,0,0,0,4.391495416319667
50,12,22,50_22,reviewer,none,0,0,0,1,4.274280611754064
50,12,23,50_23,panelist,med,1,0,0,0,4.401887513319114
50,12,24,50_24,panelist,high,1,1,0,0,3.730750150044479
50,13,01,50_01,panelist,med,1,0,0,0,4.1135136001943415
50,13,02,50_02,reviewer,med,0,0,0,0,4.80969727995548
50,13,03,50_03,panelist,high,1,1,0,0,4.110268076845874
50,13,04,50_04,panelist,low,1,0,1,0,4.072340055485437
50,13,05,50_05,panelist,none,1,0,0,1,4.559307807396918
50,13,06,50_06,panelist,high,1,1,0,0,4.159144522156446
50,13,07,50_07,panelist,med,1,0,0,0,4.070407939264043
50,13,08,50_08,panelist,low,1,0,1,0,4.82638882670241
50,13,09,50_09,panelist,high,1,1,0,0,4.8301801984733785
50,13,10,50_10,panelist,med,1,0,0,0,4.470795297627152
50,13,11,50_11,panelist,high,1,1,0,0,4.064968553767157
50,13,12,50_12,panelist,med,1,0,0,0,3.9513390208374366
50,13,13,50_13,panelist,high,1,1,0,0,4.688768356024681
50,13,14,50_14,panelist,med,1,0,0,0,4.761624630930371
50,13,15,50_15,panelist,none,1,0,0,1,4.279311853917601
50,13,16,50_16,panelist,med,1,0,0,0,4.568297684558672
50,13,17,50_17,panelist,med,1,0,0,0,4.38484860243465
50,13,18,50_18,reviewer,low,0,0,1,0,4.292724654167924
50,13,19,50_19,panelist,med,1,0,0,0,4.002172995926596
50,13,20,50_20,panelist,low,1,0,1,0,4.574024620095153
50,13,21,50_21,panelist,none,1,0,0,1,4.480886357673124
50,13,22,50_22,panelist,none,1,0,0,1,4.555087500702499
50,13,23,50_23,reviewer,med,0,0,0,0,4.197240306319318
50,13,24,50_24,panelist,high,1,1,0,0,4.251163295018382
50,14,01,50_01,panelist,med,1,0,0,0,3.850363760214402
50,14,02,50_02,panelist,high,1,1,0,0,4.433941317322741
50,14,03,50_03,panelist,med,1,0,0,0,3.8408792236806377
50,14,04,50_04,panelist,high,1,1,0,0,3.676250736961397
50,14,05,50_05,panelist,high,1,1,0,0,3.7246888543961467
50,14,06,50_06,reviewer,none,0,0,0,1,3.933913675774896
50,14,07,50_07,panelist,med,1,0,0,0,3.9609774165599245
50,14,08,50_08,panelist,low,1,0,1,0,4.649815731162783
50,14,09,50_09,panelist,med,1,0,0,0,4.330328764776924
50,14,10,50_10,reviewer,med,0,0,0,0,3.635409208380469
50,14,11,50_11,panelist,med,1,0,0,0,3.828644002983052
50,14,12,50_12,panelist,med,1,0,0,0,4.036405989194409
50,14,13,50_13,panelist,med,1,0,0,0,4.486500261711186
50,14,14,50_14,panelist,none,1,0,0,1,3.765705824165416
50,14,15,50_15,panelist,low,1,0,1,0,4.077610809670942
50,14,16,50_16,panelist,none,1,0,0,1,4.303936731537936
50,14,17,50_17,panelist,high,1,1,0,0,3.7592152725791412
50,14,18,50_18,panelist,low,1,0,1,0,4.262278583701633
50,14,19,50_19,panelist,med,1,0,0,0,3.814498709491406
50,14,20,50_20,panelist,none,1,0,0,1,4.2845821135888595
50,14,21,50_21,panelist,low,1,0,1,0,4.063293802613587
50,14,22,50_22,reviewer,high,0,1,0,0,4.171784417253236
50,14,23,50_23,panelist,high,1,1,0,0,4.599650872516754
50,14,24,50_24,panelist,med,1,0,0,0,3.9449458723966817
50,15,01,50_01,panelist,med,1,0,0,0,3.584677006909723
50,15,02,50_02,reviewer,med,0,0,0,0,3.8360730508193766
50,15,03,50_03,panelist,low,1,0,1,0,3.875582115782994
50,15,04,50_04,panelist,low,1,0,1,0,3.6313567556698345
50,15,05,50_05,panelist,none,1,0,0,1,4.042031515973613
50,15,06,50_06,panelist,med,1,0,0,0,3.7238366198037074
50,15,07,50_07,panelist,med,1,0,0,0,3.775132098125889
50,15,08,50_08,panelist,none,1,0,0,1,4.014368513347745
50,15,09,50_09,panelist,high,1,1,0,0,4.01080929086126
50,15,10,50_10,panelist,high,1,1,0,0,3.5373350031667057
50,15,11,50_11,panelist,high,1,1,0,0,3.619986094625055
50,15,12,50_12,panelist,high,1,1,0,0,3.8090890183546238
50,15,13,50_13,reviewer,med,0,0,0,0,4.08964192608701
50,15,14,50_14,panelist,high,1,1,0,0,3.7869125371983667
50,15,15,50_15,panelist,high,1,1,0,0,3.623393552628631
50,15,16,50_16,panelist,none,1,0,0,1,4.023696227919141
50,15,17,50_17,panelist,med,1,0,0,0,3.940157025986406
50,15,18,50_18,panelist,none,1,0,0,1,3.913922582050992
50,15,19,50_19,panelist,med,1,0,0,0,3.5952083457804767
50,15,20,50_20,panelist,med,1,0,0,0,3.8711188127486977
50,15,21,50_21,panelist,low,1,0,1,0,3.7771161504622146
50,15,22,50_22,panelist,med,1,0,0,0,3.5815426746002985
50,15,23,50_23,panelist,med,1,0,0,0,3.6457979699558645
50,15,24,50_24,reviewer,low,0,0,1,0,3.520439942478505
