cmte,app,memno,cid,job,exp,init_score,consensus,panelist,exp_high,exp_low,exp_none,deviated,deviation,score
01,1,01,01_01,panelist,none,NA,4.4,1,0,0,1,0,0,4.4
01,1,02,01_02,panelist,low,NA,4.4,1,0,1,0,0,0,4.4
01,1,03,01_03,panelist,none,NA,4.4,1,0,0,1,1,0.2,4.6
01,1,04,01_04,panelist,med,NA,4.4,1,0,0,0,0,0,4.4
01,1,05,01_05,panelist,low,NA,4.4,1,0,1,0,0,0,4.4
01,1,06,01_06,panelist,none,NA,4.4,1,0,0,1,1,0.1,4.5
01,1,07,01_07,reviewer,med,4.5,4.4,0,0,0,0,1,-0.4,4
01,1,08,01_08,panelist,none,NA,4.4,1,0,0,1,1,0.4,4.8
01,1,09,01_09,panelist,none,NA,4.4,1,0,0,1,1,-0.1,4.3
01,1,10,01_10,panelist,low,NA,4.4,1,0,1,0,0,0,4.4
01,1,11,01_11,panelist,none,NA,4.4,1,0,0,1,0,0,4.4
01,1,12,01_12,panelist,low,NA,4.4,1,0,1,0,0,0,4.4
01,1,13,01_13,panelist,med,NA,4.4,1,0,0,0,1,-0.1,4.3
01,1,14,01_14,panelist,none,NA,4.4,1,0,0,1,1,0.1,4.5
01,1,15,01_15,panelist,low,NA,4.4,1,0,1,0,0,0,4.4
01,1,16,01_16,panelist,high,NA,4.4,1,1,0,0,0,0,4.4
01,1,17,01_17,panelist,high,NA,4.4,1,1,0,0,0,0,4.4
01,1,18,01_18,reviewer,med,4,4.4,0,0,0,0,1,0.3,4.7
01,1,19,01_19,panelist,none,NA,4.4,1,0,0,1,0,0,4.4
01,1,20,01_20,panelist,none,NA,4.4,1,0,0,1,1,-0.1,4.3
01,1,21,01_21,panelist,low,NA,4.4,1,0,1,0,0,0,4.4
01,1,22,01_22,panelist,none,NA,4.4,1,0,0,1,1,0.2,4.6
01,1,23,01_23,reviewer,med,4.6,4.4,0,0,0,0,0,0,4.4
01,1,24,01_24,panelist,low,NA,4.4,1,0,1,0,0,0,4.4
01,3,01,01_01,panelist,low,NA,3.8,1,0,1,0,0,0,3.8
01,3,02,01_02,panelist,low,NA,3.8,1,0,1,0,1,-0.1,3.7
01,3,03,01_03,reviewer,none,3.6,3.8,0,0,0,1,0,0,3.8
01,3,04,01_04,panelist,low,NA,3.8,1,0,1,0,1,-0.2,3.6
01,3,05,01_05,panelist,none,NA,3.8,1,0,0,1,1,-0.1,3.7
01,3,06,01_06,panelist,none,NA,3.8,1,0,0,1,0,0,3.8
01,3,07,01_07,panelist,none,NA,3.8,1,0,0,1,1,-0.2,3.6
01,3,08,01_08,panelist,none,NA,3.8,1,0,0,1,0,0,3.8
01,3,09,01_09,panelist,none,NA,3.8,1,0,0,1,0,0,3.8
01,3,10,01_10,panelist,med,NA,3.8,1,0,0,0,0,0,3.8
01,3,11,01_11,panelist,low,NA,3.8,1,0,1,0,0,0,3.8
01,3,12,01_12,panelist,none,NA,3.8,1,0,0,1,0,0,3.8
01,3,13,01_13,panelist,med,NA,3.8,1,0,0,0,0,0,3.8
01,3,14,01_14,panelist,low,NA,3.8,1,0,1,0,1,0.3,4.1
01,3,15,01_15,panelist,none,NA,3.8,1,0,0,1,0,0,3.8
01,3,16,01_16,panelist,med,NA,3.8,1,0,0,0,0,0,3.8
01,3,17,01_17,panelist,high,NA,3.8,1,1,0,0,1,0.1,3.9
01,3,18,01_18,reviewer,low,4.1,3.8,0,0,1,0,0,0,3.8
01,3,19,01_19,panelist,med,NA,3.8,1,0,0,0,0,0,3.8
01,3,20,01_20,panelist,low,NA,3.8,1,0,1,0,0,0,3.8
01,3,21,01_21,panelist,none,NA,3.8,1,0,0,1,1,0.3,4.1
01,3,22,01_22,panelist,med,NA,3.8,1,0,0,0,0,0,3.8
01,3,23,01_23,panelist,high,NA,3.8,1,1,0,0,0,0,3.8
01,3,24,01_24,reviewer,none,3.8,3.8,0,0,0,1,0,0,3.8
01,4,01,01_01,panelist,low,NA,3.6,1,0,1,0,1,-0.2,3.4
01,4,02,01_02,panelist,none,NA,3.6,1,0,0,1,1,-0.3,3.3
01,4,03,01_03,panelist,none,NA,3.6,1,0,0,1,0,0,3.6
01,4,04,01_04,reviewer,none,3.6,3.6,0,0,0,1,1,0.1,3.7
01,4,05,01_05,panelist,none,NA,3.6,1,0,0,1,1,-0.2,3.4
01,4,06,01_06,panelist,low,NA,3.6,1,0,1,0,0,0,3.6
01,4,07,01_07,panelist,low,NA,3.6,1,0,1,0,1,0.1,3.7
01,4,08,01_08,panelist,med,NA,3.6,1,0,0,0,0,0,3.6
01,4,09,01_09,panelist,none,NA,3.6,1,0,0,1,0,0,3.6
01,4,10,01_10,panelist,none,NA,3.6,1,0,0,1,1,0.1,3.7
01,4,11,01_11,panelist,none,NA,3.6,1,0,0,1,1,-0.1,3.5
01,4,12,01_12,panelist,low,NA,3.6,1,0,1,0,0,0,3.6
01,4,13,01_13,panelist,high,NA,3.6,1,1,0,0,0,0,3.6
01,4,14,01_14,panelist,low,NA,3.6,1,0,1,0,0,0,3.6
01,4,15,01_15,reviewer,low,3.4,3.6,0,0,1,0,0,0,3.6
01,4,16,01_16,panelist,none,NA,3.6,1,0,0,1,1,0.2,3.8
01,4,17,01_17,panelist,low,NA,3.6,1,0,1,0,0,0,3.6
01,4,18,01_18,panelist,med,NA,3.6,1,0,0,0,1,0.1,3.7
01,4,19,01_19,panelist,med,NA,3.6,1,0,0,0,1,-0.2,3.4
01,4,20,01_20,panelist,med,NA,3.6,1,0,0,0,0,0,3.6
01,4,21,01_21,reviewer,none,3.7,3.6,0,0,0,1,1,0.2,3.8
01,4,22,01_22,panelist,med,NA,3.6,1,0,0,0,1,-0.2,3.4
01,4,23,01_23,panelist,none,NA,3.6,1,0,0,1,0,0,3.6
01,4,24,01_24,panelist,high,NA,3.6,1,1,0,0,0,0,3.6
01,7,01,01_01,panelist,none,NA,3.9,1,0,0,1,1,0.3,4.2
01,7,02,01_02,panelist,low,NA,3.9,1,0,1,0,0,0,3.9
01,7,03,01_03,panelist,none,NA,3.9,1,0,0,1,1,0.1,4
01,7,04,01_04,panelist,low,NA,3.9,1,0,1,0,0,0,3.9
01,7,05,01_05,panelist,low,NA,3.9,1,0,1,0,1,0.1,4
01,7,06,01_06,panelist,high,NA,3.9,1,1,0,0,0,0,3.9
01,7,07,01_07,panelist,med,NA,3.9,1,0,0,0,0,0,3.9
01,7,08,01_08,panelist,low,NA,3.9,1,0,1,0,1,0.3,4.2
01,7,09,01_09,panelist,low,NA,3.9,1,0,1,0,0,0,3.9
01,7,10,01_10,panelist,med,NA,3.9,1,0,0,0,1,-0.1,3.8
01,7,11,01_11,panelist,med,NA,3.9,1,0,0,0,0,0,3.9
01,7,12,01_12,panelist,med,NA,3.9,1,0,0,0,0,0,3.9
01,7,13,01_13,reviewer,none,4,3.9,0,0,0,1,0,0,3.9
01,7,14,01_14,panelist,none,NA,3.9,1,0,0,1,0,0,3.9
01,7,15,01_15,panelist,none,NA,3.9,1,0,0,1,0,0,3.9
01,7,16,01_16,panelist,none,NA,3.9,1,0,0,1,1,0.3,4.2
01,7,17,01_17,panelist,none,NA,3.9,1,0,0,1,0,0,3.9
01,7,18,01_18,panelist,low,NA,3.9,1,0,1,0,0,0,3.9
01,7,19,01_19,panelist,none,NA,3.9,1,0,0,1,0,0,3.9
01,7,20,01_20,panelist,none,NA,3.9,1,0,0,1,0,0,3.9
01,7,21,01_21,panelist,none,NA,3.9,1,0,0,1,0,0,3.9
01,7,22,01_22,reviewer,med,4,3.9,0,0,0,0,1,0.2,4.1
01,7,23,01_23,reviewer,high,3.8,3.9,0,1,0,0,1,-0.2,3.7
01,7,24,01_24,panelist,low,NA,3.9,1,0,1,0,0,0,3.9
01,9,01,01_01,panelist,none,NA,3.6,1,0,0,1,1,0.1,3.7
01,9,02,01_02,panelist,low,NA,3.6,1,0,1,0,1,-0.3,3.3
01,9,03,01_03,panelist,none,NA,3.6,1,0,0,1,0,0,3.6
01,9,04,01_04,panelist,low,NA,3.6,1,0,1,0,1,-0.1,3.5
01,9,05,01_05,panelist,med,NA,3.6,1,0,0,0,1,-0.1,3.5
01,9,06,01_06,panelist,low,NA,3.6,1,0,1,0,0,0,3.6
01,9,07,01_07,panelist,none,NA,3.6,1,0,0,1,0,0,3.6
01,9,08,01_08,panelist,none,NA,3.6,1,0,0,1,1,0.3,3.9
01,9,09,01_09,panelist,low,NA,3.6,1,0,1,0,0,0,3.6
01,9,10,01_10,panelist,low,NA,3.6,1,0,1,0,1,0.1,3.7
01,9,11,01_11,panelist,none,NA,3.6,1,0,0,1,1,-0.2,3.4
01,9,12,01_12,panelist,high,NA,3.6,1,1,0,0,0,0,3.6
01,9,13,01_13,reviewer,low,3.6,3.6,0,0,1,0,0,0,3.6
01,9,14,01_14,panelist,med,NA,3.6,1,0,0,0,0,0,3.6
01,9,15,01_15,panelist,none,NA,3.6,1,0,0,1,0,0,3.6
01,9,16,01_16,panelist,high,NA,3.6,1,1,0,0,1,0.1,3.7
01,9,17,01_17,panelist,none,NA,3.6,1,0,0,1,0,0,3.6
01,9,18,01_18,panelist,none,NA,3.6,1,0,0,1,1,0.3,3.9
01,9,19,01_19,panelist,none,NA,3.6,1,0,0,1,0,0,3.6
01,9,20,01_20,reviewer,low,3.5,3.6,0,0,1,0,0,0,3.6
01,9,21,01_21,panelist,med,NA,3.6,1,0,0,0,0,0,3.6
01,9,22,01_22,panelist,med,NA,3.6,1,0,0,0,0,0,3.6
01,9,23,01_23,reviewer,none,3.7,3.6,0,0,0,1,0,0,3.6
01,9,24,01_24,panelist,med,NA,3.6,1,0,0,0,1,0.1,3.7
01,10,01,01_01,panelist,high,NA,4.2,1,1,0,0,0,0,4.2
01,10,02,01_02,panelist,none,NA,4.2,1,0,0,1,1,-0.3,3.9
01,10,03,01_03,reviewer,high,4.3,4.2,0,1,0,0,0,0,4.2
01,10,04,01_04,panelist,none,NA,4.2,1,0,0,1,0,0,4.2
01,10,05,01_05,panelist,none,NA,4.2,1,0,0,1,1,0.1,4.3
01,10,06,01_06,reviewer,low,3.9,4.2,0,0,1,0,0,0,4.2
01,10,07,01_07,panelist,none,NA,4.2,1,0,0,1,1,-0.2,4
01,10,08,01_08,reviewer,none,4.3,4.2,0,0,0,1,1,0.4,4.6
01,10,09,01_09,panelist,med,NA,4.2,1,0,0,0,0,0,4.2
01,10,10,01_10,panelist,med,NA,4.2,1,0,0,0,0,0,4.2
01,10,11,01_11,panelist,low,NA,4.2,1,0,1,0,1,-0.1,4.1
01,10,12,01_12,panelist,none,NA,4.2,1,0,0,1,0,0,4.2
01,10,13,01_13,panelist,none,NA,4.2,1,0,0,1,0,0,4.2
01,10,14,01_14,panelist,none,NA,4.2,1,0,0,1,1,0.3,4.5
01,10,15,01_15,panelist,low,NA,4.2,1,0,1,0,0,0,4.2
01,10,16,01_16,panelist,low,NA,4.2,1,0,1,0,0,0,4.2
01,10,17,01_17,panelist,none,NA,4.2,1,0,0,1,0,0,4.2
01,10,18,01_18,panelist,med,NA,4.2,1,0,0,0,1,0.1,4.3
01,10,19,01_19,panelist,med,NA,4.2,1,0,0,0,1,-0.3,3.9
01,10,20,01_20,panelist,low,NA,4.2,1,0,1,0,1,0.1,4.3
01,10,21,01_21,panelist,med,NA,4.2,1,0,0,0,1,0.3,4.5
01,10,22,01_22,panelist,low,NA,4.2,1,0,1,0,0,0,4.2
01,10,23,01_23,panelist,low,NA,4.2,1,0,1,0,0,0,4.2
01,10,24,01_24,panelist,none,NA,4.2,1,0,0,1,0,0,4.2
01,14,01,01_01,panelist,low,NA,3.7,1,0,1,0,1,0.2,3.9
01,14,02,01_02,panelist,low,NA,3.7,1,0,1,0,1,-0.1,3.6
01,14,03,01_03,reviewer,low,3.7,3.7,0,0,1,0,0,0,3.7
01,14,04,01_04,reviewer,med,3.8,3.7,0,0,0,0,1,0.1,3.8
01,14,05,01_05,panelist,none,NA,3.7,1,0,0,1,0,0,3.7
01,14,06,01_06,panelist,med,NA,3.7,1,0,0,0,1,0.2,3.9
01,14,07,01_07,reviewer,low,3.7,3.7,0,0,1,0,0,0,3.7
01,14,08,01_08,panelist,med,NA,3.7,1,0,0,0,0,0,3.7
01,14,09,01_09,panelist,high,NA,3.7,1,1,0,0,0,0,3.7
01,14,10,01_10,panelist,none,NA,3.7,1,0,0,1,0,0,3.7
01,14,11,01_11,panelist,none,NA,3.7,1,0,0,1,0,0,3.7
01,14,12,01_12,panelist,high,NA,3.7,1,1,0,0,0,0,3.7
01,14,13,01_13,panelist,none,NA,3.7,1,0,0,1,1,0.1,3.8
01,14,14,01_14,panelist,none,NA,3.7,1,0,0,1,1,0.3,4
01,14,15,01_15,panelist,none,NA,3.7,1,0,0,1,0,0,3.7
01,14,16,01_16,panelist,med,NA,3.7,1,0,0,0,0,0,3.7
01,14,17,01_17,panelist,med,NA,3.7,1,0,0,0,1,-0.2,3.5
01,14,18,01_18,panelist,none,NA,3.7,1,0,0,1,1,0.1,3.8
01,14,19,01_19,panelist,low,NA,3.7,1,0,1,0,0,0,3.7
01,14,20,01_20,panelist,none,NA,3.7,1,0,0,1,0,0,3.7
01,14,21,01_21,panelist,low,NA,3.7,1,0,1,0,1,0.2,3.9
01,14,22,01_22,panelist,none,NA,3.7,1,0,0,1,0,0,3.7
01,14,23,01_23,panelist,low,NA,3.7,1,0,1,0,1,0.2,3.9
01,14,24,01_24,panelist,none,NA,3.7,1,0,0,1,1,0.2,3.9
01,16,01,01_01,panelist,none,NA,3.9,1,0,0,1,0,0,3.9
01,16,02,01_02,panelist,med,NA,3.9,1,0,0,0,0,0,3.9
01,16,03,01_03,reviewer,none,3.6,3.9,0,0,0,1,0,0,3.9
01,16,04,01_04,panelist,none,NA,3.9,1,0,0,1,0,0,3.9
01,16,05,01_05,panelist,none,NA,3.9,1,0,0,1,1,0.1,4
01,16,06,01_06,panelist,low,NA,3.9,1,0,1,0,1,-0.2,3.7
01,16,07,01_07,panelist,low,NA,3.9,1,0,1,0,0,0,3.9
01,16,08,01_08,panelist,med,NA,3.9,1,0,0,0,0,0,3.9
01,16,09,01_09,panelist,low,NA,3.9,1,0,1,0,0,0,3.9
01,16,10,01_10,panelist,none,NA,3.9,1,0,0,1,1,-0.1,3.8
01,16,11,01_11,reviewer,low,3.9,3.9,0,0,1,0,0,0,3.9
01,16,12,01_12,panelist,low,NA,3.9,1,0,1,0,1,0.1,4
01,16,13,01_13,panelist,none,NA,3.9,1,0,0,1,1,0.1,4
01,16,14,01_14,panelist,med,NA,3.9,1,0,0,0,0,0,3.9
01,16,15,01_15,panelist,med,NA,3.9,1,0,0,0,1,-0.1,3.8
01,16,16,01_16,panelist,none,NA,3.9,1,0,0,1,0,0,3.9
01,16,17,01_17,panelist,none,NA,3.9,1,0,0,1,0,0,3.9
01,16,18,01_18,reviewer,low,4.2,3.9,0,0,1,0,0,0,3.9
01,16,19,01_19,panelist,high,NA,3.9,1,1,0,0,0,0,3.9
01,16,20,01_20,panelist,none,NA,3.9,1,0,0,1,1,0.2,4.1
01,16,21,01_21,panelist,low,NA,3.9,1,0,1,0,0,0,3.9
01,16,22,01_22,panelist,high,NA,3.9,1,1,0,0,0,0,3.9
01,16,23,01_23,panelist,med,NA,3.9,1,0,0,0,1,-0.1,3.8
01,16,24,01_24,panelist,none,NA,3.9,1,0,0,1,0,0,3.9
01,17,01,01_01,panelist,low,NA,3.8,1,0,1,0,1,0.1,3.9
01,17,02,01_02,reviewer,none,3.8,3.8,0,0,0,1,0,0,3.8
01,17,03,01_03,panelist,low,NA,3.8,1,0,1,0,1,-0.1,3.7
01,17,04,01_04,panelist,none,NA,3.8,1,0,0,1,1,-0.1,3.7
01,17,05,01_05,panelist,low,NA,3.8,1,0,1,0,0,0,3.8
01,17,06,01_06,panelist,none,NA,3.8,1,0,0,1,1,-0.1,3.7
01,17,07,01_07,panelist,none,NA,3.8,1,0,0,1,0,0,3.8
01,17,08,01_08,panelist,none,NA,3.8,1,0,0,1,0,0,3.8
01,17,09,01_09,reviewer,high,3.9,3.8,0,1,0,0,1,-0.1,3.7
01,17,10,01_10,panelist,med,NA,3.8,1,0,0,0,1,0.2,4
01,17,11,01_11,panelist,none,NA,3.8,1,0,0,1,0,0,3.8
01,17,12,01_12,reviewer,none,3.6,3.8,0,0,0,1,0,0,3.8
01,17,13,01_13,panelist,none,NA,3.8,1,0,0,1,0,0,3.8
01,17,14,01_14,panelist,low,NA,3.8,1,0,1,0,0,0,3.8
01,17,15,01_15,panelist,low,NA,3.8,1,0,1,0,1,0.2,4
01,17,16,01_16,panelist,none,NA,3.8,1,0,0,1,0,0,3.8
01,17,17,01_17,panelist,none,NA,3.8,1,0,0,1,1,0.1,3.9
01,17,18,01_18,panelist,med,NA,3.8,1,0,0,0,1,0.4,4.2
01,17,19,01_19,panelist,high,NA,3.8,1,1,0,0,0,0,3.8
01,17,20,01_20,panelist,low,NA,3.8,1,0,1,0,0,0,3.8
01,17,21,01_21,panelist,med,NA,3.8,1,0,0,0,0,0,3.8
01,17,22,01_22,panelist,med,NA,3.8,1,0,0,0,0,0,3.8
01,17,23,01_23,panelist,med,NA,3.8,1,0,0,0,1,-0.2,3.6
01,17,24,01_24,panelist,low,NA,3.8,1,0,1,0,0,0,3.8
01,22,01,01_01,panelist,none,NA,4.2,1,0,0,1,1,0.1,4.3
01,22,02,01_02,panelist,none,NA,4.2,1,0,0,1,1,-0.3,3.9
01,22,03,01_03,panelist,low,NA,4.2,1,0,1,0,1,-0.1,4.1
01,22,04,01_04,reviewer,none,4,4.2,0,0,0,1,1,0.2,4.4
01,22,05,01_05,panelist,low,NA,4.2,1,0,1,0,0,0,4.2
01,22,06,01_06,panelist,med,NA,4.2,1,0,0,0,1,0.1,4.3
01,22,07,01_07,panelist,low,NA,4.2,1,0,1,0,0,0,4.2
01,22,08,01_08,panelist,high,NA,4.2,1,1,0,0,0,0,4.2
01,22,09,01_09,panelist,low,NA,4.2,1,0,1,0,0,0,4.2
01,22,10,01_10,panelist,med,NA,4.2,1,0,0,0,0,0,4.2
01,22,11,01_11,panelist,none,NA,4.2,1,0,0,1,0,0,4.2
01,22,12,01_12,panelist,high,NA,4.2,1,1,0,0,0,0,4.2
01,22,13,01_13,panelist,none,NA,4.2,1,0,0,1,1,-0.1,4.1
01,22,14,01_14,reviewer,none,4.3,4.2,0,0,0,1,0,0,4.2
01,22,15,01_15,panelist,none,NA,4.2,1,0,0,1,0,0,4.2
01,22,16,01_16,panelist,none,NA,4.2,1,0,0,1,0,0,4.2
01,22,17,01_17,panelist,low,NA,4.2,1,0,1,0,0,0,4.2
01,22,18,01_18,panelist,none,NA,4.2,1,0,0,1,1,0.3,4.5
01,22,19,01_19,panelist,low,NA,4.2,1,0,1,0,1,-0.2,4
01,22,20,01_20,panelist,med,NA,4.2,1,0,0,0,0,0,4.2
01,22,21,01_21,panelist,med,NA,4.2,1,0,0,0,0,0,4.2
01,22,22,01_22,panelist,low,NA,4.2,1,0,1,0,0,0,4.2
01,22,23,01_23,panelist,med,NA,4.2,1,0,0,0,1,-0.1,4.1
01,22,24,01_24,reviewer,none,4.4,4.2,0,0,0,1,0,0,4.2
01,23,01,01_01,panelist,low,NA,4.1,1,0,1,0,1,-0.1,4
01,23,02,01_02,panelist,none,NA,4.1,1,0,0,1,1,-0.2,3.9
01,23,03,01_03,panelist,low,NA,4.1,1,0,1,0,0,0,4.1
01,23,04,01_04,panelist,high,NA,4.1,1,1,0,0,0,0,4.1
01,23,05,01_05,panelist,med,NA,4.1,1,0,0,0,0,0,4.1
01,23,06,01_06,panelist,med,NA,4.1,1,0,0,0,0,0,4.1
01,23,07,01_07,panelist,none,NA,4.1,1,0,0,1,0,0,4.1
01,23,08,01_08,panelist,low,NA,4.1,1,0,1,0,0,0,4.1
01,23,09,01_09,panelist,low,NA,4.1,1,0,1,0,0,0,4.1
01,23,10,01_10,reviewer,none,4,4.1,0,0,0,1,0,0,4.1
01,23,11,01_11,panelist,low,NA,4.1,1,0,1,0,1,-0.1,4
01,23,12,01_12,reviewer,med,4.3,4.1,0,0,0,0,0,0,4.1
01,23,13,01_13,panelist,none,NA,4.1,1,0,0,1,0,0,4.1
01,23,14,01_14,panelist,high,NA,4.1,1,1,0,0,0,0,4.1
01,23,15,01_15,panelist,med,NA,4.1,1,0,0,0,0,0,4.1
01,23,16,01_16,panelist,none,NA,4.1,1,0,0,1,1,0.2,4.3
01,23,17,01_17,panelist,none,NA,4.1,1,0,0,1,1,-0.2,3.9
01,23,18,01_18,panelist,med,NA,4.1,1,0,0,0,1,0.1,4.2
01,23,19,01_19,panelist,none,NA,4.1,1,0,0,1,1,-0.2,3.9
01,23,20,01_20,panelist,low,NA,4.1,1,0,1,0,1,-0.1,4
01,23,21,01_21,panelist,none,NA,4.1,1,0,0,1,0,0,4.1
01,23,22,01_22,reviewer,low,4,4.1,0,0,1,0,0,0,4.1
01,23,23,01_23,panelist,none,NA,4.1,1,0,0,1,0,0,4.1
01,23,24,01_24,panelist,none,NA,4.1,1,0,0,1,1,0.1,4.2
01,24,01,01_01,panelist,med,NA,3.9,1,0,0,0,0,0,3.9
01,24,02,01_02,panelist,high,NA,3.9,1,1,0,0,1,-0.1,3.8
01,24,03,01_03,panelist,none,NA,3.9,1,0,0,1,1,0.1,4
01,24,04,01_04,panelist,low,NA,3.9,1,0,1,0,1,0.1,4
01,24,05,01_05,panelist,none,NA,3.9,1,0,0,1,0,0,3.9
01,24,06,01_06,panelist,low,NA,3.9,1,0,1,0,0,0,3.9
01,24,07,01_07,panelist,med,NA,3.9,1,0,0,0,1,0.2,4.1
01,24,08,01_08,panelist,none,NA,3.9,1,0,0,1,0,0,3.9
01,24,09,01_09,panelist,med,NA,3.9,1,0,0,0,0,0,3.9
01,24,10,01_10,panelist,low,NA,3.9,1,0,1,0,1,0.1,4
01,24,11,01_11,panelist,none,NA,3.9,1,0,0,1,1,-0.3,3.6
01,24,12,01_12,panelist,none,NA,3.9,1,0,0,1,1,-0.2,3.7
01,24,13,01_13,panelist,none,NA,3.9,1,0,0,1,1,-0.2,3.7
01,24,14,01_14,reviewer,none,3.8,3.9,0,0,0,1,0,0,3.9
01,24,15,01_15,panelist,med,NA,3.9,1,0,0,0,1,-0.1,3.8
01,24,16,01_16,panelist,none,NA,3.9,1,0,0,1,1,-0.2,3.7
01,24,17,01_17,reviewer,none,4,3.9,0,0,0,1,0,0,3.9
01,24,18,01_18,panelist,none,NA,3.9,1,0,0,1,0,0,3.9
01,24,19,01_19,reviewer,low,3.8,3.9,0,0,1,0,0,0,3.9
01,24,20,01_20,panelist,high,NA,3.9,1,1,0,0,0,0,3.9
01,24,21,01_21,panelist,low,NA,3.9,1,0,1,0,1,0.1,4
01,24,22,01_22,panelist,low,NA,3.9,1,0,1,0,1,0.2,4.1
01,24,23,01_23,panelist,med,NA,3.9,1,0,0,0,1,0.1,4
01,24,24,01_24,panelist,low,NA,3.9,1,0,1,0,1,-0.1,3.8
01,26,01,01_01,panelist,low,NA,3.7,1,0,1,0,0,0,3.7
01,26,02,01_02,panelist,med,NA,3.7,1,0,0,0,0,0,3.7
01,26,03,01_03,panelist,med,NA,3.7,1,0,0,0,0,0,3.7
01,26,04,01_04,panelist,none,NA,3.7,1,0,0,1,0,0,3.7
01,26,05,01_05,panelist,med,NA,3.7,1,0,0,0,0,0,3.7
01,26,06,01_06,panelist,none,NA,3.7,1,0,0,1,0,0,3.7
01,26,07,01_07,reviewer,low,3.8,3.7,0,0,1,0,1,-0.1,3.6
01,26,08,01_08,panelist,med,NA,3.7,1,0,0,0,1,0.5,4.2
01,26,09,01_09,panelist,high,NA,3.7,1,1,0,0,0,0,3.7
01,26,10,01_10,panelist,none,NA,3.7,1,0,0,1,0,0,3.7
01,26,11,01_11,panelist,none,NA,3.7,1,0,0,1,1,-0.3,3.4
01,26,12,01_12,panelist,none,NA,3.7,1,0,0,1,1,0.2,3.9
01,26,13,01_13,panelist,none,NA,3.7,1,0,0,1,0,0,3.7
01,26,14,01_14,panelist,low,NA,3.7,1,0,1,0,0,0,3.7
01,26,15,01_15,panelist,none,NA,3.7,1,0,0,1,0,0,3.7
01,26,16,01_16,panelist,low,NA,3.7,1,0,1,0,0,0,3.7
01,26,17,01_17,panelist,low,NA,3.7,1,0,1,0,1,0.2,3.9
01,26,18,01_18,reviewer,med,3.5,3.7,0,0,0,0,0,0,3.7
01,26,19,01_19,reviewer,none,3.7,3.7,0,0,0,1,1,-0.3,3.4
01,26,20,01_20,panelist,none,NA,3.7,1,0,0,1,0,0,3.7
01,26,21,01_21,panelist,none,NA,3.7,1,0,0,1,0,0,3.7
01,26,22,01_22,panelist,low,NA,3.7,1,0,1,0,0,0,3.7
01,26,23,01_23,panelist,low,NA,3.7,1,0,1,0,1,0.1,3.8
01,26,24,01_24,panelist,high,NA,3.7,1,1,0,0,0,0,3.7
01,29,01,01_01,panelist,med,NA,3.8,1,0,0,0,0,0,3.8
01,29,02,01_02,panelist,none,NA,3.8,1,0,0,1,1,-0.1,3.7
01,29,03,01_03,reviewer,low,3.9,3.8,0,0,1,0,0,0,3.8
01,29,04,01_04,panelist,none,NA,3.8,1,0,0,1,0,0,3.8
01,29,05,01_05,panelist,med,NA,3.8,1,0,0,0,0,0,3.8
01,29,06,01_06,panelist,med,NA,3.8,1,0,0,0,0,0,3.8
01,29,07,01_07,panelist,high,NA,3.8,1,1,0,0,0,0,3.8
01,29,08,01_08,panelist,none,NA,3.8,1,0,0,1,0,0,3.8
01,29,09,01_09,panelist,none,NA,3.8,1,0,0,1,0,0,3.8
01,29,10,01_10,panelist,none,NA,3.8,1,0,0,1,0,0,3.8
01,29,11,01_11,panelist,none,NA,3.8,1,0,0,1,1,-0.1,3.7
01,29,12,01_12,panelist,low,NA,3.8,1,0,1,0,0,0,3.8
01,29,13,01_13,panelist,high,NA,3.8,1,1,0,0,0,0,3.8
01,29,14,01_14,panelist,low,NA,3.8,1,0,1,0,0,0,3.8
01,29,15,01_15,panelist,low,NA,3.8,1,0,1,0,0,0,3.8
01,29,16,01_16,reviewer,none,3.7,3.8,0,0,0,1,1,-0.2,3.6
01,29,17,01_17,panelist,med,NA,3.8,1,0,0,0,0,0,3.8
01,29,18,01_18,panelist,med,NA,3.8,1,0,0,0,0,0,3.8
01,29,19,01_19,reviewer,low,3.7,3.8,0,0,1,0,0,0,3.8
01,29,20,01_20,panelist,none,NA,3.8,1,0,0,1,1,-0.3,3.5
01,29,21,01_21,panelist,none,NA,3.8,1,0,0,1,1,0.3,4.1
01,29,22,01_22,panelist,none,NA,3.8,1,0,0,1,0,0,3.8
01,29,23,01_23,panelist,low,NA,3.8,1,0,1,0,0,0,3.8
01,29,24,01_24,panelist,low,NA,3.8,1,0,1,0,0,0,3.8
01,30,01,01_01,panelist,none,NA,4.2,1,0,0,1,1,-0.4,3.8
01,30,02,01_02,panelist,none,NA,4.2,1,0,0,1,0,0,4.2
01,30,03,01_03,panelist,none,NA,4.2,1,0,0,1,1,-0.2,4
01,30,04,01_04,panelist,med,NA,4.2,1,0,0,0,1,0.2,4.4
01,30,05,01_05,panelist,none,NA,4.2,1,0,0,1,0,0,4.2
01,30,06,01_06,panelist,none,NA,4.2,1,0,0,1,1,-0.1,4.1
01,30,07,01_07,panelist,high,NA,4.2,1,1,0,0,1,0.1,4.3
01,30,08,01_08,panelist,low,NA,4.2,1,0,1,0,0,0,4.2
01,30,09,01_09,panelist,low,NA,4.2,1,0,1,0,0,0,4.2
01,30,10,01_10,panelist,low,NA,4.2,1,0,1,0,0,0,4.2
01,30,11,01_11,panelist,none,NA,4.2,1,0,0,1,1,-0.1,4.1
01,30,12,01_12,reviewer,med,4.4,4.2,0,0,0,0,0,0,4.2
01,30,13,01_13,panelist,none,NA,4.2,1,0,0,1,0,0,4.2
01,30,14,01_14,panelist,high,NA,4.2,1,1,0,0,0,0,4.2
01,30,15,01_15,panelist,low,NA,4.2,1,0,1,0,0,0,4.2
01,30,16,01_16,panelist,none,NA,4.2,1,0,0,1,1,0.2,4.4
01,30,17,01_17,reviewer,low,4,4.2,0,0,1,0,0,0,4.2
01,30,18,01_18,reviewer,none,4.2,4.2,0,0,0,1,0,0,4.2
01,30,19,01_19,panelist,med,NA,4.2,1,0,0,0,0,0,4.2
01,30,20,01_20,panelist,low,NA,4.2,1,0,1,0,1,-0.1,4.1
01,30,21,01_21,panelist,low,NA,4.2,1,0,1,0,1,0.1,4.3
01,30,22,01_22,panelist,none,NA,4.2,1,0,0,1,1,0.1,4.3
01,30,23,01_23,panelist,med,NA,4.2,1,0,0,0,1,0.1,4.3
01,30,24,01_24,panelist,med,NA,4.2,1,0,0,0,1,0.3,4.5
02,5,01,02_01,panelist,none,NA,4,1,0,0,1,1,0.2,4.2
02,5,02,02_02,reviewer,low,4,4,0,0,1,0,1,-0.4,3.6
02,5,03,02_03,panelist,none,NA,4,1,0,0,1,1,0.1,4.1
02,5,04,02_04,panelist,low,NA,4,1,0,1,0,1,0.1,4.1
02,5,05,02_05,panelist,none,NA,4,1,0,0,1,0,0,4
02,5,06,02_06,panelist,med,NA,4,1,0,0,0,0,0,4
02,5,07,02_07,panelist,low,NA,4,1,0,1,0,0,0,4
02,5,08,02_08,panelist,high,NA,4,1,1,0,0,0,0,4
02,5,09,02_09,reviewer,none,4.1,4,0,0,0,1,1,0.3,4.3
02,5,10,02_10,panelist,none,NA,4,1,0,0,1,1,-0.4,3.6
02,5,11,02_11,panelist,none,NA,4,1,0,0,1,0,0,4
02,5,12,02_12,panelist,low,NA,4,1,0,1,0,0,0,4
02,5,13,02_13,reviewer,med,4,4,0,0,0,0,0,0,4
02,5,14,02_14,panelist,none,NA,4,1,0,0,1,1,-0.2,3.8
02,5,15,02_15,panelist,med,NA,4,1,0,0,0,0,0,4
02,5,16,02_16,panelist,none,NA,4,1,0,0,1,0,0,4
02,5,17,02_17,panelist,med,NA,4,1,0,0,0,0,0,4
02,5,18,02_18,panelist,none,NA,4,1,0,0,1,1,-0.2,3.8
02,5,19,02_19,panelist,high,NA,4,1,1,0,0,1,0.1,4.1
02,5,20,02_20,panelist,low,NA,4,1,0,1,0,0,0,4
02,5,21,02_21,panelist,none,NA,4,1,0,0,1,1,0.5,4.5
02,5,22,02_22,panelist,low,NA,4,1,0,1,0,0,0,4
02,5,23,02_23,panelist,low,NA,4,1,0,1,0,0,0,4
02,5,24,02_24,panelist,med,NA,4,1,0,0,0,1,-0.1,3.9
02,7,01,02_01,reviewer,low,4.3,4.1,0,0,1,0,0,0,4.1
02,7,02,02_02,panelist,none,NA,4.1,1,0,0,1,1,-0.1,4
02,7,03,02_03,panelist,low,NA,4.1,1,0,1,0,0,0,4.1
02,7,04,02_04,panelist,high,NA,4.1,1,1,0,0,0,0,4.1
02,7,05,02_05,panelist,none,NA,4.1,1,0,0,1,0,0,4.1
02,7,06,02_06,panelist,none,NA,4.1,1,0,0,1,0,0,4.1
02,7,07,02_07,panelist,none,NA,4.1,1,0,0,1,1,0.1,4.2
02,7,08,02_08,panelist,med,NA,4.1,1,0,0,0,0,0,4.1
02,7,09,02_09,panelist,low,NA,4.1,1,0,1,0,0,0,4.1
02,7,10,02_10,panelist,none,NA,4.1,1,0,0,1,1,-0.1,4
02,7,11,02_11,panelist,high,NA,4.1,1,1,0,0,0,0,4.1
02,7,12,02_12,panelist,none,NA,4.1,1,0,0,1,0,0,4.1
02,7,13,02_13,panelist,none,NA,4.1,1,0,0,1,0,0,4.1
02,7,14,02_14,panelist,low,NA,4.1,1,0,1,0,0,0,4.1
02,7,15,02_15,panelist,none,NA,4.1,1,0,0,1,1,0.4,4.5
02,7,16,02_16,panelist,none,NA,4.1,1,0,0,1,1,-0.1,4
02,7,17,02_17,reviewer,low,4.1,4.1,0,0,1,0,1,0.2,4.3
02,7,18,02_18,panelist,med,NA,4.1,1,0,0,0,0,0,4.1
02,7,19,02_19,panelist,low,NA,4.1,1,0,1,0,0,0,4.1
02,7,20,02_20,panelist,med,NA,4.1,1,0,0,0,0,0,4.1
02,7,21,02_21,panelist,low,NA,4.1,1,0,1,0,0,0,4.1
02,7,22,02_22,reviewer,none,3.8,4.1,0,0,0,1,1,0.4,4.5
02,7,23,02_23,panelist,med,NA,4.1,1,0,0,0,0,0,4.1
02,7,24,02_24,panelist,med,NA,4.1,1,0,0,0,1,-0.1,4
02,8,01,02_01,panelist,low,NA,3.6,1,0,1,0,0,0,3.6
02,8,02,02_02,panelist,none,NA,3.6,1,0,0,1,0,0,3.6
02,8,03,02_03,panelist,none,NA,3.6,1,0,0,1,0,0,3.6
02,8,04,02_04,panelist,low,NA,3.6,1,0,1,0,0,0,3.6
02,8,05,02_05,panelist,low,NA,3.6,1,0,1,0,0,0,3.6
02,8,06,02_06,panelist,none,NA,3.6,1,0,0,1,0,0,3.6
02,8,07,02_07,reviewer,low,3.7,3.6,0,0,1,0,0,0,3.6
02,8,08,02_08,panelist,low,NA,3.6,1,0,1,0,0,0,3.6
02,8,09,02_09,panelist,none,NA,3.6,1,0,0,1,1,0.1,3.7
02,8,10,02_10,reviewer,high,3.9,3.6,0,1,0,0,0,0,3.6
02,8,11,02_11,panelist,none,NA,3.6,1,0,0,1,1,0.1,3.7
02,8,12,02_12,panelist,none,NA,3.6,1,0,0,1,1,-0.1,3.5
02,8,13,02_13,panelist,none,NA,3.6,1,0,0,1,1,-0.2,3.4
02,8,14,02_14,panelist,none,NA,3.6,1,0,0,1,0,0,3.6
02,8,15,02_15,panelist,none,NA,3.6,1,0,0,1,0,0,3.6
02,8,16,02_16,panelist,med,NA,3.6,1,0,0,0,0,0,3.6
02,8,17,02_17,panelist,med,NA,3.6,1,0,0,0,1,-0.1,3.5
02,8,18,02_18,panelist,med,NA,3.6,1,0,0,0,1,0.1,3.7
02,8,19,02_19,panelist,none,NA,3.6,1,0,0,1,0,0,3.6
02,8,20,02_20,reviewer,high,3.2,3.6,0,1,0,0,0,0,3.6
02,8,21,02_21,panelist,med,NA,3.6,1,0,0,0,1,0.1,3.7
02,8,22,02_22,panelist,low,NA,3.6,1,0,1,0,1,0.1,3.7
02,8,23,02_23,panelist,med,NA,3.6,1,0,0,0,1,-0.2,3.4
02,8,24,02_24,panelist,low,NA,3.6,1,0,1,0,0,0,3.6
02,9,01,02_01,reviewer,low,3.9,3.5,0,0,1,0,0,0,3.5
02,9,02,02_02,panelist,high,NA,3.5,1,1,0,0,0,0,3.5
02,9,03,02_03,panelist,none,NA,3.5,1,0,0,1,0,0,3.5
02,9,04,02_04,panelist,med,NA,3.5,1,0,0,0,1,-0.1,3.4
02,9,05,02_05,panelist,low,NA,3.5,1,0,1,0,0,0,3.5
02,9,06,02_06,panelist,none,NA,3.5,1,0,0,1,1,-0.1,3.4
02,9,07,02_07,panelist,none,NA,3.5,1,0,0,1,1,-0.1,3.4
02,9,08,02_08,panelist,none,NA,3.5,1,0,0,1,1,-0.2,3.3
02,9,09,02_09,panelist,high,NA,3.5,1,1,0,0,0,0,3.5
02,9,10,02_10,panelist,none,NA,3.5,1,0,0,1,0,0,3.5
02,9,11,02_11,panelist,low,NA,3.5,1,0,1,0,0,0,3.5
02,9,12,02_12,panelist,none,NA,3.5,1,0,0,1,1,-0.1,3.4
02,9,13,02_13,panelist,none,NA,3.5,1,0,0,1,1,0.2,3.7
02,9,14,02_14,panelist,low,NA,3.5,1,0,1,0,0,0,3.5
02,9,15,02_15,panelist,none,NA,3.5,1,0,0,1,1,0.2,3.7
02,9,16,02_16,reviewer,none,3.4,3.5,0,0,0,1,1,0.5,4
02,9,17,02_17,panelist,low,NA,3.5,1,0,1,0,1,-0.2,3.3
02,9,18,02_18,panelist,none,NA,3.5,1,0,0,1,1,-0.1,3.4
02,9,19,02_19,panelist,med,NA,3.5,1,0,0,0,1,0.1,3.6
02,9,20,02_20,panelist,med,NA,3.5,1,0,0,0,0,0,3.5
02,9,21,02_21,panelist,med,NA,3.5,1,0,0,0,0,0,3.5
02,9,22,02_22,panelist,low,NA,3.5,1,0,1,0,0,0,3.5
02,9,23,02_23,panelist,low,NA,3.5,1,0,1,0,1,0.2,3.7
02,9,24,02_24,reviewer,med,3.3,3.5,0,0,0,0,0,0,3.5
02,10,01,02_01,panelist,none,NA,4.2,1,0,0,1,0,0,4.2
02,10,02,02_02,panelist,high,NA,4.2,1,1,0,0,1,-0.4,3.8
02,10,03,02_03,panelist,none,NA,4.2,1,0,0,1,1,0.1,4.3
02,10,04,02_04,panelist,none,NA,4.2,1,0,0,1,0,0,4.2
02,10,05,02_05,panelist,high,NA,4.2,1,1,0,0,0,0,4.2
02,10,06,02_06,panelist,none,NA,4.2,1,0,0,1,0,0,4.2
02,10,07,02_07,panelist,low,NA,4.2,1,0,1,0,1,-0.3,3.9
02,10,08,02_08,panelist,low,NA,4.2,1,0,1,0,0,0,4.2
02,10,09,02_09,reviewer,none,4,4.2,0,0,0,1,0,0,4.2
02,10,10,02_10,panelist,med,NA,4.2,1,0,0,0,0,0,4.2
02,10,11,02_11,panelist,low,NA,4.2,1,0,1,0,0,0,4.2
02,10,12,02_12,panelist,low,NA,4.2,1,0,1,0,0,0,4.2
02,10,13,02_13,panelist,low,NA,4.2,1,0,1,0,1,0.1,4.3
02,10,14,02_14,panelist,none,NA,4.2,1,0,0,1,0,0,4.2
02,10,15,02_15,reviewer,med,4.2,4.2,0,0,0,0,1,0.4,4.6
02,10,16,02_16,panelist,med,NA,4.2,1,0,0,0,0,0,4.2
02,10,17,02_17,reviewer,low,4.3,4.2,0,0,1,0,0,0,4.2
02,10,18,02_18,panelist,med,NA,4.2,1,0,0,0,0,0,4.2
02,10,19,02_19,panelist,none,NA,4.2,1,0,0,1,1,0.2,4.4
02,10,20,02_20,panelist,med,NA,4.2,1,0,0,0,0,0,4.2
02,10,21,02_21,panelist,low,NA,4.2,1,0,1,0,0,0,4.2
02,10,22,02_22,panelist,none,NA,4.2,1,0,0,1,1,0.1,4.3
02,10,23,02_23,panelist,none,NA,4.2,1,0,0,1,1,-0.3,3.9
02,10,24,02_24,panelist,none,NA,4.2,1,0,0,1,1,-0.1,4.1
02,14,01,02_01,panelist,low,NA,4.4,1,0,1,0,0,0,4.4
02,14,02,02_02,panelist,low,NA,4.4,1,0,1,0,0,0,4.4
02,14,03,02_03,panelist,low,NA,4.4,1,0,1,0,0,0,4.4
02,14,04,02_04,reviewer,none,4.2,4.4,0,0,0,1,1,0.3,4.7
02,14,05,02_05,panelist,none,NA,4.4,1,0,0,1,1,0.1,4.5
02,14,06,02_06,panelist,low,NA,4.4,1,0,1,0,1,-0.2,4.2
02,14,07,02_07,panelist,low,NA,4.4,1,0,1,0,1,-0.1,4.3
02,14,08,02_08,panelist,low,NA,4.4,1,0,1,0,0,0,4.4
02,14,09,02_09,panelist,low,NA,4.4,1,0,1,0,1,0.4,4.8
02,14,10,02_10,panelist,none,NA,4.4,1,0,0,1,1,0.1,4.5
02,14,11,02_11,reviewer,none,4.4,4.4,0,0,0,1,0,0,4.4
02,14,12,02_12,panelist,none,NA,4.4,1,0,0,1,0,0,4.4
02,14,13,02_13,panelist,med,NA,4.4,1,0,0,0,1,0.2,4.6
02,14,14,02_14,panelist,none,NA,4.4,1,0,0,1,0,0,4.4
02,14,15,02_15,panelist,none,NA,4.4,1,0,0,1,1,-0.2,4.2
02,14,16,02_16,panelist,high,NA,4.4,1,1,0,0,0,0,4.4
02,14,17,02_17,reviewer,none,4.5,4.4,0,0,0,1,0,0,4.4
02,14,18,02_18,panelist,none,NA,4.4,1,0,0,1,1,-0.1,4.3
02,14,19,02_19,panelist,med,NA,4.4,1,0,0,0,1,0.1,4.5
02,14,20,02_20,panelist,high,NA,4.4,1,1,0,0,1,-0.1,4.3
02,14,21,02_21,panelist,med,NA,4.4,1,0,0,0,0,0,4.4
02,14,22,02_22,panelist,med,NA,4.4,1,0,0,0,1,-0.2,4.2
02,14,23,02_23,panelist,med,NA,4.4,1,0,0,0,0,0,4.4
02,14,24,02_24,panelist,none,NA,4.4,1,0,0,1,0,0,4.4
02,15,01,02_01,panelist,low,NA,3.9,1,0,1,0,1,0.2,4.1
02,15,02,02_02,panelist,none,NA,3.9,1,0,0,1,0,0,3.9
02,15,03,02_03,panelist,none,NA,3.9,1,0,0,1,1,0.1,4
02,15,04,02_04,reviewer,none,3.7,3.9,0,0,0,1,1,-0.1,3.8
02,15,05,02_05,reviewer,med,4.1,3.9,0,0,0,0,0,0,3.9
02,15,06,02_06,reviewer,med,3.8,3.9,0,0,0,0,1,0.1,4
02,15,07,02_07,panelist,low,NA,3.9,1,0,1,0,1,0.1,4
02,15,08,02_08,panelist,med,NA,3.9,1,0,0,0,1,0.4,4.3
02,15,09,02_09,panelist,none,NA,3.9,1,0,0,1,0,0,3.9
02,15,10,02_10,panelist,low,NA,3.9,1,0,1,0,0,0,3.9
02,15,11,02_11,panelist,low,NA,3.9,1,0,1,0,1,0.1,4
02,15,12,02_12,panelist,low,NA,3.9,1,0,1,0,0,0,3.9
02,15,13,02_13,panelist,none,NA,3.9,1,0,0,1,0,0,3.9
02,15,14,02_14,panelist,none,NA,3.9,1,0,0,1,0,0,3.9
02,15,15,02_15,panelist,none,NA,3.9,1,0,0,1,1,0.1,4
02,15,16,02_16,panelist,low,NA,3.9,1,0,1,0,1,0.3,4.2
02,15,17,02_17,panelist,none,NA,3.9,1,0,0,1,0,0,3.9
02,15,18,02_18,panelist,high,NA,3.9,1,1,0,0,0,0,3.9
02,15,19,02_19,panelist,med,NA,3.9,1,0,0,0,1,0.1,4
02,15,20,02_20,panelist,none,NA,3.9,1,0,0,1,1,0.2,4.1
02,15,21,02_21,panelist,med,NA,3.9,1,0,0,0,0,0,3.9
02,15,22,02_22,panelist,low,NA,3.9,1,0,1,0,0,0,3.9
02,15,23,02_23,panelist,none,NA,3.9,1,0,0,1,1,0.3,4.2
02,15,24,02_24,panelist,high,NA,3.9,1,1,0,0,0,0,3.9
02,17,01,02_01,panelist,low,NA,4.3,1,0,1,0,0,0,4.3
02,17,02,02_02,panelist,med,NA,4.3,1,0,0,0,1,-0.2,4.1
02,17,03,02_03,panelist,med,NA,4.3,1,0,0,0,0,0,4.3
02,17,04,02_04,panelist,med,NA,4.3,1,0,0,0,0,0,4.3
02,17,05,02_05,reviewer,none,4.4,4.3,0,0,0,1,0,0,4.3
02,17,06,02_06,panelist,low,NA,4.3,1,0,1,0,1,-0.1,4.2
02,17,07,02_07,panelist,low,NA,4.3,1,0,1,0,0,0,4.3
02,17,08,02_08,panelist,med,NA,4.3,1,0,0,0,0,0,4.3
02,17,09,02_09,panelist,high,NA,4.3,1,1,0,0,0,0,4.3
02,17,10,02_10,reviewer,none,4.1,4.3,0,0,0,1,1,0.1,4.4
02,17,11,02_11,panelist,low,NA,4.3,1,0,1,0,0,0,4.3
02,17,12,02_12,panelist,low,NA,4.3,1,0,1,0,0,0,4.3
02,17,13,02_13,panelist,none,NA,4.3,1,0,0,1,1,0.1,4.4
02,17,14,02_14,panelist,none,NA,4.3,1,0,0,1,0,0,4.3
02,17,15,02_15,panelist,none,NA,4.3,1,0,0,1,1,0.1,4.4
02,17,16,02_16,panelist,none,NA,4.3,1,0,0,1,0,0,4.3
02,17,17,02_17,panelist,high,NA,4.3,1,1,0,0,0,0,4.3
02,17,18,02_18,panelist,none,NA,4.3,1,0,0,1,1,-0.2,4.1
02,17,19,02_19,panelist,none,NA,4.3,1,0,0,1,1,0.2,4.5
02,17,20,02_20,panelist,low,NA,4.3,1,0,1,0,1,-0.1,4.2
02,17,21,02_21,panelist,none,NA,4.3,1,0,0,1,0,0,4.3
02,17,22,02_22,reviewer,med,4.3,4.3,0,0,0,0,1,-0.2,4.1
02,17,23,02_23,panelist,low,NA,4.3,1,0,1,0,0,0,4.3
02,17,24,02_24,panelist,none,NA,4.3,1,0,0,1,1,-0.2,4.1
02,21,01,02_01,reviewer,none,4,4,0,0,0,1,1,0.4,4.4
02,21,02,02_02,panelist,none,NA,4,1,0,0,1,1,-0.1,3.9
02,21,03,02_03,panelist,low,NA,4,1,0,1,0,0,0,4
02,21,04,02_04,panelist,med,NA,4,1,0,0,0,0,0,4
02,21,05,02_05,panelist,none,NA,4,1,0,0,1,0,0,4
02,21,06,02_06,panelist,low,NA,4,1,0,1,0,0,0,4
02,21,07,02_07,panelist,none,NA,4,1,0,0,1,0,0,4
02,21,08,02_08,reviewer,none,4.2,4,0,0,0,1,0,0,4
02,21,09,02_09,panelist,med,NA,4,1,0,0,0,1,0.3,4.3
02,21,10,02_10,panelist,high,NA,4,1,1,0,0,0,0,4
02,21,11,02_11,panelist,none,NA,4,1,0,0,1,0,0,4
02,21,12,02_12,panelist,med,NA,4,1,0,0,0,0,0,4
02,21,13,02_13,reviewer,low,3.7,4,0,0,1,0,0,0,4
02,21,14,02_14,panelist,low,NA,4,1,0,1,0,1,-0.2,3.8
02,21,15,02_15,panelist,none,NA,4,1,0,0,1,1,0.1,4.1
02,21,16,02_16,panelist,high,NA,4,1,1,0,0,0,0,4
02,21,17,02_17,panelist,none,NA,4,1,0,0,1,1,0.1,4.1
02,21,18,02_18,panelist,low,NA,4,1,0,1,0,1,-0.3,3.7
02,21,19,02_19,panelist,med,NA,4,1,0,0,0,0,0,4
02,21,20,02_20,panelist,low,NA,4,1,0,1,0,0,0,4
02,21,21,02_21,panelist,none,NA,4,1,0,0,1,1,-0.1,3.9
02,21,22,02_22,panelist,med,NA,4,1,0,0,0,1,0.1,4.1
02,21,23,02_23,panelist,none,NA,4,1,0,0,1,0,0,4
02,21,24,02_24,panelist,low,NA,4,1,0,1,0,1,-0.3,3.7
02,22,01,02_01,panelist,none,NA,4.7,1,0,0,1,1,0.4,4.9
02,22,02,02_02,panelist,none,NA,4.7,1,0,0,1,1,-0.2,4.5
02,22,03,02_03,panelist,none,NA,4.7,1,0,0,1,0,0,4.7
02,22,04,02_04,panelist,none,NA,4.7,1,0,0,1,1,-0.1,4.6
02,22,05,02_05,panelist,none,NA,4.7,1,0,0,1,1,0.3,4.9
02,22,06,02_06,panelist,low,NA,4.7,1,0,1,0,1,0.3,4.9
02,22,07,02_07,panelist,high,NA,4.7,1,1,0,0,0,0,4.7
02,22,08,02_08,panelist,none,NA,4.7,1,0,0,1,0,0,4.7
02,22,09,02_09,panelist,low,NA,4.7,1,0,1,0,1,0.4,4.9
02,22,10,02_10,panelist,med,NA,4.7,1,0,0,0,1,-0.1,4.6
02,22,11,02_11,panelist,low,NA,4.7,1,0,1,0,1,0.1,4.8
02,22,12,02_12,panelist,low,NA,4.7,1,0,1,0,0,0,4.7
02,22,13,02_13,panelist,none,NA,4.7,1,0,0,1,0,0,4.7
02,22,14,02_14,panelist,none,NA,4.7,1,0,0,1,1,-0.2,4.5
02,22,15,02_15,panelist,none,NA,4.7,1,0,0,1,1,0.1,4.8
02,22,16,02_16,panelist,med,NA,4.7,1,0,0,0,0,0,4.7
02,22,17,02_17,panelist,high,NA,4.7,1,1,0,0,0,0,4.7
02,22,18,02_18,panelist,low,NA,4.7,1,0,1,0,1,-0.3,4.4
02,22,19,02_19,panelist,med,NA,4.7,1,0,0,0,0,0,4.7
02,22,20,02_20,panelist,med,NA,4.7,1,0,0,0,0,0,4.7
02,22,21,02_21,reviewer,none,4.8,4.7,0,0,0,1,1,0.1,4.8
02,22,22,02_22,reviewer,low,4.6,4.7,0,0,1,0,0,0,4.7
02,22,23,02_23,panelist,low,NA,4.7,1,0,1,0,0,0,4.7
02,22,24,02_24,reviewer,med,4.7,4.7,0,0,0,0,1,-0.2,4.5
02,23,01,02_01,panelist,none,NA,3.7,1,0,0,1,0,0,3.7
02,23,02,02_02,panelist,low,NA,3.7,1,0,1,0,1,0.1,3.8
02,23,03,02_03,panelist,low,NA,3.7,1,0,1,0,0,0,3.7
02,23,04,02_04,panelist,low,NA,3.7,1,0,1,0,1,-0.2,3.5
02,23,05,02_05,panelist,low,NA,3.7,1,0,1,0,0,0,3.7
02,23,06,02_06,panelist,low,NA,3.7,1,0,1,0,1,-0.1,3.6
02,23,07,02_07,panelist,none,NA,3.7,1,0,0,1,0,0,3.7
02,23,08,02_08,panelist,med,NA,3.7,1,0,0,0,1,0.1,3.8
02,23,09,02_09,panelist,none,NA,3.7,1,0,0,1,1,0.2,3.9
02,23,10,02_10,reviewer,none,3.5,3.7,0,0,0,1,0,0,3.7
02,23,11,02_11,panelist,none,NA,3.7,1,0,0,1,0,0,3.7
02,23,12,02_12,reviewer,none,3.7,3.7,0,0,0,1,0,0,3.7
02,23,13,02_13,panelist,med,NA,3.7,1,0,0,0,0,0,3.7
02,23,14,02_14,panelist,med,NA,3.7,1,0,0,0,0,0,3.7
02,23,15,02_15,panelist,low,NA,3.7,1,0,1,0,1,-0.1,3.6
02,23,16,02_16,panelist,none,NA,3.7,1,0,0,1,1,0.3,4
02,23,17,02_17,panelist,none,NA,3.7,1,0,0,1,0,0,3.7
02,23,18,02_18,panelist,low,NA,3.7,1,0,1,0,0,0,3.7
02,23,19,02_19,panelist,med,NA,3.7,1,0,0,0,0,0,3.7
02,23,20,02_20,reviewer,none,4,3.7,0,0,0,1,0,0,3.7
02,23,21,02_21,panelist,med,NA,3.7,1,0,0,0,1,0.1,3.8
02,23,22,02_22,panelist,high,NA,3.7,1,1,0,0,1,-0.1,3.6
02,23,23,02_23,panelist,high,NA,3.7,1,1,0,0,0,0,3.7
02,23,24,02_24,panelist,none,NA,3.7,1,0,0,1,1,-0.2,3.5
02,25,01,02_01,panelist,none,NA,4.1,1,0,0,1,1,0.3,4.4
02,25,02,02_02,panelist,low,NA,4.1,1,0,1,0,0,0,4.1
02,25,03,02_03,panelist,med,NA,4.1,1,0,0,0,0,0,4.1
02,25,04,02_04,panelist,none,NA,4.1,1,0,0,1,1,0.1,4.2
02,25,05,02_05,panelist,med,NA,4.1,1,0,0,0,0,0,4.1
02,25,06,02_06,panelist,none,NA,4.1,1,0,0,1,1,0.1,4.2
02,25,07,02_07,panelist,none,NA,4.1,1,0,0,1,0,0,4.1
02,25,08,02_08,panelist,none,NA,4.1,1,0,0,1,0,0,4.1
02,25,09,02_09,panelist,none,NA,4.1,1,0,0,1,1,-0.1,4
02,25,10,02_10,panelist,low,NA,4.1,1,0,1,0,0,0,4.1
02,25,11,02_11,panelist,med,NA,4.1,1,0,0,0,0,0,4.1
02,25,12,02_12,reviewer,high,3.8,4.1,0,1,0,0,0,0,4.1
02,25,13,02_13,reviewer,low,4.3,4.1,0,0,1,0,0,0,4.1
02,25,14,02_14,reviewer,low,4.3,4.1,0,0,1,0,1,0.2,4.3
02,25,15,02_15,panelist,high,NA,4.1,1,1,0,0,1,-0.1,4
02,25,16,02_16,panelist,none,NA,4.1,1,0,0,1,1,0.2,4.3
02,25,17,02_17,panelist,low,NA,4.1,1,0,1,0,0,0,4.1
02,25,18,02_18,panelist,none,NA,4.1,1,0,0,1,1,-0.3,3.8
02,25,19,02_19,panelist,none,NA,4.1,1,0,0,1,0,0,4.1
02,25,20,02_20,panelist,med,NA,4.1,1,0,0,0,1,-0.1,4
02,25,21,02_21,panelist,low,NA,4.1,1,0,1,0,1,0.2,4.3
02,25,22,02_22,panelist,none,NA,4.1,1,0,0,1,1,-0.4,3.7
02,25,23,02_23,panelist,low,NA,4.1,1,0,1,0,1,-0.2,3.9
02,25,24,02_24,panelist,med,NA,4.1,1,0,0,0,1,0.1,4.2
02,26,01,02_01,panelist,none,NA,4.1,1,0,0,1,0,0,4.1
02,26,02,02_02,panelist,low,NA,4.1,1,0,1,0,0,0,4.1
02,26,03,02_03,reviewer,none,4.1,4.1,0,0,0,1,1,0.1,4.2
02,26,04,02_04,panelist,none,NA,4.1,1,0,0,1,0,0,4.1
02,26,05,02_05,panelist,low,NA,4.1,1,0,1,0,1,0.1,4.2
02,26,06,02_06,panelist,low,NA,4.1,1,0,1,0,0,0,4.1
02,26,07,02_07,panelist,low,NA,4.1,1,0,1,0,0,0,4.1
02,26,08,02_08,panelist,high,NA,4.1,1,1,0,0,1,0.2,4.3
02,26,09,02_09,panelist,low,NA,4.1,1,0,1,0,0,0,4.1
02,26,10,02_10,panelist,none,NA,4.1,1,0,0,1,0,0,4.1
02,26,11,02_11,panelist,high,NA,4.1,1,1,0,0,0,0,4.1
02,26,12,02_12,panelist,low,NA,4.1,1,0,1,0,0,0,4.1
02,26,13,02_13,reviewer,none,4,4.1,0,0,0,1,0,0,4.1
02,26,14,02_14,panelist,none,NA,4.1,1,0,0,1,1,0.1,4.2
02,26,15,02_15,panelist,med,NA,4.1,1,0,0,0,1,0.4,4.5
02,26,16,02_16,panelist,none,NA,4.1,1,0,0,1,1,0.2,4.3
02,26,17,02_17,panelist,none,NA,4.1,1,0,0,1,1,0.1,4.2
02,26,18,02_18,panelist,low,NA,4.1,1,0,1,0,1,0.2,4.3
02,26,19,02_19,panelist,none,NA,4.1,1,0,0,1,0,0,4.1
02,26,20,02_20,panelist,none,NA,4.1,1,0,0,1,0,0,4.1
02,26,21,02_21,panelist,med,NA,4.1,1,0,0,0,0,0,4.1
02,26,22,02_22,reviewer,med,4.3,4.1,0,0,0,0,0,0,4.1
02,26,23,02_23,panelist,med,NA,4.1,1,0,0,0,1,-0.3,3.8
02,26,24,02_24,panelist,med,NA,4.1,1,0,0,0,1,-0.2,3.9
02,28,01,02_01,panelist,med,NA,4.5,1,0,0,0,1,0.4,4.9
02,28,02,02_02,panelist,none,NA,4.5,1,0,0,1,1,-0.3,4.2
02,28,03,02_03,panelist,low,NA,4.5,1,0,1,0,0,0,4.5
02,28,04,02_04,panelist,med,NA,4.5,1,0,0,0,0,0,4.5
02,28,05,02_05,panelist,high,NA,4.5,1,1,0,0,0,0,4.5
02,28,06,02_06,panelist,low,NA,4.5,1,0,1,0,1,0.2,4.7
02,28,07,02_07,panelist,none,NA,4.5,1,0,0,1,1,-0.4,4.1
02,28,08,02_08,panelist,none,NA,4.5,1,0,0,1,0,0,4.5
02,28,09,02_09,panelist,low,NA,4.5,1,0,1,0,0,0,4.5
02,28,10,02_10,panelist,none,NA,4.5,1,0,0,1,1,-0.1,4.4
02,28,11,02_11,panelist,low,NA,4.5,1,0,1,0,0,0,4.5
02,28,12,02_12,panelist,none,NA,4.5,1,0,0,1,1,-0.1,4.4
02,28,13,02_13,panelist,none,NA,4.5,1,0,0,1,1,0.3,4.8
02,28,14,02_14,reviewer,med,4.4,4.5,0,0,0,0,1,0.1,4.6
02,28,15,02_15,panelist,low,NA,4.5,1,0,1,0,0,0,4.5
02,28,16,02_16,panelist,low,NA,4.5,1,0,1,0,1,-0.1,4.4
02,28,17,02_17,panelist,low,NA,4.5,1,0,1,0,1,0.3,4.8
02,28,18,02_18,reviewer,none,4.3,4.5,0,0,0,1,0,0,4.5
02,28,19,02_19,panelist,med,NA,4.5,1,0,0,0,0,0,4.5
02,28,20,02_20,panelist,none,NA,4.5,1,0,0,1,0,0,4.5
02,28,21,02_21,panelist,none,NA,4.5,1,0,0,1,0,0,4.5
02,28,22,02_22,panelist,high,NA,4.5,1,1,0,0,0,0,4.5
02,28,23,02_23,reviewer,med,4.9,4.5,0,0,0,0,0,0,4.5
02,28,24,02_24,panelist,none,NA,4.5,1,0,0,1,1,-0.1,4.4
02,30,01,02_01,panelist,none,NA,3.8,1,0,0,1,0,0,3.8
02,30,02,02_02,panelist,low,NA,3.8,1,0,1,0,0,0,3.8
02,30,03,02_03,reviewer,low,3.7,3.8,0,0,1,0,1,0.1,3.9
02,30,04,02_04,panelist,high,NA,3.8,1,1,0,0,1,0.1,3.9
02,30,05,02_05,panelist,low,NA,3.8,1,0,1,0,1,0.1,3.9
02,30,06,02_06,panelist,low,NA,3.8,1,0,1,0,1,0.1,3.9
02,30,07,02_07,panelist,high,NA,3.8,1,1,0,0,1,0.1,3.9
02,30,08,02_08,reviewer,none,3.8,3.8,0,0,0,1,1,-0.1,3.7
02,30,09,02_09,panelist,med,NA,3.8,1,0,0,0,0,0,3.8
02,30,10,02_10,panelist,med,NA,3.8,1,0,0,0,1,0.3,4.1
02,30,11,02_11,panelist,low,NA,3.8,1,0,1,0,1,0.3,4.1
02,30,12,02_12,panelist,low,NA,3.8,1,0,1,0,0,0,3.8
02,30,13,02_13,panelist,med,NA,3.8,1,0,0,0,1,-0.2,3.6
02,30,14,02_14,reviewer,none,3.9,3.8,0,0,0,1,0,0,3.8
02,30,15,02_15,panelist,none,NA,3.8,1,0,0,1,1,-0.1,3.7
02,30,16,02_16,panelist,none,NA,3.8,1,0,0,1,0,0,3.8
02,30,17,02_17,panelist,low,NA,3.8,1,0,1,0,0,0,3.8
02,30,18,02_18,panelist,none,NA,3.8,1,0,0,1,0,0,3.8
02,30,19,02_19,panelist,none,NA,3.8,1,0,0,1,0,0,3.8
02,30,20,02_20,panelist,none,NA,3.8,1,0,0,1,0,0,3.8
02,30,21,02_21,panelist,med,NA,3.8,1,0,0,0,1,0.4,4.2
02,30,22,02_22,panelist,none,NA,3.8,1,0,0,1,1,-0.1,3.7
02,30,23,02_23,panelist,med,NA,3.8,1,0,0,0,0,0,3.8
02,30,24,02_24,panelist,none,NA,3.8,1,0,0,1,1,-0.3,3.5
03,1,01,03_01,panelist,none,NA,3.5,1,0,0,1,1,0.4,3.9
03,1,02,03_02,panelist,high,NA,3.5,1,1,0,0,1,0.1,3.6
03,1,03,03_03,panelist,low,NA,3.5,1,0,1,0,1,-0.2,3.3
03,1,04,03_04,panelist,none,NA,3.5,1,0,0,1,1,0.4,3.9
03,1,05,03_05,reviewer,high,3.8,3.5,0,1,0,0,0,0,3.5
03,1,06,03_06,panelist,low,NA,3.5,1,0,1,0,1,-0.3,3.2
03,1,07,03_07,panelist,none,NA,3.5,1,0,0,1,1,0.1,3.6
03,1,08,03_08,panelist,low,NA,3.5,1,0,1,0,0,0,3.5
03,1,09,03_09,panelist,med,NA,3.5,1,0,0,0,0,0,3.5
03,1,10,03_10,panelist,none,NA,3.5,1,0,0,1,0,0,3.5
03,1,11,03_11,panelist,low,NA,3.5,1,0,1,0,0,0,3.5
03,1,12,03_12,panelist,med,NA,3.5,1,0,0,0,1,0.2,3.7
03,1,13,03_13,panelist,none,NA,3.5,1,0,0,1,0,0,3.5
03,1,14,03_14,panelist,none,NA,3.5,1,0,0,1,0,0,3.5
03,1,15,03_15,reviewer,med,3.3,3.5,0,0,0,0,0,0,3.5
03,1,16,03_16,panelist,low,NA,3.5,1,0,1,0,1,0.3,3.8
03,1,17,03_17,panelist,low,NA,3.5,1,0,1,0,0,0,3.5
03,1,18,03_18,panelist,none,NA,3.5,1,0,0,1,1,-0.2,3.3
03,1,19,03_19,reviewer,med,3.3,3.5,0,0,0,0,0,0,3.5
03,1,20,03_20,panelist,none,NA,3.5,1,0,0,1,1,-0.1,3.4
03,1,21,03_21,panelist,med,NA,3.5,1,0,0,0,0,0,3.5
03,1,22,03_22,panelist,none,NA,3.5,1,0,0,1,0,0,3.5
03,1,23,03_23,panelist,low,NA,3.5,1,0,1,0,0,0,3.5
03,1,24,03_24,panelist,none,NA,3.5,1,0,0,1,0,0,3.5
03,3,01,03_01,panelist,none,NA,4.1,1,0,0,1,0,0,4.1
03,3,02,03_02,panelist,low,NA,4.1,1,0,1,0,1,0.1,4.2
03,3,03,03_03,panelist,med,NA,4.1,1,0,0,0,0,0,4.1
03,3,04,03_04,panelist,low,NA,4.1,1,0,1,0,0,0,4.1
03,3,05,03_05,panelist,med,NA,4.1,1,0,0,0,1,-0.1,4
03,3,06,03_06,panelist,med,NA,4.1,1,0,0,0,0,0,4.1
03,3,07,03_07,panelist,none,NA,4.1,1,0,0,1,1,-0.1,4
03,3,08,03_08,panelist,low,NA,4.1,1,0,1,0,1,-0.1,4
03,3,09,03_09,panelist,low,NA,4.1,1,0,1,0,1,-0.2,3.9
03,3,10,03_10,panelist,none,NA,4.1,1,0,0,1,1,0.2,4.3
03,3,11,03_11,reviewer,none,4,4.1,0,0,0,1,1,-0.1,4
03,3,12,03_12,panelist,none,NA,4.1,1,0,0,1,1,0.2,4.3
03,3,13,03_13,panelist,high,NA,4.1,1,1,0,0,1,-0.1,4
03,3,14,03_14,reviewer,low,4,4.1,0,0,1,0,0,0,4.1
03,3,15,03_15,panelist,none,NA,4.1,1,0,0,1,1,0.5,4.6
03,3,16,03_16,panelist,high,NA,4.1,1,1,0,0,0,0,4.1
03,3,17,03_17,panelist,low,NA,4.1,1,0,1,0,0,0,4.1
03,3,18,03_18,panelist,none,NA,4.1,1,0,0,1,0,0,4.1
03,3,19,03_19,panelist,none,NA,4.1,1,0,0,1,1,-0.1,4
03,3,20,03_20,panelist,med,NA,4.1,1,0,0,0,1,0.3,4.4
03,3,21,03_21,panelist,none,NA,4.1,1,0,0,1,1,-0.1,4
03,3,22,03_22,panelist,low,NA,4.1,1,0,1,0,0,0,4.1
03,3,23,03_23,panelist,med,NA,4.1,1,0,0,0,0,0,4.1
03,3,24,03_24,reviewer,none,4.2,4.1,0,0,0,1,0,0,4.1
03,6,01,03_01,panelist,low,NA,4,1,0,1,0,1,-0.1,3.9
03,6,02,03_02,panelist,none,NA,4,1,0,0,1,0,0,4
03,6,03,03_03,panelist,none,NA,4,1,0,0,1,0,0,4
03,6,04,03_04,panelist,none,NA,4,1,0,0,1,0,0,4
03,6,05,03_05,panelist,high,NA,4,1,1,0,0,0,0,4
03,6,06,03_06,reviewer,none,4.1,4,0,0,0,1,1,-0.1,3.9
03,6,07,03_07,panelist,none,NA,4,1,0,0,1,0,0,4
03,6,08,03_08,panelist,low,NA,4,1,0,1,0,1,0.2,4.2
03,6,09,03_09,panelist,low,NA,4,1,0,1,0,1,0.1,4.1
03,6,10,03_10,panelist,med,NA,4,1,0,0,0,0,0,4
03,6,11,03_11,panelist,med,NA,4,1,0,0,0,0,0,4
03,6,12,03_12,panelist,low,NA,4,1,0,1,0,0,0,4
03,6,13,03_13,panelist,high,NA,4,1,1,0,0,0,0,4
03,6,14,03_14,panelist,none,NA,4,1,0,0,1,1,-0.1,3.9
03,6,15,03_15,panelist,none,NA,4,1,0,0,1,0,0,4
03,6,16,03_16,reviewer,low,3.7,4,0,0,1,0,1,-0.1,3.9
03,6,17,03_17,panelist,low,NA,4,1,0,1,0,1,-0.2,3.8
03,6,18,03_18,panelist,med,NA,4,1,0,0,0,0,0,4
03,6,19,03_19,panelist,none,NA,4,1,0,0,1,1,0.2,4.2
03,6,20,03_20,panelist,none,NA,4,1,0,0,1,1,0.3,4.3
03,6,21,03_21,panelist,none,NA,4,1,0,0,1,0,0,4
03,6,22,03_22,panelist,med,NA,4,1,0,0,0,1,-0.1,3.9
03,6,23,03_23,reviewer,med,4.2,4,0,0,0,0,0,0,4
03,6,24,03_24,panelist,low,NA,4,1,0,1,0,1,0.1,4.1
03,7,01,03_01,reviewer,none,3.4,3.6,0,0,0,1,0,0,3.6
03,7,02,03_02,panelist,none,NA,3.6,1,0,0,1,0,0,3.6
03,7,03,03_03,panelist,none,NA,3.6,1,0,0,1,0,0,3.6
03,7,04,03_04,panelist,med,NA,3.6,1,0,0,0,0,0,3.6
03,7,05,03_05,panelist,none,NA,3.6,1,0,0,1,0,0,3.6
03,7,06,03_06,panelist,none,NA,3.6,1,0,0,1,0,0,3.6
03,7,07,03_07,panelist,med,NA,3.6,1,0,0,0,0,0,3.6
03,7,08,03_08,panelist,low,NA,3.6,1,0,1,0,1,0.2,3.8
03,7,09,03_09,panelist,med,NA,3.6,1,0,0,0,0,0,3.6
03,7,10,03_10,panelist,low,NA,3.6,1,0,1,0,1,0.3,3.9
03,7,11,03_11,panelist,none,NA,3.6,1,0,0,1,0,0,3.6
03,7,12,03_12,panelist,none,NA,3.6,1,0,0,1,0,0,3.6
03,7,13,03_13,panelist,low,NA,3.6,1,0,1,0,1,-0.2,3.4
03,7,14,03_14,panelist,high,NA,3.6,1,1,0,0,0,0,3.6
03,7,15,03_15,panelist,none,NA,3.6,1,0,0,1,1,-0.2,3.4
03,7,16,03_16,panelist,low,NA,3.6,1,0,1,0,0,0,3.6
03,7,17,03_17,panelist,low,NA,3.6,1,0,1,0,0,0,3.6
03,7,18,03_18,panelist,med,NA,3.6,1,0,0,0,1,0.1,3.7
03,7,19,03_19,reviewer,low,3.7,3.6,0,0,1,0,0,0,3.6
03,7,20,03_20,panelist,none,NA,3.6,1,0,0,1,1,0.1,3.7
03,7,21,03_21,panelist,low,NA,3.6,1,0,1,0,1,-0.3,3.3
03,7,22,03_22,panelist,med,NA,3.6,1,0,0,0,1,0.1,3.7
03,7,23,03_23,panelist,none,NA,3.6,1,0,0,1,0,0,3.6
03,7,24,03_24,reviewer,high,3.6,3.6,0,1,0,0,0,0,3.6
03,8,01,03_01,panelist,low,NA,3.9,1,0,1,0,0,0,3.9
03,8,02,03_02,panelist,none,NA,3.9,1,0,0,1,1,0.1,4
03,8,03,03_03,panelist,med,NA,3.9,1,0,0,0,0,0,3.9
03,8,04,03_04,reviewer,low,4.1,3.9,0,0,1,0,1,-0.1,3.8
03,8,05,03_05,panelist,low,NA,3.9,1,0,1,0,0,0,3.9
03,8,06,03_06,panelist,none,NA,3.9,1,0,0,1,1,-0.3,3.6
03,8,07,03_07,panelist,none,NA,3.9,1,0,0,1,1,-0.1,3.8
03,8,08,03_08,panelist,high,NA,3.9,1,1,0,0,0,0,3.9
03,8,09,03_09,panelist,none,NA,3.9,1,0,0,1,1,-0.1,3.8
03,8,10,03_10,reviewer,none,4.2,3.9,0,0,0,1,0,0,3.9
03,8,11,03_11,panelist,low,NA,3.9,1,0,1,0,1,0.2,4.1
03,8,12,03_12,panelist,none,NA,3.9,1,0,0,1,0,0,3.9
03,8,13,03_13,panelist,none,NA,3.9,1,0,0,1,0,0,3.9
03,8,14,03_14,panelist,med,NA,3.9,1,0,0,0,0,0,3.9
03,8,15,03_15,panelist,none,NA,3.9,1,0,0,1,1,-0.3,3.6
03,8,16,03_16,panelist,med,NA,3.9,1,0,0,0,0,0,3.9
03,8,17,03_17,panelist,med,NA,3.9,1,0,0,0,0,0,3.9
03,8,18,03_18,panelist,high,NA,3.9,1,1,0,0,0,0,3.9
03,8,19,03_19,panelist,med,NA,3.9,1,0,0,0,1,-0.2,3.7
03,8,20,03_20,panelist,low,NA,3.9,1,0,1,0,0,0,3.9
03,8,21,03_21,reviewer,none,3.4,3.9,0,0,0,1,1,-0.3,3.6
03,8,22,03_22,panelist,none,NA,3.9,1,0,0,1,1,0.1,4
03,8,23,03_23,panelist,low,NA,3.9,1,0,1,0,0,0,3.9
03,8,24,03_24,panelist,low,NA,3.9,1,0,1,0,1,0.1,4
03,9,01,03_01,panelist,med,NA,4.7,1,0,0,0,0,0,4.7
03,9,02,03_02,panelist,none,NA,4.7,1,0,0,1,0,0,4.7
03,9,03,03_03,panelist,low,NA,4.7,1,0,1,0,1,-0.1,4.6
03,9,04,03_04,panelist,med,NA,4.7,1,0,0,0,0,0,4.7
03,9,05,03_05,panelist,med,NA,4.7,1,0,0,0,1,-0.1,4.6
03,9,06,03_06,panelist,high,NA,4.7,1,1,0,0,0,0,4.7
03,9,07,03_07,panelist,low,NA,4.7,1,0,1,0,1,0.1,4.8
03,9,08,03_08,panelist,none,NA,4.7,1,0,0,1,1,0.3,4.9
03,9,09,03_09,panelist,low,NA,4.7,1,0,1,0,1,-0.1,4.6
03,9,10,03_10,reviewer,med,4.6,4.7,0,0,0,0,0,0,4.7
03,9,11,03_11,panelist,none,NA,4.7,1,0,0,1,0,0,4.7
03,9,12,03_12,panelist,none,NA,4.7,1,0,0,1,0,0,4.7
03,9,13,03_13,panelist,med,NA,4.7,1,0,0,0,1,-0.2,4.5
03,9,14,03_14,panelist,high,NA,4.7,1,1,0,0,0,0,4.7
03,9,15,03_15,panelist,low,NA,4.7,1,0,1,0,0,0,4.7
03,9,16,03_16,panelist,low,NA,4.7,1,0,1,0,0,0,4.7
03,9,17,03_17,panelist,none,NA,4.7,1,0,0,1,0,0,4.7
03,9,18,03_18,panelist,none,NA,4.7,1,0,0,1,0,0,4.7
03,9,19,03_19,panelist,none,NA,4.7,1,0,0,1,0,0,4.7
03,9,20,03_20,reviewer,none,4.8,4.7,0,0,0,1,0,0,4.7
03,9,21,03_21,panelist,low,NA,4.7,1,0,1,0,0,0,4.7
03,9,22,03_22,reviewer,none,4.7,4.7,0,0,0,1,0,0,4.7
03,9,23,03_23,panelist,low,NA,4.7,1,0,1,0,1,-0.1,4.6
03,9,24,03_24,panelist,none,NA,4.7,1,0,0,1,1,-0.1,4.6
03,12,01,03_01,panelist,high,NA,4,1,1,0,0,0,0,4
03,12,02,03_02,panelist,none,NA,4,1,0,0,1,0,0,4
03,12,03,03_03,reviewer,none,3.9,4,0,0,0,1,0,0,4
03,12,04,03_04,panelist,med,NA,4,1,0,0,0,0,0,4
03,12,05,03_05,panelist,none,NA,4,1,0,0,1,0,0,4
03,12,06,03_06,panelist,low,NA,4,1,0,1,0,1,-0.2,3.8
03,12,07,03_07,panelist,med,NA,4,1,0,0,0,1,-0.1,3.9
03,12,08,03_08,panelist,none,NA,4,1,0,0,1,1,0.1,4.1
03,12,09,03_09,panelist,none,NA,4,1,0,0,1,0,0,4
03,12,10,03_10,panelist,none,NA,4,1,0,0,1,0,0,4
03,12,11,03_11,reviewer,med,4.1,4,0,0,0,0,0,0,4
03,12,12,03_12,panelist,low,NA,4,1,0,1,0,1,0.3,4.3
03,12,13,03_13,panelist,none,NA,4,1,0,0,1,0,0,4
03,12,14,03_14,panelist,none,NA,4,1,0,0,1,1,0.2,4.2
03,12,15,03_15,panelist,med,NA,4,1,0,0,0,0,0,4
03,12,16,03_16,panelist,none,NA,4,1,0,0,1,0,0,4
03,12,17,03_17,panelist,med,NA,4,1,0,0,0,0,0,4
03,12,18,03_18,panelist,low,NA,4,1,0,1,0,0,0,4
03,12,19,03_19,panelist,low,NA,4,1,0,1,0,0,0,4
03,12,20,03_20,panelist,low,NA,4,1,0,1,0,0,0,4
03,12,21,03_21,reviewer,low,4,4,0,0,1,0,0,0,4
03,12,22,03_22,panelist,none,NA,4,1,0,0,1,1,-0.1,3.9
03,12,23,03_23,panelist,low,NA,4,1,0,1,0,0,0,4
03,12,24,03_24,panelist,high,NA,4,1,1,0,0,0,0,4
03,14,01,03_01,panelist,med,NA,3.9,1,0,0,0,1,0.1,4
03,14,02,03_02,panelist,low,NA,3.9,1,0,1,0,0,0,3.9
03,14,03,03_03,panelist,low,NA,3.9,1,0,1,0,0,0,3.9
03,14,04,03_04,panelist,med,NA,3.9,1,0,0,0,1,-0.2,3.7
03,14,05,03_05,panelist,med,NA,3.9,1,0,0,0,0,0,3.9
03,14,06,03_06,reviewer,high,4.1,3.9,0,1,0,0,0,0,3.9
03,14,07,03_07,panelist,none,NA,3.9,1,0,0,1,0,0,3.9
03,14,08,03_08,panelist,none,NA,3.9,1,0,0,1,1,-0.2,3.7
03,14,09,03_09,reviewer,none,3.5,3.9,0,0,0,1,1,-0.2,3.7
03,14,10,03_10,panelist,low,NA,3.9,1,0,1,0,1,-0.1,3.8
03,14,11,03_11,panelist,none,NA,3.9,1,0,0,1,0,0,3.9
03,14,12,03_12,reviewer,none,4,3.9,0,0,0,1,1,0.5,4.4
03,14,13,03_13,panelist,low,NA,3.9,1,0,1,0,0,0,3.9
03,14,14,03_14,panelist,none,NA,3.9,1,0,0,1,1,-0.1,3.8
03,14,15,03_15,panelist,none,NA,3.9,1,0,0,1,1,0.3,4.2
03,14,16,03_16,panelist,low,NA,3.9,1,0,1,0,1,0.1,4
03,14,17,03_17,panelist,high,NA,3.9,1,1,0,0,0,0,3.9
03,14,18,03_18,panelist,low,NA,3.9,1,0,1,0,0,0,3.9
03,14,19,03_19,panelist,med,NA,3.9,1,0,0,0,0,0,3.9
03,14,20,03_20,panelist,low,NA,3.9,1,0,1,0,1,0.2,4.1
03,14,21,03_21,panelist,none,NA,3.9,1,0,0,1,1,-0.2,3.7
03,14,22,03_22,panelist,none,NA,3.9,1,0,0,1,1,-0.1,3.8
03,14,23,03_23,panelist,none,NA,3.9,1,0,0,1,1,0.2,4.1
03,14,24,03_24,panelist,med,NA,3.9,1,0,0,0,1,0.1,4
03,15,01,03_01,panelist,none,NA,4.1,1,0,0,1,1,0.2,4.3
03,15,02,03_02,panelist,none,NA,4.1,1,0,0,1,1,-0.2,3.9
03,15,03,03_03,panelist,none,NA,4.1,1,0,0,1,0,0,4.1
03,15,04,03_04,panelist,high,NA,4.1,1,1,0,0,0,0,4.1
03,15,05,03_05,panelist,low,NA,4.1,1,0,1,0,1,-0.1,4
03,15,06,03_06,panelist,med,NA,4.1,1,0,0,0,0,0,4.1
03,15,07,03_07,panelist,none,NA,4.1,1,0,0,1,0,0,4.1
03,15,08,03_08,panelist,none,NA,4.1,1,0,0,1,0,0,4.1
03,15,09,03_09,panelist,med,NA,4.1,1,0,0,0,1,-0.1,4
03,15,10,03_10,panelist,med,NA,4.1,1,0,0,0,1,-0.2,3.9
03,15,11,03_11,panelist,none,NA,4.1,1,0,0,1,1,0.1,4.2
03,15,12,03_12,panelist,low,NA,4.1,1,0,1,0,0,0,4.1
03,15,13,03_13,panelist,none,NA,4.1,1,0,0,1,0,0,4.1
03,15,14,03_14,panelist,med,NA,4.1,1,0,0,0,1,-0.1,4
03,15,15,03_15,panelist,high,NA,4.1,1,1,0,0,0,0,4.1
03,15,16,03_16,panelist,low,NA,4.1,1,0,1,0,0,0,4.1
03,15,17,03_17,reviewer,low,3.9,4.1,0,0,1,0,0,0,4.1
03,15,18,03_18,panelist,none,NA,4.1,1,0,0,1,1,0.4,4.5
03,15,19,03_19,panelist,med,NA,4.1,1,0,0,0,1,0.1,4.2
03,15,20,03_20,panelist,none,NA,4.1,1,0,0,1,0,0,4.1
03,15,21,03_21,panelist,none,NA,4.1,1,0,0,1,1,-0.1,4
03,15,22,03_22,reviewer,low,4.1,4.1,0,0,1,0,0,0,4.1
03,15,23,03_23,reviewer,low,4.2,4.1,0,0,1,0,1,-0.1,4
03,15,24,03_24,panelist,low,NA,4.1,1,0,1,0,0,0,4.1
03,20,01,03_01,panelist,low,NA,3.7,1,0,1,0,0,0,3.7
03,20,02,03_02,panelist,none,NA,3.7,1,0,0,1,0,0,3.7
03,20,03,03_03,panelist,med,NA,3.7,1,0,0,0,0,0,3.7
03,20,04,03_04,panelist,high,NA,3.7,1,1,0,0,0,0,3.7
03,20,05,03_05,panelist,none,NA,3.7,1,0,0,1,1,0.3,4
03,20,06,03_06,panelist,none,NA,3.7,1,0,0,1,1,-0.2,3.5
03,20,07,03_07,panelist,none,NA,3.7,1,0,0,1,0,0,3.7
03,20,08,03_08,panelist,low,NA,3.7,1,0,1,0,1,0.3,4
03,20,09,03_09,panelist,none,NA,3.7,1,0,0,1,0,0,3.7
03,20,10,03_10,reviewer,none,3.8,3.7,0,0,0,1,1,0.1,3.8
03,20,11,03_11,panelist,low,NA,3.7,1,0,1,0,0,0,3.7
03,20,12,03_12,panelist,none,NA,3.7,1,0,0,1,0,0,3.7
03,20,13,03_13,panelist,low,NA,3.7,1,0,1,0,0,0,3.7
03,20,14,03_14,panelist,med,NA,3.7,1,0,0,0,0,0,3.7
03,20,15,03_15,reviewer,med,3.6,3.7,0,0,0,0,1,0.4,4.1
03,20,16,03_16,panelist,low,NA,3.7,1,0,1,0,0,0,3.7
03,20,17,03_17,panelist,low,NA,3.7,1,0,1,0,0,0,3.7
03,20,18,03_18,panelist,high,NA,3.7,1,1,0,0,1,-0.1,3.6
03,20,19,03_19,panelist,low,NA,3.7,1,0,1,0,1,-0.2,3.5
03,20,20,03_20,reviewer,med,3.7,3.7,0,0,0,0,0,0,3.7
03,20,21,03_21,panelist,med,NA,3.7,1,0,0,0,1,-0.2,3.5
03,20,22,03_22,panelist,none,NA,3.7,1,0,0,1,1,0.1,3.8
03,20,23,03_23,panelist,none,NA,3.7,1,0,0,1,1,0.2,3.9
03,20,24,03_24,panelist,none,NA,3.7,1,0,0,1,1,-0.2,3.5
03,23,01,03_01,reviewer,none,4.3,4.3,0,0,0,1,0,0,4.3
03,23,02,03_02,panelist,low,NA,4.3,1,0,1,0,0,0,4.3
03,23,03,03_03,panelist,none,NA,4.3,1,0,0,1,1,-0.3,4
03,23,04,03_04,reviewer,med,4.4,4.3,0,0,0,0,0,0,4.3
03,23,05,03_05,panelist,low,NA,4.3,1,0,1,0,1,0.1,4.4
03,23,06,03_06,panelist,none,NA,4.3,1,0,0,1,0,0,4.3
03,23,07,03_07,panelist,low,NA,4.3,1,0,1,0,0,0,4.3
03,23,08,03_08,panelist,high,NA,4.3,1,1,0,0,0,0,4.3
03,23,09,03_09,panelist,none,NA,4.3,1,0,0,1,1,0.1,4.4
03,23,10,03_10,panelist,none,NA,4.3,1,0,0,1,1,-0.1,4.2
03,23,11,03_11,panelist,none,NA,4.3,1,0,0,1,0,0,4.3
03,23,12,03_12,panelist,low,NA,4.3,1,0,1,0,1,0.3,4.6
03,23,13,03_13,panelist,none,NA,4.3,1,0,0,1,0,0,4.3
03,23,14,03_14,panelist,none,NA,4.3,1,0,0,1,0,0,4.3
03,23,15,03_15,panelist,low,NA,4.3,1,0,1,0,0,0,4.3
03,23,16,03_16,panelist,med,NA,4.3,1,0,0,0,0,0,4.3
03,23,17,03_17,panelist,med,NA,4.3,1,0,0,0,0,0,4.3
03,23,18,03_18,panelist,med,NA,4.3,1,0,0,0,1,-0.2,4.1
03,23,19,03_19,panelist,low,NA,4.3,1,0,1,0,1,0.1,4.4
03,23,20,03_20,panelist,low,NA,4.3,1,0,1,0,0,0,4.3
03,23,21,03_21,panelist,none,NA,4.3,1,0,0,1,1,-0.2,4.1
03,23,22,03_22,panelist,none,NA,4.3,1,0,0,1,0,0,4.3
03,23,23,03_23,reviewer,high,4.3,4.3,0,1,0,0,1,-0.2,4.1
03,23,24,03_24,panelist,med,NA,4.3,1,0,0,0,0,0,4.3
03,24,01,03_01,panelist,none,NA,3.7,1,0,0,1,1,0.4,4.1
03,24,02,03_02,panelist,none,NA,3.7,1,0,0,1,0,0,3.7
03,24,03,03_03,panelist,none,NA,3.7,1,0,0,1,0,0,3.7
03,24,04,03_04,reviewer,med,3.5,3.7,0,0,0,0,0,0,3.7
03,24,05,03_05,panelist,none,NA,3.7,1,0,0,1,1,0.1,3.8
03,24,06,03_06,reviewer,low,3.8,3.7,0,0,1,0,0,0,3.7
03,24,07,03_07,panelist,none,NA,3.7,1,0,0,1,0,0,3.7
03,24,08,03_08,panelist,low,NA,3.7,1,0,1,0,0,0,3.7
03,24,09,03_09,panelist,high,NA,3.7,1,1,0,0,0,0,3.7
03,24,10,03_10,reviewer,none,3.7,3.7,0,0,0,1,1,-0.1,3.6
03,24,11,03_11,panelist,low,NA,3.7,1,0,1,0,0,0,3.7
03,24,12,03_12,panelist,med,NA,3.7,1,0,0,0,1,0.3,4
03,24,13,03_13,panelist,med,NA,3.7,1,0,0,0,1,-0.1,3.6
03,24,14,03_14,panelist,none,NA,3.7,1,0,0,1,0,0,3.7
03,24,15,03_15,panelist,none,NA,3.7,1,0,0,1,1,0.1,3.8
03,24,16,03_16,panelist,low,NA,3.7,1,0,1,0,1,0.1,3.8
03,24,17,03_17,panelist,none,NA,3.7,1,0,0,1,1,0.2,3.9
03,24,18,03_18,panelist,med,NA,3.7,1,0,0,0,1,0.1,3.8
03,24,19,03_19,panelist,high,NA,3.7,1,1,0,0,0,0,3.7
03,24,20,03_20,panelist,low,NA,3.7,1,0,1,0,1,0.2,3.9
03,24,21,03_21,panelist,low,NA,3.7,1,0,1,0,0,0,3.7
03,24,22,03_22,panelist,med,NA,3.7,1,0,0,0,1,-0.1,3.6
03,24,23,03_23,panelist,none,NA,3.7,1,0,0,1,0,0,3.7
03,24,24,03_24,panelist,low,NA,3.7,1,0,1,0,0,0,3.7
03,26,01,03_01,panelist,med,NA,3.8,1,0,0,0,0,0,3.8
03,26,02,03_02,panelist,low,NA,3.8,1,0,1,0,1,0.3,4.1
03,26,03,03_03,panelist,none,NA,3.8,1,0,0,1,0,0,3.8
03,26,04,03_04,panelist,med,NA,3.8,1,0,0,0,0,0,3.8
03,26,05,03_05,panelist,high,NA,3.8,1,1,0,0,0,0,3.8
03,26,06,03_06,panelist,none,NA,3.8,1,0,0,1,1,-0.4,3.4
03,26,07,03_07,panelist,none,NA,3.8,1,0,0,1,0,0,3.8
03,26,08,03_08,panelist,none,NA,3.8,1,0,0,1,1,0.2,4
03,26,09,03_09,panelist,none,NA,3.8,1,0,0,1,0,0,3.8
03,26,10,03_10,panelist,med,NA,3.8,1,0,0,0,1,0.2,4
03,26,11,03_11,panelist,low,NA,3.8,1,0,1,0,0,0,3.8
03,26,12,03_12,panelist,low,NA,3.8,1,0,1,0,0,0,3.8
03,26,13,03_13,panelist,none,NA,3.8,1,0,0,1,0,0,3.8
03,26,14,03_14,panelist,low,NA,3.8,1,0,1,0,0,0,3.8
03,26,15,03_15,reviewer,low,3.7,3.8,0,0,1,0,1,0.3,4.1
03,26,16,03_16,panelist,none,NA,3.8,1,0,0,1,0,0,3.8
03,26,17,03_17,reviewer,med,3.9,3.8,0,0,0,0,0,0,3.8
03,26,18,03_18,panelist,none,NA,3.8,1,0,0,1,0,0,3.8
03,26,19,03_19,panelist,low,NA,3.8,1,0,1,0,0,0,3.8
03,26,20,03_20,panelist,low,NA,3.8,1,0,1,0,0,0,3.8
03,26,21,03_21,reviewer,none,3.8,3.8,0,0,0,1,1,-0.1,3.7
03,26,22,03_22,panelist,none,NA,3.8,1,0,0,1,0,0,3.8
03,26,23,03_23,panelist,high,NA,3.8,1,1,0,0,0,0,3.8
03,26,24,03_24,panelist,med,NA,3.8,1,0,0,0,0,0,3.8
03,28,01,03_01,panelist,none,NA,4.5,1,0,0,1,1,0.1,4.6
03,28,02,03_02,panelist,med,NA,4.5,1,0,0,0,1,0.1,4.6
03,28,03,03_03,panelist,high,NA,4.5,1,1,0,0,1,-0.2,4.3
03,28,04,03_04,reviewer,med,4.3,4.5,0,0,0,0,0,0,4.5
03,28,05,03_05,panelist,low,NA,4.5,1,0,1,0,0,0,4.5
03,28,06,03_06,panelist,none,NA,4.5,1,0,0,1,1,-0.1,4.4
03,28,07,03_07,panelist,high,NA,4.5,1,1,0,0,0,0,4.5
03,28,08,03_08,panelist,med,NA,4.5,1,0,0,0,1,-0.1,4.4
03,28,09,03_09,panelist,low,NA,4.5,1,0,1,0,1,-0.4,4.1
03,28,10,03_10,panelist,none,NA,4.5,1,0,0,1,0,0,4.5
03,28,11,03_11,panelist,none,NA,4.5,1,0,0,1,1,0.4,4.9
03,28,12,03_12,panelist,low,NA,4.5,1,0,1,0,0,0,4.5
03,28,13,03_13,panelist,med,NA,4.5,1,0,0,0,0,0,4.5
03,28,14,03_14,panelist,none,NA,4.5,1,0,0,1,0,0,4.5
03,28,15,03_15,panelist,none,NA,4.5,1,0,0,1,0,0,4.5
03,28,16,03_16,panelist,low,NA,4.5,1,0,1,0,0,0,4.5
03,28,17,03_17,panelist,none,NA,4.5,1,0,0,1,0,0,4.5
03,28,18,03_18,panelist,low,NA,4.5,1,0,1,0,1,-0.2,4.3
03,28,19,03_19,panelist,low,NA,4.5,1,0,1,0,1,-0.1,4.4
03,28,20,03_20,panelist,med,NA,4.5,1,0,0,0,0,0,4.5
03,28,21,03_21,reviewer,none,4.4,4.5,0,0,0,1,0,0,4.5
03,28,22,03_22,panelist,none,NA,4.5,1,0,0,1,1,-0.2,4.3
03,28,23,03_23,panelist,low,NA,4.5,1,0,1,0,1,0.3,4.8
03,28,24,03_24,reviewer,none,4.7,4.5,0,0,0,1,0,0,4.5
03,30,01,03_01,panelist,med,NA,4.3,1,0,0,0,1,0.2,4.5
03,30,02,03_02,panelist,med,NA,4.3,1,0,0,0,1,0.3,4.6
03,30,03,03_03,panelist,high,NA,4.3,1,1,0,0,0,0,4.3
03,30,04,03_04,panelist,none,NA,4.3,1,0,0,1,1,0.1,4.4
03,30,05,03_05,reviewer,none,4.3,4.3,0,0,0,1,0,0,4.3
03,30,06,03_06,reviewer,low,4.4,4.3,0,0,1,0,1,-0.2,4.1
03,30,07,03_07,panelist,none,NA,4.3,1,0,0,1,1,-0.1,4.2
03,30,08,03_08,panelist,none,NA,4.3,1,0,0,1,1,0.1,4.4
03,30,09,03_09,panelist,none,NA,4.3,1,0,0,1,0,0,4.3
03,30,10,03_10,panelist,none,NA,4.3,1,0,0,1,0,0,4.3
03,30,11,03_11,panelist,none,NA,4.3,1,0,0,1,0,0,4.3
03,30,12,03_12,panelist,high,NA,4.3,1,1,0,0,0,0,4.3
03,30,13,03_13,panelist,med,NA,4.3,1,0,0,0,0,0,4.3
03,30,14,03_14,panelist,low,NA,4.3,1,0,1,0,1,-0.3,4
03,30,15,03_15,reviewer,low,4.2,4.3,0,0,1,0,0,0,4.3
03,30,16,03_16,panelist,med,NA,4.3,1,0,0,0,0,0,4.3
03,30,17,03_17,panelist,low,NA,4.3,1,0,1,0,0,0,4.3
03,30,18,03_18,panelist,low,NA,4.3,1,0,1,0,0,0,4.3
03,30,19,03_19,panelist,none,NA,4.3,1,0,0,1,1,0.1,4.4
03,30,20,03_20,panelist,none,NA,4.3,1,0,0,1,1,0.1,4.4
03,30,21,03_21,panelist,low,NA,4.3,1,0,1,0,0,0,4.3
03,30,22,03_22,panelist,med,NA,4.3,1,0,0,0,0,0,4.3
03,30,23,03_23,panelist,low,NA,4.3,1,0,1,0,0,0,4.3
03,30,24,03_24,panelist,none,NA,4.3,1,0,0,1,1,-0.1,4.2
04,2,01,04_01,panelist,none,NA,4.2,1,0,0,1,0,0,4.2
04,2,02,04_02,panelist,none,NA,4.2,1,0,0,1,0,0,4.2
04,2,03,04_03,panelist,none,NA,4.2,1,0,0,1,0,0,4.2
04,2,04,04_04,panelist,low,NA,4.2,1,0,1,0,0,0,4.2
04,2,05,04_05,panelist,low,NA,4.2,1,0,1,0,1,0.3,4.5
04,2,06,04_06,panelist,low,NA,4.2,1,0,1,0,0,0,4.2
04,2,07,04_07,panelist,none,NA,4.2,1,0,0,1,0,0,4.2
04,2,08,04_08,panelist,low,NA,4.2,1,0,1,0,1,-0.2,4
04,2,09,04_09,reviewer,med,3.9,4.2,0,0,0,0,1,-0.3,3.9
04,2,10,04_10,reviewer,low,4.2,4.2,0,0,1,0,1,-0.1,4.1
04,2,11,04_11,panelist,none,NA,4.2,1,0,0,1,1,0.2,4.4
04,2,12,04_12,panelist,high,NA,4.2,1,1,0,0,1,-0.2,4
04,2,13,04_13,panelist,none,NA,4.2,1,0,0,1,1,0.1,4.3
04,2,14,04_14,panelist,none,NA,4.2,1,0,0,1,1,0.1,4.3
04,2,15,04_15,panelist,med,NA,4.2,1,0,0,0,1,0.2,4.4
04,2,16,04_16,panelist,none,NA,4.2,1,0,0,1,0,0,4.2
04,2,17,04_17,panelist,med,NA,4.2,1,0,0,0,0,0,4.2
04,2,18,04_18,panelist,none,NA,4.2,1,0,0,1,1,0.2,4.4
04,2,19,04_19,panelist,none,NA,4.2,1,0,0,1,1,0.5,4.7
04,2,20,04_20,panelist,med,NA,4.2,1,0,0,0,1,-0.1,4.1
04,2,21,04_21,panelist,low,NA,4.2,1,0,1,0,0,0,4.2
04,2,22,04_22,panelist,low,NA,4.2,1,0,1,0,1,0.2,4.4
04,2,23,04_23,panelist,med,NA,4.2,1,0,0,0,0,0,4.2
04,2,24,04_24,reviewer,high,4.4,4.2,0,1,0,0,1,0.1,4.3
04,3,01,04_01,panelist,low,NA,4.6,1,0,1,0,0,0,4.6
04,3,02,04_02,panelist,low,NA,4.6,1,0,1,0,0,0,4.6
04,3,03,04_03,panelist,med,NA,4.6,1,0,0,0,1,-0.1,4.5
04,3,04,04_04,panelist,high,NA,4.6,1,1,0,0,0,0,4.6
04,3,05,04_05,panelist,none,NA,4.6,1,0,0,1,0,0,4.6
04,3,06,04_06,panelist,med,NA,4.6,1,0,0,0,0,0,4.6
04,3,07,04_07,reviewer,none,4.2,4.6,0,0,0,1,1,0.1,4.7
04,3,08,04_08,reviewer,low,4.6,4.6,0,0,1,0,0,0,4.6
04,3,09,04_09,panelist,none,NA,4.6,1,0,0,1,0,0,4.6
04,3,10,04_10,panelist,med,NA,4.6,1,0,0,0,1,-0.3,4.3
04,3,11,04_11,panelist,low,NA,4.6,1,0,1,0,0,0,4.6
04,3,12,04_12,reviewer,low,4.9,4.6,0,0,1,0,0,0,4.6
04,3,13,04_13,panelist,med,NA,4.6,1,0,0,0,1,-0.4,4.2
04,3,14,04_14,panelist,med,NA,4.6,1,0,0,0,1,0.1,4.7
04,3,15,04_15,panelist,none,NA,4.6,1,0,0,1,0,0,4.6
04,3,16,04_16,panelist,low,NA,4.6,1,0,1,0,1,-0.4,4.2
04,3,17,04_17,panelist,high,NA,4.6,1,1,0,0,1,0.1,4.7
04,3,18,04_18,panelist,none,NA,4.6,1,0,0,1,0,0,4.6
04,3,19,04_19,panelist,none,NA,4.6,1,0,0,1,1,0.4,4.9
04,3,20,04_20,panelist,none,NA,4.6,1,0,0,1,0,0,4.6
04,3,21,04_21,panelist,low,NA,4.6,1,0,1,0,1,-0.1,4.5
04,3,22,04_22,panelist,none,NA,4.6,1,0,0,1,1,-0.1,4.5
04,3,23,04_23,panelist,none,NA,4.6,1,0,0,1,0,0,4.6
04,3,24,04_24,panelist,none,NA,4.6,1,0,0,1,0,0,4.6
04,4,01,04_01,panelist,low,NA,4,1,0,1,0,1,-0.2,3.8
04,4,02,04_02,reviewer,med,4.3,4,0,0,0,0,0,0,4
04,4,03,04_03,panelist,low,NA,4,1,0,1,0,1,-0.2,3.8
04,4,04,04_04,panelist,med,NA,4,1,0,0,0,1,0.1,4.1
04,4,05,04_05,panelist,low,NA,4,1,0,1,0,1,0.4,4.4
04,4,06,04_06,reviewer,med,4.3,4,0,0,0,0,0,0,4
04,4,07,04_07,panelist,low,NA,4,1,0,1,0,1,-0.2,3.8
04,4,08,04_08,panelist,none,NA,4,1,0,0,1,1,0.1,4.1
04,4,09,04_09,panelist,none,NA,4,1,0,0,1,1,-0.2,3.8
04,4,10,04_10,panelist,low,NA,4,1,0,1,0,1,-0.3,3.7
04,4,11,04_11,reviewer,high,3.4,4,0,1,0,0,0,0,4
04,4,12,04_12,panelist,high,NA,4,1,1,0,0,0,0,4
04,4,13,04_13,panelist,low,NA,4,1,0,1,0,1,-0.3,3.7
04,4,14,04_14,panelist,med,NA,4,1,0,0,0,0,0,4
04,4,15,04_15,panelist,none,NA,4,1,0,0,1,0,0,4
04,4,16,04_16,panelist,low,NA,4,1,0,1,0,1,0.1,4.1
04,4,17,04_17,panelist,none,NA,4,1,0,0,1,1,-0.2,3.8
04,4,18,04_18,panelist,none,NA,4,1,0,0,1,1,-0.2,3.8
04,4,19,04_19,panelist,none,NA,4,1,0,0,1,0,0,4
04,4,20,04_20,panelist,none,NA,4,1,0,0,1,1,0.2,4.2
04,4,21,04_21,panelist,none,NA,4,1,0,0,1,1,-0.3,3.7
04,4,22,04_22,panelist,med,NA,4,1,0,0,0,0,0,4
04,4,23,04_23,panelist,none,NA,4,1,0,0,1,0,0,4
04,4,24,04_24,panelist,none,NA,4,1,0,0,1,1,-0.2,3.8
04,5,01,04_01,panelist,none,NA,4.4,1,0,0,1,0,0,4.4
04,5,02,04_02,panelist,low,NA,4.4,1,0,1,0,0,0,4.4
04,5,03,04_03,panelist,none,NA,4.4,1,0,0,1,0,0,4.4
04,5,04,04_04,reviewer,none,4.3,4.4,0,0,0,1,1,-0.1,4.3
04,5,05,04_05,panelist,none,NA,4.4,1,0,0,1,0,0,4.4
04,5,06,04_06,panelist,none,NA,4.4,1,0,0,1,1,-0.1,4.3
04,5,07,04_07,panelist,med,NA,4.4,1,0,0,0,0,0,4.4
04,5,08,04_08,panelist,low,NA,4.4,1,0,1,0,1,0.1,4.5
04,5,09,04_09,panelist,high,NA,4.4,1,1,0,0,1,0.1,4.5
04,5,10,04_10,panelist,none,NA,4.4,1,0,0,1,0,0,4.4
04,5,11,04_11,panelist,low,NA,4.4,1,0,1,0,0,0,4.4
04,5,12,04_12,panelist,med,NA,4.4,1,0,0,0,1,0.1,4.5
04,5,13,04_13,panelist,low,NA,4.4,1,0,1,0,0,0,4.4
04,5,14,04_14,reviewer,low,4.5,4.4,0,0,1,0,0,0,4.4
04,5,15,04_15,panelist,med,NA,4.4,1,0,0,0,0,0,4.4
04,5,16,04_16,panelist,none,NA,4.4,1,0,0,1,1,-0.3,4.1
04,5,17,04_17,reviewer,none,4.5,4.4,0,0,0,1,1,0.1,4.5
04,5,18,04_18,panelist,none,NA,4.4,1,0,0,1,0,0,4.4
04,5,19,04_19,panelist,med,NA,4.4,1,0,0,0,1,0.2,4.6
04,5,20,04_20,panelist,none,NA,4.4,1,0,0,1,0,0,4.4
04,5,21,04_21,panelist,low,NA,4.4,1,0,1,0,0,0,4.4
04,5,22,04_22,panelist,high,NA,4.4,1,1,0,0,1,0.1,4.5
04,5,23,04_23,panelist,low,NA,4.4,1,0,1,0,1,0.1,4.5
04,5,24,04_24,panelist,med,NA,4.4,1,0,0,0,0,0,4.4
04,9,01,04_01,panelist,low,NA,4,1,0,1,0,1,0.1,4.1
04,9,02,04_02,panelist,none,NA,4,1,0,0,1,1,0.3,4.3
04,9,03,04_03,reviewer,med,3.9,4,0,0,0,0,0,0,4
04,9,04,04_04,panelist,none,NA,4,1,0,0,1,1,-0.3,3.7
04,9,05,04_05,panelist,low,NA,4,1,0,1,0,1,0.1,4.1
04,9,06,04_06,panelist,none,NA,4,1,0,0,1,1,-0.3,3.7
04,9,07,04_07,panelist,low,NA,4,1,0,1,0,0,0,4
04,9,08,04_08,reviewer,low,4.2,4,0,0,1,0,0,0,4
04,9,09,04_09,panelist,none,NA,4,1,0,0,1,0,0,4
04,9,10,04_10,panelist,low,NA,4,1,0,1,0,0,0,4
04,9,11,04_11,panelist,low,NA,4,1,0,1,0,0,0,4
04,9,12,04_12,reviewer,high,3.9,4,0,1,0,0,0,0,4
04,9,13,04_13,panelist,none,NA,4,1,0,0,1,1,-0.2,3.8
04,9,14,04_14,panelist,none,NA,4,1,0,0,1,0,0,4
04,9,15,04_15,panelist,med,NA,4,1,0,0,0,1,-0.2,3.8
04,9,16,04_16,panelist,none,NA,4,1,0,0,1,0,0,4
04,9,17,04_17,panelist,none,NA,4,1,0,0,1,1,0.2,4.2
04,9,18,04_18,panelist,med,NA,4,1,0,0,0,1,-0.1,3.9
04,9,19,04_19,panelist,high,NA,4,1,1,0,0,0,0,4
04,9,20,04_20,panelist,none,NA,4,1,0,0,1,0,0,4
04,9,21,04_21,panelist,med,NA,4,1,0,0,0,0,0,4
04,9,22,04_22,panelist,low,NA,4,1,0,1,0,1,-0.1,3.9
04,9,23,04_23,panelist,med,NA,4,1,0,0,0,1,0.2,4.2
04,9,24,04_24,panelist,none,NA,4,1,0,0,1,0,0,4
04,12,01,04_01,panelist,none,NA,4.5,1,0,0,1,1,-0.3,4.2
04,12,02,04_02,panelist,none,NA,4.5,1,0,0,1,0,0,4.5
04,12,03,04_03,panelist,none,NA,4.5,1,0,0,1,1,-0.2,4.3
04,12,04,04_04,panelist,low,NA,4.5,1,0,1,0,1,-0.3,4.2
04,12,05,04_05,panelist,med,NA,4.5,1,0,0,0,0,0,4.5
04,12,06,04_06,panelist,low,NA,4.5,1,0,1,0,0,0,4.5
04,12,07,04_07,panelist,none,NA,4.5,1,0,0,1,1,0.1,4.6
04,12,08,04_08,panelist,high,NA,4.5,1,1,0,0,0,0,4.5
04,12,09,04_09,panelist,med,NA,4.5,1,0,0,0,0,0,4.5
04,12,10,04_10,panelist,none,NA,4.5,1,0,0,1,1,-0.2,4.3
04,12,11,04_11,panelist,med,NA,4.5,1,0,0,0,1,-0.1,4.4
04,12,12,04_12,panelist,none,NA,4.5,1,0,0,1,1,0.2,4.7
04,12,13,04_13,reviewer,none,4.4,4.5,0,0,0,1,1,-0.1,4.4
04,12,14,04_14,panelist,low,NA,4.5,1,0,1,0,1,0.1,4.6
04,12,15,04_15,reviewer,med,4.5,4.5,0,0,0,0,0,0,4.5
04,12,16,04_16,panelist,high,NA,4.5,1,1,0,0,0,0,4.5
04,12,17,04_17,panelist,none,NA,4.5,1,0,0,1,1,0.1,4.6
04,12,18,04_18,panelist,low,NA,4.5,1,0,1,0,0,0,4.5
04,12,19,04_19,panelist,low,NA,4.5,1,0,1,0,0,0,4.5
04,12,20,04_20,panelist,low,NA,4.5,1,0,1,0,1,0.1,4.6
04,12,21,04_21,panelist,med,NA,4.5,1,0,0,0,0,0,4.5
04,12,22,04_22,reviewer,none,4.5,4.5,0,0,0,1,0,0,4.5
04,12,23,04_23,panelist,none,NA,4.5,1,0,0,1,1,0.3,4.8
04,12,24,04_24,panelist,low,NA,4.5,1,0,1,0,0,0,4.5
04,15,01,04_01,panelist,med,NA,3.6,1,0,0,0,0,0,3.6
04,15,02,04_02,panelist,none,NA,3.6,1,0,0,1,0,0,3.6
04,15,03,04_03,panelist,none,NA,3.6,1,0,0,1,0,0,3.6
04,15,04,04_04,panelist,none,NA,3.6,1,0,0,1,1,-0.3,3.3
04,15,05,04_05,panelist,med,NA,3.6,1,0,0,0,1,0.3,3.9
04,15,06,04_06,panelist,low,NA,3.6,1,0,1,0,1,-0.1,3.5
04,15,07,04_07,panelist,med,NA,3.6,1,0,0,0,0,0,3.6
04,15,08,04_08,reviewer,low,3.2,3.6,0,0,1,0,1,0.3,3.9
04,15,09,04_09,panelist,none,NA,3.6,1,0,0,1,1,0.1,3.7
04,15,10,04_10,panelist,med,NA,3.6,1,0,0,0,0,0,3.6
04,15,11,04_11,reviewer,none,3.8,3.6,0,0,0,1,0,0,3.6
04,15,12,04_12,panelist,none,NA,3.6,1,0,0,1,0,0,3.6
04,15,13,04_13,panelist,none,NA,3.6,1,0,0,1,0,0,3.6
04,15,14,04_14,panelist,high,NA,3.6,1,1,0,0,0,0,3.6
04,15,15,04_15,panelist,low,NA,3.6,1,0,1,0,0,0,3.6
04,15,16,04_16,panelist,none,NA,3.6,1,0,0,1,0,0,3.6
04,15,17,04_17,panelist,low,NA,3.6,1,0,1,0,1,-0.3,3.3
04,15,18,04_18,reviewer,none,3.8,3.6,0,0,0,1,0,0,3.6
04,15,19,04_19,panelist,none,NA,3.6,1,0,0,1,1,0.2,3.8
04,15,20,04_20,panelist,low,NA,3.6,1,0,1,0,0,0,3.6
04,15,21,04_21,panelist,low,NA,3.6,1,0,1,0,0,0,3.6
04,15,22,04_22,panelist,high,NA,3.6,1,1,0,0,1,0.2,3.8
04,15,23,04_23,panelist,med,NA,3.6,1,0,0,0,1,-0.3,3.3
04,15,24,04_24,panelist,low,NA,3.6,1,0,1,0,0,0,3.6
04,17,01,04_01,reviewer,low,4,3.9,0,0,1,0,0,0,3.9
04,17,02,04_02,panelist,none,NA,3.9,1,0,0,1,0,0,3.9
04,17,03,04_03,panelist,high,NA,3.9,1,1,0,0,1,-0.2,3.7
04,17,04,04_04,panelist,med,NA,3.9,1,0,0,0,0,0,3.9
04,17,05,04_05,panelist,none,NA,3.9,1,0,0,1,1,0.2,4.1
04,17,06,04_06,panelist,high,NA,3.9,1,1,0,0,0,0,3.9
04,17,07,04_07,reviewer,med,3.7,3.9,0,0,0,0,0,0,3.9
04,17,08,04_08,panelist,low,NA,3.9,1,0,1,0,1,0.2,4.1
04,17,09,04_09,panelist,none,NA,3.9,1,0,0,1,1,0.1,4
04,17,10,04_10,panelist,none,NA,3.9,1,0,0,1,0,0,3.9
04,17,11,04_11,panelist,low,NA,3.9,1,0,1,0,0,0,3.9
04,17,12,04_12,reviewer,none,4.1,3.9,0,0,0,1,0,0,3.9
04,17,13,04_13,panelist,none,NA,3.9,1,0,0,1,0,0,3.9
04,17,14,04_14,panelist,med,NA,3.9,1,0,0,0,1,0.2,4.1
04,17,15,04_15,panelist,low,NA,3.9,1,0,1,0,1,0.3,4.2
04,17,16,04_16,panelist,none,NA,3.9,1,0,0,1,1,-0.1,3.8
04,17,17,04_17,panelist,med,NA,3.9,1,0,0,0,0,0,3.9
04,17,18,04_18,panelist,none,NA,3.9,1,0,0,1,1,-0.2,3.7
04,17,19,04_19,panelist,low,NA,3.9,1,0,1,0,1,0.3,4.2
04,17,20,04_20,panelist,low,NA,3.9,1,0,1,0,0,0,3.9
04,17,21,04_21,panelist,low,NA,3.9,1,0,1,0,0,0,3.9
04,17,22,04_22,panelist,none,NA,3.9,1,0,0,1,0,0,3.9
04,17,23,04_23,panelist,med,NA,3.9,1,0,0,0,1,0.4,4.3
04,17,24,04_24,panelist,none,NA,3.9,1,0,0,1,0,0,3.9
04,18,01,04_01,reviewer,none,4.5,4.4,0,0,0,1,0,0,4.4
04,18,02,04_02,panelist,med,NA,4.4,1,0,0,0,0,0,4.4
04,18,03,04_03,panelist,none,NA,4.4,1,0,0,1,0,0,4.4
04,18,04,04_04,panelist,none,NA,4.4,1,0,0,1,1,-0.3,4.1
04,18,05,04_05,reviewer,none,4.5,4.4,0,0,0,1,0,0,4.4
04,18,06,04_06,panelist,med,NA,4.4,1,0,0,0,1,-0.3,4.1
04,18,07,04_07,panelist,none,NA,4.4,1,0,0,1,1,-0.1,4.3
04,18,08,04_08,panelist,low,NA,4.4,1,0,1,0,0,0,4.4
04,18,09,04_09,reviewer,low,4.2,4.4,0,0,1,0,1,-0.1,4.3
04,18,10,04_10,panelist,low,NA,4.4,1,0,1,0,0,0,4.4
04,18,11,04_11,panelist,none,NA,4.4,1,0,0,1,0,0,4.4
04,18,12,04_12,panelist,none,NA,4.4,1,0,0,1,0,0,4.4
04,18,13,04_13,panelist,low,NA,4.4,1,0,1,0,1,-0.3,4.1
04,18,14,04_14,panelist,high,NA,4.4,1,1,0,0,0,0,4.4
04,18,15,04_15,panelist,med,NA,4.4,1,0,0,0,0,0,4.4
04,18,16,04_16,panelist,low,NA,4.4,1,0,1,0,0,0,4.4
04,18,17,04_17,panelist,none,NA,4.4,1,0,0,1,1,-0.2,4.2
04,18,18,04_18,panelist,med,NA,4.4,1,0,0,0,1,0.2,4.6
04,18,19,04_19,panelist,high,NA,4.4,1,1,0,0,1,0.2,4.6
04,18,20,04_20,panelist,low,NA,4.4,1,0,1,0,0,0,4.4
04,18,21,04_21,panelist,med,NA,4.4,1,0,0,0,1,-0.3,4.1
04,18,22,04_22,panelist,low,NA,4.4,1,0,1,0,1,0.3,4.7
04,18,23,04_23,panelist,none,NA,4.4,1,0,0,1,0,0,4.4
04,18,24,04_24,panelist,none,NA,4.4,1,0,0,1,1,0.1,4.5
04,21,01,04_01,panelist,low,NA,4.9,1,0,1,0,0,0,4.9
04,21,02,04_02,panelist,low,NA,4.9,1,0,1,0,1,-0.2,4.7
04,21,03,04_03,panelist,med,NA,4.9,1,0,0,0,1,-0.1,4.8
04,21,04,04_04,panelist,none,NA,4.9,1,0,0,1,1,-0.3,4.6
04,21,05,04_05,panelist,none,NA,4.9,1,0,0,1,1,0.4,4.9
04,21,06,04_06,reviewer,med,4.9,4.9,0,0,0,0,0,0,4.9
04,21,07,04_07,reviewer,none,4.8,4.9,0,0,0,1,1,-0.2,4.7
04,21,08,04_08,panelist,low,NA,4.9,1,0,1,0,1,0.1,4.9
04,21,09,04_09,panelist,none,NA,4.9,1,0,0,1,0,0,4.9
04,21,10,04_10,panelist,low,NA,4.9,1,0,1,0,1,-0.1,4.8
04,21,11,04_11,reviewer,none,4.9,4.9,0,0,0,1,0,0,4.9
04,21,12,04_12,panelist,med,NA,4.9,1,0,0,0,0,0,4.9
04,21,13,04_13,panelist,med,NA,4.9,1,0,0,0,1,-0.3,4.6
04,21,14,04_14,panelist,low,NA,4.9,1,0,1,0,0,0,4.9
04,21,15,04_15,panelist,med,NA,4.9,1,0,0,0,0,0,4.9
04,21,16,04_16,panelist,low,NA,4.9,1,0,1,0,1,-0.1,4.8
04,21,17,04_17,panelist,none,NA,4.9,1,0,0,1,1,-0.1,4.8
04,21,18,04_18,panelist,high,NA,4.9,1,1,0,0,0,0,4.9
04,21,19,04_19,panelist,none,NA,4.9,1,0,0,1,1,0.2,4.9
04,21,20,04_20,panelist,high,NA,4.9,1,1,0,0,1,0.1,4.9
04,21,21,04_21,panelist,none,NA,4.9,1,0,0,1,1,-0.3,4.6
04,21,22,04_22,panelist,none,NA,4.9,1,0,0,1,0,0,4.9
04,21,23,04_23,panelist,none,NA,4.9,1,0,0,1,0,0,4.9
04,21,24,04_24,panelist,low,NA,4.9,1,0,1,0,0,0,4.9
04,23,01,04_01,panelist,low,NA,4.3,1,0,1,0,1,-0.2,4.1
04,23,02,04_02,reviewer,none,4,4.3,0,0,0,1,0,0,4.3
04,23,03,04_03,panelist,low,NA,4.3,1,0,1,0,1,-0.2,4.1
04,23,04,04_04,panelist,none,NA,4.3,1,0,0,1,1,-0.3,4
04,23,05,04_05,reviewer,low,4.3,4.3,0,0,1,0,0,0,4.3
04,23,06,04_06,panelist,none,NA,4.3,1,0,0,1,1,0.2,4.5
04,23,07,04_07,panelist,low,NA,4.3,1,0,1,0,1,-0.3,4
04,23,08,04_08,panelist,med,NA,4.3,1,0,0,0,0,0,4.3
04,23,09,04_09,panelist,low,NA,4.3,1,0,1,0,1,-0.1,4.2
04,23,10,04_10,panelist,low,NA,4.3,1,0,1,0,1,-0.1,4.2
04,23,11,04_11,panelist,med,NA,4.3,1,0,0,0,0,0,4.3
04,23,12,04_12,panelist,none,NA,4.3,1,0,0,1,0,0,4.3
04,23,13,04_13,panelist,none,NA,4.3,1,0,0,1,0,0,4.3
04,23,14,04_14,panelist,none,NA,4.3,1,0,0,1,1,-0.2,4.1
04,23,15,04_15,panelist,high,NA,4.3,1,1,0,0,0,0,4.3
04,23,16,04_16,panelist,high,NA,4.3,1,1,0,0,0,0,4.3
04,23,17,04_17,reviewer,none,4.5,4.3,0,0,0,1,1,-0.2,4.1
04,23,18,04_18,panelist,none,NA,4.3,1,0,0,1,1,0.3,4.6
04,23,19,04_19,panelist,med,NA,4.3,1,0,0,0,0,0,4.3
04,23,20,04_20,panelist,med,NA,4.3,1,0,0,0,0,0,4.3
04,23,21,04_21,panelist,none,NA,4.3,1,0,0,1,0,0,4.3
04,23,22,04_22,panelist,med,NA,4.3,1,0,0,0,0,0,4.3
04,23,23,04_23,panelist,low,NA,4.3,1,0,1,0,1,-0.2,4.1
04,23,24,04_24,panelist,none,NA,4.3,1,0,0,1,1,0.1,4.4
04,24,01,04_01,panelist,low,NA,4.3,1,0,1,0,0,0,4.3
04,24,02,04_02,panelist,med,NA,4.3,1,0,0,0,0,0,4.3
04,24,03,04_03,panelist,med,NA,4.3,1,0,0,0,0,0,4.3
04,24,04,04_04,panelist,none,NA,4.3,1,0,0,1,1,-0.2,4.1
04,24,05,04_05,panelist,none,NA,4.3,1,0,0,1,1,0.1,4.4
04,24,06,04_06,panelist,med,NA,4.3,1,0,0,0,0,0,4.3
04,24,07,04_07,panelist,high,NA,4.3,1,1,0,0,0,0,4.3
04,24,08,04_08,panelist,high,NA,4.3,1,1,0,0,0,0,4.3
04,24,09,04_09,panelist,none,NA,4.3,1,0,0,1,0,0,4.3
04,24,10,04_10,panelist,none,NA,4.3,1,0,0,1,1,-0.3,4
04,24,11,04_11,panelist,low,NA,4.3,1,0,1,0,0,0,4.3
04,24,12,04_12,panelist,low,NA,4.3,1,0,1,0,1,-0.1,4.2
04,24,13,04_13,panelist,med,NA,4.3,1,0,0,0,0,0,4.3
04,24,14,04_14,panelist,none,NA,4.3,1,0,0,1,0,0,4.3
04,24,15,04_15,reviewer,med,4.6,4.3,0,0,0,0,1,-0.1,4.2
04,24,16,04_16,panelist,none,NA,4.3,1,0,0,1,0,0,4.3
04,24,17,04_17,panelist,none,NA,4.3,1,0,0,1,0,0,4.3
04,24,18,04_18,panelist,none,NA,4.3,1,0,0,1,0,0,4.3
04,24,19,04_19,panelist,low,NA,4.3,1,0,1,0,0,0,4.3
04,24,20,04_20,reviewer,low,4.2,4.3,0,0,1,0,1,-0.2,4.1
04,24,21,04_21,panelist,none,NA,4.3,1,0,0,1,1,-0.3,4
04,24,22,04_22,panelist,low,NA,4.3,1,0,1,0,0,0,4.3
04,24,23,04_23,panelist,low,NA,4.3,1,0,1,0,0,0,4.3
04,24,24,04_24,reviewer,none,4,4.3,0,0,0,1,0,0,4.3
04,27,01,04_01,panelist,none,NA,4.3,1,0,0,1,0,0,4.3
04,27,02,04_02,panelist,low,NA,4.3,1,0,1,0,0,0,4.3
04,27,03,04_03,panelist,none,NA,4.3,1,0,0,1,0,0,4.3
04,27,04,04_04,panelist,none,NA,4.3,1,0,0,1,0,0,4.3
04,27,05,04_05,reviewer,med,4.6,4.3,0,0,0,0,0,0,4.3
04,27,06,04_06,panelist,med,NA,4.3,1,0,0,0,0,0,4.3
04,27,07,04_07,panelist,none,NA,4.3,1,0,0,1,0,0,4.3
04,27,08,04_08,panelist,med,NA,4.3,1,0,0,0,0,0,4.3
04,27,09,04_09,reviewer,none,3.9,4.3,0,0,0,1,1,0.3,4.6
04,27,10,04_10,panelist,low,NA,4.3,1,0,1,0,1,-0.1,4.2
04,27,11,04_11,panelist,med,NA,4.3,1,0,0,0,0,0,4.3
04,27,12,04_12,panelist,none,NA,4.3,1,0,0,1,1,-0.2,4.1
04,27,13,04_13,panelist,low,NA,4.3,1,0,1,0,0,0,4.3
04,27,14,04_14,panelist,none,NA,4.3,1,0,0,1,0,0,4.3
04,27,15,04_15,panelist,low,NA,4.3,1,0,1,0,0,0,4.3
04,27,16,04_16,panelist,low,NA,4.3,1,0,1,0,1,-0.2,4.1
04,27,17,04_17,panelist,med,NA,4.3,1,0,0,0,0,0,4.3
04,27,18,04_18,panelist,high,NA,4.3,1,1,0,0,1,0.1,4.4
04,27,19,04_19,reviewer,none,4.5,4.3,0,0,0,1,0,0,4.3
04,27,20,04_20,panelist,low,NA,4.3,1,0,1,0,0,0,4.3
04,27,21,04_21,panelist,high,NA,4.3,1,1,0,0,1,-0.1,4.2
04,27,22,04_22,panelist,low,NA,4.3,1,0,1,0,0,0,4.3
04,27,23,04_23,panelist,none,NA,4.3,1,0,0,1,0,0,4.3
04,27,24,04_24,panelist,none,NA,4.3,1,0,0,1,0,0,4.3
04,28,01,04_01,panelist,low,NA,3.9,1,0,1,0,1,-0.2,3.7
04,28,02,04_02,panelist,none,NA,3.9,1,0,0,1,1,0.2,4.1
04,28,03,04_03,panelist,low,NA,3.9,1,0,1,0,1,0.1,4
04,28,04,04_04,panelist,low,NA,3.9,1,0,1,0,0,0,3.9
04,28,05,04_05,panelist,high,NA,3.9,1,1,0,0,0,0,3.9
04,28,06,04_06,panelist,med,NA,3.9,1,0,0,0,0,0,3.9
04,28,07,04_07,panelist,low,NA,3.9,1,0,1,0,1,-0.1,3.8
04,28,08,04_08,panelist,none,NA,3.9,1,0,0,1,0,0,3.9
04,28,09,04_09,panelist,low,NA,3.9,1,0,1,0,0,0,3.9
04,28,10,04_10,panelist,med,NA,3.9,1,0,0,0,1,-0.2,3.7
04,28,11,04_11,panelist,none,NA,3.9,1,0,0,1,1,-0.3,3.6
04,28,12,04_12,panelist,none,NA,3.9,1,0,0,1,1,-0.3,3.6
04,28,13,04_13,panelist,none,NA,3.9,1,0,0,1,1,-0.2,3.7
04,28,14,04_14,panelist,low,NA,3.9,1,0,1,0,0,0,3.9
04,28,15,04_15,panelist,med,NA,3.9,1,0,0,0,0,0,3.9
04,28,16,04_16,panelist,none,NA,3.9,1,0,0,1,1,-0.2,3.7
04,28,17,04_17,reviewer,none,4.2,3.9,0,0,0,1,1,0.1,4
04,28,18,04_18,panelist,none,NA,3.9,1,0,0,1,1,0.1,4
04,28,19,04_19,panelist,low,NA,3.9,1,0,1,0,1,0.2,4.1
04,28,20,04_20,panelist,med,NA,3.9,1,0,0,0,1,-0.1,3.8
04,28,21,04_21,panelist,none,NA,3.9,1,0,0,1,1,-0.3,3.6
04,28,22,04_22,panelist,high,NA,3.9,1,1,0,0,1,-0.1,3.8
04,28,23,04_23,reviewer,none,3.6,3.9,0,0,0,1,1,-0.1,3.8
04,28,24,04_24,reviewer,med,3.9,3.9,0,0,0,0,0,0,3.9
04,30,01,04_01,panelist,low,NA,3.6,1,0,1,0,1,-0.2,3.4
04,30,02,04_02,panelist,low,NA,3.6,1,0,1,0,0,0,3.6
04,30,03,04_03,panelist,none,NA,3.6,1,0,0,1,0,0,3.6
04,30,04,04_04,panelist,none,NA,3.6,1,0,0,1,0,0,3.6
04,30,05,04_05,panelist,none,NA,3.6,1,0,0,1,0,0,3.6
04,30,06,04_06,panelist,none,NA,3.6,1,0,0,1,0,0,3.6
04,30,07,04_07,panelist,med,NA,3.6,1,0,0,0,0,0,3.6
04,30,08,04_08,reviewer,low,3.7,3.6,0,0,1,0,0,0,3.6
04,30,09,04_09,panelist,low,NA,3.6,1,0,1,0,1,-0.1,3.5
04,30,10,04_10,panelist,none,NA,3.6,1,0,0,1,0,0,3.6
04,30,11,04_11,panelist,none,NA,3.6,1,0,0,1,1,-0.4,3.2
04,30,12,04_12,panelist,med,NA,3.6,1,0,0,0,1,0.1,3.7
04,30,13,04_13,panelist,med,NA,3.6,1,0,0,0,0,0,3.6
04,30,14,04_14,panelist,low,NA,3.6,1,0,1,0,0,0,3.6
04,30,15,04_15,panelist,none,NA,3.6,1,0,0,1,1,-0.2,3.4
04,30,16,04_16,panelist,low,NA,3.6,1,0,1,0,0,0,3.6
04,30,17,04_17,reviewer,med,4,3.6,0,0,0,0,1,0.3,3.9
04,30,18,04_18,panelist,low,NA,3.6,1,0,1,0,0,0,3.6
04,30,19,04_19,panelist,none,NA,3.6,1,0,0,1,0,0,3.6
04,30,20,04_20,panelist,none,NA,3.6,1,0,0,1,0,0,3.6
04,30,21,04_21,reviewer,med,3,3.6,0,0,0,0,0,0,3.6
04,30,22,04_22,panelist,none,NA,3.6,1,0,0,1,1,0.3,3.9
04,30,23,04_23,panelist,high,NA,3.6,1,1,0,0,1,-0.2,3.4
04,30,24,04_24,panelist,high,NA,3.6,1,1,0,0,1,0.3,3.9
05,1,01,05_01,panelist,low,NA,3.6,1,0,1,0,1,0.3,3.9
05,1,02,05_02,panelist,low,NA,3.6,1,0,1,0,0,0,3.6
05,1,03,05_03,panelist,none,NA,3.6,1,0,0,1,1,-0.1,3.5
05,1,04,05_04,reviewer,med,3.5,3.6,0,0,0,0,0,0,3.6
05,1,05,05_05,panelist,none,NA,3.6,1,0,0,1,0,0,3.6
05,1,06,05_06,panelist,none,NA,3.6,1,0,0,1,1,-0.2,3.4
05,1,07,05_07,panelist,med,NA,3.6,1,0,0,0,1,0.1,3.7
05,1,08,05_08,panelist,none,NA,3.6,1,0,0,1,0,0,3.6
05,1,09,05_09,panelist,med,NA,3.6,1,0,0,0,1,0.1,3.7
05,1,10,05_10,panelist,low,NA,3.6,1,0,1,0,0,0,3.6
05,1,11,05_11,reviewer,low,3.7,3.6,0,0,1,0,0,0,3.6
05,1,12,05_12,panelist,high,NA,3.6,1,1,0,0,0,0,3.6
05,1,13,05_13,panelist,med,NA,3.6,1,0,0,0,1,0.3,3.9
05,1,14,05_14,panelist,low,NA,3.6,1,0,1,0,1,-0.1,3.5
05,1,15,05_15,panelist,none,NA,3.6,1,0,0,1,0,0,3.6
05,1,16,05_16,panelist,none,NA,3.6,1,0,0,1,1,-0.1,3.5
05,1,17,05_17,panelist,none,NA,3.6,1,0,0,1,1,-0.1,3.5
05,1,18,05_18,panelist,none,NA,3.6,1,0,0,1,1,-0.2,3.4
05,1,19,05_19,panelist,none,NA,3.6,1,0,0,1,1,-0.1,3.5
05,1,20,05_20,panelist,high,NA,3.6,1,1,0,0,0,0,3.6
05,1,21,05_21,panelist,med,NA,3.6,1,0,0,0,0,0,3.6
05,1,22,05_22,panelist,low,NA,3.6,1,0,1,0,1,-0.1,3.5
05,1,23,05_23,panelist,none,NA,3.6,1,0,0,1,1,-0.2,3.4
05,1,24,05_24,reviewer,low,3.5,3.6,0,0,1,0,0,0,3.6
05,3,01,05_01,panelist,low,NA,4,1,0,1,0,1,0.1,4.1
05,3,02,05_02,panelist,low,NA,4,1,0,1,0,0,0,4
05,3,03,05_03,panelist,none,NA,4,1,0,0,1,1,0.1,4.1
05,3,04,05_04,panelist,none,NA,4,1,0,0,1,0,0,4
05,3,05,05_05,reviewer,low,4.1,4,0,0,1,0,1,0.5,4.5
05,3,06,05_06,panelist,low,NA,4,1,0,1,0,0,0,4
05,3,07,05_07,panelist,none,NA,4,1,0,0,1,0,0,4
05,3,08,05_08,panelist,med,NA,4,1,0,0,0,1,-0.1,3.9
05,3,09,05_09,panelist,none,NA,4,1,0,0,1,1,0.2,4.2
05,3,10,05_10,panelist,none,NA,4,1,0,0,1,1,0.3,4.3
05,3,11,05_11,panelist,none,NA,4,1,0,0,1,0,0,4
05,3,12,05_12,panelist,low,NA,4,1,0,1,0,0,0,4
05,3,13,05_13,panelist,none,NA,4,1,0,0,1,1,0.3,4.3
05,3,14,05_14,panelist,high,NA,4,1,1,0,0,0,0,4
05,3,15,05_15,reviewer,med,4,4,0,0,0,0,0,0,4
05,3,16,05_16,panelist,low,NA,4,1,0,1,0,1,-0.1,3.9
05,3,17,05_17,panelist,med,NA,4,1,0,0,0,0,0,4
05,3,18,05_18,panelist,none,NA,4,1,0,0,1,1,-0.3,3.7
05,3,19,05_19,panelist,low,NA,4,1,0,1,0,0,0,4
05,3,20,05_20,panelist,med,NA,4,1,0,0,0,0,0,4
05,3,21,05_21,panelist,none,NA,4,1,0,0,1,0,0,4
05,3,22,05_22,panelist,none,NA,4,1,0,0,1,0,0,4
05,3,23,05_23,panelist,med,NA,4,1,0,0,0,0,0,4
05,3,24,05_24,reviewer,high,3.9,4,0,1,0,0,0,0,4
05,4,01,05_01,panelist,low,NA,3.9,1,0,1,0,0,0,3.9
05,4,02,05_02,panelist,none,NA,3.9,1,0,0,1,1,0.1,4
05,4,03,05_03,panelist,med,NA,3.9,1,0,0,0,0,0,3.9
05,4,04,05_04,panelist,low,NA,3.9,1,0,1,0,1,0.2,4.1
05,4,05,05_05,panelist,high,NA,3.9,1,1,0,0,0,0,3.9
05,4,06,05_06,panelist,low,NA,3.9,1,0,1,0,0,0,3.9
05,4,07,05_07,reviewer,none,3.8,3.9,0,0,0,1,0,0,3.9
05,4,08,05_08,panelist,none,NA,3.9,1,0,0,1,0,0,3.9
05,4,09,05_09,panelist,low,NA,3.9,1,0,1,0,0,0,3.9
05,4,10,05_10,panelist,none,NA,3.9,1,0,0,1,0,0,3.9
05,4,11,05_11,panelist,none,NA,3.9,1,0,0,1,1,0.2,4.1
05,4,12,05_12,panelist,med,NA,3.9,1,0,0,0,0,0,3.9
05,4,13,05_13,panelist,none,NA,3.9,1,0,0,1,0,0,3.9
05,4,14,05_14,panelist,med,NA,3.9,1,0,0,0,0,0,3.9
05,4,15,05_15,panelist,none,NA,3.9,1,0,0,1,0,0,3.9
05,4,16,05_16,panelist,low,NA,3.9,1,0,1,0,0,0,3.9
05,4,17,05_17,reviewer,none,3.9,3.9,0,0,0,1,0,0,3.9
05,4,18,05_18,panelist,none,NA,3.9,1,0,0,1,0,0,3.9
05,4,19,05_19,reviewer,high,4,3.9,0,1,0,0,0,0,3.9
05,4,20,05_20,panelist,none,NA,3.9,1,0,0,1,1,0.1,4
05,4,21,05_21,panelist,low,NA,3.9,1,0,1,0,1,-0.1,3.8
05,4,22,05_22,panelist,med,NA,3.9,1,0,0,0,0,0,3.9
05,4,23,05_23,panelist,low,NA,3.9,1,0,1,0,1,-0.2,3.7
05,4,24,05_24,panelist,med,NA,3.9,1,0,0,0,0,0,3.9
05,7,01,05_01,panelist,none,NA,3.8,1,0,0,1,1,-0.1,3.7
05,7,02,05_02,panelist,low,NA,3.8,1,0,1,0,1,0.4,4.2
05,7,03,05_03,panelist,med,NA,3.8,1,0,0,0,1,0.1,3.9
05,7,04,05_04,panelist,none,NA,3.8,1,0,0,1,1,-0.3,3.5
05,7,05,05_05,reviewer,none,3.5,3.8,0,0,0,1,0,0,3.8
05,7,06,05_06,panelist,none,NA,3.8,1,0,0,1,0,0,3.8
05,7,07,05_07,panelist,low,NA,3.8,1,0,1,0,0,0,3.8
05,7,08,05_08,panelist,none,NA,3.8,1,0,0,1,0,0,3.8
05,7,09,05_09,panelist,med,NA,3.8,1,0,0,0,0,0,3.8
05,7,10,05_10,panelist,med,NA,3.8,1,0,0,0,1,-0.2,3.6
05,7,11,05_11,panelist,low,NA,3.8,1,0,1,0,0,0,3.8
05,7,12,05_12,panelist,none,NA,3.8,1,0,0,1,0,0,3.8
05,7,13,05_13,panelist,low,NA,3.8,1,0,1,0,0,0,3.8
05,7,14,05_14,panelist,low,NA,3.8,1,0,1,0,0,0,3.8
05,7,15,05_15,reviewer,none,4,3.8,0,0,0,1,0,0,3.8
05,7,16,05_16,panelist,none,NA,3.8,1,0,0,1,0,0,3.8
05,7,17,05_17,panelist,high,NA,3.8,1,1,0,0,1,-0.1,3.7
05,7,18,05_18,panelist,high,NA,3.8,1,1,0,0,0,0,3.8
05,7,19,05_19,reviewer,med,3.9,3.8,0,0,0,0,1,-0.2,3.6
05,7,20,05_20,panelist,low,NA,3.8,1,0,1,0,0,0,3.8
05,7,21,05_21,panelist,none,NA,3.8,1,0,0,1,1,0.1,3.9
05,7,22,05_22,panelist,none,NA,3.8,1,0,0,1,0,0,3.8
05,7,23,05_23,panelist,low,NA,3.8,1,0,1,0,1,0.1,3.9
05,7,24,05_24,panelist,med,NA,3.8,1,0,0,0,0,0,3.8
05,9,01,05_01,panelist,low,NA,4.5,1,0,1,0,0,0,4.5
05,9,02,05_02,panelist,med,NA,4.5,1,0,0,0,0,0,4.5
05,9,03,05_03,panelist,med,NA,4.5,1,0,0,0,0,0,4.5
05,9,04,05_04,panelist,none,NA,4.5,1,0,0,1,1,-0.1,4.4
05,9,05,05_05,panelist,high,NA,4.5,1,1,0,0,1,0.1,4.6
05,9,06,05_06,panelist,none,NA,4.5,1,0,0,1,0,0,4.5
05,9,07,05_07,panelist,none,NA,4.5,1,0,0,1,0,0,4.5
05,9,08,05_08,reviewer,none,4.4,4.5,0,0,0,1,1,0.1,4.6
05,9,09,05_09,panelist,none,NA,4.5,1,0,0,1,1,-0.1,4.4
05,9,10,05_10,panelist,none,NA,4.5,1,0,0,1,1,-0.2,4.3
05,9,11,05_11,panelist,low,NA,4.5,1,0,1,0,0,0,4.5
05,9,12,05_12,panelist,low,NA,4.5,1,0,1,0,0,0,4.5
05,9,13,05_13,panelist,low,NA,4.5,1,0,1,0,0,0,4.5
05,9,14,05_14,panelist,none,NA,4.5,1,0,0,1,0,0,4.5
05,9,15,05_15,panelist,low,NA,4.5,1,0,1,0,0,0,4.5
05,9,16,05_16,panelist,none,NA,4.5,1,0,0,1,0,0,4.5
05,9,17,05_17,panelist,none,NA,4.5,1,0,0,1,0,0,4.5
05,9,18,05_18,reviewer,low,4.6,4.5,0,0,1,0,0,0,4.5
05,9,19,05_19,panelist,med,NA,4.5,1,0,0,0,0,0,4.5
05,9,20,05_20,reviewer,high,4.6,4.5,0,1,0,0,0,0,4.5
05,9,21,05_21,panelist,none,NA,4.5,1,0,0,1,0,0,4.5
05,9,22,05_22,panelist,med,NA,4.5,1,0,0,0,1,-0.4,4.1
05,9,23,05_23,panelist,low,NA,4.5,1,0,1,0,0,0,4.5
05,9,24,05_24,panelist,med,NA,4.5,1,0,0,0,0,0,4.5
05,14,01,05_01,panelist,none,NA,4.3,1,0,0,1,1,0.1,4.4
05,14,02,05_02,panelist,low,NA,4.3,1,0,1,0,0,0,4.3
05,14,03,05_03,panelist,none,NA,4.3,1,0,0,1,0,0,4.3
05,14,04,05_04,panelist,none,NA,4.3,1,0,0,1,0,0,4.3
05,14,05,05_05,panelist,low,NA,4.3,1,0,1,0,1,0.3,4.6
05,14,06,05_06,panelist,med,NA,4.3,1,0,0,0,1,-0.2,4.1
05,14,07,05_07,panelist,none,NA,4.3,1,0,0,1,1,-0.1,4.2
05,14,08,05_08,panelist,high,NA,4.3,1,1,0,0,1,0.2,4.5
05,14,09,05_09,panelist,med,NA,4.3,1,0,0,0,0,0,4.3
05,14,10,05_10,panelist,low,NA,4.3,1,0,1,0,1,0.2,4.5
05,14,11,05_11,panelist,med,NA,4.3,1,0,0,0,0,0,4.3
05,14,12,05_12,reviewer,none,4.2,4.3,0,0,0,1,1,0.1,4.4
05,14,13,05_13,panelist,none,NA,4.3,1,0,0,1,0,0,4.3
05,14,14,05_14,panelist,med,NA,4.3,1,0,0,0,1,0.3,4.6
05,14,15,05_15,panelist,low,NA,4.3,1,0,1,0,0,0,4.3
05,14,16,05_16,panelist,low,NA,4.3,1,0,1,0,1,-0.3,4
05,14,17,05_17,panelist,none,NA,4.3,1,0,0,1,0,0,4.3
05,14,18,05_18,reviewer,low,4.3,4.3,0,0,1,0,0,0,4.3
05,14,19,05_19,panelist,med,NA,4.3,1,0,0,0,0,0,4.3
05,14,20,05_20,panelist,none,NA,4.3,1,0,0,1,1,-0.3,4
05,14,21,05_21,reviewer,none,4.4,4.3,0,0,0,1,0,0,4.3
05,14,22,05_22,panelist,low,NA,4.3,1,0,1,0,0,0,4.3
05,14,23,05_23,panelist,high,NA,4.3,1,1,0,0,0,0,4.3
05,14,24,05_24,panelist,none,NA,4.3,1,0,0,1,1,-0.1,4.2
05,15,01,05_01,reviewer,none,4.3,4,0,0,0,1,1,0.2,4.2
05,15,02,05_02,panelist,med,NA,4,1,0,0,0,0,0,4
05,15,03,05_03,panelist,low,NA,4,1,0,1,0,1,0.3,4.3
05,15,04,05_04,panelist,low,NA,4,1,0,1,0,0,0,4
05,15,05,05_05,panelist,high,NA,4,1,1,0,0,1,0.1,4.1
05,15,06,05_06,panelist,high,NA,4,1,1,0,0,1,-0.4,3.6
05,15,07,05_07,panelist,none,NA,4,1,0,0,1,1,-0.1,3.9
05,15,08,05_08,panelist,none,NA,4,1,0,0,1,0,0,4
05,15,09,05_09,panelist,low,NA,4,1,0,1,0,1,0.1,4.1
05,15,10,05_10,panelist,none,NA,4,1,0,0,1,1,-0.2,3.8
05,15,11,05_11,panelist,none,NA,4,1,0,0,1,0,0,4
05,15,12,05_12,panelist,low,NA,4,1,0,1,0,0,0,4
05,15,13,05_13,panelist,med,NA,4,1,0,0,0,0,0,4
05,15,14,05_14,reviewer,none,3.7,4,0,0,0,1,0,0,4
05,15,15,05_15,panelist,med,NA,4,1,0,0,0,0,0,4
05,15,16,05_16,panelist,none,NA,4,1,0,0,1,0,0,4
05,15,17,05_17,panelist,none,NA,4,1,0,0,1,0,0,4
05,15,18,05_18,panelist,none,NA,4,1,0,0,1,1,-0.1,3.9
05,15,19,05_19,panelist,low,NA,4,1,0,1,0,0,0,4
05,15,20,05_20,panelist,med,NA,4,1,0,0,0,0,0,4
05,15,21,05_21,panelist,low,NA,4,1,0,1,0,1,0.2,4.2
05,15,22,05_22,reviewer,low,4,4,0,0,1,0,0,0,4
05,15,23,05_23,panelist,med,NA,4,1,0,0,0,0,0,4
05,15,24,05_24,panelist,none,NA,4,1,0,0,1,0,0,4
05,16,01,05_01,panelist,med,NA,4.4,1,0,0,0,0,0,4.4
05,16,02,05_02,panelist,none,NA,4.4,1,0,0,1,0,0,4.4
05,16,03,05_03,panelist,med,NA,4.4,1,0,0,0,0,0,4.4
05,16,04,05_04,reviewer,none,4,4.4,0,0,0,1,0,0,4.4
05,16,05,05_05,panelist,high,NA,4.4,1,1,0,0,0,0,4.4
05,16,06,05_06,panelist,none,NA,4.4,1,0,0,1,0,0,4.4
05,16,07,05_07,panelist,low,NA,4.4,1,0,1,0,0,0,4.4
05,16,08,05_08,panelist,none,NA,4.4,1,0,0,1,1,0.2,4.6
05,16,09,05_09,panelist,low,NA,4.4,1,0,1,0,1,0.1,4.5
05,16,10,05_10,panelist,none,NA,4.4,1,0,0,1,0,0,4.4
05,16,11,05_11,panelist,high,NA,4.4,1,1,0,0,0,0,4.4
05,16,12,05_12,panelist,med,NA,4.4,1,0,0,0,1,-0.3,4.1
05,16,13,05_13,panelist,low,NA,4.4,1,0,1,0,0,0,4.4
05,16,14,05_14,panelist,med,NA,4.4,1,0,0,0,0,0,4.4
05,16,15,05_15,panelist,low,NA,4.4,1,0,1,0,0,0,4.4
05,16,16,05_16,panelist,none,NA,4.4,1,0,0,1,0,0,4.4
05,16,17,05_17,reviewer,low,4.5,4.4,0,0,1,0,1,-0.3,4.1
05,16,18,05_18,panelist,none,NA,4.4,1,0,0,1,0,0,4.4
05,16,19,05_19,panelist,med,NA,4.4,1,0,0,0,0,0,4.4
05,16,20,05_20,panelist,low,NA,4.4,1,0,1,0,1,-0.2,4.2
05,16,21,05_21,panelist,none,NA,4.4,1,0,0,1,0,0,4.4
05,16,22,05_22,reviewer,none,4.6,4.4,0,0,0,1,0,0,4.4
05,16,23,05_23,panelist,none,NA,4.4,1,0,0,1,1,-0.2,4.2
05,16,24,05_24,panelist,low,NA,4.4,1,0,1,0,1,0.1,4.5
05,20,01,05_01,panelist,none,NA,4.4,1,0,0,1,0,0,4.4
05,20,02,05_02,panelist,low,NA,4.4,1,0,1,0,1,0.1,4.5
05,20,03,05_03,panelist,low,NA,4.4,1,0,1,0,0,0,4.4
05,20,04,05_04,panelist,none,NA,4.4,1,0,0,1,0,0,4.4
05,20,05,05_05,panelist,none,NA,4.4,1,0,0,1,1,-0.1,4.3
05,20,06,05_06,panelist,none,NA,4.4,1,0,0,1,1,-0.5,3.9
05,20,07,05_07,panelist,med,NA,4.4,1,0,0,0,0,0,4.4
05,20,08,05_08,panelist,med,NA,4.4,1,0,0,0,0,0,4.4
05,20,09,05_09,reviewer,med,4.6,4.4,0,0,0,0,0,0,4.4
05,20,10,05_10,panelist,low,NA,4.4,1,0,1,0,1,0.1,4.5
05,20,11,05_11,panelist,low,NA,4.4,1,0,1,0,1,0.1,4.5
05,20,12,05_12,panelist,none,NA,4.4,1,0,0,1,0,0,4.4
05,20,13,05_13,panelist,none,NA,4.4,1,0,0,1,1,0.4,4.8
05,20,14,05_14,reviewer,none,4.6,4.4,0,0,0,1,0,0,4.4
05,20,15,05_15,panelist,med,NA,4.4,1,0,0,0,1,0.1,4.5
05,20,16,05_16,panelist,none,NA,4.4,1,0,0,1,1,-0.1,4.3
05,20,17,05_17,reviewer,high,4.1,4.4,0,1,0,0,0,0,4.4
05,20,18,05_18,panelist,low,NA,4.4,1,0,1,0,0,0,4.4
05,20,19,05_19,panelist,none,NA,4.4,1,0,0,1,1,-0.1,4.3
05,20,20,05_20,panelist,med,NA,4.4,1,0,0,0,0,0,4.4
05,20,21,05_21,panelist,none,NA,4.4,1,0,0,1,1,-0.2,4.2
05,20,22,05_22,panelist,low,NA,4.4,1,0,1,0,1,-0.2,4.2
05,20,23,05_23,panelist,high,NA,4.4,1,1,0,0,0,0,4.4
05,20,24,05_24,panelist,low,NA,4.4,1,0,1,0,1,0.2,4.6
05,21,01,05_01,panelist,none,NA,3.5,1,0,0,1,1,0.2,3.7
05,21,02,05_02,panelist,med,NA,3.5,1,0,0,0,1,0.2,3.7
05,21,03,05_03,panelist,high,NA,3.5,1,1,0,0,1,0.1,3.6
05,21,04,05_04,panelist,low,NA,3.5,1,0,1,0,1,-0.1,3.4
05,21,05,05_05,panelist,low,NA,3.5,1,0,1,0,1,0.1,3.6
05,21,06,05_06,panelist,none,NA,3.5,1,0,0,1,1,-0.2,3.3
05,21,07,05_07,reviewer,high,3.7,3.5,0,1,0,0,0,0,3.5
05,21,08,05_08,panelist,none,NA,3.5,1,0,0,1,1,0.1,3.6
05,21,09,05_09,panelist,low,NA,3.5,1,0,1,0,1,0.1,3.6
05,21,10,05_10,panelist,low,NA,3.5,1,0,1,0,1,-0.1,3.4
05,21,11,05_11,panelist,med,NA,3.5,1,0,0,0,0,0,3.5
05,21,12,05_12,panelist,med,NA,3.5,1,0,0,0,0,0,3.5
05,21,13,05_13,reviewer,none,3,3.5,0,0,0,1,0,0,3.5
05,21,14,05_14,panelist,none,NA,3.5,1,0,0,1,0,0,3.5
05,21,15,05_15,panelist,none,NA,3.5,1,0,0,1,1,0.5,4
05,21,16,05_16,panelist,none,NA,3.5,1,0,0,1,0,0,3.5
05,21,17,05_17,panelist,low,NA,3.5,1,0,1,0,0,0,3.5
05,21,18,05_18,panelist,med,NA,3.5,1,0,0,0,0,0,3.5
05,21,19,05_19,panelist,low,NA,3.5,1,0,1,0,0,0,3.5
05,21,20,05_20,reviewer,med,3.9,3.5,0,0,0,0,0,0,3.5
05,21,21,05_21,panelist,none,NA,3.5,1,0,0,1,1,-0.1,3.4
05,21,22,05_22,panelist,low,NA,3.5,1,0,1,0,0,0,3.5
05,21,23,05_23,panelist,none,NA,3.5,1,0,0,1,1,0.2,3.7
05,21,24,05_24,panelist,none,NA,3.5,1,0,0,1,1,0.1,3.6
05,22,01,05_01,panelist,none,NA,3.7,1,0,0,1,0,0,3.7
05,22,02,05_02,panelist,none,NA,3.7,1,0,0,1,1,0.3,4
05,22,03,05_03,panelist,med,NA,3.7,1,0,0,0,0,0,3.7
05,22,04,05_04,panelist,none,NA,3.7,1,0,0,1,1,-0.1,3.6
05,22,05,05_05,panelist,none,NA,3.7,1,0,0,1,0,0,3.7
05,22,06,05_06,panelist,none,NA,3.7,1,0,0,1,1,-0.2,3.5
05,22,07,05_07,panelist,low,NA,3.7,1,0,1,0,1,-0.1,3.6
05,22,08,05_08,reviewer,high,3.6,3.7,0,1,0,0,0,0,3.7
05,22,09,05_09,reviewer,med,3.8,3.7,0,0,0,0,0,0,3.7
05,22,10,05_10,panelist,low,NA,3.7,1,0,1,0,1,0.1,3.8
05,22,11,05_11,panelist,low,NA,3.7,1,0,1,0,0,0,3.7
05,22,12,05_12,panelist,low,NA,3.7,1,0,1,0,1,0.1,3.8
05,22,13,05_13,panelist,med,NA,3.7,1,0,0,0,1,0.1,3.8
05,22,14,05_14,panelist,low,NA,3.7,1,0,1,0,1,-0.1,3.6
05,22,15,05_15,panelist,low,NA,3.7,1,0,1,0,1,0.2,3.9
05,22,16,05_16,panelist,med,NA,3.7,1,0,0,0,0,0,3.7
05,22,17,05_17,panelist,low,NA,3.7,1,0,1,0,1,-0.2,3.5
05,22,18,05_18,panelist,none,NA,3.7,1,0,0,1,0,0,3.7
05,22,19,05_19,panelist,none,NA,3.7,1,0,0,1,0,0,3.7
05,22,20,05_20,panelist,none,NA,3.7,1,0,0,1,1,-0.2,3.5
05,22,21,05_21,reviewer,none,3.8,3.7,0,0,0,1,0,0,3.7
05,22,22,05_22,panelist,none,NA,3.7,1,0,0,1,0,0,3.7
05,22,23,05_23,panelist,med,NA,3.7,1,0,0,0,1,-0.2,3.5
05,22,24,05_24,panelist,high,NA,3.7,1,1,0,0,0,0,3.7
05,24,01,05_01,panelist,low,NA,3.5,1,0,1,0,0,0,3.5
05,24,02,05_02,reviewer,med,3.4,3.5,0,0,0,0,0,0,3.5
05,24,03,05_03,panelist,none,NA,3.5,1,0,0,1,0,0,3.5
05,24,04,05_04,panelist,low,NA,3.5,1,0,1,0,1,-0.2,3.3
05,24,05,05_05,panelist,low,NA,3.5,1,0,1,0,0,0,3.5
05,24,06,05_06,panelist,med,NA,3.5,1,0,0,0,0,0,3.5
05,24,07,05_07,panelist,med,NA,3.5,1,0,0,0,1,0.1,3.6
05,24,08,05_08,panelist,none,NA,3.5,1,0,0,1,1,0.1,3.6
05,24,09,05_09,panelist,none,NA,3.5,1,0,0,1,1,0.1,3.6
05,24,10,05_10,panelist,med,NA,3.5,1,0,0,0,0,0,3.5
05,24,11,05_11,panelist,low,NA,3.5,1,0,1,0,0,0,3.5
05,24,12,05_12,panelist,med,NA,3.5,1,0,0,0,0,0,3.5
05,24,13,05_13,panelist,none,NA,3.5,1,0,0,1,1,0.4,3.9
05,24,14,05_14,panelist,none,NA,3.5,1,0,0,1,1,0.3,3.8
05,24,15,05_15,panelist,none,NA,3.5,1,0,0,1,0,0,3.5
05,24,16,05_16,panelist,high,NA,3.5,1,1,0,0,0,0,3.5
05,24,17,05_17,reviewer,low,3.8,3.5,0,0,1,0,0,0,3.5
05,24,18,05_18,panelist,none,NA,3.5,1,0,0,1,1,-0.2,3.3
05,24,19,05_19,panelist,high,NA,3.5,1,1,0,0,1,0.2,3.7
05,24,20,05_20,reviewer,low,3.3,3.5,0,0,1,0,0,0,3.5
05,24,21,05_21,panelist,none,NA,3.5,1,0,0,1,1,0.1,3.6
05,24,22,05_22,panelist,none,NA,3.5,1,0,0,1,0,0,3.5
05,24,23,05_23,panelist,low,NA,3.5,1,0,1,0,1,-0.1,3.4
05,24,24,05_24,panelist,none,NA,3.5,1,0,0,1,1,-0.2,3.3
05,25,01,05_01,panelist,med,NA,3.7,1,0,0,0,0,0,3.7
05,25,02,05_02,reviewer,none,3.5,3.7,0,0,0,1,0,0,3.7
05,25,03,05_03,panelist,none,NA,3.7,1,0,0,1,0,0,3.7
05,25,04,05_04,panelist,none,NA,3.7,1,0,0,1,1,0.3,4
05,25,05,05_05,panelist,med,NA,3.7,1,0,0,0,0,0,3.7
05,25,06,05_06,panelist,low,NA,3.7,1,0,1,0,1,-0.2,3.5
05,25,07,05_07,panelist,med,NA,3.7,1,0,0,0,0,0,3.7
05,25,08,05_08,panelist,none,NA,3.7,1,0,0,1,1,-0.3,3.4
05,25,09,05_09,panelist,med,NA,3.7,1,0,0,0,1,-0.1,3.6
05,25,10,05_10,reviewer,none,3.7,3.7,0,0,0,1,0,0,3.7
05,25,11,05_11,panelist,med,NA,3.7,1,0,0,0,1,-0.2,3.5
05,25,12,05_12,panelist,low,NA,3.7,1,0,1,0,0,0,3.7
05,25,13,05_13,panelist,high,NA,3.7,1,1,0,0,0,0,3.7
05,25,14,05_14,panelist,low,NA,3.7,1,0,1,0,0,0,3.7
05,25,15,05_15,panelist,high,NA,3.7,1,1,0,0,0,0,3.7
05,25,16,05_16,panelist,low,NA,3.7,1,0,1,0,1,-0.2,3.5
05,25,17,05_17,panelist,low,NA,3.7,1,0,1,0,1,-0.2,3.5
05,25,18,05_18,panelist,none,NA,3.7,1,0,0,1,1,0.3,4
05,25,19,05_19,reviewer,low,3.8,3.7,0,0,1,0,1,0.4,4.1
05,25,20,05_20,panelist,none,NA,3.7,1,0,0,1,1,0.1,3.8
05,25,21,05_21,panelist,none,NA,3.7,1,0,0,1,1,-0.1,3.6
05,25,22,05_22,panelist,none,NA,3.7,1,0,0,1,1,-0.3,3.4
05,25,23,05_23,panelist,low,NA,3.7,1,0,1,0,0,0,3.7
05,25,24,05_24,panelist,none,NA,3.7,1,0,0,1,0,0,3.7
05,26,01,05_01,panelist,none,NA,3.6,1,0,0,1,0,0,3.6
05,26,02,05_02,panelist,low,NA,3.6,1,0,1,0,1,-0.1,3.5
05,26,03,05_03,panelist,none,NA,3.6,1,0,0,1,0,0,3.6
05,26,04,05_04,panelist,high,NA,3.6,1,1,0,0,0,0,3.6
05,26,05,05_05,panelist,none,NA,3.6,1,0,0,1,1,0.3,3.9
05,26,06,05_06,reviewer,low,3.3,3.6,0,0,1,0,0,0,3.6
05,26,07,05_07,panelist,none,NA,3.6,1,0,0,1,0,0,3.6
05,26,08,05_08,panelist,low,NA,3.6,1,0,1,0,1,-0.1,3.5
05,26,09,05_09,panelist,low,NA,3.6,1,0,1,0,0,0,3.6
05,26,10,05_10,reviewer,none,4.1,3.6,0,0,0,1,0,0,3.6
05,26,11,05_11,panelist,med,NA,3.6,1,0,0,0,0,0,3.6
05,26,12,05_12,panelist,none,NA,3.6,1,0,0,1,1,-0.1,3.5
05,26,13,05_13,panelist,med,NA,3.6,1,0,0,0,1,0.2,3.8
05,26,14,05_14,panelist,low,NA,3.6,1,0,1,0,0,0,3.6
05,26,15,05_15,panelist,none,NA,3.6,1,0,0,1,1,-0.1,3.5
05,26,16,05_16,panelist,low,NA,3.6,1,0,1,0,1,-0.3,3.3
05,26,17,05_17,panelist,high,NA,3.6,1,1,0,0,0,0,3.6
05,26,18,05_18,reviewer,none,3.3,3.6,0,0,0,1,0,0,3.6
05,26,19,05_19,panelist,none,NA,3.6,1,0,0,1,1,-0.2,3.4
05,26,20,05_20,panelist,med,NA,3.6,1,0,0,0,1,-0.2,3.4
05,26,21,05_21,panelist,med,NA,3.6,1,0,0,0,1,0.1,3.7
05,26,22,05_22,panelist,low,NA,3.6,1,0,1,0,1,-0.2,3.4
05,26,23,05_23,panelist,med,NA,3.6,1,0,0,0,1,-0.3,3.3
05,26,24,05_24,panelist,none,NA,3.6,1,0,0,1,1,0.3,3.9
05,28,01,05_01,panelist,none,NA,4.2,1,0,0,1,1,0.1,4.3
05,28,02,05_02,panelist,none,NA,4.2,1,0,0,1,0,0,4.2
05,28,03,05_03,panelist,med,NA,4.2,1,0,0,0,0,0,4.2
05,28,04,05_04,panelist,med,NA,4.2,1,0,0,0,1,-0.1,4.1
05,28,05,05_05,panelist,none,NA,4.2,1,0,0,1,1,-0.1,4.1
05,28,06,05_06,panelist,none,NA,4.2,1,0,0,1,1,0.2,4.4
05,28,07,05_07,panelist,none,NA,4.2,1,0,0,1,0,0,4.2
05,28,08,05_08,panelist,none,NA,4.2,1,0,0,1,0,0,4.2
05,28,09,05_09,reviewer,low,4,4.2,0,0,1,0,1,0.1,4.3
05,28,10,05_10,reviewer,low,4.3,4.2,0,0,1,0,1,-0.1,4.1
05,28,11,05_11,panelist,med,NA,4.2,1,0,0,0,0,0,4.2
05,28,12,05_12,panelist,low,NA,4.2,1,0,1,0,1,-0.2,4
05,28,13,05_13,panelist,none,NA,4.2,1,0,0,1,1,0.3,4.5
05,28,14,05_14,panelist,low,NA,4.2,1,0,1,0,0,0,4.2
05,28,15,05_15,panelist,none,NA,4.2,1,0,0,1,1,0.1,4.3
05,28,16,05_16,reviewer,low,4.2,4.2,0,0,1,0,0,0,4.2
05,28,17,05_17,panelist,low,NA,4.2,1,0,1,0,0,0,4.2
05,28,18,05_18,panelist,none,NA,4.2,1,0,0,1,0,0,4.2
05,28,19,05_19,panelist,none,NA,4.2,1,0,0,1,1,-0.1,4.1
05,28,20,05_20,panelist,low,NA,4.2,1,0,1,0,0,0,4.2
05,28,21,05_21,panelist,med,NA,4.2,1,0,0,0,1,0.2,4.4
05,28,22,05_22,panelist,med,NA,4.2,1,0,0,0,0,0,4.2
05,28,23,05_23,panelist,high,NA,4.2,1,1,0,0,0,0,4.2
05,28,24,05_24,panelist,high,NA,4.2,1,1,0,0,0,0,4.2
06,2,01,06_01,panelist,low,NA,3.8,1,0,1,0,0,0,3.8
06,2,02,06_02,reviewer,none,3.7,3.8,0,0,0,1,1,-0.1,3.7
06,2,03,06_03,panelist,low,NA,3.8,1,0,1,0,0,0,3.8
06,2,04,06_04,panelist,med,NA,3.8,1,0,0,0,1,0.3,4.1
06,2,05,06_05,panelist,none,NA,3.8,1,0,0,1,0,0,3.8
06,2,06,06_06,panelist,low,NA,3.8,1,0,1,0,1,-0.1,3.7
06,2,07,06_07,panelist,none,NA,3.8,1,0,0,1,1,-0.3,3.5
06,2,08,06_08,panelist,high,NA,3.8,1,1,0,0,1,0.1,3.9
06,2,09,06_09,reviewer,none,3.8,3.8,0,0,0,1,1,-0.2,3.6
06,2,10,06_10,panelist,low,NA,3.8,1,0,1,0,1,-0.2,3.6
06,2,11,06_11,panelist,none,NA,3.8,1,0,0,1,0,0,3.8
06,2,12,06_12,panelist,med,NA,3.8,1,0,0,0,0,0,3.8
06,2,13,06_13,panelist,low,NA,3.8,1,0,1,0,0,0,3.8
06,2,14,06_14,reviewer,low,3.8,3.8,0,0,1,0,0,0,3.8
06,2,15,06_15,panelist,med,NA,3.8,1,0,0,0,1,0.1,3.9
06,2,16,06_16,panelist,none,NA,3.8,1,0,0,1,0,0,3.8
06,2,17,06_17,panelist,med,NA,3.8,1,0,0,0,0,0,3.8
06,2,18,06_18,panelist,none,NA,3.8,1,0,0,1,1,-0.1,3.7
06,2,19,06_19,panelist,none,NA,3.8,1,0,0,1,1,-0.3,3.5
06,2,20,06_20,panelist,low,NA,3.8,1,0,1,0,0,0,3.8
06,2,21,06_21,panelist,none,NA,3.8,1,0,0,1,0,0,3.8
06,2,22,06_22,panelist,med,NA,3.8,1,0,0,0,1,0.1,3.9
06,2,23,06_23,panelist,none,NA,3.8,1,0,0,1,0,0,3.8
06,2,24,06_24,panelist,high,NA,3.8,1,1,0,0,0,0,3.8
06,3,01,06_01,panelist,none,NA,4,1,0,0,1,0,0,4
06,3,02,06_02,panelist,med,NA,4,1,0,0,0,1,-0.2,3.8
06,3,03,06_03,reviewer,low,4,4,0,0,1,0,0,0,4
06,3,04,06_04,panelist,med,NA,4,1,0,0,0,1,0.1,4.1
06,3,05,06_05,panelist,none,NA,4,1,0,0,1,0,0,4
06,3,06,06_06,panelist,none,NA,4,1,0,0,1,1,-0.2,3.8
06,3,07,06_07,panelist,low,NA,4,1,0,1,0,0,0,4
06,3,08,06_08,panelist,med,NA,4,1,0,0,0,1,0.1,4.1
06,3,09,06_09,panelist,none,NA,4,1,0,0,1,0,0,4
06,3,10,06_10,panelist,none,NA,4,1,0,0,1,1,0.4,4.4
06,3,11,06_11,panelist,low,NA,4,1,0,1,0,0,0,4
06,3,12,06_12,panelist,high,NA,4,1,1,0,0,0,0,4
06,3,13,06_13,panelist,high,NA,4,1,1,0,0,0,0,4
06,3,14,06_14,reviewer,none,4.1,4,0,0,0,1,1,-0.2,3.8
06,3,15,06_15,panelist,low,NA,4,1,0,1,0,0,0,4
06,3,16,06_16,panelist,none,NA,4,1,0,0,1,1,0.1,4.1
06,3,17,06_17,panelist,none,NA,4,1,0,0,1,1,-0.2,3.8
06,3,18,06_18,panelist,med,NA,4,1,0,0,0,0,0,4
06,3,19,06_19,reviewer,none,4,4,0,0,0,1,0,0,4
06,3,20,06_20,panelist,low,NA,4,1,0,1,0,0,0,4
06,3,21,06_21,panelist,low,NA,4,1,0,1,0,1,0.1,4.1
06,3,22,06_22,panelist,none,NA,4,1,0,0,1,1,0.3,4.3
06,3,23,06_23,panelist,med,NA,4,1,0,0,0,0,0,4
06,3,24,06_24,panelist,low,NA,4,1,0,1,0,1,0.1,4.1
06,4,01,06_01,panelist,none,NA,3.9,1,0,0,1,0,0,3.9
06,4,02,06_02,panelist,med,NA,3.9,1,0,0,0,1,-0.2,3.7
06,4,03,06_03,reviewer,low,3.9,3.9,0,0,1,0,1,-0.2,3.7
06,4,04,06_04,panelist,med,NA,3.9,1,0,0,0,0,0,3.9
06,4,05,06_05,panelist,med,NA,3.9,1,0,0,0,1,0.1,4
06,4,06,06_06,panelist,low,NA,3.9,1,0,1,0,0,0,3.9
06,4,07,06_07,panelist,none,NA,3.9,1,0,0,1,0,0,3.9
06,4,08,06_08,panelist,low,NA,3.9,1,0,1,0,0,0,3.9
06,4,09,06_09,panelist,high,NA,3.9,1,1,0,0,0,0,3.9
06,4,10,06_10,panelist,none,NA,3.9,1,0,0,1,1,0.1,4
06,4,11,06_11,panelist,high,NA,3.9,1,1,0,0,0,0,3.9
06,4,12,06_12,panelist,low,NA,3.9,1,0,1,0,1,-0.2,3.7
06,4,13,06_13,panelist,none,NA,3.9,1,0,0,1,0,0,3.9
06,4,14,06_14,panelist,none,NA,3.9,1,0,0,1,0,0,3.9
06,4,15,06_15,panelist,low,NA,3.9,1,0,1,0,0,0,3.9
06,4,16,06_16,panelist,none,NA,3.9,1,0,0,1,1,0.2,4.1
06,4,17,06_17,panelist,low,NA,3.9,1,0,1,0,0,0,3.9
06,4,18,06_18,reviewer,med,4,3.9,0,0,0,0,0,0,3.9
06,4,19,06_19,panelist,low,NA,3.9,1,0,1,0,0,0,3.9
06,4,20,06_20,panelist,none,NA,3.9,1,0,0,1,0,0,3.9
06,4,21,06_21,panelist,none,NA,3.9,1,0,0,1,1,-0.1,3.8
06,4,22,06_22,reviewer,none,3.9,3.9,0,0,0,1,1,-0.2,3.7
06,4,23,06_23,panelist,med,NA,3.9,1,0,0,0,0,0,3.9
06,4,24,06_24,panelist,none,NA,3.9,1,0,0,1,0,0,3.9
06,8,01,06_01,panelist,none,NA,3.9,1,0,0,1,1,-0.1,3.8
06,8,02,06_02,panelist,high,NA,3.9,1,1,0,0,0,0,3.9
06,8,03,06_03,panelist,none,NA,3.9,1,0,0,1,1,-0.2,3.7
06,8,04,06_04,reviewer,med,3.9,3.9,0,0,0,0,0,0,3.9
06,8,05,06_05,panelist,none,NA,3.9,1,0,0,1,1,0.2,4.1
06,8,06,06_06,panelist,none,NA,3.9,1,0,0,1,0,0,3.9
06,8,07,06_07,panelist,none,NA,3.9,1,0,0,1,1,-0.2,3.7
06,8,08,06_08,panelist,low,NA,3.9,1,0,1,0,1,0.2,4.1
06,8,09,06_09,panelist,med,NA,3.9,1,0,0,0,1,-0.1,3.8
06,8,10,06_10,panelist,low,NA,3.9,1,0,1,0,0,0,3.9
06,8,11,06_11,panelist,high,NA,3.9,1,1,0,0,1,-0.1,3.8
06,8,12,06_12,panelist,low,NA,3.9,1,0,1,0,1,0.1,4
06,8,13,06_13,panelist,med,NA,3.9,1,0,0,0,0,0,3.9
06,8,14,06_14,panelist,low,NA,3.9,1,0,1,0,1,0.5,4.4
06,8,15,06_15,reviewer,med,3.8,3.9,0,0,0,0,0,0,3.9
06,8,16,06_16,panelist,none,NA,3.9,1,0,0,1,1,0.2,4.1
06,8,17,06_17,panelist,none,NA,3.9,1,0,0,1,0,0,3.9
06,8,18,06_18,panelist,none,NA,3.9,1,0,0,1,1,-0.1,3.8
06,8,19,06_19,panelist,none,NA,3.9,1,0,0,1,0,0,3.9
06,8,20,06_20,panelist,low,NA,3.9,1,0,1,0,0,0,3.9
06,8,21,06_21,panelist,med,NA,3.9,1,0,0,0,1,-0.2,3.7
06,8,22,06_22,panelist,low,NA,3.9,1,0,1,0,1,0.2,4.1
06,8,23,06_23,panelist,low,NA,3.9,1,0,1,0,0,0,3.9
06,8,24,06_24,reviewer,none,3.9,3.9,0,0,0,1,1,-0.1,3.8
06,9,01,06_01,panelist,high,NA,3.5,1,1,0,0,0,0,3.5
06,9,02,06_02,panelist,none,NA,3.5,1,0,0,1,0,0,3.5
06,9,03,06_03,panelist,low,NA,3.5,1,0,1,0,0,0,3.5
06,9,04,06_04,panelist,none,NA,3.5,1,0,0,1,0,0,3.5
06,9,05,06_05,panelist,med,NA,3.5,1,0,0,0,0,0,3.5
06,9,06,06_06,panelist,none,NA,3.5,1,0,0,1,0,0,3.5
06,9,07,06_07,panelist,low,NA,3.5,1,0,1,0,1,-0.4,3.1
06,9,08,06_08,panelist,med,NA,3.5,1,0,0,0,1,-0.1,3.4
06,9,09,06_09,panelist,low,NA,3.5,1,0,1,0,1,-0.1,3.4
06,9,10,06_10,panelist,low,NA,3.5,1,0,1,0,0,0,3.5
06,9,11,06_11,panelist,med,NA,3.5,1,0,0,0,0,0,3.5
06,9,12,06_12,reviewer,low,3.6,3.5,0,0,1,0,0,0,3.5
06,9,13,06_13,reviewer,med,3.6,3.5,0,0,0,0,0,0,3.5
06,9,14,06_14,panelist,none,NA,3.5,1,0,0,1,1,0.2,3.7
06,9,15,06_15,panelist,none,NA,3.5,1,0,0,1,1,0.1,3.6
06,9,16,06_16,panelist,low,NA,3.5,1,0,1,0,0,0,3.5
06,9,17,06_17,panelist,none,NA,3.5,1,0,0,1,0,0,3.5
06,9,18,06_18,panelist,none,NA,3.5,1,0,0,1,0,0,3.5
06,9,19,06_19,panelist,med,NA,3.5,1,0,0,0,0,0,3.5
06,9,20,06_20,panelist,low,NA,3.5,1,0,1,0,1,0.2,3.7
06,9,21,06_21,reviewer,none,3.2,3.5,0,0,0,1,1,-0.1,3.4
06,9,22,06_22,panelist,none,NA,3.5,1,0,0,1,1,-0.1,3.4
06,9,23,06_23,panelist,none,NA,3.5,1,0,0,1,0,0,3.5
06,9,24,06_24,panelist,high,NA,3.5,1,1,0,0,0,0,3.5
06,10,01,06_01,panelist,none,NA,4.2,1,0,0,1,0,0,4.2
06,10,02,06_02,reviewer,low,4.2,4.2,0,0,1,0,1,-0.1,4.1
06,10,03,06_03,panelist,med,NA,4.2,1,0,0,0,0,0,4.2
06,10,04,06_04,panelist,low,NA,4.2,1,0,1,0,0,0,4.2
06,10,05,06_05,panelist,low,NA,4.2,1,0,1,0,1,0.1,4.3
06,10,06,06_06,panelist,none,NA,4.2,1,0,0,1,1,-0.4,3.8
06,10,07,06_07,panelist,med,NA,4.2,1,0,0,0,1,-0.4,3.8
06,10,08,06_08,panelist,none,NA,4.2,1,0,0,1,1,-0.1,4.1
06,10,09,06_09,panelist,none,NA,4.2,1,0,0,1,0,0,4.2
06,10,10,06_10,panelist,none,NA,4.2,1,0,0,1,0,0,4.2
06,10,11,06_11,panelist,med,NA,4.2,1,0,0,0,0,0,4.2
06,10,12,06_12,panelist,low,NA,4.2,1,0,1,0,0,0,4.2
06,10,13,06_13,panelist,low,NA,4.2,1,0,1,0,1,-0.1,4.1
06,10,14,06_14,panelist,none,NA,4.2,1,0,0,1,1,-0.2,4
06,10,15,06_15,reviewer,med,4,4.2,0,0,0,0,0,0,4.2
06,10,16,06_16,reviewer,none,4.3,4.2,0,0,0,1,1,0.2,4.4
06,10,17,06_17,panelist,low,NA,4.2,1,0,1,0,0,0,4.2
06,10,18,06_18,panelist,low,NA,4.2,1,0,1,0,1,-0.1,4.1
06,10,19,06_19,panelist,none,NA,4.2,1,0,0,1,0,0,4.2
06,10,20,06_20,panelist,none,NA,4.2,1,0,0,1,1,-0.1,4.1
06,10,21,06_21,panelist,med,NA,4.2,1,0,0,0,0,0,4.2
06,10,22,06_22,panelist,high,NA,4.2,1,1,0,0,0,0,4.2
06,10,23,06_23,panelist,none,NA,4.2,1,0,0,1,0,0,4.2
06,10,24,06_24,panelist,high,NA,4.2,1,1,0,0,0,0,4.2
06,11,01,06_01,panelist,none,NA,4.2,1,0,0,1,0,0,4.2
06,11,02,06_02,reviewer,med,4.5,4.2,0,0,0,0,0,0,4.2
06,11,03,06_03,panelist,med,NA,4.2,1,0,0,0,1,-0.1,4.1
06,11,04,06_04,panelist,none,NA,4.2,1,0,0,1,1,0.1,4.3
06,11,05,06_05,panelist,med,NA,4.2,1,0,0,0,0,0,4.2
06,11,06,06_06,panelist,low,NA,4.2,1,0,1,0,0,0,4.2
06,11,07,06_07,panelist,none,NA,4.2,1,0,0,1,1,-0.1,4.1
06,11,08,06_08,panelist,low,NA,4.2,1,0,1,0,1,0.2,4.4
06,11,09,06_09,panelist,none,NA,4.2,1,0,0,1,0,0,4.2
06,11,10,06_10,panelist,low,NA,4.2,1,0,1,0,1,0.1,4.3
06,11,11,06_11,panelist,high,NA,4.2,1,1,0,0,0,0,4.2
06,11,12,06_12,panelist,low,NA,4.2,1,0,1,0,1,-0.1,4.1
06,11,13,06_13,panelist,none,NA,4.2,1,0,0,1,0,0,4.2
06,11,14,06_14,panelist,high,NA,4.2,1,1,0,0,0,0,4.2
06,11,15,06_15,panelist,none,NA,4.2,1,0,0,1,0,0,4.2
06,11,16,06_16,panelist,none,NA,4.2,1,0,0,1,0,0,4.2
06,11,17,06_17,panelist,med,NA,4.2,1,0,0,0,0,0,4.2
06,11,18,06_18,reviewer,med,4,4.2,0,0,0,0,1,-0.4,3.8
06,11,19,06_19,panelist,none,NA,4.2,1,0,0,1,0,0,4.2
06,11,20,06_20,panelist,low,NA,4.2,1,0,1,0,0,0,4.2
06,11,21,06_21,panelist,low,NA,4.2,1,0,1,0,0,0,4.2
06,11,22,06_22,panelist,none,NA,4.2,1,0,0,1,0,0,4.2
06,11,23,06_23,panelist,low,NA,4.2,1,0,1,0,1,0.2,4.4
06,11,24,06_24,reviewer,none,4.2,4.2,0,0,0,1,1,-0.1,4.1
06,13,01,06_01,panelist,med,NA,3.8,1,0,0,0,1,-0.1,3.7
06,13,02,06_02,reviewer,none,3.8,3.8,0,0,0,1,0,0,3.8
06,13,03,06_03,panelist,med,NA,3.8,1,0,0,0,0,0,3.8
06,13,04,06_04,panelist,low,NA,3.8,1,0,1,0,1,0.2,4
06,13,05,06_05,panelist,low,NA,3.8,1,0,1,0,1,-0.2,3.6
06,13,06,06_06,panelist,low,NA,3.8,1,0,1,0,0,0,3.8
06,13,07,06_07,panelist,high,NA,3.8,1,1,0,0,0,0,3.8
06,13,08,06_08,panelist,low,NA,3.8,1,0,1,0,0,0,3.8
06,13,09,06_09,reviewer,med,3.8,3.8,0,0,0,0,0,0,3.8
06,13,10,06_10,panelist,low,NA,3.8,1,0,1,0,1,0.1,3.9
06,13,11,06_11,panelist,low,NA,3.8,1,0,1,0,0,0,3.8
06,13,12,06_12,panelist,high,NA,3.8,1,1,0,0,1,-0.1,3.7
06,13,13,06_13,panelist,med,NA,3.8,1,0,0,0,1,0.3,4.1
06,13,14,06_14,panelist,none,NA,3.8,1,0,0,1,0,0,3.8
06,13,15,06_15,panelist,none,NA,3.8,1,0,0,1,0,0,3.8
06,13,16,06_16,reviewer,none,3.7,3.8,0,0,0,1,1,-0.1,3.7
06,13,17,06_17,panelist,med,NA,3.8,1,0,0,0,0,0,3.8
06,13,18,06_18,panelist,none,NA,3.8,1,0,0,1,0,0,3.8
06,13,19,06_19,panelist,none,NA,3.8,1,0,0,1,0,0,3.8
06,13,20,06_20,panelist,none,NA,3.8,1,0,0,1,1,-0.3,3.5
06,13,21,06_21,panelist,none,NA,3.8,1,0,0,1,1,-0.1,3.7
06,13,22,06_22,panelist,low,NA,3.8,1,0,1,0,0,0,3.8
06,13,23,06_23,panelist,none,NA,3.8,1,0,0,1,0,0,3.8
06,13,24,06_24,panelist,none,NA,3.8,1,0,0,1,1,-0.1,3.7
06,14,01,06_01,panelist,none,NA,4.3,1,0,0,1,0,0,4.3
06,14,02,06_02,panelist,low,NA,4.3,1,0,1,0,1,-0.4,3.9
06,14,03,06_03,reviewer,none,4.3,4.3,0,0,0,1,0,0,4.3
06,14,04,06_04,panelist,med,NA,4.3,1,0,0,0,1,-0.1,4.2
06,14,05,06_05,panelist,low,NA,4.3,1,0,1,0,0,0,4.3
06,14,06,06_06,panelist,none,NA,4.3,1,0,0,1,1,-0.2,4.1
06,14,07,06_07,panelist,low,NA,4.3,1,0,1,0,0,0,4.3
06,14,08,06_08,panelist,none,NA,4.3,1,0,0,1,0,0,4.3
06,14,09,06_09,panelist,none,NA,4.3,1,0,0,1,0,0,4.3
06,14,10,06_10,panelist,low,NA,4.3,1,0,1,0,1,0.3,4.6
06,14,11,06_11,panelist,high,NA,4.3,1,1,0,0,1,0.2,4.5
06,14,12,06_12,panelist,med,NA,4.3,1,0,0,0,1,-0.1,4.2
06,14,13,06_13,reviewer,low,4.4,4.3,0,0,1,0,0,0,4.3
06,14,14,06_14,panelist,none,NA,4.3,1,0,0,1,0,0,4.3
06,14,15,06_15,panelist,none,NA,4.3,1,0,0,1,0,0,4.3
06,14,16,06_16,panelist,high,NA,4.3,1,1,0,0,1,0.1,4.4
06,14,17,06_17,panelist,low,NA,4.3,1,0,1,0,0,0,4.3
06,14,18,06_18,reviewer,low,4.3,4.3,0,0,1,0,1,-0.1,4.2
06,14,19,06_19,panelist,none,NA,4.3,1,0,0,1,0,0,4.3
06,14,20,06_20,panelist,none,NA,4.3,1,0,0,1,0,0,4.3
06,14,21,06_21,panelist,med,NA,4.3,1,0,0,0,0,0,4.3
06,14,22,06_22,panelist,med,NA,4.3,1,0,0,0,1,0.1,4.4
06,14,23,06_23,panelist,none,NA,4.3,1,0,0,1,1,-0.1,4.2
06,14,24,06_24,panelist,med,NA,4.3,1,0,0,0,1,0.2,4.5
06,15,01,06_01,panelist,none,NA,4.3,1,0,0,1,1,0.1,4.4
06,15,02,06_02,panelist,med,NA,4.3,1,0,0,0,0,0,4.3
06,15,03,06_03,panelist,low,NA,4.3,1,0,1,0,1,-0.4,3.9
06,15,04,06_04,panelist,none,NA,4.3,1,0,0,1,0,0,4.3
06,15,05,06_05,panelist,low,NA,4.3,1,0,1,0,1,-0.1,4.2
06,15,06,06_06,panelist,none,NA,4.3,1,0,0,1,0,0,4.3
06,15,07,06_07,panelist,none,NA,4.3,1,0,0,1,1,-0.3,4
06,15,08,06_08,panelist,none,NA,4.3,1,0,0,1,0,0,4.3
06,15,09,06_09,panelist,low,NA,4.3,1,0,1,0,0,0,4.3
06,15,10,06_10,panelist,low,NA,4.3,1,0,1,0,1,0.2,4.5
06,15,11,06_11,panelist,high,NA,4.3,1,1,0,0,0,0,4.3
06,15,12,06_12,panelist,high,NA,4.3,1,1,0,0,1,-0.1,4.2
06,15,13,06_13,panelist,low,NA,4.3,1,0,1,0,0,0,4.3
06,15,14,06_14,panelist,med,NA,4.3,1,0,0,0,0,0,4.3
06,15,15,06_15,reviewer,med,4.3,4.3,0,0,0,0,1,0.2,4.5
06,15,16,06_16,panelist,med,NA,4.3,1,0,0,0,1,0.2,4.5
06,15,17,06_17,panelist,low,NA,4.3,1,0,1,0,1,0.2,4.5
06,15,18,06_18,panelist,none,NA,4.3,1,0,0,1,0,0,4.3
06,15,19,06_19,reviewer,none,4.5,4.3,0,0,0,1,0,0,4.3
06,15,20,06_20,panelist,med,NA,4.3,1,0,0,0,0,0,4.3
06,15,21,06_21,panelist,none,NA,4.3,1,0,0,1,0,0,4.3
06,15,22,06_22,reviewer,none,4.2,4.3,0,0,0,1,1,0.1,4.4
06,15,23,06_23,panelist,low,NA,4.3,1,0,1,0,1,-0.1,4.2
06,15,24,06_24,panelist,none,NA,4.3,1,0,0,1,1,-0.1,4.2
06,16,01,06_01,panelist,low,NA,3.5,1,0,1,0,0,0,3.5
06,16,02,06_02,panelist,none,NA,3.5,1,0,0,1,0,0,3.5
06,16,03,06_03,panelist,none,NA,3.5,1,0,0,1,0,0,3.5
06,16,04,06_04,panelist,low,NA,3.5,1,0,1,0,1,0.2,3.7
06,16,05,06_05,panelist,none,NA,3.5,1,0,0,1,0,0,3.5
06,16,06,06_06,panelist,med,NA,3.5,1,0,0,0,0,0,3.5
06,16,07,06_07,panelist,low,NA,3.5,1,0,1,0,0,0,3.5
06,16,08,06_08,panelist,med,NA,3.5,1,0,0,0,0,0,3.5
06,16,09,06_09,panelist,med,NA,3.5,1,0,0,0,0,0,3.5
06,16,10,06_10,panelist,none,NA,3.5,1,0,0,1,1,0.2,3.7
06,16,11,06_11,panelist,low,NA,3.5,1,0,1,0,0,0,3.5
06,16,12,06_12,reviewer,low,3.8,3.5,0,0,1,0,0,0,3.5
06,16,13,06_13,panelist,none,NA,3.5,1,0,0,1,0,0,3.5
06,16,14,06_14,reviewer,none,3.6,3.5,0,0,0,1,0,0,3.5
06,16,15,06_15,panelist,none,NA,3.5,1,0,0,1,1,0.3,3.8
06,16,16,06_16,panelist,low,NA,3.5,1,0,1,0,1,0.1,3.6
06,16,17,06_17,panelist,high,NA,3.5,1,1,0,0,0,0,3.5
06,16,18,06_18,panelist,med,NA,3.5,1,0,0,0,0,0,3.5
06,16,19,06_19,reviewer,high,3.2,3.5,0,1,0,0,0,0,3.5
06,16,20,06_20,panelist,med,NA,3.5,1,0,0,0,0,0,3.5
06,16,21,06_21,panelist,none,NA,3.5,1,0,0,1,0,0,3.5
06,16,22,06_22,panelist,none,NA,3.5,1,0,0,1,0,0,3.5
06,16,23,06_23,panelist,none,NA,3.5,1,0,0,1,1,0.1,3.6
06,16,24,06_24,panelist,low,NA,3.5,1,0,1,0,1,-0.1,3.4
06,26,01,06_01,panelist,none,NA,4.7,1,0,0,1,0,0,4.7
06,26,02,06_02,panelist,low,NA,4.7,1,0,1,0,0,0,4.7
06,26,03,06_03,panelist,none,NA,4.7,1,0,0,1,0,0,4.7
06,26,04,06_04,panelist,med,NA,4.7,1,0,0,0,0,0,4.7
06,26,05,06_05,panelist,low,NA,4.7,1,0,1,0,0,0,4.7
06,26,06,06_06,panelist,low,NA,4.7,1,0,1,0,1,-0.1,4.6
06,26,07,06_07,panelist,med,NA,4.7,1,0,0,0,1,-0.2,4.5
06,26,08,06_08,panelist,none,NA,4.7,1,0,0,1,1,0.1,4.8
06,26,09,06_09,panelist,none,NA,4.7,1,0,0,1,1,-0.2,4.5
06,26,10,06_10,panelist,none,NA,4.7,1,0,0,1,1,0.3,4.9
06,26,11,06_11,panelist,none,NA,4.7,1,0,0,1,0,0,4.7
06,26,12,06_12,reviewer,med,4.6,4.7,0,0,0,0,1,0.1,4.8
06,26,13,06_13,panelist,none,NA,4.7,1,0,0,1,0,0,4.7
06,26,14,06_14,panelist,low,NA,4.7,1,0,1,0,0,0,4.7
06,26,15,06_15,panelist,none,NA,4.7,1,0,0,1,1,0.2,4.9
06,26,16,06_16,panelist,low,NA,4.7,1,0,1,0,0,0,4.7
06,26,17,06_17,panelist,low,NA,4.7,1,0,1,0,1,0.1,4.8
06,26,18,06_18,panelist,med,NA,4.7,1,0,0,0,0,0,4.7
06,26,19,06_19,reviewer,none,4.8,4.7,0,0,0,1,0,0,4.7
06,26,20,06_20,reviewer,high,4.8,4.7,0,1,0,0,0,0,4.7
06,26,21,06_21,panelist,low,NA,4.7,1,0,1,0,0,0,4.7
06,26,22,06_22,panelist,high,NA,4.7,1,1,0,0,0,0,4.7
06,26,23,06_23,panelist,med,NA,4.7,1,0,0,0,0,0,4.7
06,26,24,06_24,panelist,none,NA,4.7,1,0,0,1,1,-0.1,4.6
06,27,01,06_01,panelist,low,NA,4,1,0,1,0,0,0,4
06,27,02,06_02,panelist,none,NA,4,1,0,0,1,0,0,4
06,27,03,06_03,panelist,high,NA,4,1,1,0,0,0,0,4
06,27,04,06_04,panelist,none,NA,4,1,0,0,1,1,0.5,4.5
06,27,05,06_05,reviewer,low,4.1,4,0,0,1,0,0,0,4
06,27,06,06_06,panelist,high,NA,4,1,1,0,0,0,0,4
06,27,07,06_07,panelist,none,NA,4,1,0,0,1,1,-0.1,3.9
06,27,08,06_08,panelist,low,NA,4,1,0,1,0,1,-0.2,3.8
06,27,09,06_09,panelist,med,NA,4,1,0,0,0,0,0,4
06,27,10,06_10,panelist,low,NA,4,1,0,1,0,0,0,4
06,27,11,06_11,panelist,none,NA,4,1,0,0,1,1,-0.3,3.7
06,27,12,06_12,reviewer,med,3.9,4,0,0,0,0,0,0,4
06,27,13,06_13,panelist,med,NA,4,1,0,0,0,1,0.1,4.1
06,27,14,06_14,panelist,low,NA,4,1,0,1,0,0,0,4
06,27,15,06_15,panelist,low,NA,4,1,0,1,0,0,0,4
06,27,16,06_16,panelist,none,NA,4,1,0,0,1,0,0,4
06,27,17,06_17,panelist,none,NA,4,1,0,0,1,0,0,4
06,27,18,06_18,panelist,low,NA,4,1,0,1,0,0,0,4
06,27,19,06_19,panelist,none,NA,4,1,0,0,1,0,0,4
06,27,20,06_20,panelist,none,NA,4,1,0,0,1,0,0,4
06,27,21,06_21,reviewer,med,4,4,0,0,0,0,0,0,4
06,27,22,06_22,panelist,none,NA,4,1,0,0,1,0,0,4
06,27,23,06_23,panelist,none,NA,4,1,0,0,1,0,0,4
06,27,24,06_24,panelist,med,NA,4,1,0,0,0,0,0,4
06,28,01,06_01,panelist,none,NA,3.7,1,0,0,1,1,0.1,3.8
06,28,02,06_02,panelist,med,NA,3.7,1,0,0,0,1,0.1,3.8
06,28,03,06_03,reviewer,none,3.8,3.7,0,0,0,1,0,0,3.7
06,28,04,06_04,panelist,none,NA,3.7,1,0,0,1,1,0.1,3.8
06,28,05,06_05,panelist,med,NA,3.7,1,0,0,0,1,-0.2,3.5
06,28,06,06_06,panelist,none,NA,3.7,1,0,0,1,0,0,3.7
06,28,07,06_07,panelist,low,NA,3.7,1,0,1,0,1,0.2,3.9
06,28,08,06_08,panelist,none,NA,3.7,1,0,0,1,0,0,3.7
06,28,09,06_09,panelist,low,NA,3.7,1,0,1,0,1,-0.2,3.5
06,28,10,06_10,panelist,none,NA,3.7,1,0,0,1,1,0.3,4
06,28,11,06_11,panelist,low,NA,3.7,1,0,1,0,0,0,3.7
06,28,12,06_12,panelist,none,NA,3.7,1,0,0,1,1,0.1,3.8
06,28,13,06_13,panelist,low,NA,3.7,1,0,1,0,0,0,3.7
06,28,14,06_14,panelist,low,NA,3.7,1,0,1,0,1,0.2,3.9
06,28,15,06_15,panelist,low,NA,3.7,1,0,1,0,0,0,3.7
06,28,16,06_16,panelist,none,NA,3.7,1,0,0,1,0,0,3.7
06,28,17,06_17,panelist,none,NA,3.7,1,0,0,1,0,0,3.7
06,28,18,06_18,reviewer,high,3.4,3.7,0,1,0,0,0,0,3.7
06,28,19,06_19,panelist,low,NA,3.7,1,0,1,0,1,0.2,3.9
06,28,20,06_20,panelist,none,NA,3.7,1,0,0,1,0,0,3.7
06,28,21,06_21,panelist,med,NA,3.7,1,0,0,0,0,0,3.7
06,28,22,06_22,panelist,med,NA,3.7,1,0,0,0,1,0.2,3.9
06,28,23,06_23,reviewer,med,3.8,3.7,0,0,0,0,1,-0.1,3.6
06,28,24,06_24,panelist,high,NA,3.7,1,1,0,0,0,0,3.7
06,29,01,06_01,panelist,high,NA,4.2,1,1,0,0,0,0,4.2
06,29,02,06_02,panelist,none,NA,4.2,1,0,0,1,1,-0.3,3.9
06,29,03,06_03,panelist,low,NA,4.2,1,0,1,0,1,-0.1,4.1
06,29,04,06_04,panelist,none,NA,4.2,1,0,0,1,0,0,4.2
06,29,05,06_05,panelist,low,NA,4.2,1,0,1,0,0,0,4.2
06,29,06,06_06,reviewer,high,4.3,4.2,0,1,0,0,0,0,4.2
06,29,07,06_07,panelist,med,NA,4.2,1,0,0,0,0,0,4.2
06,29,08,06_08,panelist,none,NA,4.2,1,0,0,1,1,0.1,4.3
06,29,09,06_09,panelist,low,NA,4.2,1,0,1,0,0,0,4.2
06,29,10,06_10,panelist,low,NA,4.2,1,0,1,0,1,0.1,4.3
06,29,11,06_11,panelist,none,NA,4.2,1,0,0,1,1,-0.1,4.1
06,29,12,06_12,reviewer,med,4.4,4.2,0,0,0,0,0,0,4.2
06,29,13,06_13,panelist,low,NA,4.2,1,0,1,0,0,0,4.2
06,29,14,06_14,panelist,med,NA,4.2,1,0,0,0,1,-0.2,4
06,29,15,06_15,panelist,none,NA,4.2,1,0,0,1,0,0,4.2
06,29,16,06_16,panelist,low,NA,4.2,1,0,1,0,1,-0.1,4.1
06,29,17,06_17,panelist,med,NA,4.2,1,0,0,0,1,0.1,4.3
06,29,18,06_18,panelist,none,NA,4.2,1,0,0,1,0,0,4.2
06,29,19,06_19,panelist,med,NA,4.2,1,0,0,0,0,0,4.2
06,29,20,06_20,panelist,none,NA,4.2,1,0,0,1,1,0.3,4.5
06,29,21,06_21,panelist,none,NA,4.2,1,0,0,1,0,0,4.2
06,29,22,06_22,panelist,none,NA,4.2,1,0,0,1,1,-0.1,4.1
06,29,23,06_23,panelist,low,NA,4.2,1,0,1,0,1,-0.1,4.1
06,29,24,06_24,reviewer,none,3.9,4.2,0,0,0,1,0,0,4.2
07,1,01,07_01,panelist,none,NA,4.3,1,0,0,1,1,0.2,4.5
07,1,02,07_02,panelist,low,NA,4.3,1,0,1,0,1,-0.1,4.2
07,1,03,07_03,panelist,low,NA,4.3,1,0,1,0,0,0,4.3
07,1,04,07_04,panelist,none,NA,4.3,1,0,0,1,0,0,4.3
07,1,05,07_05,reviewer,low,4.4,4.3,0,0,1,0,1,0.1,4.4
07,1,06,07_06,panelist,none,NA,4.3,1,0,0,1,1,-0.1,4.2
07,1,07,07_07,panelist,med,NA,4.3,1,0,0,0,1,-0.1,4.2
07,1,08,07_08,panelist,med,NA,4.3,1,0,0,0,1,-0.2,4.1
07,1,09,07_09,panelist,low,NA,4.3,1,0,1,0,0,0,4.3
07,1,10,07_10,panelist,low,NA,4.3,1,0,1,0,0,0,4.3
07,1,11,07_11,panelist,low,NA,4.3,1,0,1,0,1,0.2,4.5
07,1,12,07_12,panelist,none,NA,4.3,1,0,0,1,1,0.1,4.4
07,1,13,07_13,reviewer,low,4.3,4.3,0,0,1,0,0,0,4.3
07,1,14,07_14,panelist,med,NA,4.3,1,0,0,0,1,-0.3,4
07,1,15,07_15,panelist,none,NA,4.3,1,0,0,1,1,-0.1,4.2
07,1,16,07_16,reviewer,high,4.3,4.3,0,1,0,0,0,0,4.3
07,1,17,07_17,panelist,none,NA,4.3,1,0,0,1,1,-0.2,4.1
07,1,18,07_18,panelist,none,NA,4.3,1,0,0,1,1,0.2,4.5
07,1,19,07_19,panelist,med,NA,4.3,1,0,0,0,1,0.3,4.6
07,1,20,07_20,panelist,high,NA,4.3,1,1,0,0,0,0,4.3
07,1,21,07_21,panelist,none,NA,4.3,1,0,0,1,0,0,4.3
07,1,22,07_22,panelist,med,NA,4.3,1,0,0,0,1,0.3,4.6
07,1,23,07_23,panelist,none,NA,4.3,1,0,0,1,0,0,4.3
07,1,24,07_24,panelist,none,NA,4.3,1,0,0,1,0,0,4.3
07,3,01,07_01,panelist,none,NA,3.5,1,0,0,1,0,0,3.5
07,3,02,07_02,panelist,low,NA,3.5,1,0,1,0,1,-0.2,3.3
07,3,03,07_03,reviewer,low,3.5,3.5,0,0,1,0,0,0,3.5
07,3,04,07_04,panelist,none,NA,3.5,1,0,0,1,0,0,3.5
07,3,05,07_05,reviewer,med,3.4,3.5,0,0,0,0,0,0,3.5
07,3,06,07_06,panelist,low,NA,3.5,1,0,1,0,1,-0.2,3.3
07,3,07,07_07,panelist,med,NA,3.5,1,0,0,0,1,0.1,3.6
07,3,08,07_08,panelist,none,NA,3.5,1,0,0,1,1,-0.2,3.3
07,3,09,07_09,panelist,none,NA,3.5,1,0,0,1,1,0.1,3.6
07,3,10,07_10,panelist,none,NA,3.5,1,0,0,1,1,0.1,3.6
07,3,11,07_11,panelist,none,NA,3.5,1,0,0,1,1,0.2,3.7
07,3,12,07_12,panelist,low,NA,3.5,1,0,1,0,0,0,3.5
07,3,13,07_13,panelist,med,NA,3.5,1,0,0,0,0,0,3.5
07,3,14,07_14,panelist,low,NA,3.5,1,0,1,0,1,-0.1,3.4
07,3,15,07_15,panelist,low,NA,3.5,1,0,1,0,1,0.2,3.7
07,3,16,07_16,panelist,none,NA,3.5,1,0,0,1,1,-0.2,3.3
07,3,17,07_17,panelist,med,NA,3.5,1,0,0,0,0,0,3.5
07,3,18,07_18,panelist,high,NA,3.5,1,1,0,0,1,0.1,3.6
07,3,19,07_19,reviewer,low,3.7,3.5,0,0,1,0,0,0,3.5
07,3,20,07_20,panelist,high,NA,3.5,1,1,0,0,0,0,3.5
07,3,21,07_21,panelist,none,NA,3.5,1,0,0,1,1,0.1,3.6
07,3,22,07_22,panelist,none,NA,3.5,1,0,0,1,1,0.1,3.6
07,3,23,07_23,panelist,none,NA,3.5,1,0,0,1,0,0,3.5
07,3,24,07_24,panelist,med,NA,3.5,1,0,0,0,1,0.2,3.7
07,4,01,07_01,panelist,none,NA,4.7,1,0,0,1,0,0,4.7
07,4,02,07_02,panelist,low,NA,4.7,1,0,1,0,0,0,4.7
07,4,03,07_03,panelist,none,NA,4.7,1,0,0,1,1,0.1,4.8
07,4,04,07_04,panelist,high,NA,4.7,1,1,0,0,1,0.1,4.8
07,4,05,07_05,panelist,none,NA,4.7,1,0,0,1,1,0.3,4.9
07,4,06,07_06,panelist,low,NA,4.7,1,0,1,0,0,0,4.7
07,4,07,07_07,panelist,low,NA,4.7,1,0,1,0,0,0,4.7
07,4,08,07_08,panelist,none,NA,4.7,1,0,0,1,0,0,4.7
07,4,09,07_09,panelist,low,NA,4.7,1,0,1,0,0,0,4.7
07,4,10,07_10,panelist,none,NA,4.7,1,0,0,1,1,0.1,4.8
07,4,11,07_11,reviewer,med,4.5,4.7,0,0,0,0,0,0,4.7
07,4,12,07_12,panelist,high,NA,4.7,1,1,0,0,0,0,4.7
07,4,13,07_13,panelist,low,NA,4.7,1,0,1,0,0,0,4.7
07,4,14,07_14,panelist,low,NA,4.7,1,0,1,0,1,0.1,4.8
07,4,15,07_15,panelist,low,NA,4.7,1,0,1,0,0,0,4.7
07,4,16,07_16,panelist,none,NA,4.7,1,0,0,1,1,-0.2,4.5
07,4,17,07_17,panelist,med,NA,4.7,1,0,0,0,1,0.1,4.8
07,4,18,07_18,reviewer,none,4.9,4.7,0,0,0,1,0,0,4.7
07,4,19,07_19,panelist,med,NA,4.7,1,0,0,0,1,-0.1,4.6
07,4,20,07_20,panelist,none,NA,4.7,1,0,0,1,0,0,4.7
07,4,21,07_21,panelist,none,NA,4.7,1,0,0,1,1,-0.1,4.6
07,4,22,07_22,panelist,med,NA,4.7,1,0,0,0,0,0,4.7
07,4,23,07_23,reviewer,none,4.8,4.7,0,0,0,1,1,-0.1,4.6
07,4,24,07_24,panelist,med,NA,4.7,1,0,0,0,1,-0.1,4.6
07,5,01,07_01,panelist,med,NA,4.1,1,0,0,0,1,0.1,4.2
07,5,02,07_02,panelist,none,NA,4.1,1,0,0,1,0,0,4.1
07,5,03,07_03,panelist,high,NA,4.1,1,1,0,0,0,0,4.1
07,5,04,07_04,panelist,low,NA,4.1,1,0,1,0,1,-0.1,4
07,5,05,07_05,panelist,med,NA,4.1,1,0,0,0,0,0,4.1
07,5,06,07_06,panelist,low,NA,4.1,1,0,1,0,1,0.1,4.2
07,5,07,07_07,panelist,none,NA,4.1,1,0,0,1,0,0,4.1
07,5,08,07_08,panelist,none,NA,4.1,1,0,0,1,1,-0.1,4
07,5,09,07_09,panelist,low,NA,4.1,1,0,1,0,0,0,4.1
07,5,10,07_10,reviewer,none,4.2,4.1,0,0,0,1,0,0,4.1
07,5,11,07_11,panelist,none,NA,4.1,1,0,0,1,1,0.4,4.5
07,5,12,07_12,reviewer,low,3.8,4.1,0,0,1,0,1,0.2,4.3
07,5,13,07_13,panelist,none,NA,4.1,1,0,0,1,1,-0.1,4
07,5,14,07_14,panelist,none,NA,4.1,1,0,0,1,0,0,4.1
07,5,15,07_15,panelist,low,NA,4.1,1,0,1,0,1,0.4,4.5
07,5,16,07_16,panelist,med,NA,4.1,1,0,0,0,1,-0.1,4
07,5,17,07_17,panelist,none,NA,4.1,1,0,0,1,1,0.2,4.3
07,5,18,07_18,panelist,low,NA,4.1,1,0,1,0,0,0,4.1
07,5,19,07_19,reviewer,none,4.2,4.1,0,0,0,1,1,0.4,4.5
07,5,20,07_20,panelist,med,NA,4.1,1,0,0,0,0,0,4.1
07,5,21,07_21,panelist,high,NA,4.1,1,1,0,0,0,0,4.1
07,5,22,07_22,panelist,med,NA,4.1,1,0,0,0,1,0.2,4.3
07,5,23,07_23,panelist,low,NA,4.1,1,0,1,0,1,-0.3,3.8
07,5,24,07_24,panelist,none,NA,4.1,1,0,0,1,0,0,4.1
07,9,01,07_01,panelist,low,NA,4.4,1,0,1,0,0,0,4.4
07,9,02,07_02,panelist,med,NA,4.4,1,0,0,0,1,-0.1,4.3
07,9,03,07_03,panelist,none,NA,4.4,1,0,0,1,0,0,4.4
07,9,04,07_04,panelist,med,NA,4.4,1,0,0,0,0,0,4.4
07,9,05,07_05,panelist,low,NA,4.4,1,0,1,0,0,0,4.4
07,9,06,07_06,panelist,none,NA,4.4,1,0,0,1,0,0,4.4
07,9,07,07_07,panelist,none,NA,4.4,1,0,0,1,1,0.4,4.8
07,9,08,07_08,panelist,low,NA,4.4,1,0,1,0,1,-0.1,4.3
07,9,09,07_09,reviewer,med,4.2,4.4,0,0,0,0,0,0,4.4
07,9,10,07_10,panelist,none,NA,4.4,1,0,0,1,1,-0.1,4.3
07,9,11,07_11,panelist,high,NA,4.4,1,1,0,0,0,0,4.4
07,9,12,07_12,panelist,high,NA,4.4,1,1,0,0,1,-0.2,4.2
07,9,13,07_13,panelist,none,NA,4.4,1,0,0,1,1,-0.2,4.2
07,9,14,07_14,panelist,med,NA,4.4,1,0,0,0,1,-0.1,4.3
07,9,15,07_15,panelist,none,NA,4.4,1,0,0,1,0,0,4.4
07,9,16,07_16,panelist,none,NA,4.4,1,0,0,1,0,0,4.4
07,9,17,07_17,panelist,none,NA,4.4,1,0,0,1,0,0,4.4
07,9,18,07_18,panelist,med,NA,4.4,1,0,0,0,0,0,4.4
07,9,19,07_19,reviewer,low,4.6,4.4,0,0,1,0,1,0.4,4.8
07,9,20,07_20,reviewer,none,4.4,4.4,0,0,0,1,1,-0.3,4.1
07,9,21,07_21,panelist,low,NA,4.4,1,0,1,0,1,-0.2,4.2
07,9,22,07_22,panelist,low,NA,4.4,1,0,1,0,1,0.1,4.5
07,9,23,07_23,panelist,low,NA,4.4,1,0,1,0,1,0.3,4.7
07,9,24,07_24,panelist,none,NA,4.4,1,0,0,1,0,0,4.4
07,10,01,07_01,panelist,none,NA,3.6,1,0,0,1,0,0,3.6
07,10,02,07_02,panelist,none,NA,3.6,1,0,0,1,0,0,3.6
07,10,03,07_03,panelist,low,NA,3.6,1,0,1,0,0,0,3.6
07,10,04,07_04,panelist,low,NA,3.6,1,0,1,0,0,0,3.6
07,10,05,07_05,reviewer,none,3.8,3.6,0,0,0,1,0,0,3.6
07,10,06,07_06,panelist,low,NA,3.6,1,0,1,0,1,0.3,3.9
07,10,07,07_07,panelist,high,NA,3.6,1,1,0,0,1,0.1,3.7
07,10,08,07_08,panelist,none,NA,3.6,1,0,0,1,1,-0.5,3.1
07,10,09,07_09,panelist,none,NA,3.6,1,0,0,1,0,0,3.6
07,10,10,07_10,panelist,med,NA,3.6,1,0,0,0,1,0.1,3.7
07,10,11,07_11,panelist,none,NA,3.6,1,0,0,1,0,0,3.6
07,10,12,07_12,panelist,none,NA,3.6,1,0,0,1,1,-0.2,3.4
07,10,13,07_13,reviewer,low,3.4,3.6,0,0,1,0,0,0,3.6
07,10,14,07_14,panelist,none,NA,3.6,1,0,0,1,0,0,3.6
07,10,15,07_15,panelist,med,NA,3.6,1,0,0,0,0,0,3.6
07,10,16,07_16,panelist,low,NA,3.6,1,0,1,0,0,0,3.6
07,10,17,07_17,reviewer,none,3.7,3.6,0,0,0,1,0,0,3.6
07,10,18,07_18,panelist,low,NA,3.6,1,0,1,0,1,0.1,3.7
07,10,19,07_19,panelist,med,NA,3.6,1,0,0,0,0,0,3.6
07,10,20,07_20,panelist,med,NA,3.6,1,0,0,0,0,0,3.6
07,10,21,07_21,panelist,none,NA,3.6,1,0,0,1,0,0,3.6
07,10,22,07_22,panelist,med,NA,3.6,1,0,0,0,0,0,3.6
07,10,23,07_23,panelist,high,NA,3.6,1,1,0,0,0,0,3.6
07,10,24,07_24,panelist,low,NA,3.6,1,0,1,0,0,0,3.6
07,12,01,07_01,panelist,none,NA,3.9,1,0,0,1,1,0.2,4.1
07,12,02,07_02,panelist,med,NA,3.9,1,0,0,0,1,0.1,4
07,12,03,07_03,reviewer,high,3.6,3.9,0,1,0,0,0,0,3.9
07,12,04,07_04,panelist,none,NA,3.9,1,0,0,1,1,0.1,4
07,12,05,07_05,panelist,low,NA,3.9,1,0,1,0,0,0,3.9
07,12,06,07_06,panelist,low,NA,3.9,1,0,1,0,0,0,3.9
07,12,07,07_07,reviewer,low,3.9,3.9,0,0,1,0,1,0.3,4.2
07,12,08,07_08,panelist,low,NA,3.9,1,0,1,0,0,0,3.9
07,12,09,07_09,panelist,none,NA,3.9,1,0,0,1,1,0.2,4.1
07,12,10,07_10,panelist,low,NA,3.9,1,0,1,0,1,-0.1,3.8
07,12,11,07_11,panelist,med,NA,3.9,1,0,0,0,1,0.2,4.1
07,12,12,07_12,panelist,med,NA,3.9,1,0,0,0,1,0.1,4
07,12,13,07_13,panelist,med,NA,3.9,1,0,0,0,1,-0.2,3.7
07,12,14,07_14,panelist,none,NA,3.9,1,0,0,1,1,0.1,4
07,12,15,07_15,panelist,none,NA,3.9,1,0,0,1,1,-0.1,3.8
07,12,16,07_16,panelist,none,NA,3.9,1,0,0,1,1,-0.2,3.7
07,12,17,07_17,panelist,low,NA,3.9,1,0,1,0,0,0,3.9
07,12,18,07_18,reviewer,none,4.1,3.9,0,0,0,1,0,0,3.9
07,12,19,07_19,panelist,high,NA,3.9,1,1,0,0,0,0,3.9
07,12,20,07_20,panelist,none,NA,3.9,1,0,0,1,0,0,3.9
07,12,21,07_21,panelist,none,NA,3.9,1,0,0,1,1,-0.1,3.8
07,12,22,07_22,panelist,med,NA,3.9,1,0,0,0,0,0,3.9
07,12,23,07_23,panelist,none,NA,3.9,1,0,0,1,1,0.2,4.1
07,12,24,07_24,panelist,low,NA,3.9,1,0,1,0,0,0,3.9
07,13,01,07_01,panelist,none,NA,4.1,1,0,0,1,1,0.1,4.2
07,13,02,07_02,panelist,med,NA,4.1,1,0,0,0,0,0,4.1
07,13,03,07_03,panelist,med,NA,4.1,1,0,0,0,1,0.1,4.2
07,13,04,07_04,panelist,high,NA,4.1,1,1,0,0,1,-0.2,3.9
07,13,05,07_05,panelist,low,NA,4.1,1,0,1,0,1,-0.1,4
07,13,06,07_06,panelist,low,NA,4.1,1,0,1,0,1,0.1,4.2
07,13,07,07_07,reviewer,low,3.9,4.1,0,0,1,0,1,0.3,4.4
07,13,08,07_08,panelist,none,NA,4.1,1,0,0,1,1,-0.2,3.9
07,13,09,07_09,panelist,low,NA,4.1,1,0,1,0,0,0,4.1
07,13,10,07_10,panelist,low,NA,4.1,1,0,1,0,0,0,4.1
07,13,11,07_11,panelist,med,NA,4.1,1,0,0,0,0,0,4.1
07,13,12,07_12,panelist,med,NA,4.1,1,0,0,0,0,0,4.1
07,13,13,07_13,panelist,none,NA,4.1,1,0,0,1,0,0,4.1
07,13,14,07_14,panelist,none,NA,4.1,1,0,0,1,0,0,4.1
07,13,15,07_15,panelist,none,NA,4.1,1,0,0,1,0,0,4.1
07,13,16,07_16,panelist,low,NA,4.1,1,0,1,0,0,0,4.1
07,13,17,07_17,panelist,med,NA,4.1,1,0,0,0,0,0,4.1
07,13,18,07_18,panelist,high,NA,4.1,1,1,0,0,0,0,4.1
07,13,19,07_19,panelist,none,NA,4.1,1,0,0,1,0,0,4.1
07,13,20,07_20,reviewer,none,4.1,4.1,0,0,0,1,0,0,4.1
07,13,21,07_21,panelist,none,NA,4.1,1,0,0,1,1,-0.1,4
07,13,22,07_22,reviewer,none,4.2,4.1,0,0,0,1,1,0.2,4.3
07,13,23,07_23,panelist,none,NA,4.1,1,0,0,1,1,-0.3,3.8
07,13,24,07_24,panelist,low,NA,4.1,1,0,1,0,1,0.1,4.2
07,14,01,07_01,panelist,none,NA,4.1,1,0,0,1,1,0.3,4.4
07,14,02,07_02,panelist,low,NA,4.1,1,0,1,0,1,-0.3,3.8
07,14,03,07_03,reviewer,low,3.9,4.1,0,0,1,0,0,0,4.1
07,14,04,07_04,panelist,med,NA,4.1,1,0,0,0,1,-0.3,3.8
07,14,05,07_05,panelist,none,NA,4.1,1,0,0,1,0,0,4.1
07,14,06,07_06,panelist,none,NA,4.1,1,0,0,1,0,0,4.1
07,14,07,07_07,panelist,med,NA,4.1,1,0,0,0,0,0,4.1
07,14,08,07_08,panelist,none,NA,4.1,1,0,0,1,1,-0.1,4
07,14,09,07_09,reviewer,med,4.1,4.1,0,0,0,0,0,0,4.1
07,14,10,07_10,panelist,low,NA,4.1,1,0,1,0,0,0,4.1
07,14,11,07_11,panelist,high,NA,4.1,1,1,0,0,0,0,4.1
07,14,12,07_12,panelist,low,NA,4.1,1,0,1,0,0,0,4.1
07,14,13,07_13,panelist,none,NA,4.1,1,0,0,1,0,0,4.1
07,14,14,07_14,panelist,none,NA,4.1,1,0,0,1,0,0,4.1
07,14,15,07_15,panelist,med,NA,4.1,1,0,0,0,1,0.1,4.2
07,14,16,07_16,panelist,none,NA,4.1,1,0,0,1,0,0,4.1
07,14,17,07_17,panelist,med,NA,4.1,1,0,0,0,1,-0.1,4
07,14,18,07_18,panelist,none,NA,4.1,1,0,0,1,1,-0.1,4
07,14,19,07_19,reviewer,high,4.4,4.1,0,1,0,0,0,0,4.1
07,14,20,07_20,panelist,none,NA,4.1,1,0,0,1,1,-0.3,3.8
07,14,21,07_21,panelist,none,NA,4.1,1,0,0,1,1,0.1,4.2
07,14,22,07_22,panelist,low,NA,4.1,1,0,1,0,1,-0.1,4
07,14,23,07_23,panelist,low,NA,4.1,1,0,1,0,0,0,4.1
07,14,24,07_24,panelist,low,NA,4.1,1,0,1,0,0,0,4.1
07,15,01,07_01,panelist,low,NA,4.3,1,0,1,0,0,0,4.3
07,15,02,07_02,panelist,med,NA,4.3,1,0,0,0,0,0,4.3
07,15,03,07_03,panelist,none,NA,4.3,1,0,0,1,1,0.3,4.6
07,15,04,07_04,panelist,low,NA,4.3,1,0,1,0,1,0.2,4.5
07,15,05,07_05,panelist,none,NA,4.3,1,0,0,1,0,0,4.3
07,15,06,07_06,panelist,med,NA,4.3,1,0,0,0,0,0,4.3
07,15,07,07_07,reviewer,low,4.1,4.3,0,0,1,0,0,0,4.3
07,15,08,07_08,panelist,med,NA,4.3,1,0,0,0,1,0.2,4.5
07,15,09,07_09,panelist,med,NA,4.3,1,0,0,0,1,0.1,4.4
07,15,10,07_10,panelist,med,NA,4.3,1,0,0,0,1,0.3,4.6
07,15,11,07_11,panelist,low,NA,4.3,1,0,1,0,1,0.2,4.5
07,15,12,07_12,panelist,high,NA,4.3,1,1,0,0,0,0,4.3
07,15,13,07_13,panelist,none,NA,4.3,1,0,0,1,0,0,4.3
07,15,14,07_14,panelist,low,NA,4.3,1,0,1,0,0,0,4.3
07,15,15,07_15,panelist,none,NA,4.3,1,0,0,1,1,0.3,4.6
07,15,16,07_16,panelist,low,NA,4.3,1,0,1,0,0,0,4.3
07,15,17,07_17,reviewer,none,4.5,4.3,0,0,0,1,1,0.2,4.5
07,15,18,07_18,panelist,none,NA,4.3,1,0,0,1,1,0.1,4.4
07,15,19,07_19,panelist,high,NA,4.3,1,1,0,0,0,0,4.3
07,15,20,07_20,panelist,none,NA,4.3,1,0,0,1,1,-0.3,4
07,15,21,07_21,reviewer,none,4.2,4.3,0,0,0,1,0,0,4.3
07,15,22,07_22,panelist,none,NA,4.3,1,0,0,1,1,0.2,4.5
07,15,23,07_23,panelist,low,NA,4.3,1,0,1,0,0,0,4.3
07,15,24,07_24,panelist,none,NA,4.3,1,0,0,1,1,0.3,4.6
07,22,01,07_01,panelist,none,NA,3.6,1,0,0,1,0,0,3.6
07,22,02,07_02,reviewer,none,3.6,3.6,0,0,0,1,1,-0.2,3.4
07,22,03,07_03,panelist,low,NA,3.6,1,0,1,0,1,0.1,3.7
07,22,04,07_04,panelist,med,NA,3.6,1,0,0,0,0,0,3.6
07,22,05,07_05,panelist,med,NA,3.6,1,0,0,0,1,-0.1,3.5
07,22,06,07_06,reviewer,low,3.5,3.6,0,0,1,0,1,0.3,3.9
07,22,07,07_07,panelist,none,NA,3.6,1,0,0,1,0,0,3.6
07,22,08,07_08,panelist,none,NA,3.6,1,0,0,1,0,0,3.6
07,22,09,07_09,panelist,low,NA,3.6,1,0,1,0,1,0.4,4
07,22,10,07_10,panelist,none,NA,3.6,1,0,0,1,0,0,3.6
07,22,11,07_11,reviewer,med,3.6,3.6,0,0,0,0,0,0,3.6
07,22,12,07_12,panelist,med,NA,3.6,1,0,0,0,1,-0.2,3.4
07,22,13,07_13,panelist,none,NA,3.6,1,0,0,1,1,-0.1,3.5
07,22,14,07_14,panelist,high,NA,3.6,1,1,0,0,1,0.1,3.7
07,22,15,07_15,panelist,low,NA,3.6,1,0,1,0,1,0.1,3.7
07,22,16,07_16,panelist,none,NA,3.6,1,0,0,1,1,-0.2,3.4
07,22,17,07_17,panelist,none,NA,3.6,1,0,0,1,1,-0.1,3.5
07,22,18,07_18,panelist,none,NA,3.6,1,0,0,1,0,0,3.6
07,22,19,07_19,panelist,med,NA,3.6,1,0,0,0,0,0,3.6
07,22,20,07_20,panelist,high,NA,3.6,1,1,0,0,0,0,3.6
07,22,21,07_21,panelist,low,NA,3.6,1,0,1,0,0,0,3.6
07,22,22,07_22,panelist,low,NA,3.6,1,0,1,0,0,0,3.6
07,22,23,07_23,panelist,none,NA,3.6,1,0,0,1,0,0,3.6
07,22,24,07_24,panelist,low,NA,3.6,1,0,1,0,0,0,3.6
07,25,01,07_01,reviewer,none,3.9,3.6,0,0,0,1,0,0,3.6
07,25,02,07_02,panelist,none,NA,3.6,1,0,0,1,1,0.1,3.7
07,25,03,07_03,panelist,med,NA,3.6,1,0,0,0,0,0,3.6
07,25,04,07_04,panelist,low,NA,3.6,1,0,1,0,1,0.1,3.7
07,25,05,07_05,panelist,low,NA,3.6,1,0,1,0,0,0,3.6
07,25,06,07_06,reviewer,low,3.4,3.6,0,0,1,0,1,-0.1,3.5
07,25,07,07_07,panelist,low,NA,3.6,1,0,1,0,0,0,3.6
07,25,08,07_08,panelist,low,NA,3.6,1,0,1,0,1,-0.2,3.4
07,25,09,07_09,panelist,none,NA,3.6,1,0,0,1,1,0.5,4.1
07,25,10,07_10,panelist,none,NA,3.6,1,0,0,1,1,0.1,3.7
07,25,11,07_11,panelist,high,NA,3.6,1,1,0,0,0,0,3.6
07,25,12,07_12,reviewer,none,3.4,3.6,0,0,0,1,1,0.2,3.8
07,25,13,07_13,panelist,low,NA,3.6,1,0,1,0,1,-0.2,3.4
07,25,14,07_14,panelist,med,NA,3.6,1,0,0,0,1,0.3,3.9
07,25,15,07_15,panelist,none,NA,3.6,1,0,0,1,1,0.1,3.7
07,25,16,07_16,panelist,med,NA,3.6,1,0,0,0,1,0.1,3.7
07,25,17,07_17,panelist,none,NA,3.6,1,0,0,1,0,0,3.6
07,25,18,07_18,panelist,low,NA,3.6,1,0,1,0,1,0.2,3.8
07,25,19,07_19,panelist,none,NA,3.6,1,0,0,1,0,0,3.6
07,25,20,07_20,panelist,none,NA,3.6,1,0,0,1,0,0,3.6
07,25,21,07_21,panelist,high,NA,3.6,1,1,0,0,0,0,3.6
07,25,22,07_22,panelist,med,NA,3.6,1,0,0,0,1,0.3,3.9
07,25,23,07_23,panelist,none,NA,3.6,1,0,0,1,1,0.2,3.8
07,25,24,07_24,panelist,med,NA,3.6,1,0,0,0,1,0.1,3.7
07,27,01,07_01,panelist,none,NA,4.3,1,0,0,1,1,0.1,4.4
07,27,02,07_02,panelist,med,NA,4.3,1,0,0,0,1,-0.1,4.2
07,27,03,07_03,panelist,none,NA,4.3,1,0,0,1,0,0,4.3
07,27,04,07_04,panelist,none,NA,4.3,1,0,0,1,1,-0.3,4
07,27,05,07_05,panelist,low,NA,4.3,1,0,1,0,0,0,4.3
07,27,06,07_06,panelist,low,NA,4.3,1,0,1,0,0,0,4.3
07,27,07,07_07,panelist,none,NA,4.3,1,0,0,1,0,0,4.3
07,27,08,07_08,reviewer,med,4.2,4.3,0,0,0,0,0,0,4.3
07,27,09,07_09,panelist,none,NA,4.3,1,0,0,1,0,0,4.3
07,27,10,07_10,panelist,low,NA,4.3,1,0,1,0,0,0,4.3
07,27,11,07_11,panelist,none,NA,4.3,1,0,0,1,0,0,4.3
07,27,12,07_12,reviewer,none,4.3,4.3,0,0,0,1,0,0,4.3
07,27,13,07_13,panelist,none,NA,4.3,1,0,0,1,1,-0.2,4.1
07,27,14,07_14,panelist,high,NA,4.3,1,1,0,0,1,-0.1,4.2
07,27,15,07_15,panelist,high,NA,4.3,1,1,0,0,1,0.3,4.6
07,27,16,07_16,panelist,med,NA,4.3,1,0,0,0,1,-0.1,4.2
07,27,17,07_17,panelist,med,NA,4.3,1,0,0,0,1,0.1,4.4
07,27,18,07_18,panelist,low,NA,4.3,1,0,1,0,1,0.3,4.6
07,27,19,07_19,reviewer,med,4.4,4.3,0,0,0,0,0,0,4.3
07,27,20,07_20,panelist,low,NA,4.3,1,0,1,0,0,0,4.3
07,27,21,07_21,panelist,low,NA,4.3,1,0,1,0,0,0,4.3
07,27,22,07_22,panelist,none,NA,4.3,1,0,0,1,1,0.1,4.4
07,27,23,07_23,panelist,none,NA,4.3,1,0,0,1,0,0,4.3
07,27,24,07_24,panelist,low,NA,4.3,1,0,1,0,0,0,4.3
07,28,01,07_01,panelist,med,NA,4.4,1,0,0,0,1,-0.1,4.3
07,28,02,07_02,panelist,low,NA,4.4,1,0,1,0,0,0,4.4
07,28,03,07_03,panelist,none,NA,4.4,1,0,0,1,1,0.1,4.5
07,28,04,07_04,panelist,low,NA,4.4,1,0,1,0,0,0,4.4
07,28,05,07_05,panelist,low,NA,4.4,1,0,1,0,1,0.1,4.5
07,28,06,07_06,panelist,med,NA,4.4,1,0,0,0,0,0,4.4
07,28,07,07_07,panelist,med,NA,4.4,1,0,0,0,1,0.1,4.5
07,28,08,07_08,panelist,none,NA,4.4,1,0,0,1,1,-0.1,4.3
07,28,09,07_09,panelist,none,NA,4.4,1,0,0,1,1,-0.1,4.3
07,28,10,07_10,panelist,none,NA,4.4,1,0,0,1,0,0,4.4
07,28,11,07_11,panelist,low,NA,4.4,1,0,1,0,0,0,4.4
07,28,12,07_12,panelist,med,NA,4.4,1,0,0,0,0,0,4.4
07,28,13,07_13,panelist,none,NA,4.4,1,0,0,1,1,-0.2,4.2
07,28,14,07_14,reviewer,high,4.2,4.4,0,1,0,0,0,0,4.4
07,28,15,07_15,panelist,none,NA,4.4,1,0,0,1,0,0,4.4
07,28,16,07_16,panelist,low,NA,4.4,1,0,1,0,0,0,4.4
07,28,17,07_17,reviewer,none,4.4,4.4,0,0,0,1,0,0,4.4
07,28,18,07_18,panelist,none,NA,4.4,1,0,0,1,1,0.2,4.6
07,28,19,07_19,reviewer,none,4.5,4.4,0,0,0,1,0,0,4.4
07,28,20,07_20,panelist,none,NA,4.4,1,0,0,1,0,0,4.4
07,28,21,07_21,panelist,low,NA,4.4,1,0,1,0,1,0.1,4.5
07,28,22,07_22,panelist,med,NA,4.4,1,0,0,0,0,0,4.4
07,28,23,07_23,panelist,high,NA,4.4,1,1,0,0,1,-0.2,4.2
07,28,24,07_24,panelist,low,NA,4.4,1,0,1,0,1,0.2,4.6
07,30,01,07_01,panelist,none,NA,3.9,1,0,0,1,1,-0.2,3.7
07,30,02,07_02,reviewer,low,4,3.9,0,0,1,0,1,-0.2,3.7
07,30,03,07_03,panelist,none,NA,3.9,1,0,0,1,0,0,3.9
07,30,04,07_04,reviewer,med,3.9,3.9,0,0,0,0,1,0.1,4
07,30,05,07_05,panelist,low,NA,3.9,1,0,1,0,0,0,3.9
07,30,06,07_06,panelist,high,NA,3.9,1,1,0,0,0,0,3.9
07,30,07,07_07,panelist,none,NA,3.9,1,0,0,1,0,0,3.9
07,30,08,07_08,reviewer,none,3.8,3.9,0,0,0,1,1,-0.3,3.6
07,30,09,07_09,panelist,none,NA,3.9,1,0,0,1,0,0,3.9
07,30,10,07_10,panelist,med,NA,3.9,1,0,0,0,1,-0.1,3.8
07,30,11,07_11,panelist,none,NA,3.9,1,0,0,1,1,-0.2,3.7
07,30,12,07_12,panelist,med,NA,3.9,1,0,0,0,0,0,3.9
07,30,13,07_13,panelist,low,NA,3.9,1,0,1,0,0,0,3.9
07,30,14,07_14,panelist,none,NA,3.9,1,0,0,1,0,0,3.9
07,30,15,07_15,panelist,none,NA,3.9,1,0,0,1,1,0.2,4.1
07,30,16,07_16,panelist,med,NA,3.9,1,0,0,0,0,0,3.9
07,30,17,07_17,panelist,high,NA,3.9,1,1,0,0,1,-0.1,3.8
07,30,18,07_18,panelist,low,NA,3.9,1,0,1,0,0,0,3.9
07,30,19,07_19,panelist,none,NA,3.9,1,0,0,1,1,0.1,4
07,30,20,07_20,panelist,low,NA,3.9,1,0,1,0,0,0,3.9
07,30,21,07_21,panelist,none,NA,3.9,1,0,0,1,1,0.1,4
07,30,22,07_22,panelist,low,NA,3.9,1,0,1,0,0,0,3.9
07,30,23,07_23,panelist,low,NA,3.9,1,0,1,0,0,0,3.9
07,30,24,07_24,panelist,med,NA,3.9,1,0,0,0,0,0,3.9
08,1,01,08_01,reviewer,none,3.9,3.9,0,0,0,1,1,-0.1,3.8
08,1,02,08_02,panelist,low,NA,3.9,1,0,1,0,0,0,3.9
08,1,03,08_03,panelist,med,NA,3.9,1,0,0,0,0,0,3.9
08,1,04,08_04,panelist,none,NA,3.9,1,0,0,1,1,0.1,4
08,1,05,08_05,panelist,low,NA,3.9,1,0,1,0,1,-0.2,3.7
08,1,06,08_06,reviewer,none,3.9,3.9,0,0,0,1,0,0,3.9
08,1,07,08_07,panelist,low,NA,3.9,1,0,1,0,0,0,3.9
08,1,08,08_08,panelist,none,NA,3.9,1,0,0,1,0,0,3.9
08,1,09,08_09,panelist,high,NA,3.9,1,1,0,0,0,0,3.9
08,1,10,08_10,panelist,none,NA,3.9,1,0,0,1,0,0,3.9
08,1,11,08_11,panelist,med,NA,3.9,1,0,0,0,0,0,3.9
08,1,12,08_12,panelist,none,NA,3.9,1,0,0,1,0,0,3.9
08,1,13,08_13,panelist,low,NA,3.9,1,0,1,0,0,0,3.9
08,1,14,08_14,panelist,low,NA,3.9,1,0,1,0,0,0,3.9
08,1,15,08_15,panelist,none,NA,3.9,1,0,0,1,0,0,3.9
08,1,16,08_16,panelist,med,NA,3.9,1,0,0,0,0,0,3.9
08,1,17,08_17,panelist,med,NA,3.9,1,0,0,0,0,0,3.9
08,1,18,08_18,panelist,high,NA,3.9,1,1,0,0,1,0.2,4.1
08,1,19,08_19,panelist,low,NA,3.9,1,0,1,0,1,0.1,4
08,1,20,08_20,panelist,none,NA,3.9,1,0,0,1,0,0,3.9
08,1,21,08_21,panelist,none,NA,3.9,1,0,0,1,0,0,3.9
08,1,22,08_22,panelist,low,NA,3.9,1,0,1,0,1,0.1,4
08,1,23,08_23,reviewer,med,4,3.9,0,0,0,0,0,0,3.9
08,1,24,08_24,panelist,none,NA,3.9,1,0,0,1,1,-0.2,3.7
08,2,01,08_01,panelist,low,NA,3.8,1,0,1,0,0,0,3.8
08,2,02,08_02,panelist,med,NA,3.8,1,0,0,0,0,0,3.8
08,2,03,08_03,panelist,none,NA,3.8,1,0,0,1,0,0,3.8
08,2,04,08_04,panelist,low,NA,3.8,1,0,1,0,1,-0.1,3.7
08,2,05,08_05,panelist,low,NA,3.8,1,0,1,0,0,0,3.8
08,2,06,08_06,panelist,low,NA,3.8,1,0,1,0,0,0,3.8
08,2,07,08_07,panelist,none,NA,3.8,1,0,0,1,1,-0.1,3.7
08,2,08,08_08,panelist,med,NA,3.8,1,0,0,0,0,0,3.8
08,2,09,08_09,panelist,med,NA,3.8,1,0,0,0,1,-0.2,3.6
08,2,10,08_10,panelist,none,NA,3.8,1,0,0,1,1,-0.3,3.5
08,2,11,08_11,reviewer,none,3.6,3.8,0,0,0,1,0,0,3.8
08,2,12,08_12,panelist,none,NA,3.8,1,0,0,1,0,0,3.8
08,2,13,08_13,panelist,med,NA,3.8,1,0,0,0,0,0,3.8
08,2,14,08_14,panelist,high,NA,3.8,1,1,0,0,0,0,3.8
08,2,15,08_15,reviewer,low,3.7,3.8,0,0,1,0,1,0.1,3.9
08,2,16,08_16,panelist,none,NA,3.8,1,0,0,1,1,-0.4,3.4
08,2,17,08_17,panelist,none,NA,3.8,1,0,0,1,1,-0.4,3.4
08,2,18,08_18,panelist,low,NA,3.8,1,0,1,0,0,0,3.8
08,2,19,08_19,panelist,none,NA,3.8,1,0,0,1,1,0.1,3.9
08,2,20,08_20,panelist,high,NA,3.8,1,1,0,0,1,-0.2,3.6
08,2,21,08_21,reviewer,none,4.2,3.8,0,0,0,1,0,0,3.8
08,2,22,08_22,panelist,med,NA,3.8,1,0,0,0,0,0,3.8
08,2,23,08_23,panelist,none,NA,3.8,1,0,0,1,1,-0.1,3.7
08,2,24,08_24,panelist,low,NA,3.8,1,0,1,0,0,0,3.8
08,4,01,08_01,panelist,low,NA,3.9,1,0,1,0,0,0,3.9
08,4,02,08_02,panelist,none,NA,3.9,1,0,0,1,0,0,3.9
08,4,03,08_03,reviewer,none,4,3.9,0,0,0,1,1,0.1,4
08,4,04,08_04,panelist,low,NA,3.9,1,0,1,0,1,-0.2,3.7
08,4,05,08_05,panelist,none,NA,3.9,1,0,0,1,1,0.2,4.1
08,4,06,08_06,panelist,low,NA,3.9,1,0,1,0,0,0,3.9
08,4,07,08_07,panelist,none,NA,3.9,1,0,0,1,1,0.2,4.1
08,4,08,08_08,panelist,med,NA,3.9,1,0,0,0,0,0,3.9
08,4,09,08_09,panelist,low,NA,3.9,1,0,1,0,0,0,3.9
08,4,10,08_10,panelist,none,NA,3.9,1,0,0,1,0,0,3.9
08,4,11,08_11,panelist,high,NA,3.9,1,1,0,0,0,0,3.9
08,4,12,08_12,panelist,low,NA,3.9,1,0,1,0,1,0.2,4.1
08,4,13,08_13,panelist,med,NA,3.9,1,0,0,0,1,0.3,4.2
08,4,14,08_14,panelist,low,NA,3.9,1,0,1,0,0,0,3.9
08,4,15,08_15,panelist,high,NA,3.9,1,1,0,0,1,-0.1,3.8
08,4,16,08_16,panelist,none,NA,3.9,1,0,0,1,0,0,3.9
08,4,17,08_17,reviewer,none,3.6,3.9,0,0,0,1,1,-0.4,3.5
08,4,18,08_18,panelist,none,NA,3.9,1,0,0,1,1,-0.2,3.7
08,4,19,08_19,panelist,med,NA,3.9,1,0,0,0,1,-0.2,3.7
08,4,20,08_20,panelist,none,NA,3.9,1,0,0,1,0,0,3.9
08,4,21,08_21,panelist,med,NA,3.9,1,0,0,0,1,-0.1,3.8
08,4,22,08_22,panelist,none,NA,3.9,1,0,0,1,0,0,3.9
08,4,23,08_23,reviewer,low,4.1,3.9,0,0,1,0,0,0,3.9
08,4,24,08_24,panelist,med,NA,3.9,1,0,0,0,1,-0.3,3.6
08,5,01,08_01,panelist,none,NA,4.3,1,0,0,1,0,0,4.3
08,5,02,08_02,reviewer,low,4,4.3,0,0,1,0,1,-0.3,4
08,5,03,08_03,panelist,none,NA,4.3,1,0,0,1,0,0,4.3
08,5,04,08_04,panelist,none,NA,4.3,1,0,0,1,1,0.1,4.4
08,5,05,08_05,panelist,med,NA,4.3,1,0,0,0,1,-0.1,4.2
08,5,06,08_06,panelist,med,NA,4.3,1,0,0,0,1,-0.1,4.2
08,5,07,08_07,panelist,none,NA,4.3,1,0,0,1,1,-0.1,4.2
08,5,08,08_08,reviewer,none,4.6,4.3,0,0,0,1,0,0,4.3
08,5,09,08_09,panelist,low,NA,4.3,1,0,1,0,0,0,4.3
08,5,10,08_10,panelist,high,NA,4.3,1,1,0,0,1,-0.2,4.1
08,5,11,08_11,panelist,low,NA,4.3,1,0,1,0,0,0,4.3
08,5,12,08_12,reviewer,none,4.4,4.3,0,0,0,1,1,0.3,4.6
08,5,13,08_13,panelist,low,NA,4.3,1,0,1,0,0,0,4.3
08,5,14,08_14,panelist,none,NA,4.3,1,0,0,1,1,0.2,4.5
08,5,15,08_15,panelist,none,NA,4.3,1,0,0,1,1,-0.1,4.2
08,5,16,08_16,panelist,med,NA,4.3,1,0,0,0,1,-0.1,4.2
08,5,17,08_17,panelist,med,NA,4.3,1,0,0,0,0,0,4.3
08,5,18,08_18,panelist,med,NA,4.3,1,0,0,0,0,0,4.3
08,5,19,08_19,panelist,high,NA,4.3,1,1,0,0,0,0,4.3
08,5,20,08_20,panelist,low,NA,4.3,1,0,1,0,0,0,4.3
08,5,21,08_21,panelist,none,NA,4.3,1,0,0,1,0,0,4.3
08,5,22,08_22,panelist,low,NA,4.3,1,0,1,0,0,0,4.3
08,5,23,08_23,panelist,low,NA,4.3,1,0,1,0,1,0.1,4.4
08,5,24,08_24,panelist,none,NA,4.3,1,0,0,1,1,-0.1,4.2
08,8,01,08_01,panelist,low,NA,3.7,1,0,1,0,1,-0.1,3.6
08,8,02,08_02,panelist,med,NA,3.7,1,0,0,0,1,-0.1,3.6
08,8,03,08_03,panelist,high,NA,3.7,1,1,0,0,0,0,3.7
08,8,04,08_04,panelist,low,NA,3.7,1,0,1,0,1,-0.2,3.5
08,8,05,08_05,panelist,none,NA,3.7,1,0,0,1,1,0.1,3.8
08,8,06,08_06,panelist,none,NA,3.7,1,0,0,1,1,-0.1,3.6
08,8,07,08_07,panelist,low,NA,3.7,1,0,1,0,0,0,3.7
08,8,08,08_08,panelist,none,NA,3.7,1,0,0,1,0,0,3.7
08,8,09,08_09,reviewer,none,3.9,3.7,0,0,0,1,0,0,3.7
08,8,10,08_10,panelist,med,NA,3.7,1,0,0,0,0,0,3.7
08,8,11,08_11,panelist,none,NA,3.7,1,0,0,1,0,0,3.7
08,8,12,08_12,panelist,low,NA,3.7,1,0,1,0,1,0.2,3.9
08,8,13,08_13,panelist,low,NA,3.7,1,0,1,0,0,0,3.7
08,8,14,08_14,panelist,low,NA,3.7,1,0,1,0,1,0.2,3.9
08,8,15,08_15,panelist,none,NA,3.7,1,0,0,1,1,0.1,3.8
08,8,16,08_16,panelist,none,NA,3.7,1,0,0,1,0,0,3.7
08,8,17,08_17,reviewer,none,3.5,3.7,0,0,0,1,1,-0.2,3.5
08,8,18,08_18,panelist,med,NA,3.7,1,0,0,0,0,0,3.7
08,8,19,08_19,panelist,none,NA,3.7,1,0,0,1,0,0,3.7
08,8,20,08_20,panelist,med,NA,3.7,1,0,0,0,0,0,3.7
08,8,21,08_21,panelist,high,NA,3.7,1,1,0,0,1,-0.3,3.4
08,8,22,08_22,panelist,med,NA,3.7,1,0,0,0,1,-0.2,3.5
08,8,23,08_23,reviewer,none,3.8,3.7,0,0,0,1,0,0,3.7
08,8,24,08_24,panelist,low,NA,3.7,1,0,1,0,0,0,3.7
08,10,01,08_01,panelist,med,NA,4.3,1,0,0,0,0,0,4.3
08,10,02,08_02,panelist,low,NA,4.3,1,0,1,0,0,0,4.3
08,10,03,08_03,panelist,none,NA,4.3,1,0,0,1,0,0,4.3
08,10,04,08_04,panelist,none,NA,4.3,1,0,0,1,1,-0.3,4
08,10,05,08_05,panelist,low,NA,4.3,1,0,1,0,1,-0.3,4
08,10,06,08_06,panelist,none,NA,4.3,1,0,0,1,0,0,4.3
08,10,07,08_07,panelist,low,NA,4.3,1,0,1,0,1,-0.2,4.1
08,10,08,08_08,panelist,med,NA,4.3,1,0,0,0,1,-0.2,4.1
08,10,09,08_09,panelist,none,NA,4.3,1,0,0,1,0,0,4.3
08,10,10,08_10,panelist,none,NA,4.3,1,0,0,1,0,0,4.3
08,10,11,08_11,panelist,none,NA,4.3,1,0,0,1,1,0.1,4.4
08,10,12,08_12,panelist,med,NA,4.3,1,0,0,0,0,0,4.3
08,10,13,08_13,panelist,none,NA,4.3,1,0,0,1,1,0.1,4.4
08,10,14,08_14,panelist,med,NA,4.3,1,0,0,0,1,0.2,4.5
08,10,15,08_15,reviewer,high,4.2,4.3,0,1,0,0,0,0,4.3
08,10,16,08_16,panelist,low,NA,4.3,1,0,1,0,1,-0.2,4.1
08,10,17,08_17,panelist,low,NA,4.3,1,0,1,0,1,-0.1,4.2
08,10,18,08_18,panelist,none,NA,4.3,1,0,0,1,1,-0.2,4.1
08,10,19,08_19,panelist,none,NA,4.3,1,0,0,1,0,0,4.3
08,10,20,08_20,reviewer,low,4.4,4.3,0,0,1,0,0,0,4.3
08,10,21,08_21,panelist,low,NA,4.3,1,0,1,0,0,0,4.3
08,10,22,08_22,panelist,med,NA,4.3,1,0,0,0,0,0,4.3
08,10,23,08_23,reviewer,high,4.2,4.3,0,1,0,0,0,0,4.3
08,10,24,08_24,panelist,none,NA,4.3,1,0,0,1,1,0.2,4.5
08,11,01,08_01,panelist,low,NA,3.8,1,0,1,0,0,0,3.8
08,11,02,08_02,panelist,none,NA,3.8,1,0,0,1,0,0,3.8
08,11,03,08_03,panelist,none,NA,3.8,1,0,0,1,0,0,3.8
08,11,04,08_04,panelist,med,NA,3.8,1,0,0,0,1,-0.1,3.7
08,11,05,08_05,panelist,none,NA,3.8,1,0,0,1,1,-0.2,3.6
08,11,06,08_06,panelist,none,NA,3.8,1,0,0,1,1,-0.2,3.6
08,11,07,08_07,panelist,high,NA,3.8,1,1,0,0,1,-0.1,3.7
08,11,08,08_08,panelist,low,NA,3.8,1,0,1,0,1,0.2,4
08,11,09,08_09,panelist,high,NA,3.8,1,1,0,0,0,0,3.8
08,11,10,08_10,panelist,low,NA,3.8,1,0,1,0,1,-0.1,3.7
08,11,11,08_11,reviewer,none,3.7,3.8,0,0,0,1,1,0.1,3.9
08,11,12,08_12,panelist,low,NA,3.8,1,0,1,0,1,0.2,4
08,11,13,08_13,panelist,med,NA,3.8,1,0,0,0,0,0,3.8
08,11,14,08_14,panelist,low,NA,3.8,1,0,1,0,1,0.2,4
08,11,15,08_15,panelist,none,NA,3.8,1,0,0,1,0,0,3.8
08,11,16,08_16,panelist,none,NA,3.8,1,0,0,1,1,-0.2,3.6
08,11,17,08_17,reviewer,low,3.7,3.8,0,0,1,0,0,0,3.8
08,11,18,08_18,panelist,none,NA,3.8,1,0,0,1,1,0.1,3.9
08,11,19,08_19,panelist,none,NA,3.8,1,0,0,1,0,0,3.8
08,11,20,08_20,panelist,low,NA,3.8,1,0,1,0,0,0,3.8
08,11,21,08_21,panelist,med,NA,3.8,1,0,0,0,0,0,3.8
08,11,22,08_22,panelist,med,NA,3.8,1,0,0,0,0,0,3.8
08,11,23,08_23,reviewer,none,4,3.8,0,0,0,1,0,0,3.8
08,11,24,08_24,panelist,med,NA,3.8,1,0,0,0,0,0,3.8
08,13,01,08_01,panelist,low,NA,3.6,1,0,1,0,0,0,3.6
08,13,02,08_02,panelist,none,NA,3.6,1,0,0,1,0,0,3.6
08,13,03,08_03,panelist,low,NA,3.6,1,0,1,0,0,0,3.6
08,13,04,08_04,panelist,none,NA,3.6,1,0,0,1,0,0,3.6
08,13,05,08_05,panelist,none,NA,3.6,1,0,0,1,1,0.2,3.8
08,13,06,08_06,reviewer,none,4,3.6,0,0,0,1,1,-0.2,3.4
08,13,07,08_07,panelist,high,NA,3.6,1,1,0,0,0,0,3.6
08,13,08,08_08,panelist,low,NA,3.6,1,0,1,0,0,0,3.6
08,13,09,08_09,panelist,med,NA,3.6,1,0,0,0,0,0,3.6
08,13,10,08_10,panelist,low,NA,3.6,1,0,1,0,1,-0.2,3.4
08,13,11,08_11,panelist,low,NA,3.6,1,0,1,0,0,0,3.6
08,13,12,08_12,panelist,none,NA,3.6,1,0,0,1,0,0,3.6
08,13,13,08_13,panelist,med,NA,3.6,1,0,0,0,0,0,3.6
08,13,14,08_14,panelist,none,NA,3.6,1,0,0,1,1,0.3,3.9
08,13,15,08_15,panelist,low,NA,3.6,1,0,1,0,0,0,3.6
08,13,16,08_16,panelist,med,NA,3.6,1,0,0,0,1,-0.1,3.5
08,13,17,08_17,panelist,none,NA,3.6,1,0,0,1,0,0,3.6
08,13,18,08_18,panelist,med,NA,3.6,1,0,0,0,0,0,3.6
08,13,19,08_19,panelist,none,NA,3.6,1,0,0,1,0,0,3.6
08,13,20,08_20,panelist,none,NA,3.6,1,0,0,1,1,0.2,3.8
08,13,21,08_21,panelist,low,NA,3.6,1,0,1,0,1,0.1,3.7
08,13,22,08_22,reviewer,med,3,3.6,0,0,0,0,0,0,3.6
08,13,23,08_23,panelist,high,NA,3.6,1,1,0,0,1,0.1,3.7
08,13,24,08_24,reviewer,none,3.8,3.6,0,0,0,1,1,-0.1,3.5
08,15,01,08_01,panelist,none,NA,4.4,1,0,0,1,0,0,4.4
08,15,02,08_02,reviewer,low,4.6,4.4,0,0,1,0,0,0,4.4
08,15,03,08_03,panelist,low,NA,4.4,1,0,1,0,1,-0.1,4.3
08,15,04,08_04,panelist,low,NA,4.4,1,0,1,0,0,0,4.4
08,15,05,08_05,panelist,none,NA,4.4,1,0,0,1,0,0,4.4
08,15,06,08_06,panelist,high,NA,4.4,1,1,0,0,0,0,4.4
08,15,07,08_07,panelist,low,NA,4.4,1,0,1,0,0,0,4.4
08,15,08,08_08,panelist,high,NA,4.4,1,1,0,0,1,-0.2,4.2
08,15,09,08_09,panelist,med,NA,4.4,1,0,0,0,0,0,4.4
08,15,10,08_10,panelist,med,NA,4.4,1,0,0,0,1,0.1,4.5
08,15,11,08_11,panelist,none,NA,4.4,1,0,0,1,1,0.2,4.6
08,15,12,08_12,panelist,none,NA,4.4,1,0,0,1,1,0.2,4.6
08,15,13,08_13,panelist,low,NA,4.4,1,0,1,0,1,0.3,4.7
08,15,14,08_14,panelist,med,NA,4.4,1,0,0,0,0,0,4.4
08,15,15,08_15,panelist,none,NA,4.4,1,0,0,1,0,0,4.4
08,15,16,08_16,reviewer,med,4.4,4.4,0,0,0,0,0,0,4.4
08,15,17,08_17,panelist,low,NA,4.4,1,0,1,0,0,0,4.4
08,15,18,08_18,reviewer,med,4.2,4.4,0,0,0,0,0,0,4.4
08,15,19,08_19,panelist,none,NA,4.4,1,0,0,1,1,-0.3,4.1
08,15,20,08_20,panelist,none,NA,4.4,1,0,0,1,0,0,4.4
08,15,21,08_21,panelist,none,NA,4.4,1,0,0,1,1,-0.1,4.3
08,15,22,08_22,panelist,none,NA,4.4,1,0,0,1,0,0,4.4
08,15,23,08_23,panelist,low,NA,4.4,1,0,1,0,0,0,4.4
08,15,24,08_24,panelist,none,NA,4.4,1,0,0,1,0,0,4.4
08,17,01,08_01,panelist,none,NA,3.6,1,0,0,1,1,-0.1,3.5
08,17,02,08_02,panelist,high,NA,3.6,1,1,0,0,0,0,3.6
08,17,03,08_03,panelist,low,NA,3.6,1,0,1,0,0,0,3.6
08,17,04,08_04,reviewer,med,3.5,3.6,0,0,0,0,0,0,3.6
08,17,05,08_05,panelist,none,NA,3.6,1,0,0,1,0,0,3.6
08,17,06,08_06,panelist,none,NA,3.6,1,0,0,1,1,-0.1,3.5
08,17,07,08_07,panelist,low,NA,3.6,1,0,1,0,0,0,3.6
08,17,08,08_08,panelist,med,NA,3.6,1,0,0,0,1,-0.2,3.4
08,17,09,08_09,panelist,none,NA,3.6,1,0,0,1,1,-0.3,3.3
08,17,10,08_10,panelist,none,NA,3.6,1,0,0,1,0,0,3.6
08,17,11,08_11,panelist,med,NA,3.6,1,0,0,0,1,0.1,3.7
08,17,12,08_12,panelist,low,NA,3.6,1,0,1,0,1,0.1,3.7
08,17,13,08_13,panelist,low,NA,3.6,1,0,1,0,0,0,3.6
08,17,14,08_14,panelist,none,NA,3.6,1,0,0,1,0,0,3.6
08,17,15,08_15,panelist,none,NA,3.6,1,0,0,1,0,0,3.6
08,17,16,08_16,panelist,med,NA,3.6,1,0,0,0,0,0,3.6
08,17,17,08_17,panelist,high,NA,3.6,1,1,0,0,1,-0.2,3.4
08,17,18,08_18,panelist,med,NA,3.6,1,0,0,0,1,0.2,3.8
08,17,19,08_19,panelist,none,NA,3.6,1,0,0,1,0,0,3.6
08,17,20,08_20,reviewer,none,4.3,3.6,0,0,0,1,0,0,3.6
08,17,21,08_21,panelist,low,NA,3.6,1,0,1,0,0,0,3.6
08,17,22,08_22,panelist,low,NA,3.6,1,0,1,0,0,0,3.6
08,17,23,08_23,panelist,none,NA,3.6,1,0,0,1,1,-0.4,3.2
08,17,24,08_24,reviewer,low,3,3.6,0,0,1,0,0,0,3.6
08,18,01,08_01,panelist,high,NA,3.7,1,1,0,0,1,-0.2,3.5
08,18,02,08_02,panelist,none,NA,3.7,1,0,0,1,1,-0.2,3.5
08,18,03,08_03,panelist,none,NA,3.7,1,0,0,1,1,-0.1,3.6
08,18,04,08_04,panelist,low,NA,3.7,1,0,1,0,1,0.1,3.8
08,18,05,08_05,panelist,low,NA,3.7,1,0,1,0,0,0,3.7
08,18,06,08_06,panelist,med,NA,3.7,1,0,0,0,1,-0.1,3.6
08,18,07,08_07,panelist,med,NA,3.7,1,0,0,0,0,0,3.7
08,18,08,08_08,panelist,high,NA,3.7,1,1,0,0,0,0,3.7
08,18,09,08_09,panelist,low,NA,3.7,1,0,1,0,0,0,3.7
08,18,10,08_10,panelist,low,NA,3.7,1,0,1,0,1,-0.2,3.5
08,18,11,08_11,panelist,none,NA,3.7,1,0,0,1,1,0.1,3.8
08,18,12,08_12,panelist,none,NA,3.7,1,0,0,1,0,0,3.7
08,18,13,08_13,reviewer,none,3.6,3.7,0,0,0,1,0,0,3.7
08,18,14,08_14,panelist,none,NA,3.7,1,0,0,1,1,0.5,4.2
08,18,15,08_15,reviewer,med,3.7,3.7,0,0,0,0,1,-0.1,3.6
08,18,16,08_16,panelist,none,NA,3.7,1,0,0,1,0,0,3.7
08,18,17,08_17,panelist,none,NA,3.7,1,0,0,1,0,0,3.7
08,18,18,08_18,panelist,none,NA,3.7,1,0,0,1,0,0,3.7
08,18,19,08_19,panelist,med,NA,3.7,1,0,0,0,1,-0.1,3.6
08,18,20,08_20,panelist,med,NA,3.7,1,0,0,0,0,0,3.7
08,18,21,08_21,panelist,low,NA,3.7,1,0,1,0,0,0,3.7
08,18,22,08_22,panelist,low,NA,3.7,1,0,1,0,0,0,3.7
08,18,23,08_23,panelist,none,NA,3.7,1,0,0,1,1,-0.5,3.2
08,18,24,08_24,reviewer,low,3.8,3.7,0,0,1,0,0,0,3.7
08,22,01,08_01,panelist,low,NA,4.6,1,0,1,0,0,0,4.6
08,22,02,08_02,panelist,none,NA,4.6,1,0,0,1,1,-0.3,4.3
08,22,03,08_03,panelist,med,NA,4.6,1,0,0,0,1,-0.2,4.4
08,22,04,08_04,panelist,none,NA,4.6,1,0,0,1,1,-0.3,4.3
08,22,05,08_05,panelist,none,NA,4.6,1,0,0,1,1,-0.2,4.4
08,22,06,08_06,reviewer,none,4.8,4.6,0,0,0,1,1,0.1,4.7
08,22,07,08_07,panelist,low,NA,4.6,1,0,1,0,0,0,4.6
08,22,08,08_08,panelist,none,NA,4.6,1,0,0,1,1,0.4,4.9
08,22,09,08_09,panelist,med,NA,4.6,1,0,0,0,1,0.1,4.7
08,22,10,08_10,panelist,low,NA,4.6,1,0,1,0,0,0,4.6
08,22,11,08_11,panelist,none,NA,4.6,1,0,0,1,1,0.2,4.8
08,22,12,08_12,panelist,high,NA,4.6,1,1,0,0,1,0.1,4.7
08,22,13,08_13,panelist,none,NA,4.6,1,0,0,1,0,0,4.6
08,22,14,08_14,panelist,none,NA,4.6,1,0,0,1,1,0.3,4.9
08,22,15,08_15,panelist,low,NA,4.6,1,0,1,0,0,0,4.6
08,22,16,08_16,panelist,low,NA,4.6,1,0,1,0,1,-0.1,4.5
08,22,17,08_17,panelist,low,NA,4.6,1,0,1,0,1,-0.4,4.2
08,22,18,08_18,panelist,low,NA,4.6,1,0,1,0,0,0,4.6
08,22,19,08_19,reviewer,high,4.3,4.6,0,1,0,0,0,0,4.6
08,22,20,08_20,panelist,none,NA,4.6,1,0,0,1,1,0.2,4.8
08,22,21,08_21,reviewer,med,4.8,4.6,0,0,0,0,0,0,4.6
08,22,22,08_22,panelist,none,NA,4.6,1,0,0,1,1,-0.1,4.5
08,22,23,08_23,panelist,med,NA,4.6,1,0,0,0,0,0,4.6
08,22,24,08_24,panelist,med,NA,4.6,1,0,0,0,0,0,4.6
08,24,01,08_01,panelist,low,NA,3.9,1,0,1,0,0,0,3.9
08,24,02,08_02,panelist,none,NA,3.9,1,0,0,1,0,0,3.9
08,24,03,08_03,panelist,low,NA,3.9,1,0,1,0,0,0,3.9
08,24,04,08_04,panelist,none,NA,3.9,1,0,0,1,0,0,3.9
08,24,05,08_05,reviewer,low,4.2,3.9,0,0,1,0,0,0,3.9
08,24,06,08_06,panelist,none,NA,3.9,1,0,0,1,0,0,3.9
08,24,07,08_07,panelist,none,NA,3.9,1,0,0,1,1,0.1,4
08,24,08,08_08,panelist,med,NA,3.9,1,0,0,0,1,-0.4,3.5
08,24,09,08_09,panelist,none,NA,3.9,1,0,0,1,0,0,3.9
08,24,10,08_10,reviewer,med,3.8,3.9,0,0,0,0,1,-0.1,3.8
08,24,11,08_11,panelist,high,NA,3.9,1,1,0,0,0,0,3.9
08,24,12,08_12,panelist,none,NA,3.9,1,0,0,1,0,0,3.9
08,24,13,08_13,panelist,none,NA,3.9,1,0,0,1,0,0,3.9
08,24,14,08_14,panelist,high,NA,3.9,1,1,0,0,0,0,3.9
08,24,15,08_15,panelist,none,NA,3.9,1,0,0,1,1,-0.1,3.8
08,24,16,08_16,panelist,none,NA,3.9,1,0,0,1,0,0,3.9
08,24,17,08_17,panelist,low,NA,3.9,1,0,1,0,0,0,3.9
08,24,18,08_18,panelist,low,NA,3.9,1,0,1,0,0,0,3.9
08,24,19,08_19,panelist,med,NA,3.9,1,0,0,0,0,0,3.9
08,24,20,08_20,panelist,low,NA,3.9,1,0,1,0,1,0.3,4.2
08,24,21,08_21,panelist,low,NA,3.9,1,0,1,0,1,-0.3,3.6
08,24,22,08_22,panelist,med,NA,3.9,1,0,0,0,1,-0.1,3.8
08,24,23,08_23,reviewer,none,3.6,3.9,0,0,0,1,1,-0.1,3.8
08,24,24,08_24,panelist,med,NA,3.9,1,0,0,0,1,0.3,4.2
08,25,01,08_01,panelist,low,NA,4.4,1,0,1,0,0,0,4.4
08,25,02,08_02,panelist,none,NA,4.4,1,0,0,1,0,0,4.4
08,25,03,08_03,reviewer,none,4.5,4.4,0,0,0,1,0,0,4.4
08,25,04,08_04,panelist,none,NA,4.4,1,0,0,1,1,0.1,4.5
08,25,05,08_05,panelist,low,NA,4.4,1,0,1,0,1,-0.2,4.2
08,25,06,08_06,panelist,none,NA,4.4,1,0,0,1,0,0,4.4
08,25,07,08_07,panelist,med,NA,4.4,1,0,0,0,0,0,4.4
08,25,08,08_08,reviewer,low,4.4,4.4,0,0,1,0,0,0,4.4
08,25,09,08_09,panelist,high,NA,4.4,1,1,0,0,0,0,4.4
08,25,10,08_10,panelist,none,NA,4.4,1,0,0,1,1,-0.2,4.2
08,25,11,08_11,panelist,low,NA,4.4,1,0,1,0,1,-0.1,4.3
08,25,12,08_12,panelist,none,NA,4.4,1,0,0,1,1,0.4,4.8
08,25,13,08_13,panelist,low,NA,4.4,1,0,1,0,0,0,4.4
08,25,14,08_14,panelist,none,NA,4.4,1,0,0,1,0,0,4.4
08,25,15,08_15,panelist,med,NA,4.4,1,0,0,0,0,0,4.4
08,25,16,08_16,panelist,low,NA,4.4,1,0,1,0,0,0,4.4
08,25,17,08_17,reviewer,none,4.2,4.4,0,0,0,1,1,-0.3,4.1
08,25,18,08_18,panelist,none,NA,4.4,1,0,0,1,0,0,4.4
08,25,19,08_19,panelist,med,NA,4.4,1,0,0,0,0,0,4.4
08,25,20,08_20,panelist,high,NA,4.4,1,1,0,0,0,0,4.4
08,25,21,08_21,panelist,med,NA,4.4,1,0,0,0,0,0,4.4
08,25,22,08_22,panelist,med,NA,4.4,1,0,0,0,1,-0.2,4.2
08,25,23,08_23,panelist,none,NA,4.4,1,0,0,1,0,0,4.4
08,25,24,08_24,panelist,low,NA,4.4,1,0,1,0,0,0,4.4
08,30,01,08_01,panelist,low,NA,4.2,1,0,1,0,1,-0.1,4.1
08,30,02,08_02,panelist,high,NA,4.2,1,1,0,0,0,0,4.2
08,30,03,08_03,reviewer,none,4.3,4.2,0,0,0,1,0,0,4.2
08,30,04,08_04,panelist,med,NA,4.2,1,0,0,0,0,0,4.2
08,30,05,08_05,panelist,low,NA,4.2,1,0,1,0,1,-0.1,4.1
08,30,06,08_06,panelist,med,NA,4.2,1,0,0,0,0,0,4.2
08,30,07,08_07,panelist,none,NA,4.2,1,0,0,1,0,0,4.2
08,30,08,08_08,panelist,none,NA,4.2,1,0,0,1,1,-0.1,4.1
08,30,09,08_09,panelist,low,NA,4.2,1,0,1,0,1,0.1,4.3
08,30,10,08_10,panelist,med,NA,4.2,1,0,0,0,1,-0.3,3.9
08,30,11,08_11,reviewer,low,4.2,4.2,0,0,1,0,0,0,4.2
08,30,12,08_12,panelist,high,NA,4.2,1,1,0,0,0,0,4.2
08,30,13,08_13,panelist,low,NA,4.2,1,0,1,0,0,0,4.2
08,30,14,08_14,panelist,none,NA,4.2,1,0,0,1,0,0,4.2
08,30,15,08_15,panelist,none,NA,4.2,1,0,0,1,0,0,4.2
08,30,16,08_16,panelist,med,NA,4.2,1,0,0,0,0,0,4.2
08,30,17,08_17,reviewer,none,4,4.2,0,0,0,1,1,-0.4,3.8
08,30,18,08_18,panelist,low,NA,4.2,1,0,1,0,0,0,4.2
08,30,19,08_19,panelist,none,NA,4.2,1,0,0,1,1,-0.1,4.1
08,30,20,08_20,panelist,none,NA,4.2,1,0,0,1,1,0.1,4.3
08,30,21,08_21,panelist,none,NA,4.2,1,0,0,1,0,0,4.2
08,30,22,08_22,panelist,none,NA,4.2,1,0,0,1,0,0,4.2
08,30,23,08_23,panelist,low,NA,4.2,1,0,1,0,0,0,4.2
08,30,24,08_24,panelist,med,NA,4.2,1,0,0,0,0,0,4.2
09,1,01,09_01,panelist,high,NA,3.7,1,1,0,0,0,0,3.7
09,1,02,09_02,panelist,none,NA,3.7,1,0,0,1,1,0.3,4
09,1,03,09_03,panelist,low,NA,3.7,1,0,1,0,1,-0.3,3.4
09,1,04,09_04,panelist,none,NA,3.7,1,0,0,1,1,-0.1,3.6
09,1,05,09_05,panelist,none,NA,3.7,1,0,0,1,1,-0.2,3.5
09,1,06,09_06,panelist,none,NA,3.7,1,0,0,1,0,0,3.7
09,1,07,09_07,panelist,none,NA,3.7,1,0,0,1,0,0,3.7
09,1,08,09_08,panelist,none,NA,3.7,1,0,0,1,1,0.2,3.9
09,1,09,09_09,reviewer,none,3.7,3.7,0,0,0,1,0,0,3.7
09,1,10,09_10,reviewer,med,3.7,3.7,0,0,0,0,0,0,3.7
09,1,11,09_11,panelist,none,NA,3.7,1,0,0,1,1,-0.1,3.6
09,1,12,09_12,panelist,low,NA,3.7,1,0,1,0,0,0,3.7
09,1,13,09_13,reviewer,med,3.7,3.7,0,0,0,0,0,0,3.7
09,1,14,09_14,panelist,med,NA,3.7,1,0,0,0,0,0,3.7
09,1,15,09_15,panelist,low,NA,3.7,1,0,1,0,0,0,3.7
09,1,16,09_16,panelist,low,NA,3.7,1,0,1,0,1,0.1,3.8
09,1,17,09_17,panelist,med,NA,3.7,1,0,0,0,0,0,3.7
09,1,18,09_18,panelist,none,NA,3.7,1,0,0,1,0,0,3.7
09,1,19,09_19,panelist,none,NA,3.7,1,0,0,1,1,0.1,3.8
09,1,20,09_20,panelist,low,NA,3.7,1,0,1,0,0,0,3.7
09,1,21,09_21,panelist,high,NA,3.7,1,1,0,0,0,0,3.7
09,1,22,09_22,panelist,low,NA,3.7,1,0,1,0,0,0,3.7
09,1,23,09_23,panelist,low,NA,3.7,1,0,1,0,1,-0.1,3.6
09,1,24,09_24,panelist,med,NA,3.7,1,0,0,0,0,0,3.7
09,3,01,09_01,panelist,none,NA,4,1,0,0,1,1,0.1,4.1
09,3,02,09_02,panelist,none,NA,4,1,0,0,1,1,0.3,4.3
09,3,03,09_03,panelist,low,NA,4,1,0,1,0,1,0.1,4.1
09,3,04,09_04,panelist,none,NA,4,1,0,0,1,1,-0.3,3.7
09,3,05,09_05,panelist,med,NA,4,1,0,0,0,1,0.1,4.1
09,3,06,09_06,panelist,low,NA,4,1,0,1,0,0,0,4
09,3,07,09_07,panelist,high,NA,4,1,1,0,0,1,-0.1,3.9
09,3,08,09_08,reviewer,med,4,4,0,0,0,0,1,0.2,4.2
09,3,09,09_09,panelist,low,NA,4,1,0,1,0,0,0,4
09,3,10,09_10,panelist,med,NA,4,1,0,0,0,0,0,4
09,3,11,09_11,panelist,low,NA,4,1,0,1,0,0,0,4
09,3,12,09_12,panelist,none,NA,4,1,0,0,1,1,-0.3,3.7
09,3,13,09_13,panelist,high,NA,4,1,1,0,0,0,0,4
09,3,14,09_14,panelist,none,NA,4,1,0,0,1,1,0.3,4.3
09,3,15,09_15,panelist,low,NA,4,1,0,1,0,0,0,4
09,3,16,09_16,panelist,low,NA,4,1,0,1,0,1,-0.1,3.9
09,3,17,09_17,panelist,none,NA,4,1,0,0,1,1,-0.2,3.8
09,3,18,09_18,reviewer,med,3.9,4,0,0,0,0,1,0.2,4.2
09,3,19,09_19,panelist,none,NA,4,1,0,0,1,1,0.1,4.1
09,3,20,09_20,panelist,none,NA,4,1,0,0,1,1,0.2,4.2
09,3,21,09_21,panelist,med,NA,4,1,0,0,0,0,0,4
09,3,22,09_22,panelist,none,NA,4,1,0,0,1,1,0.1,4.1
09,3,23,09_23,reviewer,low,4.2,4,0,0,1,0,0,0,4
09,3,24,09_24,panelist,none,NA,4,1,0,0,1,1,0.1,4.1
09,4,01,09_01,panelist,med,NA,3.7,1,0,0,0,0,0,3.7
09,4,02,09_02,panelist,none,NA,3.7,1,0,0,1,1,0.2,3.9
09,4,03,09_03,panelist,none,NA,3.7,1,0,0,1,0,0,3.7
09,4,04,09_04,reviewer,high,3.8,3.7,0,1,0,0,1,0.2,3.9
09,4,05,09_05,panelist,none,NA,3.7,1,0,0,1,0,0,3.7
09,4,06,09_06,panelist,none,NA,3.7,1,0,0,1,0,0,3.7
09,4,07,09_07,panelist,med,NA,3.7,1,0,0,0,1,0.3,4
09,4,08,09_08,panelist,med,NA,3.7,1,0,0,0,0,0,3.7
09,4,09,09_09,panelist,med,NA,3.7,1,0,0,0,1,-0.2,3.5
09,4,10,09_10,panelist,low,NA,3.7,1,0,1,0,0,0,3.7
09,4,11,09_11,panelist,none,NA,3.7,1,0,0,1,0,0,3.7
09,4,12,09_12,panelist,low,NA,3.7,1,0,1,0,0,0,3.7
09,4,13,09_13,panelist,none,NA,3.7,1,0,0,1,1,-0.2,3.5
09,4,14,09_14,panelist,high,NA,3.7,1,1,0,0,0,0,3.7
09,4,15,09_15,reviewer,low,3.5,3.7,0,0,1,0,1,-0.1,3.6
09,4,16,09_16,panelist,none,NA,3.7,1,0,0,1,0,0,3.7
09,4,17,09_17,panelist,none,NA,3.7,1,0,0,1,1,-0.3,3.4
09,4,18,09_18,panelist,low,NA,3.7,1,0,1,0,0,0,3.7
09,4,19,09_19,panelist,low,NA,3.7,1,0,1,0,1,0.1,3.8
09,4,20,09_20,panelist,low,NA,3.7,1,0,1,0,1,0.1,3.8
09,4,21,09_21,panelist,none,NA,3.7,1,0,0,1,0,0,3.7
09,4,22,09_22,panelist,low,NA,3.7,1,0,1,0,1,-0.1,3.6
09,4,23,09_23,reviewer,med,3.8,3.7,0,0,0,0,0,0,3.7
09,4,24,09_24,panelist,none,NA,3.7,1,0,0,1,1,0.2,3.9
09,5,01,09_01,panelist,low,NA,4,1,0,1,0,0,0,4
09,5,02,09_02,reviewer,med,3.9,4,0,0,0,0,1,0.1,4.1
09,5,03,09_03,panelist,med,NA,4,1,0,0,0,0,0,4
09,5,04,09_04,panelist,none,NA,4,1,0,0,1,0,0,4
09,5,05,09_05,panelist,high,NA,4,1,1,0,0,1,0.3,4.3
09,5,06,09_06,panelist,med,NA,4,1,0,0,0,0,0,4
09,5,07,09_07,reviewer,low,4.3,4,0,0,1,0,0,0,4
09,5,08,09_08,reviewer,none,3.9,4,0,0,0,1,1,0.1,4.1
09,5,09,09_09,panelist,low,NA,4,1,0,1,0,0,0,4
09,5,10,09_10,panelist,med,NA,4,1,0,0,0,0,0,4
09,5,11,09_11,panelist,none,NA,4,1,0,0,1,1,-0.2,3.8
09,5,12,09_12,panelist,none,NA,4,1,0,0,1,0,0,4
09,5,13,09_13,panelist,med,NA,4,1,0,0,0,0,0,4
09,5,14,09_14,panelist,none,NA,4,1,0,0,1,1,0.2,4.2
09,5,15,09_15,panelist,low,NA,4,1,0,1,0,0,0,4
09,5,16,09_16,panelist,low,NA,4,1,0,1,0,1,-0.1,3.9
09,5,17,09_17,panelist,none,NA,4,1,0,0,1,1,-0.2,3.8
09,5,18,09_18,panelist,high,NA,4,1,1,0,0,0,0,4
09,5,19,09_19,panelist,low,NA,4,1,0,1,0,0,0,4
09,5,20,09_20,panelist,none,NA,4,1,0,0,1,0,0,4
09,5,21,09_21,panelist,none,NA,4,1,0,0,1,1,-0.1,3.9
09,5,22,09_22,panelist,none,NA,4,1,0,0,1,1,0.1,4.1
09,5,23,09_23,panelist,low,NA,4,1,0,1,0,1,-0.1,3.9
09,5,24,09_24,panelist,none,NA,4,1,0,0,1,1,0.1,4.1
09,7,01,09_01,panelist,low,NA,4.2,1,0,1,0,1,-0.4,3.8
09,7,02,09_02,panelist,low,NA,4.2,1,0,1,0,0,0,4.2
09,7,03,09_03,panelist,none,NA,4.2,1,0,0,1,1,0.1,4.3
09,7,04,09_04,panelist,low,NA,4.2,1,0,1,0,0,0,4.2
09,7,05,09_05,panelist,low,NA,4.2,1,0,1,0,1,-0.1,4.1
09,7,06,09_06,reviewer,high,4.3,4.2,0,1,0,0,0,0,4.2
09,7,07,09_07,panelist,med,NA,4.2,1,0,0,0,0,0,4.2
09,7,08,09_08,panelist,med,NA,4.2,1,0,0,0,1,0.2,4.4
09,7,09,09_09,panelist,med,NA,4.2,1,0,0,0,1,-0.2,4
09,7,10,09_10,panelist,low,NA,4.2,1,0,1,0,1,-0.1,4.1
09,7,11,09_11,panelist,none,NA,4.2,1,0,0,1,0,0,4.2
09,7,12,09_12,panelist,none,NA,4.2,1,0,0,1,1,-0.3,3.9
09,7,13,09_13,panelist,none,NA,4.2,1,0,0,1,0,0,4.2
09,7,14,09_14,reviewer,med,4.4,4.2,0,0,0,0,0,0,4.2
09,7,15,09_15,panelist,none,NA,4.2,1,0,0,1,0,0,4.2
09,7,16,09_16,panelist,none,NA,4.2,1,0,0,1,1,-0.3,3.9
09,7,17,09_17,panelist,high,NA,4.2,1,1,0,0,0,0,4.2
09,7,18,09_18,reviewer,med,4,4.2,0,0,0,0,0,0,4.2
09,7,19,09_19,panelist,none,NA,4.2,1,0,0,1,1,0.2,4.4
09,7,20,09_20,panelist,none,NA,4.2,1,0,0,1,0,0,4.2
09,7,21,09_21,panelist,none,NA,4.2,1,0,0,1,0,0,4.2
09,7,22,09_22,panelist,low,NA,4.2,1,0,1,0,1,0.3,4.5
09,7,23,09_23,panelist,low,NA,4.2,1,0,1,0,0,0,4.2
09,7,24,09_24,panelist,none,NA,4.2,1,0,0,1,0,0,4.2
09,9,01,09_01,panelist,low,NA,3.9,1,0,1,0,1,0.2,4.1
09,9,02,09_02,panelist,med,NA,3.9,1,0,0,0,0,0,3.9
09,9,03,09_03,panelist,low,NA,3.9,1,0,1,0,0,0,3.9
09,9,04,09_04,panelist,none,NA,3.9,1,0,0,1,1,-0.1,3.8
09,9,05,09_05,panelist,med,NA,3.9,1,0,0,0,1,-0.1,3.8
09,9,06,09_06,panelist,none,NA,3.9,1,0,0,1,1,-0.1,3.8
09,9,07,09_07,panelist,none,NA,3.9,1,0,0,1,1,0.2,4.1
09,9,08,09_08,panelist,low,NA,3.9,1,0,1,0,0,0,3.9
09,9,09,09_09,panelist,none,NA,3.9,1,0,0,1,1,0.1,4
09,9,10,09_10,reviewer,med,3.8,3.9,0,0,0,0,1,-0.3,3.6
09,9,11,09_11,panelist,low,NA,3.9,1,0,1,0,1,-0.1,3.8
09,9,12,09_12,panelist,low,NA,3.9,1,0,1,0,0,0,3.9
09,9,13,09_13,panelist,high,NA,3.9,1,1,0,0,0,0,3.9
09,9,14,09_14,reviewer,low,3.8,3.9,0,0,1,0,1,0.2,4.1
09,9,15,09_15,panelist,none,NA,3.9,1,0,0,1,1,-0.3,3.6
09,9,16,09_16,panelist,none,NA,3.9,1,0,0,1,0,0,3.9
09,9,17,09_17,panelist,med,NA,3.9,1,0,0,0,0,0,3.9
09,9,18,09_18,panelist,low,NA,3.9,1,0,1,0,0,0,3.9
09,9,19,09_19,panelist,none,NA,3.9,1,0,0,1,1,0.3,4.2
09,9,20,09_20,panelist,med,NA,3.9,1,0,0,0,1,0.3,4.2
09,9,21,09_21,panelist,none,NA,3.9,1,0,0,1,0,0,3.9
09,9,22,09_22,panelist,none,NA,3.9,1,0,0,1,0,0,3.9
09,9,23,09_23,panelist,high,NA,3.9,1,1,0,0,1,-0.1,3.8
09,9,24,09_24,reviewer,none,4.2,3.9,0,0,0,1,1,0.1,4
09,10,01,09_01,panelist,med,NA,4.4,1,0,0,0,0,0,4.4
09,10,02,09_02,panelist,low,NA,4.4,1,0,1,0,1,-0.2,4.2
09,10,03,09_03,panelist,low,NA,4.4,1,0,1,0,1,-0.3,4.1
09,10,04,09_04,panelist,med,NA,4.4,1,0,0,0,0,0,4.4
09,10,05,09_05,reviewer,none,4.1,4.4,0,0,0,1,0,0,4.4
09,10,06,09_06,panelist,none,NA,4.4,1,0,0,1,0,0,4.4
09,10,07,09_07,panelist,low,NA,4.4,1,0,1,0,1,-0.1,4.3
09,10,08,09_08,panelist,med,NA,4.4,1,0,0,0,1,0.3,4.7
09,10,09,09_09,panelist,low,NA,4.4,1,0,1,0,1,0.1,4.5
09,10,10,09_10,panelist,none,NA,4.4,1,0,0,1,0,0,4.4
09,10,11,09_11,reviewer,low,4.7,4.4,0,0,1,0,0,0,4.4
09,10,12,09_12,panelist,none,NA,4.4,1,0,0,1,0,0,4.4
09,10,13,09_13,panelist,none,NA,4.4,1,0,0,1,1,-0.1,4.3
09,10,14,09_14,panelist,none,NA,4.4,1,0,0,1,1,0.4,4.8
09,10,15,09_15,panelist,med,NA,4.4,1,0,0,0,1,0.2,4.6
09,10,16,09_16,panelist,none,NA,4.4,1,0,0,1,0,0,4.4
09,10,17,09_17,panelist,low,NA,4.4,1,0,1,0,1,-0.3,4.1
09,10,18,09_18,panelist,high,NA,4.4,1,1,0,0,0,0,4.4
09,10,19,09_19,panelist,none,NA,4.4,1,0,0,1,0,0,4.4
09,10,20,09_20,reviewer,none,4.4,4.4,0,0,0,1,0,0,4.4
09,10,21,09_21,panelist,none,NA,4.4,1,0,0,1,0,0,4.4
09,10,22,09_22,panelist,med,NA,4.4,1,0,0,0,1,-0.1,4.3
09,10,23,09_23,panelist,high,NA,4.4,1,1,0,0,1,-0.1,4.3
09,10,24,09_24,panelist,low,NA,4.4,1,0,1,0,0,0,4.4
09,17,01,09_01,panelist,low,NA,4.4,1,0,1,0,0,0,4.4
09,17,02,09_02,panelist,med,NA,4.4,1,0,0,0,1,-0.2,4.2
09,17,03,09_03,panelist,low,NA,4.4,1,0,1,0,0,0,4.4
09,17,04,09_04,panelist,none,NA,4.4,1,0,0,1,0,0,4.4
09,17,05,09_05,panelist,none,NA,4.4,1,0,0,1,0,0,4.4
09,17,06,09_06,panelist,low,NA,4.4,1,0,1,0,0,0,4.4
09,17,07,09_07,panelist,high,NA,4.4,1,1,0,0,0,0,4.4
09,17,08,09_08,reviewer,none,4.4,4.4,0,0,0,1,0,0,4.4
09,17,09,09_09,panelist,low,NA,4.4,1,0,1,0,1,0.1,4.5
09,17,10,09_10,panelist,low,NA,4.4,1,0,1,0,0,0,4.4
09,17,11,09_11,reviewer,med,4.4,4.4,0,0,0,0,0,0,4.4
09,17,12,09_12,panelist,med,NA,4.4,1,0,0,0,1,-0.1,4.3
09,17,13,09_13,panelist,none,NA,4.4,1,0,0,1,1,-0.2,4.2
09,17,14,09_14,panelist,none,NA,4.4,1,0,0,1,1,0.3,4.7
09,17,15,09_15,panelist,med,NA,4.4,1,0,0,0,0,0,4.4
09,17,16,09_16,panelist,none,NA,4.4,1,0,0,1,0,0,4.4
09,17,17,09_17,panelist,none,NA,4.4,1,0,0,1,1,-0.1,4.3
09,17,18,09_18,reviewer,none,4.3,4.4,0,0,0,1,1,-0.2,4.2
09,17,19,09_19,panelist,low,NA,4.4,1,0,1,0,0,0,4.4
09,17,20,09_20,panelist,none,NA,4.4,1,0,0,1,1,0.2,4.6
09,17,21,09_21,panelist,none,NA,4.4,1,0,0,1,1,0.1,4.5
09,17,22,09_22,panelist,low,NA,4.4,1,0,1,0,1,0.3,4.7
09,17,23,09_23,panelist,med,NA,4.4,1,0,0,0,1,-0.2,4.2
09,17,24,09_24,panelist,high,NA,4.4,1,1,0,0,0,0,4.4
09,19,01,09_01,panelist,none,NA,3.9,1,0,0,1,1,-0.1,3.8
09,19,02,09_02,panelist,none,NA,3.9,1,0,0,1,0,0,3.9
09,19,03,09_03,panelist,none,NA,3.9,1,0,0,1,1,-0.1,3.8
09,19,04,09_04,reviewer,low,4,3.9,0,0,1,0,0,0,3.9
09,19,05,09_05,panelist,high,NA,3.9,1,1,0,0,0,0,3.9
09,19,06,09_06,panelist,none,NA,3.9,1,0,0,1,1,0.1,4
09,19,07,09_07,panelist,none,NA,3.9,1,0,0,1,0,0,3.9
09,19,08,09_08,panelist,med,NA,3.9,1,0,0,0,0,0,3.9
09,19,09,09_09,panelist,none,NA,3.9,1,0,0,1,0,0,3.9
09,19,10,09_10,panelist,low,NA,3.9,1,0,1,0,0,0,3.9
09,19,11,09_11,panelist,none,NA,3.9,1,0,0,1,1,0.1,4
09,19,12,09_12,panelist,low,NA,3.9,1,0,1,0,1,-0.2,3.7
09,19,13,09_13,panelist,none,NA,3.9,1,0,0,1,1,-0.1,3.8
09,19,14,09_14,panelist,med,NA,3.9,1,0,0,0,1,0.3,4.2
09,19,15,09_15,panelist,none,NA,3.9,1,0,0,1,0,0,3.9
09,19,16,09_16,panelist,med,NA,3.9,1,0,0,0,1,-0.1,3.8
09,19,17,09_17,panelist,high,NA,3.9,1,1,0,0,0,0,3.9
09,19,18,09_18,panelist,med,NA,3.9,1,0,0,0,0,0,3.9
09,19,19,09_19,reviewer,none,4,3.9,0,0,0,1,0,0,3.9
09,19,20,09_20,reviewer,low,3.7,3.9,0,0,1,0,0,0,3.9
09,19,21,09_21,panelist,low,NA,3.9,1,0,1,0,0,0,3.9
09,19,22,09_22,panelist,med,NA,3.9,1,0,0,0,0,0,3.9
09,19,23,09_23,panelist,low,NA,3.9,1,0,1,0,1,-0.1,3.8
09,19,24,09_24,panelist,low,NA,3.9,1,0,1,0,0,0,3.9
09,21,01,09_01,reviewer,none,3.9,4.3,0,0,0,1,1,-0.1,4.2
09,21,02,09_02,panelist,med,NA,4.3,1,0,0,0,1,0.2,4.5
09,21,03,09_03,panelist,med,NA,4.3,1,0,0,0,0,0,4.3
09,21,04,09_04,panelist,low,NA,4.3,1,0,1,0,0,0,4.3
09,21,05,09_05,panelist,low,NA,4.3,1,0,1,0,1,-0.1,4.2
09,21,06,09_06,panelist,none,NA,4.3,1,0,0,1,0,0,4.3
09,21,07,09_07,panelist,none,NA,4.3,1,0,0,1,1,-0.2,4.1
09,21,08,09_08,panelist,low,NA,4.3,1,0,1,0,1,0.1,4.4
09,21,09,09_09,panelist,low,NA,4.3,1,0,1,0,0,0,4.3
09,21,10,09_10,panelist,med,NA,4.3,1,0,0,0,0,0,4.3
09,21,11,09_11,panelist,low,NA,4.3,1,0,1,0,0,0,4.3
09,21,12,09_12,panelist,high,NA,4.3,1,1,0,0,0,0,4.3
09,21,13,09_13,panelist,none,NA,4.3,1,0,0,1,1,-0.1,4.2
09,21,14,09_14,panelist,med,NA,4.3,1,0,0,0,0,0,4.3
09,21,15,09_15,reviewer,none,4.9,4.3,0,0,0,1,1,0.1,4.4
09,21,16,09_16,panelist,high,NA,4.3,1,1,0,0,0,0,4.3
09,21,17,09_17,panelist,low,NA,4.3,1,0,1,0,1,-0.3,4
09,21,18,09_18,panelist,med,NA,4.3,1,0,0,0,0,0,4.3
09,21,19,09_19,panelist,none,NA,4.3,1,0,0,1,1,0.3,4.6
09,21,20,09_20,panelist,none,NA,4.3,1,0,0,1,0,0,4.3
09,21,21,09_21,panelist,low,NA,4.3,1,0,1,0,1,-0.1,4.2
09,21,22,09_22,reviewer,none,4.2,4.3,0,0,0,1,0,0,4.3
09,21,23,09_23,panelist,none,NA,4.3,1,0,0,1,0,0,4.3
09,21,24,09_24,panelist,none,NA,4.3,1,0,0,1,0,0,4.3
09,26,01,09_01,reviewer,none,3.9,3.8,0,0,0,1,0,0,3.8
09,26,02,09_02,panelist,med,NA,3.8,1,0,0,0,0,0,3.8
09,26,03,09_03,panelist,low,NA,3.8,1,0,1,0,1,-0.1,3.7
09,26,04,09_04,panelist,high,NA,3.8,1,1,0,0,1,-0.3,3.5
09,26,05,09_05,panelist,none,NA,3.8,1,0,0,1,0,0,3.8
09,26,06,09_06,panelist,low,NA,3.8,1,0,1,0,1,0.1,3.9
09,26,07,09_07,panelist,med,NA,3.8,1,0,0,0,0,0,3.8
09,26,08,09_08,panelist,low,NA,3.8,1,0,1,0,0,0,3.8
09,26,09,09_09,reviewer,med,4,3.8,0,0,0,0,0,0,3.8
09,26,10,09_10,panelist,low,NA,3.8,1,0,1,0,0,0,3.8
09,26,11,09_11,panelist,none,NA,3.8,1,0,0,1,0,0,3.8
09,26,12,09_12,reviewer,none,3.6,3.8,0,0,0,1,0,0,3.8
09,26,13,09_13,panelist,none,NA,3.8,1,0,0,1,0,0,3.8
09,26,14,09_14,panelist,med,NA,3.8,1,0,0,0,1,0.1,3.9
09,26,15,09_15,panelist,none,NA,3.8,1,0,0,1,0,0,3.8
09,26,16,09_16,panelist,med,NA,3.8,1,0,0,0,0,0,3.8
09,26,17,09_17,panelist,low,NA,3.8,1,0,1,0,0,0,3.8
09,26,18,09_18,panelist,low,NA,3.8,1,0,1,0,1,0.1,3.9
09,26,19,09_19,panelist,high,NA,3.8,1,1,0,0,1,-0.1,3.7
09,26,20,09_20,panelist,none,NA,3.8,1,0,0,1,0,0,3.8
09,26,21,09_21,panelist,low,NA,3.8,1,0,1,0,1,-0.1,3.7
09,26,22,09_22,panelist,none,NA,3.8,1,0,0,1,0,0,3.8
09,26,23,09_23,panelist,none,NA,3.8,1,0,0,1,0,0,3.8
09,26,24,09_24,panelist,none,NA,3.8,1,0,0,1,1,0.1,3.9
09,27,01,09_01,panelist,med,NA,3.8,1,0,0,0,0,0,3.8
09,27,02,09_02,panelist,low,NA,3.8,1,0,1,0,0,0,3.8
09,27,03,09_03,panelist,none,NA,3.8,1,0,0,1,0,0,3.8
09,27,04,09_04,reviewer,med,3.8,3.8,0,0,0,0,0,0,3.8
09,27,05,09_05,panelist,none,NA,3.8,1,0,0,1,0,0,3.8
09,27,06,09_06,panelist,none,NA,3.8,1,0,0,1,0,0,3.8
09,27,07,09_07,panelist,none,NA,3.8,1,0,0,1,1,0.1,3.9
09,27,08,09_08,panelist,low,NA,3.8,1,0,1,0,0,0,3.8
09,27,09,09_09,panelist,none,NA,3.8,1,0,0,1,0,0,3.8
09,27,10,09_10,panelist,high,NA,3.8,1,1,0,0,0,0,3.8
09,27,11,09_11,panelist,none,NA,3.8,1,0,0,1,1,-0.4,3.4
09,27,12,09_12,panelist,low,NA,3.8,1,0,1,0,0,0,3.8
09,27,13,09_13,panelist,med,NA,3.8,1,0,0,0,1,0.1,3.9
09,27,14,09_14,panelist,low,NA,3.8,1,0,1,0,0,0,3.8
09,27,15,09_15,panelist,med,NA,3.8,1,0,0,0,0,0,3.8
09,27,16,09_16,reviewer,none,3.8,3.8,0,0,0,1,0,0,3.8
09,27,17,09_17,reviewer,low,3.8,3.8,0,0,1,0,1,-0.2,3.6
09,27,18,09_18,panelist,low,NA,3.8,1,0,1,0,1,0.2,4
09,27,19,09_19,panelist,none,NA,3.8,1,0,0,1,0,0,3.8
09,27,20,09_20,panelist,high,NA,3.8,1,1,0,0,0,0,3.8
09,27,21,09_21,panelist,none,NA,3.8,1,0,0,1,0,0,3.8
09,27,22,09_22,panelist,none,NA,3.8,1,0,0,1,1,0.2,4
09,27,23,09_23,panelist,low,NA,3.8,1,0,1,0,1,0.1,3.9
09,27,24,09_24,panelist,med,NA,3.8,1,0,0,0,0,0,3.8
09,28,01,09_01,panelist,low,NA,3.5,1,0,1,0,0,0,3.5
09,28,02,09_02,panelist,none,NA,3.5,1,0,0,1,0,0,3.5
09,28,03,09_03,panelist,none,NA,3.5,1,0,0,1,1,-0.3,3.2
09,28,04,09_04,panelist,none,NA,3.5,1,0,0,1,1,-0.1,3.4
09,28,05,09_05,panelist,med,NA,3.5,1,0,0,0,1,0.2,3.7
09,28,06,09_06,panelist,none,NA,3.5,1,0,0,1,1,-0.1,3.4
09,28,07,09_07,panelist,none,NA,3.5,1,0,0,1,0,0,3.5
09,28,08,09_08,panelist,none,NA,3.5,1,0,0,1,0,0,3.5
09,28,09,09_09,panelist,low,NA,3.5,1,0,1,0,1,-0.1,3.4
09,28,10,09_10,panelist,med,NA,3.5,1,0,0,0,1,-0.1,3.4
09,28,11,09_11,panelist,low,NA,3.5,1,0,1,0,1,-0.2,3.3
09,28,12,09_12,reviewer,med,3.6,3.5,0,0,0,0,1,-0.2,3.3
09,28,13,09_13,panelist,high,NA,3.5,1,1,0,0,0,0,3.5
09,28,14,09_14,panelist,none,NA,3.5,1,0,0,1,1,0.2,3.7
09,28,15,09_15,panelist,low,NA,3.5,1,0,1,0,1,0.2,3.7
09,28,16,09_16,panelist,high,NA,3.5,1,1,0,0,0,0,3.5
09,28,17,09_17,panelist,low,NA,3.5,1,0,1,0,1,-0.2,3.3
09,28,18,09_18,panelist,low,NA,3.5,1,0,1,0,1,0.2,3.7
09,28,19,09_19,panelist,none,NA,3.5,1,0,0,1,1,0.3,3.8
09,28,20,09_20,panelist,none,NA,3.5,1,0,0,1,0,0,3.5
09,28,21,09_21,reviewer,low,3.3,3.5,0,0,1,0,0,0,3.5
09,28,22,09_22,reviewer,none,3.7,3.5,0,0,0,1,1,-0.1,3.4
09,28,23,09_23,panelist,med,NA,3.5,1,0,0,0,0,0,3.5
09,28,24,09_24,panelist,med,NA,3.5,1,0,0,0,0,0,3.5
09,29,01,09_01,panelist,none,NA,3.9,1,0,0,1,1,-0.1,3.8
09,29,02,09_02,panelist,med,NA,3.9,1,0,0,0,0,0,3.9
09,29,03,09_03,panelist,none,NA,3.9,1,0,0,1,1,-0.2,3.7
09,29,04,09_04,panelist,med,NA,3.9,1,0,0,0,1,-0.1,3.8
09,29,05,09_05,panelist,low,NA,3.9,1,0,1,0,0,0,3.9
09,29,06,09_06,reviewer,med,3.9,3.9,0,0,0,0,0,0,3.9
09,29,07,09_07,panelist,low,NA,3.9,1,0,1,0,0,0,3.9
09,29,08,09_08,panelist,none,NA,3.9,1,0,0,1,0,0,3.9
09,29,09,09_09,panelist,med,NA,3.9,1,0,0,0,1,-0.4,3.5
09,29,10,09_10,panelist,low,NA,3.9,1,0,1,0,0,0,3.9
09,29,11,09_11,panelist,none,NA,3.9,1,0,0,1,0,0,3.9
09,29,12,09_12,panelist,low,NA,3.9,1,0,1,0,0,0,3.9
09,29,13,09_13,panelist,none,NA,3.9,1,0,0,1,0,0,3.9
09,29,14,09_14,reviewer,low,3.9,3.9,0,0,1,0,0,0,3.9
09,29,15,09_15,panelist,none,NA,3.9,1,0,0,1,0,0,3.9
09,29,16,09_16,panelist,med,NA,3.9,1,0,0,0,1,-0.4,3.5
09,29,17,09_17,panelist,none,NA,3.9,1,0,0,1,0,0,3.9
09,29,18,09_18,panelist,none,NA,3.9,1,0,0,1,1,-0.2,3.7
09,29,19,09_19,panelist,high,NA,3.9,1,1,0,0,0,0,3.9
09,29,20,09_20,panelist,low,NA,3.9,1,0,1,0,1,0.2,4.1
09,29,21,09_21,panelist,none,NA,3.9,1,0,0,1,0,0,3.9
09,29,22,09_22,panelist,high,NA,3.9,1,1,0,0,0,0,3.9
09,29,23,09_23,reviewer,low,4,3.9,0,0,1,0,0,0,3.9
09,29,24,09_24,panelist,none,NA,3.9,1,0,0,1,0,0,3.9
09,30,01,09_01,panelist,high,NA,3.9,1,1,0,0,0,0,3.9
09,30,02,09_02,panelist,med,NA,3.9,1,0,0,0,1,-0.2,3.7
09,30,03,09_03,panelist,none,NA,3.9,1,0,0,1,1,-0.1,3.8
09,30,04,09_04,panelist,none,NA,3.9,1,0,0,1,0,0,3.9
09,30,05,09_05,panelist,low,NA,3.9,1,0,1,0,1,-0.1,3.8
09,30,06,09_06,panelist,low,NA,3.9,1,0,1,0,1,0.1,4
09,30,07,09_07,reviewer,med,3.9,3.9,0,0,0,0,0,0,3.9
09,30,08,09_08,panelist,none,NA,3.9,1,0,0,1,1,-0.1,3.8
09,30,09,09_09,panelist,med,NA,3.9,1,0,0,0,0,0,3.9
09,30,10,09_10,panelist,none,NA,3.9,1,0,0,1,0,0,3.9
09,30,11,09_11,panelist,low,NA,3.9,1,0,1,0,1,-0.1,3.8
09,30,12,09_12,panelist,low,NA,3.9,1,0,1,0,1,-0.3,3.6
09,30,13,09_13,panelist,none,NA,3.9,1,0,0,1,1,0.1,4
09,30,14,09_14,panelist,none,NA,3.9,1,0,0,1,0,0,3.9
09,30,15,09_15,panelist,med,NA,3.9,1,0,0,0,0,0,3.9
09,30,16,09_16,panelist,none,NA,3.9,1,0,0,1,1,0.1,4
09,30,17,09_17,panelist,low,NA,3.9,1,0,1,0,0,0,3.9
09,30,18,09_18,panelist,low,NA,3.9,1,0,1,0,0,0,3.9
09,30,19,09_19,reviewer,none,3.9,3.9,0,0,0,1,1,0.4,4.3
09,30,20,09_20,panelist,none,NA,3.9,1,0,0,1,0,0,3.9
09,30,21,09_21,panelist,med,NA,3.9,1,0,0,0,1,-0.2,3.7
09,30,22,09_22,reviewer,low,4,3.9,0,0,1,0,0,0,3.9
09,30,23,09_23,panelist,high,NA,3.9,1,1,0,0,0,0,3.9
09,30,24,09_24,panelist,none,NA,3.9,1,0,0,1,1,-0.1,3.8
10,1,01,10_01,reviewer,med,3.9,3.9,0,0,0,0,1,0.4,4.3
10,1,02,10_02,panelist,none,NA,3.9,1,0,0,1,0,0,3.9
10,1,03,10_03,panelist,low,NA,3.9,1,0,1,0,1,0.2,4.1
10,1,04,10_04,panelist,none,NA,3.9,1,0,0,1,0,0,3.9
10,1,05,10_05,panelist,med,NA,3.9,1,0,0,0,0,0,3.9
10,1,06,10_06,panelist,none,NA,3.9,1,0,0,1,1,0.1,4
10,1,07,10_07,reviewer,none,4,3.9,0,0,0,1,0,0,3.9
10,1,08,10_08,panelist,med,NA,3.9,1,0,0,0,0,0,3.9
10,1,09,10_09,panelist,low,NA,3.9,1,0,1,0,0,0,3.9
10,1,10,10_10,panelist,none,NA,3.9,1,0,0,1,1,0.1,4
10,1,11,10_11,panelist,med,NA,3.9,1,0,0,0,0,0,3.9
10,1,12,10_12,panelist,none,NA,3.9,1,0,0,1,1,0.2,4.1
10,1,13,10_13,panelist,low,NA,3.9,1,0,1,0,1,0.3,4.2
10,1,14,10_14,panelist,none,NA,3.9,1,0,0,1,0,0,3.9
10,1,15,10_15,panelist,high,NA,3.9,1,1,0,0,0,0,3.9
10,1,16,10_16,panelist,low,NA,3.9,1,0,1,0,1,0.1,4
10,1,17,10_17,panelist,high,NA,3.9,1,1,0,0,0,0,3.9
10,1,18,10_18,panelist,low,NA,3.9,1,0,1,0,0,0,3.9
10,1,19,10_19,panelist,low,NA,3.9,1,0,1,0,0,0,3.9
10,1,20,10_20,panelist,none,NA,3.9,1,0,0,1,0,0,3.9
10,1,21,10_21,panelist,low,NA,3.9,1,0,1,0,1,0.4,4.3
10,1,22,10_22,panelist,none,NA,3.9,1,0,0,1,1,-0.1,3.8
10,1,23,10_23,panelist,med,NA,3.9,1,0,0,0,0,0,3.9
10,1,24,10_24,reviewer,none,3.9,3.9,0,0,0,1,0,0,3.9
10,2,01,10_01,reviewer,none,4.2,4.2,0,0,0,1,0,0,4.2
10,2,02,10_02,panelist,none,NA,4.2,1,0,0,1,0,0,4.2
10,2,03,10_03,reviewer,none,4.3,4.2,0,0,0,1,0,0,4.2
10,2,04,10_04,reviewer,low,4,4.2,0,0,1,0,1,-0.4,3.8
10,2,05,10_05,panelist,med,NA,4.2,1,0,0,0,0,0,4.2
10,2,06,10_06,panelist,high,NA,4.2,1,1,0,0,0,0,4.2
10,2,07,10_07,panelist,none,NA,4.2,1,0,0,1,1,0.1,4.3
10,2,08,10_08,panelist,none,NA,4.2,1,0,0,1,1,-0.2,4
10,2,09,10_09,panelist,low,NA,4.2,1,0,1,0,0,0,4.2
10,2,10,10_10,panelist,high,NA,4.2,1,1,0,0,0,0,4.2
10,2,11,10_11,panelist,low,NA,4.2,1,0,1,0,0,0,4.2
10,2,12,10_12,panelist,low,NA,4.2,1,0,1,0,1,0.1,4.3
10,2,13,10_13,panelist,low,NA,4.2,1,0,1,0,1,-0.3,3.9
10,2,14,10_14,panelist,none,NA,4.2,1,0,0,1,1,0.1,4.3
10,2,15,10_15,panelist,none,NA,4.2,1,0,0,1,0,0,4.2
10,2,16,10_16,panelist,med,NA,4.2,1,0,0,0,0,0,4.2
10,2,17,10_17,panelist,low,NA,4.2,1,0,1,0,0,0,4.2
10,2,18,10_18,panelist,low,NA,4.2,1,0,1,0,1,-0.3,3.9
10,2,19,10_19,panelist,none,NA,4.2,1,0,0,1,0,0,4.2
10,2,20,10_20,panelist,med,NA,4.2,1,0,0,0,1,0.2,4.4
10,2,21,10_21,panelist,med,NA,4.2,1,0,0,0,0,0,4.2
10,2,22,10_22,panelist,med,NA,4.2,1,0,0,0,0,0,4.2
10,2,23,10_23,panelist,none,NA,4.2,1,0,0,1,0,0,4.2
10,2,24,10_24,panelist,none,NA,4.2,1,0,0,1,1,-0.2,4
10,3,01,10_01,panelist,med,NA,4.1,1,0,0,0,0,0,4.1
10,3,02,10_02,panelist,med,NA,4.1,1,0,0,0,1,-0.3,3.8
10,3,03,10_03,panelist,none,NA,4.1,1,0,0,1,0,0,4.1
10,3,04,10_04,panelist,med,NA,4.1,1,0,0,0,0,0,4.1
10,3,05,10_05,panelist,none,NA,4.1,1,0,0,1,0,0,4.1
10,3,06,10_06,panelist,none,NA,4.1,1,0,0,1,1,0.2,4.3
10,3,07,10_07,reviewer,med,4.3,4.1,0,0,0,0,1,0.1,4.2
10,3,08,10_08,panelist,low,NA,4.1,1,0,1,0,1,0.1,4.2
10,3,09,10_09,panelist,none,NA,4.1,1,0,0,1,0,0,4.1
10,3,10,10_10,panelist,low,NA,4.1,1,0,1,0,0,0,4.1
10,3,11,10_11,panelist,med,NA,4.1,1,0,0,0,0,0,4.1
10,3,12,10_12,panelist,low,NA,4.1,1,0,1,0,0,0,4.1
10,3,13,10_13,panelist,high,NA,4.1,1,1,0,0,0,0,4.1
10,3,14,10_14,panelist,high,NA,4.1,1,1,0,0,1,-0.2,3.9
10,3,15,10_15,panelist,low,NA,4.1,1,0,1,0,0,0,4.1
10,3,16,10_16,panelist,none,NA,4.1,1,0,0,1,0,0,4.1
10,3,17,10_17,panelist,none,NA,4.1,1,0,0,1,0,0,4.1
10,3,18,10_18,reviewer,none,4,4.1,0,0,0,1,0,0,4.1
10,3,19,10_19,reviewer,none,3.9,4.1,0,0,0,1,1,0.1,4.2
10,3,20,10_20,panelist,low,NA,4.1,1,0,1,0,1,-0.1,4
10,3,21,10_21,panelist,low,NA,4.1,1,0,1,0,1,0.2,4.3
10,3,22,10_22,panelist,low,NA,4.1,1,0,1,0,1,-0.4,3.7
10,3,23,10_23,panelist,none,NA,4.1,1,0,0,1,0,0,4.1
10,3,24,10_24,panelist,none,NA,4.1,1,0,0,1,0,0,4.1
10,5,01,10_01,panelist,med,NA,4.1,1,0,0,0,0,0,4.1
10,5,02,10_02,panelist,high,NA,4.1,1,1,0,0,0,0,4.1
10,5,03,10_03,panelist,none,NA,4.1,1,0,0,1,0,0,4.1
10,5,04,10_04,panelist,low,NA,4.1,1,0,1,0,1,-0.2,3.9
10,5,05,10_05,panelist,med,NA,4.1,1,0,0,0,0,0,4.1
10,5,06,10_06,panelist,med,NA,4.1,1,0,0,0,0,0,4.1
10,5,07,10_07,panelist,none,NA,4.1,1,0,0,1,0,0,4.1
10,5,08,10_08,panelist,low,NA,4.1,1,0,1,0,1,-0.2,3.9
10,5,09,10_09,reviewer,none,3.8,4.1,0,0,0,1,1,-0.1,4
10,5,10,10_10,panelist,low,NA,4.1,1,0,1,0,0,0,4.1
10,5,11,10_11,reviewer,none,4,4.1,0,0,0,1,0,0,4.1
10,5,12,10_12,reviewer,low,4.4,4.1,0,0,1,0,0,0,4.1
10,5,13,10_13,panelist,low,NA,4.1,1,0,1,0,0,0,4.1
10,5,14,10_14,panelist,none,NA,4.1,1,0,0,1,0,0,4.1
10,5,15,10_15,panelist,none,NA,4.1,1,0,0,1,0,0,4.1
10,5,16,10_16,panelist,high,NA,4.1,1,1,0,0,0,0,4.1
10,5,17,10_17,panelist,none,NA,4.1,1,0,0,1,1,-0.2,3.9
10,5,18,10_18,panelist,none,NA,4.1,1,0,0,1,1,-0.2,3.9
10,5,19,10_19,panelist,none,NA,4.1,1,0,0,1,1,0.2,4.3
10,5,20,10_20,panelist,low,NA,4.1,1,0,1,0,1,0.1,4.2
10,5,21,10_21,panelist,med,NA,4.1,1,0,0,0,0,0,4.1
10,5,22,10_22,panelist,med,NA,4.1,1,0,0,0,1,0.1,4.2
10,5,23,10_23,panelist,none,NA,4.1,1,0,0,1,0,0,4.1
10,5,24,10_24,panelist,low,NA,4.1,1,0,1,0,0,0,4.1
10,7,01,10_01,panelist,none,NA,3.7,1,0,0,1,0,0,3.7
10,7,02,10_02,panelist,low,NA,3.7,1,0,1,0,0,0,3.7
10,7,03,10_03,panelist,none,NA,3.7,1,0,0,1,0,0,3.7
10,7,04,10_04,reviewer,med,3.7,3.7,0,0,0,0,0,0,3.7
10,7,05,10_05,panelist,low,NA,3.7,1,0,1,0,1,0.2,3.9
10,7,06,10_06,panelist,med,NA,3.7,1,0,0,0,1,0.2,3.9
10,7,07,10_07,panelist,low,NA,3.7,1,0,1,0,0,0,3.7
10,7,08,10_08,panelist,med,NA,3.7,1,0,0,0,1,-0.1,3.6
10,7,09,10_09,panelist,none,NA,3.7,1,0,0,1,0,0,3.7
10,7,10,10_10,panelist,med,NA,3.7,1,0,0,0,0,0,3.7
10,7,11,10_11,panelist,low,NA,3.7,1,0,1,0,1,-0.3,3.4
10,7,12,10_12,panelist,none,NA,3.7,1,0,0,1,1,0.2,3.9
10,7,13,10_13,panelist,low,NA,3.7,1,0,1,0,1,-0.3,3.4
10,7,14,10_14,reviewer,low,3.9,3.7,0,0,1,0,0,0,3.7
10,7,15,10_15,panelist,none,NA,3.7,1,0,0,1,1,0.1,3.8
10,7,16,10_16,panelist,none,NA,3.7,1,0,0,1,0,0,3.7
10,7,17,10_17,panelist,high,NA,3.7,1,1,0,0,1,-0.2,3.5
10,7,18,10_18,panelist,low,NA,3.7,1,0,1,0,1,-0.4,3.3
10,7,19,10_19,panelist,none,NA,3.7,1,0,0,1,0,0,3.7
10,7,20,10_20,panelist,none,NA,3.7,1,0,0,1,1,0.2,3.9
10,7,21,10_21,panelist,none,NA,3.7,1,0,0,1,0,0,3.7
10,7,22,10_22,panelist,none,NA,3.7,1,0,0,1,0,0,3.7
10,7,23,10_23,reviewer,med,3.6,3.7,0,0,0,0,1,0.1,3.8
10,7,24,10_24,panelist,high,NA,3.7,1,1,0,0,0,0,3.7
10,12,01,10_01,panelist,none,NA,3.8,1,0,0,1,0,0,3.8
10,12,02,10_02,panelist,none,NA,3.8,1,0,0,1,1,-0.3,3.5
10,12,03,10_03,panelist,none,NA,3.8,1,0,0,1,1,-0.3,3.5
10,12,04,10_04,panelist,none,NA,3.8,1,0,0,1,0,0,3.8
10,12,05,10_05,panelist,high,NA,3.8,1,1,0,0,0,0,3.8
10,12,06,10_06,panelist,none,NA,3.8,1,0,0,1,0,0,3.8
10,12,07,10_07,panelist,none,NA,3.8,1,0,0,1,0,0,3.8
10,12,08,10_08,panelist,high,NA,3.8,1,1,0,0,0,0,3.8
10,12,09,10_09,panelist,med,NA,3.8,1,0,0,0,0,0,3.8
10,12,10,10_10,panelist,med,NA,3.8,1,0,0,0,0,0,3.8
10,12,11,10_11,panelist,low,NA,3.8,1,0,1,0,0,0,3.8
10,12,12,10_12,panelist,low,NA,3.8,1,0,1,0,1,0.2,4
10,12,13,10_13,reviewer,med,3.6,3.8,0,0,0,0,1,-0.2,3.6
10,12,14,10_14,panelist,low,NA,3.8,1,0,1,0,1,0.1,3.9
10,12,15,10_15,panelist,none,NA,3.8,1,0,0,1,0,0,3.8
10,12,16,10_16,reviewer,none,4,3.8,0,0,0,1,1,-0.2,3.6
10,12,17,10_17,reviewer,none,3.9,3.8,0,0,0,1,1,-0.1,3.7
10,12,18,10_18,panelist,low,NA,3.8,1,0,1,0,1,-0.4,3.4
10,12,19,10_19,panelist,low,NA,3.8,1,0,1,0,0,0,3.8
10,12,20,10_20,panelist,none,NA,3.8,1,0,0,1,0,0,3.8
10,12,21,10_21,panelist,med,NA,3.8,1,0,0,0,0,0,3.8
10,12,22,10_22,panelist,low,NA,3.8,1,0,1,0,0,0,3.8
10,12,23,10_23,panelist,med,NA,3.8,1,0,0,0,0,0,3.8
10,12,24,10_24,panelist,low,NA,3.8,1,0,1,0,1,-0.1,3.7
10,13,01,10_01,panelist,none,NA,3.8,1,0,0,1,0,0,3.8
10,13,02,10_02,reviewer,low,3.7,3.8,0,0,1,0,0,0,3.8
10,13,03,10_03,panelist,med,NA,3.8,1,0,0,0,1,0.1,3.9
10,13,04,10_04,panelist,none,NA,3.8,1,0,0,1,1,-0.2,3.6
10,13,05,10_05,panelist,low,NA,3.8,1,0,1,0,1,-0.1,3.7
10,13,06,10_06,panelist,none,NA,3.8,1,0,0,1,1,0.2,4
10,13,07,10_07,panelist,low,NA,3.8,1,0,1,0,1,0.1,3.9
10,13,08,10_08,panelist,none,NA,3.8,1,0,0,1,0,0,3.8
10,13,09,10_09,panelist,low,NA,3.8,1,0,1,0,0,0,3.8
10,13,10,10_10,panelist,none,NA,3.8,1,0,0,1,0,0,3.8
10,13,11,10_11,panelist,low,NA,3.8,1,0,1,0,0,0,3.8
10,13,12,10_12,reviewer,none,4,3.8,0,0,0,1,0,0,3.8
10,13,13,10_13,panelist,high,NA,3.8,1,1,0,0,1,-0.4,3.4
10,13,14,10_14,reviewer,low,3.7,3.8,0,0,1,0,1,-0.1,3.7
10,13,15,10_15,panelist,none,NA,3.8,1,0,0,1,1,-0.1,3.7
10,13,16,10_16,panelist,none,NA,3.8,1,0,0,1,0,0,3.8
10,13,17,10_17,panelist,none,NA,3.8,1,0,0,1,0,0,3.8
10,13,18,10_18,panelist,med,NA,3.8,1,0,0,0,0,0,3.8
10,13,19,10_19,panelist,med,NA,3.8,1,0,0,0,0,0,3.8
10,13,20,10_20,panelist,med,NA,3.8,1,0,0,0,0,0,3.8
10,13,21,10_21,panelist,none,NA,3.8,1,0,0,1,0,0,3.8
10,13,22,10_22,panelist,high,NA,3.8,1,1,0,0,0,0,3.8
10,13,23,10_23,panelist,med,NA,3.8,1,0,0,0,0,0,3.8
10,13,24,10_24,panelist,low,NA,3.8,1,0,1,0,0,0,3.8
10,14,01,10_01,reviewer,low,4.2,4.1,0,0,1,0,0,0,4.1
10,14,02,10_02,panelist,low,NA,4.1,1,0,1,0,0,0,4.1
10,14,03,10_03,panelist,none,NA,4.1,1,0,0,1,0,0,4.1
10,14,04,10_04,reviewer,none,3.9,4.1,0,0,0,1,1,-0.1,4
10,14,05,10_05,panelist,med,NA,4.1,1,0,0,0,0,0,4.1
10,14,06,10_06,panelist,med,NA,4.1,1,0,0,0,0,0,4.1
10,14,07,10_07,panelist,low,NA,4.1,1,0,1,0,1,0.1,4.2
10,14,08,10_08,panelist,low,NA,4.1,1,0,1,0,0,0,4.1
10,14,09,10_09,panelist,none,NA,4.1,1,0,0,1,0,0,4.1
10,14,10,10_10,panelist,none,NA,4.1,1,0,0,1,0,0,4.1
10,14,11,10_11,panelist,low,NA,4.1,1,0,1,0,0,0,4.1
10,14,12,10_12,reviewer,none,4.1,4.1,0,0,0,1,1,0.1,4.2
10,14,13,10_13,panelist,none,NA,4.1,1,0,0,1,0,0,4.1
10,14,14,10_14,panelist,none,NA,4.1,1,0,0,1,1,0.2,4.3
10,14,15,10_15,panelist,none,NA,4.1,1,0,0,1,0,0,4.1
10,14,16,10_16,panelist,med,NA,4.1,1,0,0,0,0,0,4.1
10,14,17,10_17,panelist,high,NA,4.1,1,1,0,0,0,0,4.1
10,14,18,10_18,panelist,med,NA,4.1,1,0,0,0,1,-0.5,3.6
10,14,19,10_19,panelist,high,NA,4.1,1,1,0,0,0,0,4.1
10,14,20,10_20,panelist,none,NA,4.1,1,0,0,1,0,0,4.1
10,14,21,10_21,panelist,med,NA,4.1,1,0,0,0,1,-0.1,4
10,14,22,10_22,panelist,low,NA,4.1,1,0,1,0,1,-0.1,4
10,14,23,10_23,panelist,none,NA,4.1,1,0,0,1,0,0,4.1
10,14,24,10_24,panelist,low,NA,4.1,1,0,1,0,0,0,4.1
10,15,01,10_01,panelist,none,NA,4.1,1,0,0,1,1,0.2,4.3
10,15,02,10_02,panelist,med,NA,4.1,1,0,0,0,0,0,4.1
10,15,03,10_03,panelist,none,NA,4.1,1,0,0,1,0,0,4.1
10,15,04,10_04,panelist,low,NA,4.1,1,0,1,0,0,0,4.1
10,15,05,10_05,panelist,low,NA,4.1,1,0,1,0,1,-0.1,4
10,15,06,10_06,panelist,med,NA,4.1,1,0,0,0,0,0,4.1
10,15,07,10_07,panelist,none,NA,4.1,1,0,0,1,0,0,4.1
10,15,08,10_08,panelist,none,NA,4.1,1,0,0,1,1,0.2,4.3
10,15,09,10_09,panelist,none,NA,4.1,1,0,0,1,0,0,4.1
10,15,10,10_10,panelist,low,NA,4.1,1,0,1,0,0,0,4.1
10,15,11,10_11,reviewer,none,4.1,4.1,0,0,0,1,0,0,4.1
10,15,12,10_12,panelist,none,NA,4.1,1,0,0,1,0,0,4.1
10,15,13,10_13,panelist,low,NA,4.1,1,0,1,0,0,0,4.1
10,15,14,10_14,panelist,med,NA,4.1,1,0,0,0,0,0,4.1
10,15,15,10_15,panelist,low,NA,4.1,1,0,1,0,1,-0.2,3.9
10,15,16,10_16,panelist,high,NA,4.1,1,1,0,0,0,0,4.1
10,15,17,10_17,reviewer,none,4.2,4.1,0,0,0,1,0,0,4.1
10,15,18,10_18,panelist,high,NA,4.1,1,1,0,0,0,0,4.1
10,15,19,10_19,panelist,low,NA,4.1,1,0,1,0,0,0,4.1
10,15,20,10_20,reviewer,med,4,4.1,0,0,0,0,1,-0.2,3.9
10,15,21,10_21,panelist,low,NA,4.1,1,0,1,0,1,-0.1,4
10,15,22,10_22,panelist,none,NA,4.1,1,0,0,1,0,0,4.1
10,15,23,10_23,panelist,none,NA,4.1,1,0,0,1,1,0.2,4.3
10,15,24,10_24,panelist,med,NA,4.1,1,0,0,0,0,0,4.1
10,18,01,10_01,panelist,none,NA,3.6,1,0,0,1,0,0,3.6
10,18,02,10_02,panelist,none,NA,3.6,1,0,0,1,0,0,3.6
10,18,03,10_03,panelist,none,NA,3.6,1,0,0,1,1,-0.1,3.5
10,18,04,10_04,panelist,low,NA,3.6,1,0,1,0,1,-0.2,3.4
10,18,05,10_05,panelist,none,NA,3.6,1,0,0,1,1,0.2,3.8
10,18,06,10_06,reviewer,low,3.7,3.6,0,0,1,0,1,0.1,3.7
10,18,07,10_07,panelist,med,NA,3.6,1,0,0,0,0,0,3.6
10,18,08,10_08,reviewer,low,3.6,3.6,0,0,1,0,1,0.2,3.8
10,18,09,10_09,panelist,low,NA,3.6,1,0,1,0,0,0,3.6
10,18,10,10_10,panelist,med,NA,3.6,1,0,0,0,0,0,3.6
10,18,11,10_11,panelist,high,NA,3.6,1,1,0,0,0,0,3.6
10,18,12,10_12,panelist,low,NA,3.6,1,0,1,0,0,0,3.6
10,18,13,10_13,panelist,low,NA,3.6,1,0,1,0,0,0,3.6
10,18,14,10_14,panelist,med,NA,3.6,1,0,0,0,0,0,3.6
10,18,15,10_15,panelist,none,NA,3.6,1,0,0,1,0,0,3.6
10,18,16,10_16,panelist,none,NA,3.6,1,0,0,1,1,-0.4,3.2
10,18,17,10_17,reviewer,none,3.6,3.6,0,0,0,1,1,-0.1,3.5
10,18,18,10_18,panelist,none,NA,3.6,1,0,0,1,1,-0.2,3.4
10,18,19,10_19,panelist,low,NA,3.6,1,0,1,0,1,0.1,3.7
10,18,20,10_20,panelist,high,NA,3.6,1,1,0,0,0,0,3.6
10,18,21,10_21,panelist,med,NA,3.6,1,0,0,0,0,0,3.6
10,18,22,10_22,panelist,none,NA,3.6,1,0,0,1,1,0.1,3.7
10,18,23,10_23,panelist,none,NA,3.6,1,0,0,1,0,0,3.6
10,18,24,10_24,panelist,med,NA,3.6,1,0,0,0,0,0,3.6
10,20,01,10_01,panelist,none,NA,3.6,1,0,0,1,0,0,3.6
10,20,02,10_02,panelist,low,NA,3.6,1,0,1,0,0,0,3.6
10,20,03,10_03,panelist,none,NA,3.6,1,0,0,1,0,0,3.6
10,20,04,10_04,reviewer,med,3.8,3.6,0,0,0,0,0,0,3.6
10,20,05,10_05,panelist,med,NA,3.6,1,0,0,0,0,0,3.6
10,20,06,10_06,panelist,none,NA,3.6,1,0,0,1,0,0,3.6
10,20,07,10_07,panelist,low,NA,3.6,1,0,1,0,1,0.4,4
10,20,08,10_08,panelist,none,NA,3.6,1,0,0,1,1,0.1,3.7
10,20,09,10_09,panelist,low,NA,3.6,1,0,1,0,0,0,3.6
10,20,10,10_10,reviewer,none,3.7,3.6,0,0,0,1,1,0.1,3.7
10,20,11,10_11,reviewer,low,3.4,3.6,0,0,1,0,0,0,3.6
10,20,12,10_12,panelist,none,NA,3.6,1,0,0,1,0,0,3.6
10,20,13,10_13,panelist,none,NA,3.6,1,0,0,1,1,-0.1,3.5
10,20,14,10_14,panelist,high,NA,3.6,1,1,0,0,1,0.3,3.9
10,20,15,10_15,panelist,none,NA,3.6,1,0,0,1,1,0.1,3.7
10,20,16,10_16,panelist,high,NA,3.6,1,1,0,0,0,0,3.6
10,20,17,10_17,panelist,med,NA,3.6,1,0,0,0,0,0,3.6
10,20,18,10_18,panelist,med,NA,3.6,1,0,0,0,1,-0.1,3.5
10,20,19,10_19,panelist,low,NA,3.6,1,0,1,0,0,0,3.6
10,20,20,10_20,panelist,low,NA,3.6,1,0,1,0,0,0,3.6
10,20,21,10_21,panelist,none,NA,3.6,1,0,0,1,1,-0.1,3.5
10,20,22,10_22,panelist,low,NA,3.6,1,0,1,0,1,-0.2,3.4
10,20,23,10_23,panelist,none,NA,3.6,1,0,0,1,0,0,3.6
10,20,24,10_24,panelist,med,NA,3.6,1,0,0,0,1,-0.1,3.5
10,24,01,10_01,panelist,none,NA,4,1,0,0,1,0,0,4
10,24,02,10_02,panelist,none,NA,4,1,0,0,1,1,-0.1,3.9
10,24,03,10_03,panelist,low,NA,4,1,0,1,0,0,0,4
10,24,04,10_04,panelist,low,NA,4,1,0,1,0,0,0,4
10,24,05,10_05,panelist,none,NA,4,1,0,0,1,0,0,4
10,24,06,10_06,reviewer,med,4.2,4,0,0,0,0,1,0.1,4.1
10,24,07,10_07,panelist,none,NA,4,1,0,0,1,1,0.2,4.2
10,24,08,10_08,panelist,none,NA,4,1,0,0,1,1,0.3,4.3
10,24,09,10_09,panelist,none,NA,4,1,0,0,1,1,-0.1,3.9
10,24,10,10_10,panelist,low,NA,4,1,0,1,0,1,-0.1,3.9
10,24,11,10_11,panelist,none,NA,4,1,0,0,1,0,0,4
10,24,12,10_12,panelist,low,NA,4,1,0,1,0,0,0,4
10,24,13,10_13,panelist,high,NA,4,1,1,0,0,0,0,4
10,24,14,10_14,reviewer,low,3.7,4,0,0,1,0,0,0,4
10,24,15,10_15,reviewer,low,4,4,0,0,1,0,0,0,4
10,24,16,10_16,panelist,med,NA,4,1,0,0,0,1,-0.3,3.7
10,24,17,10_17,panelist,none,NA,4,1,0,0,1,0,0,4
10,24,18,10_18,panelist,high,NA,4,1,1,0,0,0,0,4
10,24,19,10_19,panelist,med,NA,4,1,0,0,0,0,0,4
10,24,20,10_20,panelist,none,NA,4,1,0,0,1,0,0,4
10,24,21,10_21,panelist,med,NA,4,1,0,0,0,0,0,4
10,24,22,10_22,panelist,none,NA,4,1,0,0,1,0,0,4
10,24,23,10_23,panelist,low,NA,4,1,0,1,0,0,0,4
10,24,24,10_24,panelist,med,NA,4,1,0,0,0,1,-0.3,3.7
10,25,01,10_01,panelist,high,NA,3.5,1,1,0,0,0,0,3.5
10,25,02,10_02,panelist,low,NA,3.5,1,0,1,0,0,0,3.5
10,25,03,10_03,panelist,none,NA,3.5,1,0,0,1,1,0.2,3.7
10,25,04,10_04,panelist,med,NA,3.5,1,0,0,0,0,0,3.5
10,25,05,10_05,panelist,low,NA,3.5,1,0,1,0,0,0,3.5
10,25,06,10_06,panelist,none,NA,3.5,1,0,0,1,0,0,3.5
10,25,07,10_07,panelist,none,NA,3.5,1,0,0,1,0,0,3.5
10,25,08,10_08,panelist,none,NA,3.5,1,0,0,1,1,0.4,3.9
10,25,09,10_09,panelist,none,NA,3.5,1,0,0,1,1,-0.1,3.4
10,25,10,10_10,panelist,none,NA,3.5,1,0,0,1,0,0,3.5
10,25,11,10_11,panelist,med,NA,3.5,1,0,0,0,0,0,3.5
10,25,12,10_12,panelist,med,NA,3.5,1,0,0,0,0,0,3.5
10,25,13,10_13,reviewer,low,3.4,3.5,0,0,1,0,0,0,3.5
10,25,14,10_14,panelist,low,NA,3.5,1,0,1,0,0,0,3.5
10,25,15,10_15,panelist,none,NA,3.5,1,0,0,1,1,0.3,3.8
10,25,16,10_16,panelist,high,NA,3.5,1,1,0,0,0,0,3.5
10,25,17,10_17,reviewer,low,3.4,3.5,0,0,1,0,0,0,3.5
10,25,18,10_18,panelist,med,NA,3.5,1,0,0,0,1,-0.3,3.2
10,25,19,10_19,panelist,none,NA,3.5,1,0,0,1,1,-0.2,3.3
10,25,20,10_20,panelist,none,NA,3.5,1,0,0,1,1,0.1,3.6
10,25,21,10_21,panelist,med,NA,3.5,1,0,0,0,0,0,3.5
10,25,22,10_22,reviewer,low,3.6,3.5,0,0,1,0,0,0,3.5
10,25,23,10_23,panelist,none,NA,3.5,1,0,0,1,1,0.2,3.7
10,25,24,10_24,panelist,low,NA,3.5,1,0,1,0,1,0.1,3.6
10,27,01,10_01,panelist,low,NA,4.1,1,0,1,0,1,-0.1,4
10,27,02,10_02,reviewer,none,4.1,4.1,0,0,0,1,0,0,4.1
10,27,03,10_03,panelist,none,NA,4.1,1,0,0,1,0,0,4.1
10,27,04,10_04,panelist,low,NA,4.1,1,0,1,0,0,0,4.1
10,27,05,10_05,panelist,med,NA,4.1,1,0,0,0,0,0,4.1
10,27,06,10_06,panelist,none,NA,4.1,1,0,0,1,1,0.1,4.2
10,27,07,10_07,panelist,none,NA,4.1,1,0,0,1,0,0,4.1
10,27,08,10_08,panelist,high,NA,4.1,1,1,0,0,0,0,4.1
10,27,09,10_09,panelist,none,NA,4.1,1,0,0,1,0,0,4.1
10,27,10,10_10,panelist,low,NA,4.1,1,0,1,0,1,0.1,4.2
10,27,11,10_11,panelist,med,NA,4.1,1,0,0,0,0,0,4.1
10,27,12,10_12,panelist,med,NA,4.1,1,0,0,0,1,0.2,4.3
10,27,13,10_13,panelist,low,NA,4.1,1,0,1,0,1,-0.3,3.8
10,27,14,10_14,panelist,none,NA,4.1,1,0,0,1,1,-0.1,4
10,27,15,10_15,panelist,high,NA,4.1,1,1,0,0,0,0,4.1
10,27,16,10_16,panelist,med,NA,4.1,1,0,0,0,1,-0.2,3.9
10,27,17,10_17,panelist,med,NA,4.1,1,0,0,0,1,0.1,4.2
10,27,18,10_18,reviewer,none,4.1,4.1,0,0,0,1,0,0,4.1
10,27,19,10_19,panelist,low,NA,4.1,1,0,1,0,1,-0.1,4
10,27,20,10_20,panelist,none,NA,4.1,1,0,0,1,1,-0.2,3.9
10,27,21,10_21,panelist,low,NA,4.1,1,0,1,0,0,0,4.1
10,27,22,10_22,panelist,none,NA,4.1,1,0,0,1,0,0,4.1
10,27,23,10_23,reviewer,low,4.2,4.1,0,0,1,0,0,0,4.1
10,27,24,10_24,panelist,none,NA,4.1,1,0,0,1,1,-0.3,3.8
10,29,01,10_01,panelist,low,NA,4.3,1,0,1,0,0,0,4.3
10,29,02,10_02,panelist,none,NA,4.3,1,0,0,1,0,0,4.3
10,29,03,10_03,panelist,none,NA,4.3,1,0,0,1,1,-0.1,4.2
10,29,04,10_04,panelist,med,NA,4.3,1,0,0,0,0,0,4.3
10,29,05,10_05,reviewer,none,4.2,4.3,0,0,0,1,1,-0.1,4.2
10,29,06,10_06,panelist,low,NA,4.3,1,0,1,0,0,0,4.3
10,29,07,10_07,panelist,none,NA,4.3,1,0,0,1,1,-0.1,4.2
10,29,08,10_08,panelist,none,NA,4.3,1,0,0,1,0,0,4.3
10,29,09,10_09,panelist,low,NA,4.3,1,0,1,0,0,0,4.3
10,29,10,10_10,panelist,none,NA,4.3,1,0,0,1,0,0,4.3
10,29,11,10_11,panelist,none,NA,4.3,1,0,0,1,0,0,4.3
10,29,12,10_12,panelist,low,NA,4.3,1,0,1,0,1,0.2,4.5
10,29,13,10_13,panelist,med,NA,4.3,1,0,0,0,1,-0.3,4
10,29,14,10_14,panelist,high,NA,4.3,1,1,0,0,0,0,4.3
10,29,15,10_15,reviewer,none,4.2,4.3,0,0,0,1,1,-0.2,4.1
10,29,16,10_16,panelist,high,NA,4.3,1,1,0,0,1,0.1,4.4
10,29,17,10_17,panelist,med,NA,4.3,1,0,0,0,0,0,4.3
10,29,18,10_18,reviewer,none,4.5,4.3,0,0,0,1,1,-0.3,4
10,29,19,10_19,panelist,low,NA,4.3,1,0,1,0,0,0,4.3
10,29,20,10_20,panelist,low,NA,4.3,1,0,1,0,1,-0.4,3.9
10,29,21,10_21,panelist,med,NA,4.3,1,0,0,0,1,-0.2,4.1
10,29,22,10_22,panelist,med,NA,4.3,1,0,0,0,1,-0.2,4.1
10,29,23,10_23,panelist,none,NA,4.3,1,0,0,1,1,0.2,4.5
10,29,24,10_24,panelist,low,NA,4.3,1,0,1,0,1,-0.4,3.9
11,2,01,11_01,panelist,none,NA,4.4,1,0,0,1,0,0,4.4
11,2,02,11_02,panelist,none,NA,4.4,1,0,0,1,0,0,4.4
11,2,03,11_03,panelist,med,NA,4.4,1,0,0,0,0,0,4.4
11,2,04,11_04,panelist,none,NA,4.4,1,0,0,1,0,0,4.4
11,2,05,11_05,panelist,none,NA,4.4,1,0,0,1,0,0,4.4
11,2,06,11_06,panelist,none,NA,4.4,1,0,0,1,0,0,4.4
11,2,07,11_07,reviewer,low,3.9,4.4,0,0,1,0,1,-0.2,4.2
11,2,08,11_08,panelist,none,NA,4.4,1,0,0,1,1,0.2,4.6
11,2,09,11_09,panelist,med,NA,4.4,1,0,0,0,1,-0.1,4.3
11,2,10,11_10,panelist,high,NA,4.4,1,1,0,0,0,0,4.4
11,2,11,11_11,panelist,low,NA,4.4,1,0,1,0,1,-0.2,4.2
11,2,12,11_12,panelist,high,NA,4.4,1,1,0,0,0,0,4.4
11,2,13,11_13,panelist,low,NA,4.4,1,0,1,0,0,0,4.4
11,2,14,11_14,panelist,low,NA,4.4,1,0,1,0,1,-0.1,4.3
11,2,15,11_15,panelist,none,NA,4.4,1,0,0,1,0,0,4.4
11,2,16,11_16,panelist,low,NA,4.4,1,0,1,0,0,0,4.4
11,2,17,11_17,panelist,none,NA,4.4,1,0,0,1,1,-0.1,4.3
11,2,18,11_18,panelist,low,NA,4.4,1,0,1,0,0,0,4.4
11,2,19,11_19,panelist,med,NA,4.4,1,0,0,0,0,0,4.4
11,2,20,11_20,reviewer,none,4.7,4.4,0,0,0,1,1,-0.2,4.2
11,2,21,11_21,reviewer,med,4.5,4.4,0,0,0,0,1,0.1,4.5
11,2,22,11_22,panelist,low,NA,4.4,1,0,1,0,0,0,4.4
11,2,23,11_23,panelist,none,NA,4.4,1,0,0,1,1,-0.1,4.3
11,2,24,11_24,panelist,med,NA,4.4,1,0,0,0,0,0,4.4
11,3,01,11_01,panelist,none,NA,4.1,1,0,0,1,0,0,4.1
11,3,02,11_02,panelist,med,NA,4.1,1,0,0,0,1,-0.2,3.9
11,3,03,11_03,panelist,none,NA,4.1,1,0,0,1,0,0,4.1
11,3,04,11_04,panelist,low,NA,4.1,1,0,1,0,1,0.1,4.2
11,3,05,11_05,panelist,low,NA,4.1,1,0,1,0,1,0.3,4.4
11,3,06,11_06,panelist,none,NA,4.1,1,0,0,1,0,0,4.1
11,3,07,11_07,panelist,med,NA,4.1,1,0,0,0,0,0,4.1
11,3,08,11_08,panelist,low,NA,4.1,1,0,1,0,0,0,4.1
11,3,09,11_09,panelist,none,NA,4.1,1,0,0,1,0,0,4.1
11,3,10,11_10,panelist,none,NA,4.1,1,0,0,1,0,0,4.1
11,3,11,11_11,reviewer,low,4,4.1,0,0,1,0,0,0,4.1
11,3,12,11_12,panelist,high,NA,4.1,1,1,0,0,1,0.3,4.4
11,3,13,11_13,panelist,low,NA,4.1,1,0,1,0,0,0,4.1
11,3,14,11_14,panelist,none,NA,4.1,1,0,0,1,1,0.1,4.2
11,3,15,11_15,panelist,none,NA,4.1,1,0,0,1,1,-0.2,3.9
11,3,16,11_16,panelist,med,NA,4.1,1,0,0,0,1,-0.4,3.7
11,3,17,11_17,panelist,high,NA,4.1,1,1,0,0,0,0,4.1
11,3,18,11_18,panelist,med,NA,4.1,1,0,0,0,0,0,4.1
11,3,19,11_19,panelist,low,NA,4.1,1,0,1,0,0,0,4.1
11,3,20,11_20,reviewer,none,4.1,4.1,0,0,0,1,0,0,4.1
11,3,21,11_21,reviewer,low,4.1,4.1,0,0,1,0,1,-0.3,3.8
11,3,22,11_22,panelist,none,NA,4.1,1,0,0,1,0,0,4.1
11,3,23,11_23,panelist,med,NA,4.1,1,0,0,0,0,0,4.1
11,3,24,11_24,panelist,none,NA,4.1,1,0,0,1,0,0,4.1
11,4,01,11_01,panelist,med,NA,4,1,0,0,0,1,-0.3,3.7
11,4,02,11_02,panelist,none,NA,4,1,0,0,1,0,0,4
11,4,03,11_03,panelist,none,NA,4,1,0,0,1,1,0.3,4.3
11,4,04,11_04,panelist,none,NA,4,1,0,0,1,0,0,4
11,4,05,11_05,reviewer,low,3.9,4,0,0,1,0,0,0,4
11,4,06,11_06,panelist,none,NA,4,1,0,0,1,0,0,4
11,4,07,11_07,panelist,med,NA,4,1,0,0,0,0,0,4
11,4,08,11_08,panelist,none,NA,4,1,0,0,1,0,0,4
11,4,09,11_09,panelist,low,NA,4,1,0,1,0,0,0,4
11,4,10,11_10,panelist,none,NA,4,1,0,0,1,1,0.1,4.1
11,4,11,11_11,panelist,med,NA,4,1,0,0,0,0,0,4
11,4,12,11_12,panelist,med,NA,4,1,0,0,0,1,0.2,4.2
11,4,13,11_13,panelist,low,NA,4,1,0,1,0,0,0,4
11,4,14,11_14,panelist,high,NA,4,1,1,0,0,0,0,4
11,4,15,11_15,panelist,none,NA,4,1,0,0,1,1,-0.3,3.7
11,4,16,11_16,panelist,low,NA,4,1,0,1,0,1,-0.1,3.9
11,4,17,11_17,panelist,low,NA,4,1,0,1,0,0,0,4
11,4,18,11_18,reviewer,med,4.2,4,0,0,0,0,0,0,4
11,4,19,11_19,reviewer,high,4,4,0,1,0,0,0,0,4
11,4,20,11_20,panelist,none,NA,4,1,0,0,1,0,0,4
11,4,21,11_21,panelist,low,NA,4,1,0,1,0,0,0,4
11,4,22,11_22,panelist,none,NA,4,1,0,0,1,0,0,4
11,4,23,11_23,panelist,none,NA,4,1,0,0,1,1,-0.1,3.9
11,4,24,11_24,panelist,low,NA,4,1,0,1,0,1,0.4,4.4
11,7,01,11_01,panelist,none,NA,3.7,1,0,0,1,1,-0.1,3.6
11,7,02,11_02,panelist,low,NA,3.7,1,0,1,0,1,-0.2,3.5
11,7,03,11_03,panelist,med,NA,3.7,1,0,0,0,1,0.1,3.8
11,7,04,11_04,panelist,med,NA,3.7,1,0,0,0,1,-0.1,3.6
11,7,05,11_05,panelist,none,NA,3.7,1,0,0,1,1,-0.1,3.6
11,7,06,11_06,reviewer,low,3.6,3.7,0,0,1,0,1,0.2,3.9
11,7,07,11_07,reviewer,med,3.7,3.7,0,0,0,0,0,0,3.7
11,7,08,11_08,panelist,none,NA,3.7,1,0,0,1,0,0,3.7
11,7,09,11_09,panelist,low,NA,3.7,1,0,1,0,0,0,3.7
11,7,10,11_10,panelist,low,NA,3.7,1,0,1,0,0,0,3.7
11,7,11,11_11,panelist,none,NA,3.7,1,0,0,1,1,0.1,3.8
11,7,12,11_12,panelist,none,NA,3.7,1,0,0,1,0,0,3.7
11,7,13,11_13,panelist,high,NA,3.7,1,1,0,0,1,0.2,3.9
11,7,14,11_14,panelist,none,NA,3.7,1,0,0,1,0,0,3.7
11,7,15,11_15,panelist,high,NA,3.7,1,1,0,0,0,0,3.7
11,7,16,11_16,reviewer,none,3.8,3.7,0,0,0,1,0,0,3.7
11,7,17,11_17,panelist,low,NA,3.7,1,0,1,0,0,0,3.7
11,7,18,11_18,panelist,low,NA,3.7,1,0,1,0,0,0,3.7
11,7,19,11_19,panelist,none,NA,3.7,1,0,0,1,0,0,3.7
11,7,20,11_20,panelist,low,NA,3.7,1,0,1,0,0,0,3.7
11,7,21,11_21,panelist,none,NA,3.7,1,0,0,1,1,-0.1,3.6
11,7,22,11_22,panelist,none,NA,3.7,1,0,0,1,0,0,3.7
11,7,23,11_23,panelist,med,NA,3.7,1,0,0,0,1,0.1,3.8
11,7,24,11_24,panelist,med,NA,3.7,1,0,0,0,0,0,3.7
11,8,01,11_01,panelist,none,NA,3.9,1,0,0,1,1,-0.2,3.7
11,8,02,11_02,reviewer,none,4,3.9,0,0,0,1,1,-0.2,3.7
11,8,03,11_03,panelist,low,NA,3.9,1,0,1,0,1,0.3,4.2
11,8,04,11_04,panelist,none,NA,3.9,1,0,0,1,0,0,3.9
11,8,05,11_05,panelist,low,NA,3.9,1,0,1,0,0,0,3.9
11,8,06,11_06,panelist,none,NA,3.9,1,0,0,1,1,0.1,4
11,8,07,11_07,panelist,none,NA,3.9,1,0,0,1,0,0,3.9
11,8,08,11_08,panelist,high,NA,3.9,1,1,0,0,0,0,3.9
11,8,09,11_09,panelist,none,NA,3.9,1,0,0,1,1,0.4,4.3
11,8,10,11_10,panelist,none,NA,3.9,1,0,0,1,0,0,3.9
11,8,11,11_11,panelist,low,NA,3.9,1,0,1,0,0,0,3.9
11,8,12,11_12,panelist,med,NA,3.9,1,0,0,0,0,0,3.9
11,8,13,11_13,panelist,med,NA,3.9,1,0,0,0,0,0,3.9
11,8,14,11_14,panelist,low,NA,3.9,1,0,1,0,1,0.2,4.1
11,8,15,11_15,panelist,med,NA,3.9,1,0,0,0,1,0.2,4.1
11,8,16,11_16,panelist,high,NA,3.9,1,1,0,0,1,0.2,4.1
11,8,17,11_17,reviewer,low,3.8,3.9,0,0,1,0,1,0.4,4.3
11,8,18,11_18,panelist,med,NA,3.9,1,0,0,0,0,0,3.9
11,8,19,11_19,panelist,none,NA,3.9,1,0,0,1,0,0,3.9
11,8,20,11_20,panelist,med,NA,3.9,1,0,0,0,0,0,3.9
11,8,21,11_21,panelist,none,NA,3.9,1,0,0,1,0,0,3.9
11,8,22,11_22,panelist,low,NA,3.9,1,0,1,0,0,0,3.9
11,8,23,11_23,panelist,none,NA,3.9,1,0,0,1,0,0,3.9
11,8,24,11_24,reviewer,low,3.9,3.9,0,0,1,0,1,0.2,4.1
11,9,01,11_01,panelist,med,NA,4.1,1,0,0,0,0,0,4.1
11,9,02,11_02,panelist,med,NA,4.1,1,0,0,0,0,0,4.1
11,9,03,11_03,panelist,low,NA,4.1,1,0,1,0,1,0.3,4.4
11,9,04,11_04,panelist,low,NA,4.1,1,0,1,0,1,0.1,4.2
11,9,05,11_05,panelist,low,NA,4.1,1,0,1,0,1,0.2,4.3
11,9,06,11_06,panelist,none,NA,4.1,1,0,0,1,0,0,4.1
11,9,07,11_07,panelist,none,NA,4.1,1,0,0,1,1,0.2,4.3
11,9,08,11_08,panelist,none,NA,4.1,1,0,0,1,0,0,4.1
11,9,09,11_09,panelist,low,NA,4.1,1,0,1,0,1,-0.1,4
11,9,10,11_10,panelist,none,NA,4.1,1,0,0,1,1,0.1,4.2
11,9,11,11_11,reviewer,med,4.3,4.1,0,0,0,0,1,-0.2,3.9
11,9,12,11_12,panelist,low,NA,4.1,1,0,1,0,1,0.3,4.4
11,9,13,11_13,panelist,none,NA,4.1,1,0,0,1,0,0,4.1
11,9,14,11_14,reviewer,none,3.8,4.1,0,0,0,1,1,-0.1,4
11,9,15,11_15,panelist,high,NA,4.1,1,1,0,0,1,-0.1,4
11,9,16,11_16,panelist,high,NA,4.1,1,1,0,0,0,0,4.1
11,9,17,11_17,panelist,none,NA,4.1,1,0,0,1,1,0.4,4.5
11,9,18,11_18,panelist,none,NA,4.1,1,0,0,1,1,0.1,4.2
11,9,19,11_19,panelist,med,NA,4.1,1,0,0,0,1,-0.2,3.9
11,9,20,11_20,panelist,none,NA,4.1,1,0,0,1,0,0,4.1
11,9,21,11_21,panelist,low,NA,4.1,1,0,1,0,0,0,4.1
11,9,22,11_22,reviewer,med,4.2,4.1,0,0,0,0,0,0,4.1
11,9,23,11_23,panelist,low,NA,4.1,1,0,1,0,0,0,4.1
11,9,24,11_24,panelist,none,NA,4.1,1,0,0,1,0,0,4.1
11,11,01,11_01,panelist,none,NA,3.8,1,0,0,1,1,-0.1,3.7
11,11,02,11_02,panelist,none,NA,3.8,1,0,0,1,0,0,3.8
11,11,03,11_03,panelist,low,NA,3.8,1,0,1,0,1,0.1,3.9
11,11,04,11_04,reviewer,high,4,3.8,0,1,0,0,0,0,3.8
11,11,05,11_05,panelist,med,NA,3.8,1,0,0,0,1,0.1,3.9
11,11,06,11_06,panelist,none,NA,3.8,1,0,0,1,0,0,3.8
11,11,07,11_07,panelist,low,NA,3.8,1,0,1,0,0,0,3.8
11,11,08,11_08,panelist,med,NA,3.8,1,0,0,0,1,0.3,4.1
11,11,09,11_09,panelist,none,NA,3.8,1,0,0,1,1,-0.3,3.5
11,11,10,11_10,panelist,low,NA,3.8,1,0,1,0,0,0,3.8
11,11,11,11_11,panelist,low,NA,3.8,1,0,1,0,0,0,3.8
11,11,12,11_12,panelist,low,NA,3.8,1,0,1,0,1,0.2,4
11,11,13,11_13,panelist,none,NA,3.8,1,0,0,1,0,0,3.8
11,11,14,11_14,panelist,none,NA,3.8,1,0,0,1,1,-0.1,3.7
11,11,15,11_15,panelist,none,NA,3.8,1,0,0,1,0,0,3.8
11,11,16,11_16,panelist,low,NA,3.8,1,0,1,0,1,-0.2,3.6
11,11,17,11_17,panelist,high,NA,3.8,1,1,0,0,0,0,3.8
11,11,18,11_18,reviewer,none,3.7,3.8,0,0,0,1,0,0,3.8
11,11,19,11_19,panelist,none,NA,3.8,1,0,0,1,1,-0.3,3.5
11,11,20,11_20,reviewer,med,3.7,3.8,0,0,0,0,0,0,3.8
11,11,21,11_21,panelist,med,NA,3.8,1,0,0,0,0,0,3.8
11,11,22,11_22,panelist,med,NA,3.8,1,0,0,0,0,0,3.8
11,11,23,11_23,panelist,low,NA,3.8,1,0,1,0,1,-0.1,3.7
11,11,24,11_24,panelist,none,NA,3.8,1,0,0,1,0,0,3.8
11,18,01,11_01,panelist,none,NA,3.7,1,0,0,1,0,0,3.7
11,18,02,11_02,panelist,low,NA,3.7,1,0,1,0,1,-0.2,3.5
11,18,03,11_03,panelist,none,NA,3.7,1,0,0,1,1,0.1,3.8
11,18,04,11_04,panelist,none,NA,3.7,1,0,0,1,1,-0.2,3.5
11,18,05,11_05,panelist,med,NA,3.7,1,0,0,0,0,0,3.7
11,18,06,11_06,panelist,low,NA,3.7,1,0,1,0,0,0,3.7
11,18,07,11_07,panelist,none,NA,3.7,1,0,0,1,1,0.2,3.9
11,18,08,11_08,panelist,low,NA,3.7,1,0,1,0,1,0.1,3.8
11,18,09,11_09,panelist,none,NA,3.7,1,0,0,1,1,0.3,4
11,18,10,11_10,panelist,low,NA,3.7,1,0,1,0,0,0,3.7
11,18,11,11_11,panelist,high,NA,3.7,1,1,0,0,0,0,3.7
11,18,12,11_12,panelist,low,NA,3.7,1,0,1,0,1,0.1,3.8
11,18,13,11_13,panelist,med,NA,3.7,1,0,0,0,1,-0.1,3.6
11,18,14,11_14,panelist,none,NA,3.7,1,0,0,1,1,0.2,3.9
11,18,15,11_15,reviewer,none,3.5,3.7,0,0,0,1,1,-0.2,3.5
11,18,16,11_16,reviewer,none,3.6,3.7,0,0,0,1,0,0,3.7
11,18,17,11_17,panelist,high,NA,3.7,1,1,0,0,0,0,3.7
11,18,18,11_18,panelist,low,NA,3.7,1,0,1,0,1,-0.2,3.5
11,18,19,11_19,panelist,med,NA,3.7,1,0,0,0,0,0,3.7
11,18,20,11_20,reviewer,none,3.9,3.7,0,0,0,1,1,-0.1,3.6
11,18,21,11_21,panelist,low,NA,3.7,1,0,1,0,1,0.1,3.8
11,18,22,11_22,panelist,med,NA,3.7,1,0,0,0,1,0.1,3.8
11,18,23,11_23,panelist,med,NA,3.7,1,0,0,0,0,0,3.7
11,18,24,11_24,panelist,none,NA,3.7,1,0,0,1,0,0,3.7
11,20,01,11_01,panelist,med,NA,4.1,1,0,0,0,1,-0.3,3.8
11,20,02,11_02,panelist,med,NA,4.1,1,0,0,0,0,0,4.1
11,20,03,11_03,panelist,high,NA,4.1,1,1,0,0,1,0.4,4.5
11,20,04,11_04,panelist,low,NA,4.1,1,0,1,0,1,-0.2,3.9
11,20,05,11_05,panelist,none,NA,4.1,1,0,0,1,0,0,4.1
11,20,06,11_06,panelist,none,NA,4.1,1,0,0,1,0,0,4.1
11,20,07,11_07,panelist,none,NA,4.1,1,0,0,1,1,-0.1,4
11,20,08,11_08,panelist,none,NA,4.1,1,0,0,1,0,0,4.1
11,20,09,11_09,panelist,high,NA,4.1,1,1,0,0,0,0,4.1
11,20,10,11_10,reviewer,none,4.1,4.1,0,0,0,1,1,-0.1,4
11,20,11,11_11,panelist,low,NA,4.1,1,0,1,0,0,0,4.1
11,20,12,11_12,panelist,none,NA,4.1,1,0,0,1,0,0,4.1
11,20,13,11_13,reviewer,low,4.3,4.1,0,0,1,0,0,0,4.1
11,20,14,11_14,panelist,low,NA,4.1,1,0,1,0,1,0.2,4.3
11,20,15,11_15,panelist,none,NA,4.1,1,0,0,1,0,0,4.1
11,20,16,11_16,panelist,none,NA,4.1,1,0,0,1,0,0,4.1
11,20,17,11_17,reviewer,none,3.9,4.1,0,0,0,1,0,0,4.1
11,20,18,11_18,panelist,med,NA,4.1,1,0,0,0,1,-0.2,3.9
11,20,19,11_19,panelist,low,NA,4.1,1,0,1,0,1,-0.1,4
11,20,20,11_20,panelist,none,NA,4.1,1,0,0,1,0,0,4.1
11,20,21,11_21,panelist,med,NA,4.1,1,0,0,0,0,0,4.1
11,20,22,11_22,panelist,low,NA,4.1,1,0,1,0,1,0.1,4.2
11,20,23,11_23,panelist,med,NA,4.1,1,0,0,0,1,-0.2,3.9
11,20,24,11_24,panelist,low,NA,4.1,1,0,1,0,1,0.1,4.2
11,21,01,11_01,panelist,none,NA,4,1,0,0,1,1,-0.1,3.9
11,21,02,11_02,panelist,none,NA,4,1,0,0,1,0,0,4
11,21,03,11_03,panelist,none,NA,4,1,0,0,1,1,0.4,4.4
11,21,04,11_04,panelist,none,NA,4,1,0,0,1,1,-0.2,3.8
11,21,05,11_05,panelist,none,NA,4,1,0,0,1,1,-0.1,3.9
11,21,06,11_06,reviewer,med,4,4,0,0,0,0,1,0.2,4.2
11,21,07,11_07,panelist,none,NA,4,1,0,0,1,1,0.1,4.1
11,21,08,11_08,panelist,med,NA,4,1,0,0,0,1,-0.1,3.9
11,21,09,11_09,panelist,low,NA,4,1,0,1,0,1,-0.4,3.6
11,21,10,11_10,panelist,low,NA,4,1,0,1,0,0,0,4
11,21,11,11_11,panelist,high,NA,4,1,1,0,0,0,0,4
11,21,12,11_12,panelist,none,NA,4,1,0,0,1,1,0.1,4.1
11,21,13,11_13,panelist,low,NA,4,1,0,1,0,0,0,4
11,21,14,11_14,panelist,low,NA,4,1,0,1,0,1,0.1,4.1
11,21,15,11_15,panelist,none,NA,4,1,0,0,1,0,0,4
11,21,16,11_16,panelist,low,NA,4,1,0,1,0,0,0,4
11,21,17,11_17,panelist,med,NA,4,1,0,0,0,0,0,4
11,21,18,11_18,panelist,low,NA,4,1,0,1,0,1,-0.2,3.8
11,21,19,11_19,reviewer,none,4,4,0,0,0,1,1,-0.3,3.7
11,21,20,11_20,panelist,med,NA,4,1,0,0,0,0,0,4
11,21,21,11_21,panelist,none,NA,4,1,0,0,1,1,0.2,4.2
11,21,22,11_22,reviewer,low,4,4,0,0,1,0,1,0.3,4.3
11,21,23,11_23,panelist,high,NA,4,1,1,0,0,0,0,4
11,21,24,11_24,panelist,med,NA,4,1,0,0,0,0,0,4
11,23,01,11_01,reviewer,low,3.9,3.8,0,0,1,0,1,-0.1,3.7
11,23,02,11_02,panelist,med,NA,3.8,1,0,0,0,1,0.3,4.1
11,23,03,11_03,panelist,none,NA,3.8,1,0,0,1,1,0.2,4
11,23,04,11_04,panelist,none,NA,3.8,1,0,0,1,0,0,3.8
11,23,05,11_05,panelist,none,NA,3.8,1,0,0,1,1,-0.2,3.6
11,23,06,11_06,panelist,low,NA,3.8,1,0,1,0,1,0.1,3.9
11,23,07,11_07,panelist,low,NA,3.8,1,0,1,0,0,0,3.8
11,23,08,11_08,reviewer,high,3.6,3.8,0,1,0,0,1,0.2,4
11,23,09,11_09,panelist,none,NA,3.8,1,0,0,1,1,0.1,3.9
11,23,10,11_10,panelist,med,NA,3.8,1,0,0,0,0,0,3.8
11,23,11,11_11,panelist,none,NA,3.8,1,0,0,1,1,0.1,3.9
11,23,12,11_12,panelist,low,NA,3.8,1,0,1,0,1,0.1,3.9
11,23,13,11_13,panelist,low,NA,3.8,1,0,1,0,0,0,3.8
11,23,14,11_14,panelist,none,NA,3.8,1,0,0,1,0,0,3.8
11,23,15,11_15,panelist,med,NA,3.8,1,0,0,0,1,-0.1,3.7
11,23,16,11_16,panelist,low,NA,3.8,1,0,1,0,0,0,3.8
11,23,17,11_17,panelist,none,NA,3.8,1,0,0,1,0,0,3.8
11,23,18,11_18,panelist,low,NA,3.8,1,0,1,0,0,0,3.8
11,23,19,11_19,panelist,med,NA,3.8,1,0,0,0,0,0,3.8
11,23,20,11_20,panelist,none,NA,3.8,1,0,0,1,1,0.1,3.9
11,23,21,11_21,panelist,none,NA,3.8,1,0,0,1,0,0,3.8
11,23,22,11_22,panelist,high,NA,3.8,1,1,0,0,1,0.3,4.1
11,23,23,11_23,reviewer,none,3.8,3.8,0,0,0,1,1,-0.3,3.5
11,23,24,11_24,panelist,med,NA,3.8,1,0,0,0,1,-0.1,3.7
11,25,01,11_01,reviewer,low,4.1,4.3,0,0,1,0,0,0,4.3
11,25,02,11_02,panelist,none,NA,4.3,1,0,0,1,1,-0.1,4.2
11,25,03,11_03,panelist,none,NA,4.3,1,0,0,1,1,0.2,4.5
11,25,04,11_04,panelist,none,NA,4.3,1,0,0,1,1,0.1,4.4
11,25,05,11_05,panelist,none,NA,4.3,1,0,0,1,1,-0.1,4.2
11,25,06,11_06,panelist,none,NA,4.3,1,0,0,1,0,0,4.3
11,25,07,11_07,panelist,med,NA,4.3,1,0,0,0,1,-0.2,4.1
11,25,08,11_08,panelist,none,NA,4.3,1,0,0,1,0,0,4.3
11,25,09,11_09,panelist,none,NA,4.3,1,0,0,1,0,0,4.3
11,25,10,11_10,panelist,med,NA,4.3,1,0,0,0,0,0,4.3
11,25,11,11_11,panelist,none,NA,4.3,1,0,0,1,1,0.3,4.6
11,25,12,11_12,reviewer,low,4.5,4.3,0,0,1,0,1,-0.2,4.1
11,25,13,11_13,reviewer,low,4.3,4.3,0,0,1,0,0,0,4.3
11,25,14,11_14,panelist,none,NA,4.3,1,0,0,1,1,0.1,4.4
11,25,15,11_15,panelist,low,NA,4.3,1,0,1,0,0,0,4.3
11,25,16,11_16,panelist,med,NA,4.3,1,0,0,0,0,0,4.3
11,25,17,11_17,panelist,none,NA,4.3,1,0,0,1,1,-0.2,4.1
11,25,18,11_18,panelist,med,NA,4.3,1,0,0,0,1,0.1,4.4
11,25,19,11_19,panelist,high,NA,4.3,1,1,0,0,1,-0.1,4.2
11,25,20,11_20,panelist,low,NA,4.3,1,0,1,0,0,0,4.3
11,25,21,11_21,panelist,med,NA,4.3,1,0,0,0,0,0,4.3
11,25,22,11_22,panelist,high,NA,4.3,1,1,0,0,0,0,4.3
11,25,23,11_23,panelist,low,NA,4.3,1,0,1,0,0,0,4.3
11,25,24,11_24,panelist,low,NA,4.3,1,0,1,0,1,0.2,4.5
11,26,01,11_01,panelist,none,NA,4.2,1,0,0,1,0,0,4.2
11,26,02,11_02,panelist,low,NA,4.2,1,0,1,0,0,0,4.2
11,26,03,11_03,panelist,none,NA,4.2,1,0,0,1,1,0.4,4.6
11,26,04,11_04,panelist,low,NA,4.2,1,0,1,0,1,0.1,4.3
11,26,05,11_05,panelist,none,NA,4.2,1,0,0,1,1,-0.2,4
11,26,06,11_06,panelist,med,NA,4.2,1,0,0,0,1,0.3,4.5
11,26,07,11_07,panelist,high,NA,4.2,1,1,0,0,1,0.1,4.3
11,26,08,11_08,panelist,none,NA,4.2,1,0,0,1,0,0,4.2
11,26,09,11_09,panelist,low,NA,4.2,1,0,1,0,0,0,4.2
11,26,10,11_10,reviewer,low,4.2,4.2,0,0,1,0,0,0,4.2
11,26,11,11_11,panelist,med,NA,4.2,1,0,0,0,0,0,4.2
11,26,12,11_12,panelist,none,NA,4.2,1,0,0,1,1,0.3,4.5
11,26,13,11_13,panelist,none,NA,4.2,1,0,0,1,1,0.1,4.3
11,26,14,11_14,panelist,low,NA,4.2,1,0,1,0,1,0.1,4.3
11,26,15,11_15,panelist,med,NA,4.2,1,0,0,0,1,-0.2,4
11,26,16,11_16,panelist,high,NA,4.2,1,1,0,0,0,0,4.2
11,26,17,11_17,panelist,med,NA,4.2,1,0,0,0,0,0,4.2
11,26,18,11_18,reviewer,none,4.3,4.2,0,0,0,1,1,-0.2,4
11,26,19,11_19,panelist,none,NA,4.2,1,0,0,1,1,-0.1,4.1
11,26,20,11_20,panelist,none,NA,4.2,1,0,0,1,0,0,4.2
11,26,21,11_21,panelist,low,NA,4.2,1,0,1,0,0,0,4.2
11,26,22,11_22,panelist,med,NA,4.2,1,0,0,0,1,0.1,4.3
11,26,23,11_23,panelist,low,NA,4.2,1,0,1,0,0,0,4.2
11,26,24,11_24,reviewer,none,4,4.2,0,0,0,1,1,0.1,4.3
11,28,01,11_01,panelist,low,NA,3.9,1,0,1,0,0,0,3.9
11,28,02,11_02,reviewer,low,3.7,3.9,0,0,1,0,1,-0.2,3.7
11,28,03,11_03,panelist,none,NA,3.9,1,0,0,1,0,0,3.9
11,28,04,11_04,panelist,low,NA,3.9,1,0,1,0,0,0,3.9
11,28,05,11_05,panelist,none,NA,3.9,1,0,0,1,0,0,3.9
11,28,06,11_06,panelist,med,NA,3.9,1,0,0,0,0,0,3.9
11,28,07,11_07,reviewer,none,4,3.9,0,0,0,1,0,0,3.9
11,28,08,11_08,panelist,none,NA,3.9,1,0,0,1,0,0,3.9
11,28,09,11_09,panelist,none,NA,3.9,1,0,0,1,0,0,3.9
11,28,10,11_10,panelist,low,NA,3.9,1,0,1,0,1,0.1,4
11,28,11,11_11,panelist,med,NA,3.9,1,0,0,0,0,0,3.9
11,28,12,11_12,panelist,low,NA,3.9,1,0,1,0,1,0.4,4.3
11,28,13,11_13,panelist,high,NA,3.9,1,1,0,0,1,-0.1,3.8
11,28,14,11_14,panelist,med,NA,3.9,1,0,0,0,0,0,3.9
11,28,15,11_15,panelist,low,NA,3.9,1,0,1,0,0,0,3.9
11,28,16,11_16,panelist,med,NA,3.9,1,0,0,0,0,0,3.9
11,28,17,11_17,panelist,none,NA,3.9,1,0,0,1,1,0.2,4.1
11,28,18,11_18,panelist,med,NA,3.9,1,0,0,0,0,0,3.9
11,28,19,11_19,panelist,none,NA,3.9,1,0,0,1,0,0,3.9
11,28,20,11_20,panelist,none,NA,3.9,1,0,0,1,0,0,3.9
11,28,21,11_21,panelist,high,NA,3.9,1,1,0,0,1,-0.2,3.7
11,28,22,11_22,panelist,none,NA,3.9,1,0,0,1,0,0,3.9
11,28,23,11_23,reviewer,none,3.9,3.9,0,0,0,1,0,0,3.9
11,28,24,11_24,panelist,low,NA,3.9,1,0,1,0,1,0.1,4
11,29,01,11_01,panelist,none,NA,4.4,1,0,0,1,0,0,4.4
11,29,02,11_02,reviewer,none,4.3,4.4,0,0,0,1,0,0,4.4
11,29,03,11_03,panelist,low,NA,4.4,1,0,1,0,0,0,4.4
11,29,04,11_04,panelist,none,NA,4.4,1,0,0,1,0,0,4.4
11,29,05,11_05,reviewer,med,4.3,4.4,0,0,0,0,0,0,4.4
11,29,06,11_06,panelist,med,NA,4.4,1,0,0,0,0,0,4.4
11,29,07,11_07,panelist,none,NA,4.4,1,0,0,1,0,0,4.4
11,29,08,11_08,panelist,none,NA,4.4,1,0,0,1,0,0,4.4
11,29,09,11_09,panelist,low,NA,4.4,1,0,1,0,0,0,4.4
11,29,10,11_10,panelist,low,NA,4.4,1,0,1,0,0,0,4.4
11,29,11,11_11,panelist,low,NA,4.4,1,0,1,0,0,0,4.4
11,29,12,11_12,panelist,low,NA,4.4,1,0,1,0,0,0,4.4
11,29,13,11_13,panelist,high,NA,4.4,1,1,0,0,0,0,4.4
11,29,14,11_14,panelist,low,NA,4.4,1,0,1,0,0,0,4.4
11,29,15,11_15,panelist,none,NA,4.4,1,0,0,1,1,0.1,4.5
11,29,16,11_16,panelist,low,NA,4.4,1,0,1,0,0,0,4.4
11,29,17,11_17,reviewer,high,4.5,4.4,0,1,0,0,0,0,4.4
11,29,18,11_18,panelist,none,NA,4.4,1,0,0,1,0,0,4.4
11,29,19,11_19,panelist,med,NA,4.4,1,0,0,0,1,-0.1,4.3
11,29,20,11_20,panelist,med,NA,4.4,1,0,0,0,1,0.2,4.6
11,29,21,11_21,panelist,none,NA,4.4,1,0,0,1,1,-0.1,4.3
11,29,22,11_22,panelist,none,NA,4.4,1,0,0,1,1,-0.1,4.3
11,29,23,11_23,panelist,none,NA,4.4,1,0,0,1,1,-0.3,4.1
11,29,24,11_24,panelist,med,NA,4.4,1,0,0,0,1,-0.1,4.3
12,3,01,12_01,panelist,med,NA,4.1,1,0,0,0,0,0,4.1
12,3,02,12_02,panelist,none,NA,4.1,1,0,0,1,1,0.1,4.2
12,3,03,12_03,panelist,none,NA,4.1,1,0,0,1,1,0.3,4.4
12,3,04,12_04,panelist,low,NA,4.1,1,0,1,0,0,0,4.1
12,3,05,12_05,panelist,none,NA,4.1,1,0,0,1,0,0,4.1
12,3,06,12_06,panelist,med,NA,4.1,1,0,0,0,0,0,4.1
12,3,07,12_07,panelist,med,NA,4.1,1,0,0,0,0,0,4.1
12,3,08,12_08,panelist,none,NA,4.1,1,0,0,1,1,0.1,4.2
12,3,09,12_09,panelist,high,NA,4.1,1,1,0,0,1,0.3,4.4
12,3,10,12_10,panelist,low,NA,4.1,1,0,1,0,0,0,4.1
12,3,11,12_11,reviewer,low,4,4.1,0,0,1,0,0,0,4.1
12,3,12,12_12,panelist,none,NA,4.1,1,0,0,1,0,0,4.1
12,3,13,12_13,panelist,none,NA,4.1,1,0,0,1,1,-0.1,4
12,3,14,12_14,panelist,high,NA,4.1,1,1,0,0,1,-0.4,3.7
12,3,15,12_15,panelist,none,NA,4.1,1,0,0,1,1,-0.1,4
12,3,16,12_16,reviewer,none,4.2,4.1,0,0,0,1,0,0,4.1
12,3,17,12_17,panelist,med,NA,4.1,1,0,0,0,1,0.1,4.2
12,3,18,12_18,reviewer,low,4.2,4.1,0,0,1,0,0,0,4.1
12,3,19,12_19,panelist,low,NA,4.1,1,0,1,0,0,0,4.1
12,3,20,12_20,panelist,none,NA,4.1,1,0,0,1,0,0,4.1
12,3,21,12_21,panelist,med,NA,4.1,1,0,0,0,1,-0.1,4
12,3,22,12_22,panelist,low,NA,4.1,1,0,1,0,0,0,4.1
12,3,23,12_23,panelist,low,NA,4.1,1,0,1,0,1,-0.2,3.9
12,3,24,12_24,panelist,none,NA,4.1,1,0,0,1,1,0.3,4.4
12,4,01,12_01,panelist,low,NA,4.4,1,0,1,0,1,0.1,4.5
12,4,02,12_02,panelist,none,NA,4.4,1,0,0,1,1,-0.3,4.1
12,4,03,12_03,panelist,none,NA,4.4,1,0,0,1,0,0,4.4
12,4,04,12_04,panelist,med,NA,4.4,1,0,0,0,0,0,4.4
12,4,05,12_05,panelist,none,NA,4.4,1,0,0,1,1,0.2,4.6
12,4,06,12_06,panelist,none,NA,4.4,1,0,0,1,1,-0.1,4.3
12,4,07,12_07,panelist,med,NA,4.4,1,0,0,0,0,0,4.4
12,4,08,12_08,panelist,high,NA,4.4,1,1,0,0,0,0,4.4
12,4,09,12_09,panelist,low,NA,4.4,1,0,1,0,1,-0.1,4.3
12,4,10,12_10,panelist,med,NA,4.4,1,0,0,0,0,0,4.4
12,4,11,12_11,panelist,low,NA,4.4,1,0,1,0,0,0,4.4
12,4,12,12_12,panelist,low,NA,4.4,1,0,1,0,0,0,4.4
12,4,13,12_13,reviewer,med,4.4,4.4,0,0,0,0,0,0,4.4
12,4,14,12_14,panelist,none,NA,4.4,1,0,0,1,1,-0.3,4.1
12,4,15,12_15,panelist,none,NA,4.4,1,0,0,1,1,-0.2,4.2
12,4,16,12_16,panelist,low,NA,4.4,1,0,1,0,0,0,4.4
12,4,17,12_17,panelist,none,NA,4.4,1,0,0,1,0,0,4.4
12,4,18,12_18,panelist,none,NA,4.4,1,0,0,1,1,-0.1,4.3
12,4,19,12_19,reviewer,low,4.3,4.4,0,0,1,0,0,0,4.4
12,4,20,12_20,panelist,none,NA,4.4,1,0,0,1,0,0,4.4
12,4,21,12_21,reviewer,high,4.5,4.4,0,1,0,0,0,0,4.4
12,4,22,12_22,panelist,none,NA,4.4,1,0,0,1,0,0,4.4
12,4,23,12_23,panelist,med,NA,4.4,1,0,0,0,0,0,4.4
12,4,24,12_24,panelist,low,NA,4.4,1,0,1,0,0,0,4.4
12,6,01,12_01,panelist,med,NA,4.4,1,0,0,0,0,0,4.4
12,6,02,12_02,panelist,high,NA,4.4,1,1,0,0,0,0,4.4
12,6,03,12_03,panelist,none,NA,4.4,1,0,0,1,1,-0.1,4.3
12,6,04,12_04,panelist,low,NA,4.4,1,0,1,0,0,0,4.4
12,6,05,12_05,panelist,low,NA,4.4,1,0,1,0,1,0.1,4.5
12,6,06,12_06,reviewer,med,4.3,4.4,0,0,0,0,0,0,4.4
12,6,07,12_07,panelist,none,NA,4.4,1,0,0,1,0,0,4.4
12,6,08,12_08,panelist,low,NA,4.4,1,0,1,0,1,0.1,4.5
12,6,09,12_09,panelist,med,NA,4.4,1,0,0,0,1,-0.4,4
12,6,10,12_10,panelist,med,NA,4.4,1,0,0,0,1,-0.2,4.2
12,6,11,12_11,panelist,none,NA,4.4,1,0,0,1,1,-0.1,4.3
12,6,12,12_12,panelist,none,NA,4.4,1,0,0,1,0,0,4.4
12,6,13,12_13,panelist,none,NA,4.4,1,0,0,1,1,-0.1,4.3
12,6,14,12_14,panelist,none,NA,4.4,1,0,0,1,1,-0.2,4.2
12,6,15,12_15,panelist,none,NA,4.4,1,0,0,1,1,0.4,4.8
12,6,16,12_16,panelist,low,NA,4.4,1,0,1,0,0,0,4.4
12,6,17,12_17,reviewer,none,4.6,4.4,0,0,0,1,0,0,4.4
12,6,18,12_18,panelist,high,NA,4.4,1,1,0,0,0,0,4.4
12,6,19,12_19,panelist,med,NA,4.4,1,0,0,0,1,0.2,4.6
12,6,20,12_20,panelist,low,NA,4.4,1,0,1,0,0,0,4.4
12,6,21,12_21,panelist,none,NA,4.4,1,0,0,1,0,0,4.4
12,6,22,12_22,reviewer,low,4.4,4.4,0,0,1,0,0,0,4.4
12,6,23,12_23,panelist,low,NA,4.4,1,0,1,0,0,0,4.4
12,6,24,12_24,panelist,none,NA,4.4,1,0,0,1,1,0.1,4.5
12,7,01,12_01,panelist,med,NA,4.1,1,0,0,0,0,0,4.1
12,7,02,12_02,reviewer,low,4.1,4.1,0,0,1,0,0,0,4.1
12,7,03,12_03,reviewer,med,4,4.1,0,0,0,0,0,0,4.1
12,7,04,12_04,panelist,low,NA,4.1,1,0,1,0,0,0,4.1
12,7,05,12_05,panelist,high,NA,4.1,1,1,0,0,0,0,4.1
12,7,06,12_06,panelist,none,NA,4.1,1,0,0,1,1,0.1,4.2
12,7,07,12_07,reviewer,low,4.2,4.1,0,0,1,0,1,-0.2,3.9
12,7,08,12_08,panelist,none,NA,4.1,1,0,0,1,1,-0.3,3.8
12,7,09,12_09,panelist,med,NA,4.1,1,0,0,0,1,-0.2,3.9
12,7,10,12_10,panelist,none,NA,4.1,1,0,0,1,0,0,4.1
12,7,11,12_11,panelist,low,NA,4.1,1,0,1,0,0,0,4.1
12,7,12,12_12,panelist,none,NA,4.1,1,0,0,1,1,-0.1,4
12,7,13,12_13,panelist,none,NA,4.1,1,0,0,1,0,0,4.1
12,7,14,12_14,panelist,low,NA,4.1,1,0,1,0,1,-0.2,3.9
12,7,15,12_15,panelist,none,NA,4.1,1,0,0,1,1,-0.1,4
12,7,16,12_16,panelist,low,NA,4.1,1,0,1,0,1,-0.1,4
12,7,17,12_17,panelist,low,NA,4.1,1,0,1,0,0,0,4.1
12,7,18,12_18,panelist,med,NA,4.1,1,0,0,0,0,0,4.1
12,7,19,12_19,panelist,none,NA,4.1,1,0,0,1,0,0,4.1
12,7,20,12_20,panelist,none,NA,4.1,1,0,0,1,1,-0.2,3.9
12,7,21,12_21,panelist,med,NA,4.1,1,0,0,0,1,0.1,4.2
12,7,22,12_22,panelist,none,NA,4.1,1,0,0,1,1,0.1,4.2
12,7,23,12_23,panelist,high,NA,4.1,1,1,0,0,1,-0.2,3.9
12,7,24,12_24,panelist,none,NA,4.1,1,0,0,1,0,0,4.1
12,9,01,12_01,panelist,low,NA,3.5,1,0,1,0,0,0,3.5
12,9,02,12_02,panelist,none,NA,3.5,1,0,0,1,0,0,3.5
12,9,03,12_03,reviewer,none,3.5,3.5,0,0,0,1,1,0.1,3.6
12,9,04,12_04,panelist,none,NA,3.5,1,0,0,1,0,0,3.5
12,9,05,12_05,panelist,low,NA,3.5,1,0,1,0,1,-0.1,3.4
12,9,06,12_06,panelist,med,NA,3.5,1,0,0,0,1,-0.2,3.3
12,9,07,12_07,panelist,none,NA,3.5,1,0,0,1,0,0,3.5
12,9,08,12_08,panelist,low,NA,3.5,1,0,1,0,0,0,3.5
12,9,09,12_09,panelist,med,NA,3.5,1,0,0,0,1,-0.1,3.4
12,9,10,12_10,panelist,med,NA,3.5,1,0,0,0,0,0,3.5
12,9,11,12_11,panelist,med,NA,3.5,1,0,0,0,1,-0.1,3.4
12,9,12,12_12,panelist,none,NA,3.5,1,0,0,1,1,-0.1,3.4
12,9,13,12_13,panelist,low,NA,3.5,1,0,1,0,1,-0.1,3.4
12,9,14,12_14,reviewer,low,3.5,3.5,0,0,1,0,1,-0.2,3.3
12,9,15,12_15,panelist,low,NA,3.5,1,0,1,0,0,0,3.5
12,9,16,12_16,panelist,low,NA,3.5,1,0,1,0,1,-0.2,3.3
12,9,17,12_17,panelist,med,NA,3.5,1,0,0,0,0,0,3.5
12,9,18,12_18,panelist,none,NA,3.5,1,0,0,1,0,0,3.5
12,9,19,12_19,reviewer,high,3.6,3.5,0,1,0,0,1,-0.1,3.4
12,9,20,12_20,panelist,none,NA,3.5,1,0,0,1,1,0.1,3.6
12,9,21,12_21,panelist,none,NA,3.5,1,0,0,1,1,0.2,3.7
12,9,22,12_22,panelist,high,NA,3.5,1,1,0,0,0,0,3.5
12,9,23,12_23,panelist,none,NA,3.5,1,0,0,1,1,-0.3,3.2
12,9,24,12_24,panelist,none,NA,3.5,1,0,0,1,0,0,3.5
12,13,01,12_01,panelist,low,NA,3.5,1,0,1,0,0,0,3.5
12,13,02,12_02,panelist,med,NA,3.5,1,0,0,0,1,0.1,3.6
12,13,03,12_03,panelist,med,NA,3.5,1,0,0,0,0,0,3.5
12,13,04,12_04,panelist,none,NA,3.5,1,0,0,1,0,0,3.5
12,13,05,12_05,panelist,none,NA,3.5,1,0,0,1,0,0,3.5
12,13,06,12_06,panelist,low,NA,3.5,1,0,1,0,0,0,3.5
12,13,07,12_07,panelist,high,NA,3.5,1,1,0,0,0,0,3.5
12,13,08,12_08,panelist,low,NA,3.5,1,0,1,0,1,0.1,3.6
12,13,09,12_09,panelist,med,NA,3.5,1,0,0,0,1,0.2,3.7
12,13,10,12_10,panelist,none,NA,3.5,1,0,0,1,0,0,3.5
12,13,11,12_11,reviewer,none,3.1,3.5,0,0,0,1,0,0,3.5
12,13,12,12_12,reviewer,none,3.7,3.5,0,0,0,1,1,-0.2,3.3
12,13,13,12_13,panelist,low,NA,3.5,1,0,1,0,1,-0.1,3.4
12,13,14,12_14,panelist,none,NA,3.5,1,0,0,1,1,-0.4,3.1
12,13,15,12_15,panelist,med,NA,3.5,1,0,0,0,0,0,3.5
12,13,16,12_16,panelist,low,NA,3.5,1,0,1,0,0,0,3.5
12,13,17,12_17,panelist,med,NA,3.5,1,0,0,0,0,0,3.5
12,13,18,12_18,panelist,none,NA,3.5,1,0,0,1,0,0,3.5
12,13,19,12_19,panelist,high,NA,3.5,1,1,0,0,1,-0.2,3.3
12,13,20,12_20,reviewer,none,3.7,3.5,0,0,0,1,1,-0.2,3.3
12,13,21,12_21,panelist,none,NA,3.5,1,0,0,1,1,0.4,3.9
12,13,22,12_22,panelist,none,NA,3.5,1,0,0,1,1,-0.1,3.4
12,13,23,12_23,panelist,low,NA,3.5,1,0,1,0,0,0,3.5
12,13,24,12_24,panelist,low,NA,3.5,1,0,1,0,1,0.1,3.6
12,19,01,12_01,panelist,low,NA,3.6,1,0,1,0,0,0,3.6
12,19,02,12_02,panelist,none,NA,3.6,1,0,0,1,1,0.1,3.7
12,19,03,12_03,panelist,med,NA,3.6,1,0,0,0,1,0.1,3.7
12,19,04,12_04,panelist,med,NA,3.6,1,0,0,0,1,0.3,3.9
12,19,05,12_05,panelist,high,NA,3.6,1,1,0,0,0,0,3.6
12,19,06,12_06,panelist,none,NA,3.6,1,0,0,1,0,0,3.6
12,19,07,12_07,panelist,none,NA,3.6,1,0,0,1,0,0,3.6
12,19,08,12_08,reviewer,none,3.7,3.6,0,0,0,1,0,0,3.6
12,19,09,12_09,panelist,med,NA,3.6,1,0,0,0,1,-0.2,3.4
12,19,10,12_10,panelist,none,NA,3.6,1,0,0,1,0,0,3.6
12,19,11,12_11,panelist,med,NA,3.6,1,0,0,0,1,-0.1,3.5
12,19,12,12_12,panelist,med,NA,3.6,1,0,0,0,0,0,3.6
12,19,13,12_13,panelist,none,NA,3.6,1,0,0,1,0,0,3.6
12,19,14,12_14,panelist,low,NA,3.6,1,0,1,0,1,-0.4,3.2
12,19,15,12_15,panelist,high,NA,3.6,1,1,0,0,0,0,3.6
12,19,16,12_16,panelist,low,NA,3.6,1,0,1,0,0,0,3.6
12,19,17,12_17,panelist,none,NA,3.6,1,0,0,1,0,0,3.6
12,19,18,12_18,panelist,none,NA,3.6,1,0,0,1,1,-0.3,3.3
12,19,19,12_19,panelist,low,NA,3.6,1,0,1,0,1,0.1,3.7
12,19,20,12_20,reviewer,none,3.5,3.6,0,0,0,1,1,0.1,3.7
12,19,21,12_21,panelist,low,NA,3.6,1,0,1,0,1,-0.2,3.4
12,19,22,12_22,reviewer,low,3.6,3.6,0,0,1,0,0,0,3.6
12,19,23,12_23,panelist,none,NA,3.6,1,0,0,1,0,0,3.6
12,19,24,12_24,panelist,low,NA,3.6,1,0,1,0,0,0,3.6
12,21,01,12_01,panelist,low,NA,3.8,1,0,1,0,0,0,3.8
12,21,02,12_02,panelist,low,NA,3.8,1,0,1,0,0,0,3.8
12,21,03,12_03,reviewer,low,3.6,3.8,0,0,1,0,1,-0.2,3.6
12,21,04,12_04,panelist,none,NA,3.8,1,0,0,1,0,0,3.8
12,21,05,12_05,panelist,med,NA,3.8,1,0,0,0,1,-0.2,3.6
12,21,06,12_06,panelist,high,NA,3.8,1,1,0,0,0,0,3.8
12,21,07,12_07,panelist,none,NA,3.8,1,0,0,1,1,-0.1,3.7
12,21,08,12_08,panelist,low,NA,3.8,1,0,1,0,0,0,3.8
12,21,09,12_09,panelist,none,NA,3.8,1,0,0,1,1,-0.1,3.7
12,21,10,12_10,panelist,none,NA,3.8,1,0,0,1,1,-0.1,3.7
12,21,11,12_11,reviewer,none,3.9,3.8,0,0,0,1,0,0,3.8
12,21,12,12_12,panelist,med,NA,3.8,1,0,0,0,0,0,3.8
12,21,13,12_13,panelist,high,NA,3.8,1,1,0,0,0,0,3.8
12,21,14,12_14,panelist,none,NA,3.8,1,0,0,1,0,0,3.8
12,21,15,12_15,panelist,low,NA,3.8,1,0,1,0,0,0,3.8
12,21,16,12_16,panelist,none,NA,3.8,1,0,0,1,0,0,3.8
12,21,17,12_17,panelist,med,NA,3.8,1,0,0,0,1,-0.1,3.7
12,21,18,12_18,reviewer,med,3.8,3.8,0,0,0,0,0,0,3.8
12,21,19,12_19,panelist,med,NA,3.8,1,0,0,0,0,0,3.8
12,21,20,12_20,panelist,none,NA,3.8,1,0,0,1,0,0,3.8
12,21,21,12_21,panelist,low,NA,3.8,1,0,1,0,0,0,3.8
12,21,22,12_22,panelist,none,NA,3.8,1,0,0,1,1,-0.1,3.7
12,21,23,12_23,panelist,none,NA,3.8,1,0,0,1,0,0,3.8
12,21,24,12_24,panelist,low,NA,3.8,1,0,1,0,0,0,3.8
12,22,01,12_01,panelist,low,NA,4.3,1,0,1,0,0,0,4.3
12,22,02,12_02,panelist,med,NA,4.3,1,0,0,0,0,0,4.3
12,22,03,12_03,panelist,none,NA,4.3,1,0,0,1,0,0,4.3
12,22,04,12_04,panelist,none,NA,4.3,1,0,0,1,1,0.2,4.5
12,22,05,12_05,panelist,low,NA,4.3,1,0,1,0,0,0,4.3
12,22,06,12_06,panelist,med,NA,4.3,1,0,0,0,0,0,4.3
12,22,07,12_07,panelist,none,NA,4.3,1,0,0,1,1,0.2,4.5
12,22,08,12_08,panelist,high,NA,4.3,1,1,0,0,0,0,4.3
12,22,09,12_09,panelist,med,NA,4.3,1,0,0,0,1,-0.2,4.1
12,22,10,12_10,panelist,low,NA,4.3,1,0,1,0,0,0,4.3
12,22,11,12_11,panelist,low,NA,4.3,1,0,1,0,1,-0.1,4.2
12,22,12,12_12,panelist,none,NA,4.3,1,0,0,1,1,-0.1,4.2
12,22,13,12_13,panelist,med,NA,4.3,1,0,0,0,1,0.1,4.4
12,22,14,12_14,panelist,low,NA,4.3,1,0,1,0,1,-0.1,4.2
12,22,15,12_15,reviewer,none,4.5,4.3,0,0,0,1,0,0,4.3
12,22,16,12_16,reviewer,none,4,4.3,0,0,0,1,0,0,4.3
12,22,17,12_17,panelist,none,NA,4.3,1,0,0,1,1,0.2,4.5
12,22,18,12_18,panelist,low,NA,4.3,1,0,1,0,0,0,4.3
12,22,19,12_19,panelist,med,NA,4.3,1,0,0,0,0,0,4.3
12,22,20,12_20,panelist,none,NA,4.3,1,0,0,1,1,0.1,4.4
12,22,21,12_21,panelist,low,NA,4.3,1,0,1,0,0,0,4.3
12,22,22,12_22,panelist,none,NA,4.3,1,0,0,1,0,0,4.3
12,22,23,12_23,panelist,none,NA,4.3,1,0,0,1,0,0,4.3
12,22,24,12_24,reviewer,high,4.5,4.3,0,1,0,0,1,0.1,4.4
12,24,01,12_01,panelist,med,NA,3.9,1,0,0,0,0,0,3.9
12,24,02,12_02,panelist,low,NA,3.9,1,0,1,0,0,0,3.9
12,24,03,12_03,panelist,none,NA,3.9,1,0,0,1,0,0,3.9
12,24,04,12_04,panelist,high,NA,3.9,1,1,0,0,0,0,3.9
12,24,05,12_05,panelist,low,NA,3.9,1,0,1,0,1,0.2,4.1
12,24,06,12_06,panelist,med,NA,3.9,1,0,0,0,0,0,3.9
12,24,07,12_07,panelist,none,NA,3.9,1,0,0,1,0,0,3.9
12,24,08,12_08,reviewer,none,3.8,3.9,0,0,0,1,1,0.1,4
12,24,09,12_09,panelist,none,NA,3.9,1,0,0,1,0,0,3.9
12,24,10,12_10,panelist,low,NA,3.9,1,0,1,0,1,-0.2,3.7
12,24,11,12_11,panelist,low,NA,3.9,1,0,1,0,0,0,3.9
12,24,12,12_12,panelist,low,NA,3.9,1,0,1,0,1,-0.1,3.8
12,24,13,12_13,panelist,none,NA,3.9,1,0,0,1,1,-0.2,3.7
12,24,14,12_14,panelist,med,NA,3.9,1,0,0,0,0,0,3.9
12,24,15,12_15,panelist,low,NA,3.9,1,0,1,0,0,0,3.9
12,24,16,12_16,panelist,none,NA,3.9,1,0,0,1,0,0,3.9
12,24,17,12_17,reviewer,none,4,3.9,0,0,0,1,1,-0.3,3.6
12,24,18,12_18,panelist,high,NA,3.9,1,1,0,0,0,0,3.9
12,24,19,12_19,panelist,none,NA,3.9,1,0,0,1,1,-0.1,3.8
12,24,20,12_20,panelist,med,NA,3.9,1,0,0,0,1,0.1,4
12,24,21,12_21,panelist,none,NA,3.9,1,0,0,1,1,-0.1,3.8
12,24,22,12_22,panelist,none,NA,3.9,1,0,0,1,0,0,3.9
12,24,23,12_23,reviewer,low,3.9,3.9,0,0,1,0,0,0,3.9
12,24,24,12_24,panelist,med,NA,3.9,1,0,0,0,0,0,3.9
12,25,01,12_01,panelist,low,NA,4.2,1,0,1,0,0,0,4.2
12,25,02,12_02,panelist,med,NA,4.2,1,0,0,0,0,0,4.2
12,25,03,12_03,panelist,none,NA,4.2,1,0,0,1,1,-0.3,3.9
12,25,04,12_04,panelist,none,NA,4.2,1,0,0,1,0,0,4.2
12,25,05,12_05,reviewer,none,4.3,4.2,0,0,0,1,1,-0.1,4.1
12,25,06,12_06,panelist,none,NA,4.2,1,0,0,1,1,0.2,4.4
12,25,07,12_07,reviewer,low,4.2,4.2,0,0,1,0,1,-0.2,4
12,25,08,12_08,panelist,none,NA,4.2,1,0,0,1,0,0,4.2
12,25,09,12_09,panelist,none,NA,4.2,1,0,0,1,1,-0.2,4
12,25,10,12_10,panelist,low,NA,4.2,1,0,1,0,0,0,4.2
12,25,11,12_11,panelist,none,NA,4.2,1,0,0,1,1,-0.1,4.1
12,25,12,12_12,panelist,med,NA,4.2,1,0,0,0,0,0,4.2
12,25,13,12_13,panelist,none,NA,4.2,1,0,0,1,0,0,4.2
12,25,14,12_14,panelist,low,NA,4.2,1,0,1,0,0,0,4.2
12,25,15,12_15,panelist,none,NA,4.2,1,0,0,1,0,0,4.2
12,25,16,12_16,panelist,low,NA,4.2,1,0,1,0,1,0.1,4.3
12,25,17,12_17,panelist,none,NA,4.2,1,0,0,1,1,0.1,4.3
12,25,18,12_18,panelist,high,NA,4.2,1,1,0,0,0,0,4.2
12,25,19,12_19,reviewer,med,4.1,4.2,0,0,0,0,1,0.2,4.4
12,25,20,12_20,panelist,low,NA,4.2,1,0,1,0,0,0,4.2
12,25,21,12_21,panelist,med,NA,4.2,1,0,0,0,0,0,4.2
12,25,22,12_22,panelist,high,NA,4.2,1,1,0,0,1,0.1,4.3
12,25,23,12_23,panelist,med,NA,4.2,1,0,0,0,1,-0.1,4.1
12,25,24,12_24,panelist,low,NA,4.2,1,0,1,0,1,-0.2,4
12,26,01,12_01,panelist,none,NA,3.8,1,0,0,1,0,0,3.8
12,26,02,12_02,panelist,med,NA,3.8,1,0,0,0,0,0,3.8
12,26,03,12_03,reviewer,low,4,3.8,0,0,1,0,0,0,3.8
12,26,04,12_04,panelist,none,NA,3.8,1,0,0,1,1,0.2,4
12,26,05,12_05,panelist,low,NA,3.8,1,0,1,0,0,0,3.8
12,26,06,12_06,panelist,none,NA,3.8,1,0,0,1,0,0,3.8
12,26,07,12_07,panelist,low,NA,3.8,1,0,1,0,0,0,3.8
12,26,08,12_08,panelist,none,NA,3.8,1,0,0,1,0,0,3.8
12,26,09,12_09,panelist,med,NA,3.8,1,0,0,0,1,0.2,4
12,26,10,12_10,panelist,none,NA,3.8,1,0,0,1,0,0,3.8
12,26,11,12_11,panelist,low,NA,3.8,1,0,1,0,0,0,3.8
12,26,12,12_12,panelist,low,NA,3.8,1,0,1,0,0,0,3.8
12,26,13,12_13,reviewer,low,3.4,3.8,0,0,1,0,0,0,3.8
12,26,14,12_14,panelist,low,NA,3.8,1,0,1,0,1,-0.2,3.6
12,26,15,12_15,panelist,none,NA,3.8,1,0,0,1,1,0.3,4.1
12,26,16,12_16,reviewer,high,4.1,3.8,0,1,0,0,1,0.2,4
12,26,17,12_17,panelist,high,NA,3.8,1,1,0,0,0,0,3.8
12,26,18,12_18,panelist,none,NA,3.8,1,0,0,1,0,0,3.8
12,26,19,12_19,panelist,med,NA,3.8,1,0,0,0,1,-0.2,3.6
12,26,20,12_20,panelist,none,NA,3.8,1,0,0,1,0,0,3.8
12,26,21,12_21,panelist,med,NA,3.8,1,0,0,0,1,0.2,4
12,26,22,12_22,panelist,med,NA,3.8,1,0,0,0,0,0,3.8
12,26,23,12_23,panelist,none,NA,3.8,1,0,0,1,0,0,3.8
12,26,24,12_24,panelist,none,NA,3.8,1,0,0,1,0,0,3.8
12,27,01,12_01,reviewer,none,3.5,3.8,0,0,0,1,1,-0.2,3.6
12,27,02,12_02,panelist,none,NA,3.8,1,0,0,1,0,0,3.8
12,27,03,12_03,panelist,low,NA,3.8,1,0,1,0,0,0,3.8
12,27,04,12_04,panelist,low,NA,3.8,1,0,1,0,1,0.1,3.9
12,27,05,12_05,panelist,low,NA,3.8,1,0,1,0,1,0.1,3.9
12,27,06,12_06,panelist,none,NA,3.8,1,0,0,1,1,0.2,4
12,27,07,12_07,panelist,none,NA,3.8,1,0,0,1,1,0.1,3.9
12,27,08,12_08,panelist,none,NA,3.8,1,0,0,1,0,0,3.8
12,27,09,12_09,panelist,med,NA,3.8,1,0,0,0,1,0.2,4
12,27,10,12_10,panelist,low,NA,3.8,1,0,1,0,0,0,3.8
12,27,11,12_11,panelist,none,NA,3.8,1,0,0,1,0,0,3.8
12,27,12,12_12,panelist,low,NA,3.8,1,0,1,0,0,0,3.8
12,27,13,12_13,panelist,med,NA,3.8,1,0,0,0,1,-0.4,3.4
12,27,14,12_14,panelist,med,NA,3.8,1,0,0,0,0,0,3.8
12,27,15,12_15,panelist,none,NA,3.8,1,0,0,1,0,0,3.8
12,27,16,12_16,panelist,med,NA,3.8,1,0,0,0,1,-0.1,3.7
12,27,17,12_17,panelist,high,NA,3.8,1,1,0,0,0,0,3.8
12,27,18,12_18,panelist,none,NA,3.8,1,0,0,1,0,0,3.8
12,27,19,12_19,panelist,low,NA,3.8,1,0,1,0,1,-0.1,3.7
12,27,20,12_20,panelist,med,NA,3.8,1,0,0,0,0,0,3.8
12,27,21,12_21,panelist,none,NA,3.8,1,0,0,1,0,0,3.8
12,27,22,12_22,reviewer,low,4.1,3.8,0,0,1,0,1,0.1,3.9
12,27,23,12_23,panelist,high,NA,3.8,1,1,0,0,1,-0.1,3.7
12,27,24,12_24,reviewer,none,3.8,3.8,0,0,0,1,0,0,3.8
12,29,01,12_01,panelist,med,NA,3.7,1,0,0,0,1,-0.1,3.6
12,29,02,12_02,panelist,med,NA,3.7,1,0,0,0,0,0,3.7
12,29,03,12_03,panelist,low,NA,3.7,1,0,1,0,0,0,3.7
12,29,04,12_04,panelist,high,NA,3.7,1,1,0,0,0,0,3.7
12,29,05,12_05,panelist,none,NA,3.7,1,0,0,1,1,0.2,3.9
12,29,06,12_06,panelist,low,NA,3.7,1,0,1,0,0,0,3.7
12,29,07,12_07,panelist,none,NA,3.7,1,0,0,1,0,0,3.7
12,29,08,12_08,panelist,none,NA,3.7,1,0,0,1,1,-0.1,3.6
12,29,09,12_09,panelist,med,NA,3.7,1,0,0,0,0,0,3.7
12,29,10,12_10,panelist,low,NA,3.7,1,0,1,0,0,0,3.7
12,29,11,12_11,reviewer,low,3.6,3.7,0,0,1,0,0,0,3.7
12,29,12,12_12,panelist,low,NA,3.7,1,0,1,0,1,-0.2,3.5
12,29,13,12_13,panelist,none,NA,3.7,1,0,0,1,0,0,3.7
12,29,14,12_14,panelist,none,NA,3.7,1,0,0,1,1,-0.3,3.4
12,29,15,12_15,panelist,none,NA,3.7,1,0,0,1,0,0,3.7
12,29,16,12_16,reviewer,high,3.7,3.7,0,1,0,0,0,0,3.7
12,29,17,12_17,panelist,none,NA,3.7,1,0,0,1,1,0.4,4.1
12,29,18,12_18,reviewer,low,3.8,3.7,0,0,1,0,1,-0.1,3.6
12,29,19,12_19,panelist,med,NA,3.7,1,0,0,0,1,-0.1,3.6
12,29,20,12_20,panelist,low,NA,3.7,1,0,1,0,0,0,3.7
12,29,21,12_21,panelist,none,NA,3.7,1,0,0,1,1,-0.1,3.6
12,29,22,12_22,panelist,none,NA,3.7,1,0,0,1,0,0,3.7
12,29,23,12_23,panelist,med,NA,3.7,1,0,0,0,0,0,3.7
12,29,24,12_24,panelist,none,NA,3.7,1,0,0,1,1,0.1,3.8
12,30,01,12_01,panelist,med,NA,4.3,1,0,0,0,0,0,4.3
12,30,02,12_02,panelist,none,NA,4.3,1,0,0,1,0,0,4.3
12,30,03,12_03,panelist,low,NA,4.3,1,0,1,0,0,0,4.3
12,30,04,12_04,panelist,med,NA,4.3,1,0,0,0,0,0,4.3
12,30,05,12_05,panelist,none,NA,4.3,1,0,0,1,0,0,4.3
12,30,06,12_06,panelist,low,NA,4.3,1,0,1,0,0,0,4.3
12,30,07,12_07,panelist,high,NA,4.3,1,1,0,0,1,0.1,4.4
12,30,08,12_08,reviewer,med,4.2,4.3,0,0,0,0,0,0,4.3
12,30,09,12_09,panelist,low,NA,4.3,1,0,1,0,0,0,4.3
12,30,10,12_10,panelist,none,NA,4.3,1,0,0,1,1,-0.1,4.2
12,30,11,12_11,panelist,none,NA,4.3,1,0,0,1,0,0,4.3
12,30,12,12_12,panelist,low,NA,4.3,1,0,1,0,0,0,4.3
12,30,13,12_13,reviewer,none,4.3,4.3,0,0,0,1,1,-0.3,4
12,30,14,12_14,panelist,none,NA,4.3,1,0,0,1,1,-0.3,4
12,30,15,12_15,panelist,med,NA,4.3,1,0,0,0,0,0,4.3
12,30,16,12_16,panelist,none,NA,4.3,1,0,0,1,1,0.1,4.4
12,30,17,12_17,panelist,low,NA,4.3,1,0,1,0,1,-0.1,4.2
12,30,18,12_18,panelist,low,NA,4.3,1,0,1,0,0,0,4.3
12,30,19,12_19,panelist,high,NA,4.3,1,1,0,0,0,0,4.3
12,30,20,12_20,panelist,med,NA,4.3,1,0,0,0,0,0,4.3
12,30,21,12_21,panelist,low,NA,4.3,1,0,1,0,0,0,4.3
12,30,22,12_22,reviewer,none,4.3,4.3,0,0,0,1,0,0,4.3
12,30,23,12_23,panelist,none,NA,4.3,1,0,0,1,1,-0.2,4.1
12,30,24,12_24,panelist,none,NA,4.3,1,0,0,1,1,0.1,4.4
13,1,01,13_01,panelist,none,NA,3.7,1,0,0,1,0,0,3.7
13,1,02,13_02,panelist,high,NA,3.7,1,1,0,0,0,0,3.7
13,1,03,13_03,panelist,none,NA,3.7,1,0,0,1,0,0,3.7
13,1,04,13_04,panelist,med,NA,3.7,1,0,0,0,1,-0.2,3.5
13,1,05,13_05,panelist,none,NA,3.7,1,0,0,1,0,0,3.7
13,1,06,13_06,panelist,none,NA,3.7,1,0,0,1,1,-0.1,3.6
13,1,07,13_07,panelist,low,NA,3.7,1,0,1,0,0,0,3.7
13,1,08,13_08,reviewer,none,3.9,3.7,0,0,0,1,1,-0.1,3.6
13,1,09,13_09,panelist,high,NA,3.7,1,1,0,0,0,0,3.7
13,1,10,13_10,panelist,none,NA,3.7,1,0,0,1,1,-0.4,3.3
13,1,11,13_11,panelist,none,NA,3.7,1,0,0,1,1,0.4,4.1
13,1,12,13_12,panelist,low,NA,3.7,1,0,1,0,0,0,3.7
13,1,13,13_13,panelist,med,NA,3.7,1,0,0,0,0,0,3.7
13,1,14,13_14,panelist,low,NA,3.7,1,0,1,0,0,0,3.7
13,1,15,13_15,panelist,low,NA,3.7,1,0,1,0,0,0,3.7
13,1,16,13_16,reviewer,none,3.2,3.7,0,0,0,1,0,0,3.7
13,1,17,13_17,panelist,none,NA,3.7,1,0,0,1,0,0,3.7
13,1,18,13_18,panelist,low,NA,3.7,1,0,1,0,0,0,3.7
13,1,19,13_19,reviewer,low,4,3.7,0,0,1,0,0,0,3.7
13,1,20,13_20,panelist,none,NA,3.7,1,0,0,1,0,0,3.7
13,1,21,13_21,panelist,med,NA,3.7,1,0,0,0,0,0,3.7
13,1,22,13_22,panelist,low,NA,3.7,1,0,1,0,0,0,3.7
13,1,23,13_23,panelist,med,NA,3.7,1,0,0,0,1,-0.4,3.3
13,1,24,13_24,panelist,med,NA,3.7,1,0,0,0,1,0.4,4.1
13,4,01,13_01,panelist,low,NA,3.6,1,0,1,0,0,0,3.6
13,4,02,13_02,panelist,none,NA,3.6,1,0,0,1,0,0,3.6
13,4,03,13_03,panelist,high,NA,3.6,1,1,0,0,0,0,3.6
13,4,04,13_04,panelist,none,NA,3.6,1,0,0,1,1,0.3,3.9
13,4,05,13_05,panelist,low,NA,3.6,1,0,1,0,1,0.1,3.7
13,4,06,13_06,panelist,none,NA,3.6,1,0,0,1,0,0,3.6
13,4,07,13_07,panelist,low,NA,3.6,1,0,1,0,0,0,3.6
13,4,08,13_08,panelist,none,NA,3.6,1,0,0,1,1,0.2,3.8
13,4,09,13_09,panelist,med,NA,3.6,1,0,0,0,1,-0.2,3.4
13,4,10,13_10,panelist,low,NA,3.6,1,0,1,0,1,0.1,3.7
13,4,11,13_11,panelist,med,NA,3.6,1,0,0,0,0,0,3.6
13,4,12,13_12,reviewer,none,3.7,3.6,0,0,0,1,1,-0.3,3.3
13,4,13,13_13,reviewer,low,3.5,3.6,0,0,1,0,0,0,3.6
13,4,14,13_14,panelist,high,NA,3.6,1,1,0,0,0,0,3.6
13,4,15,13_15,panelist,med,NA,3.6,1,0,0,0,0,0,3.6
13,4,16,13_16,panelist,low,NA,3.6,1,0,1,0,1,-0.2,3.4
13,4,17,13_17,panelist,none,NA,3.6,1,0,0,1,1,0.1,3.7
13,4,18,13_18,panelist,none,NA,3.6,1,0,0,1,0,0,3.6
13,4,19,13_19,panelist,none,NA,3.6,1,0,0,1,1,-0.3,3.3
13,4,20,13_20,panelist,med,NA,3.6,1,0,0,0,1,0.2,3.8
13,4,21,13_21,reviewer,low,3.5,3.6,0,0,1,0,0,0,3.6
13,4,22,13_22,panelist,none,NA,3.6,1,0,0,1,0,0,3.6
13,4,23,13_23,panelist,none,NA,3.6,1,0,0,1,1,-0.2,3.4
13,4,24,13_24,panelist,med,NA,3.6,1,0,0,0,1,0.1,3.7
13,5,01,13_01,panelist,low,NA,3.7,1,0,1,0,0,0,3.7
13,5,02,13_02,panelist,none,NA,3.7,1,0,0,1,1,-0.1,3.6
13,5,03,13_03,panelist,med,NA,3.7,1,0,0,0,0,0,3.7
13,5,04,13_04,panelist,none,NA,3.7,1,0,0,1,0,0,3.7
13,5,05,13_05,panelist,none,NA,3.7,1,0,0,1,0,0,3.7
13,5,06,13_06,panelist,med,NA,3.7,1,0,0,0,0,0,3.7
13,5,07,13_07,panelist,low,NA,3.7,1,0,1,0,0,0,3.7
13,5,08,13_08,panelist,none,NA,3.7,1,0,0,1,1,-0.1,3.6
13,5,09,13_09,panelist,none,NA,3.7,1,0,0,1,0,0,3.7
13,5,10,13_10,panelist,none,NA,3.7,1,0,0,1,1,-0.1,3.6
13,5,11,13_11,reviewer,low,3.9,3.7,0,0,1,0,0,0,3.7
13,5,12,13_12,panelist,none,NA,3.7,1,0,0,1,0,0,3.7
13,5,13,13_13,panelist,med,NA,3.7,1,0,0,0,0,0,3.7
13,5,14,13_14,panelist,low,NA,3.7,1,0,1,0,0,0,3.7
13,5,15,13_15,panelist,low,NA,3.7,1,0,1,0,1,-0.2,3.5
13,5,16,13_16,reviewer,none,3.3,3.7,0,0,0,1,1,-0.1,3.6
13,5,17,13_17,panelist,none,NA,3.7,1,0,0,1,0,0,3.7
13,5,18,13_18,panelist,med,NA,3.7,1,0,0,0,0,0,3.7
13,5,19,13_19,panelist,med,NA,3.7,1,0,0,0,1,-0.1,3.6
13,5,20,13_20,panelist,low,NA,3.7,1,0,1,0,0,0,3.7
13,5,21,13_21,panelist,low,NA,3.7,1,0,1,0,1,0.2,3.9
13,5,22,13_22,reviewer,high,3.9,3.7,0,1,0,0,0,0,3.7
13,5,23,13_23,panelist,none,NA,3.7,1,0,0,1,0,0,3.7
13,5,24,13_24,panelist,high,NA,3.7,1,1,0,0,0,0,3.7
13,6,01,13_01,panelist,none,NA,3.8,1,0,0,1,0,0,3.8
13,6,02,13_02,panelist,none,NA,3.8,1,0,0,1,0,0,3.8
13,6,03,13_03,panelist,med,NA,3.8,1,0,0,0,1,0.4,4.2
13,6,04,13_04,panelist,med,NA,3.8,1,0,0,0,1,0.2,4
13,6,05,13_05,panelist,low,NA,3.8,1,0,1,0,0,0,3.8
13,6,06,13_06,panelist,low,NA,3.8,1,0,1,0,1,-0.2,3.6
13,6,07,13_07,panelist,none,NA,3.8,1,0,0,1,1,-0.1,3.7
13,6,08,13_08,panelist,high,NA,3.8,1,1,0,0,0,0,3.8
13,6,09,13_09,panelist,low,NA,3.8,1,0,1,0,0,0,3.8
13,6,10,13_10,reviewer,none,4,3.8,0,0,0,1,1,0.1,3.9
13,6,11,13_11,reviewer,low,3.6,3.8,0,0,1,0,1,0.1,3.9
13,6,12,13_12,panelist,low,NA,3.8,1,0,1,0,0,0,3.8
13,6,13,13_13,reviewer,med,3.8,3.8,0,0,0,0,0,0,3.8
13,6,14,13_14,panelist,med,NA,3.8,1,0,0,0,0,0,3.8
13,6,15,13_15,panelist,none,NA,3.8,1,0,0,1,1,0.1,3.9
13,6,16,13_16,panelist,high,NA,3.8,1,1,0,0,0,0,3.8
13,6,17,13_17,panelist,none,NA,3.8,1,0,0,1,1,0.4,4.2
13,6,18,13_18,panelist,none,NA,3.8,1,0,0,1,0,0,3.8
13,6,19,13_19,panelist,none,NA,3.8,1,0,0,1,0,0,3.8
13,6,20,13_20,panelist,none,NA,3.8,1,0,0,1,1,-0.3,3.5
13,6,21,13_21,panelist,none,NA,3.8,1,0,0,1,0,0,3.8
13,6,22,13_22,panelist,low,NA,3.8,1,0,1,0,1,-0.1,3.7
13,6,23,13_23,panelist,low,NA,3.8,1,0,1,0,1,-0.2,3.6
13,6,24,13_24,panelist,med,NA,3.8,1,0,0,0,1,0.2,4
13,10,01,13_01,panelist,low,NA,4.2,1,0,1,0,1,0.1,4.3
13,10,02,13_02,panelist,low,NA,4.2,1,0,1,0,0,0,4.2
13,10,03,13_03,panelist,low,NA,4.2,1,0,1,0,0,0,4.2
13,10,04,13_04,panelist,none,NA,4.2,1,0,0,1,0,0,4.2
13,10,05,13_05,panelist,low,NA,4.2,1,0,1,0,0,0,4.2
13,10,06,13_06,panelist,high,NA,4.2,1,1,0,0,0,0,4.2
13,10,07,13_07,panelist,none,NA,4.2,1,0,0,1,1,-0.1,4.1
13,10,08,13_08,panelist,high,NA,4.2,1,1,0,0,0,0,4.2
13,10,09,13_09,reviewer,none,4.3,4.2,0,0,0,1,0,0,4.2
13,10,10,13_10,panelist,none,NA,4.2,1,0,0,1,1,-0.1,4.1
13,10,11,13_11,panelist,none,NA,4.2,1,0,0,1,0,0,4.2
13,10,12,13_12,panelist,med,NA,4.2,1,0,0,0,1,-0.1,4.1
13,10,13,13_13,panelist,med,NA,4.2,1,0,0,0,1,0.1,4.3
13,10,14,13_14,panelist,none,NA,4.2,1,0,0,1,1,-0.1,4.1
13,10,15,13_15,panelist,none,NA,4.2,1,0,0,1,1,0.1,4.3
13,10,16,13_16,panelist,med,NA,4.2,1,0,0,0,0,0,4.2
13,10,17,13_17,reviewer,none,4.1,4.2,0,0,0,1,1,0.2,4.4
13,10,18,13_18,panelist,med,NA,4.2,1,0,0,0,1,-0.2,4
13,10,19,13_19,panelist,none,NA,4.2,1,0,0,1,1,-0.2,4
13,10,20,13_20,panelist,low,NA,4.2,1,0,1,0,0,0,4.2
13,10,21,13_21,panelist,low,NA,4.2,1,0,1,0,1,-0.1,4.1
13,10,22,13_22,panelist,none,NA,4.2,1,0,0,1,1,-0.2,4
13,10,23,13_23,reviewer,low,4.3,4.2,0,0,1,0,1,-0.2,4
13,10,24,13_24,panelist,med,NA,4.2,1,0,0,0,0,0,4.2
13,11,01,13_01,panelist,none,NA,4.2,1,0,0,1,0,0,4.2
13,11,02,13_02,panelist,med,NA,4.2,1,0,0,0,0,0,4.2
13,11,03,13_03,panelist,low,NA,4.2,1,0,1,0,1,-0.1,4.1
13,11,04,13_04,panelist,med,NA,4.2,1,0,0,0,0,0,4.2
13,11,05,13_05,panelist,med,NA,4.2,1,0,0,0,0,0,4.2
13,11,06,13_06,reviewer,high,4.4,4.2,0,1,0,0,0,0,4.2
13,11,07,13_07,panelist,none,NA,4.2,1,0,0,1,0,0,4.2
13,11,08,13_08,panelist,low,NA,4.2,1,0,1,0,0,0,4.2
13,11,09,13_09,reviewer,low,4,4.2,0,0,1,0,1,0.3,4.5
13,11,10,13_10,panelist,low,NA,4.2,1,0,1,0,0,0,4.2
13,11,11,13_11,panelist,med,NA,4.2,1,0,0,0,0,0,4.2
13,11,12,13_12,panelist,none,NA,4.2,1,0,0,1,0,0,4.2
13,11,13,13_13,panelist,none,NA,4.2,1,0,0,1,1,0.4,4.6
13,11,14,13_14,reviewer,low,4.2,4.2,0,0,1,0,0,0,4.2
13,11,15,13_15,panelist,none,NA,4.2,1,0,0,1,1,-0.2,4
13,11,16,13_16,panelist,none,NA,4.2,1,0,0,1,1,-0.3,3.9
13,11,17,13_17,panelist,none,NA,4.2,1,0,0,1,1,-0.2,4
13,11,18,13_18,panelist,high,NA,4.2,1,1,0,0,0,0,4.2
13,11,19,13_19,panelist,low,NA,4.2,1,0,1,0,0,0,4.2
13,11,20,13_20,panelist,none,NA,4.2,1,0,0,1,0,0,4.2
13,11,21,13_21,panelist,none,NA,4.2,1,0,0,1,1,-0.2,4
13,11,22,13_22,panelist,low,NA,4.2,1,0,1,0,1,-0.1,4.1
13,11,23,13_23,panelist,none,NA,4.2,1,0,0,1,0,0,4.2
13,11,24,13_24,panelist,med,NA,4.2,1,0,0,0,0,0,4.2
13,12,01,13_01,panelist,none,NA,4.2,1,0,0,1,0,0,4.2
13,12,02,13_02,panelist,none,NA,4.2,1,0,0,1,0,0,4.2
13,12,03,13_03,panelist,low,NA,4.2,1,0,1,0,0,0,4.2
13,12,04,13_04,panelist,low,NA,4.2,1,0,1,0,1,-0.1,4.1
13,12,05,13_05,reviewer,low,4,4.2,0,0,1,0,0,0,4.2
13,12,06,13_06,panelist,med,NA,4.2,1,0,0,0,1,-0.1,4.1
13,12,07,13_07,panelist,none,NA,4.2,1,0,0,1,0,0,4.2
13,12,08,13_08,panelist,med,NA,4.2,1,0,0,0,0,0,4.2
13,12,09,13_09,panelist,med,NA,4.2,1,0,0,0,0,0,4.2
13,12,10,13_10,panelist,none,NA,4.2,1,0,0,1,1,-0.1,4.1
13,12,11,13_11,panelist,none,NA,4.2,1,0,0,1,0,0,4.2
13,12,12,13_12,reviewer,high,4.4,4.2,0,1,0,0,0,0,4.2
13,12,13,13_13,panelist,none,NA,4.2,1,0,0,1,0,0,4.2
13,12,14,13_14,panelist,none,NA,4.2,1,0,0,1,0,0,4.2
13,12,15,13_15,panelist,none,NA,4.2,1,0,0,1,1,-0.1,4.1
13,12,16,13_16,panelist,none,NA,4.2,1,0,0,1,1,-0.3,3.9
13,12,17,13_17,reviewer,low,4.3,4.2,0,0,1,0,0,0,4.2
13,12,18,13_18,panelist,med,NA,4.2,1,0,0,0,1,-0.2,4
13,12,19,13_19,panelist,high,NA,4.2,1,1,0,0,0,0,4.2
13,12,20,13_20,panelist,low,NA,4.2,1,0,1,0,0,0,4.2
13,12,21,13_21,panelist,low,NA,4.2,1,0,1,0,1,0.1,4.3
13,12,22,13_22,panelist,none,NA,4.2,1,0,0,1,0,0,4.2
13,12,23,13_23,panelist,med,NA,4.2,1,0,0,0,1,-0.1,4.1
13,12,24,13_24,panelist,low,NA,4.2,1,0,1,0,1,0.1,4.3
13,13,01,13_01,panelist,none,NA,4.1,1,0,0,1,1,0.3,4.4
13,13,02,13_02,panelist,none,NA,4.1,1,0,0,1,0,0,4.1
13,13,03,13_03,panelist,none,NA,4.1,1,0,0,1,1,0.1,4.2
13,13,04,13_04,panelist,med,NA,4.1,1,0,0,0,0,0,4.1
13,13,05,13_05,panelist,low,NA,4.1,1,0,1,0,1,-0.1,4
13,13,06,13_06,panelist,med,NA,4.1,1,0,0,0,1,0.1,4.2
13,13,07,13_07,panelist,low,NA,4.1,1,0,1,0,0,0,4.1
13,13,08,13_08,reviewer,none,4.2,4.1,0,0,0,1,0,0,4.1
13,13,09,13_09,panelist,none,NA,4.1,1,0,0,1,1,-0.2,3.9
13,13,10,13_10,panelist,low,NA,4.1,1,0,1,0,0,0,4.1
13,13,11,13_11,panelist,high,NA,4.1,1,1,0,0,0,0,4.1
13,13,12,13_12,panelist,med,NA,4.1,1,0,0,0,1,-0.1,4
13,13,13,13_13,panelist,low,NA,4.1,1,0,1,0,1,-0.1,4
13,13,14,13_14,panelist,none,NA,4.1,1,0,0,1,0,0,4.1
13,13,15,13_15,panelist,none,NA,4.1,1,0,0,1,0,0,4.1
13,13,16,13_16,panelist,none,NA,4.1,1,0,0,1,0,0,4.1
13,13,17,13_17,reviewer,high,4.2,4.1,0,1,0,0,0,0,4.1
13,13,18,13_18,panelist,low,NA,4.1,1,0,1,0,1,0.2,4.3
13,13,19,13_19,panelist,med,NA,4.1,1,0,0,0,1,0.1,4.2
13,13,20,13_20,panelist,low,NA,4.1,1,0,1,0,0,0,4.1
13,13,21,13_21,reviewer,none,3.9,4.1,0,0,0,1,0,0,4.1
13,13,22,13_22,panelist,none,NA,4.1,1,0,0,1,0,0,4.1
13,13,23,13_23,panelist,med,NA,4.1,1,0,0,0,0,0,4.1
13,13,24,13_24,panelist,low,NA,4.1,1,0,1,0,0,0,4.1
13,14,01,13_01,panelist,med,NA,3.8,1,0,0,0,1,-0.1,3.7
13,14,02,13_02,panelist,med,NA,3.8,1,0,0,0,0,0,3.8
13,14,03,13_03,reviewer,high,3.9,3.8,0,1,0,0,0,0,3.8
13,14,04,13_04,panelist,med,NA,3.8,1,0,0,0,1,0.3,4.1
13,14,05,13_05,panelist,none,NA,3.8,1,0,0,1,0,0,3.8
13,14,06,13_06,panelist,low,NA,3.8,1,0,1,0,1,0.1,3.9
13,14,07,13_07,reviewer,low,4,3.8,0,0,1,0,0,0,3.8
13,14,08,13_08,panelist,med,NA,3.8,1,0,0,0,0,0,3.8
13,14,09,13_09,panelist,none,NA,3.8,1,0,0,1,1,0.2,4
13,14,10,13_10,panelist,none,NA,3.8,1,0,0,1,0,0,3.8
13,14,11,13_11,panelist,low,NA,3.8,1,0,1,0,1,0.2,4
13,14,12,13_12,panelist,low,NA,3.8,1,0,1,0,0,0,3.8
13,14,13,13_13,panelist,low,NA,3.8,1,0,1,0,1,0.2,4
13,14,14,13_14,panelist,low,NA,3.8,1,0,1,0,0,0,3.8
13,14,15,13_15,panelist,high,NA,3.8,1,1,0,0,0,0,3.8
13,14,16,13_16,panelist,none,NA,3.8,1,0,0,1,1,0.2,4
13,14,17,13_17,panelist,none,NA,3.8,1,0,0,1,0,0,3.8
13,14,18,13_18,panelist,none,NA,3.8,1,0,0,1,0,0,3.8
13,14,19,13_19,panelist,none,NA,3.8,1,0,0,1,1,-0.1,3.7
13,14,20,13_20,panelist,med,NA,3.8,1,0,0,0,0,0,3.8
13,14,21,13_21,reviewer,low,3.6,3.8,0,0,1,0,0,0,3.8
13,14,22,13_22,panelist,none,NA,3.8,1,0,0,1,1,-0.3,3.5
13,14,23,13_23,panelist,none,NA,3.8,1,0,0,1,0,0,3.8
13,14,24,13_24,panelist,none,NA,3.8,1,0,0,1,0,0,3.8
13,16,01,13_01,panelist,med,NA,3.5,1,0,0,0,0,0,3.5
13,16,02,13_02,panelist,low,NA,3.5,1,0,1,0,1,-0.1,3.4
13,16,03,13_03,panelist,low,NA,3.5,1,0,1,0,1,0.1,3.6
13,16,04,13_04,reviewer,med,3.7,3.5,0,0,0,0,1,0.2,3.7
13,16,05,13_05,panelist,none,NA,3.5,1,0,0,1,1,-0.1,3.4
13,16,06,13_06,panelist,none,NA,3.5,1,0,0,1,0,0,3.5
13,16,07,13_07,panelist,none,NA,3.5,1,0,0,1,1,0.1,3.6
13,16,08,13_08,panelist,low,NA,3.5,1,0,1,0,0,0,3.5
13,16,09,13_09,reviewer,none,3.3,3.5,0,0,0,1,0,0,3.5
13,16,10,13_10,panelist,low,NA,3.5,1,0,1,0,0,0,3.5
13,16,11,13_11,panelist,med,NA,3.5,1,0,0,0,1,0.4,3.9
13,16,12,13_12,panelist,low,NA,3.5,1,0,1,0,1,-0.1,3.4
13,16,13,13_13,panelist,low,NA,3.5,1,0,1,0,0,0,3.5
13,16,14,13_14,panelist,low,NA,3.5,1,0,1,0,0,0,3.5
13,16,15,13_15,panelist,med,NA,3.5,1,0,0,0,0,0,3.5
13,16,16,13_16,panelist,none,NA,3.5,1,0,0,1,0,0,3.5
13,16,17,13_17,panelist,none,NA,3.5,1,0,0,1,1,0.1,3.6
13,16,18,13_18,panelist,none,NA,3.5,1,0,0,1,1,0.1,3.6
13,16,19,13_19,panelist,none,NA,3.5,1,0,0,1,1,0.2,3.7
13,16,20,13_20,reviewer,med,3.6,3.5,0,0,0,0,0,0,3.5
13,16,21,13_21,panelist,none,NA,3.5,1,0,0,1,1,0.1,3.6
13,16,22,13_22,panelist,high,NA,3.5,1,1,0,0,0,0,3.5
13,16,23,13_23,panelist,none,NA,3.5,1,0,0,1,0,0,3.5
13,16,24,13_24,panelist,high,NA,3.5,1,1,0,0,0,0,3.5
13,19,01,13_01,panelist,none,NA,4,1,0,0,1,0,0,4
13,19,02,13_02,panelist,none,NA,4,1,0,0,1,0,0,4
13,19,03,13_03,panelist,med,NA,4,1,0,0,0,0,0,4
13,19,04,13_04,reviewer,none,4,4,0,0,0,1,0,0,4
13,19,05,13_05,panelist,med,NA,4,1,0,0,0,1,-0.1,3.9
13,19,06,13_06,panelist,low,NA,4,1,0,1,0,0,0,4
13,19,07,13_07,panelist,low,NA,4,1,0,1,0,1,0.1,4.1
13,19,08,13_08,panelist,none,NA,4,1,0,0,1,1,0.1,4.1
13,19,09,13_09,reviewer,low,3.9,4,0,0,1,0,0,0,4
13,19,10,13_10,panelist,low,NA,4,1,0,1,0,1,-0.1,3.9
13,19,11,13_11,panelist,none,NA,4,1,0,0,1,1,0.3,4.3
13,19,12,13_12,panelist,low,NA,4,1,0,1,0,0,0,4
13,19,13,13_13,reviewer,high,4.1,4,0,1,0,0,0,0,4
13,19,14,13_14,panelist,none,NA,4,1,0,0,1,0,0,4
13,19,15,13_15,panelist,med,NA,4,1,0,0,0,0,0,4
13,19,16,13_16,panelist,low,NA,4,1,0,1,0,0,0,4
13,19,17,13_17,panelist,none,NA,4,1,0,0,1,1,0.1,4.1
13,19,18,13_18,panelist,high,NA,4,1,1,0,0,0,0,4
13,19,19,13_19,panelist,none,NA,4,1,0,0,1,1,0.2,4.2
13,19,20,13_20,panelist,low,NA,4,1,0,1,0,0,0,4
13,19,21,13_21,panelist,none,NA,4,1,0,0,1,1,0.1,4.1
13,19,22,13_22,panelist,med,NA,4,1,0,0,0,1,-0.5,3.5
13,19,23,13_23,panelist,none,NA,4,1,0,0,1,1,-0.3,3.7
13,19,24,13_24,panelist,med,NA,4,1,0,0,0,0,0,4
13,22,01,13_01,panelist,low,NA,3.8,1,0,1,0,0,0,3.8
13,22,02,13_02,panelist,none,NA,3.8,1,0,0,1,1,-0.1,3.7
13,22,03,13_03,panelist,none,NA,3.8,1,0,0,1,0,0,3.8
13,22,04,13_04,panelist,low,NA,3.8,1,0,1,0,0,0,3.8
13,22,05,13_05,panelist,none,NA,3.8,1,0,0,1,1,0.1,3.9
13,22,06,13_06,reviewer,none,3.5,3.8,0,0,0,1,1,0.1,3.9
13,22,07,13_07,panelist,none,NA,3.8,1,0,0,1,1,-0.2,3.6
13,22,08,13_08,panelist,none,NA,3.8,1,0,0,1,0,0,3.8
13,22,09,13_09,panelist,none,NA,3.8,1,0,0,1,0,0,3.8
13,22,10,13_10,panelist,none,NA,3.8,1,0,0,1,1,-0.3,3.5
13,22,11,13_11,panelist,none,NA,3.8,1,0,0,1,0,0,3.8
13,22,12,13_12,panelist,med,NA,3.8,1,0,0,0,1,0.2,4
13,22,13,13_13,panelist,high,NA,3.8,1,1,0,0,0,0,3.8
13,22,14,13_14,panelist,low,NA,3.8,1,0,1,0,0,0,3.8
13,22,15,13_15,panelist,low,NA,3.8,1,0,1,0,0,0,3.8
13,22,16,13_16,panelist,med,NA,3.8,1,0,0,0,0,0,3.8
13,22,17,13_17,panelist,high,NA,3.8,1,1,0,0,0,0,3.8
13,22,18,13_18,panelist,low,NA,3.8,1,0,1,0,0,0,3.8
13,22,19,13_19,panelist,none,NA,3.8,1,0,0,1,1,0.1,3.9
13,22,20,13_20,panelist,med,NA,3.8,1,0,0,0,1,-0.3,3.5
13,22,21,13_21,panelist,low,NA,3.8,1,0,1,0,0,0,3.8
13,22,22,13_22,reviewer,med,3.9,3.8,0,0,0,0,0,0,3.8
13,22,23,13_23,reviewer,med,3.9,3.8,0,0,0,0,0,0,3.8
13,22,24,13_24,panelist,low,NA,3.8,1,0,1,0,1,-0.3,3.5
13,26,01,13_01,panelist,med,NA,3.7,1,0,0,0,1,0.3,4
13,26,02,13_02,panelist,none,NA,3.7,1,0,0,1,0,0,3.7
13,26,03,13_03,reviewer,med,3.4,3.7,0,0,0,0,1,0.1,3.8
13,26,04,13_04,panelist,none,NA,3.7,1,0,0,1,1,0.1,3.8
13,26,05,13_05,panelist,none,NA,3.7,1,0,0,1,1,-0.2,3.5
13,26,06,13_06,reviewer,med,3.9,3.7,0,0,0,0,1,0.1,3.8
13,26,07,13_07,panelist,low,NA,3.7,1,0,1,0,0,0,3.7
13,26,08,13_08,panelist,med,NA,3.7,1,0,0,0,0,0,3.7
13,26,09,13_09,panelist,low,NA,3.7,1,0,1,0,0,0,3.7
13,26,10,13_10,panelist,none,NA,3.7,1,0,0,1,1,-0.2,3.5
13,26,11,13_11,reviewer,med,3.8,3.7,0,0,0,0,0,0,3.7
13,26,12,13_12,panelist,none,NA,3.7,1,0,0,1,1,0.1,3.8
13,26,13,13_13,panelist,low,NA,3.7,1,0,1,0,0,0,3.7
13,26,14,13_14,panelist,high,NA,3.7,1,1,0,0,1,0.2,3.9
13,26,15,13_15,panelist,none,NA,3.7,1,0,0,1,1,-0.2,3.5
13,26,16,13_16,panelist,low,NA,3.7,1,0,1,0,1,-0.1,3.6
13,26,17,13_17,panelist,none,NA,3.7,1,0,0,1,1,0.3,4
13,26,18,13_18,panelist,none,NA,3.7,1,0,0,1,1,-0.1,3.6
13,26,19,13_19,panelist,none,NA,3.7,1,0,0,1,0,0,3.7
13,26,20,13_20,panelist,low,NA,3.7,1,0,1,0,0,0,3.7
13,26,21,13_21,panelist,low,NA,3.7,1,0,1,0,1,0.2,3.9
13,26,22,13_22,panelist,low,NA,3.7,1,0,1,0,1,-0.3,3.4
13,26,23,13_23,panelist,none,NA,3.7,1,0,0,1,0,0,3.7
13,26,24,13_24,panelist,high,NA,3.7,1,1,0,0,0,0,3.7
13,27,01,13_01,panelist,low,NA,3.7,1,0,1,0,0,0,3.7
13,27,02,13_02,panelist,low,NA,3.7,1,0,1,0,0,0,3.7
13,27,03,13_03,panelist,low,NA,3.7,1,0,1,0,1,0.1,3.8
13,27,04,13_04,panelist,med,NA,3.7,1,0,0,0,0,0,3.7
13,27,05,13_05,panelist,med,NA,3.7,1,0,0,0,1,0.1,3.8
13,27,06,13_06,panelist,low,NA,3.7,1,0,1,0,0,0,3.7
13,27,07,13_07,reviewer,none,3.8,3.7,0,0,0,1,1,-0.2,3.5
13,27,08,13_08,panelist,none,NA,3.7,1,0,0,1,0,0,3.7
13,27,09,13_09,panelist,low,NA,3.7,1,0,1,0,1,0.2,3.9
13,27,10,13_10,panelist,low,NA,3.7,1,0,1,0,1,-0.5,3.2
13,27,11,13_11,panelist,none,NA,3.7,1,0,0,1,0,0,3.7
13,27,12,13_12,panelist,none,NA,3.7,1,0,0,1,1,-0.3,3.4
13,27,13,13_13,reviewer,none,3.7,3.7,0,0,0,1,1,-0.1,3.6
13,27,14,13_14,panelist,high,NA,3.7,1,1,0,0,1,0.1,3.8
13,27,15,13_15,panelist,med,NA,3.7,1,0,0,0,1,0.1,3.8
13,27,16,13_16,panelist,high,NA,3.7,1,1,0,0,0,0,3.7
13,27,17,13_17,panelist,none,NA,3.7,1,0,0,1,0,0,3.7
13,27,18,13_18,panelist,none,NA,3.7,1,0,0,1,1,-0.2,3.5
13,27,19,13_19,panelist,low,NA,3.7,1,0,1,0,1,-0.3,3.4
13,27,20,13_20,panelist,none,NA,3.7,1,0,0,1,1,0.1,3.8
13,27,21,13_21,reviewer,none,3.7,3.7,0,0,0,1,0,0,3.7
13,27,22,13_22,panelist,none,NA,3.7,1,0,0,1,0,0,3.7
13,27,23,13_23,panelist,med,NA,3.7,1,0,0,0,1,-0.1,3.6
13,27,24,13_24,panelist,med,NA,3.7,1,0,0,0,0,0,3.7
13,28,01,13_01,reviewer,none,3.5,3.5,0,0,0,1,1,0.3,3.8
13,28,02,13_02,panelist,low,NA,3.5,1,0,1,0,0,0,3.5
13,28,03,13_03,panelist,med,NA,3.5,1,0,0,0,0,0,3.5
13,28,04,13_04,panelist,none,NA,3.5,1,0,0,1,1,0.2,3.7
13,28,05,13_05,panelist,med,NA,3.5,1,0,0,0,0,0,3.5
13,28,06,13_06,panelist,none,NA,3.5,1,0,0,1,0,0,3.5
13,28,07,13_07,panelist,none,NA,3.5,1,0,0,1,0,0,3.5
13,28,08,13_08,panelist,low,NA,3.5,1,0,1,0,0,0,3.5
13,28,09,13_09,panelist,low,NA,3.5,1,0,1,0,0,0,3.5
13,28,10,13_10,panelist,high,NA,3.5,1,1,0,0,0,0,3.5
13,28,11,13_11,panelist,none,NA,3.5,1,0,0,1,0,0,3.5
13,28,12,13_12,reviewer,none,3.6,3.5,0,0,0,1,0,0,3.5
13,28,13,13_13,panelist,med,NA,3.5,1,0,0,0,0,0,3.5
13,28,14,13_14,panelist,low,NA,3.5,1,0,1,0,1,0.2,3.7
13,28,15,13_15,panelist,med,NA,3.5,1,0,0,0,0,0,3.5
13,28,16,13_16,panelist,low,NA,3.5,1,0,1,0,0,0,3.5
13,28,17,13_17,panelist,none,NA,3.5,1,0,0,1,1,0.1,3.6
13,28,18,13_18,reviewer,low,3.4,3.5,0,0,1,0,0,0,3.5
13,28,19,13_19,panelist,none,NA,3.5,1,0,0,1,1,0.2,3.7
13,28,20,13_20,panelist,low,NA,3.5,1,0,1,0,1,-0.1,3.4
13,28,21,13_21,panelist,high,NA,3.5,1,1,0,0,1,0.2,3.7
13,28,22,13_22,panelist,med,NA,3.5,1,0,0,0,0,0,3.5
13,28,23,13_23,panelist,none,NA,3.5,1,0,0,1,0,0,3.5
13,28,24,13_24,panelist,none,NA,3.5,1,0,0,1,1,0.2,3.7
14,1,01,14_01,panelist,high,NA,4.1,1,1,0,0,0,0,4.1
14,1,02,14_02,panelist,none,NA,4.1,1,0,0,1,1,0.1,4.2
14,1,03,14_03,panelist,med,NA,4.1,1,0,0,0,1,-0.2,3.9
14,1,04,14_04,panelist,none,NA,4.1,1,0,0,1,0,0,4.1
14,1,05,14_05,panelist,none,NA,4.1,1,0,0,1,1,0.1,4.2
14,1,06,14_06,panelist,high,NA,4.1,1,1,0,0,0,0,4.1
14,1,07,14_07,panelist,none,NA,4.1,1,0,0,1,0,0,4.1
14,1,08,14_08,panelist,med,NA,4.1,1,0,0,0,1,0.1,4.2
14,1,09,14_09,panelist,none,NA,4.1,1,0,0,1,1,-0.1,4
14,1,10,14_10,reviewer,med,4.4,4.1,0,0,0,0,1,0.1,4.2
14,1,11,14_11,reviewer,low,4,4.1,0,0,1,0,0,0,4.1
14,1,12,14_12,panelist,low,NA,4.1,1,0,1,0,1,0.1,4.2
14,1,13,14_13,panelist,low,NA,4.1,1,0,1,0,1,-0.3,3.8
14,1,14,14_14,panelist,low,NA,4.1,1,0,1,0,1,0.1,4.2
14,1,15,14_15,panelist,none,NA,4.1,1,0,0,1,0,0,4.1
14,1,16,14_16,reviewer,none,4,4.1,0,0,0,1,0,0,4.1
14,1,17,14_17,panelist,none,NA,4.1,1,0,0,1,1,0.1,4.2
14,1,18,14_18,panelist,med,NA,4.1,1,0,0,0,1,0.1,4.2
14,1,19,14_19,panelist,none,NA,4.1,1,0,0,1,1,0.3,4.4
14,1,20,14_20,panelist,med,NA,4.1,1,0,0,0,1,-0.1,4
14,1,21,14_21,panelist,none,NA,4.1,1,0,0,1,0,0,4.1
14,1,22,14_22,panelist,low,NA,4.1,1,0,1,0,0,0,4.1
14,1,23,14_23,panelist,low,NA,4.1,1,0,1,0,0,0,4.1
14,1,24,14_24,panelist,low,NA,4.1,1,0,1,0,0,0,4.1
14,2,01,14_01,panelist,med,NA,4,1,0,0,0,1,0.2,4.2
14,2,02,14_02,reviewer,low,3.8,4,0,0,1,0,0,0,4
14,2,03,14_03,panelist,none,NA,4,1,0,0,1,1,0.3,4.3
14,2,04,14_04,panelist,med,NA,4,1,0,0,0,1,0.2,4.2
14,2,05,14_05,panelist,low,NA,4,1,0,1,0,0,0,4
14,2,06,14_06,panelist,none,NA,4,1,0,0,1,1,0.1,4.1
14,2,07,14_07,panelist,low,NA,4,1,0,1,0,0,0,4
14,2,08,14_08,panelist,low,NA,4,1,0,1,0,0,0,4
14,2,09,14_09,panelist,none,NA,4,1,0,0,1,0,0,4
14,2,10,14_10,panelist,none,NA,4,1,0,0,1,1,0.1,4.1
14,2,11,14_11,panelist,high,NA,4,1,1,0,0,0,0,4
14,2,12,14_12,panelist,med,NA,4,1,0,0,0,1,-0.2,3.8
14,2,13,14_13,panelist,med,NA,4,1,0,0,0,0,0,4
14,2,14,14_14,reviewer,none,4.1,4,0,0,0,1,0,0,4
14,2,15,14_15,panelist,none,NA,4,1,0,0,1,0,0,4
14,2,16,14_16,panelist,none,NA,4,1,0,0,1,1,-0.1,3.9
14,2,17,14_17,panelist,none,NA,4,1,0,0,1,1,-0.2,3.8
14,2,18,14_18,panelist,none,NA,4,1,0,0,1,0,0,4
14,2,19,14_19,panelist,med,NA,4,1,0,0,0,0,0,4
14,2,20,14_20,panelist,high,NA,4,1,1,0,0,0,0,4
14,2,21,14_21,panelist,low,NA,4,1,0,1,0,1,0.1,4.1
14,2,22,14_22,panelist,low,NA,4,1,0,1,0,0,0,4
14,2,23,14_23,panelist,none,NA,4,1,0,0,1,1,-0.1,3.9
14,2,24,14_24,reviewer,low,4.1,4,0,0,1,0,1,0.2,4.2
14,9,01,14_01,panelist,none,NA,3.8,1,0,0,1,0,0,3.8
14,9,02,14_02,panelist,low,NA,3.8,1,0,1,0,0,0,3.8
14,9,03,14_03,panelist,high,NA,3.8,1,1,0,0,0,0,3.8
14,9,04,14_04,reviewer,none,3.5,3.8,0,0,0,1,1,-0.1,3.7
14,9,05,14_05,reviewer,high,3.8,3.8,0,1,0,0,0,0,3.8
14,9,06,14_06,panelist,low,NA,3.8,1,0,1,0,1,0.3,4.1
14,9,07,14_07,panelist,low,NA,3.8,1,0,1,0,0,0,3.8
14,9,08,14_08,panelist,none,NA,3.8,1,0,0,1,0,0,3.8
14,9,09,14_09,panelist,med,NA,3.8,1,0,0,0,1,0.1,3.9
14,9,10,14_10,panelist,med,NA,3.8,1,0,0,0,0,0,3.8
14,9,11,14_11,panelist,none,NA,3.8,1,0,0,1,1,0.1,3.9
14,9,12,14_12,panelist,med,NA,3.8,1,0,0,0,0,0,3.8
14,9,13,14_13,panelist,none,NA,3.8,1,0,0,1,1,-0.1,3.7
14,9,14,14_14,panelist,med,NA,3.8,1,0,0,0,1,0.2,4
14,9,15,14_15,panelist,low,NA,3.8,1,0,1,0,1,-0.2,3.6
14,9,16,14_16,panelist,none,NA,3.8,1,0,0,1,1,0.1,3.9
14,9,17,14_17,panelist,none,NA,3.8,1,0,0,1,0,0,3.8
14,9,18,14_18,panelist,med,NA,3.8,1,0,0,0,1,0.3,4.1
14,9,19,14_19,panelist,low,NA,3.8,1,0,1,0,0,0,3.8
14,9,20,14_20,panelist,none,NA,3.8,1,0,0,1,0,0,3.8
14,9,21,14_21,panelist,none,NA,3.8,1,0,0,1,1,0.3,4.1
14,9,22,14_22,panelist,none,NA,3.8,1,0,0,1,0,0,3.8
14,9,23,14_23,reviewer,low,4,3.8,0,0,1,0,1,0.1,3.9
14,9,24,14_24,panelist,low,NA,3.8,1,0,1,0,1,-0.1,3.7
14,10,01,14_01,reviewer,none,4.1,4,0,0,0,1,0,0,4
14,10,02,14_02,panelist,none,NA,4,1,0,0,1,1,0.2,4.2
14,10,03,14_03,panelist,none,NA,4,1,0,0,1,0,0,4
14,10,04,14_04,panelist,low,NA,4,1,0,1,0,1,0.2,4.2
14,10,05,14_05,panelist,none,NA,4,1,0,0,1,1,0.1,4.1
14,10,06,14_06,panelist,none,NA,4,1,0,0,1,1,-0.1,3.9
14,10,07,14_07,panelist,low,NA,4,1,0,1,0,0,0,4
14,10,08,14_08,panelist,high,NA,4,1,1,0,0,0,0,4
14,10,09,14_09,reviewer,none,3.8,4,0,0,0,1,1,-0.1,3.9
14,10,10,14_10,panelist,low,NA,4,1,0,1,0,1,0.1,4.1
14,10,11,14_11,panelist,low,NA,4,1,0,1,0,0,0,4
14,10,12,14_12,panelist,med,NA,4,1,0,0,0,0,0,4
14,10,13,14_13,panelist,low,NA,4,1,0,1,0,0,0,4
14,10,14,14_14,panelist,med,NA,4,1,0,0,0,0,0,4
14,10,15,14_15,panelist,med,NA,4,1,0,0,0,0,0,4
14,10,16,14_16,panelist,none,NA,4,1,0,0,1,1,0.5,4.5
14,10,17,14_17,panelist,low,NA,4,1,0,1,0,0,0,4
14,10,18,14_18,panelist,low,NA,4,1,0,1,0,0,0,4
14,10,19,14_19,panelist,none,NA,4,1,0,0,1,0,0,4
14,10,20,14_20,reviewer,med,4.1,4,0,0,0,0,0,0,4
14,10,21,14_21,panelist,none,NA,4,1,0,0,1,0,0,4
14,10,22,14_22,panelist,med,NA,4,1,0,0,0,0,0,4
14,10,23,14_23,panelist,high,NA,4,1,1,0,0,0,0,4
14,10,24,14_24,panelist,none,NA,4,1,0,0,1,1,0.1,4.1
14,12,01,14_01,panelist,low,NA,4.1,1,0,1,0,0,0,4.1
14,12,02,14_02,panelist,low,NA,4.1,1,0,1,0,0,0,4.1
14,12,03,14_03,panelist,high,NA,4.1,1,1,0,0,1,-0.2,3.9
14,12,04,14_04,panelist,low,NA,4.1,1,0,1,0,0,0,4.1
14,12,05,14_05,reviewer,none,4.1,4.1,0,0,0,1,1,0.3,4.4
14,12,06,14_06,panelist,low,NA,4.1,1,0,1,0,1,0.4,4.5
14,12,07,14_07,reviewer,med,4.1,4.1,0,0,0,0,1,-0.1,4
14,12,08,14_08,panelist,none,NA,4.1,1,0,0,1,0,0,4.1
14,12,09,14_09,panelist,none,NA,4.1,1,0,0,1,0,0,4.1
14,12,10,14_10,panelist,med,NA,4.1,1,0,0,0,0,0,4.1
14,12,11,14_11,panelist,none,NA,4.1,1,0,0,1,1,-0.1,4
14,12,12,14_12,panelist,low,NA,4.1,1,0,1,0,1,0.1,4.2
14,12,13,14_13,panelist,low,NA,4.1,1,0,1,0,0,0,4.1
14,12,14,14_14,panelist,none,NA,4.1,1,0,0,1,0,0,4.1
14,12,15,14_15,panelist,med,NA,4.1,1,0,0,0,0,0,4.1
14,12,16,14_16,panelist,med,NA,4.1,1,0,0,0,0,0,4.1
14,12,17,14_17,panelist,none,NA,4.1,1,0,0,1,1,0.1,4.2
14,12,18,14_18,panelist,none,NA,4.1,1,0,0,1,0,0,4.1
14,12,19,14_19,reviewer,med,4.1,4.1,0,0,0,0,0,0,4.1
14,12,20,14_20,panelist,none,NA,4.1,1,0,0,1,0,0,4.1
14,12,21,14_21,panelist,none,NA,4.1,1,0,0,1,0,0,4.1
14,12,22,14_22,panelist,none,NA,4.1,1,0,0,1,1,0.4,4.5
14,12,23,14_23,panelist,high,NA,4.1,1,1,0,0,0,0,4.1
14,12,24,14_24,panelist,low,NA,4.1,1,0,1,0,0,0,4.1
14,15,01,14_01,panelist,med,NA,4.2,1,0,0,0,1,0.1,4.3
14,15,02,14_02,reviewer,low,4.4,4.2,0,0,1,0,1,-0.3,3.9
14,15,03,14_03,panelist,med,NA,4.2,1,0,0,0,0,0,4.2
14,15,04,14_04,panelist,none,NA,4.2,1,0,0,1,0,0,4.2
14,15,05,14_05,panelist,none,NA,4.2,1,0,0,1,1,0.1,4.3
14,15,06,14_06,panelist,none,NA,4.2,1,0,0,1,1,0.2,4.4
14,15,07,14_07,panelist,none,NA,4.2,1,0,0,1,1,0.1,4.3
14,15,08,14_08,panelist,low,NA,4.2,1,0,1,0,0,0,4.2
14,15,09,14_09,panelist,none,NA,4.2,1,0,0,1,0,0,4.2
14,15,10,14_10,panelist,none,NA,4.2,1,0,0,1,1,-0.1,4.1
14,15,11,14_11,panelist,med,NA,4.2,1,0,0,0,1,0.1,4.3
14,15,12,14_12,panelist,med,NA,4.2,1,0,0,0,1,0.2,4.4
14,15,13,14_13,panelist,low,NA,4.2,1,0,1,0,0,0,4.2
14,15,14,14_14,panelist,high,NA,4.2,1,1,0,0,0,0,4.2
14,15,15,14_15,panelist,none,NA,4.2,1,0,0,1,1,-0.3,3.9
14,15,16,14_16,reviewer,low,4,4.2,0,0,1,0,0,0,4.2
14,15,17,14_17,panelist,low,NA,4.2,1,0,1,0,1,0.2,4.4
14,15,18,14_18,panelist,low,NA,4.2,1,0,1,0,1,0.2,4.4
14,15,19,14_19,panelist,high,NA,4.2,1,1,0,0,1,-0.3,3.9
14,15,20,14_20,panelist,none,NA,4.2,1,0,0,1,1,0.2,4.4
14,15,21,14_21,reviewer,low,4.2,4.2,0,0,1,0,0,0,4.2
14,15,22,14_22,panelist,none,NA,4.2,1,0,0,1,1,0.5,4.7
14,15,23,14_23,panelist,med,NA,4.2,1,0,0,0,0,0,4.2
14,15,24,14_24,panelist,none,NA,4.2,1,0,0,1,1,-0.1,4.1
14,16,01,14_01,panelist,low,NA,3.8,1,0,1,0,1,0.3,4.1
14,16,02,14_02,panelist,none,NA,3.8,1,0,0,1,0,0,3.8
14,16,03,14_03,panelist,low,NA,3.8,1,0,1,0,1,0.2,4
14,16,04,14_04,panelist,med,NA,3.8,1,0,0,0,1,0.2,4
14,16,05,14_05,panelist,med,NA,3.8,1,0,0,0,0,0,3.8
14,16,06,14_06,panelist,none,NA,3.8,1,0,0,1,1,0.2,4
14,16,07,14_07,panelist,none,NA,3.8,1,0,0,1,1,0.4,4.2
14,16,08,14_08,panelist,low,NA,3.8,1,0,1,0,1,-0.2,3.6
14,16,09,14_09,panelist,none,NA,3.8,1,0,0,1,0,0,3.8
14,16,10,14_10,panelist,med,NA,3.8,1,0,0,0,1,-0.3,3.5
14,16,11,14_11,panelist,med,NA,3.8,1,0,0,0,1,-0.3,3.5
14,16,12,14_12,panelist,none,NA,3.8,1,0,0,1,1,0.4,4.2
14,16,13,14_13,panelist,low,NA,3.8,1,0,1,0,0,0,3.8
14,16,14,14_14,panelist,none,NA,3.8,1,0,0,1,1,-0.1,3.7
14,16,15,14_15,panelist,med,NA,3.8,1,0,0,0,0,0,3.8
14,16,16,14_16,panelist,high,NA,3.8,1,1,0,0,0,0,3.8
14,16,17,14_17,panelist,low,NA,3.8,1,0,1,0,1,-0.1,3.7
14,16,18,14_18,panelist,none,NA,3.8,1,0,0,1,1,0.1,3.9
14,16,19,14_19,reviewer,low,3.9,3.8,0,0,1,0,0,0,3.8
14,16,20,14_20,panelist,low,NA,3.8,1,0,1,0,1,0.2,4
14,16,21,14_21,reviewer,none,3.8,3.8,0,0,0,1,1,0.3,4.1
14,16,22,14_22,panelist,high,NA,3.8,1,1,0,0,1,0.1,3.9
14,16,23,14_23,reviewer,none,3.8,3.8,0,0,0,1,0,0,3.8
14,16,24,14_24,panelist,none,NA,3.8,1,0,0,1,1,-0.1,3.7
14,19,01,14_01,panelist,none,NA,3.8,1,0,0,1,1,0.1,3.9
14,19,02,14_02,panelist,low,NA,3.8,1,0,1,0,0,0,3.8
14,19,03,14_03,panelist,low,NA,3.8,1,0,1,0,0,0,3.8
14,19,04,14_04,panelist,low,NA,3.8,1,0,1,0,1,0.2,4
14,19,05,14_05,panelist,none,NA,3.8,1,0,0,1,1,-0.2,3.6
14,19,06,14_06,reviewer,none,4.2,3.8,0,0,0,1,0,0,3.8
14,19,07,14_07,reviewer,low,3.3,3.8,0,0,1,0,1,-0.2,3.6
14,19,08,14_08,panelist,none,NA,3.8,1,0,0,1,0,0,3.8
14,19,09,14_09,panelist,none,NA,3.8,1,0,0,1,1,0.1,3.9
14,19,10,14_10,panelist,low,NA,3.8,1,0,1,0,0,0,3.8
14,19,11,14_11,panelist,high,NA,3.8,1,1,0,0,0,0,3.8
14,19,12,14_12,panelist,none,NA,3.8,1,0,0,1,1,-0.1,3.7
14,19,13,14_13,panelist,med,NA,3.8,1,0,0,0,0,0,3.8
14,19,14,14_14,panelist,none,NA,3.8,1,0,0,1,0,0,3.8
14,19,15,14_15,panelist,med,NA,3.8,1,0,0,0,1,-0.2,3.6
14,19,16,14_16,panelist,low,NA,3.8,1,0,1,0,0,0,3.8
14,19,17,14_17,panelist,high,NA,3.8,1,1,0,0,0,0,3.8
14,19,18,14_18,panelist,med,NA,3.8,1,0,0,0,0,0,3.8
14,19,19,14_19,panelist,med,NA,3.8,1,0,0,0,1,-0.3,3.5
14,19,20,14_20,panelist,med,NA,3.8,1,0,0,0,0,0,3.8
14,19,21,14_21,panelist,none,NA,3.8,1,0,0,1,0,0,3.8
14,19,22,14_22,panelist,none,NA,3.8,1,0,0,1,0,0,3.8
14,19,23,14_23,panelist,none,NA,3.8,1,0,0,1,0,0,3.8
14,19,24,14_24,reviewer,low,3.8,3.8,0,0,1,0,0,0,3.8
14,20,01,14_01,reviewer,high,4.1,3.9,0,1,0,0,1,-0.2,3.7
14,20,02,14_02,panelist,med,NA,3.9,1,0,0,0,0,0,3.9
14,20,03,14_03,panelist,low,NA,3.9,1,0,1,0,1,-0.1,3.8
14,20,04,14_04,reviewer,low,4.1,3.9,0,0,1,0,0,0,3.9
14,20,05,14_05,panelist,none,NA,3.9,1,0,0,1,1,0.3,4.2
14,20,06,14_06,panelist,none,NA,3.9,1,0,0,1,0,0,3.9
14,20,07,14_07,panelist,low,NA,3.9,1,0,1,0,1,0.2,4.1
14,20,08,14_08,panelist,none,NA,3.9,1,0,0,1,1,0.3,4.2
14,20,09,14_09,panelist,med,NA,3.9,1,0,0,0,0,0,3.9
14,20,10,14_10,panelist,none,NA,3.9,1,0,0,1,1,-0.1,3.8
14,20,11,14_11,panelist,none,NA,3.9,1,0,0,1,1,0.1,4
14,20,12,14_12,panelist,none,NA,3.9,1,0,0,1,1,-0.1,3.8
14,20,13,14_13,panelist,med,NA,3.9,1,0,0,0,1,-0.1,3.8
14,20,14,14_14,panelist,high,NA,3.9,1,1,0,0,0,0,3.9
14,20,15,14_15,panelist,med,NA,3.9,1,0,0,0,1,0.2,4.1
14,20,16,14_16,panelist,none,NA,3.9,1,0,0,1,1,-0.1,3.8
14,20,17,14_17,reviewer,none,3.6,3.9,0,0,0,1,0,0,3.9
14,20,18,14_18,panelist,low,NA,3.9,1,0,1,0,0,0,3.9
14,20,19,14_19,panelist,none,NA,3.9,1,0,0,1,1,-0.3,3.6
14,20,20,14_20,panelist,low,NA,3.9,1,0,1,0,1,0.2,4.1
14,20,21,14_21,panelist,low,NA,3.9,1,0,1,0,0,0,3.9
14,20,22,14_22,panelist,none,NA,3.9,1,0,0,1,1,0.1,4
14,20,23,14_23,panelist,med,NA,3.9,1,0,0,0,0,0,3.9
14,20,24,14_24,panelist,low,NA,3.9,1,0,1,0,1,0.2,4.1
14,21,01,14_01,panelist,none,NA,4.1,1,0,0,1,1,-0.2,3.9
14,21,02,14_02,reviewer,med,4.2,4.1,0,0,0,0,1,0.1,4.2
14,21,03,14_03,reviewer,low,4.2,4.1,0,0,1,0,0,0,4.1
14,21,04,14_04,panelist,low,NA,4.1,1,0,1,0,1,0.2,4.3
14,21,05,14_05,panelist,none,NA,4.1,1,0,0,1,0,0,4.1
14,21,06,14_06,panelist,none,NA,4.1,1,0,0,1,1,0.1,4.2
14,21,07,14_07,panelist,low,NA,4.1,1,0,1,0,0,0,4.1
14,21,08,14_08,reviewer,low,4,4.1,0,0,1,0,0,0,4.1
14,21,09,14_09,panelist,none,NA,4.1,1,0,0,1,1,-0.2,3.9
14,21,10,14_10,panelist,med,NA,4.1,1,0,0,0,0,0,4.1
14,21,11,14_11,panelist,high,NA,4.1,1,1,0,0,1,0.1,4.2
14,21,12,14_12,panelist,none,NA,4.1,1,0,0,1,0,0,4.1
14,21,13,14_13,panelist,none,NA,4.1,1,0,0,1,0,0,4.1
14,21,14,14_14,panelist,none,NA,4.1,1,0,0,1,0,0,4.1
14,21,15,14_15,panelist,med,NA,4.1,1,0,0,0,1,-0.1,4
14,21,16,14_16,panelist,low,NA,4.1,1,0,1,0,0,0,4.1
14,21,17,14_17,panelist,none,NA,4.1,1,0,0,1,0,0,4.1
14,21,18,14_18,panelist,high,NA,4.1,1,1,0,0,0,0,4.1
14,21,19,14_19,panelist,low,NA,4.1,1,0,1,0,0,0,4.1
14,21,20,14_20,panelist,none,NA,4.1,1,0,0,1,1,0.2,4.3
14,21,21,14_21,panelist,low,NA,4.1,1,0,1,0,0,0,4.1
14,21,22,14_22,panelist,none,NA,4.1,1,0,0,1,1,0.3,4.4
14,21,23,14_23,panelist,med,NA,4.1,1,0,0,0,1,0.3,4.4
14,21,24,14_24,panelist,med,NA,4.1,1,0,0,0,0,0,4.1
14,22,01,14_01,panelist,low,NA,4.2,1,0,1,0,1,-0.2,4
14,22,02,14_02,panelist,none,NA,4.2,1,0,0,1,1,0.1,4.3
14,22,03,14_03,panelist,none,NA,4.2,1,0,0,1,1,0.1,4.3
14,22,04,14_04,panelist,med,NA,4.2,1,0,0,0,0,0,4.2
14,22,05,14_05,panelist,low,NA,4.2,1,0,1,0,0,0,4.2
14,22,06,14_06,panelist,none,NA,4.2,1,0,0,1,0,0,4.2
14,22,07,14_07,panelist,none,NA,4.2,1,0,0,1,0,0,4.2
14,22,08,14_08,panelist,med,NA,4.2,1,0,0,0,1,-0.1,4.1
14,22,09,14_09,panelist,none,NA,4.2,1,0,0,1,1,-0.3,3.9
14,22,10,14_10,panelist,none,NA,4.2,1,0,0,1,0,0,4.2
14,22,11,14_11,panelist,low,NA,4.2,1,0,1,0,0,0,4.2
14,22,12,14_12,panelist,none,NA,4.2,1,0,0,1,0,0,4.2
14,22,13,14_13,panelist,none,NA,4.2,1,0,0,1,1,-0.1,4.1
14,22,14,14_14,panelist,high,NA,4.2,1,1,0,0,0,0,4.2
14,22,15,14_15,panelist,low,NA,4.2,1,0,1,0,0,0,4.2
14,22,16,14_16,reviewer,low,4.3,4.2,0,0,1,0,1,0.3,4.5
14,22,17,14_17,panelist,high,NA,4.2,1,1,0,0,0,0,4.2
14,22,18,14_18,reviewer,none,4.3,4.2,0,0,0,1,0,0,4.2
14,22,19,14_19,panelist,med,NA,4.2,1,0,0,0,1,-0.1,4.1
14,22,20,14_20,panelist,med,NA,4.2,1,0,0,0,1,0.1,4.3
14,22,21,14_21,panelist,med,NA,4.2,1,0,0,0,0,0,4.2
14,22,22,14_22,panelist,low,NA,4.2,1,0,1,0,1,0.1,4.3
14,22,23,14_23,panelist,low,NA,4.2,1,0,1,0,1,0.2,4.4
14,22,24,14_24,reviewer,none,4.1,4.2,0,0,0,1,0,0,4.2
14,23,01,14_01,panelist,low,NA,4.1,1,0,1,0,0,0,4.1
14,23,02,14_02,panelist,none,NA,4.1,1,0,0,1,1,0.1,4.2
14,23,03,14_03,panelist,med,NA,4.1,1,0,0,0,1,0.2,4.3
14,23,04,14_04,panelist,high,NA,4.1,1,1,0,0,0,0,4.1
14,23,05,14_05,reviewer,low,4.1,4.1,0,0,1,0,0,0,4.1
14,23,06,14_06,panelist,low,NA,4.1,1,0,1,0,0,0,4.1
14,23,07,14_07,panelist,low,NA,4.1,1,0,1,0,1,0.4,4.5
14,23,08,14_08,reviewer,none,4.1,4.1,0,0,0,1,0,0,4.1
14,23,09,14_09,panelist,none,NA,4.1,1,0,0,1,0,0,4.1
14,23,10,14_10,panelist,none,NA,4.1,1,0,0,1,0,0,4.1
14,23,11,14_11,panelist,med,NA,4.1,1,0,0,0,0,0,4.1
14,23,12,14_12,reviewer,low,4,4.1,0,0,1,0,1,0.1,4.2
14,23,13,14_13,panelist,none,NA,4.1,1,0,0,1,1,-0.3,3.8
14,23,14,14_14,panelist,low,NA,4.1,1,0,1,0,1,-0.1,4
14,23,15,14_15,panelist,med,NA,4.1,1,0,0,0,0,0,4.1
14,23,16,14_16,panelist,med,NA,4.1,1,0,0,0,0,0,4.1
14,23,17,14_17,panelist,med,NA,4.1,1,0,0,0,1,-0.1,4
14,23,18,14_18,panelist,high,NA,4.1,1,1,0,0,0,0,4.1
14,23,19,14_19,panelist,none,NA,4.1,1,0,0,1,1,-0.3,3.8
14,23,20,14_20,panelist,none,NA,4.1,1,0,0,1,0,0,4.1
14,23,21,14_21,panelist,low,NA,4.1,1,0,1,0,0,0,4.1
14,23,22,14_22,panelist,none,NA,4.1,1,0,0,1,0,0,4.1
14,23,23,14_23,panelist,none,NA,4.1,1,0,0,1,0,0,4.1
14,23,24,14_24,panelist,none,NA,4.1,1,0,0,1,1,0.1,4.2
14,24,01,14_01,panelist,none,NA,3.8,1,0,0,1,1,-0.3,3.5
14,24,02,14_02,panelist,none,NA,3.8,1,0,0,1,0,0,3.8
14,24,03,14_03,panelist,med,NA,3.8,1,0,0,0,0,0,3.8
14,24,04,14_04,panelist,low,NA,3.8,1,0,1,0,0,0,3.8
14,24,05,14_05,panelist,high,NA,3.8,1,1,0,0,0,0,3.8
14,24,06,14_06,panelist,low,NA,3.8,1,0,1,0,1,0.3,4.1
14,24,07,14_07,panelist,none,NA,3.8,1,0,0,1,0,0,3.8
14,24,08,14_08,panelist,med,NA,3.8,1,0,0,0,0,0,3.8
14,24,09,14_09,panelist,high,NA,3.8,1,1,0,0,0,0,3.8
14,24,10,14_10,reviewer,low,3.9,3.8,0,0,1,0,0,0,3.8
14,24,11,14_11,panelist,none,NA,3.8,1,0,0,1,0,0,3.8
14,24,12,14_12,panelist,none,NA,3.8,1,0,0,1,1,0.1,3.9
14,24,13,14_13,panelist,low,NA,3.8,1,0,1,0,1,-0.3,3.5
14,24,14,14_14,panelist,none,NA,3.8,1,0,0,1,1,-0.1,3.7
14,24,15,14_15,reviewer,med,3.5,3.8,0,0,0,0,0,0,3.8
14,24,16,14_16,panelist,med,NA,3.8,1,0,0,0,1,0.4,4.2
14,24,17,14_17,panelist,low,NA,3.8,1,0,1,0,1,0.1,3.9
14,24,18,14_18,panelist,none,NA,3.8,1,0,0,1,1,-0.1,3.7
14,24,19,14_19,reviewer,low,4.1,3.8,0,0,1,0,0,0,3.8
14,24,20,14_20,panelist,none,NA,3.8,1,0,0,1,1,-0.2,3.6
14,24,21,14_21,panelist,none,NA,3.8,1,0,0,1,0,0,3.8
14,24,22,14_22,panelist,low,NA,3.8,1,0,1,0,1,0.1,3.9
14,24,23,14_23,panelist,med,NA,3.8,1,0,0,0,0,0,3.8
14,24,24,14_24,panelist,none,NA,3.8,1,0,0,1,1,0.1,3.9
14,26,01,14_01,panelist,low,NA,3.8,1,0,1,0,1,-0.2,3.6
14,26,02,14_02,panelist,med,NA,3.8,1,0,0,0,0,0,3.8
14,26,03,14_03,panelist,none,NA,3.8,1,0,0,1,1,-0.1,3.7
14,26,04,14_04,panelist,none,NA,3.8,1,0,0,1,0,0,3.8
14,26,05,14_05,reviewer,high,3.7,3.8,0,1,0,0,0,0,3.8
14,26,06,14_06,panelist,low,NA,3.8,1,0,1,0,1,0.1,3.9
14,26,07,14_07,reviewer,none,4.1,3.8,0,0,0,1,1,0.2,4
14,26,08,14_08,panelist,none,NA,3.8,1,0,0,1,0,0,3.8
14,26,09,14_09,reviewer,med,3.7,3.8,0,0,0,0,0,0,3.8
14,26,10,14_10,panelist,med,NA,3.8,1,0,0,0,1,0.1,3.9
14,26,11,14_11,panelist,low,NA,3.8,1,0,1,0,0,0,3.8
14,26,12,14_12,panelist,none,NA,3.8,1,0,0,1,0,0,3.8
14,26,13,14_13,panelist,low,NA,3.8,1,0,1,0,1,-0.2,3.6
14,26,14,14_14,panelist,low,NA,3.8,1,0,1,0,0,0,3.8
14,26,15,14_15,panelist,none,NA,3.8,1,0,0,1,1,-0.1,3.7
14,26,16,14_16,panelist,low,NA,3.8,1,0,1,0,0,0,3.8
14,26,17,14_17,panelist,none,NA,3.8,1,0,0,1,1,0.1,3.9
14,26,18,14_18,panelist,low,NA,3.8,1,0,1,0,0,0,3.8
14,26,19,14_19,panelist,none,NA,3.8,1,0,0,1,1,-0.3,3.5
14,26,20,14_20,panelist,high,NA,3.8,1,1,0,0,0,0,3.8
14,26,21,14_21,panelist,none,NA,3.8,1,0,0,1,1,-0.1,3.7
14,26,22,14_22,panelist,med,NA,3.8,1,0,0,0,0,0,3.8
14,26,23,14_23,panelist,none,NA,3.8,1,0,0,1,1,0.4,4.2
14,26,24,14_24,panelist,med,NA,3.8,1,0,0,0,1,0.2,4
14,27,01,14_01,panelist,med,NA,3.9,1,0,0,0,0,0,3.9
14,27,02,14_02,panelist,low,NA,3.9,1,0,1,0,0,0,3.9
14,27,03,14_03,panelist,high,NA,3.9,1,1,0,0,0,0,3.9
14,27,04,14_04,panelist,low,NA,3.9,1,0,1,0,0,0,3.9
14,27,05,14_05,panelist,low,NA,3.9,1,0,1,0,0,0,3.9
14,27,06,14_06,panelist,med,NA,3.9,1,0,0,0,0,0,3.9
14,27,07,14_07,panelist,high,NA,3.9,1,1,0,0,1,-0.1,3.8
14,27,08,14_08,panelist,none,NA,3.9,1,0,0,1,1,-0.1,3.8
14,27,09,14_09,panelist,none,NA,3.9,1,0,0,1,1,0.2,4.1
14,27,10,14_10,panelist,none,NA,3.9,1,0,0,1,0,0,3.9
14,27,11,14_11,panelist,low,NA,3.9,1,0,1,0,1,0.1,4
14,27,12,14_12,panelist,med,NA,3.9,1,0,0,0,0,0,3.9
14,27,13,14_13,panelist,none,NA,3.9,1,0,0,1,1,-0.3,3.6
14,27,14,14_14,panelist,none,NA,3.9,1,0,0,1,1,0.4,4.3
14,27,15,14_15,panelist,none,NA,3.9,1,0,0,1,0,0,3.9
14,27,16,14_16,reviewer,none,4.2,3.9,0,0,0,1,1,0.3,4.2
14,27,17,14_17,reviewer,none,3.6,3.9,0,0,0,1,0,0,3.9
14,27,18,14_18,panelist,low,NA,3.9,1,0,1,0,1,0.3,4.2
14,27,19,14_19,panelist,med,NA,3.9,1,0,0,0,1,0.1,4
14,27,20,14_20,panelist,none,NA,3.9,1,0,0,1,0,0,3.9
14,27,21,14_21,panelist,none,NA,3.9,1,0,0,1,1,-0.2,3.7
14,27,22,14_22,panelist,low,NA,3.9,1,0,1,0,0,0,3.9
14,27,23,14_23,reviewer,med,4,3.9,0,0,0,0,0,0,3.9
14,27,24,14_24,panelist,low,NA,3.9,1,0,1,0,0,0,3.9
15,6,01,15_01,panelist,none,NA,4.4,1,0,0,1,1,0.3,4.7
15,6,02,15_02,panelist,none,NA,4.4,1,0,0,1,0,0,4.4
15,6,03,15_03,panelist,med,NA,4.4,1,0,0,0,0,0,4.4
15,6,04,15_04,reviewer,low,4.2,4.4,0,0,1,0,0,0,4.4
15,6,05,15_05,panelist,med,NA,4.4,1,0,0,0,0,0,4.4
15,6,06,15_06,panelist,low,NA,4.4,1,0,1,0,0,0,4.4
15,6,07,15_07,panelist,low,NA,4.4,1,0,1,0,1,-0.1,4.3
15,6,08,15_08,reviewer,none,4.2,4.4,0,0,0,1,1,-0.1,4.3
15,6,09,15_09,panelist,none,NA,4.4,1,0,0,1,1,0.1,4.5
15,6,10,15_10,panelist,high,NA,4.4,1,1,0,0,0,0,4.4
15,6,11,15_11,reviewer,none,4.9,4.4,0,0,0,1,1,-0.4,4
15,6,12,15_12,panelist,med,NA,4.4,1,0,0,0,0,0,4.4
15,6,13,15_13,panelist,med,NA,4.4,1,0,0,0,0,0,4.4
15,6,14,15_14,panelist,none,NA,4.4,1,0,0,1,1,0.4,4.8
15,6,15,15_15,panelist,med,NA,4.4,1,0,0,0,1,0.1,4.5
15,6,16,15_16,panelist,none,NA,4.4,1,0,0,1,0,0,4.4
15,6,17,15_17,panelist,none,NA,4.4,1,0,0,1,1,0.2,4.6
15,6,18,15_18,panelist,low,NA,4.4,1,0,1,0,0,0,4.4
15,6,19,15_19,panelist,none,NA,4.4,1,0,0,1,0,0,4.4
15,6,20,15_20,panelist,high,NA,4.4,1,1,0,0,0,0,4.4
15,6,21,15_21,panelist,low,NA,4.4,1,0,1,0,1,-0.1,4.3
15,6,22,15_22,panelist,none,NA,4.4,1,0,0,1,0,0,4.4
15,6,23,15_23,panelist,low,NA,4.4,1,0,1,0,1,0.1,4.5
15,6,24,15_24,panelist,low,NA,4.4,1,0,1,0,1,-0.4,4
15,7,01,15_01,panelist,med,NA,4.7,1,0,0,0,0,0,4.7
15,7,02,15_02,reviewer,none,4.9,4.7,0,0,0,1,0,0,4.7
15,7,03,15_03,panelist,none,NA,4.7,1,0,0,1,0,0,4.7
15,7,04,15_04,panelist,low,NA,4.7,1,0,1,0,0,0,4.7
15,7,05,15_05,reviewer,low,4.6,4.7,0,0,1,0,0,0,4.7
15,7,06,15_06,panelist,high,NA,4.7,1,1,0,0,1,0.1,4.8
15,7,07,15_07,panelist,low,NA,4.7,1,0,1,0,1,-0.2,4.5
15,7,08,15_08,panelist,none,NA,4.7,1,0,0,1,0,0,4.7
15,7,09,15_09,panelist,med,NA,4.7,1,0,0,0,0,0,4.7
15,7,10,15_10,panelist,high,NA,4.7,1,1,0,0,0,0,4.7
15,7,11,15_11,panelist,none,NA,4.7,1,0,0,1,0,0,4.7
15,7,12,15_12,panelist,none,NA,4.7,1,0,0,1,0,0,4.7
15,7,13,15_13,panelist,low,NA,4.7,1,0,1,0,0,0,4.7
15,7,14,15_14,panelist,none,NA,4.7,1,0,0,1,0,0,4.7
15,7,15,15_15,reviewer,low,4.5,4.7,0,0,1,0,0,0,4.7
15,7,16,15_16,panelist,none,NA,4.7,1,0,0,1,0,0,4.7
15,7,17,15_17,panelist,none,NA,4.7,1,0,0,1,1,0.1,4.8
15,7,18,15_18,panelist,none,NA,4.7,1,0,0,1,1,-0.3,4.4
15,7,19,15_19,panelist,low,NA,4.7,1,0,1,0,1,0.1,4.8
15,7,20,15_20,panelist,med,NA,4.7,1,0,0,0,1,0.2,4.9
15,7,21,15_21,panelist,low,NA,4.7,1,0,1,0,1,-0.1,4.6
15,7,22,15_22,panelist,med,NA,4.7,1,0,0,0,0,0,4.7
15,7,23,15_23,panelist,med,NA,4.7,1,0,0,0,1,-0.1,4.6
15,7,24,15_24,panelist,none,NA,4.7,1,0,0,1,1,-0.3,4.4
15,12,01,15_01,panelist,low,NA,4.3,1,0,1,0,0,0,4.3
15,12,02,15_02,panelist,med,NA,4.3,1,0,0,0,0,0,4.3
15,12,03,15_03,panelist,high,NA,4.3,1,1,0,0,0,0,4.3
15,12,04,15_04,panelist,low,NA,4.3,1,0,1,0,1,0.2,4.5
15,12,05,15_05,reviewer,high,4.6,4.3,0,1,0,0,0,0,4.3
15,12,06,15_06,panelist,low,NA,4.3,1,0,1,0,0,0,4.3
15,12,07,15_07,panelist,none,NA,4.3,1,0,0,1,1,-0.2,4.1
15,12,08,15_08,panelist,none,NA,4.3,1,0,0,1,0,0,4.3
15,12,09,15_09,panelist,med,NA,4.3,1,0,0,0,1,0.1,4.4
15,12,10,15_10,panelist,med,NA,4.3,1,0,0,0,0,0,4.3
15,12,11,15_11,panelist,none,NA,4.3,1,0,0,1,0,0,4.3
15,12,12,15_12,panelist,med,NA,4.3,1,0,0,0,0,0,4.3
15,12,13,15_13,panelist,none,NA,4.3,1,0,0,1,1,-0.1,4.2
15,12,14,15_14,panelist,low,NA,4.3,1,0,1,0,1,0.1,4.4
15,12,15,15_15,panelist,none,NA,4.3,1,0,0,1,1,-0.2,4.1
15,12,16,15_16,panelist,none,NA,4.3,1,0,0,1,1,0.2,4.5
15,12,17,15_17,panelist,none,NA,4.3,1,0,0,1,0,0,4.3
15,12,18,15_18,reviewer,med,4.5,4.3,0,0,0,0,0,0,4.3
15,12,19,15_19,panelist,low,NA,4.3,1,0,1,0,1,0.1,4.4
15,12,20,15_20,panelist,low,NA,4.3,1,0,1,0,0,0,4.3
15,12,21,15_21,reviewer,low,3.9,4.3,0,0,1,0,0,0,4.3
15,12,22,15_22,panelist,none,NA,4.3,1,0,0,1,0,0,4.3
15,12,23,15_23,panelist,none,NA,4.3,1,0,0,1,0,0,4.3
15,12,24,15_24,panelist,none,NA,4.3,1,0,0,1,0,0,4.3
15,14,01,15_01,panelist,none,NA,3.8,1,0,0,1,1,0.1,3.9
15,14,02,15_02,panelist,none,NA,3.8,1,0,0,1,1,0.2,4
15,14,03,15_03,panelist,low,NA,3.8,1,0,1,0,0,0,3.8
15,14,04,15_04,panelist,low,NA,3.8,1,0,1,0,1,0.1,3.9
15,14,05,15_05,panelist,low,NA,3.8,1,0,1,0,1,-0.1,3.7
15,14,06,15_06,panelist,low,NA,3.8,1,0,1,0,0,0,3.8
15,14,07,15_07,panelist,none,NA,3.8,1,0,0,1,0,0,3.8
15,14,08,15_08,panelist,med,NA,3.8,1,0,0,0,0,0,3.8
15,14,09,15_09,panelist,none,NA,3.8,1,0,0,1,0,0,3.8
15,14,10,15_10,panelist,low,NA,3.8,1,0,1,0,0,0,3.8
15,14,11,15_11,panelist,none,NA,3.8,1,0,0,1,0,0,3.8
15,14,12,15_12,panelist,med,NA,3.8,1,0,0,0,0,0,3.8
15,14,13,15_13,panelist,med,NA,3.8,1,0,0,0,0,0,3.8
15,14,14,15_14,panelist,none,NA,3.8,1,0,0,1,1,0.4,4.2
15,14,15,15_15,panelist,low,NA,3.8,1,0,1,0,0,0,3.8
15,14,16,15_16,panelist,high,NA,3.8,1,1,0,0,0,0,3.8
15,14,17,15_17,panelist,low,NA,3.8,1,0,1,0,1,-0.1,3.7
15,14,18,15_18,reviewer,med,3.8,3.8,0,0,0,0,0,0,3.8
15,14,19,15_19,panelist,high,NA,3.8,1,1,0,0,1,0.1,3.9
15,14,20,15_20,panelist,none,NA,3.8,1,0,0,1,0,0,3.8
15,14,21,15_21,reviewer,none,3.7,3.8,0,0,0,1,1,-0.1,3.7
15,14,22,15_22,reviewer,none,3.8,3.8,0,0,0,1,0,0,3.8
15,14,23,15_23,panelist,med,NA,3.8,1,0,0,0,0,0,3.8
15,14,24,15_24,panelist,none,NA,3.8,1,0,0,1,0,0,3.8
15,15,01,15_01,panelist,med,NA,4.2,1,0,0,0,0,0,4.2
15,15,02,15_02,panelist,med,NA,4.2,1,0,0,0,0,0,4.2
15,15,03,15_03,panelist,low,NA,4.2,1,0,1,0,1,-0.2,4
15,15,04,15_04,panelist,med,NA,4.2,1,0,0,0,0,0,4.2
15,15,05,15_05,panelist,high,NA,4.2,1,1,0,0,1,0.4,4.6
15,15,06,15_06,panelist,low,NA,4.2,1,0,1,0,1,0.1,4.3
15,15,07,15_07,panelist,none,NA,4.2,1,0,0,1,1,-0.1,4.1
15,15,08,15_08,reviewer,none,4.2,4.2,0,0,0,1,0,0,4.2
15,15,09,15_09,panelist,med,NA,4.2,1,0,0,0,0,0,4.2
15,15,10,15_10,panelist,low,NA,4.2,1,0,1,0,0,0,4.2
15,15,11,15_11,panelist,none,NA,4.2,1,0,0,1,0,0,4.2
15,15,12,15_12,panelist,none,NA,4.2,1,0,0,1,1,0.2,4.4
15,15,13,15_13,panelist,none,NA,4.2,1,0,0,1,0,0,4.2
15,15,14,15_14,panelist,none,NA,4.2,1,0,0,1,1,0.2,4.4
15,15,15,15_15,reviewer,none,3.8,4.2,0,0,0,1,1,0.1,4.3
15,15,16,15_16,panelist,low,NA,4.2,1,0,1,0,1,0.3,4.5
15,15,17,15_17,panelist,none,NA,4.2,1,0,0,1,1,-0.2,4
15,15,18,15_18,panelist,low,NA,4.2,1,0,1,0,0,0,4.2
15,15,19,15_19,reviewer,none,4.5,4.2,0,0,0,1,0,0,4.2
15,15,20,15_20,panelist,low,NA,4.2,1,0,1,0,0,0,4.2
15,15,21,15_21,panelist,med,NA,4.2,1,0,0,0,0,0,4.2
15,15,22,15_22,panelist,none,NA,4.2,1,0,0,1,0,0,4.2
15,15,23,15_23,panelist,low,NA,4.2,1,0,1,0,1,-0.2,4
15,15,24,15_24,panelist,high,NA,4.2,1,1,0,0,0,0,4.2
15,16,01,15_01,reviewer,low,4.1,3.9,0,0,1,0,0,0,3.9
15,16,02,15_02,panelist,med,NA,3.9,1,0,0,0,1,0.2,4.1
15,16,03,15_03,panelist,none,NA,3.9,1,0,0,1,0,0,3.9
15,16,04,15_04,panelist,low,NA,3.9,1,0,1,0,1,0.3,4.2
15,16,05,15_05,panelist,low,NA,3.9,1,0,1,0,0,0,3.9
15,16,06,15_06,panelist,low,NA,3.9,1,0,1,0,0,0,3.9
15,16,07,15_07,panelist,med,NA,3.9,1,0,0,0,1,-0.1,3.8
15,16,08,15_08,panelist,none,NA,3.9,1,0,0,1,1,-0.2,3.7
15,16,09,15_09,panelist,none,NA,3.9,1,0,0,1,0,0,3.9
15,16,10,15_10,panelist,none,NA,3.9,1,0,0,1,1,0.3,4.2
15,16,11,15_11,reviewer,med,3.9,3.9,0,0,0,0,1,-0.1,3.8
15,16,12,15_12,reviewer,none,3.8,3.9,0,0,0,1,0,0,3.9
15,16,13,15_13,panelist,none,NA,3.9,1,0,0,1,0,0,3.9
15,16,14,15_14,panelist,none,NA,3.9,1,0,0,1,1,0.1,4
15,16,15,15_15,panelist,none,NA,3.9,1,0,0,1,1,0.3,4.2
15,16,16,15_16,panelist,low,NA,3.9,1,0,1,0,0,0,3.9
15,16,17,15_17,panelist,none,NA,3.9,1,0,0,1,0,0,3.9
15,16,18,15_18,panelist,med,NA,3.9,1,0,0,0,1,0.1,4
15,16,19,15_19,panelist,none,NA,3.9,1,0,0,1,1,0.4,4.3
15,16,20,15_20,panelist,high,NA,3.9,1,1,0,0,0,0,3.9
15,16,21,15_21,panelist,low,NA,3.9,1,0,1,0,1,-0.3,3.6
15,16,22,15_22,panelist,low,NA,3.9,1,0,1,0,0,0,3.9
15,16,23,15_23,panelist,high,NA,3.9,1,1,0,0,0,0,3.9
15,16,24,15_24,panelist,med,NA,3.9,1,0,0,0,0,0,3.9
15,17,01,15_01,panelist,low,NA,4.7,1,0,1,0,0,0,4.7
15,17,02,15_02,reviewer,med,4.8,4.7,0,0,0,0,0,0,4.7
15,17,03,15_03,panelist,low,NA,4.7,1,0,1,0,1,0.1,4.8
15,17,04,15_04,panelist,high,NA,4.7,1,1,0,0,1,0.4,4.9
15,17,05,15_05,panelist,low,NA,4.7,1,0,1,0,1,-0.5,4.2
15,17,06,15_06,panelist,none,NA,4.7,1,0,0,1,1,-0.2,4.5
15,17,07,15_07,panelist,med,NA,4.7,1,0,0,0,1,-0.2,4.5
15,17,08,15_08,panelist,none,NA,4.7,1,0,0,1,1,-0.3,4.4
15,17,09,15_09,panelist,none,NA,4.7,1,0,0,1,1,0.1,4.8
15,17,10,15_10,panelist,high,NA,4.7,1,1,0,0,1,-0.1,4.6
15,17,11,15_11,reviewer,none,4.6,4.7,0,0,0,1,0,0,4.7
15,17,12,15_12,panelist,none,NA,4.7,1,0,0,1,0,0,4.7
15,17,13,15_13,panelist,med,NA,4.7,1,0,0,0,0,0,4.7
15,17,14,15_14,panelist,none,NA,4.7,1,0,0,1,0,0,4.7
15,17,15,15_15,panelist,med,NA,4.7,1,0,0,0,1,0.1,4.8
15,17,16,15_16,panelist,none,NA,4.7,1,0,0,1,0,0,4.7
15,17,17,15_17,panelist,low,NA,4.7,1,0,1,0,0,0,4.7
15,17,18,15_18,panelist,med,NA,4.7,1,0,0,0,0,0,4.7
15,17,19,15_19,panelist,low,NA,4.7,1,0,1,0,0,0,4.7
15,17,20,15_20,panelist,none,NA,4.7,1,0,0,1,0,0,4.7
15,17,21,15_21,reviewer,low,4.8,4.7,0,0,1,0,0,0,4.7
15,17,22,15_22,panelist,none,NA,4.7,1,0,0,1,1,0.3,4.9
15,17,23,15_23,panelist,none,NA,4.7,1,0,0,1,1,-0.2,4.5
15,17,24,15_24,panelist,low,NA,4.7,1,0,1,0,0,0,4.7
15,18,01,15_01,reviewer,low,3.8,4.2,0,0,1,0,0,0,4.2
15,18,02,15_02,panelist,low,NA,4.2,1,0,1,0,0,0,4.2
15,18,03,15_03,panelist,none,NA,4.2,1,0,0,1,0,0,4.2
15,18,04,15_04,panelist,none,NA,4.2,1,0,0,1,1,0.2,4.4
15,18,05,15_05,reviewer,med,4.5,4.2,0,0,0,0,0,0,4.2
15,18,06,15_06,panelist,med,NA,4.2,1,0,0,0,1,-0.1,4.1
15,18,07,15_07,panelist,none,NA,4.2,1,0,0,1,1,-0.2,4
15,18,08,15_08,panelist,med,NA,4.2,1,0,0,0,0,0,4.2
15,18,09,15_09,panelist,high,NA,4.2,1,1,0,0,0,0,4.2
15,18,10,15_10,panelist,high,NA,4.2,1,1,0,0,1,0.2,4.4
15,18,11,15_11,panelist,none,NA,4.2,1,0,0,1,0,0,4.2
15,18,12,15_12,panelist,none,NA,4.2,1,0,0,1,0,0,4.2
15,18,13,15_13,panelist,low,NA,4.2,1,0,1,0,1,-0.1,4.1
15,18,14,15_14,panelist,low,NA,4.2,1,0,1,0,0,0,4.2
15,18,15,15_15,panelist,none,NA,4.2,1,0,0,1,0,0,4.2
15,18,16,15_16,panelist,low,NA,4.2,1,0,1,0,0,0,4.2
15,18,17,15_17,panelist,med,NA,4.2,1,0,0,0,0,0,4.2
15,18,18,15_18,panelist,none,NA,4.2,1,0,0,1,0,0,4.2
15,18,19,15_19,reviewer,low,4.2,4.2,0,0,1,0,0,0,4.2
15,18,20,15_20,panelist,med,NA,4.2,1,0,0,0,0,0,4.2
15,18,21,15_21,panelist,none,NA,4.2,1,0,0,1,1,-0.2,4
15,18,22,15_22,panelist,none,NA,4.2,1,0,0,1,1,0.1,4.3
15,18,23,15_23,panelist,low,NA,4.2,1,0,1,0,0,0,4.2
15,18,24,15_24,panelist,none,NA,4.2,1,0,0,1,0,0,4.2
15,21,01,15_01,reviewer,none,4.2,4.1,0,0,0,1,1,-0.1,4
15,21,02,15_02,panelist,med,NA,4.1,1,0,0,0,0,0,4.1
15,21,03,15_03,panelist,low,NA,4.1,1,0,1,0,0,0,4.1
15,21,04,15_04,panelist,med,NA,4.1,1,0,0,0,0,0,4.1
15,21,05,15_05,panelist,low,NA,4.1,1,0,1,0,0,0,4.1
15,21,06,15_06,panelist,none,NA,4.1,1,0,0,1,0,0,4.1
15,21,07,15_07,panelist,low,NA,4.1,1,0,1,0,0,0,4.1
15,21,08,15_08,reviewer,low,3.9,4.1,0,0,1,0,1,0.1,4.2
15,21,09,15_09,panelist,low,NA,4.1,1,0,1,0,1,0.1,4.2
15,21,10,15_10,panelist,high,NA,4.1,1,1,0,0,0,0,4.1
15,21,11,15_11,panelist,none,NA,4.1,1,0,0,1,1,-0.2,3.9
15,21,12,15_12,panelist,high,NA,4.1,1,1,0,0,0,0,4.1
15,21,13,15_13,panelist,med,NA,4.1,1,0,0,0,0,0,4.1
15,21,14,15_14,panelist,none,NA,4.1,1,0,0,1,1,0.1,4.2
15,21,15,15_15,panelist,med,NA,4.1,1,0,0,0,0,0,4.1
15,21,16,15_16,panelist,none,NA,4.1,1,0,0,1,0,0,4.1
15,21,17,15_17,panelist,none,NA,4.1,1,0,0,1,0,0,4.1
15,21,18,15_18,panelist,low,NA,4.1,1,0,1,0,0,0,4.1
15,21,19,15_19,panelist,none,NA,4.1,1,0,0,1,1,-0.1,4
15,21,20,15_20,panelist,low,NA,4.1,1,0,1,0,0,0,4.1
15,21,21,15_21,panelist,med,NA,4.1,1,0,0,0,0,0,4.1
15,21,22,15_22,panelist,none,NA,4.1,1,0,0,1,0,0,4.1
15,21,23,15_23,reviewer,none,4.2,4.1,0,0,0,1,0,0,4.1
15,21,24,15_24,panelist,none,NA,4.1,1,0,0,1,0,0,4.1
15,24,01,15_01,reviewer,none,4.2,4.4,0,0,0,1,1,0.3,4.7
15,24,02,15_02,panelist,low,NA,4.4,1,0,1,0,1,0.2,4.6
15,24,03,15_03,panelist,none,NA,4.4,1,0,0,1,1,0.3,4.7
15,24,04,15_04,panelist,low,NA,4.4,1,0,1,0,1,-0.1,4.3
15,24,05,15_05,panelist,none,NA,4.4,1,0,0,1,1,-0.2,4.2
15,24,06,15_06,panelist,low,NA,4.4,1,0,1,0,1,0.1,4.5
15,24,07,15_07,panelist,low,NA,4.4,1,0,1,0,1,0.1,4.5
15,24,08,15_08,panelist,none,NA,4.4,1,0,0,1,1,0.1,4.5
15,24,09,15_09,panelist,none,NA,4.4,1,0,0,1,1,0.2,4.6
15,24,10,15_10,panelist,med,NA,4.4,1,0,0,0,0,0,4.4
15,24,11,15_11,panelist,med,NA,4.4,1,0,0,0,0,0,4.4
15,24,12,15_12,panelist,low,NA,4.4,1,0,1,0,0,0,4.4
15,24,13,15_13,panelist,none,NA,4.4,1,0,0,1,0,0,4.4
15,24,14,15_14,panelist,low,NA,4.4,1,0,1,0,0,0,4.4
15,24,15,15_15,panelist,med,NA,4.4,1,0,0,0,0,0,4.4
15,24,16,15_16,panelist,none,NA,4.4,1,0,0,1,0,0,4.4
15,24,17,15_17,reviewer,none,4.3,4.4,0,0,0,1,1,-0.1,4.3
15,24,18,15_18,panelist,none,NA,4.4,1,0,0,1,1,0.2,4.6
15,24,19,15_19,reviewer,high,4.8,4.4,0,1,0,0,0,0,4.4
15,24,20,15_20,panelist,med,NA,4.4,1,0,0,0,0,0,4.4
15,24,21,15_21,panelist,none,NA,4.4,1,0,0,1,1,0.1,4.5
15,24,22,15_22,panelist,high,NA,4.4,1,1,0,0,0,0,4.4
15,24,23,15_23,panelist,low,NA,4.4,1,0,1,0,0,0,4.4
15,24,24,15_24,panelist,med,NA,4.4,1,0,0,0,0,0,4.4
15,25,01,15_01,panelist,med,NA,3.6,1,0,0,0,0,0,3.6
15,25,02,15_02,panelist,low,NA,3.6,1,0,1,0,0,0,3.6
15,25,03,15_03,panelist,low,NA,3.6,1,0,1,0,0,0,3.6
15,25,04,15_04,reviewer,none,3.3,3.6,0,0,0,1,1,0.3,3.9
15,25,05,15_05,panelist,high,NA,3.6,1,1,0,0,0,0,3.6
15,25,06,15_06,panelist,none,NA,3.6,1,0,0,1,1,0.2,3.8
15,25,07,15_07,panelist,med,NA,3.6,1,0,0,0,1,-0.2,3.4
15,25,08,15_08,panelist,med,NA,3.6,1,0,0,0,0,0,3.6
15,25,09,15_09,panelist,none,NA,3.6,1,0,0,1,0,0,3.6
15,25,10,15_10,panelist,none,NA,3.6,1,0,0,1,1,-0.1,3.5
15,25,11,15_11,panelist,med,NA,3.6,1,0,0,0,0,0,3.6
15,25,12,15_12,panelist,low,NA,3.6,1,0,1,0,1,0.1,3.7
15,25,13,15_13,panelist,none,NA,3.6,1,0,0,1,1,0.1,3.7
15,25,14,15_14,panelist,none,NA,3.6,1,0,0,1,1,0.1,3.7
15,25,15,15_15,panelist,none,NA,3.6,1,0,0,1,1,0.1,3.7
15,25,16,15_16,panelist,none,NA,3.6,1,0,0,1,1,0.2,3.8
15,25,17,15_17,panelist,none,NA,3.6,1,0,0,1,0,0,3.6
15,25,18,15_18,panelist,none,NA,3.6,1,0,0,1,1,0.3,3.9
15,25,19,15_19,reviewer,med,3.7,3.6,0,0,0,0,0,0,3.6
15,25,20,15_20,reviewer,high,3.7,3.6,0,1,0,0,0,0,3.6
15,25,21,15_21,panelist,low,NA,3.6,1,0,1,0,1,-0.1,3.5
15,25,22,15_22,panelist,low,NA,3.6,1,0,1,0,1,-0.3,3.3
15,25,23,15_23,panelist,low,NA,3.6,1,0,1,0,0,0,3.6
15,25,24,15_24,panelist,low,NA,3.6,1,0,1,0,0,0,3.6
15,26,01,15_01,panelist,med,NA,4.2,1,0,0,0,0,0,4.2
15,26,02,15_02,panelist,none,NA,4.2,1,0,0,1,0,0,4.2
15,26,03,15_03,panelist,none,NA,4.2,1,0,0,1,0,0,4.2
15,26,04,15_04,panelist,low,NA,4.2,1,0,1,0,0,0,4.2
15,26,05,15_05,panelist,low,NA,4.2,1,0,1,0,0,0,4.2
15,26,06,15_06,reviewer,none,4.1,4.2,0,0,0,1,1,-0.1,4.1
15,26,07,15_07,reviewer,none,4.4,4.2,0,0,0,1,0,0,4.2
15,26,08,15_08,panelist,low,NA,4.2,1,0,1,0,1,0.1,4.3
15,26,09,15_09,panelist,high,NA,4.2,1,1,0,0,0,0,4.2
15,26,10,15_10,panelist,low,NA,4.2,1,0,1,0,1,0.2,4.4
15,26,11,15_11,panelist,high,NA,4.2,1,1,0,0,1,-0.3,3.9
15,26,12,15_12,panelist,med,NA,4.2,1,0,0,0,0,0,4.2
15,26,13,15_13,panelist,none,NA,4.2,1,0,0,1,1,0.3,4.5
15,26,14,15_14,panelist,med,NA,4.2,1,0,0,0,0,0,4.2
15,26,15,15_15,panelist,low,NA,4.2,1,0,1,0,0,0,4.2
15,26,16,15_16,panelist,low,NA,4.2,1,0,1,0,0,0,4.2
15,26,17,15_17,panelist,med,NA,4.2,1,0,0,0,0,0,4.2
15,26,18,15_18,panelist,none,NA,4.2,1,0,0,1,1,-0.2,4
15,26,19,15_19,panelist,none,NA,4.2,1,0,0,1,1,0.1,4.3
15,26,20,15_20,reviewer,none,4.1,4.2,0,0,0,1,1,0.1,4.3
15,26,21,15_21,panelist,med,NA,4.2,1,0,0,0,0,0,4.2
15,26,22,15_22,panelist,low,NA,4.2,1,0,1,0,0,0,4.2
15,26,23,15_23,panelist,none,NA,4.2,1,0,0,1,1,0.1,4.3
15,26,24,15_24,panelist,none,NA,4.2,1,0,0,1,1,-0.4,3.8
15,28,01,15_01,panelist,low,NA,3.8,1,0,1,0,0,0,3.8
15,28,02,15_02,reviewer,none,3.9,3.8,0,0,0,1,0,0,3.8
15,28,03,15_03,panelist,med,NA,3.8,1,0,0,0,1,0.3,4.1
15,28,04,15_04,panelist,med,NA,3.8,1,0,0,0,0,0,3.8
15,28,05,15_05,panelist,low,NA,3.8,1,0,1,0,1,-0.2,3.6
15,28,06,15_06,panelist,none,NA,3.8,1,0,0,1,1,-0.1,3.7
15,28,07,15_07,panelist,high,NA,3.8,1,1,0,0,0,0,3.8
15,28,08,15_08,panelist,none,NA,3.8,1,0,0,1,1,-0.2,3.6
15,28,09,15_09,panelist,low,NA,3.8,1,0,1,0,0,0,3.8
15,28,10,15_10,reviewer,none,3.3,3.8,0,0,0,1,0,0,3.8
15,28,11,15_11,panelist,none,NA,3.8,1,0,0,1,0,0,3.8
15,28,12,15_12,panelist,med,NA,3.8,1,0,0,0,1,-0.1,3.7
15,28,13,15_13,panelist,none,NA,3.8,1,0,0,1,1,-0.2,3.6
15,28,14,15_14,panelist,none,NA,3.8,1,0,0,1,0,0,3.8
15,28,15,15_15,panelist,none,NA,3.8,1,0,0,1,0,0,3.8
15,28,16,15_16,reviewer,high,4.1,3.8,0,1,0,0,0,0,3.8
15,28,17,15_17,panelist,low,NA,3.8,1,0,1,0,0,0,3.8
15,28,18,15_18,panelist,low,NA,3.8,1,0,1,0,0,0,3.8
15,28,19,15_19,panelist,none,NA,3.8,1,0,0,1,0,0,3.8
15,28,20,15_20,panelist,med,NA,3.8,1,0,0,0,0,0,3.8
15,28,21,15_21,panelist,none,NA,3.8,1,0,0,1,0,0,3.8
15,28,22,15_22,panelist,low,NA,3.8,1,0,1,0,0,0,3.8
15,28,23,15_23,panelist,low,NA,3.8,1,0,1,0,0,0,3.8
15,28,24,15_24,panelist,med,NA,3.8,1,0,0,0,0,0,3.8
15,29,01,15_01,panelist,low,NA,3.7,1,0,1,0,0,0,3.7
15,29,02,15_02,panelist,none,NA,3.7,1,0,0,1,0,0,3.7
15,29,03,15_03,panelist,low,NA,3.7,1,0,1,0,1,0.1,3.8
15,29,04,15_04,panelist,none,NA,3.7,1,0,0,1,0,0,3.7
15,29,05,15_05,panelist,none,NA,3.7,1,0,0,1,1,-0.1,3.6
15,29,06,15_06,panelist,low,NA,3.7,1,0,1,0,0,0,3.7
15,29,07,15_07,panelist,none,NA,3.7,1,0,0,1,1,-0.1,3.6
15,29,08,15_08,panelist,med,NA,3.7,1,0,0,0,1,-0.1,3.6
15,29,09,15_09,reviewer,none,3.5,3.7,0,0,0,1,0,0,3.7
15,29,10,15_10,panelist,none,NA,3.7,1,0,0,1,0,0,3.7
15,29,11,15_11,panelist,med,NA,3.7,1,0,0,0,0,0,3.7
15,29,12,15_12,panelist,none,NA,3.7,1,0,0,1,0,0,3.7
15,29,13,15_13,panelist,high,NA,3.7,1,1,0,0,0,0,3.7
15,29,14,15_14,panelist,high,NA,3.7,1,1,0,0,0,0,3.7
15,29,15,15_15,panelist,med,NA,3.7,1,0,0,0,0,0,3.7
15,29,16,15_16,panelist,low,NA,3.7,1,0,1,0,1,0.3,4
15,29,17,15_17,panelist,none,NA,3.7,1,0,0,1,1,-0.1,3.6
15,29,18,15_18,panelist,low,NA,3.7,1,0,1,0,0,0,3.7
15,29,19,15_19,panelist,none,NA,3.7,1,0,0,1,0,0,3.7
15,29,20,15_20,panelist,med,NA,3.7,1,0,0,0,1,0.2,3.9
15,29,21,15_21,panelist,low,NA,3.7,1,0,1,0,0,0,3.7
15,29,22,15_22,reviewer,low,3.8,3.7,0,0,1,0,1,-0.1,3.6
15,29,23,15_23,panelist,med,NA,3.7,1,0,0,0,0,0,3.7
15,29,24,15_24,reviewer,none,3.9,3.7,0,0,0,1,0,0,3.7
15,30,01,15_01,panelist,low,NA,4,1,0,1,0,0,0,4
15,30,02,15_02,panelist,low,NA,4,1,0,1,0,0,0,4
15,30,03,15_03,panelist,low,NA,4,1,0,1,0,0,0,4
15,30,04,15_04,panelist,med,NA,4,1,0,0,0,0,0,4
15,30,05,15_05,panelist,none,NA,4,1,0,0,1,0,0,4
15,30,06,15_06,panelist,none,NA,4,1,0,0,1,0,0,4
15,30,07,15_07,panelist,none,NA,4,1,0,0,1,0,0,4
15,30,08,15_08,panelist,high,NA,4,1,1,0,0,0,0,4
15,30,09,15_09,panelist,none,NA,4,1,0,0,1,0,0,4
15,30,10,15_10,panelist,none,NA,4,1,0,0,1,0,0,4
15,30,11,15_11,reviewer,low,3.8,4,0,0,1,0,0,0,4
15,30,12,15_12,panelist,low,NA,4,1,0,1,0,0,0,4
15,30,13,15_13,panelist,high,NA,4,1,1,0,0,0,0,4
15,30,14,15_14,panelist,low,NA,4,1,0,1,0,1,-0.1,3.9
15,30,15,15_15,panelist,none,NA,4,1,0,0,1,0,0,4
15,30,16,15_16,panelist,med,NA,4,1,0,0,0,0,0,4
15,30,17,15_17,reviewer,none,4.3,4,0,0,0,1,0,0,4
15,30,18,15_18,panelist,low,NA,4,1,0,1,0,0,0,4
15,30,19,15_19,panelist,med,NA,4,1,0,0,0,1,-0.1,3.9
15,30,20,15_20,panelist,med,NA,4,1,0,0,0,0,0,4
15,30,21,15_21,panelist,none,NA,4,1,0,0,1,0,0,4
15,30,22,15_22,panelist,none,NA,4,1,0,0,1,1,-0.1,3.9
15,30,23,15_23,reviewer,none,3.8,4,0,0,0,1,0,0,4
15,30,24,15_24,panelist,med,NA,4,1,0,0,0,0,0,4
16,1,01,16_01,panelist,high,NA,3.8,1,1,0,0,0,0,3.8
16,1,02,16_02,panelist,high,NA,3.8,1,1,0,0,0,0,3.8
16,1,03,16_03,panelist,none,NA,3.8,1,0,0,1,1,-0.1,3.7
16,1,04,16_04,panelist,low,NA,3.8,1,0,1,0,1,-0.2,3.6
16,1,05,16_05,panelist,none,NA,3.8,1,0,0,1,0,0,3.8
16,1,06,16_06,panelist,low,NA,3.8,1,0,1,0,0,0,3.8
16,1,07,16_07,panelist,low,NA,3.8,1,0,1,0,1,0.2,4
16,1,08,16_08,panelist,low,NA,3.8,1,0,1,0,0,0,3.8
16,1,09,16_09,panelist,none,NA,3.8,1,0,0,1,1,-0.2,3.6
16,1,10,16_10,reviewer,med,3.9,3.8,0,0,0,0,1,0.1,3.9
16,1,11,16_11,panelist,none,NA,3.8,1,0,0,1,0,0,3.8
16,1,12,16_12,panelist,none,NA,3.8,1,0,0,1,1,-0.1,3.7
16,1,13,16_13,panelist,med,NA,3.8,1,0,0,0,1,-0.2,3.6
16,1,14,16_14,panelist,med,NA,3.8,1,0,0,0,0,0,3.8
16,1,15,16_15,reviewer,low,3.5,3.8,0,0,1,0,1,0.2,4
16,1,16,16_16,panelist,low,NA,3.8,1,0,1,0,0,0,3.8
16,1,17,16_17,panelist,med,NA,3.8,1,0,0,0,0,0,3.8
16,1,18,16_18,reviewer,none,4,3.8,0,0,0,1,1,0.1,3.9
16,1,19,16_19,panelist,med,NA,3.8,1,0,0,0,0,0,3.8
16,1,20,16_20,panelist,none,NA,3.8,1,0,0,1,1,0.1,3.9
16,1,21,16_21,panelist,low,NA,3.8,1,0,1,0,0,0,3.8
16,1,22,16_22,panelist,none,NA,3.8,1,0,0,1,0,0,3.8
16,1,23,16_23,panelist,none,NA,3.8,1,0,0,1,0,0,3.8
16,1,24,16_24,panelist,none,NA,3.8,1,0,0,1,0,0,3.8
16,3,01,16_01,panelist,high,NA,4.2,1,1,0,0,0,0,4.2
16,3,02,16_02,reviewer,low,4.1,4.2,0,0,1,0,0,0,4.2
16,3,03,16_03,panelist,low,NA,4.2,1,0,1,0,0,0,4.2
16,3,04,16_04,panelist,none,NA,4.2,1,0,0,1,1,0.1,4.3
16,3,05,16_05,panelist,med,NA,4.2,1,0,0,0,1,-0.3,3.9
16,3,06,16_06,panelist,med,NA,4.2,1,0,0,0,1,-0.2,4
16,3,07,16_07,panelist,med,NA,4.2,1,0,0,0,0,0,4.2
16,3,08,16_08,panelist,low,NA,4.2,1,0,1,0,1,0.1,4.3
16,3,09,16_09,panelist,med,NA,4.2,1,0,0,0,1,0.1,4.3
16,3,10,16_10,panelist,none,NA,4.2,1,0,0,1,0,0,4.2
16,3,11,16_11,panelist,med,NA,4.2,1,0,0,0,1,0.1,4.3
16,3,12,16_12,panelist,low,NA,4.2,1,0,1,0,0,0,4.2
16,3,13,16_13,panelist,none,NA,4.2,1,0,0,1,1,-0.1,4.1
16,3,14,16_14,panelist,none,NA,4.2,1,0,0,1,1,0.2,4.4
16,3,15,16_15,panelist,none,NA,4.2,1,0,0,1,0,0,4.2
16,3,16,16_16,panelist,low,NA,4.2,1,0,1,0,0,0,4.2
16,3,17,16_17,reviewer,none,4.3,4.2,0,0,0,1,0,0,4.2
16,3,18,16_18,reviewer,none,4.2,4.2,0,0,0,1,0,0,4.2
16,3,19,16_19,panelist,high,NA,4.2,1,1,0,0,1,0.3,4.5
16,3,20,16_20,panelist,none,NA,4.2,1,0,0,1,0,0,4.2
16,3,21,16_21,panelist,none,NA,4.2,1,0,0,1,0,0,4.2
16,3,22,16_22,panelist,low,NA,4.2,1,0,1,0,1,0.1,4.3
16,3,23,16_23,panelist,none,NA,4.2,1,0,0,1,0,0,4.2
16,3,24,16_24,panelist,low,NA,4.2,1,0,1,0,0,0,4.2
16,5,01,16_01,panelist,none,NA,3.9,1,0,0,1,1,0.2,4.1
16,5,02,16_02,panelist,med,NA,3.9,1,0,0,0,0,0,3.9
16,5,03,16_03,panelist,none,NA,3.9,1,0,0,1,0,0,3.9
16,5,04,16_04,panelist,none,NA,3.9,1,0,0,1,1,-0.2,3.7
16,5,05,16_05,panelist,low,NA,3.9,1,0,1,0,0,0,3.9
16,5,06,16_06,panelist,none,NA,3.9,1,0,0,1,1,0.2,4.1
16,5,07,16_07,panelist,low,NA,3.9,1,0,1,0,0,0,3.9
16,5,08,16_08,panelist,none,NA,3.9,1,0,0,1,1,-0.2,3.7
16,5,09,16_09,reviewer,none,4,3.9,0,0,0,1,0,0,3.9
16,5,10,16_10,panelist,med,NA,3.9,1,0,0,0,1,0.1,4
16,5,11,16_11,panelist,med,NA,3.9,1,0,0,0,0,0,3.9
16,5,12,16_12,panelist,low,NA,3.9,1,0,1,0,0,0,3.9
16,5,13,16_13,panelist,none,NA,3.9,1,0,0,1,0,0,3.9
16,5,14,16_14,panelist,low,NA,3.9,1,0,1,0,0,0,3.9
16,5,15,16_15,panelist,low,NA,3.9,1,0,1,0,0,0,3.9
16,5,16,16_16,reviewer,none,3.9,3.9,0,0,0,1,0,0,3.9
16,5,17,16_17,panelist,low,NA,3.9,1,0,1,0,0,0,3.9
16,5,18,16_18,panelist,none,NA,3.9,1,0,0,1,1,0.1,4
16,5,19,16_19,panelist,high,NA,3.9,1,1,0,0,0,0,3.9
16,5,20,16_20,panelist,med,NA,3.9,1,0,0,0,0,0,3.9
16,5,21,16_21,panelist,med,NA,3.9,1,0,0,0,1,-0.1,3.8
16,5,22,16_22,reviewer,none,3.9,3.9,0,0,0,1,1,0.2,4.1
16,5,23,16_23,panelist,low,NA,3.9,1,0,1,0,0,0,3.9
16,5,24,16_24,panelist,high,NA,3.9,1,1,0,0,1,-0.2,3.7
16,7,01,16_01,panelist,none,NA,3.7,1,0,0,1,1,-0.1,3.6
16,7,02,16_02,panelist,med,NA,3.7,1,0,0,0,0,0,3.7
16,7,03,16_03,panelist,none,NA,3.7,1,0,0,1,1,0.1,3.8
16,7,04,16_04,reviewer,med,3.5,3.7,0,0,0,0,1,-0.3,3.4
16,7,05,16_05,panelist,low,NA,3.7,1,0,1,0,0,0,3.7
16,7,06,16_06,panelist,low,NA,3.7,1,0,1,0,0,0,3.7
16,7,07,16_07,panelist,none,NA,3.7,1,0,0,1,1,0.3,4
16,7,08,16_08,panelist,none,NA,3.7,1,0,0,1,0,0,3.7
16,7,09,16_09,reviewer,high,3.8,3.7,0,1,0,0,0,0,3.7
16,7,10,16_10,panelist,low,NA,3.7,1,0,1,0,0,0,3.7
16,7,11,16_11,panelist,med,NA,3.7,1,0,0,0,0,0,3.7
16,7,12,16_12,panelist,med,NA,3.7,1,0,0,0,1,-0.2,3.5
16,7,13,16_13,panelist,low,NA,3.7,1,0,1,0,1,-0.2,3.5
16,7,14,16_14,reviewer,none,3.7,3.7,0,0,0,1,1,0.1,3.8
16,7,15,16_15,panelist,low,NA,3.7,1,0,1,0,0,0,3.7
16,7,16,16_16,panelist,none,NA,3.7,1,0,0,1,0,0,3.7
16,7,17,16_17,panelist,none,NA,3.7,1,0,0,1,0,0,3.7
16,7,18,16_18,panelist,med,NA,3.7,1,0,0,0,1,0.1,3.8
16,7,19,16_19,panelist,none,NA,3.7,1,0,0,1,1,-0.2,3.5
16,7,20,16_20,panelist,none,NA,3.7,1,0,0,1,0,0,3.7
16,7,21,16_21,panelist,none,NA,3.7,1,0,0,1,1,0.2,3.9
16,7,22,16_22,panelist,low,NA,3.7,1,0,1,0,0,0,3.7
16,7,23,16_23,panelist,low,NA,3.7,1,0,1,0,0,0,3.7
16,7,24,16_24,panelist,high,NA,3.7,1,1,0,0,0,0,3.7
16,8,01,16_01,panelist,none,NA,3.6,1,0,0,1,0,0,3.6
16,8,02,16_02,panelist,low,NA,3.6,1,0,1,0,0,0,3.6
16,8,03,16_03,panelist,none,NA,3.6,1,0,0,1,0,0,3.6
16,8,04,16_04,panelist,high,NA,3.6,1,1,0,0,1,0.2,3.8
16,8,05,16_05,panelist,low,NA,3.6,1,0,1,0,1,-0.2,3.4
16,8,06,16_06,reviewer,low,3.9,3.6,0,0,1,0,0,0,3.6
16,8,07,16_07,panelist,none,NA,3.6,1,0,0,1,0,0,3.6
16,8,08,16_08,panelist,low,NA,3.6,1,0,1,0,0,0,3.6
16,8,09,16_09,panelist,med,NA,3.6,1,0,0,0,1,-0.1,3.5
16,8,10,16_10,panelist,high,NA,3.6,1,1,0,0,0,0,3.6
16,8,11,16_11,panelist,none,NA,3.6,1,0,0,1,0,0,3.6
16,8,12,16_12,panelist,none,NA,3.6,1,0,0,1,0,0,3.6
16,8,13,16_13,reviewer,med,3.7,3.6,0,0,0,0,1,-0.1,3.5
16,8,14,16_14,reviewer,low,3.3,3.6,0,0,1,0,1,-0.2,3.4
16,8,15,16_15,panelist,med,NA,3.6,1,0,0,0,1,-0.1,3.5
16,8,16,16_16,panelist,low,NA,3.6,1,0,1,0,0,0,3.6
16,8,17,16_17,panelist,low,NA,3.6,1,0,1,0,0,0,3.6
16,8,18,16_18,panelist,none,NA,3.6,1,0,0,1,1,0.2,3.8
16,8,19,16_19,panelist,med,NA,3.6,1,0,0,0,0,0,3.6
16,8,20,16_20,panelist,none,NA,3.6,1,0,0,1,0,0,3.6
16,8,21,16_21,panelist,none,NA,3.6,1,0,0,1,1,-0.1,3.5
16,8,22,16_22,panelist,med,NA,3.6,1,0,0,0,0,0,3.6
16,8,23,16_23,panelist,none,NA,3.6,1,0,0,1,0,0,3.6
16,8,24,16_24,panelist,none,NA,3.6,1,0,0,1,0,0,3.6
16,10,01,16_01,panelist,none,NA,3.8,1,0,0,1,1,0.3,4.1
16,10,02,16_02,panelist,none,NA,3.8,1,0,0,1,1,-0.1,3.7
16,10,03,16_03,panelist,low,NA,3.8,1,0,1,0,0,0,3.8
16,10,04,16_04,panelist,none,NA,3.8,1,0,0,1,0,0,3.8
16,10,05,16_05,panelist,none,NA,3.8,1,0,0,1,0,0,3.8
16,10,06,16_06,panelist,none,NA,3.8,1,0,0,1,1,0.2,4
16,10,07,16_07,panelist,low,NA,3.8,1,0,1,0,1,0.2,4
16,10,08,16_08,panelist,high,NA,3.8,1,1,0,0,1,0.1,3.9
16,10,09,16_09,panelist,low,NA,3.8,1,0,1,0,1,-0.1,3.7
16,10,10,16_10,panelist,low,NA,3.8,1,0,1,0,0,0,3.8
16,10,11,16_11,panelist,none,NA,3.8,1,0,0,1,1,0.2,4
16,10,12,16_12,panelist,none,NA,3.8,1,0,0,1,0,0,3.8
16,10,13,16_13,panelist,med,NA,3.8,1,0,0,0,1,0.1,3.9
16,10,14,16_14,reviewer,none,3.5,3.8,0,0,0,1,1,-0.1,3.7
16,10,15,16_15,panelist,none,NA,3.8,1,0,0,1,1,0.3,4.1
16,10,16,16_16,panelist,low,NA,3.8,1,0,1,0,0,0,3.8
16,10,17,16_17,reviewer,high,4.2,3.8,0,1,0,0,1,-0.1,3.7
16,10,18,16_18,panelist,med,NA,3.8,1,0,0,0,1,0.4,4.2
16,10,19,16_19,reviewer,med,3.6,3.8,0,0,0,0,0,0,3.8
16,10,20,16_20,panelist,med,NA,3.8,1,0,0,0,0,0,3.8
16,10,21,16_21,panelist,med,NA,3.8,1,0,0,0,0,0,3.8
16,10,22,16_22,panelist,none,NA,3.8,1,0,0,1,1,0.1,3.9
16,10,23,16_23,panelist,low,NA,3.8,1,0,1,0,1,0.1,3.9
16,10,24,16_24,panelist,low,NA,3.8,1,0,1,0,1,-0.3,3.5
16,15,01,16_01,panelist,none,NA,3.9,1,0,0,1,0,0,3.9
16,15,02,16_02,panelist,none,NA,3.9,1,0,0,1,1,-0.2,3.7
16,15,03,16_03,panelist,med,NA,3.9,1,0,0,0,0,0,3.9
16,15,04,16_04,panelist,low,NA,3.9,1,0,1,0,1,-0.1,3.8
16,15,05,16_05,panelist,none,NA,3.9,1,0,0,1,0,0,3.9
16,15,06,16_06,panelist,none,NA,3.9,1,0,0,1,0,0,3.9
16,15,07,16_07,panelist,med,NA,3.9,1,0,0,0,0,0,3.9
16,15,08,16_08,panelist,med,NA,3.9,1,0,0,0,1,0.1,4
16,15,09,16_09,panelist,high,NA,3.9,1,1,0,0,0,0,3.9
16,15,10,16_10,reviewer,high,4.3,3.9,0,1,0,0,0,0,3.9
16,15,11,16_11,panelist,low,NA,3.9,1,0,1,0,0,0,3.9
16,15,12,16_12,panelist,low,NA,3.9,1,0,1,0,1,-0.2,3.7
16,15,13,16_13,panelist,low,NA,3.9,1,0,1,0,0,0,3.9
16,15,14,16_14,panelist,none,NA,3.9,1,0,0,1,1,0.1,4
16,15,15,16_15,panelist,none,NA,3.9,1,0,0,1,1,0.3,4.2
16,15,16,16_16,panelist,none,NA,3.9,1,0,0,1,0,0,3.9
16,15,17,16_17,panelist,none,NA,3.9,1,0,0,1,1,0.1,4
16,15,18,16_18,panelist,low,NA,3.9,1,0,1,0,1,0.2,4.1
16,15,19,16_19,reviewer,med,3.9,3.9,0,0,0,0,0,0,3.9
16,15,20,16_20,reviewer,med,3.4,3.9,0,0,0,0,1,-0.1,3.8
16,15,21,16_21,panelist,low,NA,3.9,1,0,1,0,1,-0.2,3.7
16,15,22,16_22,panelist,none,NA,3.9,1,0,0,1,1,-0.1,3.8
16,15,23,16_23,panelist,low,NA,3.9,1,0,1,0,1,-0.2,3.7
16,15,24,16_24,panelist,none,NA,3.9,1,0,0,1,1,-0.2,3.7
16,17,01,16_01,panelist,low,NA,4,1,0,1,0,1,0.1,4.1
16,17,02,16_02,reviewer,none,4,4,0,0,0,1,0,0,4
16,17,03,16_03,panelist,none,NA,4,1,0,0,1,1,0.2,4.2
16,17,04,16_04,panelist,med,NA,4,1,0,0,0,1,0.1,4.1
16,17,05,16_05,reviewer,none,3.9,4,0,0,0,1,0,0,4
16,17,06,16_06,panelist,none,NA,4,1,0,0,1,0,0,4
16,17,07,16_07,reviewer,none,4.1,4,0,0,0,1,0,0,4
16,17,08,16_08,panelist,med,NA,4,1,0,0,0,0,0,4
16,17,09,16_09,panelist,low,NA,4,1,0,1,0,0,0,4
16,17,10,16_10,panelist,none,NA,4,1,0,0,1,1,-0.1,3.9
16,17,11,16_11,panelist,low,NA,4,1,0,1,0,1,-0.1,3.9
16,17,12,16_12,panelist,low,NA,4,1,0,1,0,0,0,4
16,17,13,16_13,panelist,med,NA,4,1,0,0,0,1,-0.1,3.9
16,17,14,16_14,panelist,low,NA,4,1,0,1,0,1,0.1,4.1
16,17,15,16_15,panelist,med,NA,4,1,0,0,0,0,0,4
16,17,16,16_16,panelist,high,NA,4,1,1,0,0,0,0,4
16,17,17,16_17,panelist,none,NA,4,1,0,0,1,1,-0.1,3.9
16,17,18,16_18,panelist,none,NA,4,1,0,0,1,0,0,4
16,17,19,16_19,panelist,high,NA,4,1,1,0,0,0,0,4
16,17,20,16_20,panelist,none,NA,4,1,0,0,1,1,0.1,4.1
16,17,21,16_21,panelist,med,NA,4,1,0,0,0,0,0,4
16,17,22,16_22,panelist,low,NA,4,1,0,1,0,0,0,4
16,17,23,16_23,panelist,low,NA,4,1,0,1,0,0,0,4
16,17,24,16_24,panelist,none,NA,4,1,0,0,1,1,-0.4,3.6
16,18,01,16_01,panelist,med,NA,4.4,1,0,0,0,0,0,4.4
16,18,02,16_02,panelist,none,NA,4.4,1,0,0,1,0,0,4.4
16,18,03,16_03,panelist,med,NA,4.4,1,0,0,0,0,0,4.4
16,18,04,16_04,panelist,none,NA,4.4,1,0,0,1,0,0,4.4
16,18,05,16_05,reviewer,none,4.4,4.4,0,0,0,1,1,-0.3,4.1
16,18,06,16_06,panelist,low,NA,4.4,1,0,1,0,0,0,4.4
16,18,07,16_07,reviewer,med,4.6,4.4,0,0,0,0,1,0.2,4.6
16,18,08,16_08,panelist,med,NA,4.4,1,0,0,0,1,0.1,4.5
16,18,09,16_09,panelist,low,NA,4.4,1,0,1,0,0,0,4.4
16,18,10,16_10,panelist,med,NA,4.4,1,0,0,0,0,0,4.4
16,18,11,16_11,panelist,low,NA,4.4,1,0,1,0,0,0,4.4
16,18,12,16_12,panelist,low,NA,4.4,1,0,1,0,0,0,4.4
16,18,13,16_13,panelist,low,NA,4.4,1,0,1,0,0,0,4.4
16,18,14,16_14,panelist,low,NA,4.4,1,0,1,0,0,0,4.4
16,18,15,16_15,panelist,high,NA,4.4,1,1,0,0,0,0,4.4
16,18,16,16_16,panelist,low,NA,4.4,1,0,1,0,0,0,4.4
16,18,17,16_17,panelist,high,NA,4.4,1,1,0,0,1,-0.1,4.3
16,18,18,16_18,panelist,none,NA,4.4,1,0,0,1,1,0.2,4.6
16,18,19,16_19,panelist,none,NA,4.4,1,0,0,1,0,0,4.4
16,18,20,16_20,reviewer,none,4.2,4.4,0,0,0,1,0,0,4.4
16,18,21,16_21,panelist,none,NA,4.4,1,0,0,1,0,0,4.4
16,18,22,16_22,panelist,none,NA,4.4,1,0,0,1,0,0,4.4
16,18,23,16_23,panelist,none,NA,4.4,1,0,0,1,0,0,4.4
16,18,24,16_24,panelist,none,NA,4.4,1,0,0,1,1,-0.3,4.1
16,21,01,16_01,panelist,med,NA,4.6,1,0,0,0,0,0,4.6
16,21,02,16_02,panelist,med,NA,4.6,1,0,0,0,0,0,4.6
16,21,03,16_03,panelist,none,NA,4.6,1,0,0,1,1,0.1,4.7
16,21,04,16_04,panelist,med,NA,4.6,1,0,0,0,0,0,4.6
16,21,05,16_05,reviewer,low,4.7,4.6,0,0,1,0,0,0,4.6
16,21,06,16_06,panelist,low,NA,4.6,1,0,1,0,0,0,4.6
16,21,07,16_07,panelist,none,NA,4.6,1,0,0,1,0,0,4.6
16,21,08,16_08,panelist,none,NA,4.6,1,0,0,1,0,0,4.6
16,21,09,16_09,panelist,high,NA,4.6,1,1,0,0,1,-0.3,4.3
16,21,10,16_10,panelist,none,NA,4.6,1,0,0,1,1,0.1,4.7
16,21,11,16_11,panelist,low,NA,4.6,1,0,1,0,1,-0.2,4.4
16,21,12,16_12,panelist,low,NA,4.6,1,0,1,0,0,0,4.6
16,21,13,16_13,reviewer,none,4.5,4.6,0,0,0,1,1,-0.2,4.4
16,21,14,16_14,panelist,med,NA,4.6,1,0,0,0,0,0,4.6
16,21,15,16_15,panelist,med,NA,4.6,1,0,0,0,0,0,4.6
16,21,16,16_16,panelist,none,NA,4.6,1,0,0,1,1,0.2,4.8
16,21,17,16_17,panelist,high,NA,4.6,1,1,0,0,0,0,4.6
16,21,18,16_18,panelist,low,NA,4.6,1,0,1,0,1,0.3,4.9
16,21,19,16_19,panelist,none,NA,4.6,1,0,0,1,0,0,4.6
16,21,20,16_20,panelist,none,NA,4.6,1,0,0,1,1,-0.2,4.4
16,21,21,16_21,panelist,low,NA,4.6,1,0,1,0,1,-0.2,4.4
16,21,22,16_22,panelist,none,NA,4.6,1,0,0,1,0,0,4.6
16,21,23,16_23,panelist,low,NA,4.6,1,0,1,0,1,0.1,4.7
16,21,24,16_24,reviewer,none,4.7,4.6,0,0,0,1,0,0,4.6
16,23,01,16_01,panelist,none,NA,3.9,1,0,0,1,0,0,3.9
16,23,02,16_02,panelist,none,NA,3.9,1,0,0,1,0,0,3.9
16,23,03,16_03,panelist,none,NA,3.9,1,0,0,1,1,0.2,4.1
16,23,04,16_04,panelist,med,NA,3.9,1,0,0,0,1,-0.3,3.6
16,23,05,16_05,panelist,med,NA,3.9,1,0,0,0,0,0,3.9
16,23,06,16_06,panelist,none,NA,3.9,1,0,0,1,1,0.2,4.1
16,23,07,16_07,panelist,high,NA,3.9,1,1,0,0,0,0,3.9
16,23,08,16_08,panelist,none,NA,3.9,1,0,0,1,1,-0.1,3.8
16,23,09,16_09,panelist,low,NA,3.9,1,0,1,0,0,0,3.9
16,23,10,16_10,panelist,low,NA,3.9,1,0,1,0,1,0.2,4.1
16,23,11,16_11,panelist,none,NA,3.9,1,0,0,1,1,0.2,4.1
16,23,12,16_12,panelist,none,NA,3.9,1,0,0,1,0,0,3.9
16,23,13,16_13,panelist,none,NA,3.9,1,0,0,1,0,0,3.9
16,23,14,16_14,panelist,med,NA,3.9,1,0,0,0,0,0,3.9
16,23,15,16_15,panelist,low,NA,3.9,1,0,1,0,1,0.2,4.1
16,23,16,16_16,reviewer,high,4.2,3.9,0,1,0,0,1,0.1,4
16,23,17,16_17,reviewer,none,3.7,3.9,0,0,0,1,0,0,3.9
16,23,18,16_18,panelist,low,NA,3.9,1,0,1,0,0,0,3.9
16,23,19,16_19,panelist,med,NA,3.9,1,0,0,0,1,0.1,4
16,23,20,16_20,panelist,med,NA,3.9,1,0,0,0,0,0,3.9
16,23,21,16_21,reviewer,low,3.7,3.9,0,0,1,0,1,0.1,4
16,23,22,16_22,panelist,low,NA,3.9,1,0,1,0,0,0,3.9
16,23,23,16_23,panelist,low,NA,3.9,1,0,1,0,0,0,3.9
16,23,24,16_24,panelist,none,NA,3.9,1,0,0,1,1,-0.1,3.8
16,24,01,16_01,panelist,none,NA,4,1,0,0,1,0,0,4
16,24,02,16_02,reviewer,low,4,4,0,0,1,0,0,0,4
16,24,03,16_03,panelist,none,NA,4,1,0,0,1,1,0.2,4.2
16,24,04,16_04,panelist,none,NA,4,1,0,0,1,1,-0.2,3.8
16,24,05,16_05,reviewer,none,3.9,4,0,0,0,1,1,-0.1,3.9
16,24,06,16_06,panelist,high,NA,4,1,1,0,0,0,0,4
16,24,07,16_07,panelist,none,NA,4,1,0,0,1,1,0.2,4.2
16,24,08,16_08,panelist,low,NA,4,1,0,1,0,1,-0.2,3.8
16,24,09,16_09,panelist,med,NA,4,1,0,0,0,0,0,4
16,24,10,16_10,panelist,low,NA,4,1,0,1,0,0,0,4
16,24,11,16_11,panelist,high,NA,4,1,1,0,0,1,0.2,4.2
16,24,12,16_12,panelist,med,NA,4,1,0,0,0,0,0,4
16,24,13,16_13,panelist,none,NA,4,1,0,0,1,1,-0.4,3.6
16,24,14,16_14,panelist,low,NA,4,1,0,1,0,1,0.2,4.2
16,24,15,16_15,panelist,low,NA,4,1,0,1,0,0,0,4
16,24,16,16_16,panelist,med,NA,4,1,0,0,0,1,0.2,4.2
16,24,17,16_17,reviewer,none,4.1,4,0,0,0,1,0,0,4
16,24,18,16_18,panelist,low,NA,4,1,0,1,0,1,0.1,4.1
16,24,19,16_19,panelist,med,NA,4,1,0,0,0,0,0,4
16,24,20,16_20,panelist,none,NA,4,1,0,0,1,0,0,4
16,24,21,16_21,panelist,med,NA,4,1,0,0,0,0,0,4
16,24,22,16_22,panelist,low,NA,4,1,0,1,0,0,0,4
16,24,23,16_23,panelist,none,NA,4,1,0,0,1,1,-0.2,3.8
16,24,24,16_24,panelist,none,NA,4,1,0,0,1,0,0,4
16,27,01,16_01,panelist,none,NA,4.1,1,0,0,1,0,0,4.1
16,27,02,16_02,panelist,low,NA,4.1,1,0,1,0,0,0,4.1
16,27,03,16_03,panelist,low,NA,4.1,1,0,1,0,0,0,4.1
16,27,04,16_04,panelist,med,NA,4.1,1,0,0,0,0,0,4.1
16,27,05,16_05,panelist,low,NA,4.1,1,0,1,0,1,-0.2,3.9
16,27,06,16_06,panelist,med,NA,4.1,1,0,0,0,0,0,4.1
16,27,07,16_07,panelist,none,NA,4.1,1,0,0,1,1,0.1,4.2
16,27,08,16_08,panelist,none,NA,4.1,1,0,0,1,0,0,4.1
16,27,09,16_09,panelist,none,NA,4.1,1,0,0,1,1,0.1,4.2
16,27,10,16_10,panelist,none,NA,4.1,1,0,0,1,1,0.1,4.2
16,27,11,16_11,reviewer,none,4.1,4.1,0,0,0,1,0,0,4.1
16,27,12,16_12,panelist,none,NA,4.1,1,0,0,1,1,-0.2,3.9
16,27,13,16_13,reviewer,high,4.2,4.1,0,1,0,0,0,0,4.1
16,27,14,16_14,panelist,low,NA,4.1,1,0,1,0,1,0.1,4.2
16,27,15,16_15,panelist,low,NA,4.1,1,0,1,0,0,0,4.1
16,27,16,16_16,panelist,med,NA,4.1,1,0,0,0,1,-0.1,4
16,27,17,16_17,panelist,low,NA,4.1,1,0,1,0,1,0.3,4.4
16,27,18,16_18,panelist,low,NA,4.1,1,0,1,0,0,0,4.1
16,27,19,16_19,panelist,none,NA,4.1,1,0,0,1,0,0,4.1
16,27,20,16_20,reviewer,high,4.1,4.1,0,1,0,0,0,0,4.1
16,27,21,16_21,panelist,none,NA,4.1,1,0,0,1,1,-0.1,4
16,27,22,16_22,panelist,med,NA,4.1,1,0,0,0,0,0,4.1
16,27,23,16_23,panelist,med,NA,4.1,1,0,0,0,0,0,4.1
16,27,24,16_24,panelist,none,NA,4.1,1,0,0,1,1,0.1,4.2
16,28,01,16_01,panelist,low,NA,4.2,1,0,1,0,1,-0.1,4.1
16,28,02,16_02,reviewer,low,4.4,4.2,0,0,1,0,1,0.1,4.3
16,28,03,16_03,panelist,med,NA,4.2,1,0,0,0,0,0,4.2
16,28,04,16_04,panelist,none,NA,4.2,1,0,0,1,0,0,4.2
16,28,05,16_05,panelist,low,NA,4.2,1,0,1,0,0,0,4.2
16,28,06,16_06,reviewer,low,4.2,4.2,0,0,1,0,0,0,4.2
16,28,07,16_07,panelist,none,NA,4.2,1,0,0,1,1,0.1,4.3
16,28,08,16_08,panelist,none,NA,4.2,1,0,0,1,0,0,4.2
16,28,09,16_09,panelist,med,NA,4.2,1,0,0,0,0,0,4.2
16,28,10,16_10,panelist,none,NA,4.2,1,0,0,1,0,0,4.2
16,28,11,16_11,panelist,none,NA,4.2,1,0,0,1,0,0,4.2
16,28,12,16_12,panelist,low,NA,4.2,1,0,1,0,1,0.1,4.3
16,28,13,16_13,panelist,med,NA,4.2,1,0,0,0,0,0,4.2
16,28,14,16_14,panelist,none,NA,4.2,1,0,0,1,1,0.2,4.4
16,28,15,16_15,panelist,med,NA,4.2,1,0,0,0,0,0,4.2
16,28,16,16_16,panelist,high,NA,4.2,1,1,0,0,0,0,4.2
16,28,17,16_17,panelist,none,NA,4.2,1,0,0,1,0,0,4.2
16,28,18,16_18,panelist,none,NA,4.2,1,0,0,1,0,0,4.2
16,28,19,16_19,reviewer,low,4,4.2,0,0,1,0,0,0,4.2
16,28,20,16_20,panelist,low,NA,4.2,1,0,1,0,0,0,4.2
16,28,21,16_21,panelist,high,NA,4.2,1,1,0,0,0,0,4.2
16,28,22,16_22,panelist,none,NA,4.2,1,0,0,1,0,0,4.2
16,28,23,16_23,panelist,med,NA,4.2,1,0,0,0,1,-0.1,4.1
16,28,24,16_24,panelist,none,NA,4.2,1,0,0,1,0,0,4.2
16,29,01,16_01,panelist,med,NA,4.3,1,0,0,0,0,0,4.3
16,29,02,16_02,panelist,none,NA,4.3,1,0,0,1,1,-0.2,4.1
16,29,03,16_03,panelist,none,NA,4.3,1,0,0,1,1,0.2,4.5
16,29,04,16_04,panelist,low,NA,4.3,1,0,1,0,0,0,4.3
16,29,05,16_05,panelist,none,NA,4.3,1,0,0,1,1,-0.2,4.1
16,29,06,16_06,panelist,none,NA,4.3,1,0,0,1,0,0,4.3
16,29,07,16_07,panelist,low,NA,4.3,1,0,1,0,1,-0.1,4.2
16,29,08,16_08,panelist,med,NA,4.3,1,0,0,0,0,0,4.3
16,29,09,16_09,panelist,med,NA,4.3,1,0,0,0,0,0,4.3
16,29,10,16_10,panelist,low,NA,4.3,1,0,1,0,1,0.2,4.5
16,29,11,16_11,panelist,med,NA,4.3,1,0,0,0,1,0.2,4.5
16,29,12,16_12,panelist,low,NA,4.3,1,0,1,0,0,0,4.3
16,29,13,16_13,panelist,low,NA,4.3,1,0,1,0,0,0,4.3
16,29,14,16_14,panelist,high,NA,4.3,1,1,0,0,0,0,4.3
16,29,15,16_15,panelist,none,NA,4.3,1,0,0,1,0,0,4.3
16,29,16,16_16,panelist,none,NA,4.3,1,0,0,1,0,0,4.3
16,29,17,16_17,reviewer,none,4.5,4.3,0,0,0,1,0,0,4.3
16,29,18,16_18,reviewer,high,4,4.3,0,1,0,0,0,0,4.3
16,29,19,16_19,reviewer,low,4.4,4.3,0,0,1,0,0,0,4.3
16,29,20,16_20,panelist,none,NA,4.3,1,0,0,1,1,-0.1,4.2
16,29,21,16_21,panelist,med,NA,4.3,1,0,0,0,1,0.1,4.4
16,29,22,16_22,panelist,none,NA,4.3,1,0,0,1,0,0,4.3
16,29,23,16_23,panelist,none,NA,4.3,1,0,0,1,0,0,4.3
16,29,24,16_24,panelist,low,NA,4.3,1,0,1,0,1,-0.2,4.1
17,1,01,17_01,panelist,low,NA,4.5,1,0,1,0,0,0,4.5
17,1,02,17_02,panelist,none,NA,4.5,1,0,0,1,1,-0.1,4.4
17,1,03,17_03,panelist,none,NA,4.5,1,0,0,1,1,0.2,4.7
17,1,04,17_04,panelist,none,NA,4.5,1,0,0,1,0,0,4.5
17,1,05,17_05,panelist,none,NA,4.5,1,0,0,1,1,-0.1,4.4
17,1,06,17_06,panelist,med,NA,4.5,1,0,0,0,0,0,4.5
17,1,07,17_07,panelist,low,NA,4.5,1,0,1,0,0,0,4.5
17,1,08,17_08,panelist,none,NA,4.5,1,0,0,1,1,0.1,4.6
17,1,09,17_09,reviewer,high,4.5,4.5,0,1,0,0,0,0,4.5
17,1,10,17_10,panelist,low,NA,4.5,1,0,1,0,1,0.2,4.7
17,1,11,17_11,panelist,none,NA,4.5,1,0,0,1,0,0,4.5
17,1,12,17_12,reviewer,none,4.4,4.5,0,0,0,1,0,0,4.5
17,1,13,17_13,reviewer,med,4.5,4.5,0,0,0,0,1,0.1,4.6
17,1,14,17_14,panelist,med,NA,4.5,1,0,0,0,0,0,4.5
17,1,15,17_15,panelist,low,NA,4.5,1,0,1,0,0,0,4.5
17,1,16,17_16,panelist,med,NA,4.5,1,0,0,0,0,0,4.5
17,1,17,17_17,panelist,none,NA,4.5,1,0,0,1,1,0.1,4.6
17,1,18,17_18,panelist,none,NA,4.5,1,0,0,1,0,0,4.5
17,1,19,17_19,panelist,none,NA,4.5,1,0,0,1,1,0.1,4.6
17,1,20,17_20,panelist,low,NA,4.5,1,0,1,0,0,0,4.5
17,1,21,17_21,panelist,low,NA,4.5,1,0,1,0,1,-0.1,4.4
17,1,22,17_22,panelist,high,NA,4.5,1,1,0,0,0,0,4.5
17,1,23,17_23,panelist,med,NA,4.5,1,0,0,0,1,-0.1,4.4
17,1,24,17_24,panelist,low,NA,4.5,1,0,1,0,0,0,4.5
17,2,01,17_01,panelist,none,NA,3.7,1,0,0,1,1,-0.1,3.6
17,2,02,17_02,panelist,low,NA,3.7,1,0,1,0,0,0,3.7
17,2,03,17_03,panelist,low,NA,3.7,1,0,1,0,0,0,3.7
17,2,04,17_04,panelist,none,NA,3.7,1,0,0,1,0,0,3.7
17,2,05,17_05,panelist,none,NA,3.7,1,0,0,1,0,0,3.7
17,2,06,17_06,panelist,none,NA,3.7,1,0,0,1,0,0,3.7
17,2,07,17_07,panelist,med,NA,3.7,1,0,0,0,1,0.1,3.8
17,2,08,17_08,reviewer,low,3.7,3.7,0,0,1,0,0,0,3.7
17,2,09,17_09,panelist,none,NA,3.7,1,0,0,1,0,0,3.7
17,2,10,17_10,panelist,high,NA,3.7,1,1,0,0,0,0,3.7
17,2,11,17_11,panelist,med,NA,3.7,1,0,0,0,1,-0.1,3.6
17,2,12,17_12,panelist,low,NA,3.7,1,0,1,0,1,-0.2,3.5
17,2,13,17_13,panelist,none,NA,3.7,1,0,0,1,0,0,3.7
17,2,14,17_14,panelist,none,NA,3.7,1,0,0,1,0,0,3.7
17,2,15,17_15,reviewer,low,3.7,3.7,0,0,1,0,0,0,3.7
17,2,16,17_16,panelist,none,NA,3.7,1,0,0,1,0,0,3.7
17,2,17,17_17,panelist,low,NA,3.7,1,0,1,0,0,0,3.7
17,2,18,17_18,panelist,none,NA,3.7,1,0,0,1,1,-0.3,3.4
17,2,19,17_19,panelist,med,NA,3.7,1,0,0,0,0,0,3.7
17,2,20,17_20,panelist,high,NA,3.7,1,1,0,0,0,0,3.7
17,2,21,17_21,panelist,none,NA,3.7,1,0,0,1,0,0,3.7
17,2,22,17_22,panelist,med,NA,3.7,1,0,0,0,0,0,3.7
17,2,23,17_23,panelist,med,NA,3.7,1,0,0,0,1,-0.2,3.5
17,2,24,17_24,reviewer,low,3.6,3.7,0,0,1,0,0,0,3.7
17,3,01,17_01,panelist,none,NA,3.6,1,0,0,1,1,-0.1,3.5
17,3,02,17_02,panelist,none,NA,3.6,1,0,0,1,0,0,3.6
17,3,03,17_03,panelist,low,NA,3.6,1,0,1,0,0,0,3.6
17,3,04,17_04,panelist,med,NA,3.6,1,0,0,0,1,-0.1,3.5
17,3,05,17_05,panelist,low,NA,3.6,1,0,1,0,0,0,3.6
17,3,06,17_06,panelist,none,NA,3.6,1,0,0,1,1,-0.2,3.4
17,3,07,17_07,reviewer,low,3.8,3.6,0,0,1,0,0,0,3.6
17,3,08,17_08,panelist,none,NA,3.6,1,0,0,1,1,-0.1,3.5
17,3,09,17_09,panelist,low,NA,3.6,1,0,1,0,1,-0.1,3.5
17,3,10,17_10,panelist,med,NA,3.6,1,0,0,0,0,0,3.6
17,3,11,17_11,panelist,none,NA,3.6,1,0,0,1,0,0,3.6
17,3,12,17_12,panelist,low,NA,3.6,1,0,1,0,1,0.2,3.8
17,3,13,17_13,panelist,low,NA,3.6,1,0,1,0,1,-0.1,3.5
17,3,14,17_14,panelist,med,NA,3.6,1,0,0,0,1,0.3,3.9
17,3,15,17_15,panelist,med,NA,3.6,1,0,0,0,0,0,3.6
17,3,16,17_16,panelist,none,NA,3.6,1,0,0,1,1,-0.3,3.3
17,3,17,17_17,panelist,none,NA,3.6,1,0,0,1,0,0,3.6
17,3,18,17_18,panelist,none,NA,3.6,1,0,0,1,1,-0.2,3.4
17,3,19,17_19,panelist,low,NA,3.6,1,0,1,0,0,0,3.6
17,3,20,17_20,panelist,none,NA,3.6,1,0,0,1,1,-0.1,3.5
17,3,21,17_21,panelist,med,NA,3.6,1,0,0,0,1,0.3,3.9
17,3,22,17_22,panelist,high,NA,3.6,1,1,0,0,0,0,3.6
17,3,23,17_23,reviewer,high,3.3,3.6,0,1,0,0,0,0,3.6
17,3,24,17_24,reviewer,none,3.7,3.6,0,0,0,1,0,0,3.6
17,4,01,17_01,panelist,none,NA,4.1,1,0,0,1,1,0.2,4.3
17,4,02,17_02,panelist,med,NA,4.1,1,0,0,0,0,0,4.1
17,4,03,17_03,panelist,low,NA,4.1,1,0,1,0,0,0,4.1
17,4,04,17_04,panelist,none,NA,4.1,1,0,0,1,0,0,4.1
17,4,05,17_05,panelist,low,NA,4.1,1,0,1,0,1,0.1,4.2
17,4,06,17_06,panelist,none,NA,4.1,1,0,0,1,0,0,4.1
17,4,07,17_07,panelist,low,NA,4.1,1,0,1,0,0,0,4.1
17,4,08,17_08,reviewer,none,3.9,4.1,0,0,0,1,0,0,4.1
17,4,09,17_09,panelist,high,NA,4.1,1,1,0,0,0,0,4.1
17,4,10,17_10,panelist,high,NA,4.1,1,1,0,0,0,0,4.1
17,4,11,17_11,panelist,none,NA,4.1,1,0,0,1,1,0.1,4.2
17,4,12,17_12,panelist,med,NA,4.1,1,0,0,0,1,0.1,4.2
17,4,13,17_13,reviewer,none,4.3,4.1,0,0,0,1,0,0,4.1
17,4,14,17_14,panelist,med,NA,4.1,1,0,0,0,0,0,4.1
17,4,15,17_15,panelist,none,NA,4.1,1,0,0,1,1,-0.4,3.7
17,4,16,17_16,panelist,none,NA,4.1,1,0,0,1,0,0,4.1
17,4,17,17_17,panelist,low,NA,4.1,1,0,1,0,1,0.2,4.3
17,4,18,17_18,panelist,low,NA,4.1,1,0,1,0,1,-0.1,4
17,4,19,17_19,panelist,med,NA,4.1,1,0,0,0,0,0,4.1
17,4,20,17_20,panelist,low,NA,4.1,1,0,1,0,0,0,4.1
17,4,21,17_21,panelist,low,NA,4.1,1,0,1,0,1,0.4,4.5
17,4,22,17_22,reviewer,none,4.2,4.1,0,0,0,1,1,0.1,4.2
17,4,23,17_23,panelist,med,NA,4.1,1,0,0,0,0,0,4.1
17,4,24,17_24,panelist,none,NA,4.1,1,0,0,1,1,-0.1,4
17,7,01,17_01,panelist,none,NA,4.2,1,0,0,1,0,0,4.2
17,7,02,17_02,panelist,none,NA,4.2,1,0,0,1,1,0.1,4.3
17,7,03,17_03,panelist,med,NA,4.2,1,0,0,0,0,0,4.2
17,7,04,17_04,panelist,low,NA,4.2,1,0,1,0,1,-0.1,4.1
17,7,05,17_05,panelist,high,NA,4.2,1,1,0,0,0,0,4.2
17,7,06,17_06,panelist,none,NA,4.2,1,0,0,1,0,0,4.2
17,7,07,17_07,panelist,none,NA,4.2,1,0,0,1,0,0,4.2
17,7,08,17_08,panelist,low,NA,4.2,1,0,1,0,1,-0.4,3.8
17,7,09,17_09,reviewer,none,4.3,4.2,0,0,0,1,0,0,4.2
17,7,10,17_10,panelist,none,NA,4.2,1,0,0,1,0,0,4.2
17,7,11,17_11,reviewer,none,4.3,4.2,0,0,0,1,0,0,4.2
17,7,12,17_12,panelist,low,NA,4.2,1,0,1,0,0,0,4.2
17,7,13,17_13,panelist,low,NA,4.2,1,0,1,0,0,0,4.2
17,7,14,17_14,panelist,none,NA,4.2,1,0,0,1,1,-0.2,4
17,7,15,17_15,panelist,high,NA,4.2,1,1,0,0,0,0,4.2
17,7,16,17_16,panelist,med,NA,4.2,1,0,0,0,1,-0.1,4.1
17,7,17,17_17,panelist,med,NA,4.2,1,0,0,0,0,0,4.2
17,7,18,17_18,panelist,low,NA,4.2,1,0,1,0,0,0,4.2
17,7,19,17_19,panelist,med,NA,4.2,1,0,0,0,1,0.2,4.4
17,7,20,17_20,reviewer,low,4,4.2,0,0,1,0,0,0,4.2
17,7,21,17_21,panelist,low,NA,4.2,1,0,1,0,1,-0.4,3.8
17,7,22,17_22,panelist,none,NA,4.2,1,0,0,1,0,0,4.2
17,7,23,17_23,panelist,med,NA,4.2,1,0,0,0,1,-0.1,4.1
17,7,24,17_24,panelist,none,NA,4.2,1,0,0,1,1,0.4,4.6
17,10,01,17_01,panelist,low,NA,4.1,1,0,1,0,1,0.1,4.2
17,10,02,17_02,panelist,none,NA,4.1,1,0,0,1,0,0,4.1
17,10,03,17_03,panelist,low,NA,4.1,1,0,1,0,1,-0.3,3.8
17,10,04,17_04,panelist,med,NA,4.1,1,0,0,0,0,0,4.1
17,10,05,17_05,panelist,none,NA,4.1,1,0,0,1,1,0.2,4.3
17,10,06,17_06,panelist,low,NA,4.1,1,0,1,0,0,0,4.1
17,10,07,17_07,panelist,none,NA,4.1,1,0,0,1,0,0,4.1
17,10,08,17_08,panelist,med,NA,4.1,1,0,0,0,1,-0.1,4
17,10,09,17_09,reviewer,med,4.3,4.1,0,0,0,0,1,0.1,4.2
17,10,10,17_10,reviewer,none,4.1,4.1,0,0,0,1,1,0.2,4.3
17,10,11,17_11,reviewer,med,3.9,4.1,0,0,0,0,0,0,4.1
17,10,12,17_12,panelist,none,NA,4.1,1,0,0,1,1,-0.1,4
17,10,13,17_13,panelist,low,NA,4.1,1,0,1,0,1,-0.2,3.9
17,10,14,17_14,panelist,med,NA,4.1,1,0,0,0,1,0.2,4.3
17,10,15,17_15,panelist,low,NA,4.1,1,0,1,0,1,-0.1,4
17,10,16,17_16,panelist,high,NA,4.1,1,1,0,0,1,-0.3,3.8
17,10,17,17_17,panelist,none,NA,4.1,1,0,0,1,0,0,4.1
17,10,18,17_18,panelist,none,NA,4.1,1,0,0,1,1,-0.2,3.9
17,10,19,17_19,panelist,high,NA,4.1,1,1,0,0,1,0.1,4.2
17,10,20,17_20,panelist,none,NA,4.1,1,0,0,1,1,-0.1,4
17,10,21,17_21,panelist,none,NA,4.1,1,0,0,1,1,-0.1,4
17,10,22,17_22,panelist,none,NA,4.1,1,0,0,1,1,0.1,4.2
17,10,23,17_23,panelist,low,NA,4.1,1,0,1,0,1,-0.1,4
17,10,24,17_24,panelist,low,NA,4.1,1,0,1,0,0,0,4.1
17,11,01,17_01,panelist,low,NA,3.9,1,0,1,0,1,-0.1,3.8
17,11,02,17_02,panelist,none,NA,3.9,1,0,0,1,0,0,3.9
17,11,03,17_03,panelist,low,NA,3.9,1,0,1,0,1,0.3,4.2
17,11,04,17_04,panelist,none,NA,3.9,1,0,0,1,1,0.1,4
17,11,05,17_05,reviewer,low,4.2,3.9,0,0,1,0,0,0,3.9
17,11,06,17_06,panelist,none,NA,3.9,1,0,0,1,0,0,3.9
17,11,07,17_07,panelist,low,NA,3.9,1,0,1,0,0,0,3.9
17,11,08,17_08,panelist,med,NA,3.9,1,0,0,0,1,-0.1,3.8
17,11,09,17_09,panelist,med,NA,3.9,1,0,0,0,1,0.2,4.1
17,11,10,17_10,panelist,med,NA,3.9,1,0,0,0,1,-0.1,3.8
17,11,11,17_11,panelist,none,NA,3.9,1,0,0,1,0,0,3.9
17,11,12,17_12,panelist,low,NA,3.9,1,0,1,0,0,0,3.9
17,11,13,17_13,panelist,none,NA,3.9,1,0,0,1,0,0,3.9
17,11,14,17_14,reviewer,none,4,3.9,0,0,0,1,0,0,3.9
17,11,15,17_15,panelist,none,NA,3.9,1,0,0,1,0,0,3.9
17,11,16,17_16,panelist,none,NA,3.9,1,0,0,1,0,0,3.9
17,11,17,17_17,reviewer,low,3.6,3.9,0,0,1,0,0,0,3.9
17,11,18,17_18,panelist,high,NA,3.9,1,1,0,0,0,0,3.9
17,11,19,17_19,panelist,none,NA,3.9,1,0,0,1,0,0,3.9
17,11,20,17_20,panelist,med,NA,3.9,1,0,0,0,1,-0.1,3.8
17,11,21,17_21,panelist,low,NA,3.9,1,0,1,0,0,0,3.9
17,11,22,17_22,panelist,none,NA,3.9,1,0,0,1,0,0,3.9
17,11,23,17_23,panelist,high,NA,3.9,1,1,0,0,0,0,3.9
17,11,24,17_24,panelist,med,NA,3.9,1,0,0,0,0,0,3.9
17,13,01,17_01,panelist,med,NA,3.6,1,0,0,0,1,0.1,3.7
17,13,02,17_02,reviewer,low,3.5,3.6,0,0,1,0,0,0,3.6
17,13,03,17_03,reviewer,none,3.5,3.6,0,0,0,1,0,0,3.6
17,13,04,17_04,panelist,low,NA,3.6,1,0,1,0,1,-0.2,3.4
17,13,05,17_05,panelist,none,NA,3.6,1,0,0,1,0,0,3.6
17,13,06,17_06,panelist,none,NA,3.6,1,0,0,1,1,-0.2,3.4
17,13,07,17_07,panelist,none,NA,3.6,1,0,0,1,1,0.3,3.9
17,13,08,17_08,panelist,none,NA,3.6,1,0,0,1,1,-0.3,3.3
17,13,09,17_09,panelist,none,NA,3.6,1,0,0,1,0,0,3.6
17,13,10,17_10,panelist,none,NA,3.6,1,0,0,1,0,0,3.6
17,13,11,17_11,panelist,high,NA,3.6,1,1,0,0,0,0,3.6
17,13,12,17_12,panelist,low,NA,3.6,1,0,1,0,1,-0.1,3.5
17,13,13,17_13,panelist,med,NA,3.6,1,0,0,0,1,0.2,3.8
17,13,14,17_14,reviewer,high,3.7,3.6,0,1,0,0,0,0,3.6
17,13,15,17_15,panelist,med,NA,3.6,1,0,0,0,0,0,3.6
17,13,16,17_16,panelist,none,NA,3.6,1,0,0,1,0,0,3.6
17,13,17,17_17,panelist,none,NA,3.6,1,0,0,1,1,0.1,3.7
17,13,18,17_18,panelist,low,NA,3.6,1,0,1,0,1,-0.1,3.5
17,13,19,17_19,panelist,none,NA,3.6,1,0,0,1,0,0,3.6
17,13,20,17_20,panelist,low,NA,3.6,1,0,1,0,1,0.2,3.8
17,13,21,17_21,panelist,low,NA,3.6,1,0,1,0,0,0,3.6
17,13,22,17_22,panelist,med,NA,3.6,1,0,0,0,0,0,3.6
17,13,23,17_23,panelist,low,NA,3.6,1,0,1,0,0,0,3.6
17,13,24,17_24,panelist,med,NA,3.6,1,0,0,0,0,0,3.6
17,14,01,17_01,panelist,low,NA,3.5,1,0,1,0,0,0,3.5
17,14,02,17_02,panelist,low,NA,3.5,1,0,1,0,1,-0.2,3.3
17,14,03,17_03,panelist,none,NA,3.5,1,0,0,1,1,0.2,3.7
17,14,04,17_04,panelist,med,NA,3.5,1,0,0,0,0,0,3.5
17,14,05,17_05,panelist,med,NA,3.5,1,0,0,0,0,0,3.5
17,14,06,17_06,panelist,none,NA,3.5,1,0,0,1,0,0,3.5
17,14,07,17_07,panelist,none,NA,3.5,1,0,0,1,0,0,3.5
17,14,08,17_08,panelist,none,NA,3.5,1,0,0,1,0,0,3.5
17,14,09,17_09,panelist,high,NA,3.5,1,1,0,0,0,0,3.5
17,14,10,17_10,reviewer,none,3.4,3.5,0,0,0,1,0,0,3.5
17,14,11,17_11,panelist,low,NA,3.5,1,0,1,0,0,0,3.5
17,14,12,17_12,panelist,low,NA,3.5,1,0,1,0,0,0,3.5
17,14,13,17_13,reviewer,low,3.6,3.5,0,0,1,0,0,0,3.5
17,14,14,17_14,panelist,med,NA,3.5,1,0,0,0,1,-0.1,3.4
17,14,15,17_15,panelist,none,NA,3.5,1,0,0,1,0,0,3.5
17,14,16,17_16,panelist,none,NA,3.5,1,0,0,1,1,-0.2,3.3
17,14,17,17_17,panelist,med,NA,3.5,1,0,0,0,0,0,3.5
17,14,18,17_18,panelist,none,NA,3.5,1,0,0,1,1,-0.4,3.1
17,14,19,17_19,panelist,low,NA,3.5,1,0,1,0,0,0,3.5
17,14,20,17_20,panelist,med,NA,3.5,1,0,0,0,0,0,3.5
17,14,21,17_21,reviewer,none,3.4,3.5,0,0,0,1,1,-0.1,3.4
17,14,22,17_22,panelist,none,NA,3.5,1,0,0,1,1,0.3,3.8
17,14,23,17_23,panelist,high,NA,3.5,1,1,0,0,0,0,3.5
17,14,24,17_24,panelist,low,NA,3.5,1,0,1,0,0,0,3.5
17,16,01,17_01,panelist,med,NA,3.9,1,0,0,0,0,0,3.9
17,16,02,17_02,panelist,low,NA,3.9,1,0,1,0,0,0,3.9
17,16,03,17_03,panelist,none,NA,3.9,1,0,0,1,1,0.1,4
17,16,04,17_04,reviewer,none,3.9,3.9,0,0,0,1,0,0,3.9
17,16,05,17_05,panelist,low,NA,3.9,1,0,1,0,1,0.1,4
17,16,06,17_06,panelist,none,NA,3.9,1,0,0,1,1,-0.2,3.7
17,16,07,17_07,panelist,low,NA,3.9,1,0,1,0,1,-0.1,3.8
17,16,08,17_08,panelist,high,NA,3.9,1,1,0,0,0,0,3.9
17,16,09,17_09,panelist,high,NA,3.9,1,1,0,0,0,0,3.9
17,16,10,17_10,panelist,med,NA,3.9,1,0,0,0,0,0,3.9
17,16,11,17_11,panelist,none,NA,3.9,1,0,0,1,0,0,3.9
17,16,12,17_12,panelist,none,NA,3.9,1,0,0,1,1,0.1,4
17,16,13,17_13,reviewer,med,3.8,3.9,0,0,0,0,0,0,3.9
17,16,14,17_14,panelist,none,NA,3.9,1,0,0,1,1,-0.1,3.8
17,16,15,17_15,panelist,low,NA,3.9,1,0,1,0,0,0,3.9
17,16,16,17_16,panelist,med,NA,3.9,1,0,0,0,0,0,3.9
17,16,17,17_17,panelist,none,NA,3.9,1,0,0,1,0,0,3.9
17,16,18,17_18,panelist,med,NA,3.9,1,0,0,0,0,0,3.9
17,16,19,17_19,panelist,low,NA,3.9,1,0,1,0,1,-0.1,3.8
17,16,20,17_20,panelist,low,NA,3.9,1,0,1,0,1,-0.2,3.7
17,16,21,17_21,panelist,low,NA,3.9,1,0,1,0,0,0,3.9
17,16,22,17_22,reviewer,none,3.9,3.9,0,0,0,1,1,-0.1,3.8
17,16,23,17_23,panelist,none,NA,3.9,1,0,0,1,1,-0.1,3.8
17,16,24,17_24,panelist,none,NA,3.9,1,0,0,1,1,0.2,4.1
17,19,01,17_01,panelist,low,NA,3.8,1,0,1,0,0,0,3.8
17,19,02,17_02,panelist,none,NA,3.8,1,0,0,1,1,-0.1,3.7
17,19,03,17_03,panelist,none,NA,3.8,1,0,0,1,1,0.2,4
17,19,04,17_04,panelist,med,NA,3.8,1,0,0,0,1,-0.1,3.7
17,19,05,17_05,panelist,med,NA,3.8,1,0,0,0,1,0.1,3.9
17,19,06,17_06,panelist,none,NA,3.8,1,0,0,1,1,-0.1,3.7
17,19,07,17_07,panelist,none,NA,3.8,1,0,0,1,1,0.1,3.9
17,19,08,17_08,panelist,low,NA,3.8,1,0,1,0,1,0.2,4
17,19,09,17_09,panelist,low,NA,3.8,1,0,1,0,0,0,3.8
17,19,10,17_10,panelist,med,NA,3.8,1,0,0,0,1,0.3,4.1
17,19,11,17_11,reviewer,none,4,3.8,0,0,0,1,1,-0.2,3.6
17,19,12,17_12,panelist,med,NA,3.8,1,0,0,0,1,0.2,4
17,19,13,17_13,panelist,none,NA,3.8,1,0,0,1,0,0,3.8
17,19,14,17_14,panelist,low,NA,3.8,1,0,1,0,0,0,3.8
17,19,15,17_15,panelist,none,NA,3.8,1,0,0,1,1,-0.3,3.5
17,19,16,17_16,panelist,low,NA,3.8,1,0,1,0,1,-0.1,3.7
17,19,17,17_17,panelist,high,NA,3.8,1,1,0,0,0,0,3.8
17,19,18,17_18,panelist,high,NA,3.8,1,1,0,0,0,0,3.8
17,19,19,17_19,panelist,none,NA,3.8,1,0,0,1,1,0.1,3.9
17,19,20,17_20,panelist,none,NA,3.8,1,0,0,1,0,0,3.8
17,19,21,17_21,panelist,low,NA,3.8,1,0,1,0,0,0,3.8
17,19,22,17_22,reviewer,med,3.6,3.8,0,0,0,0,0,0,3.8
17,19,23,17_23,panelist,none,NA,3.8,1,0,0,1,1,-0.3,3.5
17,19,24,17_24,reviewer,low,3.7,3.8,0,0,1,0,0,0,3.8
17,22,01,17_01,reviewer,low,4.5,4.3,0,0,1,0,0,0,4.3
17,22,02,17_02,panelist,low,NA,4.3,1,0,1,0,0,0,4.3
17,22,03,17_03,panelist,none,NA,4.3,1,0,0,1,1,0.3,4.6
17,22,04,17_04,panelist,med,NA,4.3,1,0,0,0,0,0,4.3
17,22,05,17_05,panelist,none,NA,4.3,1,0,0,1,0,0,4.3
17,22,06,17_06,panelist,low,NA,4.3,1,0,1,0,0,0,4.3
17,22,07,17_07,panelist,med,NA,4.3,1,0,0,0,1,0.2,4.5
17,22,08,17_08,panelist,low,NA,4.3,1,0,1,0,0,0,4.3
17,22,09,17_09,panelist,med,NA,4.3,1,0,0,0,0,0,4.3
17,22,10,17_10,panelist,low,NA,4.3,1,0,1,0,0,0,4.3
17,22,11,17_11,panelist,low,NA,4.3,1,0,1,0,0,0,4.3
17,22,12,17_12,panelist,none,NA,4.3,1,0,0,1,0,0,4.3
17,22,13,17_13,panelist,none,NA,4.3,1,0,0,1,1,0.3,4.6
17,22,14,17_14,panelist,med,NA,4.3,1,0,0,0,0,0,4.3
17,22,15,17_15,panelist,none,NA,4.3,1,0,0,1,0,0,4.3
17,22,16,17_16,reviewer,med,4.4,4.3,0,0,0,0,1,-0.2,4.1
17,22,17,17_17,panelist,none,NA,4.3,1,0,0,1,0,0,4.3
17,22,18,17_18,panelist,none,NA,4.3,1,0,0,1,1,0.1,4.4
17,22,19,17_19,panelist,high,NA,4.3,1,1,0,0,1,0.1,4.4
17,22,20,17_20,panelist,none,NA,4.3,1,0,0,1,0,0,4.3
17,22,21,17_21,panelist,none,NA,4.3,1,0,0,1,1,-0.1,4.2
17,22,22,17_22,reviewer,none,4.1,4.3,0,0,0,1,0,0,4.3
17,22,23,17_23,panelist,low,NA,4.3,1,0,1,0,1,-0.1,4.2
17,22,24,17_24,panelist,high,NA,4.3,1,1,0,0,0,0,4.3
17,23,01,17_01,panelist,low,NA,4,1,0,1,0,1,-0.2,3.8
17,23,02,17_02,panelist,none,NA,4,1,0,0,1,0,0,4
17,23,03,17_03,panelist,none,NA,4,1,0,0,1,0,0,4
17,23,04,17_04,panelist,none,NA,4,1,0,0,1,0,0,4
17,23,05,17_05,reviewer,low,3.8,4,0,0,1,0,0,0,4
17,23,06,17_06,panelist,med,NA,4,1,0,0,0,1,-0.1,3.9
17,23,07,17_07,panelist,none,NA,4,1,0,0,1,0,0,4
17,23,08,17_08,panelist,none,NA,4,1,0,0,1,1,0.2,4.2
17,23,09,17_09,panelist,low,NA,4,1,0,1,0,1,0.1,4.1
17,23,10,17_10,panelist,med,NA,4,1,0,0,0,1,0.1,4.1
17,23,11,17_11,panelist,none,NA,4,1,0,0,1,0,0,4
17,23,12,17_12,panelist,med,NA,4,1,0,0,0,0,0,4
17,23,13,17_13,panelist,none,NA,4,1,0,0,1,0,0,4
17,23,14,17_14,panelist,low,NA,4,1,0,1,0,0,0,4
17,23,15,17_15,reviewer,high,3.9,4,0,1,0,0,0,0,4
17,23,16,17_16,panelist,med,NA,4,1,0,0,0,0,0,4
17,23,17,17_17,panelist,low,NA,4,1,0,1,0,1,-0.1,3.9
17,23,18,17_18,reviewer,none,4.2,4,0,0,0,1,1,-0.2,3.8
17,23,19,17_19,panelist,none,NA,4,1,0,0,1,1,-0.1,3.9
17,23,20,17_20,panelist,none,NA,4,1,0,0,1,0,0,4
17,23,21,17_21,panelist,med,NA,4,1,0,0,0,0,0,4
17,23,22,17_22,panelist,high,NA,4,1,1,0,0,0,0,4
17,23,23,17_23,panelist,low,NA,4,1,0,1,0,0,0,4
17,23,24,17_24,panelist,low,NA,4,1,0,1,0,1,0.2,4.2
17,25,01,17_01,panelist,none,NA,4,1,0,0,1,1,-0.1,3.9
17,25,02,17_02,panelist,low,NA,4,1,0,1,0,1,-0.4,3.6
17,25,03,17_03,panelist,low,NA,4,1,0,1,0,0,0,4
17,25,04,17_04,panelist,high,NA,4,1,1,0,0,0,0,4
17,25,05,17_05,panelist,low,NA,4,1,0,1,0,1,0.2,4.2
17,25,06,17_06,reviewer,med,4.1,4,0,0,0,0,0,0,4
17,25,07,17_07,reviewer,med,4.4,4,0,0,0,0,0,0,4
17,25,08,17_08,panelist,low,NA,4,1,0,1,0,1,0.1,4.1
17,25,09,17_09,panelist,low,NA,4,1,0,1,0,1,-0.1,3.9
17,25,10,17_10,panelist,none,NA,4,1,0,0,1,1,0.1,4.1
17,25,11,17_11,panelist,none,NA,4,1,0,0,1,0,0,4
17,25,12,17_12,panelist,none,NA,4,1,0,0,1,1,-0.3,3.7
17,25,13,17_13,panelist,none,NA,4,1,0,0,1,0,0,4
17,25,14,17_14,reviewer,med,3.5,4,0,0,0,0,1,0.1,4.1
17,25,15,17_15,panelist,low,NA,4,1,0,1,0,0,0,4
17,25,16,17_16,panelist,none,NA,4,1,0,0,1,1,-0.3,3.7
17,25,17,17_17,panelist,none,NA,4,1,0,0,1,0,0,4
17,25,18,17_18,panelist,none,NA,4,1,0,0,1,1,0.1,4.1
17,25,19,17_19,panelist,high,NA,4,1,1,0,0,1,0.3,4.3
17,25,20,17_20,panelist,none,NA,4,1,0,0,1,1,-0.2,3.8
17,25,21,17_21,panelist,low,NA,4,1,0,1,0,1,-0.2,3.8
17,25,22,17_22,panelist,med,NA,4,1,0,0,0,0,0,4
17,25,23,17_23,panelist,med,NA,4,1,0,0,0,1,-0.1,3.9
17,25,24,17_24,panelist,none,NA,4,1,0,0,1,1,0.1,4.1
17,29,01,17_01,panelist,none,NA,3.6,1,0,0,1,0,0,3.6
17,29,02,17_02,reviewer,low,3.7,3.6,0,0,1,0,0,0,3.6
17,29,03,17_03,panelist,none,NA,3.6,1,0,0,1,0,0,3.6
17,29,04,17_04,reviewer,none,3.7,3.6,0,0,0,1,0,0,3.6
17,29,05,17_05,panelist,low,NA,3.6,1,0,1,0,0,0,3.6
17,29,06,17_06,panelist,low,NA,3.6,1,0,1,0,1,0.1,3.7
17,29,07,17_07,panelist,med,NA,3.6,1,0,0,0,0,0,3.6
17,29,08,17_08,panelist,none,NA,3.6,1,0,0,1,1,-0.3,3.3
17,29,09,17_09,panelist,none,NA,3.6,1,0,0,1,0,0,3.6
17,29,10,17_10,panelist,none,NA,3.6,1,0,0,1,1,0.1,3.7
17,29,11,17_11,panelist,none,NA,3.6,1,0,0,1,1,-0.1,3.5
17,29,12,17_12,panelist,none,NA,3.6,1,0,0,1,1,0.1,3.7
17,29,13,17_13,panelist,low,NA,3.6,1,0,1,0,1,0.2,3.8
17,29,14,17_14,panelist,med,NA,3.6,1,0,0,0,0,0,3.6
17,29,15,17_15,panelist,med,NA,3.6,1,0,0,0,0,0,3.6
17,29,16,17_16,panelist,med,NA,3.6,1,0,0,0,0,0,3.6
17,29,17,17_17,panelist,med,NA,3.6,1,0,0,0,1,-0.2,3.4
17,29,18,17_18,panelist,high,NA,3.6,1,1,0,0,1,-0.1,3.5
17,29,19,17_19,panelist,low,NA,3.6,1,0,1,0,0,0,3.6
17,29,20,17_20,panelist,none,NA,3.6,1,0,0,1,1,0.1,3.7
17,29,21,17_21,panelist,low,NA,3.6,1,0,1,0,1,0.1,3.7
17,29,22,17_22,reviewer,low,3.5,3.6,0,0,1,0,0,0,3.6
17,29,23,17_23,panelist,none,NA,3.6,1,0,0,1,1,-0.2,3.4
17,29,24,17_24,panelist,high,NA,3.6,1,1,0,0,1,0.1,3.7
18,3,01,18_01,panelist,med,NA,4.5,1,0,0,0,1,0.1,4.6
18,3,02,18_02,panelist,high,NA,4.5,1,1,0,0,0,0,4.5
18,3,03,18_03,panelist,none,NA,4.5,1,0,0,1,0,0,4.5
18,3,04,18_04,panelist,med,NA,4.5,1,0,0,0,0,0,4.5
18,3,05,18_05,panelist,none,NA,4.5,1,0,0,1,0,0,4.5
18,3,06,18_06,panelist,med,NA,4.5,1,0,0,0,0,0,4.5
18,3,07,18_07,panelist,high,NA,4.5,1,1,0,0,1,-0.1,4.4
18,3,08,18_08,panelist,low,NA,4.5,1,0,1,0,0,0,4.5
18,3,09,18_09,panelist,none,NA,4.5,1,0,0,1,0,0,4.5
18,3,10,18_10,panelist,med,NA,4.5,1,0,0,0,0,0,4.5
18,3,11,18_11,panelist,none,NA,4.5,1,0,0,1,1,0.1,4.6
18,3,12,18_12,panelist,low,NA,4.5,1,0,1,0,0,0,4.5
18,3,13,18_13,panelist,med,NA,4.5,1,0,0,0,0,0,4.5
18,3,14,18_14,panelist,low,NA,4.5,1,0,1,0,0,0,4.5
18,3,15,18_15,panelist,low,NA,4.5,1,0,1,0,0,0,4.5
18,3,16,18_16,reviewer,none,4.8,4.5,0,0,0,1,0,0,4.5
18,3,17,18_17,panelist,low,NA,4.5,1,0,1,0,1,-0.2,4.3
18,3,18,18_18,panelist,none,NA,4.5,1,0,0,1,1,-0.1,4.4
18,3,19,18_19,panelist,none,NA,4.5,1,0,0,1,1,0.1,4.6
18,3,20,18_20,panelist,none,NA,4.5,1,0,0,1,0,0,4.5
18,3,21,18_21,reviewer,low,4.2,4.5,0,0,1,0,1,-0.3,4.2
18,3,22,18_22,reviewer,none,4.6,4.5,0,0,0,1,0,0,4.5
18,3,23,18_23,panelist,none,NA,4.5,1,0,0,1,0,0,4.5
18,3,24,18_24,panelist,low,NA,4.5,1,0,1,0,1,-0.1,4.4
18,4,01,18_01,panelist,low,NA,3.7,1,0,1,0,0,0,3.7
18,4,02,18_02,reviewer,low,3.9,3.7,0,0,1,0,1,-0.1,3.6
18,4,03,18_03,panelist,med,NA,3.7,1,0,0,0,0,0,3.7
18,4,04,18_04,panelist,none,NA,3.7,1,0,0,1,0,0,3.7
18,4,05,18_05,panelist,none,NA,3.7,1,0,0,1,0,0,3.7
18,4,06,18_06,panelist,none,NA,3.7,1,0,0,1,1,-0.1,3.6
18,4,07,18_07,panelist,med,NA,3.7,1,0,0,0,0,0,3.7
18,4,08,18_08,panelist,med,NA,3.7,1,0,0,0,1,-0.2,3.5
18,4,09,18_09,reviewer,none,3.7,3.7,0,0,0,1,0,0,3.7
18,4,10,18_10,panelist,none,NA,3.7,1,0,0,1,1,0.3,4
18,4,11,18_11,panelist,low,NA,3.7,1,0,1,0,1,-0.1,3.6
18,4,12,18_12,panelist,none,NA,3.7,1,0,0,1,1,-0.2,3.5
18,4,13,18_13,reviewer,low,3.6,3.7,0,0,1,0,0,0,3.7
18,4,14,18_14,panelist,low,NA,3.7,1,0,1,0,1,0.3,4
18,4,15,18_15,panelist,none,NA,3.7,1,0,0,1,0,0,3.7
18,4,16,18_16,panelist,none,NA,3.7,1,0,0,1,0,0,3.7
18,4,17,18_17,panelist,none,NA,3.7,1,0,0,1,0,0,3.7
18,4,18,18_18,panelist,low,NA,3.7,1,0,1,0,1,-0.2,3.5
18,4,19,18_19,panelist,med,NA,3.7,1,0,0,0,0,0,3.7
18,4,20,18_20,panelist,none,NA,3.7,1,0,0,1,1,0.4,4.1
18,4,21,18_21,panelist,med,NA,3.7,1,0,0,0,1,-0.1,3.6
18,4,22,18_22,panelist,high,NA,3.7,1,1,0,0,0,0,3.7
18,4,23,18_23,panelist,low,NA,3.7,1,0,1,0,0,0,3.7
18,4,24,18_24,panelist,high,NA,3.7,1,1,0,0,0,0,3.7
18,6,01,18_01,panelist,none,NA,3.9,1,0,0,1,0,0,3.9
18,6,02,18_02,panelist,low,NA,3.9,1,0,1,0,1,0.1,4
18,6,03,18_03,panelist,high,NA,3.9,1,1,0,0,1,0.3,4.2
18,6,04,18_04,panelist,med,NA,3.9,1,0,0,0,1,0.3,4.2
18,6,05,18_05,panelist,med,NA,3.9,1,0,0,0,1,0.1,4
18,6,06,18_06,reviewer,low,3.6,3.9,0,0,1,0,0,0,3.9
18,6,07,18_07,panelist,none,NA,3.9,1,0,0,1,1,0.2,4.1
18,6,08,18_08,panelist,none,NA,3.9,1,0,0,1,0,0,3.9
18,6,09,18_09,panelist,low,NA,3.9,1,0,1,0,1,0.3,4.2
18,6,10,18_10,panelist,low,NA,3.9,1,0,1,0,0,0,3.9
18,6,11,18_11,panelist,none,NA,3.9,1,0,0,1,0,0,3.9
18,6,12,18_12,panelist,high,NA,3.9,1,1,0,0,0,0,3.9
18,6,13,18_13,panelist,none,NA,3.9,1,0,0,1,0,0,3.9
18,6,14,18_14,reviewer,none,4.2,3.9,0,0,0,1,0,0,3.9
18,6,15,18_15,panelist,none,NA,3.9,1,0,0,1,1,-0.1,3.8
18,6,16,18_16,panelist,none,NA,3.9,1,0,0,1,1,-0.3,3.6
18,6,17,18_17,panelist,none,NA,3.9,1,0,0,1,0,0,3.9
18,6,18,18_18,panelist,low,NA,3.9,1,0,1,0,1,0.1,4
18,6,19,18_19,panelist,low,NA,3.9,1,0,1,0,0,0,3.9
18,6,20,18_20,panelist,none,NA,3.9,1,0,0,1,0,0,3.9
18,6,21,18_21,panelist,low,NA,3.9,1,0,1,0,0,0,3.9
18,6,22,18_22,panelist,med,NA,3.9,1,0,0,0,0,0,3.9
18,6,23,18_23,panelist,med,NA,3.9,1,0,0,0,0,0,3.9
18,6,24,18_24,reviewer,med,4,3.9,0,0,0,0,0,0,3.9
18,8,01,18_01,panelist,none,NA,3.7,1,0,0,1,1,-0.1,3.6
18,8,02,18_02,panelist,med,NA,3.7,1,0,0,0,1,-0.2,3.5
18,8,03,18_03,panelist,low,NA,3.7,1,0,1,0,1,0.2,3.9
18,8,04,18_04,panelist,low,NA,3.7,1,0,1,0,1,0.3,4
18,8,05,18_05,reviewer,low,4.1,3.7,0,0,1,0,0,0,3.7
18,8,06,18_06,panelist,med,NA,3.7,1,0,0,0,1,0.1,3.8
18,8,07,18_07,panelist,low,NA,3.7,1,0,1,0,0,0,3.7
18,8,08,18_08,panelist,none,NA,3.7,1,0,0,1,1,-0.1,3.6
18,8,09,18_09,panelist,med,NA,3.7,1,0,0,0,0,0,3.7
18,8,10,18_10,panelist,high,NA,3.7,1,1,0,0,1,-0.1,3.6
18,8,11,18_11,panelist,none,NA,3.7,1,0,0,1,0,0,3.7
18,8,12,18_12,reviewer,med,3.4,3.7,0,0,0,0,0,0,3.7
18,8,13,18_13,panelist,none,NA,3.7,1,0,0,1,0,0,3.7
18,8,14,18_14,reviewer,none,3.7,3.7,0,0,0,1,1,-0.1,3.6
18,8,15,18_15,panelist,low,NA,3.7,1,0,1,0,1,-0.1,3.6
18,8,16,18_16,panelist,low,NA,3.7,1,0,1,0,0,0,3.7
18,8,17,18_17,panelist,none,NA,3.7,1,0,0,1,1,-0.5,3.2
18,8,18,18_18,panelist,high,NA,3.7,1,1,0,0,0,0,3.7
18,8,19,18_19,panelist,none,NA,3.7,1,0,0,1,0,0,3.7
18,8,20,18_20,panelist,low,NA,3.7,1,0,1,0,1,-0.4,3.3
18,8,21,18_21,panelist,none,NA,3.7,1,0,0,1,0,0,3.7
18,8,22,18_22,panelist,med,NA,3.7,1,0,0,0,0,0,3.7
18,8,23,18_23,panelist,none,NA,3.7,1,0,0,1,1,0.3,4
18,8,24,18_24,panelist,none,NA,3.7,1,0,0,1,0,0,3.7
18,11,01,18_01,panelist,none,NA,3.8,1,0,0,1,1,-0.2,3.6
18,11,02,18_02,panelist,high,NA,3.8,1,1,0,0,0,0,3.8
18,11,03,18_03,panelist,low,NA,3.8,1,0,1,0,1,0.3,4.1
18,11,04,18_04,panelist,none,NA,3.8,1,0,0,1,1,0.1,3.9
18,11,05,18_05,panelist,low,NA,3.8,1,0,1,0,0,0,3.8
18,11,06,18_06,panelist,none,NA,3.8,1,0,0,1,1,0.3,4.1
18,11,07,18_07,reviewer,med,3.9,3.8,0,0,0,0,0,0,3.8
18,11,08,18_08,panelist,low,NA,3.8,1,0,1,0,1,-0.1,3.7
18,11,09,18_09,panelist,none,NA,3.8,1,0,0,1,0,0,3.8
18,11,10,18_10,panelist,none,NA,3.8,1,0,0,1,1,0.1,3.9
18,11,11,18_11,panelist,med,NA,3.8,1,0,0,0,0,0,3.8
18,11,12,18_12,panelist,med,NA,3.8,1,0,0,0,0,0,3.8
18,11,13,18_13,panelist,none,NA,3.8,1,0,0,1,0,0,3.8
18,11,14,18_14,panelist,low,NA,3.8,1,0,1,0,0,0,3.8
18,11,15,18_15,reviewer,none,3.7,3.8,0,0,0,1,0,0,3.8
18,11,16,18_16,panelist,none,NA,3.8,1,0,0,1,0,0,3.8
18,11,17,18_17,panelist,none,NA,3.8,1,0,0,1,1,-0.4,3.4
18,11,18,18_18,panelist,none,NA,3.8,1,0,0,1,0,0,3.8
18,11,19,18_19,panelist,low,NA,3.8,1,0,1,0,1,-0.1,3.7
18,11,20,18_20,panelist,high,NA,3.8,1,1,0,0,0,0,3.8
18,11,21,18_21,reviewer,med,3.9,3.8,0,0,0,0,0,0,3.8
18,11,22,18_22,panelist,med,NA,3.8,1,0,0,0,0,0,3.8
18,11,23,18_23,panelist,low,NA,3.8,1,0,1,0,0,0,3.8
18,11,24,18_24,panelist,low,NA,3.8,1,0,1,0,1,-0.3,3.5
18,15,01,18_01,panelist,none,NA,3.6,1,0,0,1,0,0,3.6
18,15,02,18_02,reviewer,med,3.6,3.6,0,0,0,0,0,0,3.6
18,15,03,18_03,panelist,low,NA,3.6,1,0,1,0,1,-0.1,3.5
18,15,04,18_04,panelist,low,NA,3.6,1,0,1,0,1,0.2,3.8
18,15,05,18_05,panelist,none,NA,3.6,1,0,0,1,0,0,3.6
18,15,06,18_06,panelist,low,NA,3.6,1,0,1,0,0,0,3.6
18,15,07,18_07,panelist,low,NA,3.6,1,0,1,0,0,0,3.6
18,15,08,18_08,panelist,none,NA,3.6,1,0,0,1,1,-0.1,3.5
18,15,09,18_09,panelist,none,NA,3.6,1,0,0,1,1,0.1,3.7
18,15,10,18_10,panelist,med,NA,3.6,1,0,0,0,0,0,3.6
18,15,11,18_11,panelist,none,NA,3.6,1,0,0,1,0,0,3.6
18,15,12,18_12,panelist,low,NA,3.6,1,0,1,0,1,0.1,3.7
18,15,13,18_13,panelist,med,NA,3.6,1,0,0,0,0,0,3.6
18,15,14,18_14,panelist,low,NA,3.6,1,0,1,0,0,0,3.6
18,15,15,18_15,panelist,high,NA,3.6,1,1,0,0,1,-0.1,3.5
18,15,16,18_16,panelist,med,NA,3.6,1,0,0,0,1,0.2,3.8
18,15,17,18_17,reviewer,none,3.9,3.6,0,0,0,1,1,-0.2,3.4
18,15,18,18_18,panelist,high,NA,3.6,1,1,0,0,0,0,3.6
18,15,19,18_19,panelist,none,NA,3.6,1,0,0,1,1,-0.2,3.4
18,15,20,18_20,reviewer,low,3.3,3.6,0,0,1,0,0,0,3.6
18,15,21,18_21,panelist,med,NA,3.6,1,0,0,0,1,0.2,3.8
18,15,22,18_22,panelist,none,NA,3.6,1,0,0,1,0,0,3.6
18,15,23,18_23,panelist,none,NA,3.6,1,0,0,1,1,0.1,3.7
18,15,24,18_24,panelist,none,NA,3.6,1,0,0,1,0,0,3.6
18,16,01,18_01,panelist,none,NA,4.1,1,0,0,1,1,-0.2,3.9
18,16,02,18_02,panelist,med,NA,4.1,1,0,0,0,1,-0.1,4
18,16,03,18_03,reviewer,none,4,4.1,0,0,0,1,0,0,4.1
18,16,04,18_04,panelist,none,NA,4.1,1,0,0,1,1,0.1,4.2
18,16,05,18_05,panelist,low,NA,4.1,1,0,1,0,0,0,4.1
18,16,06,18_06,panelist,none,NA,4.1,1,0,0,1,0,0,4.1
18,16,07,18_07,panelist,med,NA,4.1,1,0,0,0,0,0,4.1
18,16,08,18_08,panelist,none,NA,4.1,1,0,0,1,1,0.3,4.4
18,16,09,18_09,panelist,low,NA,4.1,1,0,1,0,1,0.2,4.3
18,16,10,18_10,panelist,low,NA,4.1,1,0,1,0,1,0.1,4.2
18,16,11,18_11,panelist,low,NA,4.1,1,0,1,0,0,0,4.1
18,16,12,18_12,panelist,med,NA,4.1,1,0,0,0,1,-0.1,4
18,16,13,18_13,reviewer,med,4.1,4.1,0,0,0,0,0,0,4.1
18,16,14,18_14,panelist,low,NA,4.1,1,0,1,0,0,0,4.1
18,16,15,18_15,panelist,none,NA,4.1,1,0,0,1,1,-0.1,4
18,16,16,18_16,panelist,high,NA,4.1,1,1,0,0,1,0.2,4.3
18,16,17,18_17,panelist,high,NA,4.1,1,1,0,0,0,0,4.1
18,16,18,18_18,panelist,low,NA,4.1,1,0,1,0,0,0,4.1
18,16,19,18_19,panelist,none,NA,4.1,1,0,0,1,0,0,4.1
18,16,20,18_20,reviewer,med,4.1,4.1,0,0,0,0,0,0,4.1
18,16,21,18_21,panelist,none,NA,4.1,1,0,0,1,1,0.1,4.2
18,16,22,18_22,panelist,low,NA,4.1,1,0,1,0,0,0,4.1
18,16,23,18_23,panelist,none,NA,4.1,1,0,0,1,0,0,4.1
18,16,24,18_24,panelist,none,NA,4.1,1,0,0,1,1,-0.3,3.8
18,17,01,18_01,panelist,none,NA,4.1,1,0,0,1,0,0,4.1
18,17,02,18_02,panelist,none,NA,4.1,1,0,0,1,1,0.2,4.3
18,17,03,18_03,panelist,none,NA,4.1,1,0,0,1,0,0,4.1
18,17,04,18_04,panelist,none,NA,4.1,1,0,0,1,0,0,4.1
18,17,05,18_05,panelist,none,NA,4.1,1,0,0,1,1,0.3,4.4
18,17,06,18_06,panelist,none,NA,4.1,1,0,0,1,0,0,4.1
18,17,07,18_07,panelist,med,NA,4.1,1,0,0,0,1,-0.1,4
18,17,08,18_08,panelist,none,NA,4.1,1,0,0,1,0,0,4.1
18,17,09,18_09,panelist,low,NA,4.1,1,0,1,0,0,0,4.1
18,17,10,18_10,panelist,low,NA,4.1,1,0,1,0,0,0,4.1
18,17,11,18_11,panelist,none,NA,4.1,1,0,0,1,0,0,4.1
18,17,12,18_12,panelist,med,NA,4.1,1,0,0,0,0,0,4.1
18,17,13,18_13,panelist,low,NA,4.1,1,0,1,0,0,0,4.1
18,17,14,18_14,panelist,med,NA,4.1,1,0,0,0,0,0,4.1
18,17,15,18_15,reviewer,low,3.9,4.1,0,0,1,0,1,0.2,4.3
18,17,16,18_16,panelist,none,NA,4.1,1,0,0,1,1,-0.1,4
18,17,17,18_17,reviewer,low,4.1,4.1,0,0,1,0,1,-0.1,4
18,17,18,18_18,panelist,high,NA,4.1,1,1,0,0,0,0,4.1
18,17,19,18_19,panelist,med,NA,4.1,1,0,0,0,0,0,4.1
18,17,20,18_20,reviewer,low,4.2,4.1,0,0,1,0,0,0,4.1
18,17,21,18_21,panelist,high,NA,4.1,1,1,0,0,0,0,4.1
18,17,22,18_22,panelist,none,NA,4.1,1,0,0,1,0,0,4.1
18,17,23,18_23,panelist,med,NA,4.1,1,0,0,0,1,0.2,4.3
18,17,24,18_24,panelist,low,NA,4.1,1,0,1,0,0,0,4.1
18,19,01,18_01,panelist,none,NA,3.8,1,0,0,1,0,0,3.8
18,19,02,18_02,panelist,med,NA,3.8,1,0,0,0,0,0,3.8
18,19,03,18_03,panelist,none,NA,3.8,1,0,0,1,1,-0.1,3.7
18,19,04,18_04,panelist,med,NA,3.8,1,0,0,0,1,0.4,4.2
18,19,05,18_05,panelist,none,NA,3.8,1,0,0,1,0,0,3.8
18,19,06,18_06,panelist,med,NA,3.8,1,0,0,0,0,0,3.8
18,19,07,18_07,panelist,med,NA,3.8,1,0,0,0,0,0,3.8
18,19,08,18_08,panelist,high,NA,3.8,1,1,0,0,0,0,3.8
18,19,09,18_09,reviewer,none,3.9,3.8,0,0,0,1,0,0,3.8
18,19,10,18_10,panelist,none,NA,3.8,1,0,0,1,1,0.1,3.9
18,19,11,18_11,panelist,low,NA,3.8,1,0,1,0,0,0,3.8
18,19,12,18_12,panelist,low,NA,3.8,1,0,1,0,0,0,3.8
18,19,13,18_13,reviewer,low,3.8,3.8,0,0,1,0,0,0,3.8
18,19,14,18_14,panelist,low,NA,3.8,1,0,1,0,1,0.2,4
18,19,15,18_15,panelist,low,NA,3.8,1,0,1,0,0,0,3.8
18,19,16,18_16,panelist,high,NA,3.8,1,1,0,0,1,-0.1,3.7
18,19,17,18_17,panelist,med,NA,3.8,1,0,0,0,0,0,3.8
18,19,18,18_18,panelist,none,NA,3.8,1,0,0,1,1,-0.1,3.7
18,19,19,18_19,panelist,low,NA,3.8,1,0,1,0,1,-0.2,3.6
18,19,20,18_20,panelist,none,NA,3.8,1,0,0,1,1,0.1,3.9
18,19,21,18_21,panelist,none,NA,3.8,1,0,0,1,1,0.2,4
18,19,22,18_22,panelist,none,NA,3.8,1,0,0,1,1,0.3,4.1
18,19,23,18_23,panelist,none,NA,3.8,1,0,0,1,0,0,3.8
18,19,24,18_24,reviewer,low,3.8,3.8,0,0,1,0,1,-0.2,3.6
18,22,01,18_01,panelist,med,NA,3.5,1,0,0,0,1,-0.1,3.4
18,22,02,18_02,panelist,low,NA,3.5,1,0,1,0,1,0.1,3.6
18,22,03,18_03,panelist,none,NA,3.5,1,0,0,1,0,0,3.5
18,22,04,18_04,panelist,low,NA,3.5,1,0,1,0,1,0.2,3.7
18,22,05,18_05,panelist,med,NA,3.5,1,0,0,0,0,0,3.5
18,22,06,18_06,panelist,none,NA,3.5,1,0,0,1,1,0.2,3.7
18,22,07,18_07,panelist,med,NA,3.5,1,0,0,0,1,0.1,3.6
18,22,08,18_08,panelist,low,NA,3.5,1,0,1,0,0,0,3.5
18,22,09,18_09,reviewer,low,3.3,3.5,0,0,1,0,0,0,3.5
18,22,10,18_10,reviewer,med,3.5,3.5,0,0,0,0,1,-0.1,3.4
18,22,11,18_11,panelist,low,NA,3.5,1,0,1,0,0,0,3.5
18,22,12,18_12,panelist,med,NA,3.5,1,0,0,0,0,0,3.5
18,22,13,18_13,panelist,high,NA,3.5,1,1,0,0,1,-0.3,3.2
18,22,14,18_14,panelist,none,NA,3.5,1,0,0,1,1,-0.1,3.4
18,22,15,18_15,panelist,low,NA,3.5,1,0,1,0,1,-0.1,3.4
18,22,16,18_16,panelist,none,NA,3.5,1,0,0,1,0,0,3.5
18,22,17,18_17,panelist,none,NA,3.5,1,0,0,1,0,0,3.5
18,22,18,18_18,panelist,low,NA,3.5,1,0,1,0,0,0,3.5
18,22,19,18_19,panelist,high,NA,3.5,1,1,0,0,0,0,3.5
18,22,20,18_20,panelist,none,NA,3.5,1,0,0,1,0,0,3.5
18,22,21,18_21,panelist,none,NA,3.5,1,0,0,1,1,0.2,3.7
18,22,22,18_22,reviewer,none,3.6,3.5,0,0,0,1,0,0,3.5
18,22,23,18_23,panelist,none,NA,3.5,1,0,0,1,0,0,3.5
18,22,24,18_24,panelist,none,NA,3.5,1,0,0,1,0,0,3.5
18,23,01,18_01,panelist,med,NA,3.8,1,0,0,0,0,0,3.8
18,23,02,18_02,panelist,none,NA,3.8,1,0,0,1,0,0,3.8
18,23,03,18_03,panelist,low,NA,3.8,1,0,1,0,0,0,3.8
18,23,04,18_04,panelist,high,NA,3.8,1,1,0,0,0,0,3.8
18,23,05,18_05,reviewer,med,3.8,3.8,0,0,0,0,0,0,3.8
18,23,06,18_06,panelist,low,NA,3.8,1,0,1,0,1,0.1,3.9
18,23,07,18_07,panelist,none,NA,3.8,1,0,0,1,0,0,3.8
18,23,08,18_08,panelist,none,NA,3.8,1,0,0,1,0,0,3.8
18,23,09,18_09,panelist,none,NA,3.8,1,0,0,1,1,0.1,3.9
18,23,10,18_10,reviewer,low,3.9,3.8,0,0,1,0,0,0,3.8
18,23,11,18_11,panelist,none,NA,3.8,1,0,0,1,0,0,3.8
18,23,12,18_12,panelist,none,NA,3.8,1,0,0,1,0,0,3.8
18,23,13,18_13,panelist,med,NA,3.8,1,0,0,0,1,-0.3,3.5
18,23,14,18_14,panelist,med,NA,3.8,1,0,0,0,1,0.1,3.9
18,23,15,18_15,panelist,low,NA,3.8,1,0,1,0,0,0,3.8
18,23,16,18_16,panelist,none,NA,3.8,1,0,0,1,1,0.1,3.9
18,23,17,18_17,panelist,none,NA,3.8,1,0,0,1,0,0,3.8
18,23,18,18_18,panelist,med,NA,3.8,1,0,0,0,0,0,3.8
18,23,19,18_19,panelist,none,NA,3.8,1,0,0,1,1,-0.1,3.7
18,23,20,18_20,panelist,low,NA,3.8,1,0,1,0,1,0.2,4
18,23,21,18_21,panelist,low,NA,3.8,1,0,1,0,1,-0.1,3.7
18,23,22,18_22,reviewer,low,3.6,3.8,0,0,1,0,0,0,3.8
18,23,23,18_23,panelist,none,NA,3.8,1,0,0,1,1,-0.1,3.7
18,23,24,18_24,panelist,high,NA,3.8,1,1,0,0,0,0,3.8
18,24,01,18_01,panelist,low,NA,4.4,1,0,1,0,0,0,4.4
18,24,02,18_02,panelist,none,NA,4.4,1,0,0,1,1,-0.1,4.3
18,24,03,18_03,panelist,high,NA,4.4,1,1,0,0,0,0,4.4
18,24,04,18_04,panelist,low,NA,4.4,1,0,1,0,0,0,4.4
18,24,05,18_05,panelist,low,NA,4.4,1,0,1,0,1,0.2,4.6
18,24,06,18_06,reviewer,none,4.4,4.4,0,0,0,1,0,0,4.4
18,24,07,18_07,panelist,med,NA,4.4,1,0,0,0,0,0,4.4
18,24,08,18_08,reviewer,med,4.5,4.4,0,0,0,0,0,0,4.4
18,24,09,18_09,panelist,low,NA,4.4,1,0,1,0,0,0,4.4
18,24,10,18_10,panelist,high,NA,4.4,1,1,0,0,0,0,4.4
18,24,11,18_11,panelist,none,NA,4.4,1,0,0,1,1,-0.2,4.2
18,24,12,18_12,panelist,none,NA,4.4,1,0,0,1,0,0,4.4
18,24,13,18_13,panelist,med,NA,4.4,1,0,0,0,0,0,4.4
18,24,14,18_14,reviewer,none,4.3,4.4,0,0,0,1,0,0,4.4
18,24,15,18_15,panelist,med,NA,4.4,1,0,0,0,0,0,4.4
18,24,16,18_16,panelist,none,NA,4.4,1,0,0,1,1,-0.5,3.9
18,24,17,18_17,panelist,none,NA,4.4,1,0,0,1,0,0,4.4
18,24,18,18_18,panelist,none,NA,4.4,1,0,0,1,1,0.1,4.5
18,24,19,18_19,panelist,low,NA,4.4,1,0,1,0,0,0,4.4
18,24,20,18_20,panelist,none,NA,4.4,1,0,0,1,0,0,4.4
18,24,21,18_21,panelist,low,NA,4.4,1,0,1,0,1,0.1,4.5
18,24,22,18_22,panelist,low,NA,4.4,1,0,1,0,0,0,4.4
18,24,23,18_23,panelist,none,NA,4.4,1,0,0,1,0,0,4.4
18,24,24,18_24,panelist,med,NA,4.4,1,0,0,0,0,0,4.4
18,26,01,18_01,panelist,none,NA,3.9,1,0,0,1,1,0.1,4
18,26,02,18_02,panelist,high,NA,3.9,1,1,0,0,1,-0.1,3.8
18,26,03,18_03,panelist,med,NA,3.9,1,0,0,0,1,0.3,4.2
18,26,04,18_04,panelist,low,NA,3.9,1,0,1,0,0,0,3.9
18,26,05,18_05,panelist,low,NA,3.9,1,0,1,0,0,0,3.9
18,26,06,18_06,reviewer,none,3.9,3.9,0,0,0,1,1,-0.2,3.7
18,26,07,18_07,panelist,none,NA,3.9,1,0,0,1,1,-0.2,3.7
18,26,08,18_08,panelist,med,NA,3.9,1,0,0,0,1,0.2,4.1
18,26,09,18_09,panelist,none,NA,3.9,1,0,0,1,0,0,3.9
18,26,10,18_10,panelist,none,NA,3.9,1,0,0,1,0,0,3.9
18,26,11,18_11,panelist,low,NA,3.9,1,0,1,0,1,0.2,4.1
18,26,12,18_12,panelist,low,NA,3.9,1,0,1,0,0,0,3.9
18,26,13,18_13,reviewer,low,4.1,3.9,0,0,1,0,1,0.1,4
18,26,14,18_14,panelist,med,NA,3.9,1,0,0,0,0,0,3.9
18,26,15,18_15,panelist,none,NA,3.9,1,0,0,1,1,0.1,4
18,26,16,18_16,reviewer,low,3.7,3.9,0,0,1,0,0,0,3.9
18,26,17,18_17,panelist,none,NA,3.9,1,0,0,1,0,0,3.9
18,26,18,18_18,panelist,med,NA,3.9,1,0,0,0,0,0,3.9
18,26,19,18_19,panelist,none,NA,3.9,1,0,0,1,0,0,3.9
18,26,20,18_20,panelist,med,NA,3.9,1,0,0,0,1,0.1,4
18,26,21,18_21,panelist,low,NA,3.9,1,0,1,0,1,-0.1,3.8
18,26,22,18_22,panelist,none,NA,3.9,1,0,0,1,1,0.2,4.1
18,26,23,18_23,panelist,none,NA,3.9,1,0,0,1,1,-0.1,3.8
18,26,24,18_24,panelist,high,NA,3.9,1,1,0,0,0,0,3.9
18,29,01,18_01,reviewer,low,3.8,3.8,0,0,1,0,0,0,3.8
18,29,02,18_02,reviewer,low,3.5,3.8,0,0,1,0,0,0,3.8
18,29,03,18_03,panelist,none,NA,3.8,1,0,0,1,1,0.3,4.1
18,29,04,18_04,panelist,low,NA,3.8,1,0,1,0,1,0.1,3.9
18,29,05,18_05,panelist,med,NA,3.8,1,0,0,0,1,0.1,3.9
18,29,06,18_06,panelist,med,NA,3.8,1,0,0,0,0,0,3.8
18,29,07,18_07,panelist,none,NA,3.8,1,0,0,1,1,0.1,3.9
18,29,08,18_08,panelist,none,NA,3.8,1,0,0,1,0,0,3.8
18,29,09,18_09,panelist,high,NA,3.8,1,1,0,0,0,0,3.8
18,29,10,18_10,panelist,none,NA,3.8,1,0,0,1,0,0,3.8
18,29,11,18_11,panelist,low,NA,3.8,1,0,1,0,1,0.1,3.9
18,29,12,18_12,panelist,med,NA,3.8,1,0,0,0,0,0,3.8
18,29,13,18_13,panelist,low,NA,3.8,1,0,1,0,0,0,3.8
18,29,14,18_14,panelist,none,NA,3.8,1,0,0,1,0,0,3.8
18,29,15,18_15,panelist,none,NA,3.8,1,0,0,1,0,0,3.8
18,29,16,18_16,panelist,none,NA,3.8,1,0,0,1,0,0,3.8
18,29,17,18_17,panelist,med,NA,3.8,1,0,0,0,0,0,3.8
18,29,18,18_18,panelist,med,NA,3.8,1,0,0,0,1,-0.1,3.7
18,29,19,18_19,panelist,high,NA,3.8,1,1,0,0,0,0,3.8
18,29,20,18_20,panelist,low,NA,3.8,1,0,1,0,0,0,3.8
18,29,21,18_21,panelist,none,NA,3.8,1,0,0,1,0,0,3.8
18,29,22,18_22,panelist,none,NA,3.8,1,0,0,1,0,0,3.8
18,29,23,18_23,reviewer,none,4.1,3.8,0,0,0,1,0,0,3.8
18,29,24,18_24,panelist,low,NA,3.8,1,0,1,0,0,0,3.8
18,30,01,18_01,panelist,med,NA,4.3,1,0,0,0,1,-0.1,4.2
18,30,02,18_02,panelist,med,NA,4.3,1,0,0,0,0,0,4.3
18,30,03,18_03,panelist,none,NA,4.3,1,0,0,1,1,-0.1,4.2
18,30,04,18_04,panelist,med,NA,4.3,1,0,0,0,0,0,4.3
18,30,05,18_05,panelist,med,NA,4.3,1,0,0,0,0,0,4.3
18,30,06,18_06,panelist,none,NA,4.3,1,0,0,1,1,0.1,4.4
18,30,07,18_07,panelist,none,NA,4.3,1,0,0,1,0,0,4.3
18,30,08,18_08,panelist,low,NA,4.3,1,0,1,0,0,0,4.3
18,30,09,18_09,panelist,med,NA,4.3,1,0,0,0,0,0,4.3
18,30,10,18_10,panelist,high,NA,4.3,1,1,0,0,0,0,4.3
18,30,11,18_11,panelist,none,NA,4.3,1,0,0,1,1,0.1,4.4
18,30,12,18_12,panelist,none,NA,4.3,1,0,0,1,0,0,4.3
18,30,13,18_13,reviewer,none,4.3,4.3,0,0,0,1,1,-0.3,4
18,30,14,18_14,reviewer,low,4.3,4.3,0,0,1,0,0,0,4.3
18,30,15,18_15,panelist,none,NA,4.3,1,0,0,1,1,0.2,4.5
18,30,16,18_16,panelist,low,NA,4.3,1,0,1,0,0,0,4.3
18,30,17,18_17,panelist,high,NA,4.3,1,1,0,0,0,0,4.3
18,30,18,18_18,panelist,none,NA,4.3,1,0,0,1,1,0.1,4.4
18,30,19,18_19,reviewer,low,4.2,4.3,0,0,1,0,0,0,4.3
18,30,20,18_20,panelist,low,NA,4.3,1,0,1,0,0,0,4.3
18,30,21,18_21,panelist,none,NA,4.3,1,0,0,1,0,0,4.3
18,30,22,18_22,panelist,low,NA,4.3,1,0,1,0,1,0.1,4.4
18,30,23,18_23,panelist,low,NA,4.3,1,0,1,0,1,0.2,4.5
18,30,24,18_24,panelist,none,NA,4.3,1,0,0,1,0,0,4.3
19,4,01,19_01,panelist,low,NA,4.2,1,0,1,0,1,0.1,4.3
19,4,02,19_02,panelist,none,NA,4.2,1,0,0,1,1,0.3,4.5
19,4,03,19_03,panelist,low,NA,4.2,1,0,1,0,1,0.4,4.6
19,4,04,19_04,panelist,none,NA,4.2,1,0,0,1,1,-0.2,4
19,4,05,19_05,reviewer,low,4.4,4.2,0,0,1,0,0,0,4.2
19,4,06,19_06,panelist,none,NA,4.2,1,0,0,1,0,0,4.2
19,4,07,19_07,panelist,med,NA,4.2,1,0,0,0,0,0,4.2
19,4,08,19_08,panelist,high,NA,4.2,1,1,0,0,1,-0.2,4
19,4,09,19_09,panelist,none,NA,4.2,1,0,0,1,1,0.1,4.3
19,4,10,19_10,panelist,none,NA,4.2,1,0,0,1,1,0.1,4.3
19,4,11,19_11,panelist,high,NA,4.2,1,1,0,0,0,0,4.2
19,4,12,19_12,panelist,med,NA,4.2,1,0,0,0,1,-0.2,4
19,4,13,19_13,panelist,low,NA,4.2,1,0,1,0,0,0,4.2
19,4,14,19_14,panelist,low,NA,4.2,1,0,1,0,1,0.3,4.5
19,4,15,19_15,reviewer,med,4.1,4.2,0,0,0,0,1,0.2,4.4
19,4,16,19_16,panelist,med,NA,4.2,1,0,0,0,0,0,4.2
19,4,17,19_17,panelist,med,NA,4.2,1,0,0,0,0,0,4.2
19,4,18,19_18,panelist,none,NA,4.2,1,0,0,1,0,0,4.2
19,4,19,19_19,panelist,low,NA,4.2,1,0,1,0,0,0,4.2
19,4,20,19_20,panelist,low,NA,4.2,1,0,1,0,1,0.1,4.3
19,4,21,19_21,panelist,none,NA,4.2,1,0,0,1,1,-0.2,4
19,4,22,19_22,panelist,none,NA,4.2,1,0,0,1,0,0,4.2
19,4,23,19_23,panelist,none,NA,4.2,1,0,0,1,1,-0.1,4.1
19,4,24,19_24,reviewer,none,4.2,4.2,0,0,0,1,1,0.3,4.5
19,6,01,19_01,panelist,low,NA,4.2,1,0,1,0,0,0,4.2
19,6,02,19_02,panelist,none,NA,4.2,1,0,0,1,0,0,4.2
19,6,03,19_03,panelist,high,NA,4.2,1,1,0,0,0,0,4.2
19,6,04,19_04,panelist,low,NA,4.2,1,0,1,0,0,0,4.2
19,6,05,19_05,panelist,med,NA,4.2,1,0,0,0,1,-0.1,4.1
19,6,06,19_06,reviewer,high,4.1,4.2,0,1,0,0,0,0,4.2
19,6,07,19_07,panelist,none,NA,4.2,1,0,0,1,0,0,4.2
19,6,08,19_08,panelist,none,NA,4.2,1,0,0,1,0,0,4.2
19,6,09,19_09,panelist,med,NA,4.2,1,0,0,0,1,0.2,4.4
19,6,10,19_10,panelist,none,NA,4.2,1,0,0,1,1,-0.1,4.1
19,6,11,19_11,panelist,low,NA,4.2,1,0,1,0,1,-0.2,4
19,6,12,19_12,panelist,none,NA,4.2,1,0,0,1,1,-0.5,3.7
19,6,13,19_13,panelist,none,NA,4.2,1,0,0,1,0,0,4.2
19,6,14,19_14,reviewer,med,4.2,4.2,0,0,0,0,1,-0.1,4.1
19,6,15,19_15,panelist,med,NA,4.2,1,0,0,0,1,0.2,4.4
19,6,16,19_16,panelist,low,NA,4.2,1,0,1,0,0,0,4.2
19,6,17,19_17,panelist,none,NA,4.2,1,0,0,1,0,0,4.2
19,6,18,19_18,panelist,low,NA,4.2,1,0,1,0,1,0.3,4.5
19,6,19,19_19,panelist,none,NA,4.2,1,0,0,1,0,0,4.2
19,6,20,19_20,reviewer,none,4.2,4.2,0,0,0,1,0,0,4.2
19,6,21,19_21,panelist,med,NA,4.2,1,0,0,0,0,0,4.2
19,6,22,19_22,panelist,low,NA,4.2,1,0,1,0,0,0,4.2
19,6,23,19_23,panelist,low,NA,4.2,1,0,1,0,0,0,4.2
19,6,24,19_24,panelist,none,NA,4.2,1,0,0,1,1,-0.2,4
19,7,01,19_01,panelist,med,NA,3.7,1,0,0,0,0,0,3.7
19,7,02,19_02,panelist,none,NA,3.7,1,0,0,1,1,0.3,4
19,7,03,19_03,panelist,none,NA,3.7,1,0,0,1,0,0,3.7
19,7,04,19_04,panelist,low,NA,3.7,1,0,1,0,1,-0.1,3.6
19,7,05,19_05,panelist,none,NA,3.7,1,0,0,1,0,0,3.7
19,7,06,19_06,panelist,med,NA,3.7,1,0,0,0,1,0.3,4
19,7,07,19_07,reviewer,none,4,3.7,0,0,0,1,0,0,3.7
19,7,08,19_08,panelist,med,NA,3.7,1,0,0,0,0,0,3.7
19,7,09,19_09,panelist,low,NA,3.7,1,0,1,0,1,0.1,3.8
19,7,10,19_10,panelist,none,NA,3.7,1,0,0,1,0,0,3.7
19,7,11,19_11,panelist,none,NA,3.7,1,0,0,1,1,-0.4,3.3
19,7,12,19_12,panelist,none,NA,3.7,1,0,0,1,1,-0.5,3.2
19,7,13,19_13,panelist,med,NA,3.7,1,0,0,0,0,0,3.7
19,7,14,19_14,panelist,none,NA,3.7,1,0,0,1,1,-0.1,3.6
19,7,15,19_15,panelist,high,NA,3.7,1,1,0,0,0,0,3.7
19,7,16,19_16,panelist,low,NA,3.7,1,0,1,0,0,0,3.7
19,7,17,19_17,panelist,low,NA,3.7,1,0,1,0,0,0,3.7
19,7,18,19_18,reviewer,low,3.1,3.7,0,0,1,0,0,0,3.7
19,7,19,19_19,panelist,med,NA,3.7,1,0,0,0,0,0,3.7
19,7,20,19_20,reviewer,none,3.9,3.7,0,0,0,1,0,0,3.7
19,7,21,19_21,panelist,high,NA,3.7,1,1,0,0,0,0,3.7
19,7,22,19_22,panelist,none,NA,3.7,1,0,0,1,0,0,3.7
19,7,23,19_23,panelist,low,NA,3.7,1,0,1,0,1,-0.1,3.6
19,7,24,19_24,panelist,low,NA,3.7,1,0,1,0,0,0,3.7
19,10,01,19_01,panelist,med,NA,4.2,1,0,0,0,0,0,4.2
19,10,02,19_02,panelist,none,NA,4.2,1,0,0,1,0,0,4.2
19,10,03,19_03,panelist,low,NA,4.2,1,0,1,0,0,0,4.2
19,10,04,19_04,panelist,none,NA,4.2,1,0,0,1,0,0,4.2
19,10,05,19_05,panelist,low,NA,4.2,1,0,1,0,0,0,4.2
19,10,06,19_06,panelist,none,NA,4.2,1,0,0,1,0,0,4.2
19,10,07,19_07,panelist,low,NA,4.2,1,0,1,0,1,-0.1,4.1
19,10,08,19_08,reviewer,med,4,4.2,0,0,0,0,1,-0.3,3.9
19,10,09,19_09,panelist,low,NA,4.2,1,0,1,0,0,0,4.2
19,10,10,19_10,panelist,none,NA,4.2,1,0,0,1,1,0.1,4.3
19,10,11,19_11,panelist,med,NA,4.2,1,0,0,0,1,-0.2,4
19,10,12,19_12,panelist,low,NA,4.2,1,0,1,0,1,-0.1,4.1
19,10,13,19_13,panelist,med,NA,4.2,1,0,0,0,0,0,4.2
19,10,14,19_14,panelist,none,NA,4.2,1,0,0,1,0,0,4.2
19,10,15,19_15,panelist,none,NA,4.2,1,0,0,1,0,0,4.2
19,10,16,19_16,panelist,none,NA,4.2,1,0,0,1,0,0,4.2
19,10,17,19_17,panelist,none,NA,4.2,1,0,0,1,0,0,4.2
19,10,18,19_18,reviewer,low,4.4,4.2,0,0,1,0,0,0,4.2
19,10,19,19_19,panelist,high,NA,4.2,1,1,0,0,1,0.1,4.3
19,10,20,19_20,panelist,high,NA,4.2,1,1,0,0,0,0,4.2
19,10,21,19_21,panelist,none,NA,4.2,1,0,0,1,1,-0.1,4.1
19,10,22,19_22,panelist,low,NA,4.2,1,0,1,0,0,0,4.2
19,10,23,19_23,reviewer,med,4.3,4.2,0,0,0,0,0,0,4.2
19,10,24,19_24,panelist,none,NA,4.2,1,0,0,1,1,-0.1,4.1
19,11,01,19_01,panelist,med,NA,3.6,1,0,0,0,0,0,3.6
19,11,02,19_02,panelist,none,NA,3.6,1,0,0,1,0,0,3.6
19,11,03,19_03,panelist,low,NA,3.6,1,0,1,0,0,0,3.6
19,11,04,19_04,panelist,none,NA,3.6,1,0,0,1,0,0,3.6
19,11,05,19_05,panelist,none,NA,3.6,1,0,0,1,0,0,3.6
19,11,06,19_06,panelist,low,NA,3.6,1,0,1,0,1,0.1,3.7
19,11,07,19_07,panelist,high,NA,3.6,1,1,0,0,0,0,3.6
19,11,08,19_08,panelist,low,NA,3.6,1,0,1,0,0,0,3.6
19,11,09,19_09,panelist,none,NA,3.6,1,0,0,1,1,-0.4,3.2
19,11,10,19_10,panelist,med,NA,3.6,1,0,0,0,0,0,3.6
19,11,11,19_11,panelist,none,NA,3.6,1,0,0,1,0,0,3.6
19,11,12,19_12,panelist,med,NA,3.6,1,0,0,0,0,0,3.6
19,11,13,19_13,reviewer,med,3.6,3.6,0,0,0,0,0,0,3.6
19,11,14,19_14,panelist,low,NA,3.6,1,0,1,0,1,0.1,3.7
19,11,15,19_15,panelist,low,NA,3.6,1,0,1,0,0,0,3.6
19,11,16,19_16,reviewer,none,3.6,3.6,0,0,0,1,1,0.2,3.8
19,11,17,19_17,panelist,none,NA,3.6,1,0,0,1,0,0,3.6
19,11,18,19_18,panelist,none,NA,3.6,1,0,0,1,1,0.2,3.8
19,11,19,19_19,panelist,high,NA,3.6,1,1,0,0,1,0.3,3.9
19,11,20,19_20,panelist,low,NA,3.6,1,0,1,0,1,-0.1,3.5
19,11,21,19_21,reviewer,low,3.7,3.6,0,0,1,0,1,-0.1,3.5
19,11,22,19_22,panelist,med,NA,3.6,1,0,0,0,0,0,3.6
19,11,23,19_23,panelist,none,NA,3.6,1,0,0,1,0,0,3.6
19,11,24,19_24,panelist,none,NA,3.6,1,0,0,1,1,-0.1,3.5
19,12,01,19_01,panelist,med,NA,4.1,1,0,0,0,0,0,4.1
19,12,02,19_02,panelist,low,NA,4.1,1,0,1,0,0,0,4.1
19,12,03,19_03,reviewer,low,4.3,4.1,0,0,1,0,0,0,4.1
19,12,04,19_04,panelist,none,NA,4.1,1,0,0,1,1,-0.1,4
19,12,05,19_05,panelist,none,NA,4.1,1,0,0,1,1,0.2,4.3
19,12,06,19_06,panelist,high,NA,4.1,1,1,0,0,0,0,4.1
19,12,07,19_07,reviewer,high,4.1,4.1,0,1,0,0,0,0,4.1
19,12,08,19_08,panelist,none,NA,4.1,1,0,0,1,0,0,4.1
19,12,09,19_09,panelist,none,NA,4.1,1,0,0,1,0,0,4.1
19,12,10,19_10,panelist,none,NA,4.1,1,0,0,1,1,0.1,4.2
19,12,11,19_11,panelist,none,NA,4.1,1,0,0,1,0,0,4.1
19,12,12,19_12,panelist,low,NA,4.1,1,0,1,0,0,0,4.1
19,12,13,19_13,panelist,med,NA,4.1,1,0,0,0,1,-0.1,4
19,12,14,19_14,panelist,low,NA,4.1,1,0,1,0,1,0.3,4.4
19,12,15,19_15,reviewer,none,3.8,4.1,0,0,0,1,1,0.1,4.2
19,12,16,19_16,panelist,low,NA,4.1,1,0,1,0,0,0,4.1
19,12,17,19_17,panelist,med,NA,4.1,1,0,0,0,1,0.5,4.6
19,12,18,19_18,panelist,med,NA,4.1,1,0,0,0,0,0,4.1
19,12,19,19_19,panelist,none,NA,4.1,1,0,0,1,1,-0.2,3.9
19,12,20,19_20,panelist,low,NA,4.1,1,0,1,0,0,0,4.1
19,12,21,19_21,panelist,none,NA,4.1,1,0,0,1,1,-0.1,4
19,12,22,19_22,panelist,low,NA,4.1,1,0,1,0,0,0,4.1
19,12,23,19_23,panelist,none,NA,4.1,1,0,0,1,1,-0.2,3.9
19,12,24,19_24,panelist,med,NA,4.1,1,0,0,0,0,0,4.1
19,13,01,19_01,panelist,med,NA,3.9,1,0,0,0,1,-0.2,3.7
19,13,02,19_02,panelist,med,NA,3.9,1,0,0,0,0,0,3.9
19,13,03,19_03,panelist,low,NA,3.9,1,0,1,0,0,0,3.9
19,13,04,19_04,panelist,none,NA,3.9,1,0,0,1,1,-0.2,3.7
19,13,05,19_05,panelist,low,NA,3.9,1,0,1,0,0,0,3.9
19,13,06,19_06,reviewer,high,4.2,3.9,0,1,0,0,0,0,3.9
19,13,07,19_07,panelist,med,NA,3.9,1,0,0,0,1,-0.2,3.7
19,13,08,19_08,panelist,low,NA,3.9,1,0,1,0,1,-0.2,3.7
19,13,09,19_09,panelist,none,NA,3.9,1,0,0,1,0,0,3.9
19,13,10,19_10,panelist,none,NA,3.9,1,0,0,1,0,0,3.9
19,13,11,19_11,panelist,low,NA,3.9,1,0,1,0,1,-0.2,3.7
19,13,12,19_12,panelist,none,NA,3.9,1,0,0,1,0,0,3.9
19,13,13,19_13,panelist,med,NA,3.9,1,0,0,0,0,0,3.9
19,13,14,19_14,reviewer,none,3.8,3.9,0,0,0,1,0,0,3.9
19,13,15,19_15,panelist,none,NA,3.9,1,0,0,1,1,0.1,4
19,13,16,19_16,panelist,none,NA,3.9,1,0,0,1,1,0.2,4.1
19,13,17,19_17,panelist,low,NA,3.9,1,0,1,0,0,0,3.9
19,13,18,19_18,panelist,med,NA,3.9,1,0,0,0,1,0.1,4
19,13,19,19_19,panelist,low,NA,3.9,1,0,1,0,0,0,3.9
19,13,20,19_20,reviewer,low,3.7,3.9,0,0,1,0,0,0,3.9
19,13,21,19_21,panelist,none,NA,3.9,1,0,0,1,0,0,3.9
19,13,22,19_22,panelist,none,NA,3.9,1,0,0,1,0,0,3.9
19,13,23,19_23,panelist,none,NA,3.9,1,0,0,1,0,0,3.9
19,13,24,19_24,panelist,high,NA,3.9,1,1,0,0,0,0,3.9
19,14,01,19_01,panelist,med,NA,4,1,0,0,0,0,0,4
19,14,02,19_02,reviewer,none,4.2,4,0,0,0,1,0,0,4
19,14,03,19_03,panelist,none,NA,4,1,0,0,1,1,0.2,4.2
19,14,04,19_04,panelist,low,NA,4,1,0,1,0,1,0.3,4.3
19,14,05,19_05,panelist,none,NA,4,1,0,0,1,1,0.2,4.2
19,14,06,19_06,panelist,low,NA,4,1,0,1,0,0,0,4
19,14,07,19_07,panelist,none,NA,4,1,0,0,1,1,-0.1,3.9
19,14,08,19_08,panelist,low,NA,4,1,0,1,0,0,0,4
19,14,09,19_09,panelist,med,NA,4,1,0,0,0,1,-0.2,3.8
19,14,10,19_10,panelist,none,NA,4,1,0,0,1,1,0.2,4.2
19,14,11,19_11,panelist,low,NA,4,1,0,1,0,0,0,4
19,14,12,19_12,panelist,high,NA,4,1,1,0,0,1,-0.1,3.9
19,14,13,19_13,panelist,none,NA,4,1,0,0,1,0,0,4
19,14,14,19_14,panelist,none,NA,4,1,0,0,1,1,0.1,4.1
19,14,15,19_15,panelist,none,NA,4,1,0,0,1,1,0.3,4.3
19,14,16,19_16,panelist,med,NA,4,1,0,0,0,0,0,4
19,14,17,19_17,reviewer,high,3.6,4,0,1,0,0,0,0,4
19,14,18,19_18,panelist,none,NA,4,1,0,0,1,0,0,4
19,14,19,19_19,panelist,med,NA,4,1,0,0,0,0,0,4
19,14,20,19_20,reviewer,low,4.1,4,0,0,1,0,0,0,4
19,14,21,19_21,panelist,none,NA,4,1,0,0,1,0,0,4
19,14,22,19_22,panelist,low,NA,4,1,0,1,0,1,-0.1,3.9
19,14,23,19_23,panelist,med,NA,4,1,0,0,0,1,-0.1,3.9
19,14,24,19_24,panelist,low,NA,4,1,0,1,0,0,0,4
19,19,01,19_01,reviewer,low,3.8,3.6,0,0,1,0,1,-0.1,3.5
19,19,02,19_02,panelist,none,NA,3.6,1,0,0,1,0,0,3.6
19,19,03,19_03,panelist,none,NA,3.6,1,0,0,1,1,0.3,3.9
19,19,04,19_04,panelist,med,NA,3.6,1,0,0,0,0,0,3.6
19,19,05,19_05,panelist,none,NA,3.6,1,0,0,1,0,0,3.6
19,19,06,19_06,panelist,none,NA,3.6,1,0,0,1,0,0,3.6
19,19,07,19_07,panelist,med,NA,3.6,1,0,0,0,1,-0.1,3.5
19,19,08,19_08,panelist,high,NA,3.6,1,1,0,0,1,-0.1,3.5
19,19,09,19_09,panelist,low,NA,3.6,1,0,1,0,0,0,3.6
19,19,10,19_10,reviewer,none,3.5,3.6,0,0,0,1,1,-0.1,3.5
19,19,11,19_11,reviewer,med,3.6,3.6,0,0,0,0,1,-0.4,3.2
19,19,12,19_12,panelist,none,NA,3.6,1,0,0,1,0,0,3.6
19,19,13,19_13,panelist,low,NA,3.6,1,0,1,0,0,0,3.6
19,19,14,19_14,panelist,low,NA,3.6,1,0,1,0,0,0,3.6
19,19,15,19_15,panelist,med,NA,3.6,1,0,0,0,1,0.1,3.7
19,19,16,19_16,panelist,none,NA,3.6,1,0,0,1,0,0,3.6
19,19,17,19_17,panelist,low,NA,3.6,1,0,1,0,1,0.3,3.9
19,19,18,19_18,panelist,med,NA,3.6,1,0,0,0,1,-0.1,3.5
19,19,19,19_19,panelist,none,NA,3.6,1,0,0,1,1,0.1,3.7
19,19,20,19_20,panelist,none,NA,3.6,1,0,0,1,0,0,3.6
19,19,21,19_21,panelist,low,NA,3.6,1,0,1,0,0,0,3.6
19,19,22,19_22,panelist,high,NA,3.6,1,1,0,0,1,-0.2,3.4
19,19,23,19_23,panelist,low,NA,3.6,1,0,1,0,0,0,3.6
19,19,24,19_24,panelist,none,NA,3.6,1,0,0,1,0,0,3.6
19,21,01,19_01,panelist,med,NA,4.1,1,0,0,0,0,0,4.1
19,21,02,19_02,panelist,none,NA,4.1,1,0,0,1,0,0,4.1
19,21,03,19_03,panelist,none,NA,4.1,1,0,0,1,0,0,4.1
19,21,04,19_04,panelist,low,NA,4.1,1,0,1,0,0,0,4.1
19,21,05,19_05,panelist,none,NA,4.1,1,0,0,1,1,0.1,4.2
19,21,06,19_06,panelist,none,NA,4.1,1,0,0,1,0,0,4.1
19,21,07,19_07,panelist,none,NA,4.1,1,0,0,1,0,0,4.1
19,21,08,19_08,reviewer,low,4.3,4.1,0,0,1,0,0,0,4.1
19,21,09,19_09,panelist,low,NA,4.1,1,0,1,0,0,0,4.1
19,21,10,19_10,panelist,med,NA,4.1,1,0,0,0,0,0,4.1
19,21,11,19_11,panelist,none,NA,4.1,1,0,0,1,1,-0.3,3.8
19,21,12,19_12,reviewer,none,4,4.1,0,0,0,1,0,0,4.1
19,21,13,19_13,panelist,med,NA,4.1,1,0,0,0,1,0.3,4.4
19,21,14,19_14,panelist,none,NA,4.1,1,0,0,1,1,0.3,4.4
19,21,15,19_15,panelist,med,NA,4.1,1,0,0,0,1,0.1,4.2
19,21,16,19_16,panelist,high,NA,4.1,1,1,0,0,0,0,4.1
19,21,17,19_17,panelist,none,NA,4.1,1,0,0,1,0,0,4.1
19,21,18,19_18,panelist,none,NA,4.1,1,0,0,1,0,0,4.1
19,21,19,19_19,panelist,low,NA,4.1,1,0,1,0,1,-0.1,4
19,21,20,19_20,panelist,med,NA,4.1,1,0,0,0,0,0,4.1
19,21,21,19_21,panelist,high,NA,4.1,1,1,0,0,1,-0.1,4
19,21,22,19_22,panelist,low,NA,4.1,1,0,1,0,0,0,4.1
19,21,23,19_23,panelist,low,NA,4.1,1,0,1,0,1,-0.2,3.9
19,21,24,19_24,reviewer,low,3.9,4.1,0,0,1,0,0,0,4.1
19,23,01,19_01,panelist,none,NA,4.1,1,0,0,1,1,0.2,4.3
19,23,02,19_02,panelist,low,NA,4.1,1,0,1,0,0,0,4.1
19,23,03,19_03,panelist,none,NA,4.1,1,0,0,1,0,0,4.1
19,23,04,19_04,panelist,med,NA,4.1,1,0,0,0,0,0,4.1
19,23,05,19_05,panelist,none,NA,4.1,1,0,0,1,0,0,4.1
19,23,06,19_06,reviewer,none,4.2,4.1,0,0,0,1,0,0,4.1
19,23,07,19_07,panelist,med,NA,4.1,1,0,0,0,1,-0.3,3.8
19,23,08,19_08,panelist,none,NA,4.1,1,0,0,1,0,0,4.1
19,23,09,19_09,reviewer,low,3.8,4.1,0,0,1,0,0,0,4.1
19,23,10,19_10,panelist,low,NA,4.1,1,0,1,0,0,0,4.1
19,23,11,19_11,panelist,med,NA,4.1,1,0,0,0,1,-0.4,3.7
19,23,12,19_12,panelist,none,NA,4.1,1,0,0,1,1,-0.2,3.9
19,23,13,19_13,panelist,med,NA,4.1,1,0,0,0,0,0,4.1
19,23,14,19_14,panelist,low,NA,4.1,1,0,1,0,0,0,4.1
19,23,15,19_15,panelist,none,NA,4.1,1,0,0,1,0,0,4.1
19,23,16,19_16,panelist,none,NA,4.1,1,0,0,1,0,0,4.1
19,23,17,19_17,panelist,none,NA,4.1,1,0,0,1,0,0,4.1
19,23,18,19_18,panelist,low,NA,4.1,1,0,1,0,1,0.1,4.2
19,23,19,19_19,panelist,med,NA,4.1,1,0,0,0,0,0,4.1
19,23,20,19_20,panelist,high,NA,4.1,1,1,0,0,0,0,4.1
19,23,21,19_21,reviewer,none,4.4,4.1,0,0,0,1,0,0,4.1
19,23,22,19_22,panelist,high,NA,4.1,1,1,0,0,0,0,4.1
19,23,23,19_23,panelist,low,NA,4.1,1,0,1,0,0,0,4.1
19,23,24,19_24,panelist,low,NA,4.1,1,0,1,0,1,-0.2,3.9
19,24,01,19_01,panelist,med,NA,3.9,1,0,0,0,1,-0.1,3.8
19,24,02,19_02,panelist,med,NA,3.9,1,0,0,0,0,0,3.9
19,24,03,19_03,panelist,low,NA,3.9,1,0,1,0,0,0,3.9
19,24,04,19_04,panelist,low,NA,3.9,1,0,1,0,1,-0.2,3.7
19,24,05,19_05,panelist,none,NA,3.9,1,0,0,1,1,0.4,4.3
19,24,06,19_06,panelist,none,NA,3.9,1,0,0,1,1,0.3,4.2
19,24,07,19_07,panelist,none,NA,3.9,1,0,0,1,1,-0.4,3.5
19,24,08,19_08,panelist,high,NA,3.9,1,1,0,0,1,-0.1,3.8
19,24,09,19_09,panelist,none,NA,3.9,1,0,0,1,1,0.1,4
19,24,10,19_10,panelist,none,NA,3.9,1,0,0,1,1,0.1,4
19,24,11,19_11,panelist,low,NA,3.9,1,0,1,0,1,-0.3,3.6
19,24,12,19_12,panelist,med,NA,3.9,1,0,0,0,0,0,3.9
19,24,13,19_13,panelist,none,NA,3.9,1,0,0,1,1,-0.1,3.8
19,24,14,19_14,panelist,med,NA,3.9,1,0,0,0,0,0,3.9
19,24,15,19_15,panelist,low,NA,3.9,1,0,1,0,1,0.3,4.2
19,24,16,19_16,panelist,none,NA,3.9,1,0,0,1,1,0.1,4
19,24,17,19_17,reviewer,none,4,3.9,0,0,0,1,0,0,3.9
19,24,18,19_18,panelist,med,NA,3.9,1,0,0,0,1,0.3,4.2
19,24,19,19_19,panelist,low,NA,3.9,1,0,1,0,1,0.1,4
19,24,20,19_20,reviewer,low,3.8,3.9,0,0,1,0,0,0,3.9
19,24,21,19_21,reviewer,none,3.8,3.9,0,0,0,1,0,0,3.9
19,24,22,19_22,panelist,high,NA,3.9,1,1,0,0,0,0,3.9
19,24,23,19_23,panelist,none,NA,3.9,1,0,0,1,0,0,3.9
19,24,24,19_24,panelist,low,NA,3.9,1,0,1,0,1,-0.3,3.6
19,25,01,19_01,panelist,none,NA,3.9,1,0,0,1,0,0,3.9
19,25,02,19_02,panelist,med,NA,3.9,1,0,0,0,1,0.4,4.3
19,25,03,19_03,panelist,low,NA,3.9,1,0,1,0,1,-0.2,3.7
19,25,04,19_04,panelist,none,NA,3.9,1,0,0,1,1,0.1,4
19,25,05,19_05,reviewer,low,3.6,3.9,0,0,1,0,0,0,3.9
19,25,06,19_06,panelist,high,NA,3.9,1,1,0,0,0,0,3.9
19,25,07,19_07,panelist,none,NA,3.9,1,0,0,1,1,-0.3,3.6
19,25,08,19_08,panelist,med,NA,3.9,1,0,0,0,1,-0.2,3.7
19,25,09,19_09,panelist,none,NA,3.9,1,0,0,1,1,-0.2,3.7
19,25,10,19_10,panelist,low,NA,3.9,1,0,1,0,0,0,3.9
19,25,11,19_11,panelist,none,NA,3.9,1,0,0,1,1,-0.1,3.8
19,25,12,19_12,panelist,none,NA,3.9,1,0,0,1,1,-0.3,3.6
19,25,13,19_13,reviewer,high,4.1,3.9,0,1,0,0,0,0,3.9
19,25,14,19_14,panelist,low,NA,3.9,1,0,1,0,1,-0.1,3.8
19,25,15,19_15,panelist,med,NA,3.9,1,0,0,0,1,0.1,4
19,25,16,19_16,panelist,none,NA,3.9,1,0,0,1,1,0.1,4
19,25,17,19_17,panelist,none,NA,3.9,1,0,0,1,1,0.2,4.1
19,25,18,19_18,panelist,med,NA,3.9,1,0,0,0,0,0,3.9
19,25,19,19_19,panelist,none,NA,3.9,1,0,0,1,1,-0.3,3.6
19,25,20,19_20,panelist,none,NA,3.9,1,0,0,1,1,-0.3,3.6
19,25,21,19_21,panelist,low,NA,3.9,1,0,1,0,0,0,3.9
19,25,22,19_22,reviewer,low,4,3.9,0,0,1,0,0,0,3.9
19,25,23,19_23,panelist,med,NA,3.9,1,0,0,0,1,-0.1,3.8
19,25,24,19_24,panelist,low,NA,3.9,1,0,1,0,1,-0.1,3.8
19,28,01,19_01,panelist,med,NA,3.7,1,0,0,0,0,0,3.7
19,28,02,19_02,reviewer,low,3.8,3.7,0,0,1,0,0,0,3.7
19,28,03,19_03,panelist,none,NA,3.7,1,0,0,1,0,0,3.7
19,28,04,19_04,panelist,none,NA,3.7,1,0,0,1,0,0,3.7
19,28,05,19_05,panelist,med,NA,3.7,1,0,0,0,0,0,3.7
19,28,06,19_06,panelist,none,NA,3.7,1,0,0,1,1,0.4,4.1
19,28,07,19_07,reviewer,med,3.3,3.7,0,0,0,0,1,-0.2,3.5
19,28,08,19_08,panelist,none,NA,3.7,1,0,0,1,1,-0.2,3.5
19,28,09,19_09,panelist,low,NA,3.7,1,0,1,0,0,0,3.7
19,28,10,19_10,panelist,low,NA,3.7,1,0,1,0,1,-0.1,3.6
19,28,11,19_11,panelist,high,NA,3.7,1,1,0,0,0,0,3.7
19,28,12,19_12,panelist,med,NA,3.7,1,0,0,0,1,-0.1,3.6
19,28,13,19_13,panelist,low,NA,3.7,1,0,1,0,1,0.3,4
19,28,14,19_14,panelist,high,NA,3.7,1,1,0,0,0,0,3.7
19,28,15,19_15,panelist,none,NA,3.7,1,0,0,1,1,0.2,3.9
19,28,16,19_16,reviewer,low,4,3.7,0,0,1,0,0,0,3.7
19,28,17,19_17,panelist,none,NA,3.7,1,0,0,1,0,0,3.7
19,28,18,19_18,panelist,none,NA,3.7,1,0,0,1,1,-0.2,3.5
19,28,19,19_19,panelist,med,NA,3.7,1,0,0,0,0,0,3.7
19,28,20,19_20,panelist,none,NA,3.7,1,0,0,1,1,-0.4,3.3
19,28,21,19_21,panelist,low,NA,3.7,1,0,1,0,1,-0.2,3.5
19,28,22,19_22,panelist,low,NA,3.7,1,0,1,0,1,0.1,3.8
19,28,23,19_23,panelist,none,NA,3.7,1,0,0,1,0,0,3.7
19,28,24,19_24,panelist,none,NA,3.7,1,0,0,1,0,0,3.7
19,29,01,19_01,panelist,none,NA,3.7,1,0,0,1,0,0,3.7
19,29,02,19_02,panelist,med,NA,3.7,1,0,0,0,1,0.3,4
19,29,03,19_03,panelist,med,NA,3.7,1,0,0,0,0,0,3.7
19,29,04,19_04,reviewer,low,3.7,3.7,0,0,1,0,0,0,3.7
19,29,05,19_05,panelist,none,NA,3.7,1,0,0,1,0,0,3.7
19,29,06,19_06,panelist,low,NA,3.7,1,0,1,0,1,-0.1,3.6
19,29,07,19_07,panelist,none,NA,3.7,1,0,0,1,0,0,3.7
19,29,08,19_08,reviewer,none,3.5,3.7,0,0,0,1,0,0,3.7
19,29,09,19_09,panelist,med,NA,3.7,1,0,0,0,0,0,3.7
19,29,10,19_10,panelist,none,NA,3.7,1,0,0,1,1,-0.1,3.6
19,29,11,19_11,panelist,none,NA,3.7,1,0,0,1,1,-0.3,3.4
19,29,12,19_12,panelist,high,NA,3.7,1,1,0,0,1,-0.3,3.4
19,29,13,19_13,panelist,high,NA,3.7,1,1,0,0,0,0,3.7
19,29,14,19_14,panelist,none,NA,3.7,1,0,0,1,1,0.2,3.9
19,29,15,19_15,panelist,med,NA,3.7,1,0,0,0,1,0.1,3.8
19,29,16,19_16,panelist,none,NA,3.7,1,0,0,1,1,0.1,3.8
19,29,17,19_17,panelist,med,NA,3.7,1,0,0,0,0,0,3.7
19,29,18,19_18,panelist,low,NA,3.7,1,0,1,0,0,0,3.7
19,29,19,19_19,panelist,low,NA,3.7,1,0,1,0,1,-0.2,3.5
19,29,20,19_20,reviewer,low,3.9,3.7,0,0,1,0,0,0,3.7
19,29,21,19_21,panelist,none,NA,3.7,1,0,0,1,1,-0.1,3.6
19,29,22,19_22,panelist,low,NA,3.7,1,0,1,0,0,0,3.7
19,29,23,19_23,panelist,none,NA,3.7,1,0,0,1,0,0,3.7
19,29,24,19_24,panelist,low,NA,3.7,1,0,1,0,1,-0.3,3.4
20,1,01,20_01,panelist,none,NA,4.6,1,0,0,1,0,0,4.6
20,1,02,20_02,panelist,none,NA,4.6,1,0,0,1,1,0.2,4.8
20,1,03,20_03,panelist,none,NA,4.6,1,0,0,1,1,-0.1,4.5
20,1,04,20_04,reviewer,none,4.4,4.6,0,0,0,1,0,0,4.6
20,1,05,20_05,reviewer,none,4.7,4.6,0,0,0,1,1,0.1,4.7
20,1,06,20_06,panelist,high,NA,4.6,1,1,0,0,0,0,4.6
20,1,07,20_07,panelist,none,NA,4.6,1,0,0,1,0,0,4.6
20,1,08,20_08,panelist,none,NA,4.6,1,0,0,1,1,-0.1,4.5
20,1,09,20_09,panelist,med,NA,4.6,1,0,0,0,0,0,4.6
20,1,10,20_10,panelist,med,NA,4.6,1,0,0,0,1,-0.2,4.4
20,1,11,20_11,panelist,low,NA,4.6,1,0,1,0,1,0.1,4.7
20,1,12,20_12,panelist,low,NA,4.6,1,0,1,0,0,0,4.6
20,1,13,20_13,panelist,none,NA,4.6,1,0,0,1,0,0,4.6
20,1,14,20_14,panelist,none,NA,4.6,1,0,0,1,1,-0.1,4.5
20,1,15,20_15,panelist,med,NA,4.6,1,0,0,0,1,0.1,4.7
20,1,16,20_16,panelist,med,NA,4.6,1,0,0,0,1,-0.1,4.5
20,1,17,20_17,reviewer,low,4.6,4.6,0,0,1,0,0,0,4.6
20,1,18,20_18,panelist,low,NA,4.6,1,0,1,0,1,-0.1,4.5
20,1,19,20_19,panelist,low,NA,4.6,1,0,1,0,0,0,4.6
20,1,20,20_20,panelist,low,NA,4.6,1,0,1,0,1,-0.3,4.3
20,1,21,20_21,panelist,high,NA,4.6,1,1,0,0,0,0,4.6
20,1,22,20_22,panelist,low,NA,4.6,1,0,1,0,1,0.3,4.9
20,1,23,20_23,panelist,none,NA,4.6,1,0,0,1,1,-0.1,4.5
20,1,24,20_24,panelist,med,NA,4.6,1,0,0,0,1,-0.4,4.2
20,2,01,20_01,panelist,none,NA,3.7,1,0,0,1,0,0,3.7
20,2,02,20_02,panelist,low,NA,3.7,1,0,1,0,0,0,3.7
20,2,03,20_03,panelist,none,NA,3.7,1,0,0,1,1,-0.1,3.6
20,2,04,20_04,panelist,none,NA,3.7,1,0,0,1,1,-0.2,3.5
20,2,05,20_05,panelist,none,NA,3.7,1,0,0,1,1,-0.3,3.4
20,2,06,20_06,panelist,low,NA,3.7,1,0,1,0,0,0,3.7
20,2,07,20_07,panelist,med,NA,3.7,1,0,0,0,0,0,3.7
20,2,08,20_08,panelist,med,NA,3.7,1,0,0,0,0,0,3.7
20,2,09,20_09,panelist,none,NA,3.7,1,0,0,1,0,0,3.7
20,2,10,20_10,panelist,none,NA,3.7,1,0,0,1,0,0,3.7
20,2,11,20_11,panelist,none,NA,3.7,1,0,0,1,1,-0.3,3.4
20,2,12,20_12,panelist,low,NA,3.7,1,0,1,0,1,0.2,3.9
20,2,13,20_13,reviewer,low,3.6,3.7,0,0,1,0,0,0,3.7
20,2,14,20_14,panelist,low,NA,3.7,1,0,1,0,1,-0.1,3.6
20,2,15,20_15,panelist,med,NA,3.7,1,0,0,0,0,0,3.7
20,2,16,20_16,panelist,med,NA,3.7,1,0,0,0,0,0,3.7
20,2,17,20_17,panelist,high,NA,3.7,1,1,0,0,0,0,3.7
20,2,18,20_18,panelist,high,NA,3.7,1,1,0,0,1,-0.2,3.5
20,2,19,20_19,reviewer,none,3.8,3.7,0,0,0,1,0,0,3.7
20,2,20,20_20,panelist,low,NA,3.7,1,0,1,0,0,0,3.7
20,2,21,20_21,panelist,none,NA,3.7,1,0,0,1,1,0.1,3.8
20,2,22,20_22,panelist,med,NA,3.7,1,0,0,0,0,0,3.7
20,2,23,20_23,reviewer,low,3.7,3.7,0,0,1,0,0,0,3.7
20,2,24,20_24,panelist,none,NA,3.7,1,0,0,1,0,0,3.7
20,3,01,20_01,panelist,high,NA,4.1,1,1,0,0,0,0,4.1
20,3,02,20_02,panelist,none,NA,4.1,1,0,0,1,0,0,4.1
20,3,03,20_03,panelist,med,NA,4.1,1,0,0,0,0,0,4.1
20,3,04,20_04,panelist,none,NA,4.1,1,0,0,1,0,0,4.1
20,3,05,20_05,panelist,none,NA,4.1,1,0,0,1,0,0,4.1
20,3,06,20_06,panelist,none,NA,4.1,1,0,0,1,0,0,4.1
20,3,07,20_07,panelist,none,NA,4.1,1,0,0,1,1,0.1,4.2
20,3,08,20_08,reviewer,med,4.1,4.1,0,0,0,0,0,0,4.1
20,3,09,20_09,panelist,low,NA,4.1,1,0,1,0,0,0,4.1
20,3,10,20_10,panelist,low,NA,4.1,1,0,1,0,0,0,4.1
20,3,11,20_11,panelist,med,NA,4.1,1,0,0,0,0,0,4.1
20,3,12,20_12,panelist,low,NA,4.1,1,0,1,0,0,0,4.1
20,3,13,20_13,panelist,none,NA,4.1,1,0,0,1,0,0,4.1
20,3,14,20_14,panelist,med,NA,4.1,1,0,0,0,0,0,4.1
20,3,15,20_15,panelist,none,NA,4.1,1,0,0,1,0,0,4.1
20,3,16,20_16,reviewer,low,4,4.1,0,0,1,0,0,0,4.1
20,3,17,20_17,reviewer,none,4.1,4.1,0,0,0,1,1,-0.2,3.9
20,3,18,20_18,panelist,med,NA,4.1,1,0,0,0,1,-0.4,3.7
20,3,19,20_19,panelist,low,NA,4.1,1,0,1,0,0,0,4.1
20,3,20,20_20,panelist,low,NA,4.1,1,0,1,0,1,0.2,4.3
20,3,21,20_21,panelist,none,NA,4.1,1,0,0,1,1,0.1,4.2
20,3,22,20_22,panelist,high,NA,4.1,1,1,0,0,0,0,4.1
20,3,23,20_23,panelist,low,NA,4.1,1,0,1,0,1,-0.3,3.8
20,3,24,20_24,panelist,none,NA,4.1,1,0,0,1,1,-0.5,3.6
20,4,01,20_01,panelist,low,NA,3.9,1,0,1,0,0,0,3.9
20,4,02,20_02,panelist,low,NA,3.9,1,0,1,0,1,-0.2,3.7
20,4,03,20_03,panelist,low,NA,3.9,1,0,1,0,1,-0.1,3.8
20,4,04,20_04,panelist,high,NA,3.9,1,1,0,0,0,0,3.9
20,4,05,20_05,panelist,high,NA,3.9,1,1,0,0,1,-0.1,3.8
20,4,06,20_06,panelist,low,NA,3.9,1,0,1,0,0,0,3.9
20,4,07,20_07,panelist,low,NA,3.9,1,0,1,0,0,0,3.9
20,4,08,20_08,panelist,none,NA,3.9,1,0,0,1,0,0,3.9
20,4,09,20_09,panelist,none,NA,3.9,1,0,0,1,1,0.2,4.1
20,4,10,20_10,panelist,none,NA,3.9,1,0,0,1,0,0,3.9
20,4,11,20_11,panelist,med,NA,3.9,1,0,0,0,1,-0.1,3.8
20,4,12,20_12,panelist,none,NA,3.9,1,0,0,1,0,0,3.9
20,4,13,20_13,panelist,low,NA,3.9,1,0,1,0,0,0,3.9
20,4,14,20_14,reviewer,med,4,3.9,0,0,0,0,0,0,3.9
20,4,15,20_15,panelist,med,NA,3.9,1,0,0,0,0,0,3.9
20,4,16,20_16,panelist,none,NA,3.9,1,0,0,1,0,0,3.9
20,4,17,20_17,panelist,none,NA,3.9,1,0,0,1,0,0,3.9
20,4,18,20_18,panelist,med,NA,3.9,1,0,0,0,0,0,3.9
20,4,19,20_19,reviewer,low,4,3.9,0,0,1,0,1,0.1,4
20,4,20,20_20,panelist,none,NA,3.9,1,0,0,1,0,0,3.9
20,4,21,20_21,panelist,med,NA,3.9,1,0,0,0,1,-0.2,3.7
20,4,22,20_22,reviewer,none,3.7,3.9,0,0,0,1,0,0,3.9
20,4,23,20_23,panelist,none,NA,3.9,1,0,0,1,1,-0.1,3.8
20,4,24,20_24,panelist,none,NA,3.9,1,0,0,1,0,0,3.9
20,7,01,20_01,panelist,none,NA,4,1,0,0,1,0,0,4
20,7,02,20_02,panelist,low,NA,4,1,0,1,0,0,0,4
20,7,03,20_03,panelist,low,NA,4,1,0,1,0,0,0,4
20,7,04,20_04,panelist,none,NA,4,1,0,0,1,0,0,4
20,7,05,20_05,panelist,none,NA,4,1,0,0,1,1,-0.2,3.8
20,7,06,20_06,panelist,med,NA,4,1,0,0,0,1,0.2,4.2
20,7,07,20_07,panelist,low,NA,4,1,0,1,0,0,0,4
20,7,08,20_08,panelist,med,NA,4,1,0,0,0,0,0,4
20,7,09,20_09,reviewer,low,3.7,4,0,0,1,0,0,0,4
20,7,10,20_10,panelist,low,NA,4,1,0,1,0,0,0,4
20,7,11,20_11,panelist,low,NA,4,1,0,1,0,0,0,4
20,7,12,20_12,panelist,none,NA,4,1,0,0,1,0,0,4
20,7,13,20_13,panelist,high,NA,4,1,1,0,0,0,0,4
20,7,14,20_14,panelist,none,NA,4,1,0,0,1,0,0,4
20,7,15,20_15,panelist,none,NA,4,1,0,0,1,0,0,4
20,7,16,20_16,panelist,high,NA,4,1,1,0,0,1,-0.2,3.8
20,7,17,20_17,reviewer,low,4.1,4,0,0,1,0,0,0,4
20,7,18,20_18,panelist,med,NA,4,1,0,0,0,0,0,4
20,7,19,20_19,panelist,none,NA,4,1,0,0,1,1,0.2,4.2
20,7,20,20_20,panelist,med,NA,4,1,0,0,0,1,0.1,4.1
20,7,21,20_21,panelist,none,NA,4,1,0,0,1,1,0.3,4.3
20,7,22,20_22,reviewer,med,4.2,4,0,0,0,0,0,0,4
20,7,23,20_23,panelist,none,NA,4,1,0,0,1,0,0,4
20,7,24,20_24,panelist,none,NA,4,1,0,0,1,1,-0.4,3.6
20,9,01,20_01,panelist,med,NA,3.7,1,0,0,0,1,-0.2,3.5
20,9,02,20_02,panelist,med,NA,3.7,1,0,0,0,0,0,3.7
20,9,03,20_03,panelist,low,NA,3.7,1,0,1,0,0,0,3.7
20,9,04,20_04,panelist,none,NA,3.7,1,0,0,1,1,-0.3,3.4
20,9,05,20_05,panelist,none,NA,3.7,1,0,0,1,0,0,3.7
20,9,06,20_06,panelist,none,NA,3.7,1,0,0,1,1,0.2,3.9
20,9,07,20_07,panelist,low,NA,3.7,1,0,1,0,1,-0.2,3.5
20,9,08,20_08,reviewer,none,3.6,3.7,0,0,0,1,0,0,3.7
20,9,09,20_09,panelist,med,NA,3.7,1,0,0,0,0,0,3.7
20,9,10,20_10,panelist,low,NA,3.7,1,0,1,0,1,-0.1,3.6
20,9,11,20_11,panelist,none,NA,3.7,1,0,0,1,0,0,3.7
20,9,12,20_12,panelist,low,NA,3.7,1,0,1,0,0,0,3.7
20,9,13,20_13,panelist,low,NA,3.7,1,0,1,0,0,0,3.7
20,9,14,20_14,reviewer,high,3.9,3.7,0,1,0,0,0,0,3.7
20,9,15,20_15,panelist,none,NA,3.7,1,0,0,1,1,0.2,3.9
20,9,16,20_16,panelist,none,NA,3.7,1,0,0,1,1,0.4,4.1
20,9,17,20_17,panelist,low,NA,3.7,1,0,1,0,1,-0.3,3.4
20,9,18,20_18,panelist,med,NA,3.7,1,0,0,0,0,0,3.7
20,9,19,20_19,panelist,none,NA,3.7,1,0,0,1,1,0.2,3.9
20,9,20,20_20,panelist,none,NA,3.7,1,0,0,1,0,0,3.7
20,9,21,20_21,panelist,high,NA,3.7,1,1,0,0,0,0,3.7
20,9,22,20_22,panelist,med,NA,3.7,1,0,0,0,0,0,3.7
20,9,23,20_23,reviewer,low,3.6,3.7,0,0,1,0,1,-0.1,3.6
20,9,24,20_24,panelist,none,NA,3.7,1,0,0,1,1,-0.4,3.3
20,10,01,20_01,panelist,med,NA,4,1,0,0,0,1,0.1,4.1
20,10,02,20_02,panelist,high,NA,4,1,1,0,0,0,0,4
20,10,03,20_03,panelist,none,NA,4,1,0,0,1,1,0.3,4.3
20,10,04,20_04,panelist,none,NA,4,1,0,0,1,0,0,4
20,10,05,20_05,panelist,low,NA,4,1,0,1,0,1,0.1,4.1
20,10,06,20_06,reviewer,low,3.9,4,0,0,1,0,0,0,4
20,10,07,20_07,panelist,low,NA,4,1,0,1,0,0,0,4
20,10,08,20_08,reviewer,high,4.2,4,0,1,0,0,1,0.1,4.1
20,10,09,20_09,panelist,none,NA,4,1,0,0,1,1,0.2,4.2
20,10,10,20_10,panelist,none,NA,4,1,0,0,1,1,-0.1,3.9
20,10,11,20_11,panelist,none,NA,4,1,0,0,1,0,0,4
20,10,12,20_12,panelist,med,NA,4,1,0,0,0,0,0,4
20,10,13,20_13,panelist,low,NA,4,1,0,1,0,0,0,4
20,10,14,20_14,panelist,none,NA,4,1,0,0,1,1,-0.4,3.6
20,10,15,20_15,panelist,med,NA,4,1,0,0,0,0,0,4
20,10,16,20_16,panelist,med,NA,4,1,0,0,0,1,0.3,4.3
20,10,17,20_17,panelist,low,NA,4,1,0,1,0,0,0,4
20,10,18,20_18,reviewer,none,4,4,0,0,0,1,0,0,4
20,10,19,20_19,panelist,med,NA,4,1,0,0,0,0,0,4
20,10,20,20_20,panelist,none,NA,4,1,0,0,1,1,-0.1,3.9
20,10,21,20_21,panelist,low,NA,4,1,0,1,0,1,0.1,4.1
20,10,22,20_22,panelist,none,NA,4,1,0,0,1,1,-0.2,3.8
20,10,23,20_23,panelist,low,NA,4,1,0,1,0,1,-0.1,3.9
20,10,24,20_24,panelist,none,NA,4,1,0,0,1,0,0,4
20,12,01,20_01,panelist,med,NA,3.6,1,0,0,0,0,0,3.6
20,12,02,20_02,panelist,none,NA,3.6,1,0,0,1,1,0.2,3.8
20,12,03,20_03,panelist,low,NA,3.6,1,0,1,0,0,0,3.6
20,12,04,20_04,panelist,low,NA,3.6,1,0,1,0,1,-0.3,3.3
20,12,05,20_05,reviewer,none,3.7,3.6,0,0,0,1,0,0,3.6
20,12,06,20_06,panelist,low,NA,3.6,1,0,1,0,0,0,3.6
20,12,07,20_07,reviewer,none,3.3,3.6,0,0,0,1,0,0,3.6
20,12,08,20_08,panelist,low,NA,3.6,1,0,1,0,0,0,3.6
20,12,09,20_09,panelist,none,NA,3.6,1,0,0,1,0,0,3.6
20,12,10,20_10,panelist,none,NA,3.6,1,0,0,1,0,0,3.6
20,12,11,20_11,panelist,med,NA,3.6,1,0,0,0,0,0,3.6
20,12,12,20_12,panelist,high,NA,3.6,1,1,0,0,1,-0.2,3.4
20,12,13,20_13,panelist,high,NA,3.6,1,1,0,0,1,0.1,3.7
20,12,14,20_14,panelist,low,NA,3.6,1,0,1,0,0,0,3.6
20,12,15,20_15,reviewer,none,3.9,3.6,0,0,0,1,1,0.2,3.8
20,12,16,20_16,panelist,low,NA,3.6,1,0,1,0,0,0,3.6
20,12,17,20_17,panelist,none,NA,3.6,1,0,0,1,1,-0.4,3.2
20,12,18,20_18,panelist,med,NA,3.6,1,0,0,0,1,-0.3,3.3
20,12,19,20_19,panelist,none,NA,3.6,1,0,0,1,0,0,3.6
20,12,20,20_20,panelist,none,NA,3.6,1,0,0,1,0,0,3.6
20,12,21,20_21,panelist,med,NA,3.6,1,0,0,0,1,0.1,3.7
20,12,22,20_22,panelist,none,NA,3.6,1,0,0,1,0,0,3.6
20,12,23,20_23,panelist,med,NA,3.6,1,0,0,0,0,0,3.6
20,12,24,20_24,panelist,low,NA,3.6,1,0,1,0,1,-0.4,3.2
20,14,01,20_01,panelist,med,NA,3.8,1,0,0,0,0,0,3.8
20,14,02,20_02,panelist,none,NA,3.8,1,0,0,1,0,0,3.8
20,14,03,20_03,panelist,none,NA,3.8,1,0,0,1,1,0.1,3.9
20,14,04,20_04,reviewer,none,3.6,3.8,0,0,0,1,0,0,3.8
20,14,05,20_05,panelist,none,NA,3.8,1,0,0,1,0,0,3.8
20,14,06,20_06,panelist,low,NA,3.8,1,0,1,0,1,0.1,3.9
20,14,07,20_07,panelist,none,NA,3.8,1,0,0,1,1,-0.2,3.6
20,14,08,20_08,panelist,low,NA,3.8,1,0,1,0,0,0,3.8
20,14,09,20_09,reviewer,low,3.8,3.8,0,0,1,0,0,0,3.8
20,14,10,20_10,panelist,none,NA,3.8,1,0,0,1,1,0.1,3.9
20,14,11,20_11,panelist,med,NA,3.8,1,0,0,0,0,0,3.8
20,14,12,20_12,panelist,med,NA,3.8,1,0,0,0,0,0,3.8
20,14,13,20_13,panelist,med,NA,3.8,1,0,0,0,1,-0.3,3.5
20,14,14,20_14,panelist,none,NA,3.8,1,0,0,1,0,0,3.8
20,14,15,20_15,panelist,low,NA,3.8,1,0,1,0,0,0,3.8
20,14,16,20_16,panelist,low,NA,3.8,1,0,1,0,0,0,3.8
20,14,17,20_17,panelist,low,NA,3.8,1,0,1,0,0,0,3.8
20,14,18,20_18,reviewer,med,4,3.8,0,0,0,0,1,0.3,4.1
20,14,19,20_19,panelist,high,NA,3.8,1,1,0,0,0,0,3.8
20,14,20,20_20,panelist,none,NA,3.8,1,0,0,1,0,0,3.8
20,14,21,20_21,panelist,none,NA,3.8,1,0,0,1,1,-0.1,3.7
20,14,22,20_22,panelist,none,NA,3.8,1,0,0,1,1,-0.1,3.7
20,14,23,20_23,panelist,high,NA,3.8,1,1,0,0,0,0,3.8
20,14,24,20_24,panelist,low,NA,3.8,1,0,1,0,1,-0.4,3.4
20,20,01,20_01,panelist,low,NA,4.2,1,0,1,0,1,0.2,4.4
20,20,02,20_02,panelist,none,NA,4.2,1,0,0,1,0,0,4.2
20,20,03,20_03,panelist,none,NA,4.2,1,0,0,1,0,0,4.2
20,20,04,20_04,panelist,none,NA,4.2,1,0,0,1,1,0.1,4.3
20,20,05,20_05,reviewer,none,4.2,4.2,0,0,0,1,0,0,4.2
20,20,06,20_06,panelist,med,NA,4.2,1,0,0,0,1,0.3,4.5
20,20,07,20_07,panelist,low,NA,4.2,1,0,1,0,0,0,4.2
20,20,08,20_08,panelist,high,NA,4.2,1,1,0,0,0,0,4.2
20,20,09,20_09,reviewer,none,4.1,4.2,0,0,0,1,1,-0.2,4
20,20,10,20_10,panelist,low,NA,4.2,1,0,1,0,1,-0.1,4.1
20,20,11,20_11,panelist,low,NA,4.2,1,0,1,0,0,0,4.2
20,20,12,20_12,reviewer,low,4.2,4.2,0,0,1,0,1,0.2,4.4
20,20,13,20_13,panelist,none,NA,4.2,1,0,0,1,1,-0.1,4.1
20,20,14,20_14,panelist,med,NA,4.2,1,0,0,0,1,-0.2,4
20,20,15,20_15,panelist,med,NA,4.2,1,0,0,0,1,0.4,4.6
20,20,16,20_16,panelist,med,NA,4.2,1,0,0,0,1,0.1,4.3
20,20,17,20_17,panelist,none,NA,4.2,1,0,0,1,0,0,4.2
20,20,18,20_18,panelist,none,NA,4.2,1,0,0,1,0,0,4.2
20,20,19,20_19,panelist,none,NA,4.2,1,0,0,1,1,0.1,4.3
20,20,20,20_20,panelist,low,NA,4.2,1,0,1,0,0,0,4.2
20,20,21,20_21,panelist,high,NA,4.2,1,1,0,0,0,0,4.2
20,20,22,20_22,panelist,low,NA,4.2,1,0,1,0,0,0,4.2
20,20,23,20_23,panelist,none,NA,4.2,1,0,0,1,0,0,4.2
20,20,24,20_24,panelist,med,NA,4.2,1,0,0,0,1,-0.3,3.9
20,21,01,20_01,panelist,high,NA,3.9,1,1,0,0,0,0,3.9
20,21,02,20_02,panelist,med,NA,3.9,1,0,0,0,1,-0.1,3.8
20,21,03,20_03,panelist,none,NA,3.9,1,0,0,1,0,0,3.9
20,21,04,20_04,panelist,high,NA,3.9,1,1,0,0,0,0,3.9
20,21,05,20_05,panelist,none,NA,3.9,1,0,0,1,0,0,3.9
20,21,06,20_06,panelist,none,NA,3.9,1,0,0,1,1,0.1,4
20,21,07,20_07,panelist,none,NA,3.9,1,0,0,1,1,-0.1,3.8
20,21,08,20_08,panelist,none,NA,3.9,1,0,0,1,0,0,3.9
20,21,09,20_09,panelist,med,NA,3.9,1,0,0,0,0,0,3.9
20,21,10,20_10,reviewer,med,4,3.9,0,0,0,0,0,0,3.9
20,21,11,20_11,panelist,low,NA,3.9,1,0,1,0,1,0.1,4
20,21,12,20_12,panelist,low,NA,3.9,1,0,1,0,0,0,3.9
20,21,13,20_13,panelist,low,NA,3.9,1,0,1,0,0,0,3.9
20,21,14,20_14,panelist,med,NA,3.9,1,0,0,0,1,-0.1,3.8
20,21,15,20_15,panelist,low,NA,3.9,1,0,1,0,0,0,3.9
20,21,16,20_16,panelist,low,NA,3.9,1,0,1,0,1,0.3,4.2
20,21,17,20_17,reviewer,low,3.6,3.9,0,0,1,0,0,0,3.9
20,21,18,20_18,panelist,none,NA,3.9,1,0,0,1,0,0,3.9
20,21,19,20_19,panelist,med,NA,3.9,1,0,0,0,0,0,3.9
20,21,20,20_20,panelist,none,NA,3.9,1,0,0,1,0,0,3.9
20,21,21,20_21,reviewer,none,4,3.9,0,0,0,1,0,0,3.9
20,21,22,20_22,panelist,none,NA,3.9,1,0,0,1,0,0,3.9
20,21,23,20_23,panelist,none,NA,3.9,1,0,0,1,1,-0.3,3.6
20,21,24,20_24,panelist,low,NA,3.9,1,0,1,0,0,0,3.9
20,22,01,20_01,panelist,low,NA,3.8,1,0,1,0,1,0.1,3.9
20,22,02,20_02,panelist,none,NA,3.8,1,0,0,1,0,0,3.8
20,22,03,20_03,panelist,none,NA,3.8,1,0,0,1,1,0.2,4
20,22,04,20_04,panelist,none,NA,3.8,1,0,0,1,0,0,3.8
20,22,05,20_05,panelist,med,NA,3.8,1,0,0,0,1,0.1,3.9
20,22,06,20_06,panelist,none,NA,3.8,1,0,0,1,1,0.2,4
20,22,07,20_07,reviewer,none,3.8,3.8,0,0,0,1,1,0.1,3.9
20,22,08,20_08,panelist,low,NA,3.8,1,0,1,0,0,0,3.8
20,22,09,20_09,panelist,med,NA,3.8,1,0,0,0,1,0.1,3.9
20,22,10,20_10,panelist,low,NA,3.8,1,0,1,0,0,0,3.8
20,22,11,20_11,panelist,med,NA,3.8,1,0,0,0,1,0.3,4.1
20,22,12,20_12,panelist,none,NA,3.8,1,0,0,1,1,-0.1,3.7
20,22,13,20_13,panelist,low,NA,3.8,1,0,1,0,1,0.2,4
20,22,14,20_14,panelist,med,NA,3.8,1,0,0,0,1,-0.1,3.7
20,22,15,20_15,panelist,none,NA,3.8,1,0,0,1,0,0,3.8
20,22,16,20_16,panelist,none,NA,3.8,1,0,0,1,1,-0.2,3.6
20,22,17,20_17,panelist,high,NA,3.8,1,1,0,0,1,-0.2,3.6
20,22,18,20_18,reviewer,low,3.6,3.8,0,0,1,0,0,0,3.8
20,22,19,20_19,panelist,low,NA,3.8,1,0,1,0,1,0.3,4.1
20,22,20,20_20,panelist,none,NA,3.8,1,0,0,1,1,0.2,4
20,22,21,20_21,reviewer,none,4,3.8,0,0,0,1,1,-0.1,3.7
20,22,22,20_22,panelist,med,NA,3.8,1,0,0,0,0,0,3.8
20,22,23,20_23,panelist,low,NA,3.8,1,0,1,0,0,0,3.8
20,22,24,20_24,panelist,high,NA,3.8,1,1,0,0,0,0,3.8
20,26,01,20_01,panelist,low,NA,3.7,1,0,1,0,0,0,3.7
20,26,02,20_02,panelist,none,NA,3.7,1,0,0,1,1,-0.1,3.6
20,26,03,20_03,panelist,med,NA,3.7,1,0,0,0,0,0,3.7
20,26,04,20_04,panelist,low,NA,3.7,1,0,1,0,1,0.1,3.8
20,26,05,20_05,panelist,low,NA,3.7,1,0,1,0,0,0,3.7
20,26,06,20_06,reviewer,high,3.7,3.7,0,1,0,0,0,0,3.7
20,26,07,20_07,panelist,low,NA,3.7,1,0,1,0,1,-0.2,3.5
20,26,08,20_08,reviewer,none,3.5,3.7,0,0,0,1,0,0,3.7
20,26,09,20_09,panelist,low,NA,3.7,1,0,1,0,0,0,3.7
20,26,10,20_10,panelist,low,NA,3.7,1,0,1,0,0,0,3.7
20,26,11,20_11,panelist,none,NA,3.7,1,0,0,1,1,0.2,3.9
20,26,12,20_12,panelist,med,NA,3.7,1,0,0,0,0,0,3.7
20,26,13,20_13,panelist,med,NA,3.7,1,0,0,0,1,-0.2,3.5
20,26,14,20_14,panelist,none,NA,3.7,1,0,0,1,0,0,3.7
20,26,15,20_15,panelist,none,NA,3.7,1,0,0,1,0,0,3.7
20,26,16,20_16,panelist,med,NA,3.7,1,0,0,0,1,0.2,3.9
20,26,17,20_17,panelist,low,NA,3.7,1,0,1,0,1,-0.3,3.4
20,26,18,20_18,reviewer,high,3.8,3.7,0,1,0,0,1,-0.1,3.6
20,26,19,20_19,panelist,none,NA,3.7,1,0,0,1,1,-0.2,3.5
20,26,20,20_20,panelist,none,NA,3.7,1,0,0,1,0,0,3.7
20,26,21,20_21,panelist,med,NA,3.7,1,0,0,0,0,0,3.7
20,26,22,20_22,panelist,none,NA,3.7,1,0,0,1,0,0,3.7
20,26,23,20_23,panelist,none,NA,3.7,1,0,0,1,1,-0.1,3.6
20,26,24,20_24,panelist,none,NA,3.7,1,0,0,1,1,-0.5,3.2
20,27,01,20_01,panelist,none,NA,3.9,1,0,0,1,0,0,3.9
20,27,02,20_02,panelist,none,NA,3.9,1,0,0,1,1,-0.2,3.7
20,27,03,20_03,panelist,med,NA,3.9,1,0,0,0,1,-0.2,3.7
20,27,04,20_04,panelist,none,NA,3.9,1,0,0,1,0,0,3.9
20,27,05,20_05,panelist,low,NA,3.9,1,0,1,0,0,0,3.9
20,27,06,20_06,panelist,med,NA,3.9,1,0,0,0,1,0.3,4.2
20,27,07,20_07,panelist,med,NA,3.9,1,0,0,0,0,0,3.9
20,27,08,20_08,panelist,low,NA,3.9,1,0,1,0,1,0.1,4
20,27,09,20_09,panelist,none,NA,3.9,1,0,0,1,0,0,3.9
20,27,10,20_10,panelist,none,NA,3.9,1,0,0,1,1,0.1,4
20,27,11,20_11,panelist,med,NA,3.9,1,0,0,0,0,0,3.9
20,27,12,20_12,panelist,low,NA,3.9,1,0,1,0,1,-0.1,3.8
20,27,13,20_13,panelist,none,NA,3.9,1,0,0,1,1,-0.1,3.8
20,27,14,20_14,panelist,low,NA,3.9,1,0,1,0,0,0,3.9
20,27,15,20_15,panelist,none,NA,3.9,1,0,0,1,1,0.2,4.1
20,27,16,20_16,reviewer,high,4.1,3.9,0,1,0,0,0,0,3.9
20,27,17,20_17,panelist,high,NA,3.9,1,1,0,0,1,-0.4,3.5
20,27,18,20_18,reviewer,low,4,3.9,0,0,1,0,1,-0.2,3.7
20,27,19,20_19,panelist,low,NA,3.9,1,0,1,0,1,0.1,4
20,27,20,20_20,panelist,med,NA,3.9,1,0,0,0,1,-0.1,3.8
20,27,21,20_21,panelist,none,NA,3.9,1,0,0,1,1,0.2,4.1
20,27,22,20_22,panelist,none,NA,3.9,1,0,0,1,1,0.2,4.1
20,27,23,20_23,reviewer,low,3.7,3.9,0,0,1,0,1,-0.2,3.7
20,27,24,20_24,panelist,none,NA,3.9,1,0,0,1,1,-0.5,3.4
20,28,01,20_01,panelist,low,NA,3.7,1,0,1,0,0,0,3.7
20,28,02,20_02,panelist,none,NA,3.7,1,0,0,1,0,0,3.7
20,28,03,20_03,panelist,med,NA,3.7,1,0,0,0,0,0,3.7
20,28,04,20_04,panelist,none,NA,3.7,1,0,0,1,1,-0.1,3.6
20,28,05,20_05,panelist,low,NA,3.7,1,0,1,0,1,0.1,3.8
20,28,06,20_06,panelist,none,NA,3.7,1,0,0,1,1,0.2,3.9
20,28,07,20_07,panelist,none,NA,3.7,1,0,0,1,1,0.1,3.8
20,28,08,20_08,panelist,none,NA,3.7,1,0,0,1,1,0.3,4
20,28,09,20_09,reviewer,none,3.9,3.7,0,0,0,1,0,0,3.7
20,28,10,20_10,panelist,med,NA,3.7,1,0,0,0,1,-0.1,3.6
20,28,11,20_11,panelist,none,NA,3.7,1,0,0,1,0,0,3.7
20,28,12,20_12,panelist,high,NA,3.7,1,1,0,0,1,-0.3,3.4
20,28,13,20_13,panelist,none,NA,3.7,1,0,0,1,1,-0.2,3.5
20,28,14,20_14,panelist,med,NA,3.7,1,0,0,0,1,-0.4,3.3
20,28,15,20_15,panelist,none,NA,3.7,1,0,0,1,0,0,3.7
20,28,16,20_16,reviewer,med,3.5,3.7,0,0,0,0,0,0,3.7
20,28,17,20_17,panelist,low,NA,3.7,1,0,1,0,0,0,3.7
20,28,18,20_18,panelist,none,NA,3.7,1,0,0,1,0,0,3.7
20,28,19,20_19,panelist,high,NA,3.7,1,1,0,0,0,0,3.7
20,28,20,20_20,panelist,low,NA,3.7,1,0,1,0,0,0,3.7
20,28,21,20_21,panelist,low,NA,3.7,1,0,1,0,0,0,3.7
20,28,22,20_22,panelist,med,NA,3.7,1,0,0,0,0,0,3.7
20,28,23,20_23,panelist,low,NA,3.7,1,0,1,0,0,0,3.7
20,28,24,20_24,reviewer,low,3.6,3.7,0,0,1,0,1,-0.4,3.3
21,2,01,21_01,panelist,none,NA,3.8,1,0,0,1,0,0,3.8
21,2,02,21_02,panelist,none,NA,3.8,1,0,0,1,0,0,3.8
21,2,03,21_03,reviewer,none,3.8,3.8,0,0,0,1,0,0,3.8
21,2,04,21_04,panelist,none,NA,3.8,1,0,0,1,0,0,3.8
21,2,05,21_05,panelist,none,NA,3.8,1,0,0,1,0,0,3.8
21,2,06,21_06,panelist,high,NA,3.8,1,1,0,0,0,0,3.8
21,2,07,21_07,panelist,low,NA,3.8,1,0,1,0,0,0,3.8
21,2,08,21_08,panelist,low,NA,3.8,1,0,1,0,0,0,3.8
21,2,09,21_09,panelist,low,NA,3.8,1,0,1,0,0,0,3.8
21,2,10,21_10,panelist,none,NA,3.8,1,0,0,1,0,0,3.8
21,2,11,21_11,panelist,none,NA,3.8,1,0,0,1,1,0.1,3.9
21,2,12,21_12,panelist,high,NA,3.8,1,1,0,0,1,0.1,3.9
21,2,13,21_13,panelist,low,NA,3.8,1,0,1,0,0,0,3.8
21,2,14,21_14,panelist,low,NA,3.8,1,0,1,0,1,-0.1,3.7
21,2,15,21_15,reviewer,med,3.7,3.8,0,0,0,0,0,0,3.8
21,2,16,21_16,panelist,med,NA,3.8,1,0,0,0,0,0,3.8
21,2,17,21_17,panelist,none,NA,3.8,1,0,0,1,1,0.1,3.9
21,2,18,21_18,panelist,low,NA,3.8,1,0,1,0,1,0.3,4.1
21,2,19,21_19,panelist,low,NA,3.8,1,0,1,0,1,-0.3,3.5
21,2,20,21_20,panelist,med,NA,3.8,1,0,0,0,1,-0.2,3.6
21,2,21,21_21,panelist,med,NA,3.8,1,0,0,0,0,0,3.8
21,2,22,21_22,panelist,none,NA,3.8,1,0,0,1,1,-0.1,3.7
21,2,23,21_23,panelist,none,NA,3.8,1,0,0,1,0,0,3.8
21,2,24,21_24,reviewer,med,3.9,3.8,0,0,0,0,0,0,3.8
21,3,01,21_01,panelist,none,NA,3.7,1,0,0,1,0,0,3.7
21,3,02,21_02,panelist,low,NA,3.7,1,0,1,0,1,0.2,3.9
21,3,03,21_03,panelist,low,NA,3.7,1,0,1,0,0,0,3.7
21,3,04,21_04,panelist,low,NA,3.7,1,0,1,0,0,0,3.7
21,3,05,21_05,panelist,med,NA,3.7,1,0,0,0,1,0.3,4
21,3,06,21_06,panelist,none,NA,3.7,1,0,0,1,0,0,3.7
21,3,07,21_07,panelist,low,NA,3.7,1,0,1,0,1,-0.1,3.6
21,3,08,21_08,panelist,med,NA,3.7,1,0,0,0,0,0,3.7
21,3,09,21_09,panelist,high,NA,3.7,1,1,0,0,0,0,3.7
21,3,10,21_10,panelist,none,NA,3.7,1,0,0,1,1,-0.3,3.4
21,3,11,21_11,panelist,none,NA,3.7,1,0,0,1,1,0.1,3.8
21,3,12,21_12,reviewer,none,3.4,3.7,0,0,0,1,1,-0.1,3.6
21,3,13,21_13,panelist,low,NA,3.7,1,0,1,0,0,0,3.7
21,3,14,21_14,panelist,none,NA,3.7,1,0,0,1,1,0.4,4.1
21,3,15,21_15,reviewer,med,3.5,3.7,0,0,0,0,0,0,3.7
21,3,16,21_16,panelist,none,NA,3.7,1,0,0,1,1,0.2,3.9
21,3,17,21_17,panelist,low,NA,3.7,1,0,1,0,1,-0.1,3.6
21,3,18,21_18,panelist,low,NA,3.7,1,0,1,0,0,0,3.7
21,3,19,21_19,panelist,none,NA,3.7,1,0,0,1,0,0,3.7
21,3,20,21_20,reviewer,high,4.2,3.7,0,1,0,0,0,0,3.7
21,3,21,21_21,panelist,med,NA,3.7,1,0,0,0,0,0,3.7
21,3,22,21_22,panelist,med,NA,3.7,1,0,0,0,0,0,3.7
21,3,23,21_23,panelist,none,NA,3.7,1,0,0,1,1,0.1,3.8
21,3,24,21_24,panelist,none,NA,3.7,1,0,0,1,0,0,3.7
21,5,01,21_01,panelist,low,NA,4.4,1,0,1,0,1,0.1,4.5
21,5,02,21_02,reviewer,none,3.8,4.4,0,0,0,1,1,-0.5,3.9
21,5,03,21_03,panelist,none,NA,4.4,1,0,0,1,1,-0.2,4.2
21,5,04,21_04,reviewer,med,4.5,4.4,0,0,0,0,0,0,4.4
21,5,05,21_05,panelist,low,NA,4.4,1,0,1,0,1,0.1,4.5
21,5,06,21_06,panelist,low,NA,4.4,1,0,1,0,0,0,4.4
21,5,07,21_07,panelist,high,NA,4.4,1,1,0,0,0,0,4.4
21,5,08,21_08,panelist,low,NA,4.4,1,0,1,0,0,0,4.4
21,5,09,21_09,panelist,none,NA,4.4,1,0,0,1,0,0,4.4
21,5,10,21_10,panelist,none,NA,4.4,1,0,0,1,0,0,4.4
21,5,11,21_11,panelist,none,NA,4.4,1,0,0,1,1,0.1,4.5
21,5,12,21_12,panelist,none,NA,4.4,1,0,0,1,0,0,4.4
21,5,13,21_13,panelist,med,NA,4.4,1,0,0,0,0,0,4.4
21,5,14,21_14,panelist,none,NA,4.4,1,0,0,1,1,0.1,4.5
21,5,15,21_15,reviewer,low,4.9,4.4,0,0,1,0,1,-0.1,4.3
21,5,16,21_16,panelist,none,NA,4.4,1,0,0,1,1,0.1,4.5
21,5,17,21_17,panelist,med,NA,4.4,1,0,0,0,0,0,4.4
21,5,18,21_18,panelist,low,NA,4.4,1,0,1,0,1,0.3,4.7
21,5,19,21_19,panelist,med,NA,4.4,1,0,0,0,0,0,4.4
21,5,20,21_20,panelist,high,NA,4.4,1,1,0,0,0,0,4.4
21,5,21,21_21,panelist,med,NA,4.4,1,0,0,0,1,-0.2,4.2
21,5,22,21_22,panelist,low,NA,4.4,1,0,1,0,1,-0.1,4.3
21,5,23,21_23,panelist,none,NA,4.4,1,0,0,1,0,0,4.4
21,5,24,21_24,panelist,none,NA,4.4,1,0,0,1,1,-0.1,4.3
21,6,01,21_01,panelist,low,NA,3.8,1,0,1,0,0,0,3.8
21,6,02,21_02,reviewer,med,4,3.8,0,0,0,0,0,0,3.8
21,6,03,21_03,panelist,none,NA,3.8,1,0,0,1,0,0,3.8
21,6,04,21_04,panelist,none,NA,3.8,1,0,0,1,1,-0.1,3.7
21,6,05,21_05,panelist,none,NA,3.8,1,0,0,1,1,0.2,4
21,6,06,21_06,reviewer,none,3.8,3.8,0,0,0,1,0,0,3.8
21,6,07,21_07,panelist,high,NA,3.8,1,1,0,0,0,0,3.8
21,6,08,21_08,panelist,low,NA,3.8,1,0,1,0,1,-0.2,3.6
21,6,09,21_09,panelist,low,NA,3.8,1,0,1,0,1,-0.1,3.7
21,6,10,21_10,panelist,high,NA,3.8,1,1,0,0,0,0,3.8
21,6,11,21_11,panelist,low,NA,3.8,1,0,1,0,1,0.1,3.9
21,6,12,21_12,panelist,med,NA,3.8,1,0,0,0,0,0,3.8
21,6,13,21_13,panelist,none,NA,3.8,1,0,0,1,0,0,3.8
21,6,14,21_14,panelist,none,NA,3.8,1,0,0,1,0,0,3.8
21,6,15,21_15,panelist,none,NA,3.8,1,0,0,1,0,0,3.8
21,6,16,21_16,panelist,low,NA,3.8,1,0,1,0,0,0,3.8
21,6,17,21_17,panelist,none,NA,3.8,1,0,0,1,1,-0.3,3.5
21,6,18,21_18,panelist,med,NA,3.8,1,0,0,0,0,0,3.8
21,6,19,21_19,panelist,low,NA,3.8,1,0,1,0,0,0,3.8
21,6,20,21_20,reviewer,med,3.7,3.8,0,0,0,0,0,0,3.8
21,6,21,21_21,panelist,none,NA,3.8,1,0,0,1,1,-0.1,3.7
21,6,22,21_22,panelist,low,NA,3.8,1,0,1,0,1,0.2,4
21,6,23,21_23,panelist,none,NA,3.8,1,0,0,1,1,0.2,4
21,6,24,21_24,panelist,med,NA,3.8,1,0,0,0,0,0,3.8
21,7,01,21_01,panelist,low,NA,4.1,1,0,1,0,0,0,4.1
21,7,02,21_02,panelist,low,NA,4.1,1,0,1,0,0,0,4.1
21,7,03,21_03,panelist,none,NA,4.1,1,0,0,1,1,0.2,4.3
21,7,04,21_04,reviewer,high,4,4.1,0,1,0,0,0,0,4.1
21,7,05,21_05,panelist,none,NA,4.1,1,0,0,1,1,0.3,4.4
21,7,06,21_06,panelist,none,NA,4.1,1,0,0,1,0,0,4.1
21,7,07,21_07,panelist,none,NA,4.1,1,0,0,1,1,-0.1,4
21,7,08,21_08,panelist,med,NA,4.1,1,0,0,0,0,0,4.1
21,7,09,21_09,panelist,none,NA,4.1,1,0,0,1,1,-0.1,4
21,7,10,21_10,panelist,low,NA,4.1,1,0,1,0,1,-0.2,3.9
21,7,11,21_11,reviewer,none,4.2,4.1,0,0,0,1,0,0,4.1
21,7,12,21_12,panelist,none,NA,4.1,1,0,0,1,1,0.3,4.4
21,7,13,21_13,panelist,med,NA,4.1,1,0,0,0,0,0,4.1
21,7,14,21_14,panelist,none,NA,4.1,1,0,0,1,0,0,4.1
21,7,15,21_15,reviewer,low,4,4.1,0,0,1,0,1,-0.1,4
21,7,16,21_16,panelist,none,NA,4.1,1,0,0,1,1,0.1,4.2
21,7,17,21_17,panelist,none,NA,4.1,1,0,0,1,1,-0.1,4
21,7,18,21_18,panelist,low,NA,4.1,1,0,1,0,0,0,4.1
21,7,19,21_19,panelist,med,NA,4.1,1,0,0,0,0,0,4.1
21,7,20,21_20,panelist,high,NA,4.1,1,1,0,0,0,0,4.1
21,7,21,21_21,panelist,med,NA,4.1,1,0,0,0,0,0,4.1
21,7,22,21_22,panelist,low,NA,4.1,1,0,1,0,0,0,4.1
21,7,23,21_23,panelist,med,NA,4.1,1,0,0,0,0,0,4.1
21,7,24,21_24,panelist,low,NA,4.1,1,0,1,0,1,-0.2,3.9
21,8,01,21_01,panelist,low,NA,3.6,1,0,1,0,1,-0.3,3.3
21,8,02,21_02,panelist,none,NA,3.6,1,0,0,1,1,-0.3,3.3
21,8,03,21_03,panelist,none,NA,3.6,1,0,0,1,0,0,3.6
21,8,04,21_04,panelist,none,NA,3.6,1,0,0,1,0,0,3.6
21,8,05,21_05,panelist,low,NA,3.6,1,0,1,0,1,0.2,3.8
21,8,06,21_06,panelist,none,NA,3.6,1,0,0,1,1,-0.1,3.5
21,8,07,21_07,panelist,low,NA,3.6,1,0,1,0,1,-0.1,3.5
21,8,08,21_08,panelist,none,NA,3.6,1,0,0,1,0,0,3.6
21,8,09,21_09,panelist,med,NA,3.6,1,0,0,0,1,0.1,3.7
21,8,10,21_10,panelist,none,NA,3.6,1,0,0,1,0,0,3.6
21,8,11,21_11,panelist,low,NA,3.6,1,0,1,0,0,0,3.6
21,8,12,21_12,panelist,med,NA,3.6,1,0,0,0,1,-0.2,3.4
21,8,13,21_13,reviewer,none,3.8,3.6,0,0,0,1,1,0.1,3.7
21,8,14,21_14,panelist,low,NA,3.6,1,0,1,0,0,0,3.6
21,8,15,21_15,panelist,high,NA,3.6,1,1,0,0,1,0.2,3.8
21,8,16,21_16,reviewer,none,3.8,3.6,0,0,0,1,0,0,3.6
21,8,17,21_17,panelist,high,NA,3.6,1,1,0,0,1,-0.1,3.5
21,8,18,21_18,panelist,med,NA,3.6,1,0,0,0,0,0,3.6
21,8,19,21_19,panelist,med,NA,3.6,1,0,0,0,0,0,3.6
21,8,20,21_20,panelist,none,NA,3.6,1,0,0,1,0,0,3.6
21,8,21,21_21,panelist,low,NA,3.6,1,0,1,0,0,0,3.6
21,8,22,21_22,panelist,med,NA,3.6,1,0,0,0,0,0,3.6
21,8,23,21_23,reviewer,none,3.3,3.6,0,0,0,1,1,0.2,3.8
21,8,24,21_24,panelist,low,NA,3.6,1,0,1,0,0,0,3.6
21,15,01,21_01,reviewer,med,4.7,4.6,0,0,0,0,0,0,4.6
21,15,02,21_02,reviewer,low,4.4,4.6,0,0,1,0,0,0,4.6
21,15,03,21_03,panelist,none,NA,4.6,1,0,0,1,1,0.2,4.8
21,15,04,21_04,panelist,low,NA,4.6,1,0,1,0,0,0,4.6
21,15,05,21_05,reviewer,low,4.8,4.6,0,0,1,0,0,0,4.6
21,15,06,21_06,panelist,none,NA,4.6,1,0,0,1,0,0,4.6
21,15,07,21_07,panelist,med,NA,4.6,1,0,0,0,1,0.1,4.7
21,15,08,21_08,panelist,none,NA,4.6,1,0,0,1,0,0,4.6
21,15,09,21_09,panelist,low,NA,4.6,1,0,1,0,0,0,4.6
21,15,10,21_10,panelist,high,NA,4.6,1,1,0,0,0,0,4.6
21,15,11,21_11,panelist,low,NA,4.6,1,0,1,0,1,0.4,4.9
21,15,12,21_12,panelist,low,NA,4.6,1,0,1,0,0,0,4.6
21,15,13,21_13,panelist,none,NA,4.6,1,0,0,1,0,0,4.6
21,15,14,21_14,panelist,med,NA,4.6,1,0,0,0,0,0,4.6
21,15,15,21_15,panelist,med,NA,4.6,1,0,0,0,0,0,4.6
21,15,16,21_16,panelist,none,NA,4.6,1,0,0,1,1,-0.2,4.4
21,15,17,21_17,panelist,none,NA,4.6,1,0,0,1,1,0.1,4.7
21,15,18,21_18,panelist,none,NA,4.6,1,0,0,1,0,0,4.6
21,15,19,21_19,panelist,none,NA,4.6,1,0,0,1,0,0,4.6
21,15,20,21_20,panelist,none,NA,4.6,1,0,0,1,0,0,4.6
21,15,21,21_21,panelist,low,NA,4.6,1,0,1,0,0,0,4.6
21,15,22,21_22,panelist,none,NA,4.6,1,0,0,1,0,0,4.6
21,15,23,21_23,panelist,high,NA,4.6,1,1,0,0,0,0,4.6
21,15,24,21_24,panelist,med,NA,4.6,1,0,0,0,0,0,4.6
21,18,01,21_01,panelist,none,NA,3.7,1,0,0,1,0,0,3.7
21,18,02,21_02,panelist,low,NA,3.7,1,0,1,0,0,0,3.7
21,18,03,21_03,panelist,none,NA,3.7,1,0,0,1,1,0.4,4.1
21,18,04,21_04,panelist,none,NA,3.7,1,0,0,1,1,-0.1,3.6
21,18,05,21_05,panelist,med,NA,3.7,1,0,0,0,0,0,3.7
21,18,06,21_06,panelist,med,NA,3.7,1,0,0,0,1,0.1,3.8
21,18,07,21_07,panelist,high,NA,3.7,1,1,0,0,0,0,3.7
21,18,08,21_08,panelist,none,NA,3.7,1,0,0,1,1,-0.1,3.6
21,18,09,21_09,panelist,low,NA,3.7,1,0,1,0,1,-0.3,3.4
21,18,10,21_10,panelist,low,NA,3.7,1,0,1,0,1,0.1,3.8
21,18,11,21_11,panelist,med,NA,3.7,1,0,0,0,0,0,3.7
21,18,12,21_12,panelist,none,NA,3.7,1,0,0,1,1,0.1,3.8
21,18,13,21_13,panelist,none,NA,3.7,1,0,0,1,1,0.1,3.8
21,18,14,21_14,panelist,low,NA,3.7,1,0,1,0,0,0,3.7
21,18,15,21_15,panelist,med,NA,3.7,1,0,0,0,0,0,3.7
21,18,16,21_16,panelist,low,NA,3.7,1,0,1,0,0,0,3.7
21,18,17,21_17,reviewer,low,3.7,3.7,0,0,1,0,1,0.1,3.8
21,18,18,21_18,reviewer,none,3.6,3.7,0,0,0,1,0,0,3.7
21,18,19,21_19,panelist,med,NA,3.7,1,0,0,0,1,-0.1,3.6
21,18,20,21_20,panelist,none,NA,3.7,1,0,0,1,0,0,3.7
21,18,21,21_21,panelist,none,NA,3.7,1,0,0,1,1,0.3,4
21,18,22,21_22,panelist,high,NA,3.7,1,1,0,0,0,0,3.7
21,18,23,21_23,panelist,low,NA,3.7,1,0,1,0,1,0.1,3.8
21,18,24,21_24,reviewer,none,3.8,3.7,0,0,0,1,1,-0.1,3.6
21,21,01,21_01,reviewer,low,4,4,0,0,1,0,1,-0.4,3.6
21,21,02,21_02,panelist,none,NA,4,1,0,0,1,1,-0.1,3.9
21,21,03,21_03,reviewer,low,3.8,4,0,0,1,0,0,0,4
21,21,04,21_04,panelist,none,NA,4,1,0,0,1,1,0.1,4.1
21,21,05,21_05,panelist,none,NA,4,1,0,0,1,1,0.3,4.3
21,21,06,21_06,panelist,none,NA,4,1,0,0,1,1,0.2,4.2
21,21,07,21_07,panelist,none,NA,4,1,0,0,1,0,0,4
21,21,08,21_08,reviewer,med,4.2,4,0,0,0,0,0,0,4
21,21,09,21_09,panelist,none,NA,4,1,0,0,1,0,0,4
21,21,10,21_10,panelist,none,NA,4,1,0,0,1,0,0,4
21,21,11,21_11,panelist,none,NA,4,1,0,0,1,0,0,4
21,21,12,21_12,panelist,none,NA,4,1,0,0,1,1,-0.1,3.9
21,21,13,21_13,panelist,med,NA,4,1,0,0,0,1,0.1,4.1
21,21,14,21_14,panelist,med,NA,4,1,0,0,0,0,0,4
21,21,15,21_15,panelist,low,NA,4,1,0,1,0,0,0,4
21,21,16,21_16,panelist,low,NA,4,1,0,1,0,0,0,4
21,21,17,21_17,panelist,med,NA,4,1,0,0,0,0,0,4
21,21,18,21_18,panelist,high,NA,4,1,1,0,0,1,0.2,4.2
21,21,19,21_19,panelist,low,NA,4,1,0,1,0,0,0,4
21,21,20,21_20,panelist,high,NA,4,1,1,0,0,0,0,4
21,21,21,21_21,panelist,low,NA,4,1,0,1,0,1,0.2,4.2
21,21,22,21_22,panelist,none,NA,4,1,0,0,1,1,0.2,4.2
21,21,23,21_23,panelist,med,NA,4,1,0,0,0,0,0,4
21,21,24,21_24,panelist,low,NA,4,1,0,1,0,1,0.2,4.2
21,22,01,21_01,panelist,none,NA,3.5,1,0,0,1,1,0.1,3.6
21,22,02,21_02,panelist,none,NA,3.5,1,0,0,1,0,0,3.5
21,22,03,21_03,panelist,low,NA,3.5,1,0,1,0,0,0,3.5
21,22,04,21_04,panelist,med,NA,3.5,1,0,0,0,0,0,3.5
21,22,05,21_05,panelist,med,NA,3.5,1,0,0,0,0,0,3.5
21,22,06,21_06,panelist,low,NA,3.5,1,0,1,0,0,0,3.5
21,22,07,21_07,panelist,med,NA,3.5,1,0,0,0,0,0,3.5
21,22,08,21_08,panelist,low,NA,3.5,1,0,1,0,1,-0.2,3.3
21,22,09,21_09,panelist,none,NA,3.5,1,0,0,1,1,0.1,3.6
21,22,10,21_10,panelist,high,NA,3.5,1,1,0,0,0,0,3.5
21,22,11,21_11,reviewer,none,3.3,3.5,0,0,0,1,0,0,3.5
21,22,12,21_12,panelist,low,NA,3.5,1,0,1,0,0,0,3.5
21,22,13,21_13,panelist,low,NA,3.5,1,0,1,0,0,0,3.5
21,22,14,21_14,panelist,none,NA,3.5,1,0,0,1,1,0.1,3.6
21,22,15,21_15,panelist,none,NA,3.5,1,0,0,1,0,0,3.5
21,22,16,21_16,panelist,none,NA,3.5,1,0,0,1,1,0.3,3.8
21,22,17,21_17,reviewer,none,3.4,3.5,0,0,0,1,1,0.3,3.8
21,22,18,21_18,panelist,none,NA,3.5,1,0,0,1,1,0.3,3.8
21,22,19,21_19,panelist,low,NA,3.5,1,0,1,0,0,0,3.5
21,22,20,21_20,panelist,med,NA,3.5,1,0,0,0,0,0,3.5
21,22,21,21_21,panelist,high,NA,3.5,1,1,0,0,1,0.3,3.8
21,22,22,21_22,panelist,none,NA,3.5,1,0,0,1,0,0,3.5
21,22,23,21_23,panelist,low,NA,3.5,1,0,1,0,0,0,3.5
21,22,24,21_24,reviewer,med,3.7,3.5,0,0,0,0,0,0,3.5
21,24,01,21_01,panelist,low,NA,3.9,1,0,1,0,1,-0.2,3.7
21,24,02,21_02,reviewer,none,3.7,3.9,0,0,0,1,0,0,3.9
21,24,03,21_03,panelist,med,NA,3.9,1,0,0,0,0,0,3.9
21,24,04,21_04,panelist,low,NA,3.9,1,0,1,0,0,0,3.9
21,24,05,21_05,reviewer,med,4,3.9,0,0,0,0,0,0,3.9
21,24,06,21_06,panelist,med,NA,3.9,1,0,0,0,1,-0.1,3.8
21,24,07,21_07,panelist,none,NA,3.9,1,0,0,1,0,0,3.9
21,24,08,21_08,panelist,low,NA,3.9,1,0,1,0,1,0.3,4.2
21,24,09,21_09,panelist,med,NA,3.9,1,0,0,0,0,0,3.9
21,24,10,21_10,panelist,none,NA,3.9,1,0,0,1,1,0.1,4
21,24,11,21_11,panelist,high,NA,3.9,1,1,0,0,0,0,3.9
21,24,12,21_12,panelist,med,NA,3.9,1,0,0,0,0,0,3.9
21,24,13,21_13,panelist,none,NA,3.9,1,0,0,1,1,0.2,4.1
21,24,14,21_14,panelist,low,NA,3.9,1,0,1,0,0,0,3.9
21,24,15,21_15,panelist,none,NA,3.9,1,0,0,1,1,-0.1,3.8
21,24,16,21_16,panelist,none,NA,3.9,1,0,0,1,1,-0.1,3.8
21,24,17,21_17,panelist,none,NA,3.9,1,0,0,1,1,0.1,4
21,24,18,21_18,panelist,low,NA,3.9,1,0,1,0,0,0,3.9
21,24,19,21_19,panelist,none,NA,3.9,1,0,0,1,1,0.1,4
21,24,20,21_20,panelist,none,NA,3.9,1,0,0,1,1,-0.2,3.7
21,24,21,21_21,panelist,high,NA,3.9,1,1,0,0,0,0,3.9
21,24,22,21_22,reviewer,low,3.9,3.9,0,0,1,0,0,0,3.9
21,24,23,21_23,panelist,none,NA,3.9,1,0,0,1,0,0,3.9
21,24,24,21_24,panelist,low,NA,3.9,1,0,1,0,0,0,3.9
21,25,01,21_01,panelist,none,NA,4.7,1,0,0,1,1,-0.3,4.4
21,25,02,21_02,panelist,med,NA,4.7,1,0,0,0,1,0.1,4.8
21,25,03,21_03,panelist,none,NA,4.7,1,0,0,1,1,0.1,4.8
21,25,04,21_04,panelist,med,NA,4.7,1,0,0,0,0,0,4.7
21,25,05,21_05,panelist,low,NA,4.7,1,0,1,0,0,0,4.7
21,25,06,21_06,panelist,low,NA,4.7,1,0,1,0,0,0,4.7
21,25,07,21_07,panelist,low,NA,4.7,1,0,1,0,0,0,4.7
21,25,08,21_08,panelist,high,NA,4.7,1,1,0,0,0,0,4.7
21,25,09,21_09,panelist,none,NA,4.7,1,0,0,1,0,0,4.7
21,25,10,21_10,panelist,low,NA,4.7,1,0,1,0,1,0.1,4.8
21,25,11,21_11,panelist,none,NA,4.7,1,0,0,1,1,-0.2,4.5
21,25,12,21_12,reviewer,low,4.7,4.7,0,0,1,0,1,0.1,4.8
21,25,13,21_13,panelist,none,NA,4.7,1,0,0,1,1,-0.1,4.6
21,25,14,21_14,panelist,low,NA,4.7,1,0,1,0,1,-0.1,4.6
21,25,15,21_15,panelist,none,NA,4.7,1,0,0,1,1,-0.1,4.6
21,25,16,21_16,panelist,high,NA,4.7,1,1,0,0,1,0.1,4.8
21,25,17,21_17,reviewer,none,4.7,4.7,0,0,0,1,1,0.1,4.8
21,25,18,21_18,panelist,low,NA,4.7,1,0,1,0,0,0,4.7
21,25,19,21_19,panelist,none,NA,4.7,1,0,0,1,1,0.1,4.8
21,25,20,21_20,reviewer,med,4.8,4.7,0,0,0,0,0,0,4.7
21,25,21,21_21,panelist,none,NA,4.7,1,0,0,1,1,-0.2,4.5
21,25,22,21_22,panelist,med,NA,4.7,1,0,0,0,1,-0.1,4.6
21,25,23,21_23,panelist,none,NA,4.7,1,0,0,1,0,0,4.7
21,25,24,21_24,panelist,med,NA,4.7,1,0,0,0,0,0,4.7
21,27,01,21_01,panelist,high,NA,4,1,1,0,0,1,-0.1,3.9
21,27,02,21_02,panelist,none,NA,4,1,0,0,1,0,0,4
21,27,03,21_03,panelist,low,NA,4,1,0,1,0,0,0,4
21,27,04,21_04,panelist,med,NA,4,1,0,0,0,1,-0.1,3.9
21,27,05,21_05,panelist,low,NA,4,1,0,1,0,1,0.5,4.5
21,27,06,21_06,panelist,none,NA,4,1,0,0,1,1,0.2,4.2
21,27,07,21_07,panelist,med,NA,4,1,0,0,0,0,0,4
21,27,08,21_08,panelist,none,NA,4,1,0,0,1,0,0,4
21,27,09,21_09,panelist,low,NA,4,1,0,1,0,1,-0.2,3.8
21,27,10,21_10,reviewer,none,3.9,4,0,0,0,1,1,0.2,4.2
21,27,11,21_11,reviewer,low,4.2,4,0,0,1,0,0,0,4
21,27,12,21_12,panelist,none,NA,4,1,0,0,1,1,0.2,4.2
21,27,13,21_13,panelist,med,NA,4,1,0,0,0,1,0.1,4.1
21,27,14,21_14,reviewer,med,3.9,4,0,0,0,0,1,0.1,4.1
21,27,15,21_15,panelist,med,NA,4,1,0,0,0,1,-0.1,3.9
21,27,16,21_16,panelist,low,NA,4,1,0,1,0,0,0,4
21,27,17,21_17,panelist,none,NA,4,1,0,0,1,1,-0.1,3.9
21,27,18,21_18,panelist,none,NA,4,1,0,0,1,0,0,4
21,27,19,21_19,panelist,none,NA,4,1,0,0,1,0,0,4
21,27,20,21_20,panelist,low,NA,4,1,0,1,0,0,0,4
21,27,21,21_21,panelist,none,NA,4,1,0,0,1,0,0,4
21,27,22,21_22,panelist,none,NA,4,1,0,0,1,0,0,4
21,27,23,21_23,panelist,low,NA,4,1,0,1,0,1,0.2,4.2
21,27,24,21_24,panelist,high,NA,4,1,1,0,0,1,0.1,4.1
21,28,01,21_01,panelist,none,NA,3.6,1,0,0,1,1,-0.3,3.3
21,28,02,21_02,panelist,low,NA,3.6,1,0,1,0,1,-0.1,3.5
21,28,03,21_03,panelist,med,NA,3.6,1,0,0,0,0,0,3.6
21,28,04,21_04,panelist,high,NA,3.6,1,1,0,0,0,0,3.6
21,28,05,21_05,panelist,low,NA,3.6,1,0,1,0,1,0.4,4
21,28,06,21_06,panelist,none,NA,3.6,1,0,0,1,1,0.1,3.7
21,28,07,21_07,reviewer,low,3.9,3.6,0,0,1,0,0,0,3.6
21,28,08,21_08,panelist,low,NA,3.6,1,0,1,0,0,0,3.6
21,28,09,21_09,panelist,med,NA,3.6,1,0,0,0,0,0,3.6
21,28,10,21_10,panelist,low,NA,3.6,1,0,1,0,0,0,3.6
21,28,11,21_11,reviewer,none,3.4,3.6,0,0,0,1,0,0,3.6
21,28,12,21_12,panelist,none,NA,3.6,1,0,0,1,0,0,3.6
21,28,13,21_13,panelist,high,NA,3.6,1,1,0,0,0,0,3.6
21,28,14,21_14,reviewer,none,3.6,3.6,0,0,0,1,1,0.1,3.7
21,28,15,21_15,panelist,none,NA,3.6,1,0,0,1,0,0,3.6
21,28,16,21_16,panelist,med,NA,3.6,1,0,0,0,1,0.3,3.9
21,28,17,21_17,panelist,med,NA,3.6,1,0,0,0,0,0,3.6
21,28,18,21_18,panelist,none,NA,3.6,1,0,0,1,0,0,3.6
21,28,19,21_19,panelist,low,NA,3.6,1,0,1,0,0,0,3.6
21,28,20,21_20,panelist,none,NA,3.6,1,0,0,1,1,-0.1,3.5
21,28,21,21_21,panelist,none,NA,3.6,1,0,0,1,1,-0.1,3.5
21,28,22,21_22,panelist,low,NA,3.6,1,0,1,0,0,0,3.6
21,28,23,21_23,panelist,med,NA,3.6,1,0,0,0,0,0,3.6
21,28,24,21_24,panelist,none,NA,3.6,1,0,0,1,1,-0.2,3.4
21,29,01,21_01,panelist,med,NA,3.9,1,0,0,0,1,-0.5,3.4
21,29,02,21_02,panelist,low,NA,3.9,1,0,1,0,1,-0.2,3.7
21,29,03,21_03,panelist,low,NA,3.9,1,0,1,0,1,0.3,4.2
21,29,04,21_04,panelist,med,NA,3.9,1,0,0,0,0,0,3.9
21,29,05,21_05,panelist,none,NA,3.9,1,0,0,1,1,0.4,4.3
21,29,06,21_06,panelist,low,NA,3.9,1,0,1,0,0,0,3.9
21,29,07,21_07,panelist,low,NA,3.9,1,0,1,0,0,0,3.9
21,29,08,21_08,panelist,none,NA,3.9,1,0,0,1,1,-0.3,3.6
21,29,09,21_09,panelist,none,NA,3.9,1,0,0,1,0,0,3.9
21,29,10,21_10,panelist,none,NA,3.9,1,0,0,1,0,0,3.9
21,29,11,21_11,panelist,none,NA,3.9,1,0,0,1,0,0,3.9
21,29,12,21_12,panelist,low,NA,3.9,1,0,1,0,0,0,3.9
21,29,13,21_13,panelist,med,NA,3.9,1,0,0,0,0,0,3.9
21,29,14,21_14,panelist,high,NA,3.9,1,1,0,0,1,-0.1,3.8
21,29,15,21_15,panelist,none,NA,3.9,1,0,0,1,1,-0.2,3.7
21,29,16,21_16,reviewer,none,4.1,3.9,0,0,0,1,0,0,3.9
21,29,17,21_17,panelist,high,NA,3.9,1,1,0,0,0,0,3.9
21,29,18,21_18,reviewer,low,4,3.9,0,0,1,0,1,0.2,4.1
21,29,19,21_19,panelist,none,NA,3.9,1,0,0,1,1,-0.2,3.7
21,29,20,21_20,panelist,low,NA,3.9,1,0,1,0,1,0.1,4
21,29,21,21_21,panelist,med,NA,3.9,1,0,0,0,1,0.2,4.1
21,29,22,21_22,reviewer,none,3.6,3.9,0,0,0,1,1,0.3,4.2
21,29,23,21_23,panelist,med,NA,3.9,1,0,0,0,0,0,3.9
21,29,24,21_24,panelist,none,NA,3.9,1,0,0,1,0,0,3.9
22,4,01,22_01,panelist,med,NA,3.7,1,0,0,0,0,0,3.7
22,4,02,22_02,panelist,med,NA,3.7,1,0,0,0,1,0.2,3.9
22,4,03,22_03,reviewer,med,3.9,3.7,0,0,0,0,0,0,3.7
22,4,04,22_04,panelist,none,NA,3.7,1,0,0,1,1,-0.1,3.6
22,4,05,22_05,panelist,low,NA,3.7,1,0,1,0,0,0,3.7
22,4,06,22_06,panelist,low,NA,3.7,1,0,1,0,0,0,3.7
22,4,07,22_07,panelist,med,NA,3.7,1,0,0,0,0,0,3.7
22,4,08,22_08,panelist,none,NA,3.7,1,0,0,1,0,0,3.7
22,4,09,22_09,panelist,high,NA,3.7,1,1,0,0,1,-0.3,3.4
22,4,10,22_10,panelist,none,NA,3.7,1,0,0,1,1,0.3,4
22,4,11,22_11,panelist,none,NA,3.7,1,0,0,1,1,0.3,4
22,4,12,22_12,reviewer,none,3.3,3.7,0,0,0,1,1,-0.2,3.5
22,4,13,22_13,panelist,low,NA,3.7,1,0,1,0,0,0,3.7
22,4,14,22_14,panelist,none,NA,3.7,1,0,0,1,1,0.4,4.1
22,4,15,22_15,panelist,none,NA,3.7,1,0,0,1,1,-0.2,3.5
22,4,16,22_16,panelist,none,NA,3.7,1,0,0,1,1,-0.1,3.6
22,4,17,22_17,panelist,high,NA,3.7,1,1,0,0,1,-0.2,3.5
22,4,18,22_18,panelist,low,NA,3.7,1,0,1,0,0,0,3.7
22,4,19,22_19,panelist,low,NA,3.7,1,0,1,0,0,0,3.7
22,4,20,22_20,reviewer,none,3.9,3.7,0,0,0,1,1,-0.1,3.6
22,4,21,22_21,panelist,low,NA,3.7,1,0,1,0,0,0,3.7
22,4,22,22_22,panelist,low,NA,3.7,1,0,1,0,0,0,3.7
22,4,23,22_23,panelist,med,NA,3.7,1,0,0,0,1,-0.2,3.5
22,4,24,22_24,panelist,none,NA,3.7,1,0,0,1,0,0,3.7
22,6,01,22_01,panelist,med,NA,4.5,1,0,0,0,0,0,4.5
22,6,02,22_02,panelist,high,NA,4.5,1,1,0,0,0,0,4.5
22,6,03,22_03,panelist,med,NA,4.5,1,0,0,0,0,0,4.5
22,6,04,22_04,panelist,none,NA,4.5,1,0,0,1,0,0,4.5
22,6,05,22_05,panelist,none,NA,4.5,1,0,0,1,0,0,4.5
22,6,06,22_06,panelist,none,NA,4.5,1,0,0,1,0,0,4.5
22,6,07,22_07,panelist,low,NA,4.5,1,0,1,0,1,0.2,4.7
22,6,08,22_08,reviewer,low,4.6,4.5,0,0,1,0,0,0,4.5
22,6,09,22_09,panelist,none,NA,4.5,1,0,0,1,1,0.1,4.6
22,6,10,22_10,panelist,med,NA,4.5,1,0,0,0,1,0.1,4.6
22,6,11,22_11,panelist,none,NA,4.5,1,0,0,1,0,0,4.5
22,6,12,22_12,reviewer,none,4.5,4.5,0,0,0,1,0,0,4.5
22,6,13,22_13,panelist,low,NA,4.5,1,0,1,0,1,-0.3,4.2
22,6,14,22_14,reviewer,low,4.5,4.5,0,0,1,0,1,-0.1,4.4
22,6,15,22_15,panelist,med,NA,4.5,1,0,0,0,0,0,4.5
22,6,16,22_16,panelist,low,NA,4.5,1,0,1,0,1,-0.1,4.4
22,6,17,22_17,panelist,low,NA,4.5,1,0,1,0,0,0,4.5
22,6,18,22_18,panelist,high,NA,4.5,1,1,0,0,0,0,4.5
22,6,19,22_19,panelist,none,NA,4.5,1,0,0,1,0,0,4.5
22,6,20,22_20,panelist,med,NA,4.5,1,0,0,0,0,0,4.5
22,6,21,22_21,panelist,low,NA,4.5,1,0,1,0,1,-0.4,4.1
22,6,22,22_22,panelist,none,NA,4.5,1,0,0,1,0,0,4.5
22,6,23,22_23,panelist,none,NA,4.5,1,0,0,1,0,0,4.5
22,6,24,22_24,panelist,none,NA,4.5,1,0,0,1,1,-0.1,4.4
22,7,01,22_01,panelist,low,NA,4.6,1,0,1,0,0,0,4.6
22,7,02,22_02,panelist,low,NA,4.6,1,0,1,0,1,-0.1,4.5
22,7,03,22_03,panelist,med,NA,4.6,1,0,0,0,1,0.1,4.7
22,7,04,22_04,panelist,none,NA,4.6,1,0,0,1,0,0,4.6
22,7,05,22_05,panelist,none,NA,4.6,1,0,0,1,0,0,4.6
22,7,06,22_06,panelist,med,NA,4.6,1,0,0,0,1,0.3,4.9
22,7,07,22_07,reviewer,none,4.5,4.6,0,0,0,1,0,0,4.6
22,7,08,22_08,panelist,low,NA,4.6,1,0,1,0,0,0,4.6
22,7,09,22_09,panelist,none,NA,4.6,1,0,0,1,1,-0.2,4.4
22,7,10,22_10,panelist,none,NA,4.6,1,0,0,1,0,0,4.6
22,7,11,22_11,panelist,med,NA,4.6,1,0,0,0,1,0.2,4.8
22,7,12,22_12,panelist,low,NA,4.6,1,0,1,0,0,0,4.6
22,7,13,22_13,panelist,med,NA,4.6,1,0,0,0,0,0,4.6
22,7,14,22_14,reviewer,none,4.4,4.6,0,0,0,1,1,0.2,4.8
22,7,15,22_15,panelist,low,NA,4.6,1,0,1,0,0,0,4.6
22,7,16,22_16,panelist,low,NA,4.6,1,0,1,0,0,0,4.6
22,7,17,22_17,panelist,med,NA,4.6,1,0,0,0,1,-0.1,4.5
22,7,18,22_18,panelist,none,NA,4.6,1,0,0,1,0,0,4.6
22,7,19,22_19,panelist,high,NA,4.6,1,1,0,0,0,0,4.6
22,7,20,22_20,panelist,none,NA,4.6,1,0,0,1,1,-0.3,4.3
22,7,21,22_21,reviewer,none,4.8,4.6,0,0,0,1,0,0,4.6
22,7,22,22_22,panelist,high,NA,4.6,1,1,0,0,0,0,4.6
22,7,23,22_23,panelist,none,NA,4.6,1,0,0,1,0,0,4.6
22,7,24,22_24,panelist,low,NA,4.6,1,0,1,0,1,0.2,4.8
22,9,01,22_01,panelist,low,NA,4.1,1,0,1,0,0,0,4.1
22,9,02,22_02,panelist,med,NA,4.1,1,0,0,0,0,0,4.1
22,9,03,22_03,panelist,med,NA,4.1,1,0,0,0,0,0,4.1
22,9,04,22_04,panelist,none,NA,4.1,1,0,0,1,0,0,4.1
22,9,05,22_05,panelist,med,NA,4.1,1,0,0,0,0,0,4.1
22,9,06,22_06,panelist,none,NA,4.1,1,0,0,1,0,0,4.1
22,9,07,22_07,reviewer,none,4.1,4.1,0,0,0,1,0,0,4.1
22,9,08,22_08,panelist,low,NA,4.1,1,0,1,0,0,0,4.1
22,9,09,22_09,panelist,low,NA,4.1,1,0,1,0,0,0,4.1
22,9,10,22_10,panelist,none,NA,4.1,1,0,0,1,1,0.2,4.3
22,9,11,22_11,panelist,none,NA,4.1,1,0,0,1,1,-0.1,4
22,9,12,22_12,reviewer,med,4.2,4.1,0,0,0,0,0,0,4.1
22,9,13,22_13,panelist,none,NA,4.1,1,0,0,1,0,0,4.1
22,9,14,22_14,panelist,high,NA,4.1,1,1,0,0,0,0,4.1
22,9,15,22_15,panelist,low,NA,4.1,1,0,1,0,1,-0.2,3.9
22,9,16,22_16,panelist,low,NA,4.1,1,0,1,0,0,0,4.1
22,9,17,22_17,panelist,med,NA,4.1,1,0,0,0,0,0,4.1
22,9,18,22_18,panelist,none,NA,4.1,1,0,0,1,0,0,4.1
22,9,19,22_19,panelist,none,NA,4.1,1,0,0,1,0,0,4.1
22,9,20,22_20,panelist,high,NA,4.1,1,1,0,0,0,0,4.1
22,9,21,22_21,panelist,low,NA,4.1,1,0,1,0,0,0,4.1
22,9,22,22_22,panelist,low,NA,4.1,1,0,1,0,1,-0.1,4
22,9,23,22_23,reviewer,none,4.1,4.1,0,0,0,1,0,0,4.1
22,9,24,22_24,panelist,none,NA,4.1,1,0,0,1,0,0,4.1
22,15,01,22_01,panelist,med,NA,3.7,1,0,0,0,0,0,3.7
22,15,02,22_02,panelist,none,NA,3.7,1,0,0,1,0,0,3.7
22,15,03,22_03,reviewer,none,3.7,3.7,0,0,0,1,1,0.2,3.9
22,15,04,22_04,panelist,none,NA,3.7,1,0,0,1,0,0,3.7
22,15,05,22_05,panelist,none,NA,3.7,1,0,0,1,1,-0.1,3.6
22,15,06,22_06,panelist,low,NA,3.7,1,0,1,0,0,0,3.7
22,15,07,22_07,panelist,none,NA,3.7,1,0,0,1,1,0.1,3.8
22,15,08,22_08,panelist,none,NA,3.7,1,0,0,1,0,0,3.7
22,15,09,22_09,reviewer,low,3.7,3.7,0,0,1,0,0,0,3.7
22,15,10,22_10,panelist,high,NA,3.7,1,1,0,0,0,0,3.7
22,15,11,22_11,panelist,med,NA,3.7,1,0,0,0,0,0,3.7
22,15,12,22_12,panelist,none,NA,3.7,1,0,0,1,1,-0.1,3.6
22,15,13,22_13,panelist,low,NA,3.7,1,0,1,0,1,-0.1,3.6
22,15,14,22_14,panelist,med,NA,3.7,1,0,0,0,0,0,3.7
22,15,15,22_15,panelist,low,NA,3.7,1,0,1,0,0,0,3.7
22,15,16,22_16,panelist,none,NA,3.7,1,0,0,1,1,-0.2,3.5
22,15,17,22_17,panelist,none,NA,3.7,1,0,0,1,0,0,3.7
22,15,18,22_18,reviewer,none,3.7,3.7,0,0,0,1,0,0,3.7
22,15,19,22_19,panelist,med,NA,3.7,1,0,0,0,0,0,3.7
22,15,20,22_20,panelist,high,NA,3.7,1,1,0,0,1,0.1,3.8
22,15,21,22_21,panelist,med,NA,3.7,1,0,0,0,0,0,3.7
22,15,22,22_22,panelist,low,NA,3.7,1,0,1,0,0,0,3.7
22,15,23,22_23,panelist,low,NA,3.7,1,0,1,0,1,-0.2,3.5
22,15,24,22_24,panelist,low,NA,3.7,1,0,1,0,1,0.1,3.8
22,16,01,22_01,reviewer,none,4.1,4.1,0,0,0,1,1,-0.3,3.8
22,16,02,22_02,panelist,high,NA,4.1,1,1,0,0,0,0,4.1
22,16,03,22_03,panelist,med,NA,4.1,1,0,0,0,0,0,4.1
22,16,04,22_04,reviewer,none,4.5,4.1,0,0,0,1,0,0,4.1
22,16,05,22_05,panelist,none,NA,4.1,1,0,0,1,0,0,4.1
22,16,06,22_06,panelist,none,NA,4.1,1,0,0,1,1,0.1,4.2
22,16,07,22_07,panelist,high,NA,4.1,1,1,0,0,0,0,4.1
22,16,08,22_08,panelist,none,NA,4.1,1,0,0,1,1,0.1,4.2
22,16,09,22_09,panelist,med,NA,4.1,1,0,0,0,1,-0.2,3.9
22,16,10,22_10,panelist,none,NA,4.1,1,0,0,1,1,-0.1,4
22,16,11,22_11,panelist,none,NA,4.1,1,0,0,1,0,0,4.1
22,16,12,22_12,panelist,none,NA,4.1,1,0,0,1,1,-0.3,3.8
22,16,13,22_13,panelist,med,NA,4.1,1,0,0,0,0,0,4.1
22,16,14,22_14,panelist,low,NA,4.1,1,0,1,0,0,0,4.1
22,16,15,22_15,panelist,low,NA,4.1,1,0,1,0,0,0,4.1
22,16,16,22_16,reviewer,low,3.6,4.1,0,0,1,0,0,0,4.1
22,16,17,22_17,panelist,low,NA,4.1,1,0,1,0,1,-0.2,3.9
22,16,18,22_18,panelist,med,NA,4.1,1,0,0,0,0,0,4.1
22,16,19,22_19,panelist,low,NA,4.1,1,0,1,0,1,0.1,4.2
22,16,20,22_20,panelist,low,NA,4.1,1,0,1,0,1,-0.5,3.6
22,16,21,22_21,panelist,none,NA,4.1,1,0,0,1,0,0,4.1
22,16,22,22_22,panelist,med,NA,4.1,1,0,0,0,0,0,4.1
22,16,23,22_23,panelist,low,NA,4.1,1,0,1,0,0,0,4.1
22,16,24,22_24,panelist,none,NA,4.1,1,0,0,1,1,-0.1,4
22,18,01,22_01,panelist,high,NA,4.4,1,1,0,0,0,0,4.4
22,18,02,22_02,panelist,low,NA,4.4,1,0,1,0,1,-0.1,4.3
22,18,03,22_03,reviewer,low,4.4,4.4,0,0,1,0,1,0.2,4.6
22,18,04,22_04,panelist,none,NA,4.4,1,0,0,1,1,-0.5,3.9
22,18,05,22_05,panelist,none,NA,4.4,1,0,0,1,1,-0.1,4.3
22,18,06,22_06,panelist,low,NA,4.4,1,0,1,0,1,-0.1,4.3
22,18,07,22_07,panelist,low,NA,4.4,1,0,1,0,0,0,4.4
22,18,08,22_08,panelist,low,NA,4.4,1,0,1,0,0,0,4.4
22,18,09,22_09,panelist,med,NA,4.4,1,0,0,0,1,-0.2,4.2
22,18,10,22_10,panelist,med,NA,4.4,1,0,0,0,1,-0.1,4.3
22,18,11,22_11,panelist,low,NA,4.4,1,0,1,0,1,0.1,4.5
22,18,12,22_12,panelist,none,NA,4.4,1,0,0,1,0,0,4.4
22,18,13,22_13,panelist,none,NA,4.4,1,0,0,1,1,-0.2,4.2
22,18,14,22_14,panelist,none,NA,4.4,1,0,0,1,1,0.2,4.6
22,18,15,22_15,panelist,high,NA,4.4,1,1,0,0,0,0,4.4
22,18,16,22_16,reviewer,none,4.2,4.4,0,0,0,1,0,0,4.4
22,18,17,22_17,panelist,none,NA,4.4,1,0,0,1,0,0,4.4
22,18,18,22_18,reviewer,low,4.5,4.4,0,0,1,0,0,0,4.4
22,18,19,22_19,panelist,none,NA,4.4,1,0,0,1,1,0.1,4.5
22,18,20,22_20,panelist,med,NA,4.4,1,0,0,0,1,-0.2,4.2
22,18,21,22_21,panelist,med,NA,4.4,1,0,0,0,0,0,4.4
22,18,22,22_22,panelist,none,NA,4.4,1,0,0,1,0,0,4.4
22,18,23,22_23,panelist,med,NA,4.4,1,0,0,0,0,0,4.4
22,18,24,22_24,panelist,none,NA,4.4,1,0,0,1,1,0.1,4.5
22,20,01,22_01,panelist,none,NA,4,1,0,0,1,1,-0.1,3.9
22,20,02,22_02,panelist,none,NA,4,1,0,0,1,1,0.1,4.1
22,20,03,22_03,panelist,low,NA,4,1,0,1,0,0,0,4
22,20,04,22_04,panelist,none,NA,4,1,0,0,1,1,-0.3,3.7
22,20,05,22_05,reviewer,low,3.9,4,0,0,1,0,1,-0.2,3.8
22,20,06,22_06,panelist,med,NA,4,1,0,0,0,1,0.3,4.3
22,20,07,22_07,panelist,low,NA,4,1,0,1,0,1,0.3,4.3
22,20,08,22_08,panelist,none,NA,4,1,0,0,1,0,0,4
22,20,09,22_09,panelist,med,NA,4,1,0,0,0,0,0,4
22,20,10,22_10,panelist,high,NA,4,1,1,0,0,0,0,4
22,20,11,22_11,panelist,none,NA,4,1,0,0,1,0,0,4
22,20,12,22_12,panelist,low,NA,4,1,0,1,0,1,-0.2,3.8
22,20,13,22_13,panelist,high,NA,4,1,1,0,0,0,0,4
22,20,14,22_14,panelist,none,NA,4,1,0,0,1,1,-0.4,3.6
22,20,15,22_15,panelist,none,NA,4,1,0,0,1,1,0.1,4.1
22,20,16,22_16,panelist,med,NA,4,1,0,0,0,1,-0.1,3.9
22,20,17,22_17,panelist,low,NA,4,1,0,1,0,1,0.1,4.1
22,20,18,22_18,panelist,low,NA,4,1,0,1,0,1,0.2,4.2
22,20,19,22_19,panelist,none,NA,4,1,0,0,1,1,0.2,4.2
22,20,20,22_20,reviewer,low,4.3,4,0,0,1,0,0,0,4
22,20,21,22_21,reviewer,none,3.9,4,0,0,0,1,1,-0.2,3.8
22,20,22,22_22,panelist,none,NA,4,1,0,0,1,1,0.1,4.1
22,20,23,22_23,panelist,med,NA,4,1,0,0,0,0,0,4
22,20,24,22_24,panelist,med,NA,4,1,0,0,0,0,0,4
22,21,01,22_01,panelist,med,NA,3.6,1,0,0,0,0,0,3.6
22,21,02,22_02,panelist,none,NA,3.6,1,0,0,1,0,0,3.6
22,21,03,22_03,panelist,med,NA,3.6,1,0,0,0,0,0,3.6
22,21,04,22_04,panelist,med,NA,3.6,1,0,0,0,0,0,3.6
22,21,05,22_05,panelist,none,NA,3.6,1,0,0,1,1,-0.1,3.5
22,21,06,22_06,panelist,none,NA,3.6,1,0,0,1,1,0.1,3.7
22,21,07,22_07,panelist,low,NA,3.6,1,0,1,0,0,0,3.6
22,21,08,22_08,panelist,low,NA,3.6,1,0,1,0,0,0,3.6
22,21,09,22_09,panelist,none,NA,3.6,1,0,0,1,1,-0.2,3.4
22,21,10,22_10,reviewer,none,3.5,3.6,0,0,0,1,0,0,3.6
22,21,11,22_11,panelist,med,NA,3.6,1,0,0,0,0,0,3.6
22,21,12,22_12,reviewer,none,3.8,3.6,0,0,0,1,0,0,3.6
22,21,13,22_13,panelist,none,NA,3.6,1,0,0,1,1,-0.2,3.4
22,21,14,22_14,panelist,med,NA,3.6,1,0,0,0,0,0,3.6
22,21,15,22_15,panelist,high,NA,3.6,1,1,0,0,0,0,3.6
22,21,16,22_16,panelist,low,NA,3.6,1,0,1,0,0,0,3.6
22,21,17,22_17,reviewer,low,3.6,3.6,0,0,1,0,0,0,3.6
22,21,18,22_18,panelist,none,NA,3.6,1,0,0,1,1,0.1,3.7
22,21,19,22_19,panelist,low,NA,3.6,1,0,1,0,1,-0.3,3.3
22,21,20,22_20,panelist,high,NA,3.6,1,1,0,0,1,-0.1,3.5
22,21,21,22_21,panelist,low,NA,3.6,1,0,1,0,0,0,3.6
22,21,22,22_22,panelist,none,NA,3.6,1,0,0,1,1,0.2,3.8
22,21,23,22_23,panelist,low,NA,3.6,1,0,1,0,0,0,3.6
22,21,24,22_24,panelist,none,NA,3.6,1,0,0,1,1,0.1,3.7
22,22,01,22_01,panelist,none,NA,3.8,1,0,0,1,0,0,3.8
22,22,02,22_02,panelist,none,NA,3.8,1,0,0,1,1,-0.2,3.6
22,22,03,22_03,reviewer,low,3.6,3.8,0,0,1,0,0,0,3.8
22,22,04,22_04,panelist,none,NA,3.8,1,0,0,1,0,0,3.8
22,22,05,22_05,reviewer,med,4,3.8,0,0,0,0,0,0,3.8
22,22,06,22_06,panelist,low,NA,3.8,1,0,1,0,0,0,3.8
22,22,07,22_07,panelist,none,NA,3.8,1,0,0,1,1,-0.1,3.7
22,22,08,22_08,panelist,none,NA,3.8,1,0,0,1,0,0,3.8
22,22,09,22_09,panelist,none,NA,3.8,1,0,0,1,1,-0.2,3.6
22,22,10,22_10,panelist,med,NA,3.8,1,0,0,0,0,0,3.8
22,22,11,22_11,panelist,med,NA,3.8,1,0,0,0,1,-0.1,3.7
22,22,12,22_12,reviewer,low,3.9,3.8,0,0,1,0,1,-0.1,3.7
22,22,13,22_13,panelist,high,NA,3.8,1,1,0,0,0,0,3.8
22,22,14,22_14,panelist,low,NA,3.8,1,0,1,0,1,-0.2,3.6
22,22,15,22_15,panelist,none,NA,3.8,1,0,0,1,1,-0.3,3.5
22,22,16,22_16,panelist,med,NA,3.8,1,0,0,0,0,0,3.8
22,22,17,22_17,panelist,high,NA,3.8,1,1,0,0,0,0,3.8
22,22,18,22_18,panelist,low,NA,3.8,1,0,1,0,0,0,3.8
22,22,19,22_19,panelist,low,NA,3.8,1,0,1,0,0,0,3.8
22,22,20,22_20,panelist,low,NA,3.8,1,0,1,0,0,0,3.8
22,22,21,22_21,panelist,none,NA,3.8,1,0,0,1,0,0,3.8
22,22,22,22_22,panelist,med,NA,3.8,1,0,0,0,0,0,3.8
22,22,23,22_23,panelist,none,NA,3.8,1,0,0,1,0,0,3.8
22,22,24,22_24,panelist,none,NA,3.8,1,0,0,1,1,-0.2,3.6
22,23,01,22_01,reviewer,low,4,3.8,0,0,1,0,1,-0.4,3.4
22,23,02,22_02,panelist,high,NA,3.8,1,1,0,0,0,0,3.8
22,23,03,22_03,panelist,low,NA,3.8,1,0,1,0,0,0,3.8
22,23,04,22_04,panelist,low,NA,3.8,1,0,1,0,1,-0.4,3.4
22,23,05,22_05,panelist,none,NA,3.8,1,0,0,1,0,0,3.8
22,23,06,22_06,panelist,none,NA,3.8,1,0,0,1,0,0,3.8
22,23,07,22_07,panelist,high,NA,3.8,1,1,0,0,0,0,3.8
22,23,08,22_08,panelist,med,NA,3.8,1,0,0,0,0,0,3.8
22,23,09,22_09,panelist,low,NA,3.8,1,0,1,0,0,0,3.8
22,23,10,22_10,panelist,none,NA,3.8,1,0,0,1,0,0,3.8
22,23,11,22_11,panelist,med,NA,3.8,1,0,0,0,0,0,3.8
22,23,12,22_12,reviewer,none,3.9,3.8,0,0,0,1,1,-0.1,3.7
22,23,13,22_13,panelist,none,NA,3.8,1,0,0,1,1,0.1,3.9
22,23,14,22_14,panelist,med,NA,3.8,1,0,0,0,0,0,3.8
22,23,15,22_15,panelist,none,NA,3.8,1,0,0,1,1,-0.1,3.7
22,23,16,22_16,panelist,low,NA,3.8,1,0,1,0,1,-0.1,3.7
22,23,17,22_17,panelist,med,NA,3.8,1,0,0,0,1,-0.3,3.5
22,23,18,22_18,panelist,none,NA,3.8,1,0,0,1,1,0.2,4
22,23,19,22_19,reviewer,none,3.6,3.8,0,0,0,1,0,0,3.8
22,23,20,22_20,panelist,low,NA,3.8,1,0,1,0,0,0,3.8
22,23,21,22_21,panelist,med,NA,3.8,1,0,0,0,0,0,3.8
22,23,22,22_22,panelist,none,NA,3.8,1,0,0,1,0,0,3.8
22,23,23,22_23,panelist,none,NA,3.8,1,0,0,1,0,0,3.8
22,23,24,22_24,panelist,low,NA,3.8,1,0,1,0,1,-0.1,3.7
22,25,01,22_01,panelist,none,NA,3.9,1,0,0,1,0,0,3.9
22,25,02,22_02,panelist,med,NA,3.9,1,0,0,0,0,0,3.9
22,25,03,22_03,panelist,low,NA,3.9,1,0,1,0,1,0.2,4.1
22,25,04,22_04,panelist,low,NA,3.9,1,0,1,0,0,0,3.9
22,25,05,22_05,panelist,low,NA,3.9,1,0,1,0,1,-0.4,3.5
22,25,06,22_06,panelist,low,NA,3.9,1,0,1,0,1,-0.1,3.8
22,25,07,22_07,panelist,med,NA,3.9,1,0,0,0,0,0,3.9
22,25,08,22_08,reviewer,high,3.9,3.9,0,1,0,0,0,0,3.9
22,25,09,22_09,panelist,low,NA,3.9,1,0,1,0,0,0,3.9
22,25,10,22_10,panelist,none,NA,3.9,1,0,0,1,1,-0.1,3.8
22,25,11,22_11,panelist,none,NA,3.9,1,0,0,1,1,0.4,4.3
22,25,12,22_12,panelist,none,NA,3.9,1,0,0,1,0,0,3.9
22,25,13,22_13,panelist,none,NA,3.9,1,0,0,1,1,0.2,4.1
22,25,14,22_14,reviewer,none,3.4,3.9,0,0,0,1,0,0,3.9
22,25,15,22_15,panelist,low,NA,3.9,1,0,1,0,0,0,3.9
22,25,16,22_16,panelist,med,NA,3.9,1,0,0,0,1,-0.3,3.6
22,25,17,22_17,panelist,med,NA,3.9,1,0,0,0,0,0,3.9
22,25,18,22_18,panelist,high,NA,3.9,1,1,0,0,1,0.1,4
22,25,19,22_19,panelist,none,NA,3.9,1,0,0,1,1,0.1,4
22,25,20,22_20,panelist,low,NA,3.9,1,0,1,0,0,0,3.9
22,25,21,22_21,panelist,med,NA,3.9,1,0,0,0,1,-0.1,3.8
22,25,22,22_22,reviewer,none,4.3,3.9,0,0,0,1,1,0.1,4
22,25,23,22_23,panelist,none,NA,3.9,1,0,0,1,1,-0.1,3.8
22,25,24,22_24,panelist,none,NA,3.9,1,0,0,1,0,0,3.9
22,26,01,22_01,panelist,low,NA,4.1,1,0,1,0,1,-0.2,3.9
22,26,02,22_02,panelist,none,NA,4.1,1,0,0,1,0,0,4.1
22,26,03,22_03,panelist,high,NA,4.1,1,1,0,0,1,-0.1,4
22,26,04,22_04,reviewer,none,4.2,4.1,0,0,0,1,0,0,4.1
22,26,05,22_05,panelist,low,NA,4.1,1,0,1,0,0,0,4.1
22,26,06,22_06,panelist,none,NA,4.1,1,0,0,1,1,-0.1,4
22,26,07,22_07,panelist,high,NA,4.1,1,1,0,0,1,-0.1,4
22,26,08,22_08,panelist,none,NA,4.1,1,0,0,1,0,0,4.1
22,26,09,22_09,reviewer,med,4.1,4.1,0,0,0,0,0,0,4.1
22,26,10,22_10,panelist,low,NA,4.1,1,0,1,0,1,0.2,4.3
22,26,11,22_11,panelist,none,NA,4.1,1,0,0,1,0,0,4.1
22,26,12,22_12,reviewer,med,4,4.1,0,0,0,0,0,0,4.1
22,26,13,22_13,panelist,none,NA,4.1,1,0,0,1,1,0.3,4.4
22,26,14,22_14,panelist,low,NA,4.1,1,0,1,0,1,0.1,4.2
22,26,15,22_15,panelist,low,NA,4.1,1,0,1,0,0,0,4.1
22,26,16,22_16,panelist,low,NA,4.1,1,0,1,0,0,0,4.1
22,26,17,22_17,panelist,med,NA,4.1,1,0,0,0,1,-0.1,4
22,26,18,22_18,panelist,med,NA,4.1,1,0,0,0,1,-0.1,4
22,26,19,22_19,panelist,med,NA,4.1,1,0,0,0,1,0.2,4.3
22,26,20,22_20,panelist,none,NA,4.1,1,0,0,1,0,0,4.1
22,26,21,22_21,panelist,none,NA,4.1,1,0,0,1,0,0,4.1
22,26,22,22_22,panelist,low,NA,4.1,1,0,1,0,1,0.1,4.2
22,26,23,22_23,panelist,none,NA,4.1,1,0,0,1,1,-0.2,3.9
22,26,24,22_24,panelist,none,NA,4.1,1,0,0,1,1,0.1,4.2
22,28,01,22_01,panelist,none,NA,4.1,1,0,0,1,0,0,4.1
22,28,02,22_02,panelist,low,NA,4.1,1,0,1,0,0,0,4.1
22,28,03,22_03,panelist,none,NA,4.1,1,0,0,1,0,0,4.1
22,28,04,22_04,panelist,low,NA,4.1,1,0,1,0,1,-0.3,3.8
22,28,05,22_05,reviewer,none,4.1,4.1,0,0,0,1,1,0.4,4.5
22,28,06,22_06,panelist,none,NA,4.1,1,0,0,1,0,0,4.1
22,28,07,22_07,panelist,med,NA,4.1,1,0,0,0,0,0,4.1
22,28,08,22_08,panelist,low,NA,4.1,1,0,1,0,0,0,4.1
22,28,09,22_09,panelist,med,NA,4.1,1,0,0,0,1,-0.1,4
22,28,10,22_10,panelist,low,NA,4.1,1,0,1,0,0,0,4.1
22,28,11,22_11,reviewer,low,4.4,4.1,0,0,1,0,0,0,4.1
22,28,12,22_12,panelist,none,NA,4.1,1,0,0,1,0,0,4.1
22,28,13,22_13,panelist,med,NA,4.1,1,0,0,0,0,0,4.1
22,28,14,22_14,panelist,low,NA,4.1,1,0,1,0,1,0.2,4.3
22,28,15,22_15,panelist,none,NA,4.1,1,0,0,1,0,0,4.1
22,28,16,22_16,panelist,none,NA,4.1,1,0,0,1,1,-0.3,3.8
22,28,17,22_17,panelist,none,NA,4.1,1,0,0,1,0,0,4.1
22,28,18,22_18,panelist,none,NA,4.1,1,0,0,1,0,0,4.1
22,28,19,22_19,panelist,low,NA,4.1,1,0,1,0,1,0.1,4.2
22,28,20,22_20,panelist,high,NA,4.1,1,1,0,0,0,0,4.1
22,28,21,22_21,reviewer,none,3.8,4.1,0,0,0,1,0,0,4.1
22,28,22,22_22,panelist,high,NA,4.1,1,1,0,0,0,0,4.1
22,28,23,22_23,panelist,med,NA,4.1,1,0,0,0,0,0,4.1
22,28,24,22_24,panelist,med,NA,4.1,1,0,0,0,0,0,4.1
22,29,01,22_01,panelist,low,NA,3.8,1,0,1,0,0,0,3.8
22,29,02,22_02,panelist,low,NA,3.8,1,0,1,0,1,-0.3,3.5
22,29,03,22_03,reviewer,low,3.7,3.8,0,0,1,0,1,0.4,4.2
22,29,04,22_04,panelist,none,NA,3.8,1,0,0,1,0,0,3.8
22,29,05,22_05,panelist,none,NA,3.8,1,0,0,1,0,0,3.8
22,29,06,22_06,panelist,low,NA,3.8,1,0,1,0,1,-0.1,3.7
22,29,07,22_07,panelist,high,NA,3.8,1,1,0,0,0,0,3.8
22,29,08,22_08,panelist,low,NA,3.8,1,0,1,0,0,0,3.8
22,29,09,22_09,reviewer,low,3.8,3.8,0,0,1,0,1,-0.2,3.6
22,29,10,22_10,panelist,none,NA,3.8,1,0,0,1,0,0,3.8
22,29,11,22_11,panelist,med,NA,3.8,1,0,0,0,0,0,3.8
22,29,12,22_12,panelist,med,NA,3.8,1,0,0,0,0,0,3.8
22,29,13,22_13,panelist,med,NA,3.8,1,0,0,0,1,0.1,3.9
22,29,14,22_14,panelist,none,NA,3.8,1,0,0,1,0,0,3.8
22,29,15,22_15,panelist,none,NA,3.8,1,0,0,1,1,0.1,3.9
22,29,16,22_16,panelist,low,NA,3.8,1,0,1,0,0,0,3.8
22,29,17,22_17,reviewer,med,4,3.8,0,0,0,0,0,0,3.8
22,29,18,22_18,panelist,none,NA,3.8,1,0,0,1,0,0,3.8
22,29,19,22_19,panelist,none,NA,3.8,1,0,0,1,1,-0.1,3.7
22,29,20,22_20,panelist,none,NA,3.8,1,0,0,1,0,0,3.8
22,29,21,22_21,panelist,none,NA,3.8,1,0,0,1,1,-0.1,3.7
22,29,22,22_22,panelist,med,NA,3.8,1,0,0,0,0,0,3.8
22,29,23,22_23,panelist,none,NA,3.8,1,0,0,1,0,0,3.8
22,29,24,22_24,panelist,high,NA,3.8,1,1,0,0,0,0,3.8
23,1,01,23_01,panelist,none,NA,4.1,1,0,0,1,0,0,4.1
23,1,02,23_02,reviewer,none,4.1,4.1,0,0,0,1,1,-0.1,4
23,1,03,23_03,panelist,med,NA,4.1,1,0,0,0,0,0,4.1
23,1,04,23_04,panelist,high,NA,4.1,1,1,0,0,0,0,4.1
23,1,05,23_05,panelist,high,NA,4.1,1,1,0,0,0,0,4.1
23,1,06,23_06,panelist,none,NA,4.1,1,0,0,1,0,0,4.1
23,1,07,23_07,panelist,med,NA,4.1,1,0,0,0,1,0.1,4.2
23,1,08,23_08,reviewer,low,4,4.1,0,0,1,0,0,0,4.1
23,1,09,23_09,panelist,none,NA,4.1,1,0,0,1,0,0,4.1
23,1,10,23_10,panelist,none,NA,4.1,1,0,0,1,0,0,4.1
23,1,11,23_11,panelist,none,NA,4.1,1,0,0,1,1,0.3,4.4
23,1,12,23_12,panelist,none,NA,4.1,1,0,0,1,0,0,4.1
23,1,13,23_13,panelist,none,NA,4.1,1,0,0,1,0,0,4.1
23,1,14,23_14,panelist,low,NA,4.1,1,0,1,0,0,0,4.1
23,1,15,23_15,panelist,low,NA,4.1,1,0,1,0,0,0,4.1
23,1,16,23_16,panelist,med,NA,4.1,1,0,0,0,0,0,4.1
23,1,17,23_17,panelist,low,NA,4.1,1,0,1,0,1,0.1,4.2
23,1,18,23_18,panelist,low,NA,4.1,1,0,1,0,0,0,4.1
23,1,19,23_19,reviewer,low,4.2,4.1,0,0,1,0,0,0,4.1
23,1,20,23_20,panelist,low,NA,4.1,1,0,1,0,0,0,4.1
23,1,21,23_21,panelist,med,NA,4.1,1,0,0,0,0,0,4.1
23,1,22,23_22,panelist,med,NA,4.1,1,0,0,0,0,0,4.1
23,1,23,23_23,panelist,none,NA,4.1,1,0,0,1,0,0,4.1
23,1,24,23_24,panelist,none,NA,4.1,1,0,0,1,0,0,4.1
23,3,01,23_01,reviewer,low,4.4,4.2,0,0,1,0,1,-0.2,4
23,3,02,23_02,panelist,none,NA,4.2,1,0,0,1,1,0.2,4.4
23,3,03,23_03,panelist,low,NA,4.2,1,0,1,0,0,0,4.2
23,3,04,23_04,panelist,none,NA,4.2,1,0,0,1,1,0.1,4.3
23,3,05,23_05,panelist,none,NA,4.2,1,0,0,1,0,0,4.2
23,3,06,23_06,panelist,none,NA,4.2,1,0,0,1,1,0.4,4.6
23,3,07,23_07,panelist,none,NA,4.2,1,0,0,1,1,0.2,4.4
23,3,08,23_08,panelist,med,NA,4.2,1,0,0,0,0,0,4.2
23,3,09,23_09,panelist,med,NA,4.2,1,0,0,0,1,-0.3,3.9
23,3,10,23_10,panelist,med,NA,4.2,1,0,0,0,0,0,4.2
23,3,11,23_11,panelist,low,NA,4.2,1,0,1,0,0,0,4.2
23,3,12,23_12,panelist,low,NA,4.2,1,0,1,0,1,0.5,4.7
23,3,13,23_13,panelist,low,NA,4.2,1,0,1,0,1,0.4,4.6
23,3,14,23_14,panelist,none,NA,4.2,1,0,0,1,0,0,4.2
23,3,15,23_15,panelist,none,NA,4.2,1,0,0,1,1,-0.1,4.1
23,3,16,23_16,panelist,none,NA,4.2,1,0,0,1,1,-0.2,4
23,3,17,23_17,panelist,none,NA,4.2,1,0,0,1,0,0,4.2
23,3,18,23_18,panelist,low,NA,4.2,1,0,1,0,1,-0.1,4.1
23,3,19,23_19,reviewer,med,4.1,4.2,0,0,0,0,0,0,4.2
23,3,20,23_20,panelist,high,NA,4.2,1,1,0,0,1,-0.1,4.1
23,3,21,23_21,panelist,none,NA,4.2,1,0,0,1,1,-0.1,4.1
23,3,22,23_22,reviewer,low,4.2,4.2,0,0,1,0,1,-0.4,3.8
23,3,23,23_23,panelist,med,NA,4.2,1,0,0,0,0,0,4.2
23,3,24,23_24,panelist,high,NA,4.2,1,1,0,0,0,0,4.2
23,7,01,23_01,panelist,med,NA,3.5,1,0,0,0,0,0,3.5
23,7,02,23_02,panelist,med,NA,3.5,1,0,0,0,1,0.1,3.6
23,7,03,23_03,panelist,med,NA,3.5,1,0,0,0,0,0,3.5
23,7,04,23_04,panelist,none,NA,3.5,1,0,0,1,0,0,3.5
23,7,05,23_05,reviewer,high,3.3,3.5,0,1,0,0,0,0,3.5
23,7,06,23_06,panelist,none,NA,3.5,1,0,0,1,0,0,3.5
23,7,07,23_07,panelist,low,NA,3.5,1,0,1,0,1,-0.2,3.3
23,7,08,23_08,panelist,none,NA,3.5,1,0,0,1,1,0.5,4
23,7,09,23_09,panelist,low,NA,3.5,1,0,1,0,0,0,3.5
23,7,10,23_10,panelist,none,NA,3.5,1,0,0,1,1,0.2,3.7
23,7,11,23_11,panelist,none,NA,3.5,1,0,0,1,0,0,3.5
23,7,12,23_12,panelist,low,NA,3.5,1,0,1,0,1,0.1,3.6
23,7,13,23_13,panelist,none,NA,3.5,1,0,0,1,1,0.3,3.8
23,7,14,23_14,panelist,med,NA,3.5,1,0,0,0,0,0,3.5
23,7,15,23_15,reviewer,none,3.5,3.5,0,0,0,1,1,-0.1,3.4
23,7,16,23_16,panelist,low,NA,3.5,1,0,1,0,1,0.1,3.6
23,7,17,23_17,panelist,none,NA,3.5,1,0,0,1,0,0,3.5
23,7,18,23_18,panelist,none,NA,3.5,1,0,0,1,0,0,3.5
23,7,19,23_19,panelist,low,NA,3.5,1,0,1,0,1,0.1,3.6
23,7,20,23_20,reviewer,med,3.6,3.5,0,0,0,0,1,-0.1,3.4
23,7,21,23_21,panelist,low,NA,3.5,1,0,1,0,0,0,3.5
23,7,22,23_22,panelist,none,NA,3.5,1,0,0,1,1,-0.2,3.3
23,7,23,23_23,panelist,low,NA,3.5,1,0,1,0,0,0,3.5
23,7,24,23_24,panelist,high,NA,3.5,1,1,0,0,1,-0.3,3.2
23,9,01,23_01,panelist,none,NA,3.8,1,0,0,1,1,-0.2,3.6
23,9,02,23_02,panelist,none,NA,3.8,1,0,0,1,0,0,3.8
23,9,03,23_03,panelist,high,NA,3.8,1,1,0,0,0,0,3.8
23,9,04,23_04,panelist,low,NA,3.8,1,0,1,0,1,0.1,3.9
23,9,05,23_05,panelist,low,NA,3.8,1,0,1,0,0,0,3.8
23,9,06,23_06,panelist,low,NA,3.8,1,0,1,0,0,0,3.8
23,9,07,23_07,panelist,low,NA,3.8,1,0,1,0,0,0,3.8
23,9,08,23_08,panelist,none,NA,3.8,1,0,0,1,1,0.2,4
23,9,09,23_09,panelist,low,NA,3.8,1,0,1,0,0,0,3.8
23,9,10,23_10,panelist,low,NA,3.8,1,0,1,0,0,0,3.8
23,9,11,23_11,panelist,none,NA,3.8,1,0,0,1,1,0.1,3.9
23,9,12,23_12,panelist,none,NA,3.8,1,0,0,1,0,0,3.8
23,9,13,23_13,panelist,none,NA,3.8,1,0,0,1,0,0,3.8
23,9,14,23_14,panelist,med,NA,3.8,1,0,0,0,0,0,3.8
23,9,15,23_15,reviewer,none,3.6,3.8,0,0,0,1,1,0.1,3.9
23,9,16,23_16,panelist,none,NA,3.8,1,0,0,1,1,0.2,4
23,9,17,23_17,panelist,med,NA,3.8,1,0,0,0,1,-0.2,3.6
23,9,18,23_18,panelist,med,NA,3.8,1,0,0,0,0,0,3.8
23,9,19,23_19,panelist,med,NA,3.8,1,0,0,0,1,0.1,3.9
23,9,20,23_20,panelist,med,NA,3.8,1,0,0,0,0,0,3.8
23,9,21,23_21,panelist,none,NA,3.8,1,0,0,1,0,0,3.8
23,9,22,23_22,reviewer,none,4,3.8,0,0,0,1,0,0,3.8
23,9,23,23_23,panelist,low,NA,3.8,1,0,1,0,0,0,3.8
23,9,24,23_24,reviewer,high,3.8,3.8,0,1,0,0,1,-0.3,3.5
23,11,01,23_01,panelist,low,NA,3.6,1,0,1,0,0,0,3.6
23,11,02,23_02,panelist,none,NA,3.6,1,0,0,1,1,0.2,3.8
23,11,03,23_03,reviewer,low,3.6,3.6,0,0,1,0,1,0.1,3.7
23,11,04,23_04,panelist,low,NA,3.6,1,0,1,0,1,0.3,3.9
23,11,05,23_05,panelist,low,NA,3.6,1,0,1,0,0,0,3.6
23,11,06,23_06,panelist,none,NA,3.6,1,0,0,1,0,0,3.6
23,11,07,23_07,panelist,none,NA,3.6,1,0,0,1,1,-0.3,3.3
23,11,08,23_08,panelist,high,NA,3.6,1,1,0,0,0,0,3.6
23,11,09,23_09,panelist,med,NA,3.6,1,0,0,0,0,0,3.6
23,11,10,23_10,panelist,none,NA,3.6,1,0,0,1,1,0.1,3.7
23,11,11,23_11,panelist,none,NA,3.6,1,0,0,1,0,0,3.6
23,11,12,23_12,panelist,none,NA,3.6,1,0,0,1,1,-0.1,3.5
23,11,13,23_13,panelist,med,NA,3.6,1,0,0,0,0,0,3.6
23,11,14,23_14,panelist,med,NA,3.6,1,0,0,0,1,-0.2,3.4
23,11,15,23_15,panelist,low,NA,3.6,1,0,1,0,0,0,3.6
23,11,16,23_16,panelist,med,NA,3.6,1,0,0,0,1,0.1,3.7
23,11,17,23_17,panelist,none,NA,3.6,1,0,0,1,0,0,3.6
23,11,18,23_18,panelist,none,NA,3.6,1,0,0,1,0,0,3.6
23,11,19,23_19,reviewer,med,3.4,3.6,0,0,0,0,1,-0.4,3.2
23,11,20,23_20,panelist,low,NA,3.6,1,0,1,0,0,0,3.6
23,11,21,23_21,panelist,low,NA,3.6,1,0,1,0,0,0,3.6
23,11,22,23_22,panelist,none,NA,3.6,1,0,0,1,1,-0.4,3.2
23,11,23,23_23,reviewer,high,3.7,3.6,0,1,0,0,1,-0.4,3.2
23,11,24,23_24,panelist,none,NA,3.6,1,0,0,1,0,0,3.6
23,15,01,23_01,panelist,low,NA,3.9,1,0,1,0,1,-0.2,3.7
23,15,02,23_02,panelist,none,NA,3.9,1,0,0,1,0,0,3.9
23,15,03,23_03,panelist,high,NA,3.9,1,1,0,0,0,0,3.9
23,15,04,23_04,reviewer,none,4,3.9,0,0,0,1,0,0,3.9
23,15,05,23_05,panelist,med,NA,3.9,1,0,0,0,0,0,3.9
23,15,06,23_06,panelist,none,NA,3.9,1,0,0,1,1,0.4,4.3
23,15,07,23_07,panelist,low,NA,3.9,1,0,1,0,1,0.1,4
23,15,08,23_08,panelist,med,NA,3.9,1,0,0,0,0,0,3.9
23,15,09,23_09,panelist,low,NA,3.9,1,0,1,0,1,0.2,4.1
23,15,10,23_10,panelist,none,NA,3.9,1,0,0,1,1,0.2,4.1
23,15,11,23_11,panelist,none,NA,3.9,1,0,0,1,1,0.2,4.1
23,15,12,23_12,reviewer,low,3.8,3.9,0,0,1,0,0,0,3.9
23,15,13,23_13,reviewer,none,3.9,3.9,0,0,0,1,1,0.1,4
23,15,14,23_14,panelist,high,NA,3.9,1,1,0,0,0,0,3.9
23,15,15,23_15,panelist,low,NA,3.9,1,0,1,0,1,0.2,4.1
23,15,16,23_16,panelist,none,NA,3.9,1,0,0,1,0,0,3.9
23,15,17,23_17,panelist,none,NA,3.9,1,0,0,1,1,-0.3,3.6
23,15,18,23_18,panelist,med,NA,3.9,1,0,0,0,1,-0.1,3.8
23,15,19,23_19,panelist,none,NA,3.9,1,0,0,1,1,-0.1,3.8
23,15,20,23_20,panelist,low,NA,3.9,1,0,1,0,1,-0.2,3.7
23,15,21,23_21,panelist,none,NA,3.9,1,0,0,1,0,0,3.9
23,15,22,23_22,panelist,med,NA,3.9,1,0,0,0,0,0,3.9
23,15,23,23_23,panelist,low,NA,3.9,1,0,1,0,0,0,3.9
23,15,24,23_24,panelist,med,NA,3.9,1,0,0,0,0,0,3.9
23,17,01,23_01,panelist,none,NA,3.9,1,0,0,1,1,-0.3,3.6
23,17,02,23_02,panelist,med,NA,3.9,1,0,0,0,1,0.1,4
23,17,03,23_03,panelist,low,NA,3.9,1,0,1,0,1,0.3,4.2
23,17,04,23_04,panelist,high,NA,3.9,1,1,0,0,0,0,3.9
23,17,05,23_05,panelist,med,NA,3.9,1,0,0,0,0,0,3.9
23,17,06,23_06,panelist,none,NA,3.9,1,0,0,1,1,0.2,4.1
23,17,07,23_07,reviewer,none,3.7,3.9,0,0,0,1,0,0,3.9
23,17,08,23_08,panelist,none,NA,3.9,1,0,0,1,0,0,3.9
23,17,09,23_09,reviewer,low,4.1,3.9,0,0,1,0,1,0.2,4.1
23,17,10,23_10,panelist,med,NA,3.9,1,0,0,0,1,-0.2,3.7
23,17,11,23_11,panelist,high,NA,3.9,1,1,0,0,0,0,3.9
23,17,12,23_12,panelist,none,NA,3.9,1,0,0,1,1,0.5,4.4
23,17,13,23_13,panelist,none,NA,3.9,1,0,0,1,0,0,3.9
23,17,14,23_14,panelist,low,NA,3.9,1,0,1,0,0,0,3.9
23,17,15,23_15,panelist,none,NA,3.9,1,0,0,1,1,-0.2,3.7
23,17,16,23_16,panelist,none,NA,3.9,1,0,0,1,0,0,3.9
23,17,17,23_17,panelist,none,NA,3.9,1,0,0,1,0,0,3.9
23,17,18,23_18,reviewer,low,3.8,3.9,0,0,1,0,0,0,3.9
23,17,19,23_19,panelist,low,NA,3.9,1,0,1,0,0,0,3.9
23,17,20,23_20,panelist,med,NA,3.9,1,0,0,0,0,0,3.9
23,17,21,23_21,panelist,med,NA,3.9,1,0,0,0,0,0,3.9
23,17,22,23_22,panelist,low,NA,3.9,1,0,1,0,0,0,3.9
23,17,23,23_23,panelist,none,NA,3.9,1,0,0,1,0,0,3.9
23,17,24,23_24,panelist,low,NA,3.9,1,0,1,0,1,-0.1,3.8
23,19,01,23_01,panelist,med,NA,3.7,1,0,0,0,0,0,3.7
23,19,02,23_02,panelist,med,NA,3.7,1,0,0,0,1,0.2,3.9
23,19,03,23_03,panelist,med,NA,3.7,1,0,0,0,1,0.5,4.2
23,19,04,23_04,reviewer,low,3.6,3.7,0,0,1,0,0,0,3.7
23,19,05,23_05,reviewer,none,3.8,3.7,0,0,0,1,0,0,3.7
23,19,06,23_06,panelist,none,NA,3.7,1,0,0,1,1,0.2,3.9
23,19,07,23_07,panelist,none,NA,3.7,1,0,0,1,0,0,3.7
23,19,08,23_08,panelist,high,NA,3.7,1,1,0,0,1,0.1,3.8
23,19,09,23_09,panelist,none,NA,3.7,1,0,0,1,1,0.3,4
23,19,10,23_10,panelist,low,NA,3.7,1,0,1,0,1,0.1,3.8
23,19,11,23_11,panelist,none,NA,3.7,1,0,0,1,1,-0.2,3.5
23,19,12,23_12,panelist,med,NA,3.7,1,0,0,0,1,0.4,4.1
23,19,13,23_13,panelist,none,NA,3.7,1,0,0,1,1,0.4,4.1
23,19,14,23_14,panelist,low,NA,3.7,1,0,1,0,0,0,3.7
23,19,15,23_15,panelist,none,NA,3.7,1,0,0,1,1,-0.1,3.6
23,19,16,23_16,panelist,none,NA,3.7,1,0,0,1,1,0.3,4
23,19,17,23_17,panelist,low,NA,3.7,1,0,1,0,0,0,3.7
23,19,18,23_18,panelist,low,NA,3.7,1,0,1,0,1,-0.1,3.6
23,19,19,23_19,panelist,none,NA,3.7,1,0,0,1,0,0,3.7
23,19,20,23_20,panelist,low,NA,3.7,1,0,1,0,1,0.1,3.8
23,19,21,23_21,panelist,med,NA,3.7,1,0,0,0,0,0,3.7
23,19,22,23_22,panelist,high,NA,3.7,1,1,0,0,1,-0.3,3.4
23,19,23,23_23,panelist,low,NA,3.7,1,0,1,0,1,-0.2,3.5
23,19,24,23_24,reviewer,none,3.7,3.7,0,0,0,1,0,0,3.7
23,20,01,23_01,panelist,none,NA,3.9,1,0,0,1,1,-0.2,3.7
23,20,02,23_02,panelist,med,NA,3.9,1,0,0,0,0,0,3.9
23,20,03,23_03,panelist,none,NA,3.9,1,0,0,1,1,0.3,4.2
23,20,04,23_04,panelist,none,NA,3.9,1,0,0,1,1,0.3,4.2
23,20,05,23_05,panelist,low,NA,3.9,1,0,1,0,1,-0.1,3.8
23,20,06,23_06,panelist,low,NA,3.9,1,0,1,0,0,0,3.9
23,20,07,23_07,panelist,low,NA,3.9,1,0,1,0,0,0,3.9
23,20,08,23_08,reviewer,none,3.9,3.9,0,0,0,1,0,0,3.9
23,20,09,23_09,panelist,none,NA,3.9,1,0,0,1,1,-0.1,3.8
23,20,10,23_10,panelist,med,NA,3.9,1,0,0,0,0,0,3.9
23,20,11,23_11,panelist,high,NA,3.9,1,1,0,0,0,0,3.9
23,20,12,23_12,panelist,none,NA,3.9,1,0,0,1,0,0,3.9
23,20,13,23_13,panelist,high,NA,3.9,1,1,0,0,1,-0.1,3.8
23,20,14,23_14,panelist,med,NA,3.9,1,0,0,0,0,0,3.9
23,20,15,23_15,panelist,low,NA,3.9,1,0,1,0,0,0,3.9
23,20,16,23_16,panelist,none,NA,3.9,1,0,0,1,0,0,3.9
23,20,17,23_17,panelist,none,NA,3.9,1,0,0,1,1,-0.1,3.8
23,20,18,23_18,panelist,low,NA,3.9,1,0,1,0,1,0.4,4.3
23,20,19,23_19,panelist,low,NA,3.9,1,0,1,0,1,-0.2,3.7
23,20,20,23_20,panelist,none,NA,3.9,1,0,0,1,1,-0.1,3.8
23,20,21,23_21,panelist,none,NA,3.9,1,0,0,1,0,0,3.9
23,20,22,23_22,reviewer,low,3.9,3.9,0,0,1,0,0,0,3.9
23,20,23,23_23,panelist,med,NA,3.9,1,0,0,0,0,0,3.9
23,20,24,23_24,reviewer,med,4,3.9,0,0,0,0,0,0,3.9
23,22,01,23_01,reviewer,high,3.6,3.9,0,1,0,0,0,0,3.9
23,22,02,23_02,panelist,low,NA,3.9,1,0,1,0,1,0.1,4
23,22,03,23_03,reviewer,low,4.1,3.9,0,0,1,0,0,0,3.9
23,22,04,23_04,reviewer,none,4.1,3.9,0,0,0,1,0,0,3.9
23,22,05,23_05,panelist,med,NA,3.9,1,0,0,0,0,0,3.9
23,22,06,23_06,panelist,med,NA,3.9,1,0,0,0,0,0,3.9
23,22,07,23_07,panelist,med,NA,3.9,1,0,0,0,0,0,3.9
23,22,08,23_08,panelist,none,NA,3.9,1,0,0,1,0,0,3.9
23,22,09,23_09,panelist,none,NA,3.9,1,0,0,1,1,-0.1,3.8
23,22,10,23_10,panelist,low,NA,3.9,1,0,1,0,0,0,3.9
23,22,11,23_11,panelist,low,NA,3.9,1,0,1,0,1,0.1,4
23,22,12,23_12,panelist,low,NA,3.9,1,0,1,0,0,0,3.9
23,22,13,23_13,panelist,none,NA,3.9,1,0,0,1,0,0,3.9
23,22,14,23_14,panelist,none,NA,3.9,1,0,0,1,0,0,3.9
23,22,15,23_15,panelist,low,NA,3.9,1,0,1,0,0,0,3.9
23,22,16,23_16,panelist,low,NA,3.9,1,0,1,0,0,0,3.9
23,22,17,23_17,panelist,none,NA,3.9,1,0,0,1,0,0,3.9
23,22,18,23_18,panelist,high,NA,3.9,1,1,0,0,0,0,3.9
23,22,19,23_19,panelist,none,NA,3.9,1,0,0,1,0,0,3.9
23,22,20,23_20,panelist,med,NA,3.9,1,0,0,0,0,0,3.9
23,22,21,23_21,panelist,none,NA,3.9,1,0,0,1,0,0,3.9
23,22,22,23_22,panelist,med,NA,3.9,1,0,0,0,0,0,3.9
23,22,23,23_23,panelist,none,NA,3.9,1,0,0,1,0,0,3.9
23,22,24,23_24,panelist,none,NA,3.9,1,0,0,1,1,-0.3,3.6
23,23,01,23_01,reviewer,med,3.9,4.1,0,0,0,0,1,-0.2,3.9
23,23,02,23_02,panelist,low,NA,4.1,1,0,1,0,1,0.1,4.2
23,23,03,23_03,panelist,none,NA,4.1,1,0,0,1,1,0.1,4.2
23,23,04,23_04,reviewer,low,4.3,4.1,0,0,1,0,1,0.3,4.4
23,23,05,23_05,panelist,none,NA,4.1,1,0,0,1,0,0,4.1
23,23,06,23_06,panelist,low,NA,4.1,1,0,1,0,0,0,4.1
23,23,07,23_07,panelist,none,NA,4.1,1,0,0,1,1,-0.1,4
23,23,08,23_08,panelist,none,NA,4.1,1,0,0,1,1,0.3,4.4
23,23,09,23_09,panelist,none,NA,4.1,1,0,0,1,0,0,4.1
23,23,10,23_10,panelist,med,NA,4.1,1,0,0,0,1,0.1,4.2
23,23,11,23_11,panelist,none,NA,4.1,1,0,0,1,1,0.4,4.5
23,23,12,23_12,panelist,none,NA,4.1,1,0,0,1,1,0.1,4.2
23,23,13,23_13,reviewer,med,4.2,4.1,0,0,0,0,1,0.2,4.3
23,23,14,23_14,panelist,high,NA,4.1,1,1,0,0,0,0,4.1
23,23,15,23_15,panelist,med,NA,4.1,1,0,0,0,0,0,4.1
23,23,16,23_16,panelist,low,NA,4.1,1,0,1,0,0,0,4.1
23,23,17,23_17,panelist,low,NA,4.1,1,0,1,0,1,-0.1,4
23,23,18,23_18,panelist,high,NA,4.1,1,1,0,0,0,0,4.1
23,23,19,23_19,panelist,none,NA,4.1,1,0,0,1,1,-0.2,3.9
23,23,20,23_20,panelist,med,NA,4.1,1,0,0,0,0,0,4.1
23,23,21,23_21,panelist,none,NA,4.1,1,0,0,1,1,0.1,4.2
23,23,22,23_22,panelist,low,NA,4.1,1,0,1,0,1,-0.2,3.9
23,23,23,23_23,panelist,low,NA,4.1,1,0,1,0,1,-0.2,3.9
23,23,24,23_24,panelist,none,NA,4.1,1,0,0,1,0,0,4.1
23,24,01,23_01,panelist,none,NA,4.2,1,0,0,1,0,0,4.2
23,24,02,23_02,panelist,none,NA,4.2,1,0,0,1,0,0,4.2
23,24,03,23_03,panelist,low,NA,4.2,1,0,1,0,1,-0.1,4.1
23,24,04,23_04,panelist,med,NA,4.2,1,0,0,0,0,0,4.2
23,24,05,23_05,panelist,high,NA,4.2,1,1,0,0,0,0,4.2
23,24,06,23_06,panelist,none,NA,4.2,1,0,0,1,0,0,4.2
23,24,07,23_07,panelist,med,NA,4.2,1,0,0,0,1,0.1,4.3
23,24,08,23_08,panelist,low,NA,4.2,1,0,1,0,1,-0.1,4.1
23,24,09,23_09,panelist,none,NA,4.2,1,0,0,1,1,-0.1,4.1
23,24,10,23_10,panelist,none,NA,4.2,1,0,0,1,1,0.2,4.4
23,24,11,23_11,panelist,low,NA,4.2,1,0,1,0,1,0.3,4.5
23,24,12,23_12,panelist,none,NA,4.2,1,0,0,1,0,0,4.2
23,24,13,23_13,panelist,none,NA,4.2,1,0,0,1,1,0.4,4.6
23,24,14,23_14,panelist,low,NA,4.2,1,0,1,0,1,-0.1,4.1
23,24,15,23_15,panelist,low,NA,4.2,1,0,1,0,0,0,4.2
23,24,16,23_16,reviewer,none,4.1,4.2,0,0,0,1,0,0,4.2
23,24,17,23_17,panelist,high,NA,4.2,1,1,0,0,0,0,4.2
23,24,18,23_18,panelist,low,NA,4.2,1,0,1,0,1,0.1,4.3
23,24,19,23_19,panelist,med,NA,4.2,1,0,0,0,0,0,4.2
23,24,20,23_20,reviewer,none,4.3,4.2,0,0,0,1,1,0.1,4.3
23,24,21,23_21,panelist,med,NA,4.2,1,0,0,0,1,-0.2,4
23,24,22,23_22,reviewer,med,4.3,4.2,0,0,0,0,1,-0.1,4.1
23,24,23,23_23,panelist,none,NA,4.2,1,0,0,1,0,0,4.2
23,24,24,23_24,panelist,low,NA,4.2,1,0,1,0,1,0.1,4.3
23,28,01,23_01,panelist,med,NA,3.7,1,0,0,0,1,0.1,3.8
23,28,02,23_02,panelist,none,NA,3.7,1,0,0,1,1,-0.1,3.6
23,28,03,23_03,panelist,low,NA,3.7,1,0,1,0,1,-0.1,3.6
23,28,04,23_04,panelist,none,NA,3.7,1,0,0,1,1,0.3,4
23,28,05,23_05,panelist,none,NA,3.7,1,0,0,1,0,0,3.7
23,28,06,23_06,panelist,none,NA,3.7,1,0,0,1,0,0,3.7
23,28,07,23_07,reviewer,low,3.9,3.7,0,0,1,0,1,-0.1,3.6
23,28,08,23_08,panelist,high,NA,3.7,1,1,0,0,1,0.2,3.9
23,28,09,23_09,panelist,none,NA,3.7,1,0,0,1,1,-0.1,3.6
23,28,10,23_10,panelist,med,NA,3.7,1,0,0,0,0,0,3.7
23,28,11,23_11,panelist,low,NA,3.7,1,0,1,0,0,0,3.7
23,28,12,23_12,reviewer,none,3.3,3.7,0,0,0,1,0,0,3.7
23,28,13,23_13,reviewer,none,3.8,3.7,0,0,0,1,0,0,3.7
23,28,14,23_14,panelist,med,NA,3.7,1,0,0,0,0,0,3.7
23,28,15,23_15,panelist,low,NA,3.7,1,0,1,0,1,0.1,3.8
23,28,16,23_16,panelist,med,NA,3.7,1,0,0,0,1,0.1,3.8
23,28,17,23_17,panelist,none,NA,3.7,1,0,0,1,1,-0.2,3.5
23,28,18,23_18,panelist,none,NA,3.7,1,0,0,1,0,0,3.7
23,28,19,23_19,panelist,low,NA,3.7,1,0,1,0,1,-0.2,3.5
23,28,20,23_20,panelist,high,NA,3.7,1,1,0,0,0,0,3.7
23,28,21,23_21,panelist,low,NA,3.7,1,0,1,0,1,-0.2,3.5
23,28,22,23_22,panelist,low,NA,3.7,1,0,1,0,0,0,3.7
23,28,23,23_23,panelist,none,NA,3.7,1,0,0,1,0,0,3.7
23,28,24,23_24,panelist,med,NA,3.7,1,0,0,0,0,0,3.7
23,29,01,23_01,reviewer,none,3.5,3.5,0,0,0,1,1,-0.1,3.4
23,29,02,23_02,panelist,none,NA,3.5,1,0,0,1,0,0,3.5
23,29,03,23_03,panelist,med,NA,3.5,1,0,0,0,1,0.4,3.9
23,29,04,23_04,panelist,low,NA,3.5,1,0,1,0,1,-0.1,3.4
23,29,05,23_05,panelist,none,NA,3.5,1,0,0,1,1,-0.1,3.4
23,29,06,23_06,panelist,low,NA,3.5,1,0,1,0,1,0.1,3.6
23,29,07,23_07,panelist,low,NA,3.5,1,0,1,0,1,-0.1,3.4
23,29,08,23_08,panelist,none,NA,3.5,1,0,0,1,1,0.1,3.6
23,29,09,23_09,panelist,med,NA,3.5,1,0,0,0,0,0,3.5
23,29,10,23_10,panelist,none,NA,3.5,1,0,0,1,0,0,3.5
23,29,11,23_11,reviewer,med,3.5,3.5,0,0,0,0,0,0,3.5
23,29,12,23_12,panelist,low,NA,3.5,1,0,1,0,0,0,3.5
23,29,13,23_13,reviewer,none,3.6,3.5,0,0,0,1,0,0,3.5
23,29,14,23_14,panelist,high,NA,3.5,1,1,0,0,0,0,3.5
23,29,15,23_15,panelist,none,NA,3.5,1,0,0,1,0,0,3.5
23,29,16,23_16,panelist,med,NA,3.5,1,0,0,0,1,0.1,3.6
23,29,17,23_17,panelist,none,NA,3.5,1,0,0,1,1,-0.1,3.4
23,29,18,23_18,panelist,med,NA,3.5,1,0,0,0,0,0,3.5
23,29,19,23_19,panelist,none,NA,3.5,1,0,0,1,1,0.1,3.6
23,29,20,23_20,panelist,high,NA,3.5,1,1,0,0,1,-0.2,3.3
23,29,21,23_21,panelist,none,NA,3.5,1,0,0,1,1,-0.1,3.4
23,29,22,23_22,panelist,low,NA,3.5,1,0,1,0,0,0,3.5
23,29,23,23_23,panelist,low,NA,3.5,1,0,1,0,1,-0.2,3.3
23,29,24,23_24,panelist,low,NA,3.5,1,0,1,0,0,0,3.5
23,30,01,23_01,panelist,none,NA,3.9,1,0,0,1,0,0,3.9
23,30,02,23_02,panelist,med,NA,3.9,1,0,0,0,0,0,3.9
23,30,03,23_03,reviewer,low,4.3,3.9,0,0,1,0,0,0,3.9
23,30,04,23_04,reviewer,none,3.9,3.9,0,0,0,1,1,0.1,4
23,30,05,23_05,panelist,low,NA,3.9,1,0,1,0,0,0,3.9
23,30,06,23_06,panelist,none,NA,3.9,1,0,0,1,1,0.2,4.1
23,30,07,23_07,panelist,high,NA,3.9,1,1,0,0,0,0,3.9
23,30,08,23_08,panelist,low,NA,3.9,1,0,1,0,0,0,3.9
23,30,09,23_09,panelist,none,NA,3.9,1,0,0,1,1,-0.1,3.8
23,30,10,23_10,panelist,none,NA,3.9,1,0,0,1,0,0,3.9
23,30,11,23_11,panelist,low,NA,3.9,1,0,1,0,0,0,3.9
23,30,12,23_12,panelist,high,NA,3.9,1,1,0,0,1,0.4,4.3
23,30,13,23_13,panelist,med,NA,3.9,1,0,0,0,0,0,3.9
23,30,14,23_14,reviewer,med,3.6,3.9,0,0,0,0,0,0,3.9
23,30,15,23_15,panelist,none,NA,3.9,1,0,0,1,1,-0.1,3.8
23,30,16,23_16,panelist,none,NA,3.9,1,0,0,1,1,0.3,4.2
23,30,17,23_17,panelist,none,NA,3.9,1,0,0,1,1,-0.2,3.7
23,30,18,23_18,panelist,low,NA,3.9,1,0,1,0,0,0,3.9
23,30,19,23_19,panelist,none,NA,3.9,1,0,0,1,0,0,3.9
23,30,20,23_20,panelist,low,NA,3.9,1,0,1,0,1,0.3,4.2
23,30,21,23_21,panelist,med,NA,3.9,1,0,0,0,1,0.2,4.1
23,30,22,23_22,panelist,none,NA,3.9,1,0,0,1,1,-0.3,3.6
23,30,23,23_23,panelist,med,NA,3.9,1,0,0,0,1,-0.1,3.8
23,30,24,23_24,panelist,low,NA,3.9,1,0,1,0,0,0,3.9
24,1,01,24_01,panelist,low,NA,3.7,1,0,1,0,1,-0.1,3.6
24,1,02,24_02,panelist,med,NA,3.7,1,0,0,0,0,0,3.7
24,1,03,24_03,panelist,med,NA,3.7,1,0,0,0,1,0.2,3.9
24,1,04,24_04,panelist,low,NA,3.7,1,0,1,0,1,0.3,4
24,1,05,24_05,panelist,med,NA,3.7,1,0,0,0,0,0,3.7
24,1,06,24_06,panelist,none,NA,3.7,1,0,0,1,0,0,3.7
24,1,07,24_07,panelist,low,NA,3.7,1,0,1,0,1,-0.1,3.6
24,1,08,24_08,panelist,none,NA,3.7,1,0,0,1,1,-0.3,3.4
24,1,09,24_09,panelist,none,NA,3.7,1,0,0,1,1,-0.2,3.5
24,1,10,24_10,panelist,high,NA,3.7,1,1,0,0,0,0,3.7
24,1,11,24_11,panelist,low,NA,3.7,1,0,1,0,0,0,3.7
24,1,12,24_12,panelist,med,NA,3.7,1,0,0,0,0,0,3.7
24,1,13,24_13,panelist,none,NA,3.7,1,0,0,1,0,0,3.7
24,1,14,24_14,panelist,none,NA,3.7,1,0,0,1,0,0,3.7
24,1,15,24_15,panelist,low,NA,3.7,1,0,1,0,0,0,3.7
24,1,16,24_16,panelist,none,NA,3.7,1,0,0,1,0,0,3.7
24,1,17,24_17,panelist,med,NA,3.7,1,0,0,0,0,0,3.7
24,1,18,24_18,reviewer,none,3.7,3.7,0,0,0,1,0,0,3.7
24,1,19,24_19,panelist,none,NA,3.7,1,0,0,1,0,0,3.7
24,1,20,24_20,panelist,low,NA,3.7,1,0,1,0,1,-0.2,3.5
24,1,21,24_21,reviewer,none,3.7,3.7,0,0,0,1,0,0,3.7
24,1,22,24_22,panelist,high,NA,3.7,1,1,0,0,1,0.1,3.8
24,1,23,24_23,panelist,none,NA,3.7,1,0,0,1,1,0.1,3.8
24,1,24,24_24,reviewer,low,3.8,3.7,0,0,1,0,0,0,3.7
24,4,01,24_01,panelist,med,NA,4.2,1,0,0,0,0,0,4.2
24,4,02,24_02,reviewer,none,4.2,4.2,0,0,0,1,1,-0.4,3.8
24,4,03,24_03,panelist,high,NA,4.2,1,1,0,0,0,0,4.2
24,4,04,24_04,panelist,low,NA,4.2,1,0,1,0,0,0,4.2
24,4,05,24_05,panelist,high,NA,4.2,1,1,0,0,1,-0.3,3.9
24,4,06,24_06,panelist,med,NA,4.2,1,0,0,0,0,0,4.2
24,4,07,24_07,panelist,low,NA,4.2,1,0,1,0,0,0,4.2
24,4,08,24_08,reviewer,low,4.2,4.2,0,0,1,0,1,-0.3,3.9
24,4,09,24_09,panelist,none,NA,4.2,1,0,0,1,0,0,4.2
24,4,10,24_10,panelist,none,NA,4.2,1,0,0,1,0,0,4.2
24,4,11,24_11,panelist,none,NA,4.2,1,0,0,1,0,0,4.2
24,4,12,24_12,panelist,med,NA,4.2,1,0,0,0,0,0,4.2
24,4,13,24_13,panelist,none,NA,4.2,1,0,0,1,1,0.1,4.3
24,4,14,24_14,panelist,none,NA,4.2,1,0,0,1,0,0,4.2
24,4,15,24_15,panelist,none,NA,4.2,1,0,0,1,0,0,4.2
24,4,16,24_16,panelist,low,NA,4.2,1,0,1,0,1,0.2,4.4
24,4,17,24_17,panelist,none,NA,4.2,1,0,0,1,0,0,4.2
24,4,18,24_18,panelist,med,NA,4.2,1,0,0,0,1,0.2,4.4
24,4,19,24_19,panelist,low,NA,4.2,1,0,1,0,1,-0.2,4
24,4,20,24_20,panelist,med,NA,4.2,1,0,0,0,0,0,4.2
24,4,21,24_21,reviewer,low,4.2,4.2,0,0,1,0,0,0,4.2
24,4,22,24_22,panelist,low,NA,4.2,1,0,1,0,0,0,4.2
24,4,23,24_23,panelist,none,NA,4.2,1,0,0,1,0,0,4.2
24,4,24,24_24,panelist,none,NA,4.2,1,0,0,1,0,0,4.2
24,5,01,24_01,panelist,low,NA,4,1,0,1,0,0,0,4
24,5,02,24_02,panelist,none,NA,4,1,0,0,1,1,0.1,4.1
24,5,03,24_03,reviewer,med,4.1,4,0,0,0,0,1,0.2,4.2
24,5,04,24_04,panelist,high,NA,4,1,1,0,0,0,0,4
24,5,05,24_05,panelist,none,NA,4,1,0,0,1,0,0,4
24,5,06,24_06,panelist,low,NA,4,1,0,1,0,0,0,4
24,5,07,24_07,panelist,low,NA,4,1,0,1,0,0,0,4
24,5,08,24_08,reviewer,none,4.1,4,0,0,0,1,0,0,4
24,5,09,24_09,panelist,low,NA,4,1,0,1,0,0,0,4
24,5,10,24_10,panelist,med,NA,4,1,0,0,0,0,0,4
24,5,11,24_11,panelist,high,NA,4,1,1,0,0,0,0,4
24,5,12,24_12,reviewer,none,3.7,4,0,0,0,1,0,0,4
24,5,13,24_13,panelist,none,NA,4,1,0,0,1,0,0,4
24,5,14,24_14,panelist,med,NA,4,1,0,0,0,0,0,4
24,5,15,24_15,panelist,none,NA,4,1,0,0,1,1,0.1,4.1
24,5,16,24_16,panelist,none,NA,4,1,0,0,1,0,0,4
24,5,17,24_17,panelist,none,NA,4,1,0,0,1,1,-0.1,3.9
24,5,18,24_18,panelist,low,NA,4,1,0,1,0,1,-0.1,3.9
24,5,19,24_19,panelist,low,NA,4,1,0,1,0,1,-0.2,3.8
24,5,20,24_20,panelist,low,NA,4,1,0,1,0,0,0,4
24,5,21,24_21,panelist,med,NA,4,1,0,0,0,1,-0.3,3.7
24,5,22,24_22,panelist,none,NA,4,1,0,0,1,0,0,4
24,5,23,24_23,panelist,none,NA,4,1,0,0,1,0,0,4
24,5,24,24_24,panelist,med,NA,4,1,0,0,0,0,0,4
24,6,01,24_01,reviewer,med,4.1,3.9,0,0,0,0,0,0,3.9
24,6,02,24_02,panelist,low,NA,3.9,1,0,1,0,0,0,3.9
24,6,03,24_03,panelist,high,NA,3.9,1,1,0,0,0,0,3.9
24,6,04,24_04,panelist,med,NA,3.9,1,0,0,0,0,0,3.9
24,6,05,24_05,panelist,none,NA,3.9,1,0,0,1,0,0,3.9
24,6,06,24_06,panelist,med,NA,3.9,1,0,0,0,0,0,3.9
24,6,07,24_07,panelist,low,NA,3.9,1,0,1,0,0,0,3.9
24,6,08,24_08,panelist,med,NA,3.9,1,0,0,0,1,-0.1,3.8
24,6,09,24_09,panelist,none,NA,3.9,1,0,0,1,1,0.1,4
24,6,10,24_10,panelist,med,NA,3.9,1,0,0,0,0,0,3.9
24,6,11,24_11,panelist,none,NA,3.9,1,0,0,1,0,0,3.9
24,6,12,24_12,reviewer,none,4,3.9,0,0,0,1,0,0,3.9
24,6,13,24_13,panelist,none,NA,3.9,1,0,0,1,0,0,3.9
24,6,14,24_14,panelist,low,NA,3.9,1,0,1,0,0,0,3.9
24,6,15,24_15,panelist,none,NA,3.9,1,0,0,1,1,0.1,4
24,6,16,24_16,panelist,none,NA,3.9,1,0,0,1,0,0,3.9
24,6,17,24_17,reviewer,low,3.7,3.9,0,0,1,0,0,0,3.9
24,6,18,24_18,panelist,low,NA,3.9,1,0,1,0,0,0,3.9
24,6,19,24_19,panelist,low,NA,3.9,1,0,1,0,1,0.2,4.1
24,6,20,24_20,panelist,low,NA,3.9,1,0,1,0,0,0,3.9
24,6,21,24_21,panelist,none,NA,3.9,1,0,0,1,1,-0.4,3.5
24,6,22,24_22,panelist,none,NA,3.9,1,0,0,1,1,0.1,4
24,6,23,24_23,panelist,high,NA,3.9,1,1,0,0,0,0,3.9
24,6,24,24_24,panelist,none,NA,3.9,1,0,0,1,1,-0.1,3.8
24,7,01,24_01,panelist,high,NA,4.3,1,1,0,0,1,-0.1,4.2
24,7,02,24_02,panelist,none,NA,4.3,1,0,0,1,1,-0.3,4
24,7,03,24_03,panelist,high,NA,4.3,1,1,0,0,0,0,4.3
24,7,04,24_04,panelist,none,NA,4.3,1,0,0,1,1,0.4,4.7
24,7,05,24_05,panelist,med,NA,4.3,1,0,0,0,0,0,4.3
24,7,06,24_06,panelist,low,NA,4.3,1,0,1,0,0,0,4.3
24,7,07,24_07,panelist,none,NA,4.3,1,0,0,1,0,0,4.3
24,7,08,24_08,panelist,none,NA,4.3,1,0,0,1,0,0,4.3
24,7,09,24_09,panelist,low,NA,4.3,1,0,1,0,1,0.3,4.6
24,7,10,24_10,panelist,none,NA,4.3,1,0,0,1,0,0,4.3
24,7,11,24_11,reviewer,none,4.2,4.3,0,0,0,1,1,0.2,4.5
24,7,12,24_12,panelist,none,NA,4.3,1,0,0,1,1,-0.3,4
24,7,13,24_13,panelist,none,NA,4.3,1,0,0,1,1,-0.1,4.2
24,7,14,24_14,panelist,med,NA,4.3,1,0,0,0,0,0,4.3
24,7,15,24_15,panelist,low,NA,4.3,1,0,1,0,0,0,4.3
24,7,16,24_16,reviewer,low,4.2,4.3,0,0,1,0,0,0,4.3
24,7,17,24_17,reviewer,med,4.5,4.3,0,0,0,0,0,0,4.3
24,7,18,24_18,panelist,low,NA,4.3,1,0,1,0,0,0,4.3
24,7,19,24_19,panelist,med,NA,4.3,1,0,0,0,1,-0.1,4.2
24,7,20,24_20,panelist,low,NA,4.3,1,0,1,0,0,0,4.3
24,7,21,24_21,panelist,low,NA,4.3,1,0,1,0,1,-0.1,4.2
24,7,22,24_22,panelist,none,NA,4.3,1,0,0,1,0,0,4.3
24,7,23,24_23,panelist,none,NA,4.3,1,0,0,1,1,-0.2,4.1
24,7,24,24_24,panelist,med,NA,4.3,1,0,0,0,0,0,4.3
24,11,01,24_01,panelist,none,NA,3.8,1,0,0,1,0,0,3.8
24,11,02,24_02,panelist,low,NA,3.8,1,0,1,0,0,0,3.8
24,11,03,24_03,panelist,med,NA,3.8,1,0,0,0,0,0,3.8
24,11,04,24_04,panelist,none,NA,3.8,1,0,0,1,1,0.4,4.2
24,11,05,24_05,panelist,med,NA,3.8,1,0,0,0,0,0,3.8
24,11,06,24_06,panelist,low,NA,3.8,1,0,1,0,0,0,3.8
24,11,07,24_07,panelist,med,NA,3.8,1,0,0,0,0,0,3.8
24,11,08,24_08,panelist,med,NA,3.8,1,0,0,0,0,0,3.8
24,11,09,24_09,panelist,none,NA,3.8,1,0,0,1,0,0,3.8
24,11,10,24_10,reviewer,med,3.6,3.8,0,0,0,0,0,0,3.8
24,11,11,24_11,panelist,high,NA,3.8,1,1,0,0,0,0,3.8
24,11,12,24_12,panelist,low,NA,3.8,1,0,1,0,0,0,3.8
24,11,13,24_13,panelist,low,NA,3.8,1,0,1,0,0,0,3.8
24,11,14,24_14,reviewer,none,3.9,3.8,0,0,0,1,0,0,3.8
24,11,15,24_15,panelist,none,NA,3.8,1,0,0,1,1,0.1,3.9
24,11,16,24_16,panelist,none,NA,3.8,1,0,0,1,0,0,3.8
24,11,17,24_17,panelist,none,NA,3.8,1,0,0,1,1,-0.1,3.7
24,11,18,24_18,panelist,none,NA,3.8,1,0,0,1,1,0.3,4.1
24,11,19,24_19,reviewer,low,3.8,3.8,0,0,1,0,0,0,3.8
24,11,20,24_20,panelist,none,NA,3.8,1,0,0,1,0,0,3.8
24,11,21,24_21,panelist,low,NA,3.8,1,0,1,0,1,0.1,3.9
24,11,22,24_22,panelist,high,NA,3.8,1,1,0,0,1,0.2,4
24,11,23,24_23,panelist,low,NA,3.8,1,0,1,0,0,0,3.8
24,11,24,24_24,panelist,none,NA,3.8,1,0,0,1,0,0,3.8
24,15,01,24_01,panelist,none,NA,3.6,1,0,0,1,0,0,3.6
24,15,02,24_02,panelist,med,NA,3.6,1,0,0,0,1,-0.2,3.4
24,15,03,24_03,reviewer,low,3.6,3.6,0,0,1,0,0,0,3.6
24,15,04,24_04,panelist,low,NA,3.6,1,0,1,0,0,0,3.6
24,15,05,24_05,panelist,none,NA,3.6,1,0,0,1,0,0,3.6
24,15,06,24_06,reviewer,low,3.4,3.6,0,0,1,0,1,-0.1,3.5
24,15,07,24_07,panelist,med,NA,3.6,1,0,0,0,1,0.1,3.7
24,15,08,24_08,panelist,none,NA,3.6,1,0,0,1,0,0,3.6
24,15,09,24_09,panelist,low,NA,3.6,1,0,1,0,0,0,3.6
24,15,10,24_10,panelist,low,NA,3.6,1,0,1,0,1,-0.2,3.4
24,15,11,24_11,panelist,none,NA,3.6,1,0,0,1,1,0.3,3.9
24,15,12,24_12,panelist,none,NA,3.6,1,0,0,1,0,0,3.6
24,15,13,24_13,panelist,none,NA,3.6,1,0,0,1,1,-0.2,3.4
24,15,14,24_14,panelist,none,NA,3.6,1,0,0,1,1,0.4,4
24,15,15,24_15,panelist,low,NA,3.6,1,0,1,0,1,-0.1,3.5
24,15,16,24_16,reviewer,med,3.7,3.6,0,0,0,0,0,0,3.6
24,15,17,24_17,panelist,med,NA,3.6,1,0,0,0,0,0,3.6
24,15,18,24_18,panelist,none,NA,3.6,1,0,0,1,1,-0.1,3.5
24,15,19,24_19,panelist,none,NA,3.6,1,0,0,1,0,0,3.6
24,15,20,24_20,panelist,none,NA,3.6,1,0,0,1,0,0,3.6
24,15,21,24_21,panelist,high,NA,3.6,1,1,0,0,0,0,3.6
24,15,22,24_22,panelist,low,NA,3.6,1,0,1,0,0,0,3.6
24,15,23,24_23,panelist,med,NA,3.6,1,0,0,0,0,0,3.6
24,15,24,24_24,panelist,high,NA,3.6,1,1,0,0,1,-0.1,3.5
24,19,01,24_01,panelist,none,NA,3.8,1,0,0,1,1,-0.1,3.7
24,19,02,24_02,reviewer,none,3.7,3.8,0,0,0,1,0,0,3.8
24,19,03,24_03,panelist,med,NA,3.8,1,0,0,0,1,0.1,3.9
24,19,04,24_04,reviewer,none,4,3.8,0,0,0,1,1,-0.1,3.7
24,19,05,24_05,panelist,low,NA,3.8,1,0,1,0,1,-0.1,3.7
24,19,06,24_06,panelist,high,NA,3.8,1,1,0,0,0,0,3.8
24,19,07,24_07,panelist,low,NA,3.8,1,0,1,0,0,0,3.8
24,19,08,24_08,panelist,med,NA,3.8,1,0,0,0,1,-0.1,3.7
24,19,09,24_09,panelist,med,NA,3.8,1,0,0,0,1,-0.1,3.7
24,19,10,24_10,panelist,none,NA,3.8,1,0,0,1,0,0,3.8
24,19,11,24_11,panelist,med,NA,3.8,1,0,0,0,0,0,3.8
24,19,12,24_12,reviewer,low,3.6,3.8,0,0,1,0,0,0,3.8
24,19,13,24_13,panelist,none,NA,3.8,1,0,0,1,0,0,3.8
24,19,14,24_14,panelist,low,NA,3.8,1,0,1,0,0,0,3.8
24,19,15,24_15,panelist,high,NA,3.8,1,1,0,0,1,0.1,3.9
24,19,16,24_16,panelist,low,NA,3.8,1,0,1,0,0,0,3.8
24,19,17,24_17,panelist,med,NA,3.8,1,0,0,0,0,0,3.8
24,19,18,24_18,panelist,low,NA,3.8,1,0,1,0,0,0,3.8
24,19,19,24_19,panelist,none,NA,3.8,1,0,0,1,0,0,3.8
24,19,20,24_20,panelist,low,NA,3.8,1,0,1,0,0,0,3.8
24,19,21,24_21,panelist,none,NA,3.8,1,0,0,1,1,-0.2,3.6
24,19,22,24_22,panelist,none,NA,3.8,1,0,0,1,0,0,3.8
24,19,23,24_23,panelist,none,NA,3.8,1,0,0,1,1,0.1,3.9
24,19,24,24_24,panelist,none,NA,3.8,1,0,0,1,1,-0.1,3.7
24,20,01,24_01,panelist,none,NA,3.8,1,0,0,1,1,0.1,3.9
24,20,02,24_02,panelist,none,NA,3.8,1,0,0,1,0,0,3.8
24,20,03,24_03,panelist,med,NA,3.8,1,0,0,0,0,0,3.8
24,20,04,24_04,panelist,none,NA,3.8,1,0,0,1,1,0.1,3.9
24,20,05,24_05,panelist,none,NA,3.8,1,0,0,1,1,-0.3,3.5
24,20,06,24_06,reviewer,low,3.7,3.8,0,0,1,0,0,0,3.8
24,20,07,24_07,panelist,none,NA,3.8,1,0,0,1,1,-0.3,3.5
24,20,08,24_08,panelist,none,NA,3.8,1,0,0,1,1,-0.2,3.6
24,20,09,24_09,panelist,low,NA,3.8,1,0,1,0,0,0,3.8
24,20,10,24_10,panelist,low,NA,3.8,1,0,1,0,0,0,3.8
24,20,11,24_11,panelist,low,NA,3.8,1,0,1,0,0,0,3.8
24,20,12,24_12,panelist,med,NA,3.8,1,0,0,0,0,0,3.8
24,20,13,24_13,panelist,med,NA,3.8,1,0,0,0,1,-0.2,3.6
24,20,14,24_14,panelist,med,NA,3.8,1,0,0,0,0,0,3.8
24,20,15,24_15,panelist,none,NA,3.8,1,0,0,1,0,0,3.8
24,20,16,24_16,panelist,low,NA,3.8,1,0,1,0,0,0,3.8
24,20,17,24_17,panelist,low,NA,3.8,1,0,1,0,0,0,3.8
24,20,18,24_18,panelist,none,NA,3.8,1,0,0,1,1,0.2,4
24,20,19,24_19,panelist,med,NA,3.8,1,0,0,0,0,0,3.8
24,20,20,24_20,panelist,none,NA,3.8,1,0,0,1,0,0,3.8
24,20,21,24_21,panelist,none,NA,3.8,1,0,0,1,0,0,3.8
24,20,22,24_22,panelist,high,NA,3.8,1,1,0,0,0,0,3.8
24,20,23,24_23,reviewer,low,3.7,3.8,0,0,1,0,0,0,3.8
24,20,24,24_24,reviewer,high,4,3.8,0,1,0,0,0,0,3.8
24,21,01,24_01,panelist,low,NA,3.7,1,0,1,0,1,0.3,4
24,21,02,24_02,panelist,med,NA,3.7,1,0,0,0,0,0,3.7
24,21,03,24_03,panelist,low,NA,3.7,1,0,1,0,0,0,3.7
24,21,04,24_04,panelist,med,NA,3.7,1,0,0,0,0,0,3.7
24,21,05,24_05,panelist,none,NA,3.7,1,0,0,1,0,0,3.7
24,21,06,24_06,panelist,none,NA,3.7,1,0,0,1,0,0,3.7
24,21,07,24_07,reviewer,low,3.8,3.7,0,0,1,0,1,-0.3,3.4
24,21,08,24_08,panelist,none,NA,3.7,1,0,0,1,1,-0.2,3.5
24,21,09,24_09,panelist,high,NA,3.7,1,1,0,0,1,-0.1,3.6
24,21,10,24_10,panelist,low,NA,3.7,1,0,1,0,0,0,3.7
24,21,11,24_11,panelist,none,NA,3.7,1,0,0,1,0,0,3.7
24,21,12,24_12,panelist,low,NA,3.7,1,0,1,0,0,0,3.7
24,21,13,24_13,reviewer,med,3.5,3.7,0,0,0,0,0,0,3.7
24,21,14,24_14,panelist,none,NA,3.7,1,0,0,1,1,0.2,3.9
24,21,15,24_15,panelist,none,NA,3.7,1,0,0,1,1,-0.2,3.5
24,21,16,24_16,panelist,none,NA,3.7,1,0,0,1,1,0.3,4
24,21,17,24_17,panelist,none,NA,3.7,1,0,0,1,0,0,3.7
24,21,18,24_18,panelist,med,NA,3.7,1,0,0,0,1,0.3,4
24,21,19,24_19,panelist,low,NA,3.7,1,0,1,0,1,0.2,3.9
24,21,20,24_20,reviewer,low,3.8,3.7,0,0,1,0,1,-0.4,3.3
24,21,21,24_21,panelist,none,NA,3.7,1,0,0,1,1,0.1,3.8
24,21,22,24_22,panelist,none,NA,3.7,1,0,0,1,1,0.1,3.8
24,21,23,24_23,panelist,high,NA,3.7,1,1,0,0,1,-0.4,3.3
24,21,24,24_24,panelist,med,NA,3.7,1,0,0,0,0,0,3.7
24,23,01,24_01,panelist,low,NA,4.2,1,0,1,0,1,-0.1,4.1
24,23,02,24_02,panelist,high,NA,4.2,1,1,0,0,0,0,4.2
24,23,03,24_03,panelist,none,NA,4.2,1,0,0,1,1,0.2,4.4
24,23,04,24_04,panelist,none,NA,4.2,1,0,0,1,0,0,4.2
24,23,05,24_05,reviewer,low,4.3,4.2,0,0,1,0,0,0,4.2
24,23,06,24_06,panelist,med,NA,4.2,1,0,0,0,1,-0.3,3.9
24,23,07,24_07,panelist,none,NA,4.2,1,0,0,1,1,-0.1,4.1
24,23,08,24_08,panelist,none,NA,4.2,1,0,0,1,0,0,4.2
24,23,09,24_09,panelist,none,NA,4.2,1,0,0,1,1,0.1,4.3
24,23,10,24_10,panelist,med,NA,4.2,1,0,0,0,1,-0.2,4
24,23,11,24_11,panelist,low,NA,4.2,1,0,1,0,0,0,4.2
24,23,12,24_12,panelist,low,NA,4.2,1,0,1,0,0,0,4.2
24,23,13,24_13,panelist,none,NA,4.2,1,0,0,1,1,-0.2,4
24,23,14,24_14,panelist,low,NA,4.2,1,0,1,0,0,0,4.2
24,23,15,24_15,panelist,none,NA,4.2,1,0,0,1,0,0,4.2
24,23,16,24_16,panelist,med,NA,4.2,1,0,0,0,1,0.2,4.4
24,23,17,24_17,panelist,low,NA,4.2,1,0,1,0,1,-0.3,3.9
24,23,18,24_18,reviewer,none,4.1,4.2,0,0,0,1,1,0.1,4.3
24,23,19,24_19,panelist,none,NA,4.2,1,0,0,1,0,0,4.2
24,23,20,24_20,panelist,low,NA,4.2,1,0,1,0,0,0,4.2
24,23,21,24_21,panelist,med,NA,4.2,1,0,0,0,0,0,4.2
24,23,22,24_22,panelist,none,NA,4.2,1,0,0,1,1,0.3,4.5
24,23,23,24_23,panelist,high,NA,4.2,1,1,0,0,1,-0.3,3.9
24,23,24,24_24,reviewer,med,4.3,4.2,0,0,0,0,0,0,4.2
24,24,01,24_01,panelist,low,NA,4,1,0,1,0,1,0.1,4.1
24,24,02,24_02,panelist,none,NA,4,1,0,0,1,1,-0.1,3.9
24,24,03,24_03,panelist,none,NA,4,1,0,0,1,0,0,4
24,24,04,24_04,panelist,none,NA,4,1,0,0,1,0,0,4
24,24,05,24_05,panelist,low,NA,4,1,0,1,0,1,-0.2,3.8
24,24,06,24_06,panelist,med,NA,4,1,0,0,0,0,0,4
24,24,07,24_07,panelist,none,NA,4,1,0,0,1,1,-0.2,3.8
24,24,08,24_08,panelist,med,NA,4,1,0,0,0,0,0,4
24,24,09,24_09,panelist,med,NA,4,1,0,0,0,0,0,4
24,24,10,24_10,panelist,med,NA,4,1,0,0,0,1,-0.4,3.6
24,24,11,24_11,reviewer,none,4,4,0,0,0,1,1,0.1,4.1
24,24,12,24_12,panelist,med,NA,4,1,0,0,0,1,-0.2,3.8
24,24,13,24_13,panelist,high,NA,4,1,1,0,0,0,0,4
24,24,14,24_14,panelist,low,NA,4,1,0,1,0,0,0,4
24,24,15,24_15,reviewer,low,3.9,4,0,0,1,0,0,0,4
24,24,16,24_16,panelist,low,NA,4,1,0,1,0,0,0,4
24,24,17,24_17,panelist,none,NA,4,1,0,0,1,0,0,4
24,24,18,24_18,reviewer,high,4.1,4,0,1,0,0,1,0.3,4.3
24,24,19,24_19,panelist,low,NA,4,1,0,1,0,0,0,4
24,24,20,24_20,panelist,none,NA,4,1,0,0,1,1,-0.2,3.8
24,24,21,24_21,panelist,none,NA,4,1,0,0,1,0,0,4
24,24,22,24_22,panelist,none,NA,4,1,0,0,1,1,-0.1,3.9
24,24,23,24_23,panelist,low,NA,4,1,0,1,0,0,0,4
24,24,24,24_24,panelist,none,NA,4,1,0,0,1,0,0,4
24,25,01,24_01,panelist,none,NA,4,1,0,0,1,1,0.3,4.3
24,25,02,24_02,panelist,low,NA,4,1,0,1,0,0,0,4
24,25,03,24_03,panelist,low,NA,4,1,0,1,0,1,0.4,4.4
24,25,04,24_04,panelist,low,NA,4,1,0,1,0,1,0.2,4.2
24,25,05,24_05,panelist,none,NA,4,1,0,0,1,1,-0.3,3.7
24,25,06,24_06,panelist,none,NA,4,1,0,0,1,0,0,4
24,25,07,24_07,panelist,none,NA,4,1,0,0,1,0,0,4
24,25,08,24_08,panelist,med,NA,4,1,0,0,0,0,0,4
24,25,09,24_09,panelist,low,NA,4,1,0,1,0,0,0,4
24,25,10,24_10,panelist,med,NA,4,1,0,0,0,1,-0.3,3.7
24,25,11,24_11,reviewer,med,3.7,4,0,0,0,0,1,-0.1,3.9
24,25,12,24_12,panelist,med,NA,4,1,0,0,0,0,0,4
24,25,13,24_13,panelist,med,NA,4,1,0,0,0,0,0,4
24,25,14,24_14,panelist,none,NA,4,1,0,0,1,0,0,4
24,25,15,24_15,panelist,none,NA,4,1,0,0,1,1,-0.1,3.9
24,25,16,24_16,reviewer,low,4.1,4,0,0,1,0,0,0,4
24,25,17,24_17,panelist,low,NA,4,1,0,1,0,0,0,4
24,25,18,24_18,panelist,none,NA,4,1,0,0,1,0,0,4
24,25,19,24_19,panelist,high,NA,4,1,1,0,0,0,0,4
24,25,20,24_20,reviewer,low,4.1,4,0,0,1,0,0,0,4
24,25,21,24_21,panelist,high,NA,4,1,1,0,0,0,0,4
24,25,22,24_22,panelist,none,NA,4,1,0,0,1,0,0,4
24,25,23,24_23,panelist,none,NA,4,1,0,0,1,1,-0.1,3.9
24,25,24,24_24,panelist,none,NA,4,1,0,0,1,0,0,4
24,26,01,24_01,panelist,high,NA,4,1,1,0,0,0,0,4
24,26,02,24_02,panelist,low,NA,4,1,0,1,0,1,-0.3,3.7
24,26,03,24_03,panelist,none,NA,4,1,0,0,1,0,0,4
24,26,04,24_04,panelist,low,NA,4,1,0,1,0,1,0.1,4.1
24,26,05,24_05,panelist,none,NA,4,1,0,0,1,0,0,4
24,26,06,24_06,panelist,low,NA,4,1,0,1,0,1,-0.2,3.8
24,26,07,24_07,panelist,med,NA,4,1,0,0,0,0,0,4
24,26,08,24_08,reviewer,med,4,4,0,0,0,0,0,0,4
24,26,09,24_09,panelist,none,NA,4,1,0,0,1,1,-0.2,3.8
24,26,10,24_10,panelist,low,NA,4,1,0,1,0,0,0,4
24,26,11,24_11,panelist,low,NA,4,1,0,1,0,1,0.1,4.1
24,26,12,24_12,panelist,med,NA,4,1,0,0,0,0,0,4
24,26,13,24_13,panelist,none,NA,4,1,0,0,1,0,0,4
24,26,14,24_14,panelist,none,NA,4,1,0,0,1,1,0.3,4.3
24,26,15,24_15,panelist,none,NA,4,1,0,0,1,0,0,4
24,26,16,24_16,reviewer,none,4,4,0,0,0,1,0,0,4
24,26,17,24_17,panelist,none,NA,4,1,0,0,1,1,0.1,4.1
24,26,18,24_18,panelist,low,NA,4,1,0,1,0,0,0,4
24,26,19,24_19,reviewer,med,4.1,4,0,0,0,0,0,0,4
24,26,20,24_20,panelist,high,NA,4,1,1,0,0,1,0.1,4.1
24,26,21,24_21,panelist,none,NA,4,1,0,0,1,1,-0.2,3.8
24,26,22,24_22,panelist,med,NA,4,1,0,0,0,0,0,4
24,26,23,24_23,panelist,none,NA,4,1,0,0,1,1,-0.1,3.9
24,26,24,24_24,panelist,low,NA,4,1,0,1,0,0,0,4
24,27,01,24_01,panelist,high,NA,4.3,1,1,0,0,0,0,4.3
24,27,02,24_02,panelist,low,NA,4.3,1,0,1,0,1,-0.3,4
24,27,03,24_03,panelist,med,NA,4.3,1,0,0,0,0,0,4.3
24,27,04,24_04,reviewer,med,4.2,4.3,0,0,0,0,0,0,4.3
24,27,05,24_05,reviewer,low,4.3,4.3,0,0,1,0,1,-0.3,4
24,27,06,24_06,panelist,med,NA,4.3,1,0,0,0,0,0,4.3
24,27,07,24_07,panelist,none,NA,4.3,1,0,0,1,1,-0.3,4
24,27,08,24_08,panelist,none,NA,4.3,1,0,0,1,0,0,4.3
24,27,09,24_09,panelist,none,NA,4.3,1,0,0,1,1,-0.1,4.2
24,27,10,24_10,panelist,high,NA,4.3,1,1,0,0,0,0,4.3
24,27,11,24_11,panelist,none,NA,4.3,1,0,0,1,0,0,4.3
24,27,12,24_12,panelist,low,NA,4.3,1,0,1,0,0,0,4.3
24,27,13,24_13,panelist,none,NA,4.3,1,0,0,1,1,-0.3,4
24,27,14,24_14,panelist,med,NA,4.3,1,0,0,0,1,0.4,4.7
24,27,15,24_15,panelist,none,NA,4.3,1,0,0,1,1,-0.3,4
24,27,16,24_16,reviewer,low,4.4,4.3,0,0,1,0,0,0,4.3
24,27,17,24_17,panelist,low,NA,4.3,1,0,1,0,0,0,4.3
24,27,18,24_18,panelist,none,NA,4.3,1,0,0,1,1,0.3,4.6
24,27,19,24_19,panelist,none,NA,4.3,1,0,0,1,1,-0.1,4.2
24,27,20,24_20,panelist,med,NA,4.3,1,0,0,0,1,0.3,4.6
24,27,21,24_21,panelist,low,NA,4.3,1,0,1,0,1,-0.1,4.2
24,27,22,24_22,panelist,low,NA,4.3,1,0,1,0,1,0.1,4.4
24,27,23,24_23,panelist,none,NA,4.3,1,0,0,1,0,0,4.3
24,27,24,24_24,panelist,none,NA,4.3,1,0,0,1,1,-0.2,4.1
25,2,01,25_01,panelist,high,NA,3.7,1,1,0,0,0,0,3.7
25,2,02,25_02,panelist,med,NA,3.7,1,0,0,0,0,0,3.7
25,2,03,25_03,panelist,none,NA,3.7,1,0,0,1,1,0.1,3.8
25,2,04,25_04,panelist,none,NA,3.7,1,0,0,1,1,-0.2,3.5
25,2,05,25_05,panelist,none,NA,3.7,1,0,0,1,0,0,3.7
25,2,06,25_06,panelist,none,NA,3.7,1,0,0,1,0,0,3.7
25,2,07,25_07,panelist,low,NA,3.7,1,0,1,0,1,-0.2,3.5
25,2,08,25_08,panelist,med,NA,3.7,1,0,0,0,0,0,3.7
25,2,09,25_09,panelist,none,NA,3.7,1,0,0,1,1,-0.2,3.5
25,2,10,25_10,panelist,high,NA,3.7,1,1,0,0,1,-0.1,3.6
25,2,11,25_11,reviewer,none,3.8,3.7,0,0,0,1,0,0,3.7
25,2,12,25_12,panelist,med,NA,3.7,1,0,0,0,0,0,3.7
25,2,13,25_13,panelist,low,NA,3.7,1,0,1,0,0,0,3.7
25,2,14,25_14,reviewer,none,3.5,3.7,0,0,0,1,1,0.3,4
25,2,15,25_15,panelist,none,NA,3.7,1,0,0,1,1,0.1,3.8
25,2,16,25_16,panelist,med,NA,3.7,1,0,0,0,0,0,3.7
25,2,17,25_17,panelist,none,NA,3.7,1,0,0,1,1,-0.1,3.6
25,2,18,25_18,panelist,med,NA,3.7,1,0,0,0,0,0,3.7
25,2,19,25_19,panelist,low,NA,3.7,1,0,1,0,0,0,3.7
25,2,20,25_20,panelist,low,NA,3.7,1,0,1,0,1,0.2,3.9
25,2,21,25_21,reviewer,low,3.9,3.7,0,0,1,0,1,0.1,3.8
25,2,22,25_22,panelist,none,NA,3.7,1,0,0,1,0,0,3.7
25,2,23,25_23,panelist,low,NA,3.7,1,0,1,0,0,0,3.7
25,2,24,25_24,panelist,low,NA,3.7,1,0,1,0,1,-0.1,3.6
25,3,01,25_01,panelist,none,NA,3.9,1,0,0,1,1,0.3,4.2
25,3,02,25_02,panelist,med,NA,3.9,1,0,0,0,0,0,3.9
25,3,03,25_03,panelist,med,NA,3.9,1,0,0,0,0,0,3.9
25,3,04,25_04,panelist,low,NA,3.9,1,0,1,0,0,0,3.9
25,3,05,25_05,panelist,med,NA,3.9,1,0,0,0,1,-0.5,3.4
25,3,06,25_06,panelist,low,NA,3.9,1,0,1,0,0,0,3.9
25,3,07,25_07,panelist,none,NA,3.9,1,0,0,1,1,-0.2,3.7
25,3,08,25_08,panelist,high,NA,3.9,1,1,0,0,0,0,3.9
25,3,09,25_09,reviewer,none,3.9,3.9,0,0,0,1,0,0,3.9
25,3,10,25_10,panelist,none,NA,3.9,1,0,0,1,0,0,3.9
25,3,11,25_11,panelist,none,NA,3.9,1,0,0,1,0,0,3.9
25,3,12,25_12,panelist,med,NA,3.9,1,0,0,0,0,0,3.9
25,3,13,25_13,panelist,none,NA,3.9,1,0,0,1,0,0,3.9
25,3,14,25_14,panelist,low,NA,3.9,1,0,1,0,1,0.3,4.2
25,3,15,25_15,panelist,none,NA,3.9,1,0,0,1,0,0,3.9
25,3,16,25_16,panelist,low,NA,3.9,1,0,1,0,1,-0.1,3.8
25,3,17,25_17,panelist,med,NA,3.9,1,0,0,0,1,0.1,4
25,3,18,25_18,panelist,none,NA,3.9,1,0,0,1,0,0,3.9
25,3,19,25_19,panelist,none,NA,3.9,1,0,0,1,0,0,3.9
25,3,20,25_20,reviewer,low,3.9,3.9,0,0,1,0,1,-0.2,3.7
25,3,21,25_21,panelist,high,NA,3.9,1,1,0,0,0,0,3.9
25,3,22,25_22,panelist,none,NA,3.9,1,0,0,1,1,0.1,4
25,3,23,25_23,panelist,low,NA,3.9,1,0,1,0,1,-0.2,3.7
25,3,24,25_24,reviewer,low,3.9,3.9,0,0,1,0,0,0,3.9
25,4,01,25_01,panelist,low,NA,4.1,1,0,1,0,0,0,4.1
25,4,02,25_02,panelist,med,NA,4.1,1,0,0,0,0,0,4.1
25,4,03,25_03,panelist,med,NA,4.1,1,0,0,0,0,0,4.1
25,4,04,25_04,reviewer,none,4.1,4.1,0,0,0,1,0,0,4.1
25,4,05,25_05,panelist,low,NA,4.1,1,0,1,0,0,0,4.1
25,4,06,25_06,panelist,high,NA,4.1,1,1,0,0,0,0,4.1
25,4,07,25_07,reviewer,none,4.2,4.1,0,0,0,1,1,-0.4,3.7
25,4,08,25_08,panelist,low,NA,4.1,1,0,1,0,1,-0.1,4
25,4,09,25_09,panelist,low,NA,4.1,1,0,1,0,1,0.1,4.2
25,4,10,25_10,panelist,none,NA,4.1,1,0,0,1,0,0,4.1
25,4,11,25_11,panelist,med,NA,4.1,1,0,0,0,0,0,4.1
25,4,12,25_12,panelist,low,NA,4.1,1,0,1,0,0,0,4.1
25,4,13,25_13,panelist,med,NA,4.1,1,0,0,0,1,-0.1,4
25,4,14,25_14,panelist,none,NA,4.1,1,0,0,1,0,0,4.1
25,4,15,25_15,panelist,low,NA,4.1,1,0,1,0,0,0,4.1
25,4,16,25_16,panelist,none,NA,4.1,1,0,0,1,1,-0.1,4
25,4,17,25_17,panelist,low,NA,4.1,1,0,1,0,0,0,4.1
25,4,18,25_18,panelist,none,NA,4.1,1,0,0,1,0,0,4.1
25,4,19,25_19,panelist,none,NA,4.1,1,0,0,1,0,0,4.1
25,4,20,25_20,panelist,med,NA,4.1,1,0,0,0,0,0,4.1
25,4,21,25_21,panelist,high,NA,4.1,1,1,0,0,0,0,4.1
25,4,22,25_22,panelist,none,NA,4.1,1,0,0,1,0,0,4.1
25,4,23,25_23,reviewer,none,4.1,4.1,0,0,0,1,0,0,4.1
25,4,24,25_24,panelist,none,NA,4.1,1,0,0,1,0,0,4.1
25,7,01,25_01,panelist,med,NA,3.7,1,0,0,0,0,0,3.7
25,7,02,25_02,panelist,low,NA,3.7,1,0,1,0,0,0,3.7
25,7,03,25_03,panelist,none,NA,3.7,1,0,0,1,0,0,3.7
25,7,04,25_04,panelist,none,NA,3.7,1,0,0,1,1,0.2,3.9
25,7,05,25_05,panelist,high,NA,3.7,1,1,0,0,0,0,3.7
25,7,06,25_06,panelist,none,NA,3.7,1,0,0,1,1,-0.1,3.6
25,7,07,25_07,panelist,low,NA,3.7,1,0,1,0,0,0,3.7
25,7,08,25_08,panelist,med,NA,3.7,1,0,0,0,1,0.1,3.8
25,7,09,25_09,panelist,none,NA,3.7,1,0,0,1,1,-0.2,3.5
25,7,10,25_10,reviewer,low,3.5,3.7,0,0,1,0,0,0,3.7
25,7,11,25_11,panelist,none,NA,3.7,1,0,0,1,1,0.1,3.8
25,7,12,25_12,reviewer,high,3.9,3.7,0,1,0,0,0,0,3.7
25,7,13,25_13,panelist,none,NA,3.7,1,0,0,1,1,0.1,3.8
25,7,14,25_14,panelist,none,NA,3.7,1,0,0,1,0,0,3.7
25,7,15,25_15,panelist,none,NA,3.7,1,0,0,1,0,0,3.7
25,7,16,25_16,panelist,none,NA,3.7,1,0,0,1,1,-0.2,3.5
25,7,17,25_17,panelist,low,NA,3.7,1,0,1,0,0,0,3.7
25,7,18,25_18,panelist,low,NA,3.7,1,0,1,0,0,0,3.7
25,7,19,25_19,panelist,med,NA,3.7,1,0,0,0,1,-0.1,3.6
25,7,20,25_20,panelist,low,NA,3.7,1,0,1,0,1,0.2,3.9
25,7,21,25_21,panelist,med,NA,3.7,1,0,0,0,0,0,3.7
25,7,22,25_22,panelist,low,NA,3.7,1,0,1,0,0,0,3.7
25,7,23,25_23,panelist,none,NA,3.7,1,0,0,1,0,0,3.7
25,7,24,25_24,reviewer,med,3.8,3.7,0,0,0,0,0,0,3.7
25,9,01,25_01,panelist,high,NA,3.9,1,1,0,0,0,0,3.9
25,9,02,25_02,reviewer,med,4,3.9,0,0,0,0,0,0,3.9
25,9,03,25_03,panelist,none,NA,3.9,1,0,0,1,0,0,3.9
25,9,04,25_04,panelist,low,NA,3.9,1,0,1,0,1,-0.3,3.6
25,9,05,25_05,panelist,none,NA,3.9,1,0,0,1,1,-0.1,3.8
25,9,06,25_06,panelist,none,NA,3.9,1,0,0,1,0,0,3.9
25,9,07,25_07,panelist,med,NA,3.9,1,0,0,0,1,0.1,4
25,9,08,25_08,panelist,low,NA,3.9,1,0,1,0,0,0,3.9
25,9,09,25_09,reviewer,low,3.7,3.9,0,0,1,0,1,-0.3,3.6
25,9,10,25_10,panelist,none,NA,3.9,1,0,0,1,1,-0.3,3.6
25,9,11,25_11,panelist,med,NA,3.9,1,0,0,0,0,0,3.9
25,9,12,25_12,panelist,none,NA,3.9,1,0,0,1,0,0,3.9
25,9,13,25_13,panelist,none,NA,3.9,1,0,0,1,1,-0.1,3.8
25,9,14,25_14,panelist,none,NA,3.9,1,0,0,1,0,0,3.9
25,9,15,25_15,panelist,med,NA,3.9,1,0,0,0,0,0,3.9
25,9,16,25_16,panelist,low,NA,3.9,1,0,1,0,1,-0.2,3.7
25,9,17,25_17,panelist,none,NA,3.9,1,0,0,1,1,0.1,4
25,9,18,25_18,panelist,none,NA,3.9,1,0,0,1,0,0,3.9
25,9,19,25_19,panelist,low,NA,3.9,1,0,1,0,0,0,3.9
25,9,20,25_20,panelist,none,NA,3.9,1,0,0,1,1,0.1,4
25,9,21,25_21,panelist,low,NA,3.9,1,0,1,0,0,0,3.9
25,9,22,25_22,reviewer,low,4.1,3.9,0,0,1,0,0,0,3.9
25,9,23,25_23,panelist,high,NA,3.9,1,1,0,0,0,0,3.9
25,9,24,25_24,panelist,med,NA,3.9,1,0,0,0,1,-0.1,3.8
25,13,01,25_01,panelist,med,NA,4.4,1,0,0,0,1,0.1,4.5
25,13,02,25_02,panelist,none,NA,4.4,1,0,0,1,1,0.2,4.6
25,13,03,25_03,panelist,low,NA,4.4,1,0,1,0,1,-0.2,4.2
25,13,04,25_04,panelist,none,NA,4.4,1,0,0,1,1,-0.1,4.3
25,13,05,25_05,panelist,low,NA,4.4,1,0,1,0,0,0,4.4
25,13,06,25_06,panelist,low,NA,4.4,1,0,1,0,0,0,4.4
25,13,07,25_07,panelist,high,NA,4.4,1,1,0,0,0,0,4.4
25,13,08,25_08,panelist,none,NA,4.4,1,0,0,1,1,-0.2,4.2
25,13,09,25_09,panelist,med,NA,4.4,1,0,0,0,0,0,4.4
25,13,10,25_10,reviewer,low,4.5,4.4,0,0,1,0,1,-0.2,4.2
25,13,11,25_11,reviewer,low,4,4.4,0,0,1,0,1,-0.1,4.3
25,13,12,25_12,panelist,low,NA,4.4,1,0,1,0,1,-0.3,4.1
25,13,13,25_13,panelist,none,NA,4.4,1,0,0,1,1,0.2,4.6
25,13,14,25_14,panelist,med,NA,4.4,1,0,0,0,0,0,4.4
25,13,15,25_15,panelist,high,NA,4.4,1,1,0,0,1,-0.2,4.2
25,13,16,25_16,panelist,med,NA,4.4,1,0,0,0,0,0,4.4
25,13,17,25_17,panelist,none,NA,4.4,1,0,0,1,0,0,4.4
25,13,18,25_18,panelist,none,NA,4.4,1,0,0,1,1,0.2,4.6
25,13,19,25_19,panelist,none,NA,4.4,1,0,0,1,0,0,4.4
25,13,20,25_20,panelist,med,NA,4.4,1,0,0,0,1,0.2,4.6
25,13,21,25_21,panelist,none,NA,4.4,1,0,0,1,0,0,4.4
25,13,22,25_22,panelist,none,NA,4.4,1,0,0,1,0,0,4.4
25,13,23,25_23,panelist,none,NA,4.4,1,0,0,1,0,0,4.4
25,13,24,25_24,reviewer,low,4.6,4.4,0,0,1,0,0,0,4.4
25,14,01,25_01,panelist,low,NA,4.2,1,0,1,0,1,0.1,4.3
25,14,02,25_02,panelist,med,NA,4.2,1,0,0,0,0,0,4.2
25,14,03,25_03,panelist,low,NA,4.2,1,0,1,0,1,-0.1,4.1
25,14,04,25_04,panelist,none,NA,4.2,1,0,0,1,1,-0.2,4
25,14,05,25_05,panelist,low,NA,4.2,1,0,1,0,1,0.1,4.3
25,14,06,25_06,panelist,low,NA,4.2,1,0,1,0,0,0,4.2
25,14,07,25_07,panelist,high,NA,4.2,1,1,0,0,0,0,4.2
25,14,08,25_08,panelist,low,NA,4.2,1,0,1,0,1,-0.1,4.1
25,14,09,25_09,panelist,low,NA,4.2,1,0,1,0,1,-0.2,4
25,14,10,25_10,reviewer,none,4.1,4.2,0,0,0,1,0,0,4.2
25,14,11,25_11,panelist,none,NA,4.2,1,0,0,1,0,0,4.2
25,14,12,25_12,reviewer,med,4.3,4.2,0,0,0,0,0,0,4.2
25,14,13,25_13,panelist,med,NA,4.2,1,0,0,0,0,0,4.2
25,14,14,25_14,panelist,none,NA,4.2,1,0,0,1,1,-0.1,4.1
25,14,15,25_15,panelist,none,NA,4.2,1,0,0,1,1,-0.1,4.1
25,14,16,25_16,panelist,low,NA,4.2,1,0,1,0,0,0,4.2
25,14,17,25_17,panelist,none,NA,4.2,1,0,0,1,1,0.2,4.4
25,14,18,25_18,panelist,med,NA,4.2,1,0,0,0,0,0,4.2
25,14,19,25_19,panelist,none,NA,4.2,1,0,0,1,1,-0.1,4.1
25,14,20,25_20,panelist,none,NA,4.2,1,0,0,1,0,0,4.2
25,14,21,25_21,reviewer,none,4.3,4.2,0,0,0,1,0,0,4.2
25,14,22,25_22,panelist,med,NA,4.2,1,0,0,0,1,0.3,4.5
25,14,23,25_23,panelist,high,NA,4.2,1,1,0,0,0,0,4.2
25,14,24,25_24,panelist,none,NA,4.2,1,0,0,1,1,-0.2,4
25,16,01,25_01,panelist,none,NA,3.7,1,0,0,1,0,0,3.7
25,16,02,25_02,panelist,low,NA,3.7,1,0,1,0,1,-0.1,3.6
25,16,03,25_03,panelist,med,NA,3.7,1,0,0,0,1,-0.1,3.6
25,16,04,25_04,panelist,none,NA,3.7,1,0,0,1,0,0,3.7
25,16,05,25_05,panelist,med,NA,3.7,1,0,0,0,0,0,3.7
25,16,06,25_06,panelist,low,NA,3.7,1,0,1,0,1,0.1,3.8
25,16,07,25_07,panelist,med,NA,3.7,1,0,0,0,0,0,3.7
25,16,08,25_08,reviewer,med,3.8,3.7,0,0,0,0,0,0,3.7
25,16,09,25_09,panelist,low,NA,3.7,1,0,1,0,0,0,3.7
25,16,10,25_10,reviewer,none,3.9,3.7,0,0,0,1,1,-0.1,3.6
25,16,11,25_11,panelist,low,NA,3.7,1,0,1,0,1,-0.1,3.6
25,16,12,25_12,panelist,none,NA,3.7,1,0,0,1,0,0,3.7
25,16,13,25_13,panelist,none,NA,3.7,1,0,0,1,0,0,3.7
25,16,14,25_14,panelist,low,NA,3.7,1,0,1,0,0,0,3.7
25,16,15,25_15,panelist,none,NA,3.7,1,0,0,1,1,-0.1,3.6
25,16,16,25_16,panelist,low,NA,3.7,1,0,1,0,1,0.1,3.8
25,16,17,25_17,panelist,high,NA,3.7,1,1,0,0,0,0,3.7
25,16,18,25_18,panelist,none,NA,3.7,1,0,0,1,0,0,3.7
25,16,19,25_19,panelist,high,NA,3.7,1,1,0,0,1,0.2,3.9
25,16,20,25_20,panelist,none,NA,3.7,1,0,0,1,0,0,3.7
25,16,21,25_21,panelist,low,NA,3.7,1,0,1,0,1,-0.2,3.5
25,16,22,25_22,reviewer,none,3.5,3.7,0,0,0,1,1,0.3,4
25,16,23,25_23,panelist,none,NA,3.7,1,0,0,1,0,0,3.7
25,16,24,25_24,panelist,med,NA,3.7,1,0,0,0,1,-0.1,3.6
25,17,01,25_01,panelist,low,NA,4.1,1,0,1,0,0,0,4.1
25,17,02,25_02,panelist,none,NA,4.1,1,0,0,1,1,0.3,4.4
25,17,03,25_03,panelist,high,NA,4.1,1,1,0,0,1,-0.2,3.9
25,17,04,25_04,panelist,none,NA,4.1,1,0,0,1,0,0,4.1
25,17,05,25_05,panelist,none,NA,4.1,1,0,0,1,0,0,4.1
25,17,06,25_06,panelist,low,NA,4.1,1,0,1,0,0,0,4.1
25,17,07,25_07,panelist,none,NA,4.1,1,0,0,1,0,0,4.1
25,17,08,25_08,panelist,med,NA,4.1,1,0,0,0,1,0.2,4.3
25,17,09,25_09,panelist,med,NA,4.1,1,0,0,0,1,-0.2,3.9
25,17,10,25_10,reviewer,med,4.2,4.1,0,0,0,0,0,0,4.1
25,17,11,25_11,panelist,none,NA,4.1,1,0,0,1,1,0.1,4.2
25,17,12,25_12,panelist,med,NA,4.1,1,0,0,0,1,-0.2,3.9
25,17,13,25_13,reviewer,low,4.1,4.1,0,0,1,0,0,0,4.1
25,17,14,25_14,panelist,none,NA,4.1,1,0,0,1,1,-0.1,4
25,17,15,25_15,reviewer,none,3.9,4.1,0,0,0,1,0,0,4.1
25,17,16,25_16,panelist,high,NA,4.1,1,1,0,0,1,0.3,4.4
25,17,17,25_17,panelist,med,NA,4.1,1,0,0,0,0,0,4.1
25,17,18,25_18,panelist,none,NA,4.1,1,0,0,1,0,0,4.1
25,17,19,25_19,panelist,low,NA,4.1,1,0,1,0,1,-0.1,4
25,17,20,25_20,panelist,none,NA,4.1,1,0,0,1,1,-0.3,3.8
25,17,21,25_21,panelist,low,NA,4.1,1,0,1,0,1,-0.2,3.9
25,17,22,25_22,panelist,low,NA,4.1,1,0,1,0,0,0,4.1
25,17,23,25_23,panelist,none,NA,4.1,1,0,0,1,0,0,4.1
25,17,24,25_24,panelist,low,NA,4.1,1,0,1,0,1,-0.1,4
25,19,01,25_01,panelist,none,NA,4.3,1,0,0,1,0,0,4.3
25,19,02,25_02,panelist,low,NA,4.3,1,0,1,0,0,0,4.3
25,19,03,25_03,panelist,low,NA,4.3,1,0,1,0,1,0.1,4.4
25,19,04,25_04,panelist,med,NA,4.3,1,0,0,0,1,-0.1,4.2
25,19,05,25_05,panelist,low,NA,4.3,1,0,1,0,1,-0.2,4.1
25,19,06,25_06,panelist,low,NA,4.3,1,0,1,0,0,0,4.3
25,19,07,25_07,panelist,none,NA,4.3,1,0,0,1,1,-0.1,4.2
25,19,08,25_08,panelist,none,NA,4.3,1,0,0,1,1,-0.2,4.1
25,19,09,25_09,reviewer,none,4.1,4.3,0,0,0,1,0,0,4.3
25,19,10,25_10,panelist,med,NA,4.3,1,0,0,0,0,0,4.3
25,19,11,25_11,panelist,none,NA,4.3,1,0,0,1,0,0,4.3
25,19,12,25_12,panelist,med,NA,4.3,1,0,0,0,0,0,4.3
25,19,13,25_13,panelist,high,NA,4.3,1,1,0,0,1,0.1,4.4
25,19,14,25_14,panelist,none,NA,4.3,1,0,0,1,0,0,4.3
25,19,15,25_15,panelist,low,NA,4.3,1,0,1,0,0,0,4.3
25,19,16,25_16,reviewer,high,4.3,4.3,0,1,0,0,0,0,4.3
25,19,17,25_17,panelist,none,NA,4.3,1,0,0,1,0,0,4.3
25,19,18,25_18,panelist,none,NA,4.3,1,0,0,1,0,0,4.3
25,19,19,25_19,reviewer,med,4.4,4.3,0,0,0,0,1,-0.1,4.2
25,19,20,25_20,panelist,low,NA,4.3,1,0,1,0,0,0,4.3
25,19,21,25_21,panelist,low,NA,4.3,1,0,1,0,0,0,4.3
25,19,22,25_22,panelist,none,NA,4.3,1,0,0,1,0,0,4.3
25,19,23,25_23,panelist,med,NA,4.3,1,0,0,0,0,0,4.3
25,19,24,25_24,panelist,none,NA,4.3,1,0,0,1,0,0,4.3
25,23,01,25_01,panelist,none,NA,3.6,1,0,0,1,1,0.2,3.8
25,23,02,25_02,panelist,low,NA,3.6,1,0,1,0,0,0,3.6
25,23,03,25_03,reviewer,none,3.5,3.6,0,0,0,1,1,-0.2,3.4
25,23,04,25_04,panelist,low,NA,3.6,1,0,1,0,0,0,3.6
25,23,05,25_05,panelist,med,NA,3.6,1,0,0,0,1,-0.2,3.4
25,23,06,25_06,panelist,low,NA,3.6,1,0,1,0,1,0.1,3.7
25,23,07,25_07,panelist,high,NA,3.6,1,1,0,0,0,0,3.6
25,23,08,25_08,panelist,med,NA,3.6,1,0,0,0,0,0,3.6
25,23,09,25_09,panelist,low,NA,3.6,1,0,1,0,0,0,3.6
25,23,10,25_10,panelist,low,NA,3.6,1,0,1,0,1,-0.4,3.2
25,23,11,25_11,reviewer,none,3.9,3.6,0,0,0,1,0,0,3.6
25,23,12,25_12,panelist,none,NA,3.6,1,0,0,1,0,0,3.6
25,23,13,25_13,reviewer,none,3.3,3.6,0,0,0,1,0,0,3.6
25,23,14,25_14,panelist,none,NA,3.6,1,0,0,1,1,0.1,3.7
25,23,15,25_15,panelist,low,NA,3.6,1,0,1,0,1,0.2,3.8
25,23,16,25_16,panelist,med,NA,3.6,1,0,0,0,0,0,3.6
25,23,17,25_17,panelist,high,NA,3.6,1,1,0,0,0,0,3.6
25,23,18,25_18,panelist,med,NA,3.6,1,0,0,0,1,0.4,4
25,23,19,25_19,panelist,none,NA,3.6,1,0,0,1,0,0,3.6
25,23,20,25_20,panelist,low,NA,3.6,1,0,1,0,0,0,3.6
25,23,21,25_21,panelist,none,NA,3.6,1,0,0,1,1,0.2,3.8
25,23,22,25_22,panelist,none,NA,3.6,1,0,0,1,0,0,3.6
25,23,23,25_23,panelist,none,NA,3.6,1,0,0,1,0,0,3.6
25,23,24,25_24,panelist,med,NA,3.6,1,0,0,0,0,0,3.6
25,24,01,25_01,panelist,none,NA,4.2,1,0,0,1,0,0,4.2
25,24,02,25_02,panelist,none,NA,4.2,1,0,0,1,0,0,4.2
25,24,03,25_03,panelist,med,NA,4.2,1,0,0,0,0,0,4.2
25,24,04,25_04,panelist,none,NA,4.2,1,0,0,1,1,0.1,4.3
25,24,05,25_05,reviewer,high,4.2,4.2,0,1,0,0,1,-0.1,4.1
25,24,06,25_06,panelist,low,NA,4.2,1,0,1,0,1,-0.1,4.1
25,24,07,25_07,panelist,med,NA,4.2,1,0,0,0,0,0,4.2
25,24,08,25_08,panelist,low,NA,4.2,1,0,1,0,0,0,4.2
25,24,09,25_09,panelist,none,NA,4.2,1,0,0,1,1,0.1,4.3
25,24,10,25_10,panelist,none,NA,4.2,1,0,0,1,0,0,4.2
25,24,11,25_11,panelist,none,NA,4.2,1,0,0,1,1,0.1,4.3
25,24,12,25_12,panelist,low,NA,4.2,1,0,1,0,1,-0.2,4
25,24,13,25_13,panelist,none,NA,4.2,1,0,0,1,1,-0.1,4.1
25,24,14,25_14,panelist,none,NA,4.2,1,0,0,1,1,0.1,4.3
25,24,15,25_15,panelist,none,NA,4.2,1,0,0,1,1,-0.2,4
25,24,16,25_16,panelist,med,NA,4.2,1,0,0,0,0,0,4.2
25,24,17,25_17,reviewer,low,4.2,4.2,0,0,1,0,1,0.1,4.3
25,24,18,25_18,panelist,low,NA,4.2,1,0,1,0,1,0.1,4.3
25,24,19,25_19,panelist,low,NA,4.2,1,0,1,0,1,0.1,4.3
25,24,20,25_20,panelist,med,NA,4.2,1,0,0,0,1,0.1,4.3
25,24,21,25_21,panelist,high,NA,4.2,1,1,0,0,0,0,4.2
25,24,22,25_22,reviewer,med,4.3,4.2,0,0,0,0,1,0.2,4.4
25,24,23,25_23,panelist,low,NA,4.2,1,0,1,0,0,0,4.2
25,24,24,25_24,panelist,none,NA,4.2,1,0,0,1,1,0.1,4.3
25,26,01,25_01,panelist,med,NA,3.9,1,0,0,0,0,0,3.9
25,26,02,25_02,panelist,none,NA,3.9,1,0,0,1,0,0,3.9
25,26,03,25_03,reviewer,none,3.8,3.9,0,0,0,1,1,0.1,4
25,26,04,25_04,panelist,med,NA,3.9,1,0,0,0,0,0,3.9
25,26,05,25_05,panelist,low,NA,3.9,1,0,1,0,1,-0.1,3.8
25,26,06,25_06,panelist,none,NA,3.9,1,0,0,1,1,-0.3,3.6
25,26,07,25_07,reviewer,low,4,3.9,0,0,1,0,0,0,3.9
25,26,08,25_08,panelist,low,NA,3.9,1,0,1,0,1,0.2,4.1
25,26,09,25_09,panelist,low,NA,3.9,1,0,1,0,1,-0.1,3.8
25,26,10,25_10,panelist,med,NA,3.9,1,0,0,0,0,0,3.9
25,26,11,25_11,panelist,none,NA,3.9,1,0,0,1,1,-0.3,3.6
25,26,12,25_12,panelist,none,NA,3.9,1,0,0,1,1,-0.5,3.4
25,26,13,25_13,panelist,low,NA,3.9,1,0,1,0,0,0,3.9
25,26,14,25_14,panelist,none,NA,3.9,1,0,0,1,1,-0.1,3.8
25,26,15,25_15,panelist,high,NA,3.9,1,1,0,0,0,0,3.9
25,26,16,25_16,panelist,high,NA,3.9,1,1,0,0,0,0,3.9
25,26,17,25_17,panelist,none,NA,3.9,1,0,0,1,0,0,3.9
25,26,18,25_18,panelist,none,NA,3.9,1,0,0,1,0,0,3.9
25,26,19,25_19,panelist,med,NA,3.9,1,0,0,0,0,0,3.9
25,26,20,25_20,panelist,none,NA,3.9,1,0,0,1,1,-0.2,3.7
25,26,21,25_21,panelist,med,NA,3.9,1,0,0,0,0,0,3.9
25,26,22,25_22,panelist,low,NA,3.9,1,0,1,0,1,-0.1,3.8
25,26,23,25_23,reviewer,none,3.9,3.9,0,0,0,1,1,0.3,4.2
25,26,24,25_24,panelist,low,NA,3.9,1,0,1,0,0,0,3.9
25,29,01,25_01,panelist,low,NA,3.7,1,0,1,0,0,0,3.7
25,29,02,25_02,panelist,low,NA,3.7,1,0,1,0,0,0,3.7
25,29,03,25_03,panelist,none,NA,3.7,1,0,0,1,0,0,3.7
25,29,04,25_04,panelist,none,NA,3.7,1,0,0,1,0,0,3.7
25,29,05,25_05,panelist,none,NA,3.7,1,0,0,1,0,0,3.7
25,29,06,25_06,panelist,med,NA,3.7,1,0,0,0,1,0.1,3.8
25,29,07,25_07,panelist,low,NA,3.7,1,0,1,0,1,0.1,3.8
25,29,08,25_08,panelist,none,NA,3.7,1,0,0,1,1,-0.1,3.6
25,29,09,25_09,panelist,none,NA,3.7,1,0,0,1,0,0,3.7
25,29,10,25_10,panelist,med,NA,3.7,1,0,0,0,0,0,3.7
25,29,11,25_11,panelist,none,NA,3.7,1,0,0,1,1,-0.2,3.5
25,29,12,25_12,reviewer,med,3.7,3.7,0,0,0,0,0,0,3.7
25,29,13,25_13,panelist,none,NA,3.7,1,0,0,1,0,0,3.7
25,29,14,25_14,panelist,low,NA,3.7,1,0,1,0,0,0,3.7
25,29,15,25_15,reviewer,med,3.8,3.7,0,0,0,0,1,0.3,4
25,29,16,25_16,panelist,low,NA,3.7,1,0,1,0,0,0,3.7
25,29,17,25_17,panelist,low,NA,3.7,1,0,1,0,1,0.2,3.9
25,29,18,25_18,panelist,low,NA,3.7,1,0,1,0,1,0.4,4.1
25,29,19,25_19,reviewer,med,3.6,3.7,0,0,0,0,0,0,3.7
25,29,20,25_20,panelist,high,NA,3.7,1,1,0,0,0,0,3.7
25,29,21,25_21,panelist,none,NA,3.7,1,0,0,1,0,0,3.7
25,29,22,25_22,panelist,none,NA,3.7,1,0,0,1,0,0,3.7
25,29,23,25_23,panelist,none,NA,3.7,1,0,0,1,0,0,3.7
25,29,24,25_24,panelist,high,NA,3.7,1,1,0,0,1,-0.3,3.4
25,30,01,25_01,panelist,low,NA,3.5,1,0,1,0,1,0.3,3.8
25,30,02,25_02,panelist,med,NA,3.5,1,0,0,0,1,0.2,3.7
25,30,03,25_03,panelist,low,NA,3.5,1,0,1,0,0,0,3.5
25,30,04,25_04,panelist,med,NA,3.5,1,0,0,0,0,0,3.5
25,30,05,25_05,panelist,none,NA,3.5,1,0,0,1,1,0.1,3.6
25,30,06,25_06,panelist,low,NA,3.5,1,0,1,0,0,0,3.5
25,30,07,25_07,panelist,none,NA,3.5,1,0,0,1,1,-0.2,3.3
25,30,08,25_08,panelist,med,NA,3.5,1,0,0,0,0,0,3.5
25,30,09,25_09,reviewer,none,3.7,3.5,0,0,0,1,0,0,3.5
25,30,10,25_10,panelist,none,NA,3.5,1,0,0,1,1,-0.1,3.4
25,30,11,25_11,panelist,med,NA,3.5,1,0,0,0,1,0.1,3.6
25,30,12,25_12,panelist,none,NA,3.5,1,0,0,1,0,0,3.5
25,30,13,25_13,reviewer,none,3.4,3.5,0,0,0,1,0,0,3.5
25,30,14,25_14,panelist,none,NA,3.5,1,0,0,1,1,0.2,3.7
25,30,15,25_15,panelist,none,NA,3.5,1,0,0,1,1,0.1,3.6
25,30,16,25_16,reviewer,high,3.3,3.5,0,1,0,0,1,-0.2,3.3
25,30,17,25_17,panelist,low,NA,3.5,1,0,1,0,0,0,3.5
25,30,18,25_18,panelist,none,NA,3.5,1,0,0,1,1,0.3,3.8
25,30,19,25_19,panelist,low,NA,3.5,1,0,1,0,1,0.2,3.7
25,30,20,25_20,panelist,high,NA,3.5,1,1,0,0,1,0.1,3.6
25,30,21,25_21,panelist,none,NA,3.5,1,0,0,1,1,0.1,3.6
25,30,22,25_22,panelist,med,NA,3.5,1,0,0,0,1,0.2,3.7
25,30,23,25_23,panelist,low,NA,3.5,1,0,1,0,0,0,3.5
25,30,24,25_24,panelist,low,NA,3.5,1,0,1,0,1,0.3,3.8
26,1,01,26_01,panelist,low,NA,3.9,1,0,1,0,0,0,3.9
26,1,02,26_02,panelist,none,NA,3.9,1,0,0,1,1,-0.3,3.6
26,1,03,26_03,panelist,med,NA,3.9,1,0,0,0,1,-0.1,3.8
26,1,04,26_04,reviewer,none,3.9,3.9,0,0,0,1,0,0,3.9
26,1,05,26_05,panelist,med,NA,3.9,1,0,0,0,1,0.1,4
26,1,06,26_06,panelist,none,NA,3.9,1,0,0,1,0,0,3.9
26,1,07,26_07,panelist,low,NA,3.9,1,0,1,0,0,0,3.9
26,1,08,26_08,panelist,high,NA,3.9,1,1,0,0,0,0,3.9
26,1,09,26_09,panelist,med,NA,3.9,1,0,0,0,0,0,3.9
26,1,10,26_10,panelist,none,NA,3.9,1,0,0,1,1,0.3,4.2
26,1,11,26_11,panelist,low,NA,3.9,1,0,1,0,0,0,3.9
26,1,12,26_12,panelist,high,NA,3.9,1,1,0,0,0,0,3.9
26,1,13,26_13,panelist,low,NA,3.9,1,0,1,0,1,-0.1,3.8
26,1,14,26_14,panelist,med,NA,3.9,1,0,0,0,0,0,3.9
26,1,15,26_15,panelist,none,NA,3.9,1,0,0,1,0,0,3.9
26,1,16,26_16,panelist,none,NA,3.9,1,0,0,1,1,0.1,4
26,1,17,26_17,panelist,low,NA,3.9,1,0,1,0,1,-0.2,3.7
26,1,18,26_18,reviewer,low,3.9,3.9,0,0,1,0,0,0,3.9
26,1,19,26_19,panelist,med,NA,3.9,1,0,0,0,1,-0.2,3.7
26,1,20,26_20,panelist,low,NA,3.9,1,0,1,0,0,0,3.9
26,1,21,26_21,panelist,none,NA,3.9,1,0,0,1,1,0.2,4.1
26,1,22,26_22,panelist,none,NA,3.9,1,0,0,1,0,0,3.9
26,1,23,26_23,panelist,none,NA,3.9,1,0,0,1,0,0,3.9
26,1,24,26_24,reviewer,none,3.9,3.9,0,0,0,1,1,0.1,4
26,5,01,26_01,panelist,none,NA,4.3,1,0,0,1,1,-0.1,4.2
26,5,02,26_02,panelist,low,NA,4.3,1,0,1,0,0,0,4.3
26,5,03,26_03,panelist,none,NA,4.3,1,0,0,1,1,0.3,4.6
26,5,04,26_04,panelist,low,NA,4.3,1,0,1,0,0,0,4.3
26,5,05,26_05,panelist,none,NA,4.3,1,0,0,1,1,-0.3,4
26,5,06,26_06,panelist,med,NA,4.3,1,0,0,0,1,0.1,4.4
26,5,07,26_07,panelist,none,NA,4.3,1,0,0,1,1,0.2,4.5
26,5,08,26_08,panelist,none,NA,4.3,1,0,0,1,0,0,4.3
26,5,09,26_09,panelist,none,NA,4.3,1,0,0,1,0,0,4.3
26,5,10,26_10,panelist,med,NA,4.3,1,0,0,0,0,0,4.3
26,5,11,26_11,panelist,none,NA,4.3,1,0,0,1,1,-0.2,4.1
26,5,12,26_12,reviewer,high,4.4,4.3,0,1,0,0,0,0,4.3
26,5,13,26_13,panelist,med,NA,4.3,1,0,0,0,0,0,4.3
26,5,14,26_14,panelist,none,NA,4.3,1,0,0,1,0,0,4.3
26,5,15,26_15,panelist,low,NA,4.3,1,0,1,0,1,-0.2,4.1
26,5,16,26_16,panelist,low,NA,4.3,1,0,1,0,1,-0.3,4
26,5,17,26_17,panelist,low,NA,4.3,1,0,1,0,1,-0.2,4.1
26,5,18,26_18,panelist,none,NA,4.3,1,0,0,1,1,-0.2,4.1
26,5,19,26_19,panelist,low,NA,4.3,1,0,1,0,0,0,4.3
26,5,20,26_20,reviewer,med,4.2,4.3,0,0,0,0,0,0,4.3
26,5,21,26_21,panelist,high,NA,4.3,1,1,0,0,0,0,4.3
26,5,22,26_22,reviewer,none,4.2,4.3,0,0,0,1,1,0.1,4.4
26,5,23,26_23,panelist,med,NA,4.3,1,0,0,0,0,0,4.3
26,5,24,26_24,panelist,low,NA,4.3,1,0,1,0,0,0,4.3
26,7,01,26_01,panelist,none,NA,3.9,1,0,0,1,0,0,3.9
26,7,02,26_02,panelist,none,NA,3.9,1,0,0,1,1,-0.2,3.7
26,7,03,26_03,panelist,none,NA,3.9,1,0,0,1,0,0,3.9
26,7,04,26_04,panelist,med,NA,3.9,1,0,0,0,1,-0.1,3.8
26,7,05,26_05,panelist,high,NA,3.9,1,1,0,0,0,0,3.9
26,7,06,26_06,panelist,none,NA,3.9,1,0,0,1,0,0,3.9
26,7,07,26_07,panelist,none,NA,3.9,1,0,0,1,1,0.4,4.3
26,7,08,26_08,panelist,high,NA,3.9,1,1,0,0,0,0,3.9
26,7,09,26_09,panelist,low,NA,3.9,1,0,1,0,1,0.1,4
26,7,10,26_10,panelist,low,NA,3.9,1,0,1,0,0,0,3.9
26,7,11,26_11,panelist,none,NA,3.9,1,0,0,1,0,0,3.9
26,7,12,26_12,panelist,med,NA,3.9,1,0,0,0,1,0.1,4
26,7,13,26_13,reviewer,none,3.9,3.9,0,0,0,1,0,0,3.9
26,7,14,26_14,reviewer,low,3.8,3.9,0,0,1,0,1,-0.1,3.8
26,7,15,26_15,panelist,med,NA,3.9,1,0,0,0,0,0,3.9
26,7,16,26_16,panelist,none,NA,3.9,1,0,0,1,0,0,3.9
26,7,17,26_17,panelist,none,NA,3.9,1,0,0,1,1,0.3,4.2
26,7,18,26_18,panelist,low,NA,3.9,1,0,1,0,0,0,3.9
26,7,19,26_19,panelist,low,NA,3.9,1,0,1,0,0,0,3.9
26,7,20,26_20,reviewer,med,3.9,3.9,0,0,0,0,1,0.3,4.2
26,7,21,26_21,panelist,none,NA,3.9,1,0,0,1,1,0.1,4
26,7,22,26_22,panelist,med,NA,3.9,1,0,0,0,0,0,3.9
26,7,23,26_23,panelist,low,NA,3.9,1,0,1,0,1,-0.3,3.6
26,7,24,26_24,panelist,low,NA,3.9,1,0,1,0,0,0,3.9
26,9,01,26_01,panelist,low,NA,3.9,1,0,1,0,0,0,3.9
26,9,02,26_02,panelist,med,NA,3.9,1,0,0,0,1,-0.2,3.7
26,9,03,26_03,reviewer,none,3.9,3.9,0,0,0,1,0,0,3.9
26,9,04,26_04,panelist,none,NA,3.9,1,0,0,1,0,0,3.9
26,9,05,26_05,panelist,low,NA,3.9,1,0,1,0,0,0,3.9
26,9,06,26_06,panelist,none,NA,3.9,1,0,0,1,0,0,3.9
26,9,07,26_07,panelist,none,NA,3.9,1,0,0,1,1,0.1,4
26,9,08,26_08,panelist,high,NA,3.9,1,1,0,0,0,0,3.9
26,9,09,26_09,panelist,low,NA,3.9,1,0,1,0,0,0,3.9
26,9,10,26_10,panelist,none,NA,3.9,1,0,0,1,0,0,3.9
26,9,11,26_11,panelist,med,NA,3.9,1,0,0,0,0,0,3.9
26,9,12,26_12,panelist,med,NA,3.9,1,0,0,0,1,-0.2,3.7
26,9,13,26_13,panelist,high,NA,3.9,1,1,0,0,0,0,3.9
26,9,14,26_14,reviewer,low,4,3.9,0,0,1,0,0,0,3.9
26,9,15,26_15,panelist,none,NA,3.9,1,0,0,1,1,0.1,4
26,9,16,26_16,panelist,none,NA,3.9,1,0,0,1,0,0,3.9
26,9,17,26_17,panelist,low,NA,3.9,1,0,1,0,0,0,3.9
26,9,18,26_18,panelist,med,NA,3.9,1,0,0,0,0,0,3.9
26,9,19,26_19,panelist,none,NA,3.9,1,0,0,1,1,0.1,4
26,9,20,26_20,panelist,low,NA,3.9,1,0,1,0,0,0,3.9
26,9,21,26_21,panelist,none,NA,3.9,1,0,0,1,1,0.5,4.4
26,9,22,26_22,panelist,med,NA,3.9,1,0,0,0,0,0,3.9
26,9,23,26_23,reviewer,low,3.8,3.9,0,0,1,0,1,-0.1,3.8
26,9,24,26_24,panelist,none,NA,3.9,1,0,0,1,0,0,3.9
26,10,01,26_01,panelist,med,NA,3.8,1,0,0,0,1,-0.1,3.7
26,10,02,26_02,panelist,none,NA,3.8,1,0,0,1,1,-0.3,3.5
26,10,03,26_03,panelist,low,NA,3.8,1,0,1,0,1,0.1,3.9
26,10,04,26_04,panelist,med,NA,3.8,1,0,0,0,0,0,3.8
26,10,05,26_05,panelist,low,NA,3.8,1,0,1,0,1,-0.3,3.5
26,10,06,26_06,reviewer,med,3.6,3.8,0,0,0,0,0,0,3.8
26,10,07,26_07,panelist,none,NA,3.8,1,0,0,1,1,0.2,4
26,10,08,26_08,panelist,med,NA,3.8,1,0,0,0,0,0,3.8
26,10,09,26_09,panelist,none,NA,3.8,1,0,0,1,0,0,3.8
26,10,10,26_10,panelist,none,NA,3.8,1,0,0,1,0,0,3.8
26,10,11,26_11,panelist,low,NA,3.8,1,0,1,0,1,0.3,4.1
26,10,12,26_12,panelist,none,NA,3.8,1,0,0,1,0,0,3.8
26,10,13,26_13,panelist,med,NA,3.8,1,0,0,0,0,0,3.8
26,10,14,26_14,reviewer,none,3.8,3.8,0,0,0,1,1,-0.2,3.6
26,10,15,26_15,panelist,none,NA,3.8,1,0,0,1,1,0.1,3.9
26,10,16,26_16,panelist,low,NA,3.8,1,0,1,0,0,0,3.8
26,10,17,26_17,panelist,low,NA,3.8,1,0,1,0,1,0.1,3.9
26,10,18,26_18,panelist,none,NA,3.8,1,0,0,1,0,0,3.8
26,10,19,26_19,panelist,low,NA,3.8,1,0,1,0,1,0.1,3.9
26,10,20,26_20,panelist,none,NA,3.8,1,0,0,1,1,0.2,4
26,10,21,26_21,panelist,high,NA,3.8,1,1,0,0,0,0,3.8
26,10,22,26_22,panelist,high,NA,3.8,1,1,0,0,1,-0.2,3.6
26,10,23,26_23,reviewer,low,3.9,3.8,0,0,1,0,1,0.4,4.2
26,10,24,26_24,panelist,none,NA,3.8,1,0,0,1,0,0,3.8
26,11,01,26_01,panelist,none,NA,4,1,0,0,1,1,-0.2,3.8
26,11,02,26_02,reviewer,high,4.1,4,0,1,0,0,0,0,4
26,11,03,26_03,panelist,high,NA,4,1,1,0,0,1,-0.2,3.8
26,11,04,26_04,panelist,low,NA,4,1,0,1,0,0,0,4
26,11,05,26_05,panelist,med,NA,4,1,0,0,0,0,0,4
26,11,06,26_06,panelist,none,NA,4,1,0,0,1,0,0,4
26,11,07,26_07,panelist,none,NA,4,1,0,0,1,1,0.1,4.1
26,11,08,26_08,panelist,none,NA,4,1,0,0,1,1,-0.1,3.9
26,11,09,26_09,panelist,none,NA,4,1,0,0,1,1,-0.2,3.8
26,11,10,26_10,panelist,low,NA,4,1,0,1,0,0,0,4
26,11,11,26_11,panelist,med,NA,4,1,0,0,0,1,0.2,4.2
26,11,12,26_12,reviewer,low,3.7,4,0,0,1,0,0,0,4
26,11,13,26_13,panelist,med,NA,4,1,0,0,0,0,0,4
26,11,14,26_14,panelist,none,NA,4,1,0,0,1,1,-0.3,3.7
26,11,15,26_15,panelist,low,NA,4,1,0,1,0,0,0,4
26,11,16,26_16,panelist,low,NA,4,1,0,1,0,1,-0.4,3.6
26,11,17,26_17,panelist,low,NA,4,1,0,1,0,0,0,4
26,11,18,26_18,panelist,low,NA,4,1,0,1,0,1,-0.2,3.8
26,11,19,26_19,panelist,none,NA,4,1,0,0,1,0,0,4
26,11,20,26_20,panelist,none,NA,4,1,0,0,1,0,0,4
26,11,21,26_21,reviewer,none,4.1,4,0,0,0,1,0,0,4
26,11,22,26_22,panelist,none,NA,4,1,0,0,1,1,0.2,4.2
26,11,23,26_23,panelist,med,NA,4,1,0,0,0,0,0,4
26,11,24,26_24,panelist,med,NA,4,1,0,0,0,1,0.1,4.1
26,14,01,26_01,panelist,none,NA,3.9,1,0,0,1,0,0,3.9
26,14,02,26_02,panelist,low,NA,3.9,1,0,1,0,0,0,3.9
26,14,03,26_03,panelist,none,NA,3.9,1,0,0,1,1,0.1,4
26,14,04,26_04,panelist,med,NA,3.9,1,0,0,0,0,0,3.9
26,14,05,26_05,panelist,low,NA,3.9,1,0,1,0,1,0.2,4.1
26,14,06,26_06,panelist,high,NA,3.9,1,1,0,0,1,0.3,4.2
26,14,07,26_07,panelist,none,NA,3.9,1,0,0,1,1,-0.1,3.8
26,14,08,26_08,panelist,none,NA,3.9,1,0,0,1,0,0,3.9
26,14,09,26_09,panelist,med,NA,3.9,1,0,0,0,0,0,3.9
26,14,10,26_10,panelist,high,NA,3.9,1,1,0,0,0,0,3.9
26,14,11,26_11,panelist,med,NA,3.9,1,0,0,0,0,0,3.9
26,14,12,26_12,panelist,low,NA,3.9,1,0,1,0,0,0,3.9
26,14,13,26_13,panelist,none,NA,3.9,1,0,0,1,0,0,3.9
26,14,14,26_14,panelist,low,NA,3.9,1,0,1,0,1,0.2,4.1
26,14,15,26_15,panelist,none,NA,3.9,1,0,0,1,0,0,3.9
26,14,16,26_16,panelist,none,NA,3.9,1,0,0,1,0,0,3.9
26,14,17,26_17,panelist,none,NA,3.9,1,0,0,1,1,0.2,4.1
26,14,18,26_18,reviewer,low,4.1,3.9,0,0,1,0,1,-0.3,3.6
26,14,19,26_19,reviewer,med,3.7,3.9,0,0,0,0,1,0.2,4.1
26,14,20,26_20,panelist,med,NA,3.9,1,0,0,0,1,0.1,4
26,14,21,26_21,panelist,low,NA,3.9,1,0,1,0,0,0,3.9
26,14,22,26_22,reviewer,none,3.9,3.9,0,0,0,1,0,0,3.9
26,14,23,26_23,panelist,low,NA,3.9,1,0,1,0,0,0,3.9
26,14,24,26_24,panelist,none,NA,3.9,1,0,0,1,1,-0.4,3.5
26,19,01,26_01,reviewer,low,3.7,3.9,0,0,1,0,1,-0.2,3.7
26,19,02,26_02,panelist,low,NA,3.9,1,0,1,0,1,-0.2,3.7
26,19,03,26_03,panelist,none,NA,3.9,1,0,0,1,0,0,3.9
26,19,04,26_04,panelist,none,NA,3.9,1,0,0,1,1,-0.1,3.8
26,19,05,26_05,panelist,none,NA,3.9,1,0,0,1,1,-0.1,3.8
26,19,06,26_06,panelist,none,NA,3.9,1,0,0,1,1,0.1,4
26,19,07,26_07,panelist,none,NA,3.9,1,0,0,1,0,0,3.9
26,19,08,26_08,panelist,none,NA,3.9,1,0,0,1,1,-0.1,3.8
26,19,09,26_09,panelist,med,NA,3.9,1,0,0,0,1,0.3,4.2
26,19,10,26_10,panelist,low,NA,3.9,1,0,1,0,0,0,3.9
26,19,11,26_11,panelist,med,NA,3.9,1,0,0,0,0,0,3.9
26,19,12,26_12,panelist,high,NA,3.9,1,1,0,0,1,0.4,4.3
26,19,13,26_13,panelist,low,NA,3.9,1,0,1,0,0,0,3.9
26,19,14,26_14,panelist,none,NA,3.9,1,0,0,1,1,-0.2,3.7
26,19,15,26_15,panelist,low,NA,3.9,1,0,1,0,1,-0.2,3.7
26,19,16,26_16,panelist,low,NA,3.9,1,0,1,0,0,0,3.9
26,19,17,26_17,panelist,low,NA,3.9,1,0,1,0,1,0.2,4.1
26,19,18,26_18,reviewer,med,4,3.9,0,0,0,0,0,0,3.9
26,19,19,26_19,panelist,med,NA,3.9,1,0,0,0,1,0.2,4.1
26,19,20,26_20,reviewer,none,4.1,3.9,0,0,0,1,0,0,3.9
26,19,21,26_21,panelist,none,NA,3.9,1,0,0,1,0,0,3.9
26,19,22,26_22,panelist,med,NA,3.9,1,0,0,0,0,0,3.9
26,19,23,26_23,panelist,high,NA,3.9,1,1,0,0,0,0,3.9
26,19,24,26_24,panelist,none,NA,3.9,1,0,0,1,0,0,3.9
26,20,01,26_01,reviewer,none,4.1,4,0,0,0,1,0,0,4
26,20,02,26_02,panelist,none,NA,4,1,0,0,1,0,0,4
26,20,03,26_03,reviewer,low,4.1,4,0,0,1,0,0,0,4
26,20,04,26_04,panelist,none,NA,4,1,0,0,1,0,0,4
26,20,05,26_05,panelist,none,NA,4,1,0,0,1,0,0,4
26,20,06,26_06,panelist,low,NA,4,1,0,1,0,0,0,4
26,20,07,26_07,panelist,low,NA,4,1,0,1,0,1,0.1,4.1
26,20,08,26_08,panelist,high,NA,4,1,1,0,0,0,0,4
26,20,09,26_09,panelist,low,NA,4,1,0,1,0,0,0,4
26,20,10,26_10,panelist,med,NA,4,1,0,0,0,0,0,4
26,20,11,26_11,panelist,med,NA,4,1,0,0,0,1,-0.1,3.9
26,20,12,26_12,reviewer,med,3.9,4,0,0,0,0,0,0,4
26,20,13,26_13,panelist,high,NA,4,1,1,0,0,1,-0.1,3.9
26,20,14,26_14,panelist,none,NA,4,1,0,0,1,1,-0.1,3.9
26,20,15,26_15,panelist,none,NA,4,1,0,0,1,1,-0.4,3.6
26,20,16,26_16,panelist,none,NA,4,1,0,0,1,1,-0.3,3.7
26,20,17,26_17,panelist,none,NA,4,1,0,0,1,0,0,4
26,20,18,26_18,panelist,low,NA,4,1,0,1,0,1,-0.2,3.8
26,20,19,26_19,panelist,med,NA,4,1,0,0,0,0,0,4
26,20,20,26_20,panelist,low,NA,4,1,0,1,0,0,0,4
26,20,21,26_21,panelist,none,NA,4,1,0,0,1,1,0.2,4.2
26,20,22,26_22,panelist,none,NA,4,1,0,0,1,0,0,4
26,20,23,26_23,panelist,low,NA,4,1,0,1,0,0,0,4
26,20,24,26_24,panelist,med,NA,4,1,0,0,0,1,-0.1,3.9
26,22,01,26_01,panelist,med,NA,3.5,1,0,0,0,0,0,3.5
26,22,02,26_02,panelist,none,NA,3.5,1,0,0,1,1,-0.1,3.4
26,22,03,26_03,panelist,med,NA,3.5,1,0,0,0,0,0,3.5
26,22,04,26_04,panelist,low,NA,3.5,1,0,1,0,0,0,3.5
26,22,05,26_05,panelist,med,NA,3.5,1,0,0,0,0,0,3.5
26,22,06,26_06,panelist,none,NA,3.5,1,0,0,1,1,-0.1,3.4
26,22,07,26_07,panelist,none,NA,3.5,1,0,0,1,0,0,3.5
26,22,08,26_08,panelist,none,NA,3.5,1,0,0,1,0,0,3.5
26,22,09,26_09,panelist,low,NA,3.5,1,0,1,0,1,0.2,3.7
26,22,10,26_10,panelist,none,NA,3.5,1,0,0,1,1,0.2,3.7
26,22,11,26_11,panelist,none,NA,3.5,1,0,0,1,0,0,3.5
26,22,12,26_12,panelist,low,NA,3.5,1,0,1,0,1,0.3,3.8
26,22,13,26_13,panelist,high,NA,3.5,1,1,0,0,0,0,3.5
26,22,14,26_14,panelist,none,NA,3.5,1,0,0,1,1,0.3,3.8
26,22,15,26_15,reviewer,low,3.1,3.5,0,0,1,0,0,0,3.5
26,22,16,26_16,reviewer,med,3.6,3.5,0,0,0,0,0,0,3.5
26,22,17,26_17,panelist,high,NA,3.5,1,1,0,0,0,0,3.5
26,22,18,26_18,panelist,med,NA,3.5,1,0,0,0,0,0,3.5
26,22,19,26_19,panelist,none,NA,3.5,1,0,0,1,1,-0.1,3.4
26,22,20,26_20,reviewer,low,3.8,3.5,0,0,1,0,1,0.1,3.6
26,22,21,26_21,panelist,none,NA,3.5,1,0,0,1,0,0,3.5
26,22,22,26_22,panelist,low,NA,3.5,1,0,1,0,1,-0.2,3.3
26,22,23,26_23,panelist,none,NA,3.5,1,0,0,1,0,0,3.5
26,22,24,26_24,panelist,low,NA,3.5,1,0,1,0,1,-0.2,3.3
26,23,01,26_01,panelist,none,NA,3.6,1,0,0,1,1,-0.1,3.5
26,23,02,26_02,panelist,high,NA,3.6,1,1,0,0,0,0,3.6
26,23,03,26_03,panelist,low,NA,3.6,1,0,1,0,0,0,3.6
26,23,04,26_04,panelist,none,NA,3.6,1,0,0,1,0,0,3.6
26,23,05,26_05,panelist,low,NA,3.6,1,0,1,0,0,0,3.6
26,23,06,26_06,panelist,med,NA,3.6,1,0,0,0,1,0.2,3.8
26,23,07,26_07,panelist,none,NA,3.6,1,0,0,1,1,-0.1,3.5
26,23,08,26_08,panelist,low,NA,3.6,1,0,1,0,1,0.1,3.7
26,23,09,26_09,panelist,none,NA,3.6,1,0,0,1,1,0.1,3.7
26,23,10,26_10,panelist,low,NA,3.6,1,0,1,0,0,0,3.6
26,23,11,26_11,panelist,none,NA,3.6,1,0,0,1,0,0,3.6
26,23,12,26_12,panelist,med,NA,3.6,1,0,0,0,0,0,3.6
26,23,13,26_13,panelist,none,NA,3.6,1,0,0,1,0,0,3.6
26,23,14,26_14,panelist,med,NA,3.6,1,0,0,0,1,-0.1,3.5
26,23,15,26_15,panelist,low,NA,3.6,1,0,1,0,1,0.1,3.7
26,23,16,26_16,panelist,low,NA,3.6,1,0,1,0,1,-0.1,3.5
26,23,17,26_17,panelist,none,NA,3.6,1,0,0,1,1,-0.2,3.4
26,23,18,26_18,panelist,med,NA,3.6,1,0,0,0,0,0,3.6
26,23,19,26_19,panelist,med,NA,3.6,1,0,0,0,1,-0.2,3.4
26,23,20,26_20,reviewer,none,4,3.6,0,0,0,1,0,0,3.6
26,23,21,26_21,reviewer,none,3.4,3.6,0,0,0,1,0,0,3.6
26,23,22,26_22,reviewer,none,3.4,3.6,0,0,0,1,0,0,3.6
26,23,23,26_23,panelist,high,NA,3.6,1,1,0,0,0,0,3.6
26,23,24,26_24,panelist,low,NA,3.6,1,0,1,0,1,-0.1,3.5
26,24,01,26_01,panelist,med,NA,4.2,1,0,0,0,0,0,4.2
26,24,02,26_02,panelist,med,NA,4.2,1,0,0,0,0,0,4.2
26,24,03,26_03,panelist,none,NA,4.2,1,0,0,1,0,0,4.2
26,24,04,26_04,panelist,low,NA,4.2,1,0,1,0,1,-0.2,4
26,24,05,26_05,reviewer,low,4,4.2,0,0,1,0,1,0.1,4.3
26,24,06,26_06,panelist,high,NA,4.2,1,1,0,0,0,0,4.2
26,24,07,26_07,panelist,none,NA,4.2,1,0,0,1,1,0.2,4.4
26,24,08,26_08,panelist,none,NA,4.2,1,0,0,1,1,0.2,4.4
26,24,09,26_09,panelist,med,NA,4.2,1,0,0,0,0,0,4.2
26,24,10,26_10,panelist,low,NA,4.2,1,0,1,0,0,0,4.2
26,24,11,26_11,panelist,none,NA,4.2,1,0,0,1,1,0.3,4.5
26,24,12,26_12,panelist,low,NA,4.2,1,0,1,0,0,0,4.2
26,24,13,26_13,panelist,none,NA,4.2,1,0,0,1,0,0,4.2
26,24,14,26_14,panelist,none,NA,4.2,1,0,0,1,0,0,4.2
26,24,15,26_15,panelist,none,NA,4.2,1,0,0,1,1,-0.1,4.1
26,24,16,26_16,panelist,none,NA,4.2,1,0,0,1,0,0,4.2
26,24,17,26_17,panelist,none,NA,4.2,1,0,0,1,0,0,4.2
26,24,18,26_18,panelist,high,NA,4.2,1,1,0,0,0,0,4.2
26,24,19,26_19,reviewer,low,4.2,4.2,0,0,1,0,1,-0.2,4
26,24,20,26_20,panelist,med,NA,4.2,1,0,0,0,0,0,4.2
26,24,21,26_21,panelist,none,NA,4.2,1,0,0,1,0,0,4.2
26,24,22,26_22,panelist,med,NA,4.2,1,0,0,0,0,0,4.2
26,24,23,26_23,panelist,low,NA,4.2,1,0,1,0,1,-0.1,4.1
26,24,24,26_24,reviewer,low,4.5,4.2,0,0,1,0,0,0,4.2
26,25,01,26_01,panelist,none,NA,3.8,1,0,0,1,0,0,3.8
26,25,02,26_02,panelist,high,NA,3.8,1,1,0,0,0,0,3.8
26,25,03,26_03,panelist,none,NA,3.8,1,0,0,1,0,0,3.8
26,25,04,26_04,reviewer,low,3.9,3.8,0,0,1,0,1,-0.1,3.7
26,25,05,26_05,panelist,low,NA,3.8,1,0,1,0,0,0,3.8
26,25,06,26_06,panelist,none,NA,3.8,1,0,0,1,0,0,3.8
26,25,07,26_07,panelist,low,NA,3.8,1,0,1,0,1,0.2,4
26,25,08,26_08,panelist,med,NA,3.8,1,0,0,0,0,0,3.8
26,25,09,26_09,reviewer,med,3.6,3.8,0,0,0,0,0,0,3.8
26,25,10,26_10,panelist,low,NA,3.8,1,0,1,0,1,0.4,4.2
26,25,11,26_11,panelist,med,NA,3.8,1,0,0,0,0,0,3.8
26,25,12,26_12,panelist,none,NA,3.8,1,0,0,1,0,0,3.8
26,25,13,26_13,panelist,med,NA,3.8,1,0,0,0,1,-0.2,3.6
26,25,14,26_14,panelist,none,NA,3.8,1,0,0,1,0,0,3.8
26,25,15,26_15,panelist,low,NA,3.8,1,0,1,0,0,0,3.8
26,25,16,26_16,reviewer,none,3.8,3.8,0,0,0,1,0,0,3.8
26,25,17,26_17,panelist,none,NA,3.8,1,0,0,1,0,0,3.8
26,25,18,26_18,panelist,high,NA,3.8,1,1,0,0,0,0,3.8
26,25,19,26_19,panelist,low,NA,3.8,1,0,1,0,1,-0.1,3.7
26,25,20,26_20,panelist,med,NA,3.8,1,0,0,0,1,0.1,3.9
26,25,21,26_21,panelist,low,NA,3.8,1,0,1,0,1,-0.2,3.6
26,25,22,26_22,panelist,none,NA,3.8,1,0,0,1,1,-0.2,3.6
26,25,23,26_23,panelist,none,NA,3.8,1,0,0,1,0,0,3.8
26,25,24,26_24,panelist,none,NA,3.8,1,0,0,1,1,-0.2,3.6
26,28,01,26_01,reviewer,none,3.7,3.7,0,0,0,1,1,-0.1,3.6
26,28,02,26_02,reviewer,none,3.5,3.7,0,0,0,1,0,0,3.7
26,28,03,26_03,panelist,low,NA,3.7,1,0,1,0,0,0,3.7
26,28,04,26_04,panelist,low,NA,3.7,1,0,1,0,0,0,3.7
26,28,05,26_05,panelist,low,NA,3.7,1,0,1,0,1,-0.1,3.6
26,28,06,26_06,panelist,med,NA,3.7,1,0,0,0,0,0,3.7
26,28,07,26_07,panelist,low,NA,3.7,1,0,1,0,0,0,3.7
26,28,08,26_08,panelist,med,NA,3.7,1,0,0,0,1,0.3,4
26,28,09,26_09,panelist,med,NA,3.7,1,0,0,0,1,0.2,3.9
26,28,10,26_10,panelist,med,NA,3.7,1,0,0,0,0,0,3.7
26,28,11,26_11,panelist,none,NA,3.7,1,0,0,1,0,0,3.7
26,28,12,26_12,panelist,none,NA,3.7,1,0,0,1,1,-0.1,3.6
26,28,13,26_13,panelist,med,NA,3.7,1,0,0,0,0,0,3.7
26,28,14,26_14,panelist,none,NA,3.7,1,0,0,1,1,-0.1,3.6
26,28,15,26_15,reviewer,none,4,3.7,0,0,0,1,1,-0.1,3.6
26,28,16,26_16,panelist,low,NA,3.7,1,0,1,0,0,0,3.7
26,28,17,26_17,panelist,none,NA,3.7,1,0,0,1,0,0,3.7
26,28,18,26_18,panelist,none,NA,3.7,1,0,0,1,1,-0.2,3.5
26,28,19,26_19,panelist,low,NA,3.7,1,0,1,0,1,-0.1,3.6
26,28,20,26_20,panelist,none,NA,3.7,1,0,0,1,0,0,3.7
26,28,21,26_21,panelist,high,NA,3.7,1,1,0,0,0,0,3.7
26,28,22,26_22,panelist,high,NA,3.7,1,1,0,0,0,0,3.7
26,28,23,26_23,panelist,low,NA,3.7,1,0,1,0,1,-0.1,3.6
26,28,24,26_24,panelist,none,NA,3.7,1,0,0,1,0,0,3.7
26,30,01,26_01,panelist,med,NA,4.1,1,0,0,0,0,0,4.1
26,30,02,26_02,panelist,none,NA,4.1,1,0,0,1,0,0,4.1
26,30,03,26_03,panelist,low,NA,4.1,1,0,1,0,0,0,4.1
26,30,04,26_04,panelist,low,NA,4.1,1,0,1,0,1,-0.1,4
26,30,05,26_05,panelist,med,NA,4.1,1,0,0,0,0,0,4.1
26,30,06,26_06,panelist,none,NA,4.1,1,0,0,1,0,0,4.1
26,30,07,26_07,panelist,none,NA,4.1,1,0,0,1,0,0,4.1
26,30,08,26_08,reviewer,med,4,4.1,0,0,0,0,0,0,4.1
26,30,09,26_09,panelist,low,NA,4.1,1,0,1,0,1,0.1,4.2
26,30,10,26_10,panelist,med,NA,4.1,1,0,0,0,1,0.2,4.3
26,30,11,26_11,panelist,none,NA,4.1,1,0,0,1,0,0,4.1
26,30,12,26_12,reviewer,none,4.2,4.1,0,0,0,1,1,-0.1,4
26,30,13,26_13,panelist,none,NA,4.1,1,0,0,1,0,0,4.1
26,30,14,26_14,panelist,med,NA,4.1,1,0,0,0,1,-0.1,4
26,30,15,26_15,panelist,low,NA,4.1,1,0,1,0,0,0,4.1
26,30,16,26_16,reviewer,low,4,4.1,0,0,1,0,0,0,4.1
26,30,17,26_17,panelist,none,NA,4.1,1,0,0,1,1,-0.1,4
26,30,18,26_18,panelist,low,NA,4.1,1,0,1,0,0,0,4.1
26,30,19,26_19,panelist,none,NA,4.1,1,0,0,1,1,-0.2,3.9
26,30,20,26_20,panelist,high,NA,4.1,1,1,0,0,1,0.2,4.3
26,30,21,26_21,panelist,none,NA,4.1,1,0,0,1,1,-0.1,4
26,30,22,26_22,panelist,high,NA,4.1,1,1,0,0,0,0,4.1
26,30,23,26_23,panelist,low,NA,4.1,1,0,1,0,0,0,4.1
26,30,24,26_24,panelist,none,NA,4.1,1,0,0,1,1,-0.1,4
27,1,01,27_01,panelist,none,NA,4.1,1,0,0,1,1,0.3,4.4
27,1,02,27_02,panelist,med,NA,4.1,1,0,0,0,0,0,4.1
27,1,03,27_03,panelist,none,NA,4.1,1,0,0,1,0,0,4.1
27,1,04,27_04,panelist,high,NA,4.1,1,1,0,0,0,0,4.1
27,1,05,27_05,panelist,low,NA,4.1,1,0,1,0,0,0,4.1
27,1,06,27_06,panelist,low,NA,4.1,1,0,1,0,0,0,4.1
27,1,07,27_07,panelist,none,NA,4.1,1,0,0,1,0,0,4.1
27,1,08,27_08,panelist,low,NA,4.1,1,0,1,0,1,-0.1,4
27,1,09,27_09,panelist,low,NA,4.1,1,0,1,0,0,0,4.1
27,1,10,27_10,panelist,none,NA,4.1,1,0,0,1,0,0,4.1
27,1,11,27_11,panelist,low,NA,4.1,1,0,1,0,1,0.1,4.2
27,1,12,27_12,reviewer,low,4.2,4.1,0,0,1,0,1,0.3,4.4
27,1,13,27_13,panelist,med,NA,4.1,1,0,0,0,1,-0.3,3.8
27,1,14,27_14,panelist,none,NA,4.1,1,0,0,1,1,-0.1,4
27,1,15,27_15,panelist,high,NA,4.1,1,1,0,0,1,-0.1,4
27,1,16,27_16,reviewer,med,4,4.1,0,0,0,0,0,0,4.1
27,1,17,27_17,reviewer,none,4,4.1,0,0,0,1,0,0,4.1
27,1,18,27_18,panelist,none,NA,4.1,1,0,0,1,0,0,4.1
27,1,19,27_19,panelist,low,NA,4.1,1,0,1,0,0,0,4.1
27,1,20,27_20,panelist,none,NA,4.1,1,0,0,1,0,0,4.1
27,1,21,27_21,panelist,none,NA,4.1,1,0,0,1,0,0,4.1
27,1,22,27_22,panelist,med,NA,4.1,1,0,0,0,1,-0.2,3.9
27,1,23,27_23,panelist,med,NA,4.1,1,0,0,0,1,0.2,4.3
27,1,24,27_24,panelist,none,NA,4.1,1,0,0,1,1,0.1,4.2
27,7,01,27_01,panelist,none,NA,3.8,1,0,0,1,0,0,3.8
27,7,02,27_02,panelist,high,NA,3.8,1,1,0,0,1,0.1,3.9
27,7,03,27_03,panelist,none,NA,3.8,1,0,0,1,0,0,3.8
27,7,04,27_04,panelist,none,NA,3.8,1,0,0,1,1,0.1,3.9
27,7,05,27_05,reviewer,med,3.9,3.8,0,0,0,0,1,-0.1,3.7
27,7,06,27_06,panelist,none,NA,3.8,1,0,0,1,1,-0.1,3.7
27,7,07,27_07,panelist,none,NA,3.8,1,0,0,1,0,0,3.8
27,7,08,27_08,panelist,med,NA,3.8,1,0,0,0,0,0,3.8
27,7,09,27_09,panelist,low,NA,3.8,1,0,1,0,1,0.1,3.9
27,7,10,27_10,panelist,med,NA,3.8,1,0,0,0,0,0,3.8
27,7,11,27_11,reviewer,med,3.7,3.8,0,0,0,0,1,0.3,4.1
27,7,12,27_12,panelist,low,NA,3.8,1,0,1,0,1,0.1,3.9
27,7,13,27_13,reviewer,low,3.7,3.8,0,0,1,0,0,0,3.8
27,7,14,27_14,panelist,high,NA,3.8,1,1,0,0,0,0,3.8
27,7,15,27_15,panelist,low,NA,3.8,1,0,1,0,0,0,3.8
27,7,16,27_16,panelist,none,NA,3.8,1,0,0,1,0,0,3.8
27,7,17,27_17,panelist,none,NA,3.8,1,0,0,1,0,0,3.8
27,7,18,27_18,panelist,none,NA,3.8,1,0,0,1,1,-0.1,3.7
27,7,19,27_19,panelist,none,NA,3.8,1,0,0,1,0,0,3.8
27,7,20,27_20,panelist,none,NA,3.8,1,0,0,1,0,0,3.8
27,7,21,27_21,panelist,low,NA,3.8,1,0,1,0,0,0,3.8
27,7,22,27_22,panelist,med,NA,3.8,1,0,0,0,0,0,3.8
27,7,23,27_23,panelist,low,NA,3.8,1,0,1,0,0,0,3.8
27,7,24,27_24,panelist,low,NA,3.8,1,0,1,0,1,0.3,4.1
27,9,01,27_01,panelist,low,NA,4.4,1,0,1,0,1,0.3,4.7
27,9,02,27_02,reviewer,low,4.4,4.4,0,0,1,0,0,0,4.4
27,9,03,27_03,panelist,med,NA,4.4,1,0,0,0,0,0,4.4
27,9,04,27_04,panelist,high,NA,4.4,1,1,0,0,0,0,4.4
27,9,05,27_05,panelist,med,NA,4.4,1,0,0,0,0,0,4.4
27,9,06,27_06,panelist,low,NA,4.4,1,0,1,0,1,0.1,4.5
27,9,07,27_07,panelist,none,NA,4.4,1,0,0,1,0,0,4.4
27,9,08,27_08,panelist,none,NA,4.4,1,0,0,1,0,0,4.4
27,9,09,27_09,panelist,none,NA,4.4,1,0,0,1,1,-0.2,4.2
27,9,10,27_10,panelist,none,NA,4.4,1,0,0,1,1,-0.4,4
27,9,11,27_11,reviewer,high,4.4,4.4,0,1,0,0,0,0,4.4
27,9,12,27_12,panelist,none,NA,4.4,1,0,0,1,0,0,4.4
27,9,13,27_13,panelist,none,NA,4.4,1,0,0,1,1,-0.1,4.3
27,9,14,27_14,panelist,med,NA,4.4,1,0,0,0,0,0,4.4
27,9,15,27_15,panelist,none,NA,4.4,1,0,0,1,1,0.4,4.8
27,9,16,27_16,panelist,none,NA,4.4,1,0,0,1,0,0,4.4
27,9,17,27_17,panelist,med,NA,4.4,1,0,0,0,0,0,4.4
27,9,18,27_18,panelist,low,NA,4.4,1,0,1,0,0,0,4.4
27,9,19,27_19,reviewer,low,4.4,4.4,0,0,1,0,0,0,4.4
27,9,20,27_20,panelist,low,NA,4.4,1,0,1,0,1,-0.3,4.1
27,9,21,27_21,panelist,none,NA,4.4,1,0,0,1,0,0,4.4
27,9,22,27_22,panelist,med,NA,4.4,1,0,0,0,0,0,4.4
27,9,23,27_23,panelist,none,NA,4.4,1,0,0,1,0,0,4.4
27,9,24,27_24,panelist,low,NA,4.4,1,0,1,0,1,-0.3,4.1
27,10,01,27_01,panelist,low,NA,4,1,0,1,0,1,-0.1,3.9
27,10,02,27_02,panelist,med,NA,4,1,0,0,0,0,0,4
27,10,03,27_03,panelist,low,NA,4,1,0,1,0,0,0,4
27,10,04,27_04,panelist,none,NA,4,1,0,0,1,1,-0.1,3.9
27,10,05,27_05,panelist,none,NA,4,1,0,0,1,0,0,4
27,10,06,27_06,reviewer,high,4.1,4,0,1,0,0,1,-0.2,3.8
27,10,07,27_07,panelist,med,NA,4,1,0,0,0,0,0,4
27,10,08,27_08,panelist,med,NA,4,1,0,0,0,0,0,4
27,10,09,27_09,panelist,med,NA,4,1,0,0,0,0,0,4
27,10,10,27_10,panelist,low,NA,4,1,0,1,0,0,0,4
27,10,11,27_11,panelist,low,NA,4,1,0,1,0,1,0.2,4.2
27,10,12,27_12,panelist,low,NA,4,1,0,1,0,1,-0.1,3.9
27,10,13,27_13,panelist,none,NA,4,1,0,0,1,0,0,4
27,10,14,27_14,panelist,none,NA,4,1,0,0,1,1,-0.3,3.7
27,10,15,27_15,panelist,none,NA,4,1,0,0,1,1,0.4,4.4
27,10,16,27_16,reviewer,low,3.5,4,0,0,1,0,0,0,4
27,10,17,27_17,panelist,none,NA,4,1,0,0,1,0,0,4
27,10,18,27_18,panelist,none,NA,4,1,0,0,1,1,0.1,4.1
27,10,19,27_19,panelist,none,NA,4,1,0,0,1,0,0,4
27,10,20,27_20,reviewer,med,4.3,4,0,0,0,0,1,0.1,4.1
27,10,21,27_21,panelist,none,NA,4,1,0,0,1,0,0,4
27,10,22,27_22,panelist,high,NA,4,1,1,0,0,1,-0.2,3.8
27,10,23,27_23,panelist,none,NA,4,1,0,0,1,0,0,4
27,10,24,27_24,panelist,low,NA,4,1,0,1,0,0,0,4
27,12,01,27_01,panelist,none,NA,3.6,1,0,0,1,0,0,3.6
27,12,02,27_02,reviewer,low,3.8,3.6,0,0,1,0,1,0.2,3.8
27,12,03,27_03,panelist,low,NA,3.6,1,0,1,0,0,0,3.6
27,12,04,27_04,panelist,high,NA,3.6,1,1,0,0,0,0,3.6
27,12,05,27_05,panelist,low,NA,3.6,1,0,1,0,0,0,3.6
27,12,06,27_06,panelist,low,NA,3.6,1,0,1,0,1,0.1,3.7
27,12,07,27_07,panelist,none,NA,3.6,1,0,0,1,1,-0.1,3.5
27,12,08,27_08,panelist,low,NA,3.6,1,0,1,0,1,0.1,3.7
27,12,09,27_09,reviewer,med,3.4,3.6,0,0,0,0,0,0,3.6
27,12,10,27_10,panelist,none,NA,3.6,1,0,0,1,1,-0.4,3.2
27,12,11,27_11,panelist,none,NA,3.6,1,0,0,1,0,0,3.6
27,12,12,27_12,panelist,med,NA,3.6,1,0,0,0,0,0,3.6
27,12,13,27_13,panelist,low,NA,3.6,1,0,1,0,1,-0.1,3.5
27,12,14,27_14,panelist,none,NA,3.6,1,0,0,1,0,0,3.6
27,12,15,27_15,panelist,high,NA,3.6,1,1,0,0,0,0,3.6
27,12,16,27_16,panelist,med,NA,3.6,1,0,0,0,1,-0.1,3.5
27,12,17,27_17,panelist,none,NA,3.6,1,0,0,1,1,0.2,3.8
27,12,18,27_18,panelist,med,NA,3.6,1,0,0,0,0,0,3.6
27,12,19,27_19,panelist,med,NA,3.6,1,0,0,0,0,0,3.6
27,12,20,27_20,panelist,none,NA,3.6,1,0,0,1,1,-0.1,3.5
27,12,21,27_21,panelist,none,NA,3.6,1,0,0,1,1,0.1,3.7
27,12,22,27_22,panelist,none,NA,3.6,1,0,0,1,1,0.1,3.7
27,12,23,27_23,reviewer,none,3.5,3.6,0,0,0,1,0,0,3.6
27,12,24,27_24,panelist,low,NA,3.6,1,0,1,0,1,-0.1,3.5
27,13,01,27_01,panelist,low,NA,3.9,1,0,1,0,0,0,3.9
27,13,02,27_02,panelist,high,NA,3.9,1,1,0,0,0,0,3.9
27,13,03,27_03,panelist,none,NA,3.9,1,0,0,1,1,-0.2,3.7
27,13,04,27_04,panelist,none,NA,3.9,1,0,0,1,1,0.1,4
27,13,05,27_05,panelist,med,NA,3.9,1,0,0,0,1,-0.2,3.7
27,13,06,27_06,reviewer,med,3.8,3.9,0,0,0,0,1,-0.2,3.7
27,13,07,27_07,panelist,low,NA,3.9,1,0,1,0,1,-0.1,3.8
27,13,08,27_08,panelist,low,NA,3.9,1,0,1,0,0,0,3.9
27,13,09,27_09,panelist,med,NA,3.9,1,0,0,0,0,0,3.9
27,13,10,27_10,panelist,none,NA,3.9,1,0,0,1,1,0.1,4
27,13,11,27_11,reviewer,none,3.9,3.9,0,0,0,1,0,0,3.9
27,13,12,27_12,panelist,med,NA,3.9,1,0,0,0,0,0,3.9
27,13,13,27_13,panelist,none,NA,3.9,1,0,0,1,1,0.2,4.1
27,13,14,27_14,panelist,none,NA,3.9,1,0,0,1,0,0,3.9
27,13,15,27_15,panelist,low,NA,3.9,1,0,1,0,1,0.4,4.3
27,13,16,27_16,panelist,low,NA,3.9,1,0,1,0,1,0.1,4
27,13,17,27_17,panelist,low,NA,3.9,1,0,1,0,1,-0.1,3.8
27,13,18,27_18,panelist,low,NA,3.9,1,0,1,0,1,-0.1,3.8
27,13,19,27_19,panelist,none,NA,3.9,1,0,0,1,0,0,3.9
27,13,20,27_20,panelist,none,NA,3.9,1,0,0,1,1,-0.1,3.8
27,13,21,27_21,reviewer,none,4.1,3.9,0,0,0,1,0,0,3.9
27,13,22,27_22,panelist,med,NA,3.9,1,0,0,0,0,0,3.9
27,13,23,27_23,panelist,none,NA,3.9,1,0,0,1,1,-0.2,3.7
27,13,24,27_24,panelist,high,NA,3.9,1,1,0,0,0,0,3.9
27,15,01,27_01,panelist,none,NA,3.6,1,0,0,1,1,0.1,3.7
27,15,02,27_02,panelist,none,NA,3.6,1,0,0,1,0,0,3.6
27,15,03,27_03,panelist,none,NA,3.6,1,0,0,1,0,0,3.6
27,15,04,27_04,panelist,med,NA,3.6,1,0,0,0,1,0.1,3.7
27,15,05,27_05,panelist,none,NA,3.6,1,0,0,1,0,0,3.6
27,15,06,27_06,panelist,none,NA,3.6,1,0,0,1,0,0,3.6
27,15,07,27_07,panelist,none,NA,3.6,1,0,0,1,1,0.1,3.7
27,15,08,27_08,panelist,med,NA,3.6,1,0,0,0,0,0,3.6
27,15,09,27_09,panelist,low,NA,3.6,1,0,1,0,0,0,3.6
27,15,10,27_10,panelist,none,NA,3.6,1,0,0,1,1,0.1,3.7
27,15,11,27_11,panelist,med,NA,3.6,1,0,0,0,0,0,3.6
27,15,12,27_12,panelist,high,NA,3.6,1,1,0,0,0,0,3.6
27,15,13,27_13,panelist,med,NA,3.6,1,0,0,0,1,0.4,4
27,15,14,27_14,panelist,none,NA,3.6,1,0,0,1,1,-0.3,3.3
27,15,15,27_15,reviewer,low,3.7,3.6,0,0,1,0,0,0,3.6
27,15,16,27_16,panelist,med,NA,3.6,1,0,0,0,0,0,3.6
27,15,17,27_17,reviewer,none,3.3,3.6,0,0,0,1,0,0,3.6
27,15,18,27_18,panelist,none,NA,3.6,1,0,0,1,1,-0.1,3.5
27,15,19,27_19,panelist,low,NA,3.6,1,0,1,0,1,-0.2,3.4
27,15,20,27_20,panelist,low,NA,3.6,1,0,1,0,0,0,3.6
27,15,21,27_21,reviewer,low,3.7,3.6,0,0,1,0,1,0.2,3.8
27,15,22,27_22,panelist,low,NA,3.6,1,0,1,0,1,-0.1,3.5
27,15,23,27_23,panelist,high,NA,3.6,1,1,0,0,0,0,3.6
27,15,24,27_24,panelist,low,NA,3.6,1,0,1,0,0,0,3.6
27,16,01,27_01,panelist,none,NA,3.8,1,0,0,1,1,0.2,4
27,16,02,27_02,panelist,none,NA,3.8,1,0,0,1,1,0.2,4
27,16,03,27_03,panelist,low,NA,3.8,1,0,1,0,1,-0.1,3.7
27,16,04,27_04,panelist,none,NA,3.8,1,0,0,1,0,0,3.8
27,16,05,27_05,panelist,none,NA,3.8,1,0,0,1,0,0,3.8
27,16,06,27_06,panelist,none,NA,3.8,1,0,0,1,1,0.3,4.1
27,16,07,27_07,panelist,high,NA,3.8,1,1,0,0,1,-0.1,3.7
27,16,08,27_08,panelist,none,NA,3.8,1,0,0,1,0,0,3.8
27,16,09,27_09,reviewer,low,4,3.8,0,0,1,0,0,0,3.8
27,16,10,27_10,panelist,med,NA,3.8,1,0,0,0,0,0,3.8
27,16,11,27_11,reviewer,none,3.9,3.8,0,0,0,1,1,0.1,3.9
27,16,12,27_12,panelist,med,NA,3.8,1,0,0,0,0,0,3.8
27,16,13,27_13,panelist,med,NA,3.8,1,0,0,0,0,0,3.8
27,16,14,27_14,panelist,low,NA,3.8,1,0,1,0,0,0,3.8
27,16,15,27_15,panelist,med,NA,3.8,1,0,0,0,0,0,3.8
27,16,16,27_16,panelist,low,NA,3.8,1,0,1,0,1,-0.1,3.7
27,16,17,27_17,reviewer,low,3.6,3.8,0,0,1,0,0,0,3.8
27,16,18,27_18,panelist,low,NA,3.8,1,0,1,0,1,0.2,4
27,16,19,27_19,panelist,none,NA,3.8,1,0,0,1,1,-0.3,3.5
27,16,20,27_20,panelist,med,NA,3.8,1,0,0,0,1,0.2,4
27,16,21,27_21,panelist,low,NA,3.8,1,0,1,0,0,0,3.8
27,16,22,27_22,panelist,high,NA,3.8,1,1,0,0,0,0,3.8
27,16,23,27_23,panelist,none,NA,3.8,1,0,0,1,0,0,3.8
27,16,24,27_24,panelist,none,NA,3.8,1,0,0,1,1,-0.1,3.7
27,17,01,27_01,panelist,none,NA,3.8,1,0,0,1,0,0,3.8
27,17,02,27_02,panelist,none,NA,3.8,1,0,0,1,0,0,3.8
27,17,03,27_03,panelist,none,NA,3.8,1,0,0,1,1,0.1,3.9
27,17,04,27_04,panelist,low,NA,3.8,1,0,1,0,1,-0.1,3.7
27,17,05,27_05,reviewer,low,3.7,3.8,0,0,1,0,0,0,3.8
27,17,06,27_06,panelist,high,NA,3.8,1,1,0,0,0,0,3.8
27,17,07,27_07,panelist,low,NA,3.8,1,0,1,0,0,0,3.8
27,17,08,27_08,panelist,med,NA,3.8,1,0,0,0,1,0.2,4
27,17,09,27_09,panelist,low,NA,3.8,1,0,1,0,0,0,3.8
27,17,10,27_10,panelist,none,NA,3.8,1,0,0,1,1,-0.1,3.7
27,17,11,27_11,panelist,none,NA,3.8,1,0,0,1,0,0,3.8
27,17,12,27_12,panelist,high,NA,3.8,1,1,0,0,0,0,3.8
27,17,13,27_13,panelist,low,NA,3.8,1,0,1,0,0,0,3.8
27,17,14,27_14,panelist,med,NA,3.8,1,0,0,0,0,0,3.8
27,17,15,27_15,panelist,low,NA,3.8,1,0,1,0,0,0,3.8
27,17,16,27_16,panelist,none,NA,3.8,1,0,0,1,0,0,3.8
27,17,17,27_17,reviewer,med,4,3.8,0,0,0,0,1,0.1,3.9
27,17,18,27_18,panelist,none,NA,3.8,1,0,0,1,0,0,3.8
27,17,19,27_19,panelist,low,NA,3.8,1,0,1,0,1,-0.4,3.4
27,17,20,27_20,panelist,none,NA,3.8,1,0,0,1,1,-0.2,3.6
27,17,21,27_21,reviewer,none,3.7,3.8,0,0,0,1,1,0.2,4
27,17,22,27_22,panelist,none,NA,3.8,1,0,0,1,1,0.3,4.1
27,17,23,27_23,panelist,med,NA,3.8,1,0,0,0,0,0,3.8
27,17,24,27_24,panelist,med,NA,3.8,1,0,0,0,0,0,3.8
27,21,01,27_01,panelist,med,NA,3.5,1,0,0,0,0,0,3.5
27,21,02,27_02,panelist,med,NA,3.5,1,0,0,0,0,0,3.5
27,21,03,27_03,panelist,none,NA,3.5,1,0,0,1,0,0,3.5
27,21,04,27_04,panelist,high,NA,3.5,1,1,0,0,0,0,3.5
27,21,05,27_05,panelist,low,NA,3.5,1,0,1,0,0,0,3.5
27,21,06,27_06,panelist,none,NA,3.5,1,0,0,1,1,-0.2,3.3
27,21,07,27_07,panelist,none,NA,3.5,1,0,0,1,0,0,3.5
27,21,08,27_08,panelist,low,NA,3.5,1,0,1,0,0,0,3.5
27,21,09,27_09,panelist,low,NA,3.5,1,0,1,0,0,0,3.5
27,21,10,27_10,panelist,none,NA,3.5,1,0,0,1,0,0,3.5
27,21,11,27_11,panelist,low,NA,3.5,1,0,1,0,1,0.1,3.6
27,21,12,27_12,panelist,low,NA,3.5,1,0,1,0,0,0,3.5
27,21,13,27_13,panelist,high,NA,3.5,1,1,0,0,0,0,3.5
27,21,14,27_14,panelist,med,NA,3.5,1,0,0,0,0,0,3.5
27,21,15,27_15,panelist,med,NA,3.5,1,0,0,0,0,0,3.5
27,21,16,27_16,panelist,none,NA,3.5,1,0,0,1,0,0,3.5
27,21,17,27_17,reviewer,none,3.5,3.5,0,0,0,1,1,-0.1,3.4
27,21,18,27_18,panelist,none,NA,3.5,1,0,0,1,1,0.1,3.6
27,21,19,27_19,panelist,med,NA,3.5,1,0,0,0,0,0,3.5
27,21,20,27_20,panelist,none,NA,3.5,1,0,0,1,1,0.4,3.9
27,21,21,27_21,reviewer,low,3.8,3.5,0,0,1,0,0,0,3.5
27,21,22,27_22,reviewer,none,3.3,3.5,0,0,0,1,1,-0.1,3.4
27,21,23,27_23,panelist,none,NA,3.5,1,0,0,1,1,0.4,3.9
27,21,24,27_24,panelist,low,NA,3.5,1,0,1,0,0,0,3.5
27,22,01,27_01,panelist,none,NA,4,1,0,0,1,0,0,4
27,22,02,27_02,panelist,none,NA,4,1,0,0,1,0,0,4
27,22,03,27_03,panelist,none,NA,4,1,0,0,1,0,0,4
27,22,04,27_04,panelist,med,NA,4,1,0,0,0,1,0.2,4.2
27,22,05,27_05,panelist,low,NA,4,1,0,1,0,1,-0.3,3.7
27,22,06,27_06,panelist,none,NA,4,1,0,0,1,0,0,4
27,22,07,27_07,panelist,low,NA,4,1,0,1,0,1,-0.1,3.9
27,22,08,27_08,panelist,high,NA,4,1,1,0,0,0,0,4
27,22,09,27_09,panelist,med,NA,4,1,0,0,0,1,-0.1,3.9
27,22,10,27_10,reviewer,low,3.9,4,0,0,1,0,0,0,4
27,22,11,27_11,panelist,low,NA,4,1,0,1,0,0,0,4
27,22,12,27_12,reviewer,med,3.8,4,0,0,0,0,0,0,4
27,22,13,27_13,panelist,low,NA,4,1,0,1,0,1,0.1,4.1
27,22,14,27_14,panelist,high,NA,4,1,1,0,0,0,0,4
27,22,15,27_15,panelist,med,NA,4,1,0,0,0,0,0,4
27,22,16,27_16,panelist,none,NA,4,1,0,0,1,0,0,4
27,22,17,27_17,panelist,none,NA,4,1,0,0,1,0,0,4
27,22,18,27_18,panelist,low,NA,4,1,0,1,0,0,0,4
27,22,19,27_19,panelist,none,NA,4,1,0,0,1,1,-0.3,3.7
27,22,20,27_20,panelist,med,NA,4,1,0,0,0,1,-0.1,3.9
27,22,21,27_21,panelist,none,NA,4,1,0,0,1,0,0,4
27,22,22,27_22,reviewer,low,4.2,4,0,0,1,0,0,0,4
27,22,23,27_23,panelist,none,NA,4,1,0,0,1,0,0,4
27,22,24,27_24,panelist,none,NA,4,1,0,0,1,1,-0.3,3.7
27,24,01,27_01,panelist,med,NA,4.2,1,0,0,0,0,0,4.2
27,24,02,27_02,panelist,med,NA,4.2,1,0,0,0,1,0.1,4.3
27,24,03,27_03,panelist,none,NA,4.2,1,0,0,1,0,0,4.2
27,24,04,27_04,panelist,low,NA,4.2,1,0,1,0,0,0,4.2
27,24,05,27_05,reviewer,med,4.1,4.2,0,0,0,0,0,0,4.2
27,24,06,27_06,panelist,none,NA,4.2,1,0,0,1,1,0.3,4.5
27,24,07,27_07,panelist,med,NA,4.2,1,0,0,0,1,-0.3,3.9
27,24,08,27_08,panelist,none,NA,4.2,1,0,0,1,1,0.1,4.3
27,24,09,27_09,panelist,none,NA,4.2,1,0,0,1,0,0,4.2
27,24,10,27_10,panelist,high,NA,4.2,1,1,0,0,0,0,4.2
27,24,11,27_11,panelist,low,NA,4.2,1,0,1,0,0,0,4.2
27,24,12,27_12,panelist,low,NA,4.2,1,0,1,0,0,0,4.2
27,24,13,27_13,panelist,none,NA,4.2,1,0,0,1,1,0.1,4.3
27,24,14,27_14,panelist,low,NA,4.2,1,0,1,0,0,0,4.2
27,24,15,27_15,panelist,none,NA,4.2,1,0,0,1,0,0,4.2
27,24,16,27_16,panelist,none,NA,4.2,1,0,0,1,0,0,4.2
27,24,17,27_17,panelist,low,NA,4.2,1,0,1,0,1,-0.1,4.1
27,24,18,27_18,panelist,none,NA,4.2,1,0,0,1,1,0.1,4.3
27,24,19,27_19,panelist,low,NA,4.2,1,0,1,0,0,0,4.2
27,24,20,27_20,panelist,none,NA,4.2,1,0,0,1,0,0,4.2
27,24,21,27_21,reviewer,none,4.1,4.2,0,0,0,1,0,0,4.2
27,24,22,27_22,panelist,low,NA,4.2,1,0,1,0,0,0,4.2
27,24,23,27_23,reviewer,high,4.4,4.2,0,1,0,0,0,0,4.2
27,24,24,27_24,panelist,med,NA,4.2,1,0,0,0,0,0,4.2
27,26,01,27_01,panelist,med,NA,3.8,1,0,0,0,1,-0.2,3.6
27,26,02,27_02,reviewer,med,3.7,3.8,0,0,0,0,1,0.1,3.9
27,26,03,27_03,reviewer,none,3.7,3.8,0,0,0,1,0,0,3.8
27,26,04,27_04,panelist,none,NA,3.8,1,0,0,1,0,0,3.8
27,26,05,27_05,panelist,none,NA,3.8,1,0,0,1,1,0.1,3.9
27,26,06,27_06,panelist,low,NA,3.8,1,0,1,0,1,-0.1,3.7
27,26,07,27_07,panelist,low,NA,3.8,1,0,1,0,0,0,3.8
27,26,08,27_08,panelist,med,NA,3.8,1,0,0,0,1,-0.1,3.7
27,26,09,27_09,panelist,med,NA,3.8,1,0,0,0,0,0,3.8
27,26,10,27_10,panelist,high,NA,3.8,1,1,0,0,1,-0.1,3.7
27,26,11,27_11,panelist,med,NA,3.8,1,0,0,0,0,0,3.8
27,26,12,27_12,panelist,none,NA,3.8,1,0,0,1,0,0,3.8
27,26,13,27_13,panelist,low,NA,3.8,1,0,1,0,0,0,3.8
27,26,14,27_14,panelist,none,NA,3.8,1,0,0,1,0,0,3.8
27,26,15,27_15,reviewer,low,3.9,3.8,0,0,1,0,0,0,3.8
27,26,16,27_16,panelist,none,NA,3.8,1,0,0,1,0,0,3.8
27,26,17,27_17,panelist,low,NA,3.8,1,0,1,0,0,0,3.8
27,26,18,27_18,panelist,low,NA,3.8,1,0,1,0,1,-0.1,3.7
27,26,19,27_19,panelist,none,NA,3.8,1,0,0,1,0,0,3.8
27,26,20,27_20,panelist,none,NA,3.8,1,0,0,1,1,-0.1,3.7
27,26,21,27_21,panelist,none,NA,3.8,1,0,0,1,1,0.2,4
27,26,22,27_22,panelist,low,NA,3.8,1,0,1,0,0,0,3.8
27,26,23,27_23,panelist,none,NA,3.8,1,0,0,1,0,0,3.8
27,26,24,27_24,panelist,high,NA,3.8,1,1,0,0,1,-0.2,3.6
27,27,01,27_01,reviewer,none,4.1,4.1,0,0,0,1,0,0,4.1
27,27,02,27_02,panelist,low,NA,4.1,1,0,1,0,0,0,4.1
27,27,03,27_03,panelist,none,NA,4.1,1,0,0,1,0,0,4.1
27,27,04,27_04,panelist,none,NA,4.1,1,0,0,1,1,0.1,4.2
27,27,05,27_05,panelist,low,NA,4.1,1,0,1,0,0,0,4.1
27,27,06,27_06,panelist,med,NA,4.1,1,0,0,0,0,0,4.1
27,27,07,27_07,panelist,low,NA,4.1,1,0,1,0,0,0,4.1
27,27,08,27_08,panelist,none,NA,4.1,1,0,0,1,1,-0.1,4
27,27,09,27_09,panelist,none,NA,4.1,1,0,0,1,1,-0.2,3.9
27,27,10,27_10,reviewer,none,4,4.1,0,0,0,1,0,0,4.1
27,27,11,27_11,panelist,none,NA,4.1,1,0,0,1,1,0.2,4.3
27,27,12,27_12,panelist,med,NA,4.1,1,0,0,0,1,0.2,4.3
27,27,13,27_13,panelist,high,NA,4.1,1,1,0,0,0,0,4.1
27,27,14,27_14,panelist,med,NA,4.1,1,0,0,0,0,0,4.1
27,27,15,27_15,reviewer,med,4.1,4.1,0,0,0,0,0,0,4.1
27,27,16,27_16,panelist,none,NA,4.1,1,0,0,1,0,0,4.1
27,27,17,27_17,panelist,low,NA,4.1,1,0,1,0,0,0,4.1
27,27,18,27_18,panelist,none,NA,4.1,1,0,0,1,0,0,4.1
27,27,19,27_19,panelist,low,NA,4.1,1,0,1,0,1,-0.2,3.9
27,27,20,27_20,panelist,low,NA,4.1,1,0,1,0,1,-0.1,4
27,27,21,27_21,panelist,high,NA,4.1,1,1,0,0,0,0,4.1
27,27,22,27_22,panelist,med,NA,4.1,1,0,0,0,0,0,4.1
27,27,23,27_23,panelist,none,NA,4.1,1,0,0,1,0,0,4.1
27,27,24,27_24,panelist,low,NA,4.1,1,0,1,0,0,0,4.1
27,30,01,27_01,panelist,med,NA,3.7,1,0,0,0,1,0.2,3.9
27,30,02,27_02,panelist,none,NA,3.7,1,0,0,1,1,-0.2,3.5
27,30,03,27_03,panelist,none,NA,3.7,1,0,0,1,0,0,3.7
27,30,04,27_04,panelist,low,NA,3.7,1,0,1,0,0,0,3.7
27,30,05,27_05,panelist,none,NA,3.7,1,0,0,1,0,0,3.7
27,30,06,27_06,panelist,none,NA,3.7,1,0,0,1,1,0.1,3.8
27,30,07,27_07,panelist,none,NA,3.7,1,0,0,1,0,0,3.7
27,30,08,27_08,panelist,none,NA,3.7,1,0,0,1,1,0.2,3.9
27,30,09,27_09,panelist,med,NA,3.7,1,0,0,0,0,0,3.7
27,30,10,27_10,panelist,none,NA,3.7,1,0,0,1,0,0,3.7
27,30,11,27_11,panelist,med,NA,3.7,1,0,0,0,0,0,3.7
27,30,12,27_12,panelist,low,NA,3.7,1,0,1,0,0,0,3.7
27,30,13,27_13,reviewer,none,3.8,3.7,0,0,0,1,0,0,3.7
27,30,14,27_14,panelist,low,NA,3.7,1,0,1,0,0,0,3.7
27,30,15,27_15,panelist,none,NA,3.7,1,0,0,1,1,0.4,4.1
27,30,16,27_16,panelist,med,NA,3.7,1,0,0,0,0,0,3.7
27,30,17,27_17,panelist,none,NA,3.7,1,0,0,1,0,0,3.7
27,30,18,27_18,panelist,low,NA,3.7,1,0,1,0,1,0.3,4
27,30,19,27_19,panelist,low,NA,3.7,1,0,1,0,0,0,3.7
27,30,20,27_20,panelist,low,NA,3.7,1,0,1,0,0,0,3.7
27,30,21,27_21,reviewer,low,3.3,3.7,0,0,1,0,0,0,3.7
27,30,22,27_22,panelist,high,NA,3.7,1,1,0,0,0,0,3.7
27,30,23,27_23,reviewer,med,3.9,3.7,0,0,0,0,0,0,3.7
27,30,24,27_24,panelist,high,NA,3.7,1,1,0,0,1,0.1,3.8
28,2,01,28_01,panelist,none,NA,4.3,1,0,0,1,0,0,4.3
28,2,02,28_02,panelist,none,NA,4.3,1,0,0,1,1,-0.2,4.1
28,2,03,28_03,panelist,med,NA,4.3,1,0,0,0,0,0,4.3
28,2,04,28_04,panelist,none,NA,4.3,1,0,0,1,0,0,4.3
28,2,05,28_05,panelist,high,NA,4.3,1,1,0,0,0,0,4.3
28,2,06,28_06,panelist,low,NA,4.3,1,0,1,0,1,-0.1,4.2
28,2,07,28_07,reviewer,low,4.3,4.3,0,0,1,0,0,0,4.3
28,2,08,28_08,panelist,med,NA,4.3,1,0,0,0,0,0,4.3
28,2,09,28_09,panelist,low,NA,4.3,1,0,1,0,0,0,4.3
28,2,10,28_10,panelist,none,NA,4.3,1,0,0,1,0,0,4.3
28,2,11,28_11,panelist,med,NA,4.3,1,0,0,0,0,0,4.3
28,2,12,28_12,panelist,low,NA,4.3,1,0,1,0,1,-0.1,4.2
28,2,13,28_13,panelist,none,NA,4.3,1,0,0,1,1,0.1,4.4
28,2,14,28_14,panelist,low,NA,4.3,1,0,1,0,0,0,4.3
28,2,15,28_15,panelist,med,NA,4.3,1,0,0,0,0,0,4.3
28,2,16,28_16,panelist,none,NA,4.3,1,0,0,1,1,-0.1,4.2
28,2,17,28_17,panelist,low,NA,4.3,1,0,1,0,1,0.4,4.7
28,2,18,28_18,panelist,low,NA,4.3,1,0,1,0,0,0,4.3
28,2,19,28_19,panelist,med,NA,4.3,1,0,0,0,1,0.1,4.4
28,2,20,28_20,panelist,none,NA,4.3,1,0,0,1,1,0.2,4.5
28,2,21,28_21,reviewer,none,4.2,4.3,0,0,0,1,0,0,4.3
28,2,22,28_22,panelist,high,NA,4.3,1,1,0,0,0,0,4.3
28,2,23,28_23,panelist,none,NA,4.3,1,0,0,1,1,0.1,4.4
28,2,24,28_24,reviewer,none,4.3,4.3,0,0,0,1,0,0,4.3
28,3,01,28_01,panelist,low,NA,4,1,0,1,0,0,0,4
28,3,02,28_02,panelist,low,NA,4,1,0,1,0,1,-0.2,3.8
28,3,03,28_03,panelist,none,NA,4,1,0,0,1,1,0.2,4.2
28,3,04,28_04,panelist,none,NA,4,1,0,0,1,0,0,4
28,3,05,28_05,panelist,none,NA,4,1,0,0,1,0,0,4
28,3,06,28_06,panelist,med,NA,4,1,0,0,0,1,0.2,4.2
28,3,07,28_07,panelist,none,NA,4,1,0,0,1,1,0.1,4.1
28,3,08,28_08,panelist,none,NA,4,1,0,0,1,1,-0.4,3.6
28,3,09,28_09,panelist,med,NA,4,1,0,0,0,0,0,4
28,3,10,28_10,reviewer,med,4.1,4,0,0,0,0,1,-0.1,3.9
28,3,11,28_11,panelist,low,NA,4,1,0,1,0,1,-0.1,3.9
28,3,12,28_12,panelist,low,NA,4,1,0,1,0,1,-0.4,3.6
28,3,13,28_13,panelist,med,NA,4,1,0,0,0,0,0,4
28,3,14,28_14,reviewer,low,4.1,4,0,0,1,0,1,-0.1,3.9
28,3,15,28_15,panelist,none,NA,4,1,0,0,1,0,0,4
28,3,16,28_16,panelist,none,NA,4,1,0,0,1,1,0.3,4.3
28,3,17,28_17,panelist,none,NA,4,1,0,0,1,1,0.3,4.3
28,3,18,28_18,panelist,high,NA,4,1,1,0,0,0,0,4
28,3,19,28_19,panelist,high,NA,4,1,1,0,0,1,0.1,4.1
28,3,20,28_20,panelist,none,NA,4,1,0,0,1,1,0.4,4.4
28,3,21,28_21,panelist,low,NA,4,1,0,1,0,1,-0.2,3.8
28,3,22,28_22,reviewer,none,3.9,4,0,0,0,1,0,0,4
28,3,23,28_23,panelist,med,NA,4,1,0,0,0,0,0,4
28,3,24,28_24,panelist,low,NA,4,1,0,1,0,1,-0.2,3.8
28,5,01,28_01,panelist,low,NA,3.5,1,0,1,0,0,0,3.5
28,5,02,28_02,reviewer,low,3.4,3.5,0,0,1,0,1,0.2,3.7
28,5,03,28_03,panelist,low,NA,3.5,1,0,1,0,0,0,3.5
28,5,04,28_04,panelist,low,NA,3.5,1,0,1,0,0,0,3.5
28,5,05,28_05,panelist,med,NA,3.5,1,0,0,0,0,0,3.5
28,5,06,28_06,reviewer,none,3.6,3.5,0,0,0,1,0,0,3.5
28,5,07,28_07,panelist,none,NA,3.5,1,0,0,1,1,0.1,3.6
28,5,08,28_08,panelist,med,NA,3.5,1,0,0,0,1,-0.1,3.4
28,5,09,28_09,panelist,high,NA,3.5,1,1,0,0,0,0,3.5
28,5,10,28_10,panelist,low,NA,3.5,1,0,1,0,1,0.1,3.6
28,5,11,28_11,panelist,none,NA,3.5,1,0,0,1,1,0.1,3.6
28,5,12,28_12,panelist,none,NA,3.5,1,0,0,1,0,0,3.5
28,5,13,28_13,panelist,high,NA,3.5,1,1,0,0,0,0,3.5
28,5,14,28_14,panelist,low,NA,3.5,1,0,1,0,0,0,3.5
28,5,15,28_15,panelist,low,NA,3.5,1,0,1,0,1,0.1,3.6
28,5,16,28_16,reviewer,none,3.6,3.5,0,0,0,1,1,0.3,3.8
28,5,17,28_17,panelist,none,NA,3.5,1,0,0,1,0,0,3.5
28,5,18,28_18,panelist,none,NA,3.5,1,0,0,1,0,0,3.5
28,5,19,28_19,panelist,med,NA,3.5,1,0,0,0,0,0,3.5
28,5,20,28_20,panelist,none,NA,3.5,1,0,0,1,0,0,3.5
28,5,21,28_21,panelist,med,NA,3.5,1,0,0,0,1,-0.2,3.3
28,5,22,28_22,panelist,med,NA,3.5,1,0,0,0,0,0,3.5
28,5,23,28_23,panelist,none,NA,3.5,1,0,0,1,0,0,3.5
28,5,24,28_24,panelist,none,NA,3.5,1,0,0,1,0,0,3.5
28,6,01,28_01,panelist,high,NA,4,1,1,0,0,0,0,4
28,6,02,28_02,panelist,none,NA,4,1,0,0,1,0,0,4
28,6,03,28_03,panelist,low,NA,4,1,0,1,0,1,-0.1,3.9
28,6,04,28_04,panelist,none,NA,4,1,0,0,1,0,0,4
28,6,05,28_05,panelist,med,NA,4,1,0,0,0,0,0,4
28,6,06,28_06,reviewer,none,4.2,4,0,0,0,1,0,0,4
28,6,07,28_07,reviewer,none,4,4,0,0,0,1,1,0.2,4.2
28,6,08,28_08,panelist,med,NA,4,1,0,0,0,0,0,4
28,6,09,28_09,panelist,med,NA,4,1,0,0,0,0,0,4
28,6,10,28_10,panelist,high,NA,4,1,1,0,0,0,0,4
28,6,11,28_11,panelist,low,NA,4,1,0,1,0,1,0.1,4.1
28,6,12,28_12,reviewer,low,3.9,4,0,0,1,0,1,-0.2,3.8
28,6,13,28_13,panelist,low,NA,4,1,0,1,0,0,0,4
28,6,14,28_14,panelist,low,NA,4,1,0,1,0,0,0,4
28,6,15,28_15,panelist,none,NA,4,1,0,0,1,1,0.4,4.4
28,6,16,28_16,panelist,none,NA,4,1,0,0,1,0,0,4
28,6,17,28_17,panelist,none,NA,4,1,0,0,1,1,0.1,4.1
28,6,18,28_18,panelist,med,NA,4,1,0,0,0,0,0,4
28,6,19,28_19,panelist,none,NA,4,1,0,0,1,1,0.1,4.1
28,6,20,28_20,panelist,low,NA,4,1,0,1,0,1,0.2,4.2
28,6,21,28_21,panelist,none,NA,4,1,0,0,1,0,0,4
28,6,22,28_22,panelist,low,NA,4,1,0,1,0,1,-0.2,3.8
28,6,23,28_23,panelist,none,NA,4,1,0,0,1,0,0,4
28,6,24,28_24,panelist,med,NA,4,1,0,0,0,1,-0.3,3.7
28,7,01,28_01,panelist,none,NA,3.6,1,0,0,1,1,0.2,3.8
28,7,02,28_02,panelist,none,NA,3.6,1,0,0,1,0,0,3.6
28,7,03,28_03,panelist,high,NA,3.6,1,1,0,0,1,-0.1,3.5
28,7,04,28_04,panelist,none,NA,3.6,1,0,0,1,0,0,3.6
28,7,05,28_05,panelist,low,NA,3.6,1,0,1,0,1,-0.1,3.5
28,7,06,28_06,panelist,none,NA,3.6,1,0,0,1,1,-0.2,3.4
28,7,07,28_07,reviewer,med,3.5,3.6,0,0,0,0,1,-0.1,3.5
28,7,08,28_08,panelist,none,NA,3.6,1,0,0,1,1,-0.1,3.5
28,7,09,28_09,reviewer,low,3.9,3.6,0,0,1,0,1,-0.3,3.3
28,7,10,28_10,panelist,none,NA,3.6,1,0,0,1,1,-0.1,3.5
28,7,11,28_11,panelist,low,NA,3.6,1,0,1,0,1,0.1,3.7
28,7,12,28_12,panelist,none,NA,3.6,1,0,0,1,0,0,3.6
28,7,13,28_13,panelist,med,NA,3.6,1,0,0,0,1,0.1,3.7
28,7,14,28_14,panelist,low,NA,3.6,1,0,1,0,1,-0.1,3.5
28,7,15,28_15,panelist,none,NA,3.6,1,0,0,1,1,-0.1,3.5
28,7,16,28_16,panelist,none,NA,3.6,1,0,0,1,1,-0.2,3.4
28,7,17,28_17,panelist,low,NA,3.6,1,0,1,0,0,0,3.6
28,7,18,28_18,panelist,med,NA,3.6,1,0,0,0,1,-0.2,3.4
28,7,19,28_19,panelist,none,NA,3.6,1,0,0,1,0,0,3.6
28,7,20,28_20,panelist,med,NA,3.6,1,0,0,0,1,0.3,3.9
28,7,21,28_21,panelist,low,NA,3.6,1,0,1,0,0,0,3.6
28,7,22,28_22,reviewer,low,3.5,3.6,0,0,1,0,1,-0.1,3.5
28,7,23,28_23,panelist,high,NA,3.6,1,1,0,0,0,0,3.6
28,7,24,28_24,panelist,med,NA,3.6,1,0,0,0,0,0,3.6
28,9,01,28_01,panelist,none,NA,4.2,1,0,0,1,1,-0.1,4.1
28,9,02,28_02,panelist,med,NA,4.2,1,0,0,0,1,0.2,4.4
28,9,03,28_03,panelist,med,NA,4.2,1,0,0,0,1,0.1,4.3
28,9,04,28_04,panelist,none,NA,4.2,1,0,0,1,0,0,4.2
28,9,05,28_05,panelist,high,NA,4.2,1,1,0,0,0,0,4.2
28,9,06,28_06,reviewer,high,4.2,4.2,0,1,0,0,1,0.2,4.4
28,9,07,28_07,reviewer,none,4,4.2,0,0,0,1,0,0,4.2
28,9,08,28_08,panelist,low,NA,4.2,1,0,1,0,0,0,4.2
28,9,09,28_09,panelist,med,NA,4.2,1,0,0,0,0,0,4.2
28,9,10,28_10,panelist,med,NA,4.2,1,0,0,0,0,0,4.2
28,9,11,28_11,panelist,low,NA,4.2,1,0,1,0,0,0,4.2
28,9,12,28_12,panelist,none,NA,4.2,1,0,0,1,0,0,4.2
28,9,13,28_13,panelist,none,NA,4.2,1,0,0,1,0,0,4.2
28,9,14,28_14,panelist,med,NA,4.2,1,0,0,0,0,0,4.2
28,9,15,28_15,panelist,none,NA,4.2,1,0,0,1,0,0,4.2
28,9,16,28_16,panelist,low,NA,4.2,1,0,1,0,1,0.1,4.3
28,9,17,28_17,panelist,none,NA,4.2,1,0,0,1,0,0,4.2
28,9,18,28_18,panelist,none,NA,4.2,1,0,0,1,0,0,4.2
28,9,19,28_19,panelist,none,NA,4.2,1,0,0,1,1,0.2,4.4
28,9,20,28_20,panelist,none,NA,4.2,1,0,0,1,1,0.1,4.3
28,9,21,28_21,panelist,low,NA,4.2,1,0,1,0,1,-0.1,4.1
28,9,22,28_22,panelist,low,NA,4.2,1,0,1,0,0,0,4.2
28,9,23,28_23,panelist,low,NA,4.2,1,0,1,0,0,0,4.2
28,9,24,28_24,reviewer,low,4.4,4.2,0,0,1,0,0,0,4.2
28,10,01,28_01,panelist,low,NA,4.1,1,0,1,0,0,0,4.1
28,10,02,28_02,panelist,none,NA,4.1,1,0,0,1,0,0,4.1
28,10,03,28_03,panelist,med,NA,4.1,1,0,0,0,0,0,4.1
28,10,04,28_04,panelist,low,NA,4.1,1,0,1,0,0,0,4.1
28,10,05,28_05,panelist,low,NA,4.1,1,0,1,0,1,-0.2,3.9
28,10,06,28_06,panelist,none,NA,4.1,1,0,0,1,0,0,4.1
28,10,07,28_07,panelist,none,NA,4.1,1,0,0,1,1,0.4,4.5
28,10,08,28_08,panelist,med,NA,4.1,1,0,0,0,1,-0.1,4
28,10,09,28_09,panelist,none,NA,4.1,1,0,0,1,0,0,4.1
28,10,10,28_10,panelist,low,NA,4.1,1,0,1,0,0,0,4.1
28,10,11,28_11,panelist,low,NA,4.1,1,0,1,0,0,0,4.1
28,10,12,28_12,reviewer,low,4.1,4.1,0,0,1,0,0,0,4.1
28,10,13,28_13,panelist,med,NA,4.1,1,0,0,0,1,-0.2,3.9
28,10,14,28_14,panelist,high,NA,4.1,1,1,0,0,0,0,4.1
28,10,15,28_15,panelist,none,NA,4.1,1,0,0,1,0,0,4.1
28,10,16,28_16,reviewer,none,4,4.1,0,0,0,1,1,0.1,4.2
28,10,17,28_17,reviewer,med,4.1,4.1,0,0,0,0,1,0.1,4.2
28,10,18,28_18,panelist,none,NA,4.1,1,0,0,1,1,-0.1,4
28,10,19,28_19,panelist,none,NA,4.1,1,0,0,1,1,0.1,4.2
28,10,20,28_20,panelist,med,NA,4.1,1,0,0,0,1,0.2,4.3
28,10,21,28_21,panelist,none,NA,4.1,1,0,0,1,1,-0.2,3.9
28,10,22,28_22,panelist,high,NA,4.1,1,1,0,0,0,0,4.1
28,10,23,28_23,panelist,low,NA,4.1,1,0,1,0,1,-0.3,3.8
28,10,24,28_24,panelist,none,NA,4.1,1,0,0,1,1,0.2,4.3
28,14,01,28_01,panelist,high,NA,3.8,1,1,0,0,0,0,3.8
28,14,02,28_02,reviewer,none,3.9,3.8,0,0,0,1,1,0.3,4.1
28,14,03,28_03,reviewer,low,3.8,3.8,0,0,1,0,0,0,3.8
28,14,04,28_04,panelist,none,NA,3.8,1,0,0,1,1,0.1,3.9
28,14,05,28_05,panelist,none,NA,3.8,1,0,0,1,1,0.2,4
28,14,06,28_06,panelist,med,NA,3.8,1,0,0,0,1,0.1,3.9
28,14,07,28_07,panelist,none,NA,3.8,1,0,0,1,0,0,3.8
28,14,08,28_08,panelist,none,NA,3.8,1,0,0,1,0,0,3.8
28,14,09,28_09,panelist,none,NA,3.8,1,0,0,1,0,0,3.8
28,14,10,28_10,panelist,high,NA,3.8,1,1,0,0,0,0,3.8
28,14,11,28_11,panelist,med,NA,3.8,1,0,0,0,0,0,3.8
28,14,12,28_12,panelist,low,NA,3.8,1,0,1,0,0,0,3.8
28,14,13,28_13,panelist,med,NA,3.8,1,0,0,0,1,-0.1,3.7
28,14,14,28_14,panelist,med,NA,3.8,1,0,0,0,0,0,3.8
28,14,15,28_15,panelist,none,NA,3.8,1,0,0,1,0,0,3.8
28,14,16,28_16,panelist,low,NA,3.8,1,0,1,0,1,0.3,4.1
28,14,17,28_17,panelist,none,NA,3.8,1,0,0,1,1,-0.1,3.7
28,14,18,28_18,panelist,none,NA,3.8,1,0,0,1,1,-0.1,3.7
28,14,19,28_19,panelist,low,NA,3.8,1,0,1,0,0,0,3.8
28,14,20,28_20,panelist,low,NA,3.8,1,0,1,0,0,0,3.8
28,14,21,28_21,panelist,low,NA,3.8,1,0,1,0,1,-0.1,3.7
28,14,22,28_22,panelist,none,NA,3.8,1,0,0,1,1,-0.5,3.3
28,14,23,28_23,reviewer,low,3.8,3.8,0,0,1,0,0,0,3.8
28,14,24,28_24,panelist,med,NA,3.8,1,0,0,0,0,0,3.8
28,15,01,28_01,panelist,none,NA,4.1,1,0,0,1,0,0,4.1
28,15,02,28_02,panelist,med,NA,4.1,1,0,0,0,0,0,4.1
28,15,03,28_03,panelist,low,NA,4.1,1,0,1,0,0,0,4.1
28,15,04,28_04,panelist,none,NA,4.1,1,0,0,1,1,0.1,4.2
28,15,05,28_05,panelist,high,NA,4.1,1,1,0,0,0,0,4.1
28,15,06,28_06,panelist,none,NA,4.1,1,0,0,1,1,-0.2,3.9
28,15,07,28_07,panelist,low,NA,4.1,1,0,1,0,1,-0.2,3.9
28,15,08,28_08,panelist,none,NA,4.1,1,0,0,1,1,-0.2,3.9
28,15,09,28_09,panelist,med,NA,4.1,1,0,0,0,0,0,4.1
28,15,10,28_10,reviewer,med,4.1,4.1,0,0,0,0,0,0,4.1
28,15,11,28_11,panelist,low,NA,4.1,1,0,1,0,1,0.1,4.2
28,15,12,28_12,panelist,none,NA,4.1,1,0,0,1,1,-0.1,4
28,15,13,28_13,panelist,low,NA,4.1,1,0,1,0,1,-0.1,4
28,15,14,28_14,panelist,low,NA,4.1,1,0,1,0,1,0.1,4.2
28,15,15,28_15,panelist,none,NA,4.1,1,0,0,1,1,0.1,4.2
28,15,16,28_16,panelist,med,NA,4.1,1,0,0,0,0,0,4.1
28,15,17,28_17,reviewer,none,4.1,4.1,0,0,0,1,1,-0.1,4
28,15,18,28_18,reviewer,high,4.2,4.1,0,1,0,0,0,0,4.1
28,15,19,28_19,panelist,none,NA,4.1,1,0,0,1,1,0.3,4.4
28,15,20,28_20,panelist,med,NA,4.1,1,0,0,0,1,0.2,4.3
28,15,21,28_21,panelist,low,NA,4.1,1,0,1,0,0,0,4.1
28,15,22,28_22,panelist,low,NA,4.1,1,0,1,0,0,0,4.1
28,15,23,28_23,panelist,none,NA,4.1,1,0,0,1,1,0.1,4.2
28,15,24,28_24,panelist,none,NA,4.1,1,0,0,1,1,-0.1,4
28,16,01,28_01,panelist,low,NA,3.9,1,0,1,0,0,0,3.9
28,16,02,28_02,panelist,none,NA,3.9,1,0,0,1,0,0,3.9
28,16,03,28_03,panelist,high,NA,3.9,1,1,0,0,0,0,3.9
28,16,04,28_04,reviewer,none,4.1,3.9,0,0,0,1,0,0,3.9
28,16,05,28_05,panelist,low,NA,3.9,1,0,1,0,0,0,3.9
28,16,06,28_06,panelist,med,NA,3.9,1,0,0,0,1,0.3,4.2
28,16,07,28_07,panelist,med,NA,3.9,1,0,0,0,0,0,3.9
28,16,08,28_08,panelist,none,NA,3.9,1,0,0,1,1,-0.2,3.7
28,16,09,28_09,panelist,none,NA,3.9,1,0,0,1,0,0,3.9
28,16,10,28_10,reviewer,none,3.9,3.9,0,0,0,1,1,-0.2,3.7
28,16,11,28_11,panelist,med,NA,3.9,1,0,0,0,0,0,3.9
28,16,12,28_12,panelist,low,NA,3.9,1,0,1,0,1,-0.3,3.6
28,16,13,28_13,panelist,high,NA,3.9,1,1,0,0,0,0,3.9
28,16,14,28_14,panelist,med,NA,3.9,1,0,0,0,1,-0.2,3.7
28,16,15,28_15,panelist,none,NA,3.9,1,0,0,1,1,0.2,4.1
28,16,16,28_16,panelist,none,NA,3.9,1,0,0,1,1,0.1,4
28,16,17,28_17,reviewer,low,3.8,3.9,0,0,1,0,0,0,3.9
28,16,18,28_18,panelist,med,NA,3.9,1,0,0,0,0,0,3.9
28,16,19,28_19,panelist,none,NA,3.9,1,0,0,1,1,-0.1,3.8
28,16,20,28_20,panelist,none,NA,3.9,1,0,0,1,0,0,3.9
28,16,21,28_21,panelist,low,NA,3.9,1,0,1,0,1,0.1,4
28,16,22,28_22,panelist,none,NA,3.9,1,0,0,1,0,0,3.9
28,16,23,28_23,panelist,low,NA,3.9,1,0,1,0,1,-0.1,3.8
28,16,24,28_24,panelist,low,NA,3.9,1,0,1,0,0,0,3.9
28,18,01,28_01,panelist,low,NA,3.5,1,0,1,0,0,0,3.5
28,18,02,28_02,panelist,none,NA,3.5,1,0,0,1,0,0,3.5
28,18,03,28_03,panelist,none,NA,3.5,1,0,0,1,0,0,3.5
28,18,04,28_04,reviewer,med,3.5,3.5,0,0,0,0,0,0,3.5
28,18,05,28_05,reviewer,none,3.8,3.5,0,0,0,1,0,0,3.5
28,18,06,28_06,panelist,low,NA,3.5,1,0,1,0,0,0,3.5
28,18,07,28_07,panelist,none,NA,3.5,1,0,0,1,1,-0.1,3.4
28,18,08,28_08,panelist,med,NA,3.5,1,0,0,0,0,0,3.5
28,18,09,28_09,panelist,none,NA,3.5,1,0,0,1,1,0.1,3.6
28,18,10,28_10,panelist,high,NA,3.5,1,1,0,0,1,-0.1,3.4
28,18,11,28_11,panelist,low,NA,3.5,1,0,1,0,1,-0.1,3.4
28,18,12,28_12,panelist,low,NA,3.5,1,0,1,0,0,0,3.5
28,18,13,28_13,panelist,none,NA,3.5,1,0,0,1,0,0,3.5
28,18,14,28_14,panelist,med,NA,3.5,1,0,0,0,0,0,3.5
28,18,15,28_15,panelist,none,NA,3.5,1,0,0,1,1,0.2,3.7
28,18,16,28_16,panelist,none,NA,3.5,1,0,0,1,0,0,3.5
28,18,17,28_17,panelist,none,NA,3.5,1,0,0,1,0,0,3.5
28,18,18,28_18,panelist,high,NA,3.5,1,1,0,0,0,0,3.5
28,18,19,28_19,panelist,low,NA,3.5,1,0,1,0,1,0.1,3.6
28,18,20,28_20,panelist,low,NA,3.5,1,0,1,0,0,0,3.5
28,18,21,28_21,panelist,med,NA,3.5,1,0,0,0,0,0,3.5
28,18,22,28_22,reviewer,med,3.3,3.5,0,0,0,0,0,0,3.5
28,18,23,28_23,panelist,low,NA,3.5,1,0,1,0,0,0,3.5
28,18,24,28_24,panelist,none,NA,3.5,1,0,0,1,1,0.1,3.6
28,20,01,28_01,reviewer,high,3.6,3.6,0,1,0,0,0,0,3.6
28,20,02,28_02,panelist,none,NA,3.6,1,0,0,1,1,0.1,3.7
28,20,03,28_03,panelist,none,NA,3.6,1,0,0,1,0,0,3.6
28,20,04,28_04,panelist,none,NA,3.6,1,0,0,1,1,-0.1,3.5
28,20,05,28_05,reviewer,low,3.4,3.6,0,0,1,0,0,0,3.6
28,20,06,28_06,panelist,none,NA,3.6,1,0,0,1,0,0,3.6
28,20,07,28_07,panelist,low,NA,3.6,1,0,1,0,0,0,3.6
28,20,08,28_08,panelist,none,NA,3.6,1,0,0,1,1,0.2,3.8
28,20,09,28_09,panelist,med,NA,3.6,1,0,0,0,0,0,3.6
28,20,10,28_10,panelist,low,NA,3.6,1,0,1,0,0,0,3.6
28,20,11,28_11,panelist,med,NA,3.6,1,0,0,0,1,-0.1,3.5
28,20,12,28_12,panelist,low,NA,3.6,1,0,1,0,0,0,3.6
28,20,13,28_13,panelist,low,NA,3.6,1,0,1,0,0,0,3.6
28,20,14,28_14,panelist,none,NA,3.6,1,0,0,1,0,0,3.6
28,20,15,28_15,panelist,med,NA,3.6,1,0,0,0,0,0,3.6
28,20,16,28_16,panelist,med,NA,3.6,1,0,0,0,0,0,3.6
28,20,17,28_17,panelist,low,NA,3.6,1,0,1,0,1,-0.1,3.5
28,20,18,28_18,panelist,none,NA,3.6,1,0,0,1,1,-0.2,3.4
28,20,19,28_19,panelist,none,NA,3.6,1,0,0,1,0,0,3.6
28,20,20,28_20,panelist,none,NA,3.6,1,0,0,1,1,0.1,3.7
28,20,21,28_21,panelist,high,NA,3.6,1,1,0,0,1,0.1,3.7
28,20,22,28_22,panelist,low,NA,3.6,1,0,1,0,1,-0.4,3.2
28,20,23,28_23,reviewer,none,3.7,3.6,0,0,0,1,1,-0.1,3.5
28,20,24,28_24,panelist,med,NA,3.6,1,0,0,0,1,0.2,3.8
28,24,01,28_01,panelist,med,NA,4,1,0,0,0,1,-0.3,3.7
28,24,02,28_02,panelist,med,NA,4,1,0,0,0,0,0,4
28,24,03,28_03,panelist,none,NA,4,1,0,0,1,1,-0.1,3.9
28,24,04,28_04,panelist,none,NA,4,1,0,0,1,1,0.2,4.2
28,24,05,28_05,panelist,low,NA,4,1,0,1,0,0,0,4
28,24,06,28_06,panelist,none,NA,4,1,0,0,1,1,0.2,4.2
28,24,07,28_07,panelist,none,NA,4,1,0,0,1,0,0,4
28,24,08,28_08,panelist,high,NA,4,1,1,0,0,0,0,4
28,24,09,28_09,panelist,none,NA,4,1,0,0,1,1,-0.2,3.8
28,24,10,28_10,panelist,med,NA,4,1,0,0,0,0,0,4
28,24,11,28_11,panelist,low,NA,4,1,0,1,0,0,0,4
28,24,12,28_12,reviewer,low,4,4,0,0,1,0,0,0,4
28,24,13,28_13,panelist,none,NA,4,1,0,0,1,1,-0.1,3.9
28,24,14,28_14,panelist,high,NA,4,1,1,0,0,0,0,4
28,24,15,28_15,panelist,low,NA,4,1,0,1,0,0,0,4
28,24,16,28_16,panelist,low,NA,4,1,0,1,0,1,0.1,4.1
28,24,17,28_17,panelist,low,NA,4,1,0,1,0,0,0,4
28,24,18,28_18,panelist,none,NA,4,1,0,0,1,0,0,4
28,24,19,28_19,panelist,none,NA,4,1,0,0,1,1,0.1,4.1
28,24,20,28_20,reviewer,med,3.8,4,0,0,0,0,1,0.3,4.3
28,24,21,28_21,panelist,none,NA,4,1,0,0,1,1,-0.2,3.8
28,24,22,28_22,panelist,med,NA,4,1,0,0,0,1,0.2,4.2
28,24,23,28_23,reviewer,none,4.1,4,0,0,0,1,0,0,4
28,24,24,28_24,panelist,low,NA,4,1,0,1,0,1,-0.3,3.7
28,28,01,28_01,panelist,none,NA,4.1,1,0,0,1,0,0,4.1
28,28,02,28_02,reviewer,low,4.1,4.1,0,0,1,0,0,0,4.1
28,28,03,28_03,panelist,none,NA,4.1,1,0,0,1,0,0,4.1
28,28,04,28_04,panelist,low,NA,4.1,1,0,1,0,1,0.1,4.2
28,28,05,28_05,panelist,none,NA,4.1,1,0,0,1,1,-0.2,3.9
28,28,06,28_06,panelist,none,NA,4.1,1,0,0,1,0,0,4.1
28,28,07,28_07,panelist,med,NA,4.1,1,0,0,0,0,0,4.1
28,28,08,28_08,panelist,none,NA,4.1,1,0,0,1,1,0.2,4.3
28,28,09,28_09,panelist,med,NA,4.1,1,0,0,0,0,0,4.1
28,28,10,28_10,panelist,none,NA,4.1,1,0,0,1,1,0.2,4.3
28,28,11,28_11,panelist,low,NA,4.1,1,0,1,0,0,0,4.1
28,28,12,28_12,reviewer,low,4.2,4.1,0,0,1,0,1,-0.2,3.9
28,28,13,28_13,panelist,none,NA,4.1,1,0,0,1,1,0.1,4.2
28,28,14,28_14,panelist,high,NA,4.1,1,1,0,0,0,0,4.1
28,28,15,28_15,panelist,none,NA,4.1,1,0,0,1,0,0,4.1
28,28,16,28_16,reviewer,none,4,4.1,0,0,0,1,1,0.3,4.4
28,28,17,28_17,panelist,med,NA,4.1,1,0,0,0,0,0,4.1
28,28,18,28_18,panelist,med,NA,4.1,1,0,0,0,0,0,4.1
28,28,19,28_19,panelist,med,NA,4.1,1,0,0,0,0,0,4.1
28,28,20,28_20,panelist,low,NA,4.1,1,0,1,0,1,0.3,4.4
28,28,21,28_21,panelist,low,NA,4.1,1,0,1,0,1,-0.3,3.8
28,28,22,28_22,panelist,low,NA,4.1,1,0,1,0,0,0,4.1
28,28,23,28_23,panelist,none,NA,4.1,1,0,0,1,1,0.2,4.3
28,28,24,28_24,panelist,high,NA,4.1,1,1,0,0,0,0,4.1
28,29,01,28_01,panelist,med,NA,3.7,1,0,0,0,0,0,3.7
28,29,02,28_02,panelist,low,NA,3.7,1,0,1,0,0,0,3.7
28,29,03,28_03,panelist,none,NA,3.7,1,0,0,1,1,0.2,3.9
28,29,04,28_04,panelist,med,NA,3.7,1,0,0,0,0,0,3.7
28,29,05,28_05,panelist,none,NA,3.7,1,0,0,1,1,-0.1,3.6
28,29,06,28_06,panelist,low,NA,3.7,1,0,1,0,0,0,3.7
28,29,07,28_07,reviewer,high,3.6,3.7,0,1,0,0,0,0,3.7
28,29,08,28_08,panelist,none,NA,3.7,1,0,0,1,1,-0.3,3.4
28,29,09,28_09,panelist,med,NA,3.7,1,0,0,0,0,0,3.7
28,29,10,28_10,panelist,none,NA,3.7,1,0,0,1,0,0,3.7
28,29,11,28_11,panelist,none,NA,3.7,1,0,0,1,0,0,3.7
28,29,12,28_12,panelist,none,NA,3.7,1,0,0,1,0,0,3.7
28,29,13,28_13,panelist,low,NA,3.7,1,0,1,0,1,-0.3,3.4
28,29,14,28_14,panelist,med,NA,3.7,1,0,0,0,1,0.1,3.8
28,29,15,28_15,panelist,none,NA,3.7,1,0,0,1,1,0.3,4
28,29,16,28_16,panelist,none,NA,3.7,1,0,0,1,1,0.1,3.8
28,29,17,28_17,reviewer,low,3.8,3.7,0,0,1,0,1,0.2,3.9
28,29,18,28_18,panelist,none,NA,3.7,1,0,0,1,0,0,3.7
28,29,19,28_19,panelist,high,NA,3.7,1,1,0,0,0,0,3.7
28,29,20,28_20,panelist,low,NA,3.7,1,0,1,0,0,0,3.7
28,29,21,28_21,reviewer,low,3.7,3.7,0,0,1,0,1,-0.2,3.5
28,29,22,28_22,panelist,med,NA,3.7,1,0,0,0,0,0,3.7
28,29,23,28_23,panelist,none,NA,3.7,1,0,0,1,1,0.3,4
28,29,24,28_24,panelist,low,NA,3.7,1,0,1,0,0,0,3.7
29,4,01,29_01,panelist,med,NA,4.5,1,0,0,0,1,-0.1,4.4
29,4,02,29_02,panelist,none,NA,4.5,1,0,0,1,0,0,4.5
29,4,03,29_03,panelist,low,NA,4.5,1,0,1,0,0,0,4.5
29,4,04,29_04,panelist,med,NA,4.5,1,0,0,0,1,-0.3,4.2
29,4,05,29_05,panelist,low,NA,4.5,1,0,1,0,1,-0.2,4.3
29,4,06,29_06,panelist,none,NA,4.5,1,0,0,1,0,0,4.5
29,4,07,29_07,panelist,low,NA,4.5,1,0,1,0,0,0,4.5
29,4,08,29_08,panelist,none,NA,4.5,1,0,0,1,1,-0.1,4.4
29,4,09,29_09,panelist,low,NA,4.5,1,0,1,0,1,0.2,4.7
29,4,10,29_10,panelist,none,NA,4.5,1,0,0,1,0,0,4.5
29,4,11,29_11,panelist,none,NA,4.5,1,0,0,1,0,0,4.5
29,4,12,29_12,reviewer,none,4.4,4.5,0,0,0,1,1,-0.2,4.3
29,4,13,29_13,panelist,med,NA,4.5,1,0,0,0,0,0,4.5
29,4,14,29_14,reviewer,low,4.5,4.5,0,0,1,0,0,0,4.5
29,4,15,29_15,panelist,low,NA,4.5,1,0,1,0,1,-0.3,4.2
29,4,16,29_16,panelist,none,NA,4.5,1,0,0,1,1,-0.1,4.4
29,4,17,29_17,panelist,low,NA,4.5,1,0,1,0,0,0,4.5
29,4,18,29_18,reviewer,high,4.5,4.5,0,1,0,0,1,-0.2,4.3
29,4,19,29_19,panelist,med,NA,4.5,1,0,0,0,0,0,4.5
29,4,20,29_20,panelist,none,NA,4.5,1,0,0,1,1,0.2,4.7
29,4,21,29_21,panelist,none,NA,4.5,1,0,0,1,0,0,4.5
29,4,22,29_22,panelist,high,NA,4.5,1,1,0,0,0,0,4.5
29,4,23,29_23,panelist,none,NA,4.5,1,0,0,1,0,0,4.5
29,4,24,29_24,panelist,med,NA,4.5,1,0,0,0,0,0,4.5
29,5,01,29_01,panelist,low,NA,3.9,1,0,1,0,1,-0.1,3.8
29,5,02,29_02,reviewer,med,3.8,3.9,0,0,0,0,0,0,3.9
29,5,03,29_03,panelist,none,NA,3.9,1,0,0,1,0,0,3.9
29,5,04,29_04,panelist,none,NA,3.9,1,0,0,1,1,-0.1,3.8
29,5,05,29_05,panelist,med,NA,3.9,1,0,0,0,0,0,3.9
29,5,06,29_06,panelist,none,NA,3.9,1,0,0,1,0,0,3.9
29,5,07,29_07,panelist,low,NA,3.9,1,0,1,0,0,0,3.9
29,5,08,29_08,panelist,low,NA,3.9,1,0,1,0,0,0,3.9
29,5,09,29_09,panelist,low,NA,3.9,1,0,1,0,0,0,3.9
29,5,10,29_10,panelist,med,NA,3.9,1,0,0,0,1,-0.1,3.8
29,5,11,29_11,reviewer,none,3.9,3.9,0,0,0,1,0,0,3.9
29,5,12,29_12,reviewer,low,3.9,3.9,0,0,1,0,0,0,3.9
29,5,13,29_13,panelist,med,NA,3.9,1,0,0,0,0,0,3.9
29,5,14,29_14,panelist,none,NA,3.9,1,0,0,1,0,0,3.9
29,5,15,29_15,panelist,none,NA,3.9,1,0,0,1,0,0,3.9
29,5,16,29_16,panelist,none,NA,3.9,1,0,0,1,1,0.1,4
29,5,17,29_17,panelist,low,NA,3.9,1,0,1,0,0,0,3.9
29,5,18,29_18,panelist,none,NA,3.9,1,0,0,1,0,0,3.9
29,5,19,29_19,panelist,none,NA,3.9,1,0,0,1,0,0,3.9
29,5,20,29_20,panelist,med,NA,3.9,1,0,0,0,0,0,3.9
29,5,21,29_21,panelist,low,NA,3.9,1,0,1,0,0,0,3.9
29,5,22,29_22,panelist,high,NA,3.9,1,1,0,0,0,0,3.9
29,5,23,29_23,panelist,high,NA,3.9,1,1,0,0,1,-0.2,3.7
29,5,24,29_24,panelist,none,NA,3.9,1,0,0,1,0,0,3.9
29,6,01,29_01,panelist,med,NA,3.9,1,0,0,0,0,0,3.9
29,6,02,29_02,panelist,low,NA,3.9,1,0,1,0,1,0.2,4.1
29,6,03,29_03,panelist,none,NA,3.9,1,0,0,1,1,-0.1,3.8
29,6,04,29_04,panelist,low,NA,3.9,1,0,1,0,1,-0.1,3.8
29,6,05,29_05,panelist,low,NA,3.9,1,0,1,0,0,0,3.9
29,6,06,29_06,panelist,none,NA,3.9,1,0,0,1,1,0.1,4
29,6,07,29_07,panelist,high,NA,3.9,1,1,0,0,0,0,3.9
29,6,08,29_08,panelist,low,NA,3.9,1,0,1,0,0,0,3.9
29,6,09,29_09,panelist,none,NA,3.9,1,0,0,1,1,0.1,4
29,6,10,29_10,panelist,low,NA,3.9,1,0,1,0,0,0,3.9
29,6,11,29_11,reviewer,med,4,3.9,0,0,0,0,0,0,3.9
29,6,12,29_12,panelist,low,NA,3.9,1,0,1,0,1,0.1,4
29,6,13,29_13,reviewer,none,3.9,3.9,0,0,0,1,1,0.1,4
29,6,14,29_14,panelist,none,NA,3.9,1,0,0,1,0,0,3.9
29,6,15,29_15,panelist,none,NA,3.9,1,0,0,1,1,-0.2,3.7
29,6,16,29_16,panelist,none,NA,3.9,1,0,0,1,0,0,3.9
29,6,17,29_17,panelist,med,NA,3.9,1,0,0,0,0,0,3.9
29,6,18,29_18,panelist,high,NA,3.9,1,1,0,0,0,0,3.9
29,6,19,29_19,panelist,none,NA,3.9,1,0,0,1,1,0.1,4
29,6,20,29_20,reviewer,low,3.7,3.9,0,0,1,0,0,0,3.9
29,6,21,29_21,panelist,med,NA,3.9,1,0,0,0,0,0,3.9
29,6,22,29_22,panelist,med,NA,3.9,1,0,0,0,1,-0.1,3.8
29,6,23,29_23,panelist,none,NA,3.9,1,0,0,1,1,-0.4,3.5
29,6,24,29_24,panelist,none,NA,3.9,1,0,0,1,1,0.2,4.1
29,7,01,29_01,panelist,med,NA,4.2,1,0,0,0,0,0,4.2
29,7,02,29_02,panelist,none,NA,4.2,1,0,0,1,0,0,4.2
29,7,03,29_03,panelist,med,NA,4.2,1,0,0,0,0,0,4.2
29,7,04,29_04,panelist,high,NA,4.2,1,1,0,0,0,0,4.2
29,7,05,29_05,reviewer,low,4.1,4.2,0,0,1,0,1,-0.1,4.1
29,7,06,29_06,panelist,none,NA,4.2,1,0,0,1,0,0,4.2
29,7,07,29_07,panelist,none,NA,4.2,1,0,0,1,1,-0.1,4.1
29,7,08,29_08,panelist,med,NA,4.2,1,0,0,0,0,0,4.2
29,7,09,29_09,panelist,low,NA,4.2,1,0,1,0,1,0.3,4.5
29,7,10,29_10,panelist,none,NA,4.2,1,0,0,1,0,0,4.2
29,7,11,29_11,panelist,none,NA,4.2,1,0,0,1,0,0,4.2
29,7,12,29_12,panelist,med,NA,4.2,1,0,0,0,0,0,4.2
29,7,13,29_13,panelist,high,NA,4.2,1,1,0,0,0,0,4.2
29,7,14,29_14,panelist,low,NA,4.2,1,0,1,0,1,-0.3,3.9
29,7,15,29_15,panelist,low,NA,4.2,1,0,1,0,1,-0.3,3.9
29,7,16,29_16,panelist,low,NA,4.2,1,0,1,0,0,0,4.2
29,7,17,29_17,panelist,none,NA,4.2,1,0,0,1,0,0,4.2
29,7,18,29_18,reviewer,low,4.1,4.2,0,0,1,0,0,0,4.2
29,7,19,29_19,panelist,med,NA,4.2,1,0,0,0,0,0,4.2
29,7,20,29_20,panelist,none,NA,4.2,1,0,0,1,0,0,4.2
29,7,21,29_21,panelist,none,NA,4.2,1,0,0,1,0,0,4.2
29,7,22,29_22,panelist,low,NA,4.2,1,0,1,0,0,0,4.2
29,7,23,29_23,panelist,none,NA,4.2,1,0,0,1,0,0,4.2
29,7,24,29_24,reviewer,none,4.3,4.2,0,0,0,1,0,0,4.2
29,8,01,29_01,panelist,none,NA,4,1,0,0,1,1,-0.1,3.9
29,8,02,29_02,panelist,none,NA,4,1,0,0,1,0,0,4
29,8,03,29_03,reviewer,none,3.8,4,0,0,0,1,0,0,4
29,8,04,29_04,panelist,med,NA,4,1,0,0,0,0,0,4
29,8,05,29_05,reviewer,med,4.1,4,0,0,0,0,0,0,4
29,8,06,29_06,panelist,high,NA,4,1,1,0,0,0,0,4
29,8,07,29_07,panelist,high,NA,4,1,1,0,0,0,0,4
29,8,08,29_08,panelist,low,NA,4,1,0,1,0,0,0,4
29,8,09,29_09,panelist,med,NA,4,1,0,0,0,1,0.1,4.1
29,8,10,29_10,panelist,low,NA,4,1,0,1,0,0,0,4
29,8,11,29_11,reviewer,low,4,4,0,0,1,0,0,0,4
29,8,12,29_12,panelist,none,NA,4,1,0,0,1,0,0,4
29,8,13,29_13,panelist,low,NA,4,1,0,1,0,0,0,4
29,8,14,29_14,panelist,none,NA,4,1,0,0,1,0,0,4
29,8,15,29_15,panelist,none,NA,4,1,0,0,1,1,-0.1,3.9
29,8,16,29_16,panelist,med,NA,4,1,0,0,0,1,0.1,4.1
29,8,17,29_17,panelist,med,NA,4,1,0,0,0,0,0,4
29,8,18,29_18,panelist,low,NA,4,1,0,1,0,0,0,4
29,8,19,29_19,panelist,none,NA,4,1,0,0,1,0,0,4
29,8,20,29_20,panelist,low,NA,4,1,0,1,0,1,0.1,4.1
29,8,21,29_21,panelist,none,NA,4,1,0,0,1,0,0,4
29,8,22,29_22,panelist,none,NA,4,1,0,0,1,1,0.1,4.1
29,8,23,29_23,panelist,low,NA,4,1,0,1,0,1,-0.2,3.8
29,8,24,29_24,panelist,none,NA,4,1,0,0,1,1,0.2,4.2
29,9,01,29_01,reviewer,low,3.8,3.9,0,0,1,0,1,-0.1,3.8
29,9,02,29_02,reviewer,none,3.8,3.9,0,0,0,1,0,0,3.9
29,9,03,29_03,panelist,med,NA,3.9,1,0,0,0,0,0,3.9
29,9,04,29_04,panelist,med,NA,3.9,1,0,0,0,0,0,3.9
29,9,05,29_05,panelist,low,NA,3.9,1,0,1,0,1,-0.1,3.8
29,9,06,29_06,panelist,none,NA,3.9,1,0,0,1,0,0,3.9
29,9,07,29_07,panelist,none,NA,3.9,1,0,0,1,1,-0.1,3.8
29,9,08,29_08,panelist,low,NA,3.9,1,0,1,0,0,0,3.9
29,9,09,29_09,panelist,none,NA,3.9,1,0,0,1,0,0,3.9
29,9,10,29_10,reviewer,med,4,3.9,0,0,0,0,0,0,3.9
29,9,11,29_11,panelist,none,NA,3.9,1,0,0,1,1,0.2,4.1
29,9,12,29_12,panelist,low,NA,3.9,1,0,1,0,0,0,3.9
29,9,13,29_13,panelist,low,NA,3.9,1,0,1,0,0,0,3.9
29,9,14,29_14,panelist,none,NA,3.9,1,0,0,1,0,0,3.9
29,9,15,29_15,panelist,none,NA,3.9,1,0,0,1,1,-0.2,3.7
29,9,16,29_16,panelist,none,NA,3.9,1,0,0,1,0,0,3.9
29,9,17,29_17,panelist,high,NA,3.9,1,1,0,0,1,-0.1,3.8
29,9,18,29_18,panelist,low,NA,3.9,1,0,1,0,0,0,3.9
29,9,19,29_19,panelist,low,NA,3.9,1,0,1,0,1,0.1,4
29,9,20,29_20,panelist,high,NA,3.9,1,1,0,0,0,0,3.9
29,9,21,29_21,panelist,med,NA,3.9,1,0,0,0,1,-0.2,3.7
29,9,22,29_22,panelist,none,NA,3.9,1,0,0,1,0,0,3.9
29,9,23,29_23,panelist,none,NA,3.9,1,0,0,1,1,-0.2,3.7
29,9,24,29_24,panelist,med,NA,3.9,1,0,0,0,0,0,3.9
29,11,01,29_01,panelist,med,NA,3.5,1,0,0,0,1,-0.1,3.4
29,11,02,29_02,panelist,med,NA,3.5,1,0,0,0,0,0,3.5
29,11,03,29_03,panelist,med,NA,3.5,1,0,0,0,0,0,3.5
29,11,04,29_04,panelist,med,NA,3.5,1,0,0,0,1,-0.1,3.4
29,11,05,29_05,panelist,low,NA,3.5,1,0,1,0,1,-0.1,3.4
29,11,06,29_06,panelist,med,NA,3.5,1,0,0,0,0,0,3.5
29,11,07,29_07,panelist,low,NA,3.5,1,0,1,0,1,0.3,3.8
29,11,08,29_08,panelist,low,NA,3.5,1,0,1,0,1,0.1,3.6
29,11,09,29_09,panelist,high,NA,3.5,1,1,0,0,0,0,3.5
29,11,10,29_10,panelist,none,NA,3.5,1,0,0,1,1,-0.2,3.3
29,11,11,29_11,panelist,high,NA,3.5,1,1,0,0,0,0,3.5
29,11,12,29_12,reviewer,none,3.7,3.5,0,0,0,1,0,0,3.5
29,11,13,29_13,panelist,low,NA,3.5,1,0,1,0,0,0,3.5
29,11,14,29_14,panelist,none,NA,3.5,1,0,0,1,1,-0.2,3.3
29,11,15,29_15,panelist,low,NA,3.5,1,0,1,0,1,-0.3,3.2
29,11,16,29_16,panelist,none,NA,3.5,1,0,0,1,0,0,3.5
29,11,17,29_17,reviewer,none,3.3,3.5,0,0,0,1,1,-0.2,3.3
29,11,18,29_18,panelist,none,NA,3.5,1,0,0,1,1,-0.1,3.4
29,11,19,29_19,panelist,low,NA,3.5,1,0,1,0,0,0,3.5
29,11,20,29_20,panelist,low,NA,3.5,1,0,1,0,1,-0.1,3.4
29,11,21,29_21,panelist,none,NA,3.5,1,0,0,1,1,-0.2,3.3
29,11,22,29_22,reviewer,none,3.5,3.5,0,0,0,1,0,0,3.5
29,11,23,29_23,panelist,none,NA,3.5,1,0,0,1,1,-0.3,3.2
29,11,24,29_24,panelist,none,NA,3.5,1,0,0,1,1,0.2,3.7
29,12,01,29_01,panelist,med,NA,3.7,1,0,0,0,1,-0.2,3.5
29,12,02,29_02,panelist,low,NA,3.7,1,0,1,0,1,-0.1,3.6
29,12,03,29_03,panelist,none,NA,3.7,1,0,0,1,0,0,3.7
29,12,04,29_04,panelist,low,NA,3.7,1,0,1,0,0,0,3.7
29,12,05,29_05,panelist,low,NA,3.7,1,0,1,0,0,0,3.7
29,12,06,29_06,panelist,med,NA,3.7,1,0,0,0,0,0,3.7
29,12,07,29_07,panelist,med,NA,3.7,1,0,0,0,0,0,3.7
29,12,08,29_08,reviewer,none,3.9,3.7,0,0,0,1,1,0.3,4
29,12,09,29_09,panelist,none,NA,3.7,1,0,0,1,0,0,3.7
29,12,10,29_10,panelist,high,NA,3.7,1,1,0,0,0,0,3.7
29,12,11,29_11,panelist,med,NA,3.7,1,0,0,0,0,0,3.7
29,12,12,29_12,panelist,low,NA,3.7,1,0,1,0,0,0,3.7
29,12,13,29_13,panelist,high,NA,3.7,1,1,0,0,1,-0.2,3.5
29,12,14,29_14,panelist,none,NA,3.7,1,0,0,1,1,0.1,3.8
29,12,15,29_15,panelist,none,NA,3.7,1,0,0,1,0,0,3.7
29,12,16,29_16,reviewer,low,3.3,3.7,0,0,1,0,1,0.2,3.9
29,12,17,29_17,panelist,none,NA,3.7,1,0,0,1,1,-0.4,3.3
29,12,18,29_18,panelist,low,NA,3.7,1,0,1,0,0,0,3.7
29,12,19,29_19,reviewer,none,3.9,3.7,0,0,0,1,0,0,3.7
29,12,20,29_20,panelist,none,NA,3.7,1,0,0,1,0,0,3.7
29,12,21,29_21,panelist,none,NA,3.7,1,0,0,1,1,-0.1,3.6
29,12,22,29_22,panelist,low,NA,3.7,1,0,1,0,1,0.1,3.8
29,12,23,29_23,panelist,med,NA,3.7,1,0,0,0,1,-0.3,3.4
29,12,24,29_24,panelist,none,NA,3.7,1,0,0,1,0,0,3.7
29,13,01,29_01,panelist,none,NA,3.7,1,0,0,1,1,-0.1,3.6
29,13,02,29_02,panelist,med,NA,3.7,1,0,0,0,1,-0.2,3.5
29,13,03,29_03,panelist,none,NA,3.7,1,0,0,1,1,0.2,3.9
29,13,04,29_04,panelist,med,NA,3.7,1,0,0,0,0,0,3.7
29,13,05,29_05,reviewer,none,3.6,3.7,0,0,0,1,0,0,3.7
29,13,06,29_06,panelist,med,NA,3.7,1,0,0,0,0,0,3.7
29,13,07,29_07,panelist,none,NA,3.7,1,0,0,1,0,0,3.7
29,13,08,29_08,panelist,low,NA,3.7,1,0,1,0,1,-0.2,3.5
29,13,09,29_09,panelist,none,NA,3.7,1,0,0,1,1,0.3,4
29,13,10,29_10,panelist,low,NA,3.7,1,0,1,0,0,0,3.7
29,13,11,29_11,reviewer,none,3.6,3.7,0,0,0,1,0,0,3.7
29,13,12,29_12,panelist,low,NA,3.7,1,0,1,0,0,0,3.7
29,13,13,29_13,panelist,none,NA,3.7,1,0,0,1,0,0,3.7
29,13,14,29_14,panelist,none,NA,3.7,1,0,0,1,0,0,3.7
29,13,15,29_15,panelist,none,NA,3.7,1,0,0,1,0,0,3.7
29,13,16,29_16,panelist,high,NA,3.7,1,1,0,0,0,0,3.7
29,13,17,29_17,panelist,none,NA,3.7,1,0,0,1,1,-0.1,3.6
29,13,18,29_18,panelist,low,NA,3.7,1,0,1,0,1,0.1,3.8
29,13,19,29_19,panelist,low,NA,3.7,1,0,1,0,1,0.1,3.8
29,13,20,29_20,panelist,high,NA,3.7,1,1,0,0,0,0,3.7
29,13,21,29_21,panelist,med,NA,3.7,1,0,0,0,0,0,3.7
29,13,22,29_22,panelist,med,NA,3.7,1,0,0,0,0,0,3.7
29,13,23,29_23,panelist,low,NA,3.7,1,0,1,0,1,-0.2,3.5
29,13,24,29_24,reviewer,low,3.9,3.7,0,0,1,0,0,0,3.7
29,18,01,29_01,panelist,none,NA,4.1,1,0,0,1,0,0,4.1
29,18,02,29_02,panelist,none,NA,4.1,1,0,0,1,1,0.3,4.4
29,18,03,29_03,panelist,none,NA,4.1,1,0,0,1,1,0.2,4.3
29,18,04,29_04,panelist,med,NA,4.1,1,0,0,0,1,-0.3,3.8
29,18,05,29_05,panelist,low,NA,4.1,1,0,1,0,1,-0.3,3.8
29,18,06,29_06,panelist,none,NA,4.1,1,0,0,1,1,0.1,4.2
29,18,07,29_07,panelist,high,NA,4.1,1,1,0,0,0,0,4.1
29,18,08,29_08,panelist,none,NA,4.1,1,0,0,1,1,-0.1,4
29,18,09,29_09,panelist,low,NA,4.1,1,0,1,0,0,0,4.1
29,18,10,29_10,panelist,low,NA,4.1,1,0,1,0,0,0,4.1
29,18,11,29_11,panelist,none,NA,4.1,1,0,0,1,1,0.2,4.3
29,18,12,29_12,panelist,low,NA,4.1,1,0,1,0,1,0.3,4.4
29,18,13,29_13,panelist,low,NA,4.1,1,0,1,0,0,0,4.1
29,18,14,29_14,reviewer,low,4.1,4.1,0,0,1,0,1,-0.1,4
29,18,15,29_15,panelist,none,NA,4.1,1,0,0,1,0,0,4.1
29,18,16,29_16,reviewer,med,4,4.1,0,0,0,0,0,0,4.1
29,18,17,29_17,panelist,med,NA,4.1,1,0,0,0,0,0,4.1
29,18,18,29_18,panelist,none,NA,4.1,1,0,0,1,1,-0.1,4
29,18,19,29_19,panelist,med,NA,4.1,1,0,0,0,1,-0.1,4
29,18,20,29_20,reviewer,none,4.1,4.1,0,0,0,1,0,0,4.1
29,18,21,29_21,panelist,none,NA,4.1,1,0,0,1,0,0,4.1
29,18,22,29_22,panelist,high,NA,4.1,1,1,0,0,1,-0.2,3.9
29,18,23,29_23,panelist,low,NA,4.1,1,0,1,0,0,0,4.1
29,18,24,29_24,panelist,med,NA,4.1,1,0,0,0,0,0,4.1
29,21,01,29_01,reviewer,none,4.4,4.3,0,0,0,1,1,-0.1,4.2
29,21,02,29_02,panelist,low,NA,4.3,1,0,1,0,1,0.2,4.5
29,21,03,29_03,reviewer,none,4.4,4.3,0,0,0,1,1,-0.1,4.2
29,21,04,29_04,panelist,med,NA,4.3,1,0,0,0,0,0,4.3
29,21,05,29_05,panelist,none,NA,4.3,1,0,0,1,1,0.1,4.4
29,21,06,29_06,panelist,none,NA,4.3,1,0,0,1,1,0.3,4.6
29,21,07,29_07,panelist,med,NA,4.3,1,0,0,0,0,0,4.3
29,21,08,29_08,panelist,none,NA,4.3,1,0,0,1,0,0,4.3
29,21,09,29_09,panelist,none,NA,4.3,1,0,0,1,1,-0.1,4.2
29,21,10,29_10,panelist,none,NA,4.3,1,0,0,1,1,-0.1,4.2
29,21,11,29_11,panelist,low,NA,4.3,1,0,1,0,0,0,4.3
29,21,12,29_12,panelist,none,NA,4.3,1,0,0,1,1,-0.1,4.2
29,21,13,29_13,panelist,none,NA,4.3,1,0,0,1,1,0.2,4.5
29,21,14,29_14,panelist,high,NA,4.3,1,1,0,0,0,0,4.3
29,21,15,29_15,reviewer,high,4.1,4.3,0,1,0,0,1,0.1,4.4
29,21,16,29_16,panelist,low,NA,4.3,1,0,1,0,0,0,4.3
29,21,17,29_17,panelist,low,NA,4.3,1,0,1,0,0,0,4.3
29,21,18,29_18,panelist,low,NA,4.3,1,0,1,0,0,0,4.3
29,21,19,29_19,panelist,med,NA,4.3,1,0,0,0,1,0.2,4.5
29,21,20,29_20,panelist,low,NA,4.3,1,0,1,0,0,0,4.3
29,21,21,29_21,panelist,med,NA,4.3,1,0,0,0,0,0,4.3
29,21,22,29_22,panelist,med,NA,4.3,1,0,0,0,0,0,4.3
29,21,23,29_23,panelist,low,NA,4.3,1,0,1,0,1,-0.2,4.1
29,21,24,29_24,panelist,none,NA,4.3,1,0,0,1,0,0,4.3
29,24,01,29_01,panelist,low,NA,3.9,1,0,1,0,1,-0.1,3.8
29,24,02,29_02,panelist,med,NA,3.9,1,0,0,0,0,0,3.9
29,24,03,29_03,panelist,none,NA,3.9,1,0,0,1,0,0,3.9
29,24,04,29_04,panelist,med,NA,3.9,1,0,0,0,0,0,3.9
29,24,05,29_05,panelist,none,NA,3.9,1,0,0,1,0,0,3.9
29,24,06,29_06,panelist,low,NA,3.9,1,0,1,0,0,0,3.9
29,24,07,29_07,panelist,none,NA,3.9,1,0,0,1,0,0,3.9
29,24,08,29_08,panelist,low,NA,3.9,1,0,1,0,0,0,3.9
29,24,09,29_09,panelist,med,NA,3.9,1,0,0,0,1,-0.1,3.8
29,24,10,29_10,panelist,none,NA,3.9,1,0,0,1,1,-0.1,3.8
29,24,11,29_11,panelist,med,NA,3.9,1,0,0,0,0,0,3.9
29,24,12,29_12,panelist,low,NA,3.9,1,0,1,0,1,0.3,4.2
29,24,13,29_13,reviewer,none,4,3.9,0,0,0,1,1,0.1,4
29,24,14,29_14,panelist,low,NA,3.9,1,0,1,0,1,-0.3,3.6
29,24,15,29_15,panelist,low,NA,3.9,1,0,1,0,1,-0.2,3.7
29,24,16,29_16,reviewer,low,3.7,3.9,0,0,1,0,0,0,3.9
29,24,17,29_17,reviewer,none,4.1,3.9,0,0,0,1,1,-0.2,3.7
29,24,18,29_18,panelist,med,NA,3.9,1,0,0,0,0,0,3.9
29,24,19,29_19,panelist,none,NA,3.9,1,0,0,1,1,-0.1,3.8
29,24,20,29_20,panelist,none,NA,3.9,1,0,0,1,0,0,3.9
29,24,21,29_21,panelist,high,NA,3.9,1,1,0,0,0,0,3.9
29,24,22,29_22,panelist,none,NA,3.9,1,0,0,1,1,0.2,4.1
29,24,23,29_23,panelist,high,NA,3.9,1,1,0,0,0,0,3.9
29,24,24,29_24,panelist,none,NA,3.9,1,0,0,1,1,0.3,4.2
29,25,01,29_01,panelist,none,NA,3.9,1,0,0,1,0,0,3.9
29,25,02,29_02,panelist,med,NA,3.9,1,0,0,0,0,0,3.9
29,25,03,29_03,panelist,none,NA,3.9,1,0,0,1,1,0.2,4.1
29,25,04,29_04,panelist,low,NA,3.9,1,0,1,0,1,-0.2,3.7
29,25,05,29_05,panelist,low,NA,3.9,1,0,1,0,1,-0.3,3.6
29,25,06,29_06,panelist,low,NA,3.9,1,0,1,0,0,0,3.9
29,25,07,29_07,panelist,med,NA,3.9,1,0,0,0,0,0,3.9
29,25,08,29_08,panelist,none,NA,3.9,1,0,0,1,1,0.2,4.1
29,25,09,29_09,panelist,none,NA,3.9,1,0,0,1,0,0,3.9
29,25,10,29_10,panelist,none,NA,3.9,1,0,0,1,0,0,3.9
29,25,11,29_11,reviewer,med,3.9,3.9,0,0,0,0,0,0,3.9
29,25,12,29_12,panelist,none,NA,3.9,1,0,0,1,1,-0.2,3.7
29,25,13,29_13,panelist,none,NA,3.9,1,0,0,1,1,-0.5,3.4
29,25,14,29_14,panelist,none,NA,3.9,1,0,0,1,1,-0.2,3.7
29,25,15,29_15,reviewer,high,4,3.9,0,1,0,0,0,0,3.9
29,25,16,29_16,panelist,low,NA,3.9,1,0,1,0,1,0.3,4.2
29,25,17,29_17,panelist,low,NA,3.9,1,0,1,0,1,-0.1,3.8
29,25,18,29_18,panelist,none,NA,3.9,1,0,0,1,1,-0.2,3.7
29,25,19,29_19,panelist,med,NA,3.9,1,0,0,0,1,0.2,4.1
29,25,20,29_20,panelist,low,NA,3.9,1,0,1,0,0,0,3.9
29,25,21,29_21,panelist,low,NA,3.9,1,0,1,0,1,-0.2,3.7
29,25,22,29_22,reviewer,none,3.8,3.9,0,0,0,1,0,0,3.9
29,25,23,29_23,panelist,med,NA,3.9,1,0,0,0,0,0,3.9
29,25,24,29_24,panelist,high,NA,3.9,1,1,0,0,0,0,3.9
29,27,01,29_01,panelist,med,NA,4,1,0,0,0,0,0,4
29,27,02,29_02,panelist,none,NA,4,1,0,0,1,1,0.1,4.1
29,27,03,29_03,reviewer,low,4,4,0,0,1,0,0,0,4
29,27,04,29_04,panelist,none,NA,4,1,0,0,1,0,0,4
29,27,05,29_05,panelist,low,NA,4,1,0,1,0,0,0,4
29,27,06,29_06,panelist,med,NA,4,1,0,0,0,1,0.4,4.4
29,27,07,29_07,reviewer,none,4,4,0,0,0,1,1,-0.1,3.9
29,27,08,29_08,panelist,none,NA,4,1,0,0,1,1,-0.1,3.9
29,27,09,29_09,reviewer,med,3.9,4,0,0,0,0,0,0,4
29,27,10,29_10,panelist,low,NA,4,1,0,1,0,1,0.1,4.1
29,27,11,29_11,panelist,high,NA,4,1,1,0,0,0,0,4
29,27,12,29_12,panelist,low,NA,4,1,0,1,0,0,0,4
29,27,13,29_13,panelist,low,NA,4,1,0,1,0,0,0,4
29,27,14,29_14,panelist,none,NA,4,1,0,0,1,1,-0.2,3.8
29,27,15,29_15,panelist,med,NA,4,1,0,0,0,0,0,4
29,27,16,29_16,panelist,med,NA,4,1,0,0,0,0,0,4
29,27,17,29_17,panelist,none,NA,4,1,0,0,1,1,0.1,4.1
29,27,18,29_18,panelist,low,NA,4,1,0,1,0,0,0,4
29,27,19,29_19,panelist,high,NA,4,1,1,0,0,0,0,4
29,27,20,29_20,panelist,none,NA,4,1,0,0,1,1,0.2,4.2
29,27,21,29_21,panelist,none,NA,4,1,0,0,1,0,0,4
29,27,22,29_22,panelist,none,NA,4,1,0,0,1,0,0,4
29,27,23,29_23,panelist,low,NA,4,1,0,1,0,0,0,4
29,27,24,29_24,panelist,none,NA,4,1,0,0,1,1,0.1,4.1
29,28,01,29_01,panelist,med,NA,3.8,1,0,0,0,0,0,3.8
29,28,02,29_02,reviewer,low,3.9,3.8,0,0,1,0,0,0,3.8
29,28,03,29_03,panelist,high,NA,3.8,1,1,0,0,1,0.1,3.9
29,28,04,29_04,panelist,low,NA,3.8,1,0,1,0,1,-0.3,3.5
29,28,05,29_05,panelist,med,NA,3.8,1,0,0,0,1,0.3,4.1
29,28,06,29_06,panelist,none,NA,3.8,1,0,0,1,1,0.3,4.1
29,28,07,29_07,panelist,med,NA,3.8,1,0,0,0,1,-0.1,3.7
29,28,08,29_08,panelist,low,NA,3.8,1,0,1,0,1,-0.2,3.6
29,28,09,29_09,panelist,none,NA,3.8,1,0,0,1,1,0.1,3.9
29,28,10,29_10,panelist,med,NA,3.8,1,0,0,0,0,0,3.8
29,28,11,29_11,panelist,none,NA,3.8,1,0,0,1,1,0.1,3.9
29,28,12,29_12,panelist,none,NA,3.8,1,0,0,1,1,0.1,3.9
29,28,13,29_13,panelist,none,NA,3.8,1,0,0,1,0,0,3.8
29,28,14,29_14,panelist,none,NA,3.8,1,0,0,1,0,0,3.8
29,28,15,29_15,reviewer,low,4.1,3.8,0,0,1,0,1,-0.2,3.6
29,28,16,29_16,panelist,none,NA,3.8,1,0,0,1,0,0,3.8
29,28,17,29_17,panelist,low,NA,3.8,1,0,1,0,0,0,3.8
29,28,18,29_18,panelist,low,NA,3.8,1,0,1,0,0,0,3.8
29,28,19,29_19,panelist,none,NA,3.8,1,0,0,1,1,0.2,4
29,28,20,29_20,reviewer,none,3.3,3.8,0,0,0,1,0,0,3.8
29,28,21,29_21,panelist,high,NA,3.8,1,1,0,0,0,0,3.8
29,28,22,29_22,panelist,med,NA,3.8,1,0,0,0,0,0,3.8
29,28,23,29_23,panelist,low,NA,3.8,1,0,1,0,1,-0.1,3.7
29,28,24,29_24,panelist,none,NA,3.8,1,0,0,1,0,0,3.8
30,2,01,30_01,panelist,low,NA,3.9,1,0,1,0,0,0,3.9
30,2,02,30_02,panelist,none,NA,3.9,1,0,0,1,0,0,3.9
30,2,03,30_03,reviewer,high,3.9,3.9,0,1,0,0,0,0,3.9
30,2,04,30_04,panelist,low,NA,3.9,1,0,1,0,1,0.1,4
30,2,05,30_05,panelist,med,NA,3.9,1,0,0,0,0,0,3.9
30,2,06,30_06,panelist,none,NA,3.9,1,0,0,1,1,-0.1,3.8
30,2,07,30_07,panelist,low,NA,3.9,1,0,1,0,0,0,3.9
30,2,08,30_08,panelist,med,NA,3.9,1,0,0,0,1,0.3,4.2
30,2,09,30_09,panelist,low,NA,3.9,1,0,1,0,1,0.2,4.1
30,2,10,30_10,reviewer,none,3.9,3.9,0,0,0,1,0,0,3.9
30,2,11,30_11,panelist,none,NA,3.9,1,0,0,1,1,0.3,4.2
30,2,12,30_12,panelist,low,NA,3.9,1,0,1,0,1,0.3,4.2
30,2,13,30_13,panelist,low,NA,3.9,1,0,1,0,1,0.2,4.1
30,2,14,30_14,panelist,none,NA,3.9,1,0,0,1,1,0.1,4
30,2,15,30_15,panelist,med,NA,3.9,1,0,0,0,0,0,3.9
30,2,16,30_16,panelist,low,NA,3.9,1,0,1,0,0,0,3.9
30,2,17,30_17,panelist,none,NA,3.9,1,0,0,1,1,-0.2,3.7
30,2,18,30_18,panelist,med,NA,3.9,1,0,0,0,1,-0.2,3.7
30,2,19,30_19,reviewer,none,4,3.9,0,0,0,1,0,0,3.9
30,2,20,30_20,panelist,none,NA,3.9,1,0,0,1,0,0,3.9
30,2,21,30_21,panelist,high,NA,3.9,1,1,0,0,0,0,3.9
30,2,22,30_22,panelist,med,NA,3.9,1,0,0,0,1,0.1,4
30,2,23,30_23,panelist,none,NA,3.9,1,0,0,1,0,0,3.9
30,2,24,30_24,panelist,none,NA,3.9,1,0,0,1,0,0,3.9
30,4,01,30_01,panelist,high,NA,4.2,1,1,0,0,1,0.3,4.5
30,4,02,30_02,panelist,none,NA,4.2,1,0,0,1,1,0.1,4.3
30,4,03,30_03,panelist,med,NA,4.2,1,0,0,0,1,-0.1,4.1
30,4,04,30_04,panelist,low,NA,4.2,1,0,1,0,0,0,4.2
30,4,05,30_05,panelist,low,NA,4.2,1,0,1,0,0,0,4.2
30,4,06,30_06,panelist,low,NA,4.2,1,0,1,0,0,0,4.2
30,4,07,30_07,panelist,none,NA,4.2,1,0,0,1,0,0,4.2
30,4,08,30_08,panelist,none,NA,4.2,1,0,0,1,1,0.2,4.4
30,4,09,30_09,panelist,med,NA,4.2,1,0,0,0,1,0.3,4.5
30,4,10,30_10,reviewer,med,4.5,4.2,0,0,0,0,0,0,4.2
30,4,11,30_11,panelist,none,NA,4.2,1,0,0,1,0,0,4.2
30,4,12,30_12,panelist,low,NA,4.2,1,0,1,0,0,0,4.2
30,4,13,30_13,panelist,none,NA,4.2,1,0,0,1,1,0.2,4.4
30,4,14,30_14,panelist,med,NA,4.2,1,0,0,0,1,-0.3,3.9
30,4,15,30_15,panelist,high,NA,4.2,1,1,0,0,0,0,4.2
30,4,16,30_16,panelist,low,NA,4.2,1,0,1,0,0,0,4.2
30,4,17,30_17,panelist,low,NA,4.2,1,0,1,0,1,0.2,4.4
30,4,18,30_18,reviewer,none,4.1,4.2,0,0,0,1,0,0,4.2
30,4,19,30_19,panelist,low,NA,4.2,1,0,1,0,0,0,4.2
30,4,20,30_20,panelist,none,NA,4.2,1,0,0,1,1,0.1,4.3
30,4,21,30_21,panelist,med,NA,4.2,1,0,0,0,0,0,4.2
30,4,22,30_22,panelist,none,NA,4.2,1,0,0,1,1,0.1,4.3
30,4,23,30_23,panelist,none,NA,4.2,1,0,0,1,0,0,4.2
30,4,24,30_24,reviewer,none,4.1,4.2,0,0,0,1,0,0,4.2
30,5,01,30_01,panelist,med,NA,3.9,1,0,0,0,0,0,3.9
30,5,02,30_02,panelist,none,NA,3.9,1,0,0,1,0,0,3.9
30,5,03,30_03,reviewer,low,4.1,3.9,0,0,1,0,0,0,3.9
30,5,04,30_04,panelist,none,NA,3.9,1,0,0,1,1,-0.1,3.8
30,5,05,30_05,panelist,none,NA,3.9,1,0,0,1,0,0,3.9
30,5,06,30_06,panelist,low,NA,3.9,1,0,1,0,1,-0.3,3.6
30,5,07,30_07,panelist,none,NA,3.9,1,0,0,1,0,0,3.9
30,5,08,30_08,reviewer,low,4,3.9,0,0,1,0,0,0,3.9
30,5,09,30_09,panelist,none,NA,3.9,1,0,0,1,0,0,3.9
30,5,10,30_10,panelist,low,NA,3.9,1,0,1,0,0,0,3.9
30,5,11,30_11,panelist,high,NA,3.9,1,1,0,0,0,0,3.9
30,5,12,30_12,reviewer,none,3.6,3.9,0,0,0,1,0,0,3.9
30,5,13,30_13,panelist,med,NA,3.9,1,0,0,0,0,0,3.9
30,5,14,30_14,panelist,none,NA,3.9,1,0,0,1,0,0,3.9
30,5,15,30_15,panelist,high,NA,3.9,1,1,0,0,0,0,3.9
30,5,16,30_16,panelist,none,NA,3.9,1,0,0,1,1,-0.1,3.8
30,5,17,30_17,panelist,low,NA,3.9,1,0,1,0,0,0,3.9
30,5,18,30_18,panelist,none,NA,3.9,1,0,0,1,1,-0.1,3.8
30,5,19,30_19,panelist,med,NA,3.9,1,0,0,0,0,0,3.9
30,5,20,30_20,panelist,low,NA,3.9,1,0,1,0,1,0.1,4
30,5,21,30_21,panelist,none,NA,3.9,1,0,0,1,1,-0.2,3.7
30,5,22,30_22,panelist,low,NA,3.9,1,0,1,0,0,0,3.9
30,5,23,30_23,panelist,med,NA,3.9,1,0,0,0,1,0.1,4
30,5,24,30_24,panelist,med,NA,3.9,1,0,0,0,0,0,3.9
30,6,01,30_01,panelist,none,NA,4,1,0,0,1,0,0,4
30,6,02,30_02,panelist,low,NA,4,1,0,1,0,0,0,4
30,6,03,30_03,panelist,high,NA,4,1,1,0,0,0,0,4
30,6,04,30_04,panelist,low,NA,4,1,0,1,0,0,0,4
30,6,05,30_05,panelist,med,NA,4,1,0,0,0,0,0,4
30,6,06,30_06,panelist,low,NA,4,1,0,1,0,0,0,4
30,6,07,30_07,panelist,none,NA,4,1,0,0,1,0,0,4
30,6,08,30_08,panelist,none,NA,4,1,0,0,1,1,0.2,4.2
30,6,09,30_09,panelist,none,NA,4,1,0,0,1,0,0,4
30,6,10,30_10,panelist,low,NA,4,1,0,1,0,0,0,4
30,6,11,30_11,reviewer,low,4.1,4,0,0,1,0,0,0,4
30,6,12,30_12,panelist,med,NA,4,1,0,0,0,1,0.3,4.3
30,6,13,30_13,panelist,low,NA,4,1,0,1,0,0,0,4
30,6,14,30_14,panelist,high,NA,4,1,1,0,0,0,0,4
30,6,15,30_15,reviewer,med,3.5,4,0,0,0,0,0,0,4
30,6,16,30_16,panelist,none,NA,4,1,0,0,1,0,0,4
30,6,17,30_17,reviewer,none,4.3,4,0,0,0,1,0,0,4
30,6,18,30_18,panelist,med,NA,4,1,0,0,0,0,0,4
30,6,19,30_19,panelist,none,NA,4,1,0,0,1,1,0.3,4.3
30,6,20,30_20,panelist,none,NA,4,1,0,0,1,0,0,4
30,6,21,30_21,panelist,none,NA,4,1,0,0,1,1,-0.1,3.9
30,6,22,30_22,panelist,none,NA,4,1,0,0,1,0,0,4
30,6,23,30_23,panelist,med,NA,4,1,0,0,0,1,0.1,4.1
30,6,24,30_24,panelist,low,NA,4,1,0,1,0,1,0.3,4.3
30,8,01,30_01,panelist,med,NA,3.8,1,0,0,0,1,0.1,3.9
30,8,02,30_02,panelist,low,NA,3.8,1,0,1,0,0,0,3.8
30,8,03,30_03,panelist,none,NA,3.8,1,0,0,1,0,0,3.8
30,8,04,30_04,panelist,none,NA,3.8,1,0,0,1,0,0,3.8
30,8,05,30_05,panelist,low,NA,3.8,1,0,1,0,1,0.1,3.9
30,8,06,30_06,panelist,none,NA,3.8,1,0,0,1,1,-0.2,3.6
30,8,07,30_07,panelist,none,NA,3.8,1,0,0,1,1,-0.1,3.7
30,8,08,30_08,panelist,none,NA,3.8,1,0,0,1,1,0.5,4.3
30,8,09,30_09,panelist,high,NA,3.8,1,1,0,0,0,0,3.8
30,8,10,30_10,reviewer,med,4,3.8,0,0,0,0,0,0,3.8
30,8,11,30_11,panelist,none,NA,3.8,1,0,0,1,0,0,3.8
30,8,12,30_12,panelist,low,NA,3.8,1,0,1,0,0,0,3.8
30,8,13,30_13,reviewer,none,4.2,3.8,0,0,0,1,0,0,3.8
30,8,14,30_14,panelist,med,NA,3.8,1,0,0,0,0,0,3.8
30,8,15,30_15,panelist,none,NA,3.8,1,0,0,1,1,-0.1,3.7
30,8,16,30_16,panelist,low,NA,3.8,1,0,1,0,0,0,3.8
30,8,17,30_17,panelist,med,NA,3.8,1,0,0,0,1,0.3,4.1
30,8,18,30_18,panelist,low,NA,3.8,1,0,1,0,0,0,3.8
30,8,19,30_19,panelist,low,NA,3.8,1,0,1,0,0,0,3.8
30,8,20,30_20,panelist,med,NA,3.8,1,0,0,0,0,0,3.8
30,8,21,30_21,panelist,none,NA,3.8,1,0,0,1,0,0,3.8
30,8,22,30_22,panelist,high,NA,3.8,1,1,0,0,0,0,3.8
30,8,23,30_23,panelist,none,NA,3.8,1,0,0,1,0,0,3.8
30,8,24,30_24,reviewer,low,3.1,3.8,0,0,1,0,0,0,3.8
30,9,01,30_01,panelist,low,NA,3.7,1,0,1,0,1,0.2,3.9
30,9,02,30_02,panelist,low,NA,3.7,1,0,1,0,1,-0.2,3.5
30,9,03,30_03,panelist,none,NA,3.7,1,0,0,1,1,-0.1,3.6
30,9,04,30_04,panelist,med,NA,3.7,1,0,0,0,0,0,3.7
30,9,05,30_05,reviewer,med,3.8,3.7,0,0,0,0,0,0,3.7
30,9,06,30_06,panelist,none,NA,3.7,1,0,0,1,0,0,3.7
30,9,07,30_07,panelist,low,NA,3.7,1,0,1,0,0,0,3.7
30,9,08,30_08,panelist,med,NA,3.7,1,0,0,0,0,0,3.7
30,9,09,30_09,panelist,low,NA,3.7,1,0,1,0,0,0,3.7
30,9,10,30_10,panelist,none,NA,3.7,1,0,0,1,0,0,3.7
30,9,11,30_11,panelist,med,NA,3.7,1,0,0,0,0,0,3.7
30,9,12,30_12,panelist,none,NA,3.7,1,0,0,1,1,0.3,4
30,9,13,30_13,panelist,none,NA,3.7,1,0,0,1,1,0.3,4
30,9,14,30_14,panelist,none,NA,3.7,1,0,0,1,0,0,3.7
30,9,15,30_15,panelist,low,NA,3.7,1,0,1,0,1,-0.2,3.5
30,9,16,30_16,panelist,none,NA,3.7,1,0,0,1,0,0,3.7
30,9,17,30_17,panelist,high,NA,3.7,1,1,0,0,0,0,3.7
30,9,18,30_18,panelist,none,NA,3.7,1,0,0,1,0,0,3.7
30,9,19,30_19,reviewer,none,3.5,3.7,0,0,0,1,0,0,3.7
30,9,20,30_20,panelist,low,NA,3.7,1,0,1,0,0,0,3.7
30,9,21,30_21,panelist,low,NA,3.7,1,0,1,0,0,0,3.7
30,9,22,30_22,reviewer,none,3.9,3.7,0,0,0,1,0,0,3.7
30,9,23,30_23,panelist,high,NA,3.7,1,1,0,0,0,0,3.7
30,9,24,30_24,panelist,med,NA,3.7,1,0,0,0,1,-0.1,3.6
30,10,01,30_01,panelist,none,NA,3.6,1,0,0,1,1,0.3,3.9
30,10,02,30_02,panelist,low,NA,3.6,1,0,1,0,1,-0.1,3.5
30,10,03,30_03,panelist,high,NA,3.6,1,1,0,0,1,-0.1,3.5
30,10,04,30_04,reviewer,low,3.6,3.6,0,0,1,0,0,0,3.6
30,10,05,30_05,panelist,none,NA,3.6,1,0,0,1,1,-0.1,3.5
30,10,06,30_06,panelist,none,NA,3.6,1,0,0,1,0,0,3.6
30,10,07,30_07,panelist,none,NA,3.6,1,0,0,1,1,0.2,3.8
30,10,08,30_08,reviewer,low,3.6,3.6,0,0,1,0,0,0,3.6
30,10,09,30_09,panelist,med,NA,3.6,1,0,0,0,1,0.1,3.7
30,10,10,30_10,panelist,none,NA,3.6,1,0,0,1,1,-0.2,3.4
30,10,11,30_11,panelist,none,NA,3.6,1,0,0,1,0,0,3.6
30,10,12,30_12,panelist,low,NA,3.6,1,0,1,0,0,0,3.6
30,10,13,30_13,panelist,low,NA,3.6,1,0,1,0,1,0.1,3.7
30,10,14,30_14,panelist,med,NA,3.6,1,0,0,0,0,0,3.6
30,10,15,30_15,panelist,none,NA,3.6,1,0,0,1,0,0,3.6
30,10,16,30_16,reviewer,med,3.6,3.6,0,0,0,0,0,0,3.6
30,10,17,30_17,panelist,med,NA,3.6,1,0,0,0,0,0,3.6
30,10,18,30_18,panelist,none,NA,3.6,1,0,0,1,1,-0.3,3.3
30,10,19,30_19,panelist,none,NA,3.6,1,0,0,1,0,0,3.6
30,10,20,30_20,panelist,med,NA,3.6,1,0,0,0,0,0,3.6
30,10,21,30_21,panelist,low,NA,3.6,1,0,1,0,0,0,3.6
30,10,22,30_22,panelist,low,NA,3.6,1,0,1,0,0,0,3.6
30,10,23,30_23,panelist,high,NA,3.6,1,1,0,0,0,0,3.6
30,10,24,30_24,panelist,none,NA,3.6,1,0,0,1,0,0,3.6
30,15,01,30_01,panelist,none,NA,3.6,1,0,0,1,0,0,3.6
30,15,02,30_02,panelist,low,NA,3.6,1,0,1,0,1,-0.3,3.3
30,15,03,30_03,panelist,low,NA,3.6,1,0,1,0,0,0,3.6
30,15,04,30_04,panelist,low,NA,3.6,1,0,1,0,1,-0.2,3.4
30,15,05,30_05,panelist,none,NA,3.6,1,0,0,1,0,0,3.6
30,15,06,30_06,panelist,none,NA,3.6,1,0,0,1,0,0,3.6
30,15,07,30_07,panelist,low,NA,3.6,1,0,1,0,0,0,3.6
30,15,08,30_08,reviewer,none,3.7,3.6,0,0,0,1,0,0,3.6
30,15,09,30_09,panelist,low,NA,3.6,1,0,1,0,1,0.1,3.7
30,15,10,30_10,panelist,none,NA,3.6,1,0,0,1,1,-0.1,3.5
30,15,11,30_11,panelist,none,NA,3.6,1,0,0,1,1,0.2,3.8
30,15,12,30_12,panelist,none,NA,3.6,1,0,0,1,1,0.1,3.7
30,15,13,30_13,panelist,med,NA,3.6,1,0,0,0,0,0,3.6
30,15,14,30_14,panelist,none,NA,3.6,1,0,0,1,1,-0.3,3.3
30,15,15,30_15,panelist,high,NA,3.6,1,1,0,0,0,0,3.6
30,15,16,30_16,panelist,none,NA,3.6,1,0,0,1,0,0,3.6
30,15,17,30_17,panelist,med,NA,3.6,1,0,0,0,1,0.1,3.7
30,15,18,30_18,reviewer,none,3.4,3.6,0,0,0,1,0,0,3.6
30,15,19,30_19,panelist,high,NA,3.6,1,1,0,0,0,0,3.6
30,15,20,30_20,panelist,low,NA,3.6,1,0,1,0,0,0,3.6
30,15,21,30_21,panelist,low,NA,3.6,1,0,1,0,0,0,3.6
30,15,22,30_22,panelist,med,NA,3.6,1,0,0,0,0,0,3.6
30,15,23,30_23,panelist,med,NA,3.6,1,0,0,0,0,0,3.6
30,15,24,30_24,reviewer,med,3.7,3.6,0,0,0,0,1,0.3,3.9
30,16,01,30_01,panelist,low,NA,3.7,1,0,1,0,0,0,3.7
30,16,02,30_02,panelist,low,NA,3.7,1,0,1,0,0,0,3.7
30,16,03,30_03,reviewer,none,3.8,3.7,0,0,0,1,1,0.1,3.8
30,16,04,30_04,panelist,none,NA,3.7,1,0,0,1,1,-0.2,3.5
30,16,05,30_05,panelist,low,NA,3.7,1,0,1,0,1,0.1,3.8
30,16,06,30_06,panelist,none,NA,3.7,1,0,0,1,1,-0.1,3.6
30,16,07,30_07,panelist,none,NA,3.7,1,0,0,1,1,0.2,3.9
30,16,08,30_08,panelist,high,NA,3.7,1,1,0,0,0,0,3.7
30,16,09,30_09,reviewer,none,3.5,3.7,0,0,0,1,1,0.1,3.8
30,16,10,30_10,panelist,low,NA,3.7,1,0,1,0,0,0,3.7
30,16,11,30_11,panelist,med,NA,3.7,1,0,0,0,0,0,3.7
30,16,12,30_12,panelist,med,NA,3.7,1,0,0,0,1,0.3,4
30,16,13,30_13,panelist,low,NA,3.7,1,0,1,0,0,0,3.7
30,16,14,30_14,panelist,none,NA,3.7,1,0,0,1,0,0,3.7
30,16,15,30_15,panelist,none,NA,3.7,1,0,0,1,0,0,3.7
30,16,16,30_16,panelist,med,NA,3.7,1,0,0,0,1,-0.2,3.5
30,16,17,30_17,panelist,med,NA,3.7,1,0,0,0,1,0.4,4.1
30,16,18,30_18,panelist,low,NA,3.7,1,0,1,0,0,0,3.7
30,16,19,30_19,panelist,high,NA,3.7,1,1,0,0,1,0.1,3.8
30,16,20,30_20,panelist,none,NA,3.7,1,0,0,1,0,0,3.7
30,16,21,30_21,panelist,none,NA,3.7,1,0,0,1,1,-0.2,3.5
30,16,22,30_22,panelist,none,NA,3.7,1,0,0,1,0,0,3.7
30,16,23,30_23,reviewer,med,3.7,3.7,0,0,0,0,1,0.2,3.9
30,16,24,30_24,panelist,low,NA,3.7,1,0,1,0,0,0,3.7
30,17,01,30_01,panelist,none,NA,3.6,1,0,0,1,1,0.1,3.7
30,17,02,30_02,panelist,med,NA,3.6,1,0,0,0,1,-0.4,3.2
30,17,03,30_03,panelist,none,NA,3.6,1,0,0,1,0,0,3.6
30,17,04,30_04,panelist,med,NA,3.6,1,0,0,0,1,-0.2,3.4
30,17,05,30_05,panelist,none,NA,3.6,1,0,0,1,1,-0.2,3.4
30,17,06,30_06,panelist,none,NA,3.6,1,0,0,1,1,-0.1,3.5
30,17,07,30_07,panelist,high,NA,3.6,1,1,0,0,0,0,3.6
30,17,08,30_08,reviewer,low,3.6,3.6,0,0,1,0,0,0,3.6
30,17,09,30_09,panelist,med,NA,3.6,1,0,0,0,0,0,3.6
30,17,10,30_10,reviewer,low,3.7,3.6,0,0,1,0,1,0.1,3.7
30,17,11,30_11,reviewer,none,3.4,3.6,0,0,0,1,1,0.1,3.7
30,17,12,30_12,panelist,med,NA,3.6,1,0,0,0,1,-0.1,3.5
30,17,13,30_13,panelist,low,NA,3.6,1,0,1,0,0,0,3.6
30,17,14,30_14,panelist,med,NA,3.6,1,0,0,0,0,0,3.6
30,17,15,30_15,panelist,low,NA,3.6,1,0,1,0,1,-0.2,3.4
30,17,16,30_16,panelist,none,NA,3.6,1,0,0,1,1,0.2,3.8
30,17,17,30_17,panelist,low,NA,3.6,1,0,1,0,0,0,3.6
30,17,18,30_18,panelist,low,NA,3.6,1,0,1,0,0,0,3.6
30,17,19,30_19,panelist,none,NA,3.6,1,0,0,1,1,-0.1,3.5
30,17,20,30_20,panelist,none,NA,3.6,1,0,0,1,1,0.1,3.7
30,17,21,30_21,panelist,none,NA,3.6,1,0,0,1,1,-0.1,3.5
30,17,22,30_22,panelist,high,NA,3.6,1,1,0,0,0,0,3.6
30,17,23,30_23,panelist,low,NA,3.6,1,0,1,0,1,0.2,3.8
30,17,24,30_24,panelist,none,NA,3.6,1,0,0,1,1,-0.1,3.5
30,19,01,30_01,panelist,med,NA,4.1,1,0,0,0,1,0.2,4.3
30,19,02,30_02,panelist,none,NA,4.1,1,0,0,1,1,-0.3,3.8
30,19,03,30_03,panelist,low,NA,4.1,1,0,1,0,1,-0.1,4
30,19,04,30_04,panelist,none,NA,4.1,1,0,0,1,1,0.1,4.2
30,19,05,30_05,panelist,none,NA,4.1,1,0,0,1,1,0.3,4.4
30,19,06,30_06,panelist,med,NA,4.1,1,0,0,0,0,0,4.1
30,19,07,30_07,panelist,med,NA,4.1,1,0,0,0,0,0,4.1
30,19,08,30_08,panelist,none,NA,4.1,1,0,0,1,1,0.2,4.3
30,19,09,30_09,panelist,low,NA,4.1,1,0,1,0,1,0.4,4.5
30,19,10,30_10,panelist,low,NA,4.1,1,0,1,0,0,0,4.1
30,19,11,30_11,panelist,none,NA,4.1,1,0,0,1,1,0.4,4.5
30,19,12,30_12,panelist,low,NA,4.1,1,0,1,0,0,0,4.1
30,19,13,30_13,reviewer,high,4,4.1,0,1,0,0,0,0,4.1
30,19,14,30_14,panelist,none,NA,4.1,1,0,0,1,1,-0.2,3.9
30,19,15,30_15,panelist,low,NA,4.1,1,0,1,0,0,0,4.1
30,19,16,30_16,panelist,med,NA,4.1,1,0,0,0,0,0,4.1
30,19,17,30_17,reviewer,none,4,4.1,0,0,0,1,0,0,4.1
30,19,18,30_18,panelist,none,NA,4.1,1,0,0,1,0,0,4.1
30,19,19,30_19,panelist,med,NA,4.1,1,0,0,0,1,-0.1,4
30,19,20,30_20,panelist,none,NA,4.1,1,0,0,1,0,0,4.1
30,19,21,30_21,panelist,low,NA,4.1,1,0,1,0,0,0,4.1
30,19,22,30_22,panelist,low,NA,4.1,1,0,1,0,0,0,4.1
30,19,23,30_23,reviewer,none,4.3,4.1,0,0,0,1,1,0.2,4.3
30,19,24,30_24,panelist,high,NA,4.1,1,1,0,0,0,0,4.1
30,22,01,30_01,panelist,low,NA,3.8,1,0,1,0,1,0.2,4
30,22,02,30_02,panelist,low,NA,3.8,1,0,1,0,0,0,3.8
30,22,03,30_03,panelist,high,NA,3.8,1,1,0,0,0,0,3.8
30,22,04,30_04,panelist,none,NA,3.8,1,0,0,1,1,0.3,4.1
30,22,05,30_05,panelist,med,NA,3.8,1,0,0,0,0,0,3.8
30,22,06,30_06,panelist,med,NA,3.8,1,0,0,0,1,-0.2,3.6
30,22,07,30_07,panelist,med,NA,3.8,1,0,0,0,1,0.3,4.1
30,22,08,30_08,panelist,none,NA,3.8,1,0,0,1,1,0.4,4.2
30,22,09,30_09,panelist,none,NA,3.8,1,0,0,1,0,0,3.8
30,22,10,30_10,panelist,none,NA,3.8,1,0,0,1,1,-0.2,3.6
30,22,11,30_11,panelist,none,NA,3.8,1,0,0,1,1,0.3,4.1
30,22,12,30_12,reviewer,med,3.8,3.8,0,0,0,0,0,0,3.8
30,22,13,30_13,reviewer,high,3.4,3.8,0,1,0,0,0,0,3.8
30,22,14,30_14,panelist,low,NA,3.8,1,0,1,0,1,0.3,4.1
30,22,15,30_15,panelist,low,NA,3.8,1,0,1,0,0,0,3.8
30,22,16,30_16,panelist,med,NA,3.8,1,0,0,0,1,-0.1,3.7
30,22,17,30_17,panelist,none,NA,3.8,1,0,0,1,0,0,3.8
30,22,18,30_18,panelist,low,NA,3.8,1,0,1,0,0,0,3.8
30,22,19,30_19,panelist,none,NA,3.8,1,0,0,1,0,0,3.8
30,22,20,30_20,panelist,low,NA,3.8,1,0,1,0,0,0,3.8
30,22,21,30_21,panelist,none,NA,3.8,1,0,0,1,1,-0.4,3.4
30,22,22,30_22,panelist,low,NA,3.8,1,0,1,0,0,0,3.8
30,22,23,30_23,reviewer,none,4.2,3.8,0,0,0,1,1,0.1,3.9
30,22,24,30_24,panelist,none,NA,3.8,1,0,0,1,1,0.1,3.9
30,26,01,30_01,panelist,low,NA,4.2,1,0,1,0,1,0.2,4.4
30,26,02,30_02,panelist,none,NA,4.2,1,0,0,1,0,0,4.2
30,26,03,30_03,panelist,none,NA,4.2,1,0,0,1,0,0,4.2
30,26,04,30_04,panelist,med,NA,4.2,1,0,0,0,0,0,4.2
30,26,05,30_05,panelist,none,NA,4.2,1,0,0,1,0,0,4.2
30,26,06,30_06,reviewer,low,4.3,4.2,0,0,1,0,0,0,4.2
30,26,07,30_07,panelist,med,NA,4.2,1,0,0,0,0,0,4.2
30,26,08,30_08,panelist,med,NA,4.2,1,0,0,0,1,0.3,4.5
30,26,09,30_09,panelist,low,NA,4.2,1,0,1,0,1,-0.1,4.1
30,26,10,30_10,panelist,none,NA,4.2,1,0,0,1,0,0,4.2
30,26,11,30_11,reviewer,none,4,4.2,0,0,0,1,0,0,4.2
30,26,12,30_12,panelist,low,NA,4.2,1,0,1,0,0,0,4.2
30,26,13,30_13,panelist,low,NA,4.2,1,0,1,0,0,0,4.2
30,26,14,30_14,panelist,none,NA,4.2,1,0,0,1,0,0,4.2
30,26,15,30_15,panelist,low,NA,4.2,1,0,1,0,1,-0.2,4
30,26,16,30_16,panelist,high,NA,4.2,1,1,0,0,0,0,4.2
30,26,17,30_17,panelist,high,NA,4.2,1,1,0,0,0,0,4.2
30,26,18,30_18,panelist,none,NA,4.2,1,0,0,1,1,-0.1,4.1
30,26,19,30_19,panelist,med,NA,4.2,1,0,0,0,0,0,4.2
30,26,20,30_20,panelist,low,NA,4.2,1,0,1,0,0,0,4.2
30,26,21,30_21,reviewer,none,4.3,4.2,0,0,0,1,1,-0.1,4.1
30,26,22,30_22,panelist,none,NA,4.2,1,0,0,1,1,-0.1,4.1
30,26,23,30_23,panelist,none,NA,4.2,1,0,0,1,1,0.4,4.6
30,26,24,30_24,panelist,med,NA,4.2,1,0,0,0,1,0.2,4.4
30,27,01,30_01,panelist,high,NA,4.5,1,1,0,0,0,0,4.5
30,27,02,30_02,reviewer,med,4.3,4.5,0,0,0,0,0,0,4.5
30,27,03,30_03,panelist,none,NA,4.5,1,0,0,1,0,0,4.5
30,27,04,30_04,panelist,none,NA,4.5,1,0,0,1,1,-0.1,4.4
30,27,05,30_05,panelist,med,NA,4.5,1,0,0,0,0,0,4.5
30,27,06,30_06,panelist,none,NA,4.5,1,0,0,1,0,0,4.5
30,27,07,30_07,panelist,high,NA,4.5,1,1,0,0,1,-0.3,4.2
30,27,08,30_08,panelist,low,NA,4.5,1,0,1,0,1,0.1,4.6
30,27,09,30_09,panelist,none,NA,4.5,1,0,0,1,1,-0.2,4.3
30,27,10,30_10,panelist,low,NA,4.5,1,0,1,0,1,0.1,4.6
30,27,11,30_11,panelist,none,NA,4.5,1,0,0,1,1,0.1,4.6
30,27,12,30_12,panelist,low,NA,4.5,1,0,1,0,1,0.1,4.6
30,27,13,30_13,panelist,none,NA,4.5,1,0,0,1,0,0,4.5
30,27,14,30_14,panelist,med,NA,4.5,1,0,0,0,0,0,4.5
30,27,15,30_15,reviewer,low,4.6,4.5,0,0,1,0,0,0,4.5
30,27,16,30_16,panelist,low,NA,4.5,1,0,1,0,0,0,4.5
30,27,17,30_17,reviewer,low,4.6,4.5,0,0,1,0,0,0,4.5
30,27,18,30_18,panelist,none,NA,4.5,1,0,0,1,0,0,4.5
30,27,19,30_19,panelist,none,NA,4.5,1,0,0,1,1,-0.2,4.3
30,27,20,30_20,panelist,none,NA,4.5,1,0,0,1,1,0.2,4.7
30,27,21,30_21,panelist,none,NA,4.5,1,0,0,1,0,0,4.5
30,27,22,30_22,panelist,low,NA,4.5,1,0,1,0,1,-0.2,4.3
30,27,23,30_23,panelist,med,NA,4.5,1,0,0,0,0,0,4.5
30,27,24,30_24,panelist,med,NA,4.5,1,0,0,0,1,0.1,4.6
30,30,01,30_01,panelist,low,NA,4.1,1,0,1,0,0,0,4.1
30,30,02,30_02,panelist,none,NA,4.1,1,0,0,1,0,0,4.1
30,30,03,30_03,panelist,low,NA,4.1,1,0,1,0,0,0,4.1
30,30,04,30_04,panelist,med,NA,4.1,1,0,0,0,1,-0.3,3.8
30,30,05,30_05,panelist,none,NA,4.1,1,0,0,1,0,0,4.1
30,30,06,30_06,panelist,high,NA,4.1,1,1,0,0,0,0,4.1
30,30,07,30_07,panelist,none,NA,4.1,1,0,0,1,1,0.2,4.3
30,30,08,30_08,panelist,med,NA,4.1,1,0,0,0,0,0,4.1
30,30,09,30_09,panelist,none,NA,4.1,1,0,0,1,1,-0.1,4
30,30,10,30_10,panelist,none,NA,4.1,1,0,0,1,1,0.4,4.5
30,30,11,30_11,panelist,none,NA,4.1,1,0,0,1,1,0.2,4.3
30,30,12,30_12,panelist,low,NA,4.1,1,0,1,0,0,0,4.1
30,30,13,30_13,panelist,low,NA,4.1,1,0,1,0,1,0.1,4.2
30,30,14,30_14,reviewer,none,3.9,4.1,0,0,0,1,0,0,4.1
30,30,15,30_15,panelist,low,NA,4.1,1,0,1,0,0,0,4.1
30,30,16,30_16,reviewer,low,4.2,4.1,0,0,1,0,0,0,4.1
30,30,17,30_17,panelist,none,NA,4.1,1,0,0,1,0,0,4.1
30,30,18,30_18,panelist,med,NA,4.1,1,0,0,0,0,0,4.1
30,30,19,30_19,panelist,none,NA,4.1,1,0,0,1,1,0.3,4.4
30,30,20,30_20,panelist,none,NA,4.1,1,0,0,1,1,-0.1,4
30,30,21,30_21,reviewer,high,4.1,4.1,0,1,0,0,1,-0.5,3.6
30,30,22,30_22,panelist,med,NA,4.1,1,0,0,0,0,0,4.1
30,30,23,30_23,panelist,low,NA,4.1,1,0,1,0,1,0.1,4.2
30,30,24,30_24,panelist,med,NA,4.1,1,0,0,0,0,0,4.1
31,2,01,31_01,panelist,med,NA,4.3,1,0,0,0,1,0.2,4.5
31,2,02,31_02,reviewer,none,4.5,4.3,0,0,0,1,1,-0.2,4.1
31,2,03,31_03,panelist,none,NA,4.3,1,0,0,1,0,0,4.3
31,2,04,31_04,panelist,low,NA,4.3,1,0,1,0,0,0,4.3
31,2,05,31_05,panelist,high,NA,4.3,1,1,0,0,1,0.2,4.5
31,2,06,31_06,panelist,low,NA,4.3,1,0,1,0,0,0,4.3
31,2,07,31_07,reviewer,med,4.2,4.3,0,0,0,0,1,0.1,4.4
31,2,08,31_08,panelist,none,NA,4.3,1,0,0,1,1,0.1,4.4
31,2,09,31_09,panelist,none,NA,4.3,1,0,0,1,1,-0.3,4
31,2,10,31_10,panelist,low,NA,4.3,1,0,1,0,0,0,4.3
31,2,11,31_11,panelist,none,NA,4.3,1,0,0,1,1,0.1,4.4
31,2,12,31_12,panelist,low,NA,4.3,1,0,1,0,0,0,4.3
31,2,13,31_13,panelist,none,NA,4.3,1,0,0,1,1,-0.2,4.1
31,2,14,31_14,reviewer,low,4.3,4.3,0,0,1,0,0,0,4.3
31,2,15,31_15,panelist,low,NA,4.3,1,0,1,0,0,0,4.3
31,2,16,31_16,panelist,none,NA,4.3,1,0,0,1,0,0,4.3
31,2,17,31_17,panelist,none,NA,4.3,1,0,0,1,0,0,4.3
31,2,18,31_18,panelist,med,NA,4.3,1,0,0,0,0,0,4.3
31,2,19,31_19,panelist,low,NA,4.3,1,0,1,0,0,0,4.3
31,2,20,31_20,panelist,high,NA,4.3,1,1,0,0,0,0,4.3
31,2,21,31_21,panelist,none,NA,4.3,1,0,0,1,0,0,4.3
31,2,22,31_22,panelist,none,NA,4.3,1,0,0,1,1,0.4,4.7
31,2,23,31_23,panelist,med,NA,4.3,1,0,0,0,1,-0.1,4.2
31,2,24,31_24,panelist,med,NA,4.3,1,0,0,0,1,0.3,4.6
31,4,01,31_01,panelist,low,NA,4,1,0,1,0,1,-0.2,3.8
31,4,02,31_02,panelist,none,NA,4,1,0,0,1,0,0,4
31,4,03,31_03,panelist,med,NA,4,1,0,0,0,1,-0.1,3.9
31,4,04,31_04,reviewer,none,3.6,4,0,0,0,1,0,0,4
31,4,05,31_05,panelist,low,NA,4,1,0,1,0,1,0.1,4.1
31,4,06,31_06,panelist,none,NA,4,1,0,0,1,1,-0.1,3.9
31,4,07,31_07,panelist,none,NA,4,1,0,0,1,0,0,4
31,4,08,31_08,panelist,low,NA,4,1,0,1,0,1,0.1,4.1
31,4,09,31_09,panelist,med,NA,4,1,0,0,0,1,-0.3,3.7
31,4,10,31_10,panelist,none,NA,4,1,0,0,1,0,0,4
31,4,11,31_11,panelist,low,NA,4,1,0,1,0,0,0,4
31,4,12,31_12,panelist,none,NA,4,1,0,0,1,0,0,4
31,4,13,31_13,panelist,med,NA,4,1,0,0,0,1,-0.2,3.8
31,4,14,31_14,panelist,high,NA,4,1,1,0,0,1,0.2,4.2
31,4,15,31_15,reviewer,none,4.3,4,0,0,0,1,1,0.1,4.1
31,4,16,31_16,panelist,high,NA,4,1,1,0,0,0,0,4
31,4,17,31_17,reviewer,low,4.2,4,0,0,1,0,1,0.2,4.2
31,4,18,31_18,panelist,low,NA,4,1,0,1,0,1,-0.4,3.6
31,4,19,31_19,panelist,none,NA,4,1,0,0,1,0,0,4
31,4,20,31_20,panelist,none,NA,4,1,0,0,1,0,0,4
31,4,21,31_21,panelist,none,NA,4,1,0,0,1,1,0.2,4.2
31,4,22,31_22,panelist,med,NA,4,1,0,0,0,0,0,4
31,4,23,31_23,panelist,low,NA,4,1,0,1,0,0,0,4
31,4,24,31_24,panelist,med,NA,4,1,0,0,0,1,0.2,4.2
31,7,01,31_01,panelist,med,NA,3.6,1,0,0,0,0,0,3.6
31,7,02,31_02,panelist,none,NA,3.6,1,0,0,1,1,-0.3,3.3
31,7,03,31_03,panelist,low,NA,3.6,1,0,1,0,1,-0.1,3.5
31,7,04,31_04,panelist,none,NA,3.6,1,0,0,1,0,0,3.6
31,7,05,31_05,panelist,none,NA,3.6,1,0,0,1,0,0,3.6
31,7,06,31_06,panelist,none,NA,3.6,1,0,0,1,1,0.1,3.7
31,7,07,31_07,panelist,none,NA,3.6,1,0,0,1,0,0,3.6
31,7,08,31_08,panelist,none,NA,3.6,1,0,0,1,0,0,3.6
31,7,09,31_09,reviewer,low,3.5,3.6,0,0,1,0,0,0,3.6
31,7,10,31_10,panelist,none,NA,3.6,1,0,0,1,1,0.1,3.7
31,7,11,31_11,panelist,none,NA,3.6,1,0,0,1,0,0,3.6
31,7,12,31_12,panelist,high,NA,3.6,1,1,0,0,1,-0.3,3.3
31,7,13,31_13,panelist,med,NA,3.6,1,0,0,0,1,0.1,3.7
31,7,14,31_14,panelist,high,NA,3.6,1,1,0,0,1,-0.1,3.5
31,7,15,31_15,reviewer,med,3.5,3.6,0,0,0,0,0,0,3.6
31,7,16,31_16,panelist,low,NA,3.6,1,0,1,0,0,0,3.6
31,7,17,31_17,panelist,low,NA,3.6,1,0,1,0,1,0.1,3.7
31,7,18,31_18,panelist,none,NA,3.6,1,0,0,1,0,0,3.6
31,7,19,31_19,panelist,none,NA,3.6,1,0,0,1,1,0.1,3.7
31,7,20,31_20,reviewer,med,3.7,3.6,0,0,0,0,0,0,3.6
31,7,21,31_21,panelist,low,NA,3.6,1,0,1,0,0,0,3.6
31,7,22,31_22,panelist,low,NA,3.6,1,0,1,0,0,0,3.6
31,7,23,31_23,panelist,med,NA,3.6,1,0,0,0,1,-0.1,3.5
31,7,24,31_24,panelist,low,NA,3.6,1,0,1,0,0,0,3.6
31,10,01,31_01,panelist,none,NA,3.9,1,0,0,1,1,-0.1,3.8
31,10,02,31_02,reviewer,none,3.8,3.9,0,0,0,1,0,0,3.9
31,10,03,31_03,panelist,none,NA,3.9,1,0,0,1,0,0,3.9
31,10,04,31_04,panelist,low,NA,3.9,1,0,1,0,0,0,3.9
31,10,05,31_05,panelist,none,NA,3.9,1,0,0,1,0,0,3.9
31,10,06,31_06,panelist,none,NA,3.9,1,0,0,1,1,0.2,4.1
31,10,07,31_07,panelist,low,NA,3.9,1,0,1,0,0,0,3.9
31,10,08,31_08,panelist,low,NA,3.9,1,0,1,0,0,0,3.9
31,10,09,31_09,panelist,med,NA,3.9,1,0,0,0,1,-0.1,3.8
31,10,10,31_10,panelist,low,NA,3.9,1,0,1,0,0,0,3.9
31,10,11,31_11,panelist,low,NA,3.9,1,0,1,0,0,0,3.9
31,10,12,31_12,panelist,low,NA,3.9,1,0,1,0,0,0,3.9
31,10,13,31_13,reviewer,med,3.9,3.9,0,0,0,0,0,0,3.9
31,10,14,31_14,panelist,none,NA,3.9,1,0,0,1,0,0,3.9
31,10,15,31_15,panelist,none,NA,3.9,1,0,0,1,0,0,3.9
31,10,16,31_16,panelist,low,NA,3.9,1,0,1,0,1,0.3,4.2
31,10,17,31_17,panelist,med,NA,3.9,1,0,0,0,0,0,3.9
31,10,18,31_18,panelist,med,NA,3.9,1,0,0,0,0,0,3.9
31,10,19,31_19,panelist,high,NA,3.9,1,1,0,0,1,-0.1,3.8
31,10,20,31_20,panelist,none,NA,3.9,1,0,0,1,0,0,3.9
31,10,21,31_21,reviewer,med,4.1,3.9,0,0,0,0,0,0,3.9
31,10,22,31_22,panelist,none,NA,3.9,1,0,0,1,1,0.1,4
31,10,23,31_23,panelist,none,NA,3.9,1,0,0,1,0,0,3.9
31,10,24,31_24,panelist,high,NA,3.9,1,1,0,0,0,0,3.9
31,11,01,31_01,panelist,low,NA,4.5,1,0,1,0,1,0.2,4.7
31,11,02,31_02,panelist,none,NA,4.5,1,0,0,1,1,-0.2,4.3
31,11,03,31_03,panelist,med,NA,4.5,1,0,0,0,0,0,4.5
31,11,04,31_04,panelist,none,NA,4.5,1,0,0,1,1,0.1,4.6
31,11,05,31_05,reviewer,none,4.5,4.5,0,0,0,1,0,0,4.5
31,11,06,31_06,panelist,none,NA,4.5,1,0,0,1,1,0.1,4.6
31,11,07,31_07,panelist,low,NA,4.5,1,0,1,0,0,0,4.5
31,11,08,31_08,panelist,low,NA,4.5,1,0,1,0,0,0,4.5
31,11,09,31_09,panelist,none,NA,4.5,1,0,0,1,1,-0.2,4.3
31,11,10,31_10,reviewer,med,4.3,4.5,0,0,0,0,0,0,4.5
31,11,11,31_11,panelist,none,NA,4.5,1,0,0,1,1,0.2,4.7
31,11,12,31_12,reviewer,low,4.7,4.5,0,0,1,0,1,0.3,4.8
31,11,13,31_13,panelist,med,NA,4.5,1,0,0,0,0,0,4.5
31,11,14,31_14,panelist,none,NA,4.5,1,0,0,1,1,0.2,4.7
31,11,15,31_15,panelist,med,NA,4.5,1,0,0,0,0,0,4.5
31,11,16,31_16,panelist,none,NA,4.5,1,0,0,1,0,0,4.5
31,11,17,31_17,panelist,med,NA,4.5,1,0,0,0,0,0,4.5
31,11,18,31_18,panelist,none,NA,4.5,1,0,0,1,1,-0.1,4.4
31,11,19,31_19,panelist,high,NA,4.5,1,1,0,0,1,0.1,4.6
31,11,20,31_20,panelist,none,NA,4.5,1,0,0,1,1,0.3,4.8
31,11,21,31_21,panelist,low,NA,4.5,1,0,1,0,1,-0.2,4.3
31,11,22,31_22,panelist,low,NA,4.5,1,0,1,0,0,0,4.5
31,11,23,31_23,panelist,high,NA,4.5,1,1,0,0,0,0,4.5
31,11,24,31_24,panelist,low,NA,4.5,1,0,1,0,0,0,4.5
31,15,01,31_01,reviewer,none,4.3,4.1,0,0,0,1,0,0,4.1
31,15,02,31_02,panelist,none,NA,4.1,1,0,0,1,1,0.2,4.3
31,15,03,31_03,panelist,none,NA,4.1,1,0,0,1,0,0,4.1
31,15,04,31_04,panelist,none,NA,4.1,1,0,0,1,0,0,4.1
31,15,05,31_05,panelist,low,NA,4.1,1,0,1,0,0,0,4.1
31,15,06,31_06,panelist,low,NA,4.1,1,0,1,0,1,-0.1,4
31,15,07,31_07,panelist,med,NA,4.1,1,0,0,0,1,0.1,4.2
31,15,08,31_08,panelist,low,NA,4.1,1,0,1,0,0,0,4.1
31,15,09,31_09,panelist,none,NA,4.1,1,0,0,1,0,0,4.1
31,15,10,31_10,panelist,low,NA,4.1,1,0,1,0,1,-0.4,3.7
31,15,11,31_11,reviewer,low,4.2,4.1,0,0,1,0,0,0,4.1
31,15,12,31_12,panelist,med,NA,4.1,1,0,0,0,0,0,4.1
31,15,13,31_13,panelist,high,NA,4.1,1,1,0,0,0,0,4.1
31,15,14,31_14,panelist,med,NA,4.1,1,0,0,0,0,0,4.1
31,15,15,31_15,panelist,high,NA,4.1,1,1,0,0,0,0,4.1
31,15,16,31_16,panelist,none,NA,4.1,1,0,0,1,0,0,4.1
31,15,17,31_17,panelist,none,NA,4.1,1,0,0,1,0,0,4.1
31,15,18,31_18,panelist,none,NA,4.1,1,0,0,1,1,0.1,4.2
31,15,19,31_19,panelist,med,NA,4.1,1,0,0,0,1,-0.1,4
31,15,20,31_20,panelist,med,NA,4.1,1,0,0,0,0,0,4.1
31,15,21,31_21,panelist,low,NA,4.1,1,0,1,0,0,0,4.1
31,15,22,31_22,panelist,low,NA,4.1,1,0,1,0,0,0,4.1
31,15,23,31_23,reviewer,none,3.9,4.1,0,0,0,1,1,-0.1,4
31,15,24,31_24,panelist,none,NA,4.1,1,0,0,1,1,-0.1,4
31,16,01,31_01,panelist,med,NA,4.5,1,0,0,0,0,0,4.5
31,16,02,31_02,panelist,none,NA,4.5,1,0,0,1,1,-0.1,4.4
31,16,03,31_03,panelist,med,NA,4.5,1,0,0,0,1,-0.2,4.3
31,16,04,31_04,panelist,low,NA,4.5,1,0,1,0,0,0,4.5
31,16,05,31_05,panelist,none,NA,4.5,1,0,0,1,1,0.2,4.7
31,16,06,31_06,panelist,high,NA,4.5,1,1,0,0,0,0,4.5
31,16,07,31_07,panelist,low,NA,4.5,1,0,1,0,0,0,4.5
31,16,08,31_08,panelist,low,NA,4.5,1,0,1,0,1,0.2,4.7
31,16,09,31_09,panelist,low,NA,4.5,1,0,1,0,0,0,4.5
31,16,10,31_10,panelist,low,NA,4.5,1,0,1,0,0,0,4.5
31,16,11,31_11,reviewer,none,4.4,4.5,0,0,0,1,0,0,4.5
31,16,12,31_12,panelist,low,NA,4.5,1,0,1,0,1,0.1,4.6
31,16,13,31_13,panelist,none,NA,4.5,1,0,0,1,1,-0.2,4.3
31,16,14,31_14,panelist,low,NA,4.5,1,0,1,0,0,0,4.5
31,16,15,31_15,panelist,high,NA,4.5,1,1,0,0,0,0,4.5
31,16,16,31_16,panelist,med,NA,4.5,1,0,0,0,1,0.1,4.6
31,16,17,31_17,panelist,none,NA,4.5,1,0,0,1,1,-0.2,4.3
31,16,18,31_18,reviewer,med,4.5,4.5,0,0,0,0,1,-0.1,4.4
31,16,19,31_19,panelist,med,NA,4.5,1,0,0,0,0,0,4.5
31,16,20,31_20,panelist,none,NA,4.5,1,0,0,1,1,-0.2,4.3
31,16,21,31_21,panelist,none,NA,4.5,1,0,0,1,0,0,4.5
31,16,22,31_22,panelist,none,NA,4.5,1,0,0,1,0,0,4.5
31,16,23,31_23,reviewer,none,4.5,4.5,0,0,0,1,0,0,4.5
31,16,24,31_24,panelist,none,NA,4.5,1,0,0,1,0,0,4.5
31,17,01,31_01,panelist,low,NA,3.9,1,0,1,0,1,0.2,4.1
31,17,02,31_02,panelist,none,NA,3.9,1,0,0,1,1,-0.2,3.7
31,17,03,31_03,panelist,med,NA,3.9,1,0,0,0,0,0,3.9
31,17,04,31_04,panelist,low,NA,3.9,1,0,1,0,0,0,3.9
31,17,05,31_05,reviewer,low,3.8,3.9,0,0,1,0,1,-0.1,3.8
31,17,06,31_06,panelist,high,NA,3.9,1,1,0,0,0,0,3.9
31,17,07,31_07,panelist,none,NA,3.9,1,0,0,1,0,0,3.9
31,17,08,31_08,panelist,low,NA,3.9,1,0,1,0,1,0.3,4.2
31,17,09,31_09,panelist,low,NA,3.9,1,0,1,0,0,0,3.9
31,17,10,31_10,panelist,high,NA,3.9,1,1,0,0,0,0,3.9
31,17,11,31_11,reviewer,none,3.9,3.9,0,0,0,1,0,0,3.9
31,17,12,31_12,panelist,none,NA,3.9,1,0,0,1,0,0,3.9
31,17,13,31_13,panelist,med,NA,3.9,1,0,0,0,0,0,3.9
31,17,14,31_14,panelist,none,NA,3.9,1,0,0,1,0,0,3.9
31,17,15,31_15,panelist,med,NA,3.9,1,0,0,0,1,0.1,4
31,17,16,31_16,panelist,none,NA,3.9,1,0,0,1,1,0.2,4.1
31,17,17,31_17,panelist,med,NA,3.9,1,0,0,0,0,0,3.9
31,17,18,31_18,panelist,med,NA,3.9,1,0,0,0,0,0,3.9
31,17,19,31_19,panelist,low,NA,3.9,1,0,1,0,0,0,3.9
31,17,20,31_20,panelist,none,NA,3.9,1,0,0,1,1,-0.2,3.7
31,17,21,31_21,panelist,low,NA,3.9,1,0,1,0,0,0,3.9
31,17,22,31_22,reviewer,none,4,3.9,0,0,0,1,1,0.3,4.2
31,17,23,31_23,panelist,none,NA,3.9,1,0,0,1,0,0,3.9
31,17,24,31_24,panelist,none,NA,3.9,1,0,0,1,1,0.2,4.1
31,18,01,31_01,reviewer,low,3.8,3.8,0,0,1,0,1,0.3,4.1
31,18,02,31_02,panelist,low,NA,3.8,1,0,1,0,1,0.2,4
31,18,03,31_03,panelist,none,NA,3.8,1,0,0,1,0,0,3.8
31,18,04,31_04,panelist,low,NA,3.8,1,0,1,0,0,0,3.8
31,18,05,31_05,reviewer,low,4,3.8,0,0,1,0,0,0,3.8
31,18,06,31_06,panelist,med,NA,3.8,1,0,0,0,0,0,3.8
31,18,07,31_07,panelist,none,NA,3.8,1,0,0,1,0,0,3.8
31,18,08,31_08,panelist,med,NA,3.8,1,0,0,0,0,0,3.8
31,18,09,31_09,panelist,low,NA,3.8,1,0,1,0,0,0,3.8
31,18,10,31_10,reviewer,med,3.7,3.8,0,0,0,0,1,-0.2,3.6
31,18,11,31_11,panelist,none,NA,3.8,1,0,0,1,1,0.4,4.2
31,18,12,31_12,panelist,none,NA,3.8,1,0,0,1,1,0.1,3.9
31,18,13,31_13,panelist,low,NA,3.8,1,0,1,0,1,0.1,3.9
31,18,14,31_14,panelist,low,NA,3.8,1,0,1,0,1,0.1,3.9
31,18,15,31_15,panelist,med,NA,3.8,1,0,0,0,0,0,3.8
31,18,16,31_16,panelist,none,NA,3.8,1,0,0,1,0,0,3.8
31,18,17,31_17,panelist,none,NA,3.8,1,0,0,1,0,0,3.8
31,18,18,31_18,panelist,none,NA,3.8,1,0,0,1,1,-0.2,3.6
31,18,19,31_19,panelist,high,NA,3.8,1,1,0,0,0,0,3.8
31,18,20,31_20,panelist,med,NA,3.8,1,0,0,0,0,0,3.8
31,18,21,31_21,panelist,high,NA,3.8,1,1,0,0,1,-0.1,3.7
31,18,22,31_22,panelist,none,NA,3.8,1,0,0,1,0,0,3.8
31,18,23,31_23,panelist,none,NA,3.8,1,0,0,1,0,0,3.8
31,18,24,31_24,panelist,none,NA,3.8,1,0,0,1,0,0,3.8
31,19,01,31_01,panelist,med,NA,3.9,1,0,0,0,1,0.2,4.1
31,19,02,31_02,panelist,low,NA,3.9,1,0,1,0,1,-0.3,3.6
31,19,03,31_03,panelist,low,NA,3.9,1,0,1,0,1,0.1,4
31,19,04,31_04,reviewer,low,3.9,3.9,0,0,1,0,0,0,3.9
31,19,05,31_05,panelist,none,NA,3.9,1,0,0,1,1,0.2,4.1
31,19,06,31_06,panelist,none,NA,3.9,1,0,0,1,0,0,3.9
31,19,07,31_07,panelist,high,NA,3.9,1,1,0,0,0,0,3.9
31,19,08,31_08,panelist,none,NA,3.9,1,0,0,1,0,0,3.9
31,19,09,31_09,panelist,low,NA,3.9,1,0,1,0,0,0,3.9
31,19,10,31_10,panelist,med,NA,3.9,1,0,0,0,0,0,3.9
31,19,11,31_11,panelist,high,NA,3.9,1,1,0,0,0,0,3.9
31,19,12,31_12,panelist,none,NA,3.9,1,0,0,1,1,-0.1,3.8
31,19,13,31_13,panelist,low,NA,3.9,1,0,1,0,1,-0.2,3.7
31,19,14,31_14,panelist,none,NA,3.9,1,0,0,1,0,0,3.9
31,19,15,31_15,panelist,none,NA,3.9,1,0,0,1,1,0.1,4
31,19,16,31_16,panelist,med,NA,3.9,1,0,0,0,0,0,3.9
31,19,17,31_17,reviewer,none,4,3.9,0,0,0,1,0,0,3.9
31,19,18,31_18,panelist,med,NA,3.9,1,0,0,0,1,-0.1,3.8
31,19,19,31_19,panelist,low,NA,3.9,1,0,1,0,1,0.1,4
31,19,20,31_20,panelist,med,NA,3.9,1,0,0,0,1,0.4,4.3
31,19,21,31_21,panelist,none,NA,3.9,1,0,0,1,0,0,3.9
31,19,22,31_22,reviewer,none,3.9,3.9,0,0,0,1,0,0,3.9
31,19,23,31_23,panelist,none,NA,3.9,1,0,0,1,0,0,3.9
31,19,24,31_24,panelist,low,NA,3.9,1,0,1,0,0,0,3.9
31,20,01,31_01,panelist,med,NA,4.3,1,0,0,0,0,0,4.3
31,20,02,31_02,reviewer,med,4.3,4.3,0,0,0,0,1,-0.1,4.2
31,20,03,31_03,panelist,low,NA,4.3,1,0,1,0,1,-0.2,4.1
31,20,04,31_04,panelist,low,NA,4.3,1,0,1,0,0,0,4.3
31,20,05,31_05,panelist,none,NA,4.3,1,0,0,1,0,0,4.3
31,20,06,31_06,panelist,med,NA,4.3,1,0,0,0,1,-0.1,4.2
31,20,07,31_07,panelist,low,NA,4.3,1,0,1,0,0,0,4.3
31,20,08,31_08,panelist,none,NA,4.3,1,0,0,1,0,0,4.3
31,20,09,31_09,panelist,high,NA,4.3,1,1,0,0,0,0,4.3
31,20,10,31_10,panelist,none,NA,4.3,1,0,0,1,0,0,4.3
31,20,11,31_11,panelist,low,NA,4.3,1,0,1,0,0,0,4.3
31,20,12,31_12,panelist,none,NA,4.3,1,0,0,1,1,0.2,4.5
31,20,13,31_13,panelist,low,NA,4.3,1,0,1,0,1,0.2,4.5
31,20,14,31_14,panelist,med,NA,4.3,1,0,0,0,0,0,4.3
31,20,15,31_15,panelist,low,NA,4.3,1,0,1,0,1,-0.1,4.2
31,20,16,31_16,panelist,none,NA,4.3,1,0,0,1,0,0,4.3
31,20,17,31_17,panelist,none,NA,4.3,1,0,0,1,0,0,4.3
31,20,18,31_18,panelist,none,NA,4.3,1,0,0,1,0,0,4.3
31,20,19,31_19,reviewer,med,4.3,4.3,0,0,0,0,0,0,4.3
31,20,20,31_20,reviewer,low,4.2,4.3,0,0,1,0,1,0.3,4.6
31,20,21,31_21,panelist,none,NA,4.3,1,0,0,1,1,0.2,4.5
31,20,22,31_22,panelist,high,NA,4.3,1,1,0,0,0,0,4.3
31,20,23,31_23,panelist,none,NA,4.3,1,0,0,1,0,0,4.3
31,20,24,31_24,panelist,none,NA,4.3,1,0,0,1,0,0,4.3
31,26,01,31_01,panelist,none,NA,3.9,1,0,0,1,0,0,3.9
31,26,02,31_02,panelist,low,NA,3.9,1,0,1,0,0,0,3.9
31,26,03,31_03,panelist,low,NA,3.9,1,0,1,0,0,0,3.9
31,26,04,31_04,panelist,med,NA,3.9,1,0,0,0,1,0.3,4.2
31,26,05,31_05,panelist,low,NA,3.9,1,0,1,0,0,0,3.9
31,26,06,31_06,panelist,med,NA,3.9,1,0,0,0,0,0,3.9
31,26,07,31_07,reviewer,low,3.7,3.9,0,0,1,0,0,0,3.9
31,26,08,31_08,reviewer,none,4.3,3.9,0,0,0,1,1,0.1,4
31,26,09,31_09,panelist,med,NA,3.9,1,0,0,0,1,-0.1,3.8
31,26,10,31_10,panelist,low,NA,3.9,1,0,1,0,1,-0.1,3.8
31,26,11,31_11,reviewer,med,3.8,3.9,0,0,0,0,1,0.3,4.2
31,26,12,31_12,panelist,none,NA,3.9,1,0,0,1,0,0,3.9
31,26,13,31_13,panelist,none,NA,3.9,1,0,0,1,1,0.1,4
31,26,14,31_14,panelist,low,NA,3.9,1,0,1,0,0,0,3.9
31,26,15,31_15,panelist,med,NA,3.9,1,0,0,0,0,0,3.9
31,26,16,31_16,panelist,high,NA,3.9,1,1,0,0,0,0,3.9
31,26,17,31_17,panelist,none,NA,3.9,1,0,0,1,0,0,3.9
31,26,18,31_18,panelist,none,NA,3.9,1,0,0,1,1,-0.2,3.7
31,26,19,31_19,panelist,high,NA,3.9,1,1,0,0,1,-0.2,3.7
31,26,20,31_20,panelist,none,NA,3.9,1,0,0,1,1,-0.1,3.8
31,26,21,31_21,panelist,none,NA,3.9,1,0,0,1,1,-0.2,3.7
31,26,22,31_22,panelist,none,NA,3.9,1,0,0,1,1,0.3,4.2
31,26,23,31_23,panelist,low,NA,3.9,1,0,1,0,0,0,3.9
31,26,24,31_24,panelist,none,NA,3.9,1,0,0,1,0,0,3.9
31,27,01,31_01,reviewer,none,4,4,0,0,0,1,1,-0.1,3.9
31,27,02,31_02,panelist,high,NA,4,1,1,0,0,0,0,4
31,27,03,31_03,panelist,none,NA,4,1,0,0,1,1,0.2,4.2
31,27,04,31_04,panelist,med,NA,4,1,0,0,0,1,0.1,4.1
31,27,05,31_05,panelist,none,NA,4,1,0,0,1,1,-0.1,3.9
31,27,06,31_06,panelist,none,NA,4,1,0,0,1,0,0,4
31,27,07,31_07,panelist,med,NA,4,1,0,0,0,1,0.1,4.1
31,27,08,31_08,reviewer,med,3.9,4,0,0,0,0,0,0,4
31,27,09,31_09,reviewer,low,4.1,4,0,0,1,0,0,0,4
31,27,10,31_10,panelist,low,NA,4,1,0,1,0,0,0,4
31,27,11,31_11,panelist,none,NA,4,1,0,0,1,0,0,4
31,27,12,31_12,panelist,high,NA,4,1,1,0,0,0,0,4
31,27,13,31_13,panelist,low,NA,4,1,0,1,0,0,0,4
31,27,14,31_14,panelist,none,NA,4,1,0,0,1,0,0,4
31,27,15,31_15,panelist,none,NA,4,1,0,0,1,1,0.2,4.2
31,27,16,31_16,panelist,low,NA,4,1,0,1,0,1,0.2,4.2
31,27,17,31_17,panelist,low,NA,4,1,0,1,0,0,0,4
31,27,18,31_18,panelist,med,NA,4,1,0,0,0,1,-0.2,3.8
31,27,19,31_19,panelist,none,NA,4,1,0,0,1,0,0,4
31,27,20,31_20,panelist,none,NA,4,1,0,0,1,0,0,4
31,27,21,31_21,panelist,low,NA,4,1,0,1,0,0,0,4
31,27,22,31_22,panelist,none,NA,4,1,0,0,1,1,0.3,4.3
31,27,23,31_23,panelist,med,NA,4,1,0,0,0,0,0,4
31,27,24,31_24,panelist,low,NA,4,1,0,1,0,0,0,4
31,28,01,31_01,panelist,med,NA,4,1,0,0,0,0,0,4
31,28,02,31_02,panelist,low,NA,4,1,0,1,0,0,0,4
31,28,03,31_03,panelist,none,NA,4,1,0,0,1,1,0.2,4.2
31,28,04,31_04,panelist,none,NA,4,1,0,0,1,1,0.1,4.1
31,28,05,31_05,panelist,none,NA,4,1,0,0,1,1,0.1,4.1
31,28,06,31_06,reviewer,high,4.1,4,0,1,0,0,0,0,4
31,28,07,31_07,panelist,med,NA,4,1,0,0,0,1,-0.2,3.8
31,28,08,31_08,panelist,none,NA,4,1,0,0,1,1,0.1,4.1
31,28,09,31_09,reviewer,med,3.9,4,0,0,0,0,1,-0.2,3.8
31,28,10,31_10,panelist,low,NA,4,1,0,1,0,1,-0.3,3.7
31,28,11,31_11,panelist,none,NA,4,1,0,0,1,1,0.1,4.1
31,28,12,31_12,panelist,low,NA,4,1,0,1,0,0,0,4
31,28,13,31_13,panelist,low,NA,4,1,0,1,0,0,0,4
31,28,14,31_14,panelist,none,NA,4,1,0,0,1,0,0,4
31,28,15,31_15,panelist,none,NA,4,1,0,0,1,1,-0.2,3.8
31,28,16,31_16,panelist,low,NA,4,1,0,1,0,1,0.2,4.2
31,28,17,31_17,reviewer,low,4,4,0,0,1,0,1,0.4,4.4
31,28,18,31_18,panelist,low,NA,4,1,0,1,0,1,-0.2,3.8
31,28,19,31_19,panelist,none,NA,4,1,0,0,1,1,-0.1,3.9
31,28,20,31_20,panelist,none,NA,4,1,0,0,1,0,0,4
31,28,21,31_21,panelist,med,NA,4,1,0,0,0,1,-0.2,3.8
31,28,22,31_22,panelist,med,NA,4,1,0,0,0,0,0,4
31,28,23,31_23,panelist,none,NA,4,1,0,0,1,0,0,4
31,28,24,31_24,panelist,high,NA,4,1,1,0,0,1,-0.2,3.8
31,29,01,31_01,panelist,none,NA,4,1,0,0,1,0,0,4
31,29,02,31_02,panelist,high,NA,4,1,1,0,0,0,0,4
31,29,03,31_03,panelist,none,NA,4,1,0,0,1,1,-0.1,3.9
31,29,04,31_04,panelist,med,NA,4,1,0,0,0,1,0.4,4.4
31,29,05,31_05,reviewer,low,4.1,4,0,0,1,0,1,0.3,4.3
31,29,06,31_06,panelist,low,NA,4,1,0,1,0,0,0,4
31,29,07,31_07,panelist,med,NA,4,1,0,0,0,0,0,4
31,29,08,31_08,panelist,high,NA,4,1,1,0,0,1,0.1,4.1
31,29,09,31_09,panelist,low,NA,4,1,0,1,0,0,0,4
31,29,10,31_10,panelist,none,NA,4,1,0,0,1,0,0,4
31,29,11,31_11,panelist,med,NA,4,1,0,0,0,1,0.2,4.2
31,29,12,31_12,panelist,none,NA,4,1,0,0,1,1,0.1,4.1
31,29,13,31_13,panelist,none,NA,4,1,0,0,1,0,0,4
31,29,14,31_14,panelist,none,NA,4,1,0,0,1,1,0.4,4.4
31,29,15,31_15,panelist,low,NA,4,1,0,1,0,1,0.1,4.1
31,29,16,31_16,panelist,none,NA,4,1,0,0,1,0,0,4
31,29,17,31_17,panelist,none,NA,4,1,0,0,1,1,-0.1,3.9
31,29,18,31_18,reviewer,none,3.8,4,0,0,0,1,1,-0.3,3.7
31,29,19,31_19,panelist,low,NA,4,1,0,1,0,0,0,4
31,29,20,31_20,panelist,med,NA,4,1,0,0,0,0,0,4
31,29,21,31_21,panelist,med,NA,4,1,0,0,0,0,0,4
31,29,22,31_22,reviewer,low,4.1,4,0,0,1,0,0,0,4
31,29,23,31_23,panelist,low,NA,4,1,0,1,0,1,0.1,4.1
31,29,24,31_24,panelist,none,NA,4,1,0,0,1,0,0,4
32,1,01,32_01,panelist,none,NA,3.6,1,0,0,1,0,0,3.6
32,1,02,32_02,panelist,low,NA,3.6,1,0,1,0,0,0,3.6
32,1,03,32_03,panelist,low,NA,3.6,1,0,1,0,0,0,3.6
32,1,04,32_04,panelist,none,NA,3.6,1,0,0,1,1,-0.3,3.3
32,1,05,32_05,panelist,none,NA,3.6,1,0,0,1,1,-0.1,3.5
32,1,06,32_06,panelist,low,NA,3.6,1,0,1,0,0,0,3.6
32,1,07,32_07,panelist,med,NA,3.6,1,0,0,0,0,0,3.6
32,1,08,32_08,panelist,med,NA,3.6,1,0,0,0,0,0,3.6
32,1,09,32_09,panelist,none,NA,3.6,1,0,0,1,1,0.2,3.8
32,1,10,32_10,reviewer,high,3.5,3.6,0,1,0,0,0,0,3.6
32,1,11,32_11,panelist,med,NA,3.6,1,0,0,0,1,0.1,3.7
32,1,12,32_12,panelist,none,NA,3.6,1,0,0,1,0,0,3.6
32,1,13,32_13,panelist,low,NA,3.6,1,0,1,0,0,0,3.6
32,1,14,32_14,panelist,none,NA,3.6,1,0,0,1,1,0.1,3.7
32,1,15,32_15,panelist,none,NA,3.6,1,0,0,1,0,0,3.6
32,1,16,32_16,panelist,high,NA,3.6,1,1,0,0,0,0,3.6
32,1,17,32_17,reviewer,none,3.6,3.6,0,0,0,1,0,0,3.6
32,1,18,32_18,panelist,low,NA,3.6,1,0,1,0,0,0,3.6
32,1,19,32_19,panelist,none,NA,3.6,1,0,0,1,1,-0.2,3.4
32,1,20,32_20,panelist,low,NA,3.6,1,0,1,0,1,-0.1,3.5
32,1,21,32_21,panelist,med,NA,3.6,1,0,0,0,1,-0.2,3.4
32,1,22,32_22,panelist,none,NA,3.6,1,0,0,1,1,-0.2,3.4
32,1,23,32_23,panelist,med,NA,3.6,1,0,0,0,0,0,3.6
32,1,24,32_24,reviewer,low,3.8,3.6,0,0,1,0,1,0.2,3.8
32,2,01,32_01,reviewer,none,3.7,3.8,0,0,0,1,0,0,3.8
32,2,02,32_02,reviewer,none,3.8,3.8,0,0,0,1,0,0,3.8
32,2,03,32_03,panelist,none,NA,3.8,1,0,0,1,0,0,3.8
32,2,04,32_04,panelist,med,NA,3.8,1,0,0,0,0,0,3.8
32,2,05,32_05,panelist,none,NA,3.8,1,0,0,1,0,0,3.8
32,2,06,32_06,panelist,none,NA,3.8,1,0,0,1,0,0,3.8
32,2,07,32_07,panelist,high,NA,3.8,1,1,0,0,0,0,3.8
32,2,08,32_08,reviewer,none,4,3.8,0,0,0,1,1,-0.1,3.7
32,2,09,32_09,panelist,med,NA,3.8,1,0,0,0,0,0,3.8
32,2,10,32_10,panelist,low,NA,3.8,1,0,1,0,0,0,3.8
32,2,11,32_11,panelist,low,NA,3.8,1,0,1,0,0,0,3.8
32,2,12,32_12,panelist,none,NA,3.8,1,0,0,1,0,0,3.8
32,2,13,32_13,panelist,med,NA,3.8,1,0,0,0,1,-0.2,3.6
32,2,14,32_14,panelist,none,NA,3.8,1,0,0,1,1,-0.1,3.7
32,2,15,32_15,panelist,high,NA,3.8,1,1,0,0,0,0,3.8
32,2,16,32_16,panelist,low,NA,3.8,1,0,1,0,0,0,3.8
32,2,17,32_17,panelist,low,NA,3.8,1,0,1,0,0,0,3.8
32,2,18,32_18,panelist,med,NA,3.8,1,0,0,0,0,0,3.8
32,2,19,32_19,panelist,low,NA,3.8,1,0,1,0,0,0,3.8
32,2,20,32_20,panelist,med,NA,3.8,1,0,0,0,0,0,3.8
32,2,21,32_21,panelist,low,NA,3.8,1,0,1,0,1,-0.1,3.7
32,2,22,32_22,panelist,none,NA,3.8,1,0,0,1,0,0,3.8
32,2,23,32_23,panelist,low,NA,3.8,1,0,1,0,0,0,3.8
32,2,24,32_24,panelist,none,NA,3.8,1,0,0,1,1,-0.1,3.7
32,3,01,32_01,panelist,high,NA,4.5,1,1,0,0,0,0,4.5
32,3,02,32_02,panelist,low,NA,4.5,1,0,1,0,0,0,4.5
32,3,03,32_03,panelist,none,NA,4.5,1,0,0,1,0,0,4.5
32,3,04,32_04,panelist,none,NA,4.5,1,0,0,1,0,0,4.5
32,3,05,32_05,panelist,none,NA,4.5,1,0,0,1,0,0,4.5
32,3,06,32_06,panelist,high,NA,4.5,1,1,0,0,1,-0.1,4.4
32,3,07,32_07,panelist,low,NA,4.5,1,0,1,0,0,0,4.5
32,3,08,32_08,reviewer,none,4.4,4.5,0,0,0,1,1,-0.1,4.4
32,3,09,32_09,panelist,low,NA,4.5,1,0,1,0,0,0,4.5
32,3,10,32_10,panelist,med,NA,4.5,1,0,0,0,0,0,4.5
32,3,11,32_11,panelist,none,NA,4.5,1,0,0,1,0,0,4.5
32,3,12,32_12,panelist,none,NA,4.5,1,0,0,1,1,0.1,4.6
32,3,13,32_13,panelist,med,NA,4.5,1,0,0,0,0,0,4.5
32,3,14,32_14,panelist,none,NA,4.5,1,0,0,1,0,0,4.5
32,3,15,32_15,reviewer,none,4.6,4.5,0,0,0,1,0,0,4.5
32,3,16,32_16,panelist,low,NA,4.5,1,0,1,0,1,0.1,4.6
32,3,17,32_17,panelist,med,NA,4.5,1,0,0,0,0,0,4.5
32,3,18,32_18,panelist,none,NA,4.5,1,0,0,1,0,0,4.5
32,3,19,32_19,panelist,none,NA,4.5,1,0,0,1,1,-0.2,4.3
32,3,20,32_20,panelist,low,NA,4.5,1,0,1,0,1,-0.1,4.4
32,3,21,32_21,panelist,low,NA,4.5,1,0,1,0,1,0.1,4.6
32,3,22,32_22,panelist,med,NA,4.5,1,0,0,0,1,-0.3,4.2
32,3,23,32_23,reviewer,low,4.4,4.5,0,0,1,0,1,-0.2,4.3
32,3,24,32_24,panelist,med,NA,4.5,1,0,0,0,1,0.2,4.7
32,4,01,32_01,panelist,low,NA,4.5,1,0,1,0,0,0,4.5
32,4,02,32_02,panelist,none,NA,4.5,1,0,0,1,0,0,4.5
32,4,03,32_03,panelist,none,NA,4.5,1,0,0,1,1,-0.2,4.3
32,4,04,32_04,reviewer,none,4.4,4.5,0,0,0,1,0,0,4.5
32,4,05,32_05,panelist,med,NA,4.5,1,0,0,0,0,0,4.5
32,4,06,32_06,panelist,none,NA,4.5,1,0,0,1,1,0.1,4.6
32,4,07,32_07,panelist,low,NA,4.5,1,0,1,0,0,0,4.5
32,4,08,32_08,reviewer,none,4.5,4.5,0,0,0,1,1,-0.3,4.2
32,4,09,32_09,panelist,med,NA,4.5,1,0,0,0,0,0,4.5
32,4,10,32_10,panelist,high,NA,4.5,1,1,0,0,0,0,4.5
32,4,11,32_11,panelist,low,NA,4.5,1,0,1,0,0,0,4.5
32,4,12,32_12,panelist,none,NA,4.5,1,0,0,1,0,0,4.5
32,4,13,32_13,panelist,low,NA,4.5,1,0,1,0,0,0,4.5
32,4,14,32_14,panelist,med,NA,4.5,1,0,0,0,0,0,4.5
32,4,15,32_15,panelist,high,NA,4.5,1,1,0,0,0,0,4.5
32,4,16,32_16,panelist,med,NA,4.5,1,0,0,0,0,0,4.5
32,4,17,32_17,panelist,low,NA,4.5,1,0,1,0,0,0,4.5
32,4,18,32_18,reviewer,low,4.5,4.5,0,0,1,0,0,0,4.5
32,4,19,32_19,panelist,none,NA,4.5,1,0,0,1,1,0.2,4.7
32,4,20,32_20,panelist,none,NA,4.5,1,0,0,1,0,0,4.5
32,4,21,32_21,panelist,low,NA,4.5,1,0,1,0,1,-0.2,4.3
32,4,22,32_22,panelist,none,NA,4.5,1,0,0,1,0,0,4.5
32,4,23,32_23,panelist,med,NA,4.5,1,0,0,0,1,0.1,4.6
32,4,24,32_24,panelist,none,NA,4.5,1,0,0,1,1,0.1,4.6
32,7,01,32_01,panelist,none,NA,4.2,1,0,0,1,1,0.3,4.5
32,7,02,32_02,panelist,low,NA,4.2,1,0,1,0,0,0,4.2
32,7,03,32_03,panelist,low,NA,4.2,1,0,1,0,1,-0.1,4.1
32,7,04,32_04,panelist,low,NA,4.2,1,0,1,0,0,0,4.2
32,7,05,32_05,panelist,low,NA,4.2,1,0,1,0,1,-0.2,4
32,7,06,32_06,panelist,high,NA,4.2,1,1,0,0,1,0.1,4.3
32,7,07,32_07,panelist,med,NA,4.2,1,0,0,0,0,0,4.2
32,7,08,32_08,panelist,none,NA,4.2,1,0,0,1,1,-0.1,4.1
32,7,09,32_09,panelist,med,NA,4.2,1,0,0,0,0,0,4.2
32,7,10,32_10,panelist,none,NA,4.2,1,0,0,1,1,0.1,4.3
32,7,11,32_11,reviewer,med,4.1,4.2,0,0,0,0,0,0,4.2
32,7,12,32_12,panelist,low,NA,4.2,1,0,1,0,0,0,4.2
32,7,13,32_13,panelist,none,NA,4.2,1,0,0,1,0,0,4.2
32,7,14,32_14,panelist,none,NA,4.2,1,0,0,1,0,0,4.2
32,7,15,32_15,panelist,low,NA,4.2,1,0,1,0,0,0,4.2
32,7,16,32_16,panelist,low,NA,4.2,1,0,1,0,0,0,4.2
32,7,17,32_17,panelist,med,NA,4.2,1,0,0,0,1,0.2,4.4
32,7,18,32_18,panelist,none,NA,4.2,1,0,0,1,0,0,4.2
32,7,19,32_19,panelist,none,NA,4.2,1,0,0,1,0,0,4.2
32,7,20,32_20,panelist,none,NA,4.2,1,0,0,1,0,0,4.2
32,7,21,32_21,panelist,high,NA,4.2,1,1,0,0,0,0,4.2
32,7,22,32_22,reviewer,med,4.3,4.2,0,0,0,0,1,-0.1,4.1
32,7,23,32_23,reviewer,none,4.1,4.2,0,0,0,1,1,-0.3,3.9
32,7,24,32_24,panelist,none,NA,4.2,1,0,0,1,1,0.1,4.3
32,8,01,32_01,panelist,none,NA,4.5,1,0,0,1,0,0,4.5
32,8,02,32_02,panelist,high,NA,4.5,1,1,0,0,0,0,4.5
32,8,03,32_03,panelist,none,NA,4.5,1,0,0,1,0,0,4.5
32,8,04,32_04,panelist,low,NA,4.5,1,0,1,0,0,0,4.5
32,8,05,32_05,panelist,low,NA,4.5,1,0,1,0,1,-0.1,4.4
32,8,06,32_06,panelist,high,NA,4.5,1,1,0,0,1,0.1,4.6
32,8,07,32_07,panelist,none,NA,4.5,1,0,0,1,1,-0.2,4.3
32,8,08,32_08,reviewer,none,4.8,4.5,0,0,0,1,0,0,4.5
32,8,09,32_09,panelist,none,NA,4.5,1,0,0,1,0,0,4.5
32,8,10,32_10,reviewer,none,4.2,4.5,0,0,0,1,0,0,4.5
32,8,11,32_11,panelist,low,NA,4.5,1,0,1,0,1,0.1,4.6
32,8,12,32_12,panelist,med,NA,4.5,1,0,0,0,1,-0.2,4.3
32,8,13,32_13,panelist,med,NA,4.5,1,0,0,0,0,0,4.5
32,8,14,32_14,panelist,med,NA,4.5,1,0,0,0,1,-0.2,4.3
32,8,15,32_15,panelist,none,NA,4.5,1,0,0,1,1,0.2,4.7
32,8,16,32_16,panelist,none,NA,4.5,1,0,0,1,0,0,4.5
32,8,17,32_17,panelist,low,NA,4.5,1,0,1,0,0,0,4.5
32,8,18,32_18,panelist,low,NA,4.5,1,0,1,0,0,0,4.5
32,8,19,32_19,panelist,none,NA,4.5,1,0,0,1,1,-0.1,4.4
32,8,20,32_20,reviewer,med,4.5,4.5,0,0,0,0,1,-0.2,4.3
32,8,21,32_21,panelist,low,NA,4.5,1,0,1,0,0,0,4.5
32,8,22,32_22,panelist,low,NA,4.5,1,0,1,0,1,-0.2,4.3
32,8,23,32_23,panelist,med,NA,4.5,1,0,0,0,0,0,4.5
32,8,24,32_24,panelist,none,NA,4.5,1,0,0,1,0,0,4.5
32,11,01,32_01,panelist,high,NA,4,1,1,0,0,1,-0.2,3.8
32,11,02,32_02,panelist,none,NA,4,1,0,0,1,1,0.1,4.1
32,11,03,32_03,panelist,med,NA,4,1,0,0,0,1,0.1,4.1
32,11,04,32_04,panelist,low,NA,4,1,0,1,0,0,0,4
32,11,05,32_05,panelist,none,NA,4,1,0,0,1,0,0,4
32,11,06,32_06,panelist,none,NA,4,1,0,0,1,1,0.1,4.1
32,11,07,32_07,panelist,none,NA,4,1,0,0,1,0,0,4
32,11,08,32_08,panelist,med,NA,4,1,0,0,0,0,0,4
32,11,09,32_09,panelist,none,NA,4,1,0,0,1,0,0,4
32,11,10,32_10,panelist,high,NA,4,1,1,0,0,1,-0.1,3.9
32,11,11,32_11,panelist,low,NA,4,1,0,1,0,1,-0.1,3.9
32,11,12,32_12,panelist,low,NA,4,1,0,1,0,0,0,4
32,11,13,32_13,panelist,low,NA,4,1,0,1,0,1,-0.3,3.7
32,11,14,32_14,reviewer,med,4,4,0,0,0,0,0,0,4
32,11,15,32_15,panelist,low,NA,4,1,0,1,0,1,0.1,4.1
32,11,16,32_16,reviewer,low,4,4,0,0,1,0,0,0,4
32,11,17,32_17,panelist,none,NA,4,1,0,0,1,0,0,4
32,11,18,32_18,panelist,none,NA,4,1,0,0,1,0,0,4
32,11,19,32_19,panelist,med,NA,4,1,0,0,0,1,-0.1,3.9
32,11,20,32_20,panelist,low,NA,4,1,0,1,0,1,-0.2,3.8
32,11,21,32_21,panelist,med,NA,4,1,0,0,0,0,0,4
32,11,22,32_22,panelist,none,NA,4,1,0,0,1,0,0,4
32,11,23,32_23,panelist,none,NA,4,1,0,0,1,1,0.1,4.1
32,11,24,32_24,reviewer,none,4,4,0,0,0,1,1,0.2,4.2
32,14,01,32_01,panelist,none,NA,4.6,1,0,0,1,1,0.1,4.7
32,14,02,32_02,panelist,low,NA,4.6,1,0,1,0,0,0,4.6
32,14,03,32_03,panelist,none,NA,4.6,1,0,0,1,0,0,4.6
32,14,04,32_04,panelist,none,NA,4.6,1,0,0,1,0,0,4.6
32,14,05,32_05,panelist,med,NA,4.6,1,0,0,0,0,0,4.6
32,14,06,32_06,panelist,none,NA,4.6,1,0,0,1,1,-0.5,4.1
32,14,07,32_07,panelist,none,NA,4.6,1,0,0,1,0,0,4.6
32,14,08,32_08,reviewer,none,4.8,4.6,0,0,0,1,0,0,4.6
32,14,09,32_09,panelist,none,NA,4.6,1,0,0,1,1,-0.1,4.5
32,14,10,32_10,panelist,high,NA,4.6,1,1,0,0,0,0,4.6
32,14,11,32_11,panelist,low,NA,4.6,1,0,1,0,0,0,4.6
32,14,12,32_12,reviewer,low,4.8,4.6,0,0,1,0,0,0,4.6
32,14,13,32_13,panelist,med,NA,4.6,1,0,0,0,0,0,4.6
32,14,14,32_14,panelist,none,NA,4.6,1,0,0,1,0,0,4.6
32,14,15,32_15,panelist,med,NA,4.6,1,0,0,0,0,0,4.6
32,14,16,32_16,panelist,none,NA,4.6,1,0,0,1,1,0.1,4.7
32,14,17,32_17,panelist,med,NA,4.6,1,0,0,0,0,0,4.6
32,14,18,32_18,panelist,med,NA,4.6,1,0,0,0,1,-0.1,4.5
32,14,19,32_19,panelist,low,NA,4.6,1,0,1,0,0,0,4.6
32,14,20,32_20,panelist,low,NA,4.6,1,0,1,0,1,-0.2,4.4
32,14,21,32_21,panelist,low,NA,4.6,1,0,1,0,1,-0.1,4.5
32,14,22,32_22,panelist,low,NA,4.6,1,0,1,0,0,0,4.6
32,14,23,32_23,reviewer,high,4.3,4.6,0,1,0,0,0,0,4.6
32,14,24,32_24,panelist,none,NA,4.6,1,0,0,1,0,0,4.6
32,16,01,32_01,panelist,med,NA,4.5,1,0,0,0,0,0,4.5
32,16,02,32_02,reviewer,none,4.4,4.5,0,0,0,1,1,0.2,4.7
32,16,03,32_03,panelist,none,NA,4.5,1,0,0,1,1,-0.1,4.4
32,16,04,32_04,panelist,low,NA,4.5,1,0,1,0,0,0,4.5
32,16,05,32_05,panelist,none,NA,4.5,1,0,0,1,1,-0.2,4.3
32,16,06,32_06,panelist,low,NA,4.5,1,0,1,0,0,0,4.5
32,16,07,32_07,panelist,none,NA,4.5,1,0,0,1,1,0.3,4.8
32,16,08,32_08,panelist,none,NA,4.5,1,0,0,1,0,0,4.5
32,16,09,32_09,panelist,high,NA,4.5,1,1,0,0,0,0,4.5
32,16,10,32_10,panelist,none,NA,4.5,1,0,0,1,0,0,4.5
32,16,11,32_11,reviewer,none,4.6,4.5,0,0,0,1,0,0,4.5
32,16,12,32_12,panelist,low,NA,4.5,1,0,1,0,1,0.1,4.6
32,16,13,32_13,panelist,low,NA,4.5,1,0,1,0,0,0,4.5
32,16,14,32_14,panelist,none,NA,4.5,1,0,0,1,1,-0.2,4.3
32,16,15,32_15,reviewer,high,4.4,4.5,0,1,0,0,0,0,4.5
32,16,16,32_16,panelist,low,NA,4.5,1,0,1,0,0,0,4.5
32,16,17,32_17,panelist,none,NA,4.5,1,0,0,1,1,0.1,4.6
32,16,18,32_18,panelist,med,NA,4.5,1,0,0,0,1,-0.1,4.4
32,16,19,32_19,panelist,med,NA,4.5,1,0,0,0,0,0,4.5
32,16,20,32_20,panelist,none,NA,4.5,1,0,0,1,1,-0.2,4.3
32,16,21,32_21,panelist,low,NA,4.5,1,0,1,0,0,0,4.5
32,16,22,32_22,panelist,low,NA,4.5,1,0,1,0,0,0,4.5
32,16,23,32_23,panelist,med,NA,4.5,1,0,0,0,1,-0.1,4.4
32,16,24,32_24,panelist,med,NA,4.5,1,0,0,0,0,0,4.5
32,17,01,32_01,panelist,none,NA,4.3,1,0,0,1,0,0,4.3
32,17,02,32_02,panelist,none,NA,4.3,1,0,0,1,1,0.1,4.4
32,17,03,32_03,panelist,high,NA,4.3,1,1,0,0,0,0,4.3
32,17,04,32_04,panelist,none,NA,4.3,1,0,0,1,0,0,4.3
32,17,05,32_05,panelist,med,NA,4.3,1,0,0,0,0,0,4.3
32,17,06,32_06,panelist,none,NA,4.3,1,0,0,1,1,-0.2,4.1
32,17,07,32_07,panelist,low,NA,4.3,1,0,1,0,1,-0.1,4.2
32,17,08,32_08,panelist,med,NA,4.3,1,0,0,0,1,0.1,4.4
32,17,09,32_09,panelist,med,NA,4.3,1,0,0,0,1,0.3,4.6
32,17,10,32_10,panelist,low,NA,4.3,1,0,1,0,0,0,4.3
32,17,11,32_11,reviewer,none,3.9,4.3,0,0,0,1,0,0,4.3
32,17,12,32_12,panelist,low,NA,4.3,1,0,1,0,0,0,4.3
32,17,13,32_13,panelist,none,NA,4.3,1,0,0,1,0,0,4.3
32,17,14,32_14,panelist,low,NA,4.3,1,0,1,0,1,-0.3,4
32,17,15,32_15,panelist,low,NA,4.3,1,0,1,0,0,0,4.3
32,17,16,32_16,panelist,none,NA,4.3,1,0,0,1,1,0.2,4.5
32,17,17,32_17,reviewer,none,4.4,4.3,0,0,0,1,1,0.1,4.4
32,17,18,32_18,panelist,low,NA,4.3,1,0,1,0,1,-0.1,4.2
32,17,19,32_19,panelist,med,NA,4.3,1,0,0,0,1,-0.1,4.2
32,17,20,32_20,reviewer,none,4.6,4.3,0,0,0,1,0,0,4.3
32,17,21,32_21,panelist,low,NA,4.3,1,0,1,0,0,0,4.3
32,17,22,32_22,panelist,med,NA,4.3,1,0,0,0,0,0,4.3
32,17,23,32_23,panelist,none,NA,4.3,1,0,0,1,1,-0.1,4.2
32,17,24,32_24,panelist,high,NA,4.3,1,1,0,0,0,0,4.3
32,20,01,32_01,panelist,med,NA,4.1,1,0,0,0,1,-0.1,4
32,20,02,32_02,panelist,none,NA,4.1,1,0,0,1,1,0.3,4.4
32,20,03,32_03,panelist,none,NA,4.1,1,0,0,1,0,0,4.1
32,20,04,32_04,panelist,med,NA,4.1,1,0,0,0,0,0,4.1
32,20,05,32_05,panelist,none,NA,4.1,1,0,0,1,0,0,4.1
32,20,06,32_06,panelist,low,NA,4.1,1,0,1,0,1,0.2,4.3
32,20,07,32_07,panelist,low,NA,4.1,1,0,1,0,1,0.3,4.4
32,20,08,32_08,panelist,none,NA,4.1,1,0,0,1,1,0.1,4.2
32,20,09,32_09,reviewer,med,4,4.1,0,0,0,0,0,0,4.1
32,20,10,32_10,panelist,none,NA,4.1,1,0,0,1,0,0,4.1
32,20,11,32_11,reviewer,low,4.2,4.1,0,0,1,0,0,0,4.1
32,20,12,32_12,reviewer,none,4,4.1,0,0,0,1,1,0.4,4.5
32,20,13,32_13,panelist,med,NA,4.1,1,0,0,0,1,0.1,4.2
32,20,14,32_14,panelist,high,NA,4.1,1,1,0,0,0,0,4.1
32,20,15,32_15,panelist,none,NA,4.1,1,0,0,1,0,0,4.1
32,20,16,32_16,panelist,low,NA,4.1,1,0,1,0,1,0.3,4.4
32,20,17,32_17,panelist,none,NA,4.1,1,0,0,1,0,0,4.1
32,20,18,32_18,panelist,none,NA,4.1,1,0,0,1,1,0.3,4.4
32,20,19,32_19,panelist,low,NA,4.1,1,0,1,0,0,0,4.1
32,20,20,32_20,panelist,high,NA,4.1,1,1,0,0,1,0.1,4.2
32,20,21,32_21,panelist,low,NA,4.1,1,0,1,0,0,0,4.1
32,20,22,32_22,panelist,med,NA,4.1,1,0,0,0,1,-0.1,4
32,20,23,32_23,panelist,none,NA,4.1,1,0,0,1,1,-0.1,4
32,20,24,32_24,panelist,low,NA,4.1,1,0,1,0,0,0,4.1
32,22,01,32_01,panelist,none,NA,3.8,1,0,0,1,1,-0.3,3.5
32,22,02,32_02,panelist,med,NA,3.8,1,0,0,0,1,-0.1,3.7
32,22,03,32_03,panelist,none,NA,3.8,1,0,0,1,1,-0.1,3.7
32,22,04,32_04,panelist,none,NA,3.8,1,0,0,1,1,-0.3,3.5
32,22,05,32_05,panelist,none,NA,3.8,1,0,0,1,1,0.2,4
32,22,06,32_06,reviewer,low,4,3.8,0,0,1,0,0,0,3.8
32,22,07,32_07,panelist,low,NA,3.8,1,0,1,0,0,0,3.8
32,22,08,32_08,panelist,none,NA,3.8,1,0,0,1,0,0,3.8
32,22,09,32_09,panelist,med,NA,3.8,1,0,0,0,0,0,3.8
32,22,10,32_10,panelist,none,NA,3.8,1,0,0,1,0,0,3.8
32,22,11,32_11,panelist,high,NA,3.8,1,1,0,0,1,0.1,3.9
32,22,12,32_12,panelist,none,NA,3.8,1,0,0,1,1,-0.2,3.6
32,22,13,32_13,panelist,high,NA,3.8,1,1,0,0,1,-0.2,3.6
32,22,14,32_14,panelist,low,NA,3.8,1,0,1,0,1,-0.2,3.6
32,22,15,32_15,panelist,med,NA,3.8,1,0,0,0,1,0.4,4.2
32,22,16,32_16,panelist,low,NA,3.8,1,0,1,0,0,0,3.8
32,22,17,32_17,reviewer,low,3.5,3.8,0,0,1,0,1,0.3,4.1
32,22,18,32_18,panelist,none,NA,3.8,1,0,0,1,0,0,3.8
32,22,19,32_19,reviewer,none,3.9,3.8,0,0,0,1,0,0,3.8
32,22,20,32_20,panelist,low,NA,3.8,1,0,1,0,0,0,3.8
32,22,21,32_21,panelist,med,NA,3.8,1,0,0,0,1,-0.3,3.5
32,22,22,32_22,panelist,low,NA,3.8,1,0,1,0,0,0,3.8
32,22,23,32_23,panelist,none,NA,3.8,1,0,0,1,1,0.1,3.9
32,22,24,32_24,panelist,med,NA,3.8,1,0,0,0,0,0,3.8
32,26,01,32_01,panelist,none,NA,4.2,1,0,0,1,0,0,4.2
32,26,02,32_02,panelist,med,NA,4.2,1,0,0,0,1,0.2,4.4
32,26,03,32_03,reviewer,low,4.1,4.2,0,0,1,0,1,-0.3,3.9
32,26,04,32_04,panelist,high,NA,4.2,1,1,0,0,0,0,4.2
32,26,05,32_05,panelist,low,NA,4.2,1,0,1,0,0,0,4.2
32,26,06,32_06,panelist,none,NA,4.2,1,0,0,1,1,0.1,4.3
32,26,07,32_07,panelist,low,NA,4.2,1,0,1,0,1,0.2,4.4
32,26,08,32_08,panelist,low,NA,4.2,1,0,1,0,0,0,4.2
32,26,09,32_09,panelist,none,NA,4.2,1,0,0,1,1,0.2,4.4
32,26,10,32_10,reviewer,low,3.9,4.2,0,0,1,0,1,-0.4,3.8
32,26,11,32_11,panelist,med,NA,4.2,1,0,0,0,0,0,4.2
32,26,12,32_12,panelist,med,NA,4.2,1,0,0,0,0,0,4.2
32,26,13,32_13,panelist,none,NA,4.2,1,0,0,1,1,-0.3,3.9
32,26,14,32_14,panelist,none,NA,4.2,1,0,0,1,0,0,4.2
32,26,15,32_15,reviewer,none,4.6,4.2,0,0,0,1,0,0,4.2
32,26,16,32_16,panelist,med,NA,4.2,1,0,0,0,0,0,4.2
32,26,17,32_17,panelist,none,NA,4.2,1,0,0,1,0,0,4.2
32,26,18,32_18,panelist,none,NA,4.2,1,0,0,1,1,0.1,4.3
32,26,19,32_19,panelist,none,NA,4.2,1,0,0,1,0,0,4.2
32,26,20,32_20,panelist,low,NA,4.2,1,0,1,0,0,0,4.2
32,26,21,32_21,panelist,low,NA,4.2,1,0,1,0,1,-0.1,4.1
32,26,22,32_22,panelist,med,NA,4.2,1,0,0,0,0,0,4.2
32,26,23,32_23,panelist,high,NA,4.2,1,1,0,0,0,0,4.2
32,26,24,32_24,panelist,none,NA,4.2,1,0,0,1,0,0,4.2
32,29,01,32_01,panelist,low,NA,3.9,1,0,1,0,0,0,3.9
32,29,02,32_02,reviewer,low,3.8,3.9,0,0,1,0,0,0,3.9
32,29,03,32_03,panelist,high,NA,3.9,1,1,0,0,0,0,3.9
32,29,04,32_04,panelist,none,NA,3.9,1,0,0,1,0,0,3.9
32,29,05,32_05,reviewer,med,4.1,3.9,0,0,0,0,0,0,3.9
32,29,06,32_06,panelist,none,NA,3.9,1,0,0,1,1,-0.2,3.7
32,29,07,32_07,panelist,none,NA,3.9,1,0,0,1,0,0,3.9
32,29,08,32_08,panelist,none,NA,3.9,1,0,0,1,0,0,3.9
32,29,09,32_09,panelist,med,NA,3.9,1,0,0,0,0,0,3.9
32,29,10,32_10,reviewer,none,3.8,3.9,0,0,0,1,1,-0.2,3.7
32,29,11,32_11,panelist,low,NA,3.9,1,0,1,0,1,0.2,4.1
32,29,12,32_12,panelist,low,NA,3.9,1,0,1,0,0,0,3.9
32,29,13,32_13,panelist,med,NA,3.9,1,0,0,0,1,-0.3,3.6
32,29,14,32_14,panelist,low,NA,3.9,1,0,1,0,1,-0.3,3.6
32,29,15,32_15,panelist,med,NA,3.9,1,0,0,0,0,0,3.9
32,29,16,32_16,panelist,high,NA,3.9,1,1,0,0,1,0.2,4.1
32,29,17,32_17,panelist,none,NA,3.9,1,0,0,1,0,0,3.9
32,29,18,32_18,panelist,med,NA,3.9,1,0,0,0,0,0,3.9
32,29,19,32_19,panelist,none,NA,3.9,1,0,0,1,1,-0.1,3.8
32,29,20,32_20,panelist,none,NA,3.9,1,0,0,1,1,-0.2,3.7
32,29,21,32_21,panelist,low,NA,3.9,1,0,1,0,1,0.2,4.1
32,29,22,32_22,panelist,low,NA,3.9,1,0,1,0,1,-0.3,3.6
32,29,23,32_23,panelist,none,NA,3.9,1,0,0,1,0,0,3.9
32,29,24,32_24,panelist,none,NA,3.9,1,0,0,1,1,0.2,4.1
32,30,01,32_01,panelist,high,NA,4,1,1,0,0,0,0,4
32,30,02,32_02,panelist,low,NA,4,1,0,1,0,0,0,4
32,30,03,32_03,panelist,none,NA,4,1,0,0,1,0,0,4
32,30,04,32_04,panelist,med,NA,4,1,0,0,0,1,-0.4,3.6
32,30,05,32_05,panelist,none,NA,4,1,0,0,1,1,0.1,4.1
32,30,06,32_06,panelist,none,NA,4,1,0,0,1,1,-0.1,3.9
32,30,07,32_07,panelist,none,NA,4,1,0,0,1,1,-0.3,3.7
32,30,08,32_08,panelist,low,NA,4,1,0,1,0,0,0,4
32,30,09,32_09,reviewer,none,4.1,4,0,0,0,1,1,0.1,4.1
32,30,10,32_10,panelist,low,NA,4,1,0,1,0,0,0,4
32,30,11,32_11,panelist,low,NA,4,1,0,1,0,1,0.2,4.2
32,30,12,32_12,panelist,med,NA,4,1,0,0,0,0,0,4
32,30,13,32_13,panelist,low,NA,4,1,0,1,0,1,0.1,4.1
32,30,14,32_14,panelist,med,NA,4,1,0,0,0,1,-0.4,3.6
32,30,15,32_15,panelist,low,NA,4,1,0,1,0,0,0,4
32,30,16,32_16,panelist,low,NA,4,1,0,1,0,1,0.3,4.3
32,30,17,32_17,panelist,none,NA,4,1,0,0,1,1,0.1,4.1
32,30,18,32_18,reviewer,none,4.1,4,0,0,0,1,1,0.2,4.2
32,30,19,32_19,reviewer,med,3.9,4,0,0,0,0,0,0,4
32,30,20,32_20,panelist,med,NA,4,1,0,0,0,0,0,4
32,30,21,32_21,panelist,none,NA,4,1,0,0,1,1,-0.4,3.6
32,30,22,32_22,panelist,none,NA,4,1,0,0,1,1,-0.4,3.6
32,30,23,32_23,panelist,high,NA,4,1,1,0,0,0,0,4
32,30,24,32_24,panelist,none,NA,4,1,0,0,1,1,0.2,4.2
33,2,01,33_01,panelist,none,NA,3.6,1,0,0,1,0,0,3.6
33,2,02,33_02,panelist,low,NA,3.6,1,0,1,0,1,-0.3,3.3
33,2,03,33_03,panelist,low,NA,3.6,1,0,1,0,1,0.4,4
33,2,04,33_04,reviewer,none,3.3,3.6,0,0,0,1,0,0,3.6
33,2,05,33_05,panelist,none,NA,3.6,1,0,0,1,0,0,3.6
33,2,06,33_06,panelist,none,NA,3.6,1,0,0,1,0,0,3.6
33,2,07,33_07,panelist,low,NA,3.6,1,0,1,0,0,0,3.6
33,2,08,33_08,panelist,high,NA,3.6,1,1,0,0,0,0,3.6
33,2,09,33_09,reviewer,low,3.7,3.6,0,0,1,0,0,0,3.6
33,2,10,33_10,panelist,none,NA,3.6,1,0,0,1,1,-0.3,3.3
33,2,11,33_11,panelist,med,NA,3.6,1,0,0,0,0,0,3.6
33,2,12,33_12,panelist,low,NA,3.6,1,0,1,0,0,0,3.6
33,2,13,33_13,panelist,med,NA,3.6,1,0,0,0,1,-0.1,3.5
33,2,14,33_14,panelist,med,NA,3.6,1,0,0,0,0,0,3.6
33,2,15,33_15,panelist,med,NA,3.6,1,0,0,0,0,0,3.6
33,2,16,33_16,panelist,none,NA,3.6,1,0,0,1,1,0.2,3.8
33,2,17,33_17,panelist,none,NA,3.6,1,0,0,1,0,0,3.6
33,2,18,33_18,panelist,none,NA,3.6,1,0,0,1,1,-0.4,3.2
33,2,19,33_19,reviewer,none,3.7,3.6,0,0,0,1,1,-0.1,3.5
33,2,20,33_20,panelist,none,NA,3.6,1,0,0,1,0,0,3.6
33,2,21,33_21,panelist,high,NA,3.6,1,1,0,0,0,0,3.6
33,2,22,33_22,panelist,low,NA,3.6,1,0,1,0,1,0.2,3.8
33,2,23,33_23,panelist,low,NA,3.6,1,0,1,0,1,0.1,3.7
33,2,24,33_24,panelist,med,NA,3.6,1,0,0,0,0,0,3.6
33,4,01,33_01,panelist,none,NA,4.3,1,0,0,1,1,-0.5,3.8
33,4,02,33_02,reviewer,high,4.4,4.3,0,1,0,0,0,0,4.3
33,4,03,33_03,panelist,none,NA,4.3,1,0,0,1,0,0,4.3
33,4,04,33_04,panelist,low,NA,4.3,1,0,1,0,0,0,4.3
33,4,05,33_05,reviewer,low,4.2,4.3,0,0,1,0,0,0,4.3
33,4,06,33_06,panelist,med,NA,4.3,1,0,0,0,0,0,4.3
33,4,07,33_07,panelist,low,NA,4.3,1,0,1,0,1,0.1,4.4
33,4,08,33_08,panelist,none,NA,4.3,1,0,0,1,0,0,4.3
33,4,09,33_09,panelist,low,NA,4.3,1,0,1,0,0,0,4.3
33,4,10,33_10,panelist,med,NA,4.3,1,0,0,0,0,0,4.3
33,4,11,33_11,panelist,none,NA,4.3,1,0,0,1,1,0.1,4.4
33,4,12,33_12,panelist,none,NA,4.3,1,0,0,1,1,0.1,4.4
33,4,13,33_13,panelist,low,NA,4.3,1,0,1,0,1,-0.2,4.1
33,4,14,33_14,panelist,none,NA,4.3,1,0,0,1,1,0.2,4.5
33,4,15,33_15,panelist,none,NA,4.3,1,0,0,1,1,-0.1,4.2
33,4,16,33_16,panelist,none,NA,4.3,1,0,0,1,1,-0.2,4.1
33,4,17,33_17,reviewer,med,4.3,4.3,0,0,0,0,0,0,4.3
33,4,18,33_18,panelist,none,NA,4.3,1,0,0,1,1,-0.2,4.1
33,4,19,33_19,panelist,med,NA,4.3,1,0,0,0,0,0,4.3
33,4,20,33_20,panelist,med,NA,4.3,1,0,0,0,1,0.1,4.4
33,4,21,33_21,panelist,low,NA,4.3,1,0,1,0,0,0,4.3
33,4,22,33_22,panelist,low,NA,4.3,1,0,1,0,1,0.2,4.5
33,4,23,33_23,panelist,high,NA,4.3,1,1,0,0,0,0,4.3
33,4,24,33_24,panelist,none,NA,4.3,1,0,0,1,1,0.1,4.4
33,5,01,33_01,panelist,none,NA,4.1,1,0,0,1,1,-0.2,3.9
33,5,02,33_02,panelist,none,NA,4.1,1,0,0,1,1,-0.2,3.9
33,5,03,33_03,panelist,med,NA,4.1,1,0,0,0,0,0,4.1
33,5,04,33_04,reviewer,none,4.2,4.1,0,0,0,1,0,0,4.1
33,5,05,33_05,panelist,high,NA,4.1,1,1,0,0,0,0,4.1
33,5,06,33_06,panelist,med,NA,4.1,1,0,0,0,1,0.1,4.2
33,5,07,33_07,panelist,low,NA,4.1,1,0,1,0,0,0,4.1
33,5,08,33_08,reviewer,none,4,4.1,0,0,0,1,0,0,4.1
33,5,09,33_09,panelist,none,NA,4.1,1,0,0,1,1,-0.2,3.9
33,5,10,33_10,panelist,low,NA,4.1,1,0,1,0,0,0,4.1
33,5,11,33_11,panelist,low,NA,4.1,1,0,1,0,0,0,4.1
33,5,12,33_12,panelist,low,NA,4.1,1,0,1,0,1,-0.1,4
33,5,13,33_13,panelist,med,NA,4.1,1,0,0,0,0,0,4.1
33,5,14,33_14,panelist,low,NA,4.1,1,0,1,0,0,0,4.1
33,5,15,33_15,panelist,high,NA,4.1,1,1,0,0,0,0,4.1
33,5,16,33_16,panelist,none,NA,4.1,1,0,0,1,0,0,4.1
33,5,17,33_17,panelist,none,NA,4.1,1,0,0,1,0,0,4.1
33,5,18,33_18,reviewer,low,4.2,4.1,0,0,1,0,0,0,4.1
33,5,19,33_19,panelist,none,NA,4.1,1,0,0,1,0,0,4.1
33,5,20,33_20,panelist,none,NA,4.1,1,0,0,1,1,-0.1,4
33,5,21,33_21,panelist,none,NA,4.1,1,0,0,1,1,-0.1,4
33,5,22,33_22,panelist,med,NA,4.1,1,0,0,0,1,0.2,4.3
33,5,23,33_23,panelist,low,NA,4.1,1,0,1,0,1,0.2,4.3
33,5,24,33_24,panelist,med,NA,4.1,1,0,0,0,0,0,4.1
33,8,01,33_01,reviewer,low,3.7,3.8,0,0,1,0,0,0,3.8
33,8,02,33_02,panelist,low,NA,3.8,1,0,1,0,0,0,3.8
33,8,03,33_03,panelist,med,NA,3.8,1,0,0,0,1,0.1,3.9
33,8,04,33_04,reviewer,high,3.9,3.8,0,1,0,0,0,0,3.8
33,8,05,33_05,panelist,low,NA,3.8,1,0,1,0,0,0,3.8
33,8,06,33_06,panelist,high,NA,3.8,1,1,0,0,1,0.2,4
33,8,07,33_07,panelist,low,NA,3.8,1,0,1,0,0,0,3.8
33,8,08,33_08,panelist,low,NA,3.8,1,0,1,0,0,0,3.8
33,8,09,33_09,panelist,none,NA,3.8,1,0,0,1,0,0,3.8
33,8,10,33_10,panelist,none,NA,3.8,1,0,0,1,0,0,3.8
33,8,11,33_11,panelist,none,NA,3.8,1,0,0,1,0,0,3.8
33,8,12,33_12,panelist,none,NA,3.8,1,0,0,1,0,0,3.8
33,8,13,33_13,panelist,none,NA,3.8,1,0,0,1,1,-0.2,3.6
33,8,14,33_14,panelist,none,NA,3.8,1,0,0,1,1,0.2,4
33,8,15,33_15,panelist,none,NA,3.8,1,0,0,1,0,0,3.8
33,8,16,33_16,reviewer,med,3.8,3.8,0,0,0,0,1,0.1,3.9
33,8,17,33_17,panelist,med,NA,3.8,1,0,0,0,0,0,3.8
33,8,18,33_18,panelist,low,NA,3.8,1,0,1,0,1,0.1,3.9
33,8,19,33_19,panelist,none,NA,3.8,1,0,0,1,1,-0.3,3.5
33,8,20,33_20,panelist,low,NA,3.8,1,0,1,0,0,0,3.8
33,8,21,33_21,panelist,none,NA,3.8,1,0,0,1,1,0.1,3.9
33,8,22,33_22,panelist,med,NA,3.8,1,0,0,0,0,0,3.8
33,8,23,33_23,panelist,med,NA,3.8,1,0,0,0,1,-0.1,3.7
33,8,24,33_24,panelist,none,NA,3.8,1,0,0,1,0,0,3.8
33,12,01,33_01,panelist,high,NA,3.6,1,1,0,0,1,0.1,3.7
33,12,02,33_02,panelist,med,NA,3.6,1,0,0,0,1,-0.1,3.5
33,12,03,33_03,panelist,none,NA,3.6,1,0,0,1,1,0.2,3.8
33,12,04,33_04,panelist,med,NA,3.6,1,0,0,0,0,0,3.6
33,12,05,33_05,panelist,med,NA,3.6,1,0,0,0,1,-0.1,3.5
33,12,06,33_06,panelist,none,NA,3.6,1,0,0,1,0,0,3.6
33,12,07,33_07,panelist,med,NA,3.6,1,0,0,0,0,0,3.6
33,12,08,33_08,panelist,none,NA,3.6,1,0,0,1,1,-0.2,3.4
33,12,09,33_09,reviewer,low,3.5,3.6,0,0,1,0,1,-0.2,3.4
33,12,10,33_10,reviewer,low,3.6,3.6,0,0,1,0,0,0,3.6
33,12,11,33_11,panelist,low,NA,3.6,1,0,1,0,0,0,3.6
33,12,12,33_12,panelist,none,NA,3.6,1,0,0,1,0,0,3.6
33,12,13,33_13,panelist,high,NA,3.6,1,1,0,0,0,0,3.6
33,12,14,33_14,panelist,low,NA,3.6,1,0,1,0,0,0,3.6
33,12,15,33_15,panelist,med,NA,3.6,1,0,0,0,0,0,3.6
33,12,16,33_16,panelist,none,NA,3.6,1,0,0,1,1,-0.3,3.3
33,12,17,33_17,panelist,low,NA,3.6,1,0,1,0,0,0,3.6
33,12,18,33_18,reviewer,low,3.6,3.6,0,0,1,0,0,0,3.6
33,12,19,33_19,panelist,none,NA,3.6,1,0,0,1,0,0,3.6
33,12,20,33_20,panelist,none,NA,3.6,1,0,0,1,0,0,3.6
33,12,21,33_21,panelist,none,NA,3.6,1,0,0,1,1,0.1,3.7
33,12,22,33_22,panelist,low,NA,3.6,1,0,1,0,1,-0.1,3.5
33,12,23,33_23,panelist,none,NA,3.6,1,0,0,1,0,0,3.6
33,12,24,33_24,panelist,none,NA,3.6,1,0,0,1,1,0.1,3.7
33,15,01,33_01,panelist,low,NA,4.5,1,0,1,0,1,-0.3,4.2
33,15,02,33_02,panelist,none,NA,4.5,1,0,0,1,1,-0.4,4.1
33,15,03,33_03,panelist,none,NA,4.5,1,0,0,1,0,0,4.5
33,15,04,33_04,panelist,none,NA,4.5,1,0,0,1,0,0,4.5
33,15,05,33_05,reviewer,high,4.6,4.5,0,1,0,0,0,0,4.5
33,15,06,33_06,panelist,low,NA,4.5,1,0,1,0,0,0,4.5
33,15,07,33_07,panelist,none,NA,4.5,1,0,0,1,0,0,4.5
33,15,08,33_08,panelist,med,NA,4.5,1,0,0,0,1,-0.3,4.2
33,15,09,33_09,reviewer,none,4.9,4.5,0,0,0,1,1,-0.3,4.2
33,15,10,33_10,panelist,med,NA,4.5,1,0,0,0,0,0,4.5
33,15,11,33_11,panelist,none,NA,4.5,1,0,0,1,1,-0.1,4.4
33,15,12,33_12,panelist,none,NA,4.5,1,0,0,1,0,0,4.5
33,15,13,33_13,panelist,med,NA,4.5,1,0,0,0,0,0,4.5
33,15,14,33_14,panelist,med,NA,4.5,1,0,0,0,0,0,4.5
33,15,15,33_15,panelist,none,NA,4.5,1,0,0,1,0,0,4.5
33,15,16,33_16,panelist,low,NA,4.5,1,0,1,0,1,0.2,4.7
33,15,17,33_17,panelist,low,NA,4.5,1,0,1,0,0,0,4.5
33,15,18,33_18,panelist,high,NA,4.5,1,1,0,0,0,0,4.5
33,15,19,33_19,panelist,low,NA,4.5,1,0,1,0,0,0,4.5
33,15,20,33_20,reviewer,low,4.1,4.5,0,0,1,0,0,0,4.5
33,15,21,33_21,panelist,none,NA,4.5,1,0,0,1,1,-0.4,4.1
33,15,22,33_22,panelist,med,NA,4.5,1,0,0,0,0,0,4.5
33,15,23,33_23,panelist,low,NA,4.5,1,0,1,0,1,-0.3,4.2
33,15,24,33_24,panelist,none,NA,4.5,1,0,0,1,1,-0.2,4.3
33,16,01,33_01,reviewer,low,4.2,4.2,0,0,1,0,0,0,4.2
33,16,02,33_02,reviewer,med,4.3,4.2,0,0,0,0,0,0,4.2
33,16,03,33_03,panelist,none,NA,4.2,1,0,0,1,0,0,4.2
33,16,04,33_04,panelist,none,NA,4.2,1,0,0,1,0,0,4.2
33,16,05,33_05,panelist,low,NA,4.2,1,0,1,0,1,0.2,4.4
33,16,06,33_06,reviewer,low,4.1,4.2,0,0,1,0,0,0,4.2
33,16,07,33_07,panelist,none,NA,4.2,1,0,0,1,0,0,4.2
33,16,08,33_08,panelist,none,NA,4.2,1,0,0,1,0,0,4.2
33,16,09,33_09,panelist,high,NA,4.2,1,1,0,0,0,0,4.2
33,16,10,33_10,panelist,low,NA,4.2,1,0,1,0,0,0,4.2
33,16,11,33_11,panelist,none,NA,4.2,1,0,0,1,1,-0.1,4.1
33,16,12,33_12,panelist,none,NA,4.2,1,0,0,1,0,0,4.2
33,16,13,33_13,panelist,none,NA,4.2,1,0,0,1,1,-0.1,4.1
33,16,14,33_14,panelist,med,NA,4.2,1,0,0,0,1,0.1,4.3
33,16,15,33_15,panelist,none,NA,4.2,1,0,0,1,0,0,4.2
33,16,16,33_16,panelist,low,NA,4.2,1,0,1,0,1,0.1,4.3
33,16,17,33_17,panelist,high,NA,4.2,1,1,0,0,0,0,4.2
33,16,18,33_18,panelist,low,NA,4.2,1,0,1,0,1,0.1,4.3
33,16,19,33_19,panelist,med,NA,4.2,1,0,0,0,0,0,4.2
33,16,20,33_20,panelist,med,NA,4.2,1,0,0,0,1,-0.2,4
33,16,21,33_21,panelist,med,NA,4.2,1,0,0,0,0,0,4.2
33,16,22,33_22,panelist,none,NA,4.2,1,0,0,1,1,0.3,4.5
33,16,23,33_23,panelist,none,NA,4.2,1,0,0,1,1,0.1,4.3
33,16,24,33_24,panelist,low,NA,4.2,1,0,1,0,0,0,4.2
33,20,01,33_01,reviewer,none,4,3.9,0,0,0,1,0,0,3.9
33,20,02,33_02,reviewer,none,3.8,3.9,0,0,0,1,1,-0.4,3.5
33,20,03,33_03,panelist,low,NA,3.9,1,0,1,0,0,0,3.9
33,20,04,33_04,panelist,high,NA,3.9,1,1,0,0,0,0,3.9
33,20,05,33_05,panelist,low,NA,3.9,1,0,1,0,1,0.1,4
33,20,06,33_06,panelist,none,NA,3.9,1,0,0,1,1,-0.1,3.8
33,20,07,33_07,panelist,high,NA,3.9,1,1,0,0,0,0,3.9
33,20,08,33_08,panelist,none,NA,3.9,1,0,0,1,1,-0.3,3.6
33,20,09,33_09,panelist,med,NA,3.9,1,0,0,0,0,0,3.9
33,20,10,33_10,panelist,low,NA,3.9,1,0,1,0,1,-0.3,3.6
33,20,11,33_11,panelist,low,NA,3.9,1,0,1,0,1,-0.1,3.8
33,20,12,33_12,panelist,med,NA,3.9,1,0,0,0,1,-0.2,3.7
33,20,13,33_13,reviewer,low,3.8,3.9,0,0,1,0,0,0,3.9
33,20,14,33_14,panelist,none,NA,3.9,1,0,0,1,1,0.1,4
33,20,15,33_15,panelist,med,NA,3.9,1,0,0,0,0,0,3.9
33,20,16,33_16,panelist,none,NA,3.9,1,0,0,1,0,0,3.9
33,20,17,33_17,panelist,none,NA,3.9,1,0,0,1,0,0,3.9
33,20,18,33_18,panelist,none,NA,3.9,1,0,0,1,0,0,3.9
33,20,19,33_19,panelist,low,NA,3.9,1,0,1,0,0,0,3.9
33,20,20,33_20,panelist,low,NA,3.9,1,0,1,0,0,0,3.9
33,20,21,33_21,panelist,none,NA,3.9,1,0,0,1,0,0,3.9
33,20,22,33_22,panelist,med,NA,3.9,1,0,0,0,0,0,3.9
33,20,23,33_23,panelist,med,NA,3.9,1,0,0,0,0,0,3.9
33,20,24,33_24,panelist,none,NA,3.9,1,0,0,1,1,0.2,4.1
33,22,01,33_01,reviewer,none,3.5,3.9,0,0,0,1,0,0,3.9
33,22,02,33_02,panelist,low,NA,3.9,1,0,1,0,0,0,3.9
33,22,03,33_03,panelist,none,NA,3.9,1,0,0,1,0,0,3.9
33,22,04,33_04,panelist,low,NA,3.9,1,0,1,0,1,0.2,4.1
33,22,05,33_05,panelist,none,NA,3.9,1,0,0,1,1,0.2,4.1
33,22,06,33_06,reviewer,none,4.2,3.9,0,0,0,1,1,-0.3,3.6
33,22,07,33_07,panelist,high,NA,3.9,1,1,0,0,0,0,3.9
33,22,08,33_08,panelist,med,NA,3.9,1,0,0,0,0,0,3.9
33,22,09,33_09,panelist,med,NA,3.9,1,0,0,0,0,0,3.9
33,22,10,33_10,panelist,none,NA,3.9,1,0,0,1,0,0,3.9
33,22,11,33_11,panelist,low,NA,3.9,1,0,1,0,0,0,3.9
33,22,12,33_12,panelist,low,NA,3.9,1,0,1,0,0,0,3.9
33,22,13,33_13,panelist,med,NA,3.9,1,0,0,0,0,0,3.9
33,22,14,33_14,panelist,low,NA,3.9,1,0,1,0,0,0,3.9
33,22,15,33_15,panelist,none,NA,3.9,1,0,0,1,0,0,3.9
33,22,16,33_16,panelist,low,NA,3.9,1,0,1,0,0,0,3.9
33,22,17,33_17,panelist,none,NA,3.9,1,0,0,1,0,0,3.9
33,22,18,33_18,reviewer,none,4.1,3.9,0,0,0,1,1,-0.2,3.7
33,22,19,33_19,panelist,med,NA,3.9,1,0,0,0,1,-0.1,3.8
33,22,20,33_20,panelist,low,NA,3.9,1,0,1,0,0,0,3.9
33,22,21,33_21,panelist,none,NA,3.9,1,0,0,1,0,0,3.9
33,22,22,33_22,panelist,high,NA,3.9,1,1,0,0,0,0,3.9
33,22,23,33_23,panelist,med,NA,3.9,1,0,0,0,0,0,3.9
33,22,24,33_24,panelist,none,NA,3.9,1,0,0,1,0,0,3.9
33,23,01,33_01,panelist,med,NA,4.5,1,0,0,0,0,0,4.5
33,23,02,33_02,panelist,low,NA,4.5,1,0,1,0,1,0.1,4.6
33,23,03,33_03,panelist,low,NA,4.5,1,0,1,0,0,0,4.5
33,23,04,33_04,panelist,none,NA,4.5,1,0,0,1,1,0.1,4.6
33,23,05,33_05,panelist,high,NA,4.5,1,1,0,0,0,0,4.5
33,23,06,33_06,panelist,low,NA,4.5,1,0,1,0,1,-0.1,4.4
33,23,07,33_07,reviewer,med,4.4,4.5,0,0,0,0,1,-0.1,4.4
33,23,08,33_08,panelist,none,NA,4.5,1,0,0,1,0,0,4.5
33,23,09,33_09,panelist,low,NA,4.5,1,0,1,0,0,0,4.5
33,23,10,33_10,reviewer,med,4.4,4.5,0,0,0,0,1,-0.2,4.3
33,23,11,33_11,panelist,high,NA,4.5,1,1,0,0,1,0.3,4.8
33,23,12,33_12,panelist,none,NA,4.5,1,0,0,1,0,0,4.5
33,23,13,33_13,panelist,low,NA,4.5,1,0,1,0,0,0,4.5
33,23,14,33_14,panelist,none,NA,4.5,1,0,0,1,0,0,4.5
33,23,15,33_15,panelist,none,NA,4.5,1,0,0,1,1,-0.1,4.4
33,23,16,33_16,panelist,low,NA,4.5,1,0,1,0,1,0.1,4.6
33,23,17,33_17,panelist,none,NA,4.5,1,0,0,1,1,0.1,4.6
33,23,18,33_18,reviewer,none,4.6,4.5,0,0,0,1,0,0,4.5
33,23,19,33_19,panelist,med,NA,4.5,1,0,0,0,1,0.1,4.6
33,23,20,33_20,panelist,none,NA,4.5,1,0,0,1,0,0,4.5
33,23,21,33_21,panelist,none,NA,4.5,1,0,0,1,1,0.1,4.6
33,23,22,33_22,panelist,none,NA,4.5,1,0,0,1,1,0.1,4.6
33,23,23,33_23,panelist,low,NA,4.5,1,0,1,0,1,0.2,4.7
33,23,24,33_24,panelist,med,NA,4.5,1,0,0,0,1,-0.1,4.4
33,24,01,33_01,panelist,high,NA,3.5,1,1,0,0,0,0,3.5
33,24,02,33_02,panelist,none,NA,3.5,1,0,0,1,1,-0.2,3.3
33,24,03,33_03,panelist,med,NA,3.5,1,0,0,0,1,-0.2,3.3
33,24,04,33_04,panelist,med,NA,3.5,1,0,0,0,0,0,3.5
33,24,05,33_05,panelist,none,NA,3.5,1,0,0,1,0,0,3.5
33,24,06,33_06,panelist,med,NA,3.5,1,0,0,0,1,0.1,3.6
33,24,07,33_07,panelist,low,NA,3.5,1,0,1,0,1,-0.1,3.4
33,24,08,33_08,panelist,none,NA,3.5,1,0,0,1,0,0,3.5
33,24,09,33_09,panelist,low,NA,3.5,1,0,1,0,0,0,3.5
33,24,10,33_10,panelist,low,NA,3.5,1,0,1,0,0,0,3.5
33,24,11,33_11,panelist,none,NA,3.5,1,0,0,1,0,0,3.5
33,24,12,33_12,panelist,none,NA,3.5,1,0,0,1,1,0.1,3.6
33,24,13,33_13,reviewer,none,3.4,3.5,0,0,0,1,1,-0.2,3.3
33,24,14,33_14,panelist,low,NA,3.5,1,0,1,0,0,0,3.5
33,24,15,33_15,panelist,low,NA,3.5,1,0,1,0,1,0.2,3.7
33,24,16,33_16,panelist,low,NA,3.5,1,0,1,0,1,0.1,3.6
33,24,17,33_17,reviewer,none,3.5,3.5,0,0,0,1,0,0,3.5
33,24,18,33_18,panelist,none,NA,3.5,1,0,0,1,0,0,3.5
33,24,19,33_19,panelist,none,NA,3.5,1,0,0,1,1,-0.3,3.2
33,24,20,33_20,reviewer,low,3.7,3.5,0,0,1,0,1,0.4,3.9
33,24,21,33_21,panelist,med,NA,3.5,1,0,0,0,0,0,3.5
33,24,22,33_22,panelist,high,NA,3.5,1,1,0,0,1,0.1,3.6
33,24,23,33_23,panelist,med,NA,3.5,1,0,0,0,0,0,3.5
33,24,24,33_24,panelist,none,NA,3.5,1,0,0,1,0,0,3.5
33,25,01,33_01,panelist,none,NA,4.4,1,0,0,1,0,0,4.4
33,25,02,33_02,panelist,none,NA,4.4,1,0,0,1,0,0,4.4
33,25,03,33_03,panelist,med,NA,4.4,1,0,0,0,0,0,4.4
33,25,04,33_04,panelist,low,NA,4.4,1,0,1,0,0,0,4.4
33,25,05,33_05,panelist,none,NA,4.4,1,0,0,1,1,-0.1,4.3
33,25,06,33_06,panelist,med,NA,4.4,1,0,0,0,1,0.3,4.7
33,25,07,33_07,reviewer,med,4.3,4.4,0,0,0,0,1,0.2,4.6
33,25,08,33_08,panelist,high,NA,4.4,1,1,0,0,0,0,4.4
33,25,09,33_09,panelist,none,NA,4.4,1,0,0,1,0,0,4.4
33,25,10,33_10,panelist,high,NA,4.4,1,1,0,0,0,0,4.4
33,25,11,33_11,panelist,low,NA,4.4,1,0,1,0,1,-0.1,4.3
33,25,12,33_12,panelist,none,NA,4.4,1,0,0,1,1,-0.5,3.9
33,25,13,33_13,panelist,none,NA,4.4,1,0,0,1,0,0,4.4
33,25,14,33_14,reviewer,none,4.6,4.4,0,0,0,1,0,0,4.4
33,25,15,33_15,panelist,none,NA,4.4,1,0,0,1,1,0.2,4.6
33,25,16,33_16,panelist,med,NA,4.4,1,0,0,0,1,-0.1,4.3
33,25,17,33_17,panelist,low,NA,4.4,1,0,1,0,0,0,4.4
33,25,18,33_18,panelist,none,NA,4.4,1,0,0,1,0,0,4.4
33,25,19,33_19,panelist,low,NA,4.4,1,0,1,0,0,0,4.4
33,25,20,33_20,reviewer,med,4.3,4.4,0,0,0,0,1,0.1,4.5
33,25,21,33_21,panelist,none,NA,4.4,1,0,0,1,0,0,4.4
33,25,22,33_22,panelist,low,NA,4.4,1,0,1,0,0,0,4.4
33,25,23,33_23,panelist,low,NA,4.4,1,0,1,0,0,0,4.4
33,25,24,33_24,panelist,low,NA,4.4,1,0,1,0,1,0.2,4.6
33,26,01,33_01,panelist,none,NA,3.5,1,0,0,1,0,0,3.5
33,26,02,33_02,reviewer,med,3.6,3.5,0,0,0,0,0,0,3.5
33,26,03,33_03,panelist,none,NA,3.5,1,0,0,1,0,0,3.5
33,26,04,33_04,panelist,low,NA,3.5,1,0,1,0,0,0,3.5
33,26,05,33_05,panelist,none,NA,3.5,1,0,0,1,1,0.3,3.8
33,26,06,33_06,panelist,low,NA,3.5,1,0,1,0,0,0,3.5
33,26,07,33_07,panelist,none,NA,3.5,1,0,0,1,1,-0.1,3.4
33,26,08,33_08,panelist,low,NA,3.5,1,0,1,0,1,0.1,3.6
33,26,09,33_09,reviewer,low,3.6,3.5,0,0,1,0,1,-0.1,3.4
33,26,10,33_10,panelist,none,NA,3.5,1,0,0,1,0,0,3.5
33,26,11,33_11,panelist,med,NA,3.5,1,0,0,0,0,0,3.5
33,26,12,33_12,panelist,high,NA,3.5,1,1,0,0,0,0,3.5
33,26,13,33_13,panelist,low,NA,3.5,1,0,1,0,0,0,3.5
33,26,14,33_14,panelist,none,NA,3.5,1,0,0,1,1,0.1,3.6
33,26,15,33_15,panelist,none,NA,3.5,1,0,0,1,0,0,3.5
33,26,16,33_16,panelist,med,NA,3.5,1,0,0,0,0,0,3.5
33,26,17,33_17,reviewer,none,3.4,3.5,0,0,0,1,0,0,3.5
33,26,18,33_18,panelist,med,NA,3.5,1,0,0,0,0,0,3.5
33,26,19,33_19,panelist,none,NA,3.5,1,0,0,1,1,-0.1,3.4
33,26,20,33_20,panelist,high,NA,3.5,1,1,0,0,1,-0.2,3.3
33,26,21,33_21,panelist,med,NA,3.5,1,0,0,0,1,-0.1,3.4
33,26,22,33_22,panelist,low,NA,3.5,1,0,1,0,0,0,3.5
33,26,23,33_23,panelist,none,NA,3.5,1,0,0,1,0,0,3.5
33,26,24,33_24,panelist,low,NA,3.5,1,0,1,0,0,0,3.5
33,28,01,33_01,panelist,none,NA,4.5,1,0,0,1,0,0,4.5
33,28,02,33_02,panelist,none,NA,4.5,1,0,0,1,1,0.1,4.6
33,28,03,33_03,reviewer,none,4.5,4.5,0,0,0,1,0,0,4.5
33,28,04,33_04,reviewer,low,4.5,4.5,0,0,1,0,0,0,4.5
33,28,05,33_05,panelist,none,NA,4.5,1,0,0,1,0,0,4.5
33,28,06,33_06,panelist,none,NA,4.5,1,0,0,1,0,0,4.5
33,28,07,33_07,panelist,med,NA,4.5,1,0,0,0,0,0,4.5
33,28,08,33_08,panelist,med,NA,4.5,1,0,0,0,0,0,4.5
33,28,09,33_09,panelist,high,NA,4.5,1,1,0,0,0,0,4.5
33,28,10,33_10,panelist,low,NA,4.5,1,0,1,0,0,0,4.5
33,28,11,33_11,panelist,low,NA,4.5,1,0,1,0,0,0,4.5
33,28,12,33_12,panelist,low,NA,4.5,1,0,1,0,0,0,4.5
33,28,13,33_13,panelist,med,NA,4.5,1,0,0,0,1,0.1,4.6
33,28,14,33_14,panelist,low,NA,4.5,1,0,1,0,1,-0.2,4.3
33,28,15,33_15,panelist,none,NA,4.5,1,0,0,1,0,0,4.5
33,28,16,33_16,panelist,none,NA,4.5,1,0,0,1,0,0,4.5
33,28,17,33_17,panelist,med,NA,4.5,1,0,0,0,0,0,4.5
33,28,18,33_18,panelist,none,NA,4.5,1,0,0,1,1,0.1,4.6
33,28,19,33_19,panelist,low,NA,4.5,1,0,1,0,1,-0.2,4.3
33,28,20,33_20,panelist,med,NA,4.5,1,0,0,0,0,0,4.5
33,28,21,33_21,panelist,low,NA,4.5,1,0,1,0,0,0,4.5
33,28,22,33_22,panelist,high,NA,4.5,1,1,0,0,0,0,4.5
33,28,23,33_23,reviewer,none,4.6,4.5,0,0,0,1,1,-0.1,4.4
33,28,24,33_24,panelist,none,NA,4.5,1,0,0,1,1,0.2,4.7
33,29,01,33_01,panelist,low,NA,4.1,1,0,1,0,1,-0.1,4
33,29,02,33_02,panelist,none,NA,4.1,1,0,0,1,0,0,4.1
33,29,03,33_03,panelist,med,NA,4.1,1,0,0,0,0,0,4.1
33,29,04,33_04,panelist,none,NA,4.1,1,0,0,1,1,0.1,4.2
33,29,05,33_05,panelist,none,NA,4.1,1,0,0,1,1,-0.2,3.9
33,29,06,33_06,panelist,none,NA,4.1,1,0,0,1,0,0,4.1
33,29,07,33_07,panelist,none,NA,4.1,1,0,0,1,0,0,4.1
33,29,08,33_08,panelist,none,NA,4.1,1,0,0,1,1,-0.1,4
33,29,09,33_09,panelist,high,NA,4.1,1,1,0,0,0,0,4.1
33,29,10,33_10,panelist,low,NA,4.1,1,0,1,0,0,0,4.1
33,29,11,33_11,panelist,low,NA,4.1,1,0,1,0,1,0.3,4.4
33,29,12,33_12,panelist,low,NA,4.1,1,0,1,0,0,0,4.1
33,29,13,33_13,panelist,med,NA,4.1,1,0,0,0,0,0,4.1
33,29,14,33_14,panelist,med,NA,4.1,1,0,0,0,1,0.1,4.2
33,29,15,33_15,panelist,none,NA,4.1,1,0,0,1,1,0.1,4.2
33,29,16,33_16,panelist,low,NA,4.1,1,0,1,0,0,0,4.1
33,29,17,33_17,panelist,none,NA,4.1,1,0,0,1,1,-0.3,3.8
33,29,18,33_18,reviewer,high,4.2,4.1,0,1,0,0,0,0,4.1
33,29,19,33_19,panelist,none,NA,4.1,1,0,0,1,0,0,4.1
33,29,20,33_20,panelist,med,NA,4.1,1,0,0,0,1,-0.2,3.9
33,29,21,33_21,panelist,med,NA,4.1,1,0,0,0,1,-0.2,3.9
33,29,22,33_22,reviewer,low,3.8,4.1,0,0,1,0,0,0,4.1
33,29,23,33_23,panelist,low,NA,4.1,1,0,1,0,1,0.1,4.2
33,29,24,33_24,reviewer,none,4.3,4.1,0,0,0,1,0,0,4.1
34,3,01,34_01,panelist,med,NA,4.1,1,0,0,0,0,0,4.1
34,3,02,34_02,panelist,none,NA,4.1,1,0,0,1,0,0,4.1
34,3,03,34_03,panelist,low,NA,4.1,1,0,1,0,1,0.1,4.2
34,3,04,34_04,panelist,low,NA,4.1,1,0,1,0,1,-0.2,3.9
34,3,05,34_05,reviewer,none,4.2,4.1,0,0,0,1,0,0,4.1
34,3,06,34_06,panelist,med,NA,4.1,1,0,0,0,0,0,4.1
34,3,07,34_07,panelist,low,NA,4.1,1,0,1,0,0,0,4.1
34,3,08,34_08,panelist,none,NA,4.1,1,0,0,1,1,-0.2,3.9
34,3,09,34_09,panelist,low,NA,4.1,1,0,1,0,0,0,4.1
34,3,10,34_10,reviewer,none,4,4.1,0,0,0,1,0,0,4.1
34,3,11,34_11,panelist,none,NA,4.1,1,0,0,1,0,0,4.1
34,3,12,34_12,panelist,none,NA,4.1,1,0,0,1,1,-0.1,4
34,3,13,34_13,panelist,none,NA,4.1,1,0,0,1,0,0,4.1
34,3,14,34_14,reviewer,low,4,4.1,0,0,1,0,0,0,4.1
34,3,15,34_15,panelist,none,NA,4.1,1,0,0,1,1,-0.3,3.8
34,3,16,34_16,panelist,high,NA,4.1,1,1,0,0,0,0,4.1
34,3,17,34_17,panelist,med,NA,4.1,1,0,0,0,1,0.1,4.2
34,3,18,34_18,panelist,none,NA,4.1,1,0,0,1,0,0,4.1
34,3,19,34_19,panelist,low,NA,4.1,1,0,1,0,0,0,4.1
34,3,20,34_20,panelist,high,NA,4.1,1,1,0,0,0,0,4.1
34,3,21,34_21,panelist,med,NA,4.1,1,0,0,0,0,0,4.1
34,3,22,34_22,panelist,low,NA,4.1,1,0,1,0,0,0,4.1
34,3,23,34_23,panelist,med,NA,4.1,1,0,0,0,0,0,4.1
34,3,24,34_24,panelist,none,NA,4.1,1,0,0,1,1,0.2,4.3
34,4,01,34_01,panelist,none,NA,4.2,1,0,0,1,0,0,4.2
34,4,02,34_02,panelist,low,NA,4.2,1,0,1,0,0,0,4.2
34,4,03,34_03,panelist,low,NA,4.2,1,0,1,0,1,0.1,4.3
34,4,04,34_04,reviewer,none,4.3,4.2,0,0,0,1,1,0.2,4.4
34,4,05,34_05,panelist,none,NA,4.2,1,0,0,1,1,0.1,4.3
34,4,06,34_06,panelist,low,NA,4.2,1,0,1,0,0,0,4.2
34,4,07,34_07,reviewer,med,4.2,4.2,0,0,0,0,1,0.1,4.3
34,4,08,34_08,panelist,low,NA,4.2,1,0,1,0,0,0,4.2
34,4,09,34_09,reviewer,low,4,4.2,0,0,1,0,0,0,4.2
34,4,10,34_10,panelist,none,NA,4.2,1,0,0,1,0,0,4.2
34,4,11,34_11,panelist,none,NA,4.2,1,0,0,1,1,0.2,4.4
34,4,12,34_12,panelist,high,NA,4.2,1,1,0,0,0,0,4.2
34,4,13,34_13,panelist,none,NA,4.2,1,0,0,1,0,0,4.2
34,4,14,34_14,panelist,none,NA,4.2,1,0,0,1,1,0.2,4.4
34,4,15,34_15,panelist,none,NA,4.2,1,0,0,1,0,0,4.2
34,4,16,34_16,panelist,low,NA,4.2,1,0,1,0,0,0,4.2
34,4,17,34_17,panelist,none,NA,4.2,1,0,0,1,0,0,4.2
34,4,18,34_18,panelist,none,NA,4.2,1,0,0,1,0,0,4.2
34,4,19,34_19,panelist,med,NA,4.2,1,0,0,0,0,0,4.2
34,4,20,34_20,panelist,med,NA,4.2,1,0,0,0,0,0,4.2
34,4,21,34_21,panelist,low,NA,4.2,1,0,1,0,1,0.2,4.4
34,4,22,34_22,panelist,med,NA,4.2,1,0,0,0,1,-0.4,3.8
34,4,23,34_23,panelist,high,NA,4.2,1,1,0,0,0,0,4.2
34,4,24,34_24,panelist,med,NA,4.2,1,0,0,0,0,0,4.2
34,5,01,34_01,panelist,high,NA,4.2,1,1,0,0,1,0.2,4.4
34,5,02,34_02,reviewer,none,4.1,4.2,0,0,0,1,0,0,4.2
34,5,03,34_03,panelist,low,NA,4.2,1,0,1,0,1,0.3,4.5
34,5,04,34_04,reviewer,none,4.2,4.2,0,0,0,1,0,0,4.2
34,5,05,34_05,panelist,med,NA,4.2,1,0,0,0,0,0,4.2
34,5,06,34_06,panelist,low,NA,4.2,1,0,1,0,0,0,4.2
34,5,07,34_07,panelist,low,NA,4.2,1,0,1,0,0,0,4.2
34,5,08,34_08,panelist,low,NA,4.2,1,0,1,0,1,0.2,4.4
34,5,09,34_09,panelist,none,NA,4.2,1,0,0,1,0,0,4.2
34,5,10,34_10,panelist,none,NA,4.2,1,0,0,1,1,0.3,4.5
34,5,11,34_11,panelist,low,NA,4.2,1,0,1,0,0,0,4.2
34,5,12,34_12,panelist,none,NA,4.2,1,0,0,1,0,0,4.2
34,5,13,34_13,panelist,med,NA,4.2,1,0,0,0,1,-0.2,4
34,5,14,34_14,panelist,med,NA,4.2,1,0,0,0,0,0,4.2
34,5,15,34_15,panelist,high,NA,4.2,1,1,0,0,0,0,4.2
34,5,16,34_16,panelist,low,NA,4.2,1,0,1,0,0,0,4.2
34,5,17,34_17,panelist,none,NA,4.2,1,0,0,1,0,0,4.2
34,5,18,34_18,panelist,none,NA,4.2,1,0,0,1,0,0,4.2
34,5,19,34_19,reviewer,med,4.3,4.2,0,0,0,0,0,0,4.2
34,5,20,34_20,panelist,med,NA,4.2,1,0,0,0,0,0,4.2
34,5,21,34_21,panelist,low,NA,4.2,1,0,1,0,1,-0.1,4.1
34,5,22,34_22,panelist,none,NA,4.2,1,0,0,1,0,0,4.2
34,5,23,34_23,panelist,none,NA,4.2,1,0,0,1,1,-0.1,4.1
34,5,24,34_24,panelist,none,NA,4.2,1,0,0,1,0,0,4.2
34,7,01,34_01,reviewer,high,3.6,3.8,0,1,0,0,0,0,3.8
34,7,02,34_02,reviewer,none,4,3.8,0,0,0,1,0,0,3.8
34,7,03,34_03,panelist,low,NA,3.8,1,0,1,0,1,0.1,3.9
34,7,04,34_04,panelist,none,NA,3.8,1,0,0,1,0,0,3.8
34,7,05,34_05,panelist,none,NA,3.8,1,0,0,1,1,0.2,4
34,7,06,34_06,panelist,med,NA,3.8,1,0,0,0,0,0,3.8
34,7,07,34_07,panelist,low,NA,3.8,1,0,1,0,1,0.1,3.9
34,7,08,34_08,panelist,med,NA,3.8,1,0,0,0,1,0.2,4
34,7,09,34_09,panelist,high,NA,3.8,1,1,0,0,0,0,3.8
34,7,10,34_10,panelist,low,NA,3.8,1,0,1,0,0,0,3.8
34,7,11,34_11,panelist,none,NA,3.8,1,0,0,1,0,0,3.8
34,7,12,34_12,panelist,none,NA,3.8,1,0,0,1,1,0.2,4
34,7,13,34_13,panelist,low,NA,3.8,1,0,1,0,0,0,3.8
34,7,14,34_14,panelist,none,NA,3.8,1,0,0,1,0,0,3.8
34,7,15,34_15,panelist,med,NA,3.8,1,0,0,0,1,-0.3,3.5
34,7,16,34_16,panelist,low,NA,3.8,1,0,1,0,1,0.1,3.9
34,7,17,34_17,panelist,low,NA,3.8,1,0,1,0,0,0,3.8
34,7,18,34_18,panelist,none,NA,3.8,1,0,0,1,0,0,3.8
34,7,19,34_19,panelist,med,NA,3.8,1,0,0,0,0,0,3.8
34,7,20,34_20,panelist,none,NA,3.8,1,0,0,1,0,0,3.8
34,7,21,34_21,panelist,none,NA,3.8,1,0,0,1,1,0.1,3.9
34,7,22,34_22,panelist,med,NA,3.8,1,0,0,0,0,0,3.8
34,7,23,34_23,reviewer,none,3.9,3.8,0,0,0,1,1,0.2,4
34,7,24,34_24,panelist,low,NA,3.8,1,0,1,0,1,0.1,3.9
34,8,01,34_01,panelist,low,NA,4.4,1,0,1,0,0,0,4.4
34,8,02,34_02,panelist,high,NA,4.4,1,1,0,0,1,0.2,4.6
34,8,03,34_03,panelist,none,NA,4.4,1,0,0,1,0,0,4.4
34,8,04,34_04,panelist,med,NA,4.4,1,0,0,0,0,0,4.4
34,8,05,34_05,reviewer,med,4.5,4.4,0,0,0,0,0,0,4.4
34,8,06,34_06,panelist,none,NA,4.4,1,0,0,1,1,-0.1,4.3
34,8,07,34_07,panelist,med,NA,4.4,1,0,0,0,0,0,4.4
34,8,08,34_08,panelist,none,NA,4.4,1,0,0,1,1,0.4,4.8
34,8,09,34_09,reviewer,none,4.4,4.4,0,0,0,1,1,0.1,4.5
34,8,10,34_10,panelist,none,NA,4.4,1,0,0,1,1,0.2,4.6
34,8,11,34_11,panelist,none,NA,4.4,1,0,0,1,0,0,4.4
34,8,12,34_12,panelist,none,NA,4.4,1,0,0,1,0,0,4.4
34,8,13,34_13,panelist,med,NA,4.4,1,0,0,0,0,0,4.4
34,8,14,34_14,panelist,none,NA,4.4,1,0,0,1,0,0,4.4
34,8,15,34_15,panelist,none,NA,4.4,1,0,0,1,1,-0.3,4.1
34,8,16,34_16,panelist,low,NA,4.4,1,0,1,0,0,0,4.4
34,8,17,34_17,panelist,high,NA,4.4,1,1,0,0,0,0,4.4
34,8,18,34_18,panelist,low,NA,4.4,1,0,1,0,0,0,4.4
34,8,19,34_19,reviewer,med,4.2,4.4,0,0,0,0,1,0.3,4.7
34,8,20,34_20,panelist,low,NA,4.4,1,0,1,0,0,0,4.4
34,8,21,34_21,panelist,none,NA,4.4,1,0,0,1,0,0,4.4
34,8,22,34_22,panelist,low,NA,4.4,1,0,1,0,0,0,4.4
34,8,23,34_23,panelist,low,NA,4.4,1,0,1,0,0,0,4.4
34,8,24,34_24,panelist,low,NA,4.4,1,0,1,0,1,0.2,4.6
34,11,01,34_01,panelist,med,NA,4.1,1,0,0,0,0,0,4.1
34,11,02,34_02,panelist,low,NA,4.1,1,0,1,0,0,0,4.1
34,11,03,34_03,reviewer,high,4.1,4.1,0,1,0,0,0,0,4.1
34,11,04,34_04,panelist,low,NA,4.1,1,0,1,0,1,-0.1,4
34,11,05,34_05,panelist,low,NA,4.1,1,0,1,0,0,0,4.1
34,11,06,34_06,panelist,none,NA,4.1,1,0,0,1,1,-0.2,3.9
34,11,07,34_07,panelist,none,NA,4.1,1,0,0,1,1,0.2,4.3
34,11,08,34_08,panelist,low,NA,4.1,1,0,1,0,0,0,4.1
34,11,09,34_09,panelist,none,NA,4.1,1,0,0,1,1,0.3,4.4
34,11,10,34_10,reviewer,none,4.1,4.1,0,0,0,1,1,-0.1,4
34,11,11,34_11,panelist,none,NA,4.1,1,0,0,1,1,-0.2,3.9
34,11,12,34_12,panelist,low,NA,4.1,1,0,1,0,0,0,4.1
34,11,13,34_13,panelist,med,NA,4.1,1,0,0,0,1,0.1,4.2
34,11,14,34_14,panelist,none,NA,4.1,1,0,0,1,0,0,4.1
34,11,15,34_15,panelist,med,NA,4.1,1,0,0,0,1,0.3,4.4
34,11,16,34_16,panelist,high,NA,4.1,1,1,0,0,0,0,4.1
34,11,17,34_17,panelist,none,NA,4.1,1,0,0,1,0,0,4.1
34,11,18,34_18,panelist,none,NA,4.1,1,0,0,1,0,0,4.1
34,11,19,34_19,reviewer,low,4.1,4.1,0,0,1,0,0,0,4.1
34,11,20,34_20,panelist,low,NA,4.1,1,0,1,0,0,0,4.1
34,11,21,34_21,panelist,med,NA,4.1,1,0,0,0,0,0,4.1
34,11,22,34_22,panelist,none,NA,4.1,1,0,0,1,0,0,4.1
34,11,23,34_23,panelist,none,NA,4.1,1,0,0,1,1,-0.2,3.9
34,11,24,34_24,panelist,med,NA,4.1,1,0,0,0,1,0.2,4.3
34,14,01,34_01,panelist,none,NA,3.9,1,0,0,1,0,0,3.9
34,14,02,34_02,panelist,high,NA,3.9,1,1,0,0,1,0.4,4.3
34,14,03,34_03,panelist,none,NA,3.9,1,0,0,1,0,0,3.9
34,14,04,34_04,panelist,none,NA,3.9,1,0,0,1,0,0,3.9
34,14,05,34_05,panelist,low,NA,3.9,1,0,1,0,0,0,3.9
34,14,06,34_06,panelist,low,NA,3.9,1,0,1,0,0,0,3.9
34,14,07,34_07,panelist,none,NA,3.9,1,0,0,1,0,0,3.9
34,14,08,34_08,panelist,low,NA,3.9,1,0,1,0,1,0.1,4
34,14,09,34_09,panelist,none,NA,3.9,1,0,0,1,1,0.2,4.1
34,14,10,34_10,panelist,none,NA,3.9,1,0,0,1,0,0,3.9
34,14,11,34_11,panelist,low,NA,3.9,1,0,1,0,0,0,3.9
34,14,12,34_12,panelist,none,NA,3.9,1,0,0,1,0,0,3.9
34,14,13,34_13,panelist,med,NA,3.9,1,0,0,0,1,-0.2,3.7
34,14,14,34_14,panelist,low,NA,3.9,1,0,1,0,0,0,3.9
34,14,15,34_15,panelist,none,NA,3.9,1,0,0,1,1,-0.1,3.8
34,14,16,34_16,reviewer,med,3.9,3.9,0,0,0,0,0,0,3.9
34,14,17,34_17,reviewer,med,3.8,3.9,0,0,0,0,0,0,3.9
34,14,18,34_18,panelist,none,NA,3.9,1,0,0,1,1,-0.1,3.8
34,14,19,34_19,panelist,high,NA,3.9,1,1,0,0,0,0,3.9
34,14,20,34_20,panelist,none,NA,3.9,1,0,0,1,1,0.1,4
34,14,21,34_21,panelist,med,NA,3.9,1,0,0,0,1,-0.1,3.8
34,14,22,34_22,panelist,low,NA,3.9,1,0,1,0,1,-0.1,3.8
34,14,23,34_23,panelist,low,NA,3.9,1,0,1,0,1,0.1,4
34,14,24,34_24,reviewer,med,4,3.9,0,0,0,0,1,0.3,4.2
34,15,01,34_01,panelist,low,NA,4.6,1,0,1,0,1,0.1,4.7
34,15,02,34_02,reviewer,med,4.9,4.6,0,0,0,0,1,0.4,4.9
34,15,03,34_03,panelist,none,NA,4.6,1,0,0,1,0,0,4.6
34,15,04,34_04,panelist,low,NA,4.6,1,0,1,0,0,0,4.6
34,15,05,34_05,panelist,med,NA,4.6,1,0,0,0,1,-0.2,4.4
34,15,06,34_06,panelist,high,NA,4.6,1,1,0,0,0,0,4.6
34,15,07,34_07,panelist,none,NA,4.6,1,0,0,1,0,0,4.6
34,15,08,34_08,panelist,none,NA,4.6,1,0,0,1,1,0.1,4.7
34,15,09,34_09,panelist,low,NA,4.6,1,0,1,0,0,0,4.6
34,15,10,34_10,panelist,low,NA,4.6,1,0,1,0,1,-0.2,4.4
34,15,11,34_11,panelist,med,NA,4.6,1,0,0,0,0,0,4.6
34,15,12,34_12,panelist,none,NA,4.6,1,0,0,1,1,0.3,4.9
34,15,13,34_13,panelist,none,NA,4.6,1,0,0,1,1,-0.2,4.4
34,15,14,34_14,panelist,low,NA,4.6,1,0,1,0,0,0,4.6
34,15,15,34_15,reviewer,low,4.4,4.6,0,0,1,0,0,0,4.6
34,15,16,34_16,panelist,med,NA,4.6,1,0,0,0,0,0,4.6
34,15,17,34_17,panelist,none,NA,4.6,1,0,0,1,1,0.2,4.8
34,15,18,34_18,panelist,low,NA,4.6,1,0,1,0,1,0.1,4.7
34,15,19,34_19,panelist,none,NA,4.6,1,0,0,1,0,0,4.6
34,15,20,34_20,panelist,high,NA,4.6,1,1,0,0,1,0.2,4.8
34,15,21,34_21,reviewer,med,4.4,4.6,0,0,0,0,1,0.2,4.8
34,15,22,34_22,panelist,none,NA,4.6,1,0,0,1,0,0,4.6
34,15,23,34_23,panelist,none,NA,4.6,1,0,0,1,1,-0.1,4.5
34,15,24,34_24,panelist,none,NA,4.6,1,0,0,1,0,0,4.6
34,16,01,34_01,panelist,med,NA,4.1,1,0,0,0,1,0.4,4.5
34,16,02,34_02,panelist,low,NA,4.1,1,0,1,0,0,0,4.1
34,16,03,34_03,panelist,none,NA,4.1,1,0,0,1,1,0.5,4.6
34,16,04,34_04,panelist,none,NA,4.1,1,0,0,1,0,0,4.1
34,16,05,34_05,panelist,low,NA,4.1,1,0,1,0,0,0,4.1
34,16,06,34_06,panelist,low,NA,4.1,1,0,1,0,0,0,4.1
34,16,07,34_07,panelist,none,NA,4.1,1,0,0,1,1,-0.3,3.8
34,16,08,34_08,panelist,low,NA,4.1,1,0,1,0,1,0.1,4.2
34,16,09,34_09,panelist,med,NA,4.1,1,0,0,0,0,0,4.1
34,16,10,34_10,reviewer,low,4.1,4.1,0,0,1,0,1,0.2,4.3
34,16,11,34_11,panelist,med,NA,4.1,1,0,0,0,1,0.1,4.2
34,16,12,34_12,panelist,none,NA,4.1,1,0,0,1,1,-0.1,4
34,16,13,34_13,reviewer,high,4.1,4.1,0,1,0,0,0,0,4.1
34,16,14,34_14,reviewer,none,4.2,4.1,0,0,0,1,0,0,4.1
34,16,15,34_15,panelist,low,NA,4.1,1,0,1,0,0,0,4.1
34,16,16,34_16,panelist,none,NA,4.1,1,0,0,1,1,-0.2,3.9
34,16,17,34_17,panelist,low,NA,4.1,1,0,1,0,1,0.1,4.2
34,16,18,34_18,panelist,none,NA,4.1,1,0,0,1,1,-0.2,3.9
34,16,19,34_19,panelist,none,NA,4.1,1,0,0,1,1,0.3,4.4
34,16,20,34_20,panelist,med,NA,4.1,1,0,0,0,1,0.1,4.2
34,16,21,34_21,panelist,none,NA,4.1,1,0,0,1,0,0,4.1
34,16,22,34_22,panelist,med,NA,4.1,1,0,0,0,1,0.2,4.3
34,16,23,34_23,panelist,none,NA,4.1,1,0,0,1,0,0,4.1
34,16,24,34_24,panelist,high,NA,4.1,1,1,0,0,0,0,4.1
34,18,01,34_01,panelist,low,NA,3.5,1,0,1,0,0,0,3.5
34,18,02,34_02,panelist,low,NA,3.5,1,0,1,0,1,0.3,3.8
34,18,03,34_03,panelist,none,NA,3.5,1,0,0,1,0,0,3.5
34,18,04,34_04,panelist,none,NA,3.5,1,0,0,1,0,0,3.5
34,18,05,34_05,panelist,low,NA,3.5,1,0,1,0,1,-0.1,3.4
34,18,06,34_06,panelist,low,NA,3.5,1,0,1,0,0,0,3.5
34,18,07,34_07,panelist,none,NA,3.5,1,0,0,1,1,-0.3,3.2
34,18,08,34_08,panelist,med,NA,3.5,1,0,0,0,0,0,3.5
34,18,09,34_09,panelist,med,NA,3.5,1,0,0,0,1,0.3,3.8
34,18,10,34_10,panelist,low,NA,3.5,1,0,1,0,0,0,3.5
34,18,11,34_11,panelist,none,NA,3.5,1,0,0,1,0,0,3.5
34,18,12,34_12,panelist,none,NA,3.5,1,0,0,1,1,0.2,3.7
34,18,13,34_13,panelist,none,NA,3.5,1,0,0,1,0,0,3.5
34,18,14,34_14,panelist,none,NA,3.5,1,0,0,1,0,0,3.5
34,18,15,34_15,panelist,low,NA,3.5,1,0,1,0,0,0,3.5
34,18,16,34_16,panelist,none,NA,3.5,1,0,0,1,1,0.2,3.7
34,18,17,34_17,reviewer,low,3.7,3.5,0,0,1,0,0,0,3.5
34,18,18,34_18,reviewer,high,3.7,3.5,0,1,0,0,1,-0.2,3.3
34,18,19,34_19,panelist,high,NA,3.5,1,1,0,0,0,0,3.5
34,18,20,34_20,panelist,med,NA,3.5,1,0,0,0,0,0,3.5
34,18,21,34_21,panelist,none,NA,3.5,1,0,0,1,1,0.1,3.6
34,18,22,34_22,panelist,med,NA,3.5,1,0,0,0,1,0.1,3.6
34,18,23,34_23,reviewer,none,3.1,3.5,0,0,0,1,0,0,3.5
34,18,24,34_24,panelist,med,NA,3.5,1,0,0,0,0,0,3.5
34,22,01,34_01,panelist,low,NA,4.1,1,0,1,0,1,0.1,4.2
34,22,02,34_02,panelist,none,NA,4.1,1,0,0,1,1,0.2,4.3
34,22,03,34_03,panelist,low,NA,4.1,1,0,1,0,0,0,4.1
34,22,04,34_04,reviewer,high,4.1,4.1,0,1,0,0,0,0,4.1
34,22,05,34_05,panelist,none,NA,4.1,1,0,0,1,1,-0.3,3.8
34,22,06,34_06,panelist,none,NA,4.1,1,0,0,1,1,-0.1,4
34,22,07,34_07,reviewer,none,3.9,4.1,0,0,0,1,0,0,4.1
34,22,08,34_08,panelist,med,NA,4.1,1,0,0,0,1,-0.1,4
34,22,09,34_09,panelist,none,NA,4.1,1,0,0,1,1,0.3,4.4
34,22,10,34_10,panelist,med,NA,4.1,1,0,0,0,0,0,4.1
34,22,11,34_11,panelist,none,NA,4.1,1,0,0,1,1,0.2,4.3
34,22,12,34_12,panelist,low,NA,4.1,1,0,1,0,1,0.3,4.4
34,22,13,34_13,panelist,low,NA,4.1,1,0,1,0,0,0,4.1
34,22,14,34_14,panelist,med,NA,4.1,1,0,0,0,1,0.2,4.3
34,22,15,34_15,panelist,none,NA,4.1,1,0,0,1,0,0,4.1
34,22,16,34_16,panelist,med,NA,4.1,1,0,0,0,0,0,4.1
34,22,17,34_17,panelist,none,NA,4.1,1,0,0,1,0,0,4.1
34,22,18,34_18,panelist,med,NA,4.1,1,0,0,0,0,0,4.1
34,22,19,34_19,panelist,low,NA,4.1,1,0,1,0,0,0,4.1
34,22,20,34_20,panelist,high,NA,4.1,1,1,0,0,0,0,4.1
34,22,21,34_21,panelist,none,NA,4.1,1,0,0,1,1,0.2,4.3
34,22,22,34_22,reviewer,low,4.3,4.1,0,0,1,0,0,0,4.1
34,22,23,34_23,panelist,none,NA,4.1,1,0,0,1,0,0,4.1
34,22,24,34_24,panelist,low,NA,4.1,1,0,1,0,1,0.2,4.3
34,26,01,34_01,panelist,none,NA,4.2,1,0,0,1,1,0.2,4.4
34,26,02,34_02,panelist,none,NA,4.2,1,0,0,1,1,0.1,4.3
34,26,03,34_03,panelist,none,NA,4.2,1,0,0,1,0,0,4.2
34,26,04,34_04,panelist,none,NA,4.2,1,0,0,1,1,-0.1,4.1
34,26,05,34_05,reviewer,med,4.2,4.2,0,0,0,0,0,0,4.2
34,26,06,34_06,panelist,low,NA,4.2,1,0,1,0,0,0,4.2
34,26,07,34_07,panelist,med,NA,4.2,1,0,0,0,1,0.2,4.4
34,26,08,34_08,panelist,low,NA,4.2,1,0,1,0,0,0,4.2
34,26,09,34_09,panelist,none,NA,4.2,1,0,0,1,1,0.3,4.5
34,26,10,34_10,panelist,med,NA,4.2,1,0,0,0,0,0,4.2
34,26,11,34_11,panelist,low,NA,4.2,1,0,1,0,0,0,4.2
34,26,12,34_12,panelist,none,NA,4.2,1,0,0,1,0,0,4.2
34,26,13,34_13,panelist,med,NA,4.2,1,0,0,0,0,0,4.2
34,26,14,34_14,panelist,none,NA,4.2,1,0,0,1,1,0.2,4.4
34,26,15,34_15,panelist,med,NA,4.2,1,0,0,0,0,0,4.2
34,26,16,34_16,reviewer,none,4.2,4.2,0,0,0,1,0,0,4.2
34,26,17,34_17,panelist,low,NA,4.2,1,0,1,0,1,0.1,4.3
34,26,18,34_18,panelist,high,NA,4.2,1,1,0,0,0,0,4.2
34,26,19,34_19,panelist,none,NA,4.2,1,0,0,1,0,0,4.2
34,26,20,34_20,panelist,none,NA,4.2,1,0,0,1,1,0.1,4.3
34,26,21,34_21,panelist,high,NA,4.2,1,1,0,0,1,-0.1,4.1
34,26,22,34_22,panelist,low,NA,4.2,1,0,1,0,0,0,4.2
34,26,23,34_23,reviewer,low,4.2,4.2,0,0,1,0,0,0,4.2
34,26,24,34_24,panelist,low,NA,4.2,1,0,1,0,0,0,4.2
34,28,01,34_01,panelist,none,NA,3.5,1,0,0,1,1,0.1,3.6
34,28,02,34_02,panelist,none,NA,3.5,1,0,0,1,1,-0.1,3.4
34,28,03,34_03,panelist,none,NA,3.5,1,0,0,1,1,0.2,3.7
34,28,04,34_04,panelist,med,NA,3.5,1,0,0,0,0,0,3.5
34,28,05,34_05,panelist,low,NA,3.5,1,0,1,0,0,0,3.5
34,28,06,34_06,panelist,none,NA,3.5,1,0,0,1,1,-0.2,3.3
34,28,07,34_07,reviewer,med,3.4,3.5,0,0,0,0,1,0.1,3.6
34,28,08,34_08,panelist,low,NA,3.5,1,0,1,0,1,-0.1,3.4
34,28,09,34_09,reviewer,med,3.8,3.5,0,0,0,0,0,0,3.5
34,28,10,34_10,panelist,none,NA,3.5,1,0,0,1,1,0.1,3.6
34,28,11,34_11,panelist,none,NA,3.5,1,0,0,1,1,0.3,3.8
34,28,12,34_12,panelist,low,NA,3.5,1,0,1,0,0,0,3.5
34,28,13,34_13,panelist,low,NA,3.5,1,0,1,0,0,0,3.5
34,28,14,34_14,panelist,low,NA,3.5,1,0,1,0,0,0,3.5
34,28,15,34_15,reviewer,none,3.3,3.5,0,0,0,1,0,0,3.5
34,28,16,34_16,panelist,none,NA,3.5,1,0,0,1,0,0,3.5
34,28,17,34_17,panelist,med,NA,3.5,1,0,0,0,0,0,3.5
34,28,18,34_18,panelist,none,NA,3.5,1,0,0,1,0,0,3.5
34,28,19,34_19,panelist,none,NA,3.5,1,0,0,1,1,0.3,3.8
34,28,20,34_20,panelist,high,NA,3.5,1,1,0,0,0,0,3.5
34,28,21,34_21,panelist,med,NA,3.5,1,0,0,0,1,0.2,3.7
34,28,22,34_22,panelist,high,NA,3.5,1,1,0,0,0,0,3.5
34,28,23,34_23,panelist,low,NA,3.5,1,0,1,0,0,0,3.5
34,28,24,34_24,panelist,low,NA,3.5,1,0,1,0,1,0.1,3.6
34,29,01,34_01,panelist,med,NA,4.4,1,0,0,0,1,0.3,4.7
34,29,02,34_02,panelist,med,NA,4.4,1,0,0,0,0,0,4.4
34,29,03,34_03,panelist,med,NA,4.4,1,0,0,0,0,0,4.4
34,29,04,34_04,reviewer,low,4.2,4.4,0,0,1,0,0,0,4.4
34,29,05,34_05,panelist,high,NA,4.4,1,1,0,0,1,-0.3,4.1
34,29,06,34_06,panelist,low,NA,4.4,1,0,1,0,1,-0.1,4.3
34,29,07,34_07,panelist,none,NA,4.4,1,0,0,1,0,0,4.4
34,29,08,34_08,panelist,none,NA,4.4,1,0,0,1,0,0,4.4
34,29,09,34_09,panelist,low,NA,4.4,1,0,1,0,0,0,4.4
34,29,10,34_10,panelist,none,NA,4.4,1,0,0,1,1,0.3,4.7
34,29,11,34_11,panelist,med,NA,4.4,1,0,0,0,1,0.2,4.6
34,29,12,34_12,panelist,none,NA,4.4,1,0,0,1,1,0.3,4.7
34,29,13,34_13,panelist,none,NA,4.4,1,0,0,1,1,-0.1,4.3
34,29,14,34_14,panelist,high,NA,4.4,1,1,0,0,0,0,4.4
34,29,15,34_15,reviewer,low,4.4,4.4,0,0,1,0,0,0,4.4
34,29,16,34_16,panelist,none,NA,4.4,1,0,0,1,1,-0.1,4.3
34,29,17,34_17,panelist,low,NA,4.4,1,0,1,0,0,0,4.4
34,29,18,34_18,panelist,none,NA,4.4,1,0,0,1,0,0,4.4
34,29,19,34_19,panelist,none,NA,4.4,1,0,0,1,1,0.1,4.5
34,29,20,34_20,reviewer,low,4.7,4.4,0,0,1,0,1,0.1,4.5
34,29,21,34_21,panelist,none,NA,4.4,1,0,0,1,0,0,4.4
34,29,22,34_22,panelist,low,NA,4.4,1,0,1,0,1,0.1,4.5
34,29,23,34_23,panelist,med,NA,4.4,1,0,0,0,1,-0.1,4.3
34,29,24,34_24,panelist,none,NA,4.4,1,0,0,1,1,0.1,4.5
34,30,01,34_01,panelist,med,NA,4.2,1,0,0,0,1,0.5,4.7
34,30,02,34_02,reviewer,high,4.3,4.2,0,1,0,0,0,0,4.2
34,30,03,34_03,panelist,none,NA,4.2,1,0,0,1,0,0,4.2
34,30,04,34_04,panelist,low,NA,4.2,1,0,1,0,0,0,4.2
34,30,05,34_05,panelist,low,NA,4.2,1,0,1,0,1,-0.2,4
34,30,06,34_06,panelist,none,NA,4.2,1,0,0,1,1,-0.2,4
34,30,07,34_07,panelist,med,NA,4.2,1,0,0,0,0,0,4.2
34,30,08,34_08,panelist,low,NA,4.2,1,0,1,0,1,-0.1,4.1
34,30,09,34_09,panelist,low,NA,4.2,1,0,1,0,0,0,4.2
34,30,10,34_10,reviewer,none,4.5,4.2,0,0,0,1,0,0,4.2
34,30,11,34_11,panelist,none,NA,4.2,1,0,0,1,1,0.1,4.3
34,30,12,34_12,panelist,high,NA,4.2,1,1,0,0,0,0,4.2
34,30,13,34_13,panelist,none,NA,4.2,1,0,0,1,1,0.2,4.4
34,30,14,34_14,panelist,none,NA,4.2,1,0,0,1,1,0.2,4.4
34,30,15,34_15,panelist,low,NA,4.2,1,0,1,0,1,-0.3,3.9
34,30,16,34_16,panelist,none,NA,4.2,1,0,0,1,1,0.1,4.3
34,30,17,34_17,panelist,med,NA,4.2,1,0,0,0,1,0.2,4.4
34,30,18,34_18,panelist,none,NA,4.2,1,0,0,1,1,-0.3,3.9
34,30,19,34_19,panelist,none,NA,4.2,1,0,0,1,0,0,4.2
34,30,20,34_20,reviewer,low,3.7,4.2,0,0,1,0,0,0,4.2
34,30,21,34_21,panelist,med,NA,4.2,1,0,0,0,0,0,4.2
34,30,22,34_22,panelist,low,NA,4.2,1,0,1,0,1,0.3,4.5
34,30,23,34_23,panelist,med,NA,4.2,1,0,0,0,0,0,4.2
34,30,24,34_24,panelist,none,NA,4.2,1,0,0,1,0,0,4.2
35,1,01,35_01,panelist,low,NA,4.4,1,0,1,0,1,0.2,4.6
35,1,02,35_02,panelist,high,NA,4.4,1,1,0,0,0,0,4.4
35,1,03,35_03,panelist,low,NA,4.4,1,0,1,0,1,0.1,4.5
35,1,04,35_04,panelist,low,NA,4.4,1,0,1,0,0,0,4.4
35,1,05,35_05,panelist,med,NA,4.4,1,0,0,0,0,0,4.4
35,1,06,35_06,panelist,none,NA,4.4,1,0,0,1,1,-0.2,4.2
35,1,07,35_07,reviewer,med,4.4,4.4,0,0,0,0,0,0,4.4
35,1,08,35_08,panelist,none,NA,4.4,1,0,0,1,1,-0.3,4.1
35,1,09,35_09,panelist,low,NA,4.4,1,0,1,0,1,0.1,4.5
35,1,10,35_10,panelist,none,NA,4.4,1,0,0,1,1,0.3,4.7
35,1,11,35_11,panelist,none,NA,4.4,1,0,0,1,0,0,4.4
35,1,12,35_12,panelist,none,NA,4.4,1,0,0,1,1,0.1,4.5
35,1,13,35_13,panelist,none,NA,4.4,1,0,0,1,1,0.3,4.7
35,1,14,35_14,panelist,high,NA,4.4,1,1,0,0,0,0,4.4
35,1,15,35_15,reviewer,low,4.4,4.4,0,0,1,0,0,0,4.4
35,1,16,35_16,panelist,none,NA,4.4,1,0,0,1,1,0.1,4.5
35,1,17,35_17,panelist,low,NA,4.4,1,0,1,0,0,0,4.4
35,1,18,35_18,panelist,med,NA,4.4,1,0,0,0,0,0,4.4
35,1,19,35_19,panelist,none,NA,4.4,1,0,0,1,0,0,4.4
35,1,20,35_20,panelist,none,NA,4.4,1,0,0,1,1,0.2,4.6
35,1,21,35_21,panelist,none,NA,4.4,1,0,0,1,1,-0.3,4.1
35,1,22,35_22,panelist,med,NA,4.4,1,0,0,0,1,-0.1,4.3
35,1,23,35_23,panelist,low,NA,4.4,1,0,1,0,0,0,4.4
35,1,24,35_24,reviewer,med,4.4,4.4,0,0,0,0,0,0,4.4
35,2,01,35_01,panelist,none,NA,3.7,1,0,0,1,1,-0.3,3.4
35,2,02,35_02,panelist,none,NA,3.7,1,0,0,1,0,0,3.7
35,2,03,35_03,panelist,high,NA,3.7,1,1,0,0,0,0,3.7
35,2,04,35_04,panelist,med,NA,3.7,1,0,0,0,0,0,3.7
35,2,05,35_05,reviewer,low,3.7,3.7,0,0,1,0,0,0,3.7
35,2,06,35_06,panelist,none,NA,3.7,1,0,0,1,0,0,3.7
35,2,07,35_07,panelist,none,NA,3.7,1,0,0,1,0,0,3.7
35,2,08,35_08,panelist,low,NA,3.7,1,0,1,0,0,0,3.7
35,2,09,35_09,panelist,none,NA,3.7,1,0,0,1,1,-0.1,3.6
35,2,10,35_10,panelist,none,NA,3.7,1,0,0,1,0,0,3.7
35,2,11,35_11,panelist,med,NA,3.7,1,0,0,0,0,0,3.7
35,2,12,35_12,panelist,high,NA,3.7,1,1,0,0,0,0,3.7
35,2,13,35_13,panelist,low,NA,3.7,1,0,1,0,0,0,3.7
35,2,14,35_14,panelist,low,NA,3.7,1,0,1,0,0,0,3.7
35,2,15,35_15,panelist,low,NA,3.7,1,0,1,0,1,0.1,3.8
35,2,16,35_16,reviewer,none,3.5,3.7,0,0,0,1,0,0,3.7
35,2,17,35_17,panelist,low,NA,3.7,1,0,1,0,1,-0.1,3.6
35,2,18,35_18,panelist,none,NA,3.7,1,0,0,1,1,0.2,3.9
35,2,19,35_19,reviewer,low,3.8,3.7,0,0,1,0,1,0.2,3.9
35,2,20,35_20,panelist,none,NA,3.7,1,0,0,1,1,0.3,4
35,2,21,35_21,panelist,med,NA,3.7,1,0,0,0,1,0.1,3.8
35,2,22,35_22,panelist,none,NA,3.7,1,0,0,1,1,-0.2,3.5
35,2,23,35_23,panelist,med,NA,3.7,1,0,0,0,1,-0.2,3.5
35,2,24,35_24,panelist,med,NA,3.7,1,0,0,0,0,0,3.7
35,3,01,35_01,panelist,none,NA,4.2,1,0,0,1,0,0,4.2
35,3,02,35_02,reviewer,low,4.4,4.2,0,0,1,0,0,0,4.2
35,3,03,35_03,panelist,low,NA,4.2,1,0,1,0,0,0,4.2
35,3,04,35_04,panelist,none,NA,4.2,1,0,0,1,0,0,4.2
35,3,05,35_05,panelist,none,NA,4.2,1,0,0,1,1,0.1,4.3
35,3,06,35_06,panelist,med,NA,4.2,1,0,0,0,1,-0.2,4
35,3,07,35_07,panelist,high,NA,4.2,1,1,0,0,0,0,4.2
35,3,08,35_08,panelist,high,NA,4.2,1,1,0,0,1,0.1,4.3
35,3,09,35_09,reviewer,low,3.9,4.2,0,0,1,0,0,0,4.2
35,3,10,35_10,panelist,low,NA,4.2,1,0,1,0,0,0,4.2
35,3,11,35_11,panelist,none,NA,4.2,1,0,0,1,0,0,4.2
35,3,12,35_12,panelist,none,NA,4.2,1,0,0,1,1,-0.1,4.1
35,3,13,35_13,panelist,med,NA,4.2,1,0,0,0,0,0,4.2
35,3,14,35_14,panelist,none,NA,4.2,1,0,0,1,0,0,4.2
35,3,15,35_15,panelist,med,NA,4.2,1,0,0,0,1,-0.1,4.1
35,3,16,35_16,panelist,med,NA,4.2,1,0,0,0,0,0,4.2
35,3,17,35_17,panelist,none,NA,4.2,1,0,0,1,1,-0.1,4.1
35,3,18,35_18,panelist,none,NA,4.2,1,0,0,1,1,0.1,4.3
35,3,19,35_19,panelist,low,NA,4.2,1,0,1,0,0,0,4.2
35,3,20,35_20,panelist,none,NA,4.2,1,0,0,1,0,0,4.2
35,3,21,35_21,panelist,none,NA,4.2,1,0,0,1,0,0,4.2
35,3,22,35_22,panelist,low,NA,4.2,1,0,1,0,0,0,4.2
35,3,23,35_23,panelist,low,NA,4.2,1,0,1,0,0,0,4.2
35,3,24,35_24,reviewer,med,4.4,4.2,0,0,0,0,0,0,4.2
35,4,01,35_01,panelist,none,NA,4,1,0,0,1,0,0,4
35,4,02,35_02,panelist,none,NA,4,1,0,0,1,0,0,4
35,4,03,35_03,panelist,none,NA,4,1,0,0,1,0,0,4
35,4,04,35_04,panelist,med,NA,4,1,0,0,0,1,-0.1,3.9
35,4,05,35_05,panelist,none,NA,4,1,0,0,1,1,0.1,4.1
35,4,06,35_06,panelist,med,NA,4,1,0,0,0,0,0,4
35,4,07,35_07,panelist,low,NA,4,1,0,1,0,1,-0.1,3.9
35,4,08,35_08,panelist,low,NA,4,1,0,1,0,1,-0.4,3.6
35,4,09,35_09,panelist,low,NA,4,1,0,1,0,1,-0.1,3.9
35,4,10,35_10,panelist,none,NA,4,1,0,0,1,0,0,4
35,4,11,35_11,reviewer,low,4.1,4,0,0,1,0,1,0.1,4.1
35,4,12,35_12,reviewer,none,4.1,4,0,0,0,1,0,0,4
35,4,13,35_13,panelist,low,NA,4,1,0,1,0,1,0.2,4.2
35,4,14,35_14,panelist,low,NA,4,1,0,1,0,1,-0.3,3.7
35,4,15,35_15,panelist,med,NA,4,1,0,0,0,0,0,4
35,4,16,35_16,reviewer,med,3.8,4,0,0,0,0,1,0.1,4.1
35,4,17,35_17,panelist,none,NA,4,1,0,0,1,1,-0.3,3.7
35,4,18,35_18,panelist,none,NA,4,1,0,0,1,1,0.3,4.3
35,4,19,35_19,panelist,high,NA,4,1,1,0,0,0,0,4
35,4,20,35_20,panelist,none,NA,4,1,0,0,1,1,0.2,4.2
35,4,21,35_21,panelist,none,NA,4,1,0,0,1,0,0,4
35,4,22,35_22,panelist,med,NA,4,1,0,0,0,0,0,4
35,4,23,35_23,panelist,high,NA,4,1,1,0,0,0,0,4
35,4,24,35_24,panelist,low,NA,4,1,0,1,0,0,0,4
35,5,01,35_01,panelist,high,NA,4.2,1,1,0,0,1,0.1,4.3
35,5,02,35_02,panelist,low,NA,4.2,1,0,1,0,1,0.2,4.4
35,5,03,35_03,panelist,med,NA,4.2,1,0,0,0,1,-0.1,4.1
35,5,04,35_04,panelist,none,NA,4.2,1,0,0,1,1,-0.1,4.1
35,5,05,35_05,reviewer,none,3.8,4.2,0,0,0,1,0,0,4.2
35,5,06,35_06,panelist,none,NA,4.2,1,0,0,1,1,0.2,4.4
35,5,07,35_07,panelist,low,NA,4.2,1,0,1,0,0,0,4.2
35,5,08,35_08,panelist,med,NA,4.2,1,0,0,0,1,-0.2,4
35,5,09,35_09,panelist,med,NA,4.2,1,0,0,0,0,0,4.2
35,5,10,35_10,reviewer,none,4.4,4.2,0,0,0,1,0,0,4.2
35,5,11,35_11,panelist,low,NA,4.2,1,0,1,0,0,0,4.2
35,5,12,35_12,panelist,med,NA,4.2,1,0,0,0,1,-0.1,4.1
35,5,13,35_13,panelist,none,NA,4.2,1,0,0,1,0,0,4.2
35,5,14,35_14,panelist,none,NA,4.2,1,0,0,1,1,-0.1,4.1
35,5,15,35_15,panelist,none,NA,4.2,1,0,0,1,0,0,4.2
35,5,16,35_16,panelist,none,NA,4.2,1,0,0,1,1,-0.1,4.1
35,5,17,35_17,panelist,none,NA,4.2,1,0,0,1,0,0,4.2
35,5,18,35_18,panelist,med,NA,4.2,1,0,0,0,0,0,4.2
35,5,19,35_19,panelist,low,NA,4.2,1,0,1,0,0,0,4.2
35,5,20,35_20,panelist,high,NA,4.2,1,1,0,0,0,0,4.2
35,5,21,35_21,panelist,low,NA,4.2,1,0,1,0,0,0,4.2
35,5,22,35_22,panelist,low,NA,4.2,1,0,1,0,1,0.2,4.4
35,5,23,35_23,reviewer,none,4.4,4.2,0,0,0,1,0,0,4.2
35,5,24,35_24,panelist,low,NA,4.2,1,0,1,0,1,-0.1,4.1
35,10,01,35_01,panelist,low,NA,3.8,1,0,1,0,1,0.1,3.9
35,10,02,35_02,panelist,med,NA,3.8,1,0,0,0,1,0.1,3.9
35,10,03,35_03,panelist,none,NA,3.8,1,0,0,1,0,0,3.8
35,10,04,35_04,panelist,none,NA,3.8,1,0,0,1,1,-0.3,3.5
35,10,05,35_05,panelist,none,NA,3.8,1,0,0,1,0,0,3.8
35,10,06,35_06,panelist,low,NA,3.8,1,0,1,0,1,-0.2,3.6
35,10,07,35_07,reviewer,none,3.8,3.8,0,0,0,1,0,0,3.8
35,10,08,35_08,panelist,none,NA,3.8,1,0,0,1,0,0,3.8
35,10,09,35_09,panelist,med,NA,3.8,1,0,0,0,1,0.2,4
35,10,10,35_10,reviewer,high,3.6,3.8,0,1,0,0,0,0,3.8
35,10,11,35_11,panelist,low,NA,3.8,1,0,1,0,1,0.1,3.9
35,10,12,35_12,panelist,none,NA,3.8,1,0,0,1,1,-0.2,3.6
35,10,13,35_13,panelist,low,NA,3.8,1,0,1,0,0,0,3.8
35,10,14,35_14,panelist,none,NA,3.8,1,0,0,1,0,0,3.8
35,10,15,35_15,panelist,low,NA,3.8,1,0,1,0,0,0,3.8
35,10,16,35_16,panelist,high,NA,3.8,1,1,0,0,0,0,3.8
35,10,17,35_17,panelist,low,NA,3.8,1,0,1,0,1,-0.3,3.5
35,10,18,35_18,panelist,none,NA,3.8,1,0,0,1,1,0.3,4.1
35,10,19,35_19,panelist,none,NA,3.8,1,0,0,1,0,0,3.8
35,10,20,35_20,panelist,med,NA,3.8,1,0,0,0,1,0.4,4.2
35,10,21,35_21,panelist,med,NA,3.8,1,0,0,0,1,-0.1,3.7
35,10,22,35_22,reviewer,low,3.9,3.8,0,0,1,0,0,0,3.8
35,10,23,35_23,panelist,med,NA,3.8,1,0,0,0,1,0.1,3.9
35,10,24,35_24,panelist,none,NA,3.8,1,0,0,1,0,0,3.8
35,11,01,35_01,panelist,none,NA,3.8,1,0,0,1,1,-0.1,3.7
35,11,02,35_02,panelist,low,NA,3.8,1,0,1,0,0,0,3.8
35,11,03,35_03,reviewer,med,3.6,3.8,0,0,0,0,1,0.1,3.9
35,11,04,35_04,panelist,none,NA,3.8,1,0,0,1,0,0,3.8
35,11,05,35_05,panelist,none,NA,3.8,1,0,0,1,1,0.2,4
35,11,06,35_06,panelist,low,NA,3.8,1,0,1,0,1,-0.1,3.7
35,11,07,35_07,panelist,none,NA,3.8,1,0,0,1,1,0.1,3.9
35,11,08,35_08,panelist,low,NA,3.8,1,0,1,0,0,0,3.8
35,11,09,35_09,panelist,low,NA,3.8,1,0,1,0,1,0.1,3.9
35,11,10,35_10,panelist,none,NA,3.8,1,0,0,1,1,0.1,3.9
35,11,11,35_11,panelist,med,NA,3.8,1,0,0,0,1,-0.4,3.4
35,11,12,35_12,panelist,med,NA,3.8,1,0,0,0,0,0,3.8
35,11,13,35_13,panelist,high,NA,3.8,1,1,0,0,0,0,3.8
35,11,14,35_14,panelist,low,NA,3.8,1,0,1,0,0,0,3.8
35,11,15,35_15,reviewer,high,4,3.8,0,1,0,0,0,0,3.8
35,11,16,35_16,panelist,low,NA,3.8,1,0,1,0,0,0,3.8
35,11,17,35_17,panelist,low,NA,3.8,1,0,1,0,1,-0.5,3.3
35,11,18,35_18,panelist,none,NA,3.8,1,0,0,1,1,0.4,4.2
35,11,19,35_19,panelist,med,NA,3.8,1,0,0,0,1,0.2,4
35,11,20,35_20,panelist,none,NA,3.8,1,0,0,1,0,0,3.8
35,11,21,35_21,reviewer,none,3.8,3.8,0,0,0,1,0,0,3.8
35,11,22,35_22,panelist,none,NA,3.8,1,0,0,1,0,0,3.8
35,11,23,35_23,panelist,med,NA,3.8,1,0,0,0,0,0,3.8
35,11,24,35_24,panelist,none,NA,3.8,1,0,0,1,1,-0.1,3.7
35,14,01,35_01,panelist,low,NA,3.6,1,0,1,0,1,-0.1,3.5
35,14,02,35_02,panelist,none,NA,3.6,1,0,0,1,0,0,3.6
35,14,03,35_03,reviewer,high,3.4,3.6,0,1,0,0,0,0,3.6
35,14,04,35_04,panelist,none,NA,3.6,1,0,0,1,1,0.2,3.8
35,14,05,35_05,panelist,low,NA,3.6,1,0,1,0,1,-0.1,3.5
35,14,06,35_06,reviewer,low,3.9,3.6,0,0,1,0,0,0,3.6
35,14,07,35_07,panelist,none,NA,3.6,1,0,0,1,1,-0.3,3.3
35,14,08,35_08,panelist,med,NA,3.6,1,0,0,0,1,-0.2,3.4
35,14,09,35_09,panelist,none,NA,3.6,1,0,0,1,1,-0.1,3.5
35,14,10,35_10,panelist,low,NA,3.6,1,0,1,0,0,0,3.6
35,14,11,35_11,panelist,med,NA,3.6,1,0,0,0,0,0,3.6
35,14,12,35_12,panelist,low,NA,3.6,1,0,1,0,0,0,3.6
35,14,13,35_13,panelist,none,NA,3.6,1,0,0,1,0,0,3.6
35,14,14,35_14,panelist,low,NA,3.6,1,0,1,0,1,-0.1,3.5
35,14,15,35_15,panelist,high,NA,3.6,1,1,0,0,1,0.1,3.7
35,14,16,35_16,panelist,med,NA,3.6,1,0,0,0,0,0,3.6
35,14,17,35_17,panelist,none,NA,3.6,1,0,0,1,1,-0.3,3.3
35,14,18,35_18,panelist,none,NA,3.6,1,0,0,1,1,0.3,3.9
35,14,19,35_19,reviewer,none,3.4,3.6,0,0,0,1,0,0,3.6
35,14,20,35_20,panelist,none,NA,3.6,1,0,0,1,1,0.3,3.9
35,14,21,35_21,panelist,med,NA,3.6,1,0,0,0,1,-0.2,3.4
35,14,22,35_22,panelist,none,NA,3.6,1,0,0,1,0,0,3.6
35,14,23,35_23,panelist,low,NA,3.6,1,0,1,0,1,-0.2,3.4
35,14,24,35_24,panelist,med,NA,3.6,1,0,0,0,0,0,3.6
35,15,01,35_01,panelist,low,NA,4.5,1,0,1,0,1,0.2,4.7
35,15,02,35_02,panelist,low,NA,4.5,1,0,1,0,1,-0.1,4.4
35,15,03,35_03,reviewer,none,4.4,4.5,0,0,0,1,0,0,4.5
35,15,04,35_04,panelist,none,NA,4.5,1,0,0,1,0,0,4.5
35,15,05,35_05,reviewer,low,4.3,4.5,0,0,1,0,0,0,4.5
35,15,06,35_06,panelist,none,NA,4.5,1,0,0,1,0,0,4.5
35,15,07,35_07,panelist,high,NA,4.5,1,1,0,0,0,0,4.5
35,15,08,35_08,panelist,none,NA,4.5,1,0,0,1,1,-0.1,4.4
35,15,09,35_09,panelist,med,NA,4.5,1,0,0,0,1,0.2,4.7
35,15,10,35_10,panelist,med,NA,4.5,1,0,0,0,0,0,4.5
35,15,11,35_11,panelist,low,NA,4.5,1,0,1,0,0,0,4.5
35,15,12,35_12,panelist,high,NA,4.5,1,1,0,0,1,0.1,4.6
35,15,13,35_13,reviewer,none,4.7,4.5,0,0,0,1,0,0,4.5
35,15,14,35_14,panelist,low,NA,4.5,1,0,1,0,0,0,4.5
35,15,15,35_15,panelist,med,NA,4.5,1,0,0,0,0,0,4.5
35,15,16,35_16,panelist,low,NA,4.5,1,0,1,0,1,-0.1,4.4
35,15,17,35_17,panelist,none,NA,4.5,1,0,0,1,0,0,4.5
35,15,18,35_18,panelist,none,NA,4.5,1,0,0,1,1,0.2,4.7
35,15,19,35_19,panelist,none,NA,4.5,1,0,0,1,0,0,4.5
35,15,20,35_20,panelist,low,NA,4.5,1,0,1,0,1,0.1,4.6
35,15,21,35_21,panelist,none,NA,4.5,1,0,0,1,1,-0.1,4.4
35,15,22,35_22,panelist,none,NA,4.5,1,0,0,1,1,0.1,4.6
35,15,23,35_23,panelist,med,NA,4.5,1,0,0,0,0,0,4.5
35,15,24,35_24,panelist,med,NA,4.5,1,0,0,0,0,0,4.5
35,18,01,35_01,panelist,high,NA,4,1,1,0,0,1,-0.1,3.9
35,18,02,35_02,panelist,low,NA,4,1,0,1,0,1,-0.1,3.9
35,18,03,35_03,reviewer,high,4,4,0,1,0,0,1,0.2,4.2
35,18,04,35_04,panelist,none,NA,4,1,0,0,1,1,0.1,4.1
35,18,05,35_05,panelist,med,NA,4,1,0,0,0,1,0.3,4.3
35,18,06,35_06,panelist,none,NA,4,1,0,0,1,0,0,4
35,18,07,35_07,panelist,none,NA,4,1,0,0,1,0,0,4
35,18,08,35_08,panelist,med,NA,4,1,0,0,0,0,0,4
35,18,09,35_09,panelist,med,NA,4,1,0,0,0,1,-0.1,3.9
35,18,10,35_10,reviewer,low,4,4,0,0,1,0,0,0,4
35,18,11,35_11,reviewer,none,4.1,4,0,0,0,1,0,0,4
35,18,12,35_12,panelist,none,NA,4,1,0,0,1,1,-0.1,3.9
35,18,13,35_13,panelist,low,NA,4,1,0,1,0,0,0,4
35,18,14,35_14,panelist,med,NA,4,1,0,0,0,0,0,4
35,18,15,35_15,panelist,none,NA,4,1,0,0,1,0,0,4
35,18,16,35_16,panelist,none,NA,4,1,0,0,1,0,0,4
35,18,17,35_17,panelist,med,NA,4,1,0,0,0,0,0,4
35,18,18,35_18,panelist,none,NA,4,1,0,0,1,0,0,4
35,18,19,35_19,panelist,low,NA,4,1,0,1,0,0,0,4
35,18,20,35_20,panelist,none,NA,4,1,0,0,1,1,0.3,4.3
35,18,21,35_21,panelist,low,NA,4,1,0,1,0,1,-0.3,3.7
35,18,22,35_22,panelist,low,NA,4,1,0,1,0,1,-0.2,3.8
35,18,23,35_23,panelist,low,NA,4,1,0,1,0,0,0,4
35,18,24,35_24,panelist,none,NA,4,1,0,0,1,0,0,4
35,20,01,35_01,panelist,low,NA,4,1,0,1,0,1,0.2,4.2
35,20,02,35_02,panelist,none,NA,4,1,0,0,1,0,0,4
35,20,03,35_03,panelist,high,NA,4,1,1,0,0,0,0,4
35,20,04,35_04,panelist,none,NA,4,1,0,0,1,0,0,4
35,20,05,35_05,reviewer,med,4.1,4,0,0,0,0,1,0.3,4.3
35,20,06,35_06,reviewer,none,4.1,4,0,0,0,1,0,0,4
35,20,07,35_07,panelist,med,NA,4,1,0,0,0,0,0,4
35,20,08,35_08,panelist,low,NA,4,1,0,1,0,0,0,4
35,20,09,35_09,panelist,low,NA,4,1,0,1,0,0,0,4
35,20,10,35_10,panelist,none,NA,4,1,0,0,1,0,0,4
35,20,11,35_11,panelist,none,NA,4,1,0,0,1,1,0.1,4.1
35,20,12,35_12,panelist,none,NA,4,1,0,0,1,0,0,4
35,20,13,35_13,panelist,low,NA,4,1,0,1,0,0,0,4
35,20,14,35_14,panelist,low,NA,4,1,0,1,0,1,-0.2,3.8
35,20,15,35_15,panelist,med,NA,4,1,0,0,0,0,0,4
35,20,16,35_16,reviewer,med,3.9,4,0,0,0,0,1,-0.1,3.9
35,20,17,35_17,panelist,none,NA,4,1,0,0,1,1,-0.2,3.8
35,20,18,35_18,panelist,none,NA,4,1,0,0,1,1,0.2,4.2
35,20,19,35_19,panelist,none,NA,4,1,0,0,1,0,0,4
35,20,20,35_20,panelist,high,NA,4,1,1,0,0,0,0,4
35,20,21,35_21,panelist,none,NA,4,1,0,0,1,0,0,4
35,20,22,35_22,panelist,med,NA,4,1,0,0,0,1,0.1,4.1
35,20,23,35_23,panelist,low,NA,4,1,0,1,0,0,0,4
35,20,24,35_24,panelist,low,NA,4,1,0,1,0,1,0.3,4.3
35,24,01,35_01,panelist,med,NA,4.3,1,0,0,0,0,0,4.3
35,24,02,35_02,panelist,med,NA,4.3,1,0,0,0,0,0,4.3
35,24,03,35_03,panelist,none,NA,4.3,1,0,0,1,1,0.1,4.4
35,24,04,35_04,panelist,low,NA,4.3,1,0,1,0,1,-0.3,4
35,24,05,35_05,panelist,none,NA,4.3,1,0,0,1,0,0,4.3
35,24,06,35_06,panelist,low,NA,4.3,1,0,1,0,1,-0.1,4.2
35,24,07,35_07,panelist,high,NA,4.3,1,1,0,0,1,0.1,4.4
35,24,08,35_08,panelist,med,NA,4.3,1,0,0,0,0,0,4.3
35,24,09,35_09,panelist,none,NA,4.3,1,0,0,1,1,0.2,4.5
35,24,10,35_10,panelist,high,NA,4.3,1,1,0,0,0,0,4.3
35,24,11,35_11,panelist,med,NA,4.3,1,0,0,0,0,0,4.3
35,24,12,35_12,panelist,low,NA,4.3,1,0,1,0,0,0,4.3
35,24,13,35_13,panelist,low,NA,4.3,1,0,1,0,1,-0.1,4.2
35,24,14,35_14,panelist,none,NA,4.3,1,0,0,1,0,0,4.3
35,24,15,35_15,panelist,none,NA,4.3,1,0,0,1,1,-0.2,4.1
35,24,16,35_16,reviewer,none,4.5,4.3,0,0,0,1,1,0.2,4.5
35,24,17,35_17,panelist,none,NA,4.3,1,0,0,1,0,0,4.3
35,24,18,35_18,panelist,none,NA,4.3,1,0,0,1,0,0,4.3
35,24,19,35_19,panelist,low,NA,4.3,1,0,1,0,1,0.2,4.5
35,24,20,35_20,panelist,low,NA,4.3,1,0,1,0,0,0,4.3
35,24,21,35_21,reviewer,none,4.4,4.3,0,0,0,1,1,0.1,4.4
35,24,22,35_22,reviewer,none,4,4.3,0,0,0,1,1,-0.1,4.2
35,24,23,35_23,panelist,low,NA,4.3,1,0,1,0,1,-0.1,4.2
35,24,24,35_24,panelist,med,NA,4.3,1,0,0,0,0,0,4.3
35,25,01,35_01,panelist,low,NA,4.5,1,0,1,0,0,0,4.5
35,25,02,35_02,panelist,med,NA,4.5,1,0,0,0,0,0,4.5
35,25,03,35_03,reviewer,low,4.4,4.5,0,0,1,0,0,0,4.5
35,25,04,35_04,panelist,med,NA,4.5,1,0,0,0,1,-0.2,4.3
35,25,05,35_05,panelist,low,NA,4.5,1,0,1,0,0,0,4.5
35,25,06,35_06,panelist,none,NA,4.5,1,0,0,1,1,-0.2,4.3
35,25,07,35_07,panelist,low,NA,4.5,1,0,1,0,1,-0.1,4.4
35,25,08,35_08,panelist,high,NA,4.5,1,1,0,0,0,0,4.5
35,25,09,35_09,panelist,none,NA,4.5,1,0,0,1,1,0.2,4.7
35,25,10,35_10,panelist,none,NA,4.5,1,0,0,1,1,-0.1,4.4
35,25,11,35_11,panelist,none,NA,4.5,1,0,0,1,0,0,4.5
35,25,12,35_12,panelist,med,NA,4.5,1,0,0,0,0,0,4.5
35,25,13,35_13,panelist,high,NA,4.5,1,1,0,0,1,0.2,4.7
35,25,14,35_14,panelist,none,NA,4.5,1,0,0,1,0,0,4.5
35,25,15,35_15,panelist,none,NA,4.5,1,0,0,1,1,-0.3,4.2
35,25,16,35_16,reviewer,med,4.6,4.5,0,0,0,0,0,0,4.5
35,25,17,35_17,panelist,none,NA,4.5,1,0,0,1,0,0,4.5
35,25,18,35_18,panelist,low,NA,4.5,1,0,1,0,0,0,4.5
35,25,19,35_19,panelist,none,NA,4.5,1,0,0,1,1,0.3,4.8
35,25,20,35_20,panelist,low,NA,4.5,1,0,1,0,0,0,4.5
35,25,21,35_21,reviewer,none,4.4,4.5,0,0,0,1,0,0,4.5
35,25,22,35_22,panelist,none,NA,4.5,1,0,0,1,0,0,4.5
35,25,23,35_23,panelist,low,NA,4.5,1,0,1,0,0,0,4.5
35,25,24,35_24,panelist,med,NA,4.5,1,0,0,0,1,0.2,4.7
35,26,01,35_01,panelist,low,NA,3.6,1,0,1,0,0,0,3.6
35,26,02,35_02,panelist,med,NA,3.6,1,0,0,0,1,0.1,3.7
35,26,03,35_03,panelist,none,NA,3.6,1,0,0,1,1,0.2,3.8
35,26,04,35_04,panelist,med,NA,3.6,1,0,0,0,0,0,3.6
35,26,05,35_05,panelist,med,NA,3.6,1,0,0,0,0,0,3.6
35,26,06,35_06,reviewer,low,3.8,3.6,0,0,1,0,1,-0.2,3.4
35,26,07,35_07,panelist,low,NA,3.6,1,0,1,0,1,-0.1,3.5
35,26,08,35_08,reviewer,none,3.6,3.6,0,0,0,1,1,-0.2,3.4
35,26,09,35_09,panelist,none,NA,3.6,1,0,0,1,0,0,3.6
35,26,10,35_10,panelist,low,NA,3.6,1,0,1,0,0,0,3.6
35,26,11,35_11,panelist,med,NA,3.6,1,0,0,0,0,0,3.6
35,26,12,35_12,panelist,high,NA,3.6,1,1,0,0,0,0,3.6
35,26,13,35_13,panelist,none,NA,3.6,1,0,0,1,1,0.2,3.8
35,26,14,35_14,panelist,low,NA,3.6,1,0,1,0,0,0,3.6
35,26,15,35_15,panelist,none,NA,3.6,1,0,0,1,1,0.1,3.7
35,26,16,35_16,panelist,none,NA,3.6,1,0,0,1,0,0,3.6
35,26,17,35_17,panelist,high,NA,3.6,1,1,0,0,1,-0.1,3.5
35,26,18,35_18,reviewer,none,3.3,3.6,0,0,0,1,0,0,3.6
35,26,19,35_19,panelist,low,NA,3.6,1,0,1,0,0,0,3.6
35,26,20,35_20,panelist,med,NA,3.6,1,0,0,0,0,0,3.6
35,26,21,35_21,panelist,low,NA,3.6,1,0,1,0,0,0,3.6
35,26,22,35_22,panelist,none,NA,3.6,1,0,0,1,0,0,3.6
35,26,23,35_23,panelist,none,NA,3.6,1,0,0,1,1,0.3,3.9
35,26,24,35_24,panelist,none,NA,3.6,1,0,0,1,1,0.1,3.7
35,29,01,35_01,panelist,none,NA,4.1,1,0,0,1,1,0.4,4.5
35,29,02,35_02,panelist,none,NA,4.1,1,0,0,1,0,0,4.1
35,29,03,35_03,panelist,low,NA,4.1,1,0,1,0,1,0.2,4.3
35,29,04,35_04,panelist,low,NA,4.1,1,0,1,0,1,0.1,4.2
35,29,05,35_05,panelist,med,NA,4.1,1,0,0,0,0,0,4.1
35,29,06,35_06,panelist,med,NA,4.1,1,0,0,0,0,0,4.1
35,29,07,35_07,panelist,none,NA,4.1,1,0,0,1,1,0.2,4.3
35,29,08,35_08,panelist,high,NA,4.1,1,1,0,0,0,0,4.1
35,29,09,35_09,panelist,none,NA,4.1,1,0,0,1,1,-0.1,4
35,29,10,35_10,reviewer,low,4.3,4.1,0,0,1,0,0,0,4.1
35,29,11,35_11,panelist,none,NA,4.1,1,0,0,1,0,0,4.1
35,29,12,35_12,panelist,low,NA,4.1,1,0,1,0,1,0.1,4.2
35,29,13,35_13,panelist,low,NA,4.1,1,0,1,0,1,0.4,4.5
35,29,14,35_14,panelist,low,NA,4.1,1,0,1,0,0,0,4.1
35,29,15,35_15,panelist,med,NA,4.1,1,0,0,0,1,-0.1,4
35,29,16,35_16,panelist,none,NA,4.1,1,0,0,1,0,0,4.1
35,29,17,35_17,reviewer,none,4.1,4.1,0,0,0,1,0,0,4.1
35,29,18,35_18,panelist,med,NA,4.1,1,0,0,0,1,-0.1,4
35,29,19,35_19,panelist,high,NA,4.1,1,1,0,0,0,0,4.1
35,29,20,35_20,panelist,none,NA,4.1,1,0,0,1,1,0.1,4.2
35,29,21,35_21,panelist,med,NA,4.1,1,0,0,0,0,0,4.1
35,29,22,35_22,panelist,low,NA,4.1,1,0,1,0,0,0,4.1
35,29,23,35_23,panelist,none,NA,4.1,1,0,0,1,1,0.1,4.2
35,29,24,35_24,reviewer,none,3.9,4.1,0,0,0,1,0,0,4.1
36,1,01,36_01,panelist,med,NA,3.6,1,0,0,0,1,0.1,3.7
36,1,02,36_02,panelist,low,NA,3.6,1,0,1,0,0,0,3.6
36,1,03,36_03,panelist,none,NA,3.6,1,0,0,1,0,0,3.6
36,1,04,36_04,panelist,none,NA,3.6,1,0,0,1,0,0,3.6
36,1,05,36_05,panelist,med,NA,3.6,1,0,0,0,0,0,3.6
36,1,06,36_06,panelist,none,NA,3.6,1,0,0,1,0,0,3.6
36,1,07,36_07,panelist,low,NA,3.6,1,0,1,0,0,0,3.6
36,1,08,36_08,panelist,none,NA,3.6,1,0,0,1,0,0,3.6
36,1,09,36_09,panelist,high,NA,3.6,1,1,0,0,0,0,3.6
36,1,10,36_10,panelist,med,NA,3.6,1,0,0,0,0,0,3.6
36,1,11,36_11,panelist,none,NA,3.6,1,0,0,1,0,0,3.6
36,1,12,36_12,panelist,high,NA,3.6,1,1,0,0,1,-0.1,3.5
36,1,13,36_13,panelist,none,NA,3.6,1,0,0,1,0,0,3.6
36,1,14,36_14,reviewer,none,3.5,3.6,0,0,0,1,0,0,3.6
36,1,15,36_15,panelist,med,NA,3.6,1,0,0,0,0,0,3.6
36,1,16,36_16,panelist,none,NA,3.6,1,0,0,1,1,0.1,3.7
36,1,17,36_17,panelist,none,NA,3.6,1,0,0,1,1,-0.1,3.5
36,1,18,36_18,panelist,low,NA,3.6,1,0,1,0,0,0,3.6
36,1,19,36_19,reviewer,low,3.8,3.6,0,0,1,0,0,0,3.6
36,1,20,36_20,panelist,low,NA,3.6,1,0,1,0,0,0,3.6
36,1,21,36_21,panelist,low,NA,3.6,1,0,1,0,0,0,3.6
36,1,22,36_22,panelist,none,NA,3.6,1,0,0,1,1,-0.2,3.4
36,1,23,36_23,panelist,low,NA,3.6,1,0,1,0,1,0.1,3.7
36,1,24,36_24,reviewer,med,3.4,3.6,0,0,0,0,0,0,3.6
36,2,01,36_01,panelist,none,NA,4,1,0,0,1,1,0.3,4.3
36,2,02,36_02,panelist,high,NA,4,1,1,0,0,0,0,4
36,2,03,36_03,panelist,none,NA,4,1,0,0,1,0,0,4
36,2,04,36_04,panelist,none,NA,4,1,0,0,1,0,0,4
36,2,05,36_05,panelist,low,NA,4,1,0,1,0,1,0.1,4.1
36,2,06,36_06,reviewer,none,4.2,4,0,0,0,1,0,0,4
36,2,07,36_07,panelist,low,NA,4,1,0,1,0,0,0,4
36,2,08,36_08,panelist,med,NA,4,1,0,0,0,0,0,4
36,2,09,36_09,reviewer,med,3.9,4,0,0,0,0,1,0.1,4.1
36,2,10,36_10,panelist,none,NA,4,1,0,0,1,0,0,4
36,2,11,36_11,panelist,none,NA,4,1,0,0,1,1,-0.3,3.7
36,2,12,36_12,panelist,med,NA,4,1,0,0,0,0,0,4
36,2,13,36_13,reviewer,med,4,4,0,0,0,0,0,0,4
36,2,14,36_14,panelist,low,NA,4,1,0,1,0,0,0,4
36,2,15,36_15,panelist,none,NA,4,1,0,0,1,1,0.3,4.3
36,2,16,36_16,panelist,high,NA,4,1,1,0,0,0,0,4
36,2,17,36_17,panelist,med,NA,4,1,0,0,0,0,0,4
36,2,18,36_18,panelist,low,NA,4,1,0,1,0,1,0.1,4.1
36,2,19,36_19,panelist,none,NA,4,1,0,0,1,1,-0.1,3.9
36,2,20,36_20,panelist,low,NA,4,1,0,1,0,0,0,4
36,2,21,36_21,panelist,none,NA,4,1,0,0,1,1,-0.1,3.9
36,2,22,36_22,panelist,low,NA,4,1,0,1,0,0,0,4
36,2,23,36_23,panelist,low,NA,4,1,0,1,0,0,0,4
36,2,24,36_24,panelist,none,NA,4,1,0,0,1,1,-0.3,3.7
36,3,01,36_01,panelist,med,NA,4.3,1,0,0,0,1,0.1,4.4
36,3,02,36_02,panelist,low,NA,4.3,1,0,1,0,0,0,4.3
36,3,03,36_03,panelist,none,NA,4.3,1,0,0,1,0,0,4.3
36,3,04,36_04,panelist,low,NA,4.3,1,0,1,0,0,0,4.3
36,3,05,36_05,panelist,none,NA,4.3,1,0,0,1,0,0,4.3
36,3,06,36_06,panelist,med,NA,4.3,1,0,0,0,0,0,4.3
36,3,07,36_07,panelist,none,NA,4.3,1,0,0,1,0,0,4.3
36,3,08,36_08,panelist,med,NA,4.3,1,0,0,0,1,-0.1,4.2
36,3,09,36_09,panelist,med,NA,4.3,1,0,0,0,1,-0.1,4.2
36,3,10,36_10,panelist,none,NA,4.3,1,0,0,1,1,0.3,4.6
36,3,11,36_11,panelist,high,NA,4.3,1,1,0,0,0,0,4.3
36,3,12,36_12,panelist,none,NA,4.3,1,0,0,1,1,-0.1,4.2
36,3,13,36_13,panelist,low,NA,4.3,1,0,1,0,0,0,4.3
36,3,14,36_14,panelist,none,NA,4.3,1,0,0,1,1,-0.1,4.2
36,3,15,36_15,panelist,low,NA,4.3,1,0,1,0,1,0.1,4.4
36,3,16,36_16,panelist,low,NA,4.3,1,0,1,0,1,0.2,4.5
36,3,17,36_17,reviewer,none,4.3,4.3,0,0,0,1,0,0,4.3
36,3,18,36_18,panelist,none,NA,4.3,1,0,0,1,1,0.2,4.5
36,3,19,36_19,panelist,low,NA,4.3,1,0,1,0,1,-0.3,4
36,3,20,36_20,panelist,none,NA,4.3,1,0,0,1,1,-0.4,3.9
36,3,21,36_21,reviewer,none,3.8,4.3,0,0,0,1,1,0.1,4.4
36,3,22,36_22,reviewer,low,4.7,4.3,0,0,1,0,1,-0.2,4.1
36,3,23,36_23,panelist,med,NA,4.3,1,0,0,0,0,0,4.3
36,3,24,36_24,panelist,high,NA,4.3,1,1,0,0,0,0,4.3
36,5,01,36_01,panelist,med,NA,4.4,1,0,0,0,0,0,4.4
36,5,02,36_02,reviewer,none,4.6,4.4,0,0,0,1,0,0,4.4
36,5,03,36_03,panelist,med,NA,4.4,1,0,0,0,0,0,4.4
36,5,04,36_04,panelist,none,NA,4.4,1,0,0,1,0,0,4.4
36,5,05,36_05,panelist,low,NA,4.4,1,0,1,0,0,0,4.4
36,5,06,36_06,panelist,low,NA,4.4,1,0,1,0,1,0.1,4.5
36,5,07,36_07,panelist,none,NA,4.4,1,0,0,1,1,0.4,4.8
36,5,08,36_08,panelist,high,NA,4.4,1,1,0,0,0,0,4.4
36,5,09,36_09,reviewer,med,4.3,4.4,0,0,0,0,0,0,4.4
36,5,10,36_10,panelist,none,NA,4.4,1,0,0,1,0,0,4.4
36,5,11,36_11,reviewer,none,4.3,4.4,0,0,0,1,1,-0.1,4.3
36,5,12,36_12,panelist,none,NA,4.4,1,0,0,1,0,0,4.4
36,5,13,36_13,panelist,low,NA,4.4,1,0,1,0,0,0,4.4
36,5,14,36_14,panelist,low,NA,4.4,1,0,1,0,1,0.1,4.5
36,5,15,36_15,panelist,high,NA,4.4,1,1,0,0,0,0,4.4
36,5,16,36_16,panelist,low,NA,4.4,1,0,1,0,1,-0.1,4.3
36,5,17,36_17,panelist,none,NA,4.4,1,0,0,1,0,0,4.4
36,5,18,36_18,panelist,none,NA,4.4,1,0,0,1,0,0,4.4
36,5,19,36_19,panelist,med,NA,4.4,1,0,0,0,0,0,4.4
36,5,20,36_20,panelist,low,NA,4.4,1,0,1,0,0,0,4.4
36,5,21,36_21,panelist,low,NA,4.4,1,0,1,0,0,0,4.4
36,5,22,36_22,panelist,none,NA,4.4,1,0,0,1,0,0,4.4
36,5,23,36_23,panelist,none,NA,4.4,1,0,0,1,0,0,4.4
36,5,24,36_24,panelist,med,NA,4.4,1,0,0,0,0,0,4.4
36,6,01,36_01,panelist,med,NA,3.7,1,0,0,0,0,0,3.7
36,6,02,36_02,panelist,med,NA,3.7,1,0,0,0,0,0,3.7
36,6,03,36_03,panelist,high,NA,3.7,1,1,0,0,1,0.1,3.8
36,6,04,36_04,panelist,none,NA,3.7,1,0,0,1,0,0,3.7
36,6,05,36_05,panelist,med,NA,3.7,1,0,0,0,1,0.1,3.8
36,6,06,36_06,panelist,none,NA,3.7,1,0,0,1,0,0,3.7
36,6,07,36_07,panelist,none,NA,3.7,1,0,0,1,0,0,3.7
36,6,08,36_08,panelist,low,NA,3.7,1,0,1,0,1,0.1,3.8
36,6,09,36_09,panelist,none,NA,3.7,1,0,0,1,0,0,3.7
36,6,10,36_10,panelist,low,NA,3.7,1,0,1,0,0,0,3.7
36,6,11,36_11,panelist,low,NA,3.7,1,0,1,0,0,0,3.7
36,6,12,36_12,panelist,none,NA,3.7,1,0,0,1,0,0,3.7
36,6,13,36_13,reviewer,med,3.8,3.7,0,0,0,0,0,0,3.7
36,6,14,36_14,panelist,none,NA,3.7,1,0,0,1,1,0.2,3.9
36,6,15,36_15,panelist,low,NA,3.7,1,0,1,0,0,0,3.7
36,6,16,36_16,panelist,none,NA,3.7,1,0,0,1,0,0,3.7
36,6,17,36_17,panelist,med,NA,3.7,1,0,0,0,0,0,3.7
36,6,18,36_18,panelist,low,NA,3.7,1,0,1,0,1,0.4,4.1
36,6,19,36_19,reviewer,none,3.8,3.7,0,0,0,1,0,0,3.7
36,6,20,36_20,panelist,none,NA,3.7,1,0,0,1,0,0,3.7
36,6,21,36_21,reviewer,none,3.4,3.7,0,0,0,1,0,0,3.7
36,6,22,36_22,panelist,low,NA,3.7,1,0,1,0,1,-0.3,3.4
36,6,23,36_23,panelist,low,NA,3.7,1,0,1,0,1,0.1,3.8
36,6,24,36_24,panelist,high,NA,3.7,1,1,0,0,1,0.1,3.8
36,7,01,36_01,panelist,med,NA,4,1,0,0,0,0,0,4
36,7,02,36_02,reviewer,none,4.1,4,0,0,0,1,0,0,4
36,7,03,36_03,panelist,none,NA,4,1,0,0,1,1,0.1,4.1
36,7,04,36_04,panelist,none,NA,4,1,0,0,1,1,-0.1,3.9
36,7,05,36_05,panelist,low,NA,4,1,0,1,0,0,0,4
36,7,06,36_06,panelist,med,NA,4,1,0,0,0,0,0,4
36,7,07,36_07,panelist,none,NA,4,1,0,0,1,1,0.1,4.1
36,7,08,36_08,panelist,none,NA,4,1,0,0,1,0,0,4
36,7,09,36_09,panelist,none,NA,4,1,0,0,1,1,0.1,4.1
36,7,10,36_10,panelist,low,NA,4,1,0,1,0,0,0,4
36,7,11,36_11,panelist,none,NA,4,1,0,0,1,0,0,4
36,7,12,36_12,panelist,none,NA,4,1,0,0,1,1,-0.2,3.8
36,7,13,36_13,panelist,med,NA,4,1,0,0,0,1,0.1,4.1
36,7,14,36_14,panelist,low,NA,4,1,0,1,0,1,0.1,4.1
36,7,15,36_15,panelist,low,NA,4,1,0,1,0,0,0,4
36,7,16,36_16,panelist,high,NA,4,1,1,0,0,0,0,4
36,7,17,36_17,panelist,low,NA,4,1,0,1,0,1,0.1,4.1
36,7,18,36_18,panelist,med,NA,4,1,0,0,0,0,0,4
36,7,19,36_19,panelist,none,NA,4,1,0,0,1,0,0,4
36,7,20,36_20,panelist,med,NA,4,1,0,0,0,1,-0.2,3.8
36,7,21,36_21,panelist,low,NA,4,1,0,1,0,0,0,4
36,7,22,36_22,panelist,none,NA,4,1,0,0,1,0,0,4
36,7,23,36_23,reviewer,high,3.9,4,0,1,0,0,0,0,4
36,7,24,36_24,reviewer,low,4,4,0,0,1,0,0,0,4
36,9,01,36_01,panelist,med,NA,4.1,1,0,0,0,0,0,4.1
36,9,02,36_02,panelist,none,NA,4.1,1,0,0,1,0,0,4.1
36,9,03,36_03,panelist,low,NA,4.1,1,0,1,0,1,-0.3,3.8
36,9,04,36_04,panelist,med,NA,4.1,1,0,0,0,0,0,4.1
36,9,05,36_05,panelist,med,NA,4.1,1,0,0,0,1,0.1,4.2
36,9,06,36_06,reviewer,none,4.1,4.1,0,0,0,1,0,0,4.1
36,9,07,36_07,panelist,none,NA,4.1,1,0,0,1,0,0,4.1
36,9,08,36_08,panelist,low,NA,4.1,1,0,1,0,1,0.3,4.4
36,9,09,36_09,panelist,low,NA,4.1,1,0,1,0,0,0,4.1
36,9,10,36_10,panelist,none,NA,4.1,1,0,0,1,0,0,4.1
36,9,11,36_11,panelist,none,NA,4.1,1,0,0,1,1,-0.2,3.9
36,9,12,36_12,panelist,med,NA,4.1,1,0,0,0,1,-0.1,4
36,9,13,36_13,reviewer,low,3.6,4.1,0,0,1,0,0,0,4.1
36,9,14,36_14,panelist,low,NA,4.1,1,0,1,0,1,0.1,4.2
36,9,15,36_15,panelist,high,NA,4.1,1,1,0,0,1,0.4,4.5
36,9,16,36_16,panelist,none,NA,4.1,1,0,0,1,1,0.2,4.3
36,9,17,36_17,panelist,low,NA,4.1,1,0,1,0,1,0.3,4.4
36,9,18,36_18,panelist,none,NA,4.1,1,0,0,1,1,-0.1,4
36,9,19,36_19,reviewer,none,4.5,4.1,0,0,0,1,1,-0.2,3.9
36,9,20,36_20,panelist,high,NA,4.1,1,1,0,0,0,0,4.1
36,9,21,36_21,panelist,none,NA,4.1,1,0,0,1,1,0.2,4.3
36,9,22,36_22,panelist,med,NA,4.1,1,0,0,0,1,-0.1,4
36,9,23,36_23,panelist,low,NA,4.1,1,0,1,0,0,0,4.1
36,9,24,36_24,panelist,none,NA,4.1,1,0,0,1,0,0,4.1
36,13,01,36_01,panelist,low,NA,3.6,1,0,1,0,1,0.2,3.8
36,13,02,36_02,panelist,med,NA,3.6,1,0,0,0,1,0.2,3.8
36,13,03,36_03,panelist,none,NA,3.6,1,0,0,1,0,0,3.6
36,13,04,36_04,panelist,none,NA,3.6,1,0,0,1,0,0,3.6
36,13,05,36_05,reviewer,none,3.9,3.6,0,0,0,1,0,0,3.6
36,13,06,36_06,panelist,med,NA,3.6,1,0,0,0,1,-0.1,3.5
36,13,07,36_07,reviewer,none,3.5,3.6,0,0,0,1,1,0.1,3.7
36,13,08,36_08,panelist,low,NA,3.6,1,0,1,0,0,0,3.6
36,13,09,36_09,panelist,low,NA,3.6,1,0,1,0,0,0,3.6
36,13,10,36_10,panelist,low,NA,3.6,1,0,1,0,0,0,3.6
36,13,11,36_11,panelist,none,NA,3.6,1,0,0,1,0,0,3.6
36,13,12,36_12,panelist,none,NA,3.6,1,0,0,1,1,-0.2,3.4
36,13,13,36_13,panelist,med,NA,3.6,1,0,0,0,0,0,3.6
36,13,14,36_14,panelist,high,NA,3.6,1,1,0,0,0,0,3.6
36,13,15,36_15,panelist,low,NA,3.6,1,0,1,0,0,0,3.6
36,13,16,36_16,panelist,none,NA,3.6,1,0,0,1,0,0,3.6
36,13,17,36_17,panelist,none,NA,3.6,1,0,0,1,0,0,3.6
36,13,18,36_18,panelist,med,NA,3.6,1,0,0,0,1,0.2,3.8
36,13,19,36_19,panelist,high,NA,3.6,1,1,0,0,1,-0.2,3.4
36,13,20,36_20,reviewer,med,3.5,3.6,0,0,0,0,0,0,3.6
36,13,21,36_21,panelist,low,NA,3.6,1,0,1,0,0,0,3.6
36,13,22,36_22,panelist,none,NA,3.6,1,0,0,1,0,0,3.6
36,13,23,36_23,panelist,low,NA,3.6,1,0,1,0,1,-0.2,3.4
36,13,24,36_24,panelist,none,NA,3.6,1,0,0,1,0,0,3.6
36,15,01,36_01,reviewer,high,3.7,3.7,0,1,0,0,0,0,3.7
36,15,02,36_02,panelist,none,NA,3.7,1,0,0,1,1,0.3,4
36,15,03,36_03,panelist,none,NA,3.7,1,0,0,1,0,0,3.7
36,15,04,36_04,panelist,low,NA,3.7,1,0,1,0,0,0,3.7
36,15,05,36_05,panelist,none,NA,3.7,1,0,0,1,1,0.2,3.9
36,15,06,36_06,reviewer,none,3.8,3.7,0,0,0,1,0,0,3.7
36,15,07,36_07,panelist,none,NA,3.7,1,0,0,1,0,0,3.7
36,15,08,36_08,panelist,low,NA,3.7,1,0,1,0,0,0,3.7
36,15,09,36_09,panelist,none,NA,3.7,1,0,0,1,1,-0.1,3.6
36,15,10,36_10,panelist,low,NA,3.7,1,0,1,0,0,0,3.7
36,15,11,36_11,panelist,none,NA,3.7,1,0,0,1,1,-0.3,3.4
36,15,12,36_12,panelist,med,NA,3.7,1,0,0,0,0,0,3.7
36,15,13,36_13,panelist,med,NA,3.7,1,0,0,0,0,0,3.7
36,15,14,36_14,panelist,low,NA,3.7,1,0,1,0,0,0,3.7
36,15,15,36_15,panelist,med,NA,3.7,1,0,0,0,1,0.1,3.8
36,15,16,36_16,panelist,med,NA,3.7,1,0,0,0,0,0,3.7
36,15,17,36_17,panelist,low,NA,3.7,1,0,1,0,1,0.1,3.8
36,15,18,36_18,panelist,none,NA,3.7,1,0,0,1,0,0,3.7
36,15,19,36_19,panelist,none,NA,3.7,1,0,0,1,0,0,3.7
36,15,20,36_20,reviewer,high,3.7,3.7,0,1,0,0,0,0,3.7
36,15,21,36_21,panelist,none,NA,3.7,1,0,0,1,0,0,3.7
36,15,22,36_22,panelist,low,NA,3.7,1,0,1,0,0,0,3.7
36,15,23,36_23,panelist,med,NA,3.7,1,0,0,0,1,0.1,3.8
36,15,24,36_24,panelist,low,NA,3.7,1,0,1,0,1,-0.1,3.6
36,17,01,36_01,panelist,low,NA,4.4,1,0,1,0,1,0.1,4.5
36,17,02,36_02,panelist,med,NA,4.4,1,0,0,0,0,0,4.4
36,17,03,36_03,panelist,none,NA,4.4,1,0,0,1,0,0,4.4
36,17,04,36_04,panelist,high,NA,4.4,1,1,0,0,0,0,4.4
36,17,05,36_05,panelist,low,NA,4.4,1,0,1,0,0,0,4.4
36,17,06,36_06,panelist,med,NA,4.4,1,0,0,0,1,-0.2,4.2
36,17,07,36_07,panelist,none,NA,4.4,1,0,0,1,0,0,4.4
36,17,08,36_08,panelist,none,NA,4.4,1,0,0,1,0,0,4.4
36,17,09,36_09,panelist,low,NA,4.4,1,0,1,0,1,0.1,4.5
36,17,10,36_10,reviewer,low,4.2,4.4,0,0,1,0,0,0,4.4
36,17,11,36_11,reviewer,med,4.4,4.4,0,0,0,0,0,0,4.4
36,17,12,36_12,panelist,none,NA,4.4,1,0,0,1,0,0,4.4
36,17,13,36_13,panelist,none,NA,4.4,1,0,0,1,0,0,4.4
36,17,14,36_14,panelist,low,NA,4.4,1,0,1,0,1,0.1,4.5
36,17,15,36_15,panelist,none,NA,4.4,1,0,0,1,1,0.3,4.7
36,17,16,36_16,panelist,med,NA,4.4,1,0,0,0,0,0,4.4
36,17,17,36_17,panelist,high,NA,4.4,1,1,0,0,0,0,4.4
36,17,18,36_18,panelist,none,NA,4.4,1,0,0,1,1,-0.1,4.3
36,17,19,36_19,panelist,med,NA,4.4,1,0,0,0,1,-0.2,4.2
36,17,20,36_20,panelist,low,NA,4.4,1,0,1,0,0,0,4.4
36,17,21,36_21,reviewer,none,4.6,4.4,0,0,0,1,0,0,4.4
36,17,22,36_22,panelist,none,NA,4.4,1,0,0,1,0,0,4.4
36,17,23,36_23,panelist,none,NA,4.4,1,0,0,1,0,0,4.4
36,17,24,36_24,panelist,low,NA,4.4,1,0,1,0,1,0.3,4.7
36,19,01,36_01,panelist,low,NA,4.2,1,0,1,0,1,0.2,4.4
36,19,02,36_02,panelist,none,NA,4.2,1,0,0,1,1,-0.2,4
36,19,03,36_03,panelist,high,NA,4.2,1,1,0,0,0,0,4.2
36,19,04,36_04,panelist,low,NA,4.2,1,0,1,0,0,0,4.2
36,19,05,36_05,panelist,high,NA,4.2,1,1,0,0,0,0,4.2
36,19,06,36_06,panelist,low,NA,4.2,1,0,1,0,0,0,4.2
36,19,07,36_07,panelist,med,NA,4.2,1,0,0,0,0,0,4.2
36,19,08,36_08,panelist,low,NA,4.2,1,0,1,0,0,0,4.2
36,19,09,36_09,panelist,none,NA,4.2,1,0,0,1,0,0,4.2
36,19,10,36_10,reviewer,med,4.3,4.2,0,0,0,0,1,-0.2,4
36,19,11,36_11,panelist,none,NA,4.2,1,0,0,1,1,-0.2,4
36,19,12,36_12,panelist,none,NA,4.2,1,0,0,1,1,-0.1,4.1
36,19,13,36_13,panelist,low,NA,4.2,1,0,1,0,0,0,4.2
36,19,14,36_14,panelist,none,NA,4.2,1,0,0,1,1,0.1,4.3
36,19,15,36_15,panelist,low,NA,4.2,1,0,1,0,0,0,4.2
36,19,16,36_16,panelist,none,NA,4.2,1,0,0,1,0,0,4.2
36,19,17,36_17,panelist,none,NA,4.2,1,0,0,1,1,-0.2,4
36,19,18,36_18,panelist,none,NA,4.2,1,0,0,1,0,0,4.2
36,19,19,36_19,panelist,med,NA,4.2,1,0,0,0,0,0,4.2
36,19,20,36_20,panelist,med,NA,4.2,1,0,0,0,0,0,4.2
36,19,21,36_21,reviewer,low,3.9,4.2,0,0,1,0,1,-0.1,4.1
36,19,22,36_22,reviewer,none,4.5,4.2,0,0,0,1,1,-0.4,3.8
36,19,23,36_23,panelist,med,NA,4.2,1,0,0,0,0,0,4.2
36,19,24,36_24,panelist,none,NA,4.2,1,0,0,1,0,0,4.2
36,20,01,36_01,panelist,low,NA,3.8,1,0,1,0,0,0,3.8
36,20,02,36_02,panelist,high,NA,3.8,1,1,0,0,0,0,3.8
36,20,03,36_03,reviewer,high,3.8,3.8,0,1,0,0,1,-0.3,3.5
36,20,04,36_04,panelist,none,NA,3.8,1,0,0,1,0,0,3.8
36,20,05,36_05,panelist,none,NA,3.8,1,0,0,1,0,0,3.8
36,20,06,36_06,panelist,none,NA,3.8,1,0,0,1,1,0.1,3.9
36,20,07,36_07,panelist,none,NA,3.8,1,0,0,1,0,0,3.8
36,20,08,36_08,reviewer,med,3.9,3.8,0,0,0,0,1,0.1,3.9
36,20,09,36_09,panelist,low,NA,3.8,1,0,1,0,0,0,3.8
36,20,10,36_10,panelist,med,NA,3.8,1,0,0,0,0,0,3.8
36,20,11,36_11,reviewer,low,3.8,3.8,0,0,1,0,0,0,3.8
36,20,12,36_12,panelist,low,NA,3.8,1,0,1,0,0,0,3.8
36,20,13,36_13,panelist,none,NA,3.8,1,0,0,1,0,0,3.8
36,20,14,36_14,panelist,low,NA,3.8,1,0,1,0,0,0,3.8
36,20,15,36_15,panelist,med,NA,3.8,1,0,0,0,1,0.2,4
36,20,16,36_16,panelist,med,NA,3.8,1,0,0,0,1,0.2,4
36,20,17,36_17,panelist,med,NA,3.8,1,0,0,0,1,-0.3,3.5
36,20,18,36_18,panelist,none,NA,3.8,1,0,0,1,1,-0.2,3.6
36,20,19,36_19,panelist,none,NA,3.8,1,0,0,1,0,0,3.8
36,20,20,36_20,panelist,none,NA,3.8,1,0,0,1,0,0,3.8
36,20,21,36_21,panelist,low,NA,3.8,1,0,1,0,0,0,3.8
36,20,22,36_22,panelist,low,NA,3.8,1,0,1,0,0,0,3.8
36,20,23,36_23,panelist,none,NA,3.8,1,0,0,1,0,0,3.8
36,20,24,36_24,panelist,none,NA,3.8,1,0,0,1,0,0,3.8
36,23,01,36_01,panelist,low,NA,3.5,1,0,1,0,1,-0.1,3.4
36,23,02,36_02,panelist,med,NA,3.5,1,0,0,0,0,0,3.5
36,23,03,36_03,panelist,low,NA,3.5,1,0,1,0,0,0,3.5
36,23,04,36_04,panelist,none,NA,3.5,1,0,0,1,0,0,3.5
36,23,05,36_05,panelist,med,NA,3.5,1,0,0,0,0,0,3.5
36,23,06,36_06,reviewer,none,3.8,3.5,0,0,0,1,1,-0.1,3.4
36,23,07,36_07,reviewer,none,3.2,3.5,0,0,0,1,0,0,3.5
36,23,08,36_08,panelist,high,NA,3.5,1,1,0,0,0,0,3.5
36,23,09,36_09,panelist,low,NA,3.5,1,0,1,0,0,0,3.5
36,23,10,36_10,panelist,low,NA,3.5,1,0,1,0,1,-0.1,3.4
36,23,11,36_11,panelist,none,NA,3.5,1,0,0,1,1,-0.2,3.3
36,23,12,36_12,panelist,med,NA,3.5,1,0,0,0,1,-0.1,3.4
36,23,13,36_13,panelist,low,NA,3.5,1,0,1,0,1,0.3,3.8
36,23,14,36_14,panelist,none,NA,3.5,1,0,0,1,0,0,3.5
36,23,15,36_15,panelist,low,NA,3.5,1,0,1,0,0,0,3.5
36,23,16,36_16,panelist,med,NA,3.5,1,0,0,0,0,0,3.5
36,23,17,36_17,panelist,high,NA,3.5,1,1,0,0,1,0.1,3.6
36,23,18,36_18,panelist,none,NA,3.5,1,0,0,1,0,0,3.5
36,23,19,36_19,panelist,none,NA,3.5,1,0,0,1,0,0,3.5
36,23,20,36_20,panelist,low,NA,3.5,1,0,1,0,0,0,3.5
36,23,21,36_21,panelist,med,NA,3.5,1,0,0,0,0,0,3.5
36,23,22,36_22,reviewer,none,3.6,3.5,0,0,0,1,1,0.1,3.6
36,23,23,36_23,panelist,none,NA,3.5,1,0,0,1,0,0,3.5
36,23,24,36_24,panelist,none,NA,3.5,1,0,0,1,0,0,3.5
36,26,01,36_01,panelist,none,NA,4.6,1,0,0,1,1,0.2,4.8
36,26,02,36_02,panelist,none,NA,4.6,1,0,0,1,0,0,4.6
36,26,03,36_03,panelist,high,NA,4.6,1,1,0,0,0,0,4.6
36,26,04,36_04,reviewer,none,4.6,4.6,0,0,0,1,0,0,4.6
36,26,05,36_05,panelist,none,NA,4.6,1,0,0,1,0,0,4.6
36,26,06,36_06,panelist,med,NA,4.6,1,0,0,0,0,0,4.6
36,26,07,36_07,panelist,low,NA,4.6,1,0,1,0,0,0,4.6
36,26,08,36_08,panelist,med,NA,4.6,1,0,0,0,1,0.1,4.7
36,26,09,36_09,panelist,none,NA,4.6,1,0,0,1,1,0.2,4.8
36,26,10,36_10,panelist,med,NA,4.6,1,0,0,0,0,0,4.6
36,26,11,36_11,panelist,med,NA,4.6,1,0,0,0,0,0,4.6
36,26,12,36_12,panelist,high,NA,4.6,1,1,0,0,0,0,4.6
36,26,13,36_13,panelist,none,NA,4.6,1,0,0,1,1,0.3,4.9
36,26,14,36_14,panelist,low,NA,4.6,1,0,1,0,0,0,4.6
36,26,15,36_15,panelist,none,NA,4.6,1,0,0,1,0,0,4.6
36,26,16,36_16,panelist,low,NA,4.6,1,0,1,0,0,0,4.6
36,26,17,36_17,reviewer,none,4.6,4.6,0,0,0,1,1,0.4,4.9
36,26,18,36_18,panelist,low,NA,4.6,1,0,1,0,0,0,4.6
36,26,19,36_19,panelist,low,NA,4.6,1,0,1,0,1,-0.1,4.5
36,26,20,36_20,panelist,none,NA,4.6,1,0,0,1,1,0.1,4.7
36,26,21,36_21,panelist,low,NA,4.6,1,0,1,0,1,-0.2,4.4
36,26,22,36_22,panelist,none,NA,4.6,1,0,0,1,0,0,4.6
36,26,23,36_23,reviewer,med,4.7,4.6,0,0,0,0,0,0,4.6
36,26,24,36_24,panelist,low,NA,4.6,1,0,1,0,0,0,4.6
36,28,01,36_01,panelist,high,NA,4.2,1,1,0,0,0,0,4.2
36,28,02,36_02,panelist,none,NA,4.2,1,0,0,1,0,0,4.2
36,28,03,36_03,panelist,none,NA,4.2,1,0,0,1,0,0,4.2
36,28,04,36_04,reviewer,low,3.7,4.2,0,0,1,0,0,0,4.2
36,28,05,36_05,panelist,med,NA,4.2,1,0,0,0,0,0,4.2
36,28,06,36_06,panelist,none,NA,4.2,1,0,0,1,0,0,4.2
36,28,07,36_07,panelist,high,NA,4.2,1,1,0,0,0,0,4.2
36,28,08,36_08,panelist,low,NA,4.2,1,0,1,0,0,0,4.2
36,28,09,36_09,panelist,low,NA,4.2,1,0,1,0,1,-0.2,4
36,28,10,36_10,panelist,med,NA,4.2,1,0,0,0,0,0,4.2
36,28,11,36_11,reviewer,none,4.3,4.2,0,0,0,1,0,0,4.2
36,28,12,36_12,panelist,none,NA,4.2,1,0,0,1,0,0,4.2
36,28,13,36_13,panelist,med,NA,4.2,1,0,0,0,0,0,4.2
36,28,14,36_14,panelist,low,NA,4.2,1,0,1,0,1,-0.1,4.1
36,28,15,36_15,panelist,none,NA,4.2,1,0,0,1,0,0,4.2
36,28,16,36_16,panelist,none,NA,4.2,1,0,0,1,0,0,4.2
36,28,17,36_17,panelist,none,NA,4.2,1,0,0,1,0,0,4.2
36,28,18,36_18,reviewer,med,4.5,4.2,0,0,0,0,0,0,4.2
36,28,19,36_19,panelist,low,NA,4.2,1,0,1,0,1,-0.4,3.8
36,28,20,36_20,panelist,low,NA,4.2,1,0,1,0,0,0,4.2
36,28,21,36_21,panelist,low,NA,4.2,1,0,1,0,1,-0.1,4.1
36,28,22,36_22,panelist,none,NA,4.2,1,0,0,1,1,-0.2,4
36,28,23,36_23,panelist,none,NA,4.2,1,0,0,1,0,0,4.2
36,28,24,36_24,panelist,med,NA,4.2,1,0,0,0,0,0,4.2
37,5,01,37_01,panelist,none,NA,3.7,1,0,0,1,0,0,3.7
37,5,02,37_02,panelist,med,NA,3.7,1,0,0,0,0,0,3.7
37,5,03,37_03,panelist,low,NA,3.7,1,0,1,0,0,0,3.7
37,5,04,37_04,panelist,low,NA,3.7,1,0,1,0,0,0,3.7
37,5,05,37_05,panelist,med,NA,3.7,1,0,0,0,1,-0.1,3.6
37,5,06,37_06,panelist,med,NA,3.7,1,0,0,0,1,-0.1,3.6
37,5,07,37_07,panelist,none,NA,3.7,1,0,0,1,0,0,3.7
37,5,08,37_08,panelist,none,NA,3.7,1,0,0,1,0,0,3.7
37,5,09,37_09,panelist,high,NA,3.7,1,1,0,0,0,0,3.7
37,5,10,37_10,panelist,low,NA,3.7,1,0,1,0,0,0,3.7
37,5,11,37_11,panelist,high,NA,3.7,1,1,0,0,0,0,3.7
37,5,12,37_12,panelist,none,NA,3.7,1,0,0,1,1,0.3,4
37,5,13,37_13,panelist,none,NA,3.7,1,0,0,1,0,0,3.7
37,5,14,37_14,panelist,low,NA,3.7,1,0,1,0,1,0.1,3.8
37,5,15,37_15,reviewer,none,3.6,3.7,0,0,0,1,0,0,3.7
37,5,16,37_16,reviewer,low,3.6,3.7,0,0,1,0,0,0,3.7
37,5,17,37_17,panelist,none,NA,3.7,1,0,0,1,1,-0.2,3.5
37,5,18,37_18,panelist,low,NA,3.7,1,0,1,0,1,0.2,3.9
37,5,19,37_19,panelist,med,NA,3.7,1,0,0,0,0,0,3.7
37,5,20,37_20,panelist,none,NA,3.7,1,0,0,1,0,0,3.7
37,5,21,37_21,reviewer,low,4,3.7,0,0,1,0,0,0,3.7
37,5,22,37_22,panelist,med,NA,3.7,1,0,0,0,0,0,3.7
37,5,23,37_23,panelist,none,NA,3.7,1,0,0,1,1,-0.1,3.6
37,5,24,37_24,panelist,none,NA,3.7,1,0,0,1,0,0,3.7
37,9,01,37_01,panelist,low,NA,3.8,1,0,1,0,0,0,3.8
37,9,02,37_02,panelist,med,NA,3.8,1,0,0,0,0,0,3.8
37,9,03,37_03,panelist,none,NA,3.8,1,0,0,1,0,0,3.8
37,9,04,37_04,panelist,low,NA,3.8,1,0,1,0,1,-0.1,3.7
37,9,05,37_05,panelist,none,NA,3.8,1,0,0,1,0,0,3.8
37,9,06,37_06,reviewer,low,4.1,3.8,0,0,1,0,0,0,3.8
37,9,07,37_07,panelist,none,NA,3.8,1,0,0,1,0,0,3.8
37,9,08,37_08,panelist,none,NA,3.8,1,0,0,1,1,-0.1,3.7
37,9,09,37_09,panelist,none,NA,3.8,1,0,0,1,0,0,3.8
37,9,10,37_10,panelist,med,NA,3.8,1,0,0,0,1,-0.1,3.7
37,9,11,37_11,reviewer,none,3.8,3.8,0,0,0,1,0,0,3.8
37,9,12,37_12,panelist,low,NA,3.8,1,0,1,0,1,-0.1,3.7
37,9,13,37_13,panelist,med,NA,3.8,1,0,0,0,1,0.2,4
37,9,14,37_14,panelist,none,NA,3.8,1,0,0,1,0,0,3.8
37,9,15,37_15,panelist,none,NA,3.8,1,0,0,1,0,0,3.8
37,9,16,37_16,panelist,med,NA,3.8,1,0,0,0,0,0,3.8
37,9,17,37_17,panelist,low,NA,3.8,1,0,1,0,0,0,3.8
37,9,18,37_18,reviewer,med,3.5,3.8,0,0,0,0,0,0,3.8
37,9,19,37_19,panelist,high,NA,3.8,1,1,0,0,0,0,3.8
37,9,20,37_20,panelist,none,NA,3.8,1,0,0,1,0,0,3.8
37,9,21,37_21,panelist,low,NA,3.8,1,0,1,0,1,-0.2,3.6
37,9,22,37_22,panelist,none,NA,3.8,1,0,0,1,1,0.1,3.9
37,9,23,37_23,panelist,low,NA,3.8,1,0,1,0,0,0,3.8
37,9,24,37_24,panelist,high,NA,3.8,1,1,0,0,0,0,3.8
37,10,01,37_01,panelist,low,NA,3.5,1,0,1,0,0,0,3.5
37,10,02,37_02,panelist,none,NA,3.5,1,0,0,1,0,0,3.5
37,10,03,37_03,panelist,none,NA,3.5,1,0,0,1,1,-0.4,3.1
37,10,04,37_04,panelist,none,NA,3.5,1,0,0,1,0,0,3.5
37,10,05,37_05,panelist,none,NA,3.5,1,0,0,1,1,-0.2,3.3
37,10,06,37_06,panelist,low,NA,3.5,1,0,1,0,0,0,3.5
37,10,07,37_07,panelist,none,NA,3.5,1,0,0,1,0,0,3.5
37,10,08,37_08,panelist,none,NA,3.5,1,0,0,1,0,0,3.5
37,10,09,37_09,panelist,none,NA,3.5,1,0,0,1,1,0.1,3.6
37,10,10,37_10,reviewer,none,3.1,3.5,0,0,0,1,1,-0.1,3.4
37,10,11,37_11,panelist,low,NA,3.5,1,0,1,0,1,0.2,3.7
37,10,12,37_12,panelist,none,NA,3.5,1,0,0,1,1,-0.1,3.4
37,10,13,37_13,panelist,med,NA,3.5,1,0,0,0,1,0.4,3.9
37,10,14,37_14,panelist,high,NA,3.5,1,1,0,0,1,0.1,3.6
37,10,15,37_15,reviewer,med,3.7,3.5,0,0,0,0,0,0,3.5
37,10,16,37_16,reviewer,low,3.6,3.5,0,0,1,0,0,0,3.5
37,10,17,37_17,panelist,low,NA,3.5,1,0,1,0,0,0,3.5
37,10,18,37_18,panelist,low,NA,3.5,1,0,1,0,1,0.1,3.6
37,10,19,37_19,panelist,med,NA,3.5,1,0,0,0,1,-0.1,3.4
37,10,20,37_20,panelist,low,NA,3.5,1,0,1,0,0,0,3.5
37,10,21,37_21,panelist,med,NA,3.5,1,0,0,0,1,-0.1,3.4
37,10,22,37_22,panelist,high,NA,3.5,1,1,0,0,1,-0.2,3.3
37,10,23,37_23,panelist,none,NA,3.5,1,0,0,1,0,0,3.5
37,10,24,37_24,panelist,med,NA,3.5,1,0,0,0,0,0,3.5
37,11,01,37_01,panelist,none,NA,3.9,1,0,0,1,1,0.1,4
37,11,02,37_02,panelist,med,NA,3.9,1,0,0,0,0,0,3.9
37,11,03,37_03,panelist,none,NA,3.9,1,0,0,1,0,0,3.9
37,11,04,37_04,panelist,low,NA,3.9,1,0,1,0,0,0,3.9
37,11,05,37_05,panelist,none,NA,3.9,1,0,0,1,1,0.2,4.1
37,11,06,37_06,panelist,none,NA,3.9,1,0,0,1,1,-0.1,3.8
37,11,07,37_07,reviewer,med,3.6,3.9,0,0,0,0,1,-0.2,3.7
37,11,08,37_08,panelist,low,NA,3.9,1,0,1,0,0,0,3.9
37,11,09,37_09,panelist,low,NA,3.9,1,0,1,0,0,0,3.9
37,11,10,37_10,panelist,high,NA,3.9,1,1,0,0,1,0.2,4.1
37,11,11,37_11,panelist,none,NA,3.9,1,0,0,1,0,0,3.9
37,11,12,37_12,panelist,high,NA,3.9,1,1,0,0,0,0,3.9
37,11,13,37_13,panelist,none,NA,3.9,1,0,0,1,1,-0.1,3.8
37,11,14,37_14,panelist,none,NA,3.9,1,0,0,1,1,0.5,4.4
37,11,15,37_15,panelist,low,NA,3.9,1,0,1,0,0,0,3.9
37,11,16,37_16,panelist,low,NA,3.9,1,0,1,0,0,0,3.9
37,11,17,37_17,reviewer,low,4.1,3.9,0,0,1,0,0,0,3.9
37,11,18,37_18,panelist,none,NA,3.9,1,0,0,1,0,0,3.9
37,11,19,37_19,panelist,med,NA,3.9,1,0,0,0,0,0,3.9
37,11,20,37_20,panelist,none,NA,3.9,1,0,0,1,1,-0.1,3.8
37,11,21,37_21,panelist,low,NA,3.9,1,0,1,0,0,0,3.9
37,11,22,37_22,panelist,none,NA,3.9,1,0,0,1,1,-0.2,3.7
37,11,23,37_23,panelist,med,NA,3.9,1,0,0,0,0,0,3.9
37,11,24,37_24,reviewer,med,3.9,3.9,0,0,0,0,0,0,3.9
37,12,01,37_01,panelist,low,NA,3.5,1,0,1,0,1,0.1,3.6
37,12,02,37_02,panelist,med,NA,3.5,1,0,0,0,0,0,3.5
37,12,03,37_03,panelist,none,NA,3.5,1,0,0,1,0,0,3.5
37,12,04,37_04,reviewer,none,3.8,3.5,0,0,0,1,0,0,3.5
37,12,05,37_05,panelist,none,NA,3.5,1,0,0,1,0,0,3.5
37,12,06,37_06,panelist,low,NA,3.5,1,0,1,0,1,-0.1,3.4
37,12,07,37_07,panelist,none,NA,3.5,1,0,0,1,0,0,3.5
37,12,08,37_08,panelist,low,NA,3.5,1,0,1,0,0,0,3.5
37,12,09,37_09,panelist,none,NA,3.5,1,0,0,1,0,0,3.5
37,12,10,37_10,panelist,none,NA,3.5,1,0,0,1,1,-0.1,3.4
37,12,11,37_11,panelist,low,NA,3.5,1,0,1,0,1,0.1,3.6
37,12,12,37_12,panelist,med,NA,3.5,1,0,0,0,0,0,3.5
37,12,13,37_13,panelist,med,NA,3.5,1,0,0,0,0,0,3.5
37,12,14,37_14,reviewer,low,3.6,3.5,0,0,1,0,1,0.1,3.6
37,12,15,37_15,panelist,none,NA,3.5,1,0,0,1,1,-0.1,3.4
37,12,16,37_16,panelist,none,NA,3.5,1,0,0,1,1,-0.3,3.2
37,12,17,37_17,panelist,low,NA,3.5,1,0,1,0,1,0.1,3.6
37,12,18,37_18,panelist,med,NA,3.5,1,0,0,0,0,0,3.5
37,12,19,37_19,panelist,high,NA,3.5,1,1,0,0,0,0,3.5
37,12,20,37_20,panelist,med,NA,3.5,1,0,0,0,1,0.2,3.7
37,12,21,37_21,panelist,low,NA,3.5,1,0,1,0,1,-0.1,3.4
37,12,22,37_22,panelist,none,NA,3.5,1,0,0,1,0,0,3.5
37,12,23,37_23,reviewer,none,3.1,3.5,0,0,0,1,0,0,3.5
37,12,24,37_24,panelist,high,NA,3.5,1,1,0,0,0,0,3.5
37,17,01,37_01,panelist,none,NA,4,1,0,0,1,0,0,4
37,17,02,37_02,panelist,med,NA,4,1,0,0,0,0,0,4
37,17,03,37_03,panelist,none,NA,4,1,0,0,1,0,0,4
37,17,04,37_04,panelist,none,NA,4,1,0,0,1,1,-0.4,3.6
37,17,05,37_05,panelist,low,NA,4,1,0,1,0,0,0,4
37,17,06,37_06,reviewer,low,3.7,4,0,0,1,0,1,-0.1,3.9
37,17,07,37_07,panelist,none,NA,4,1,0,0,1,0,0,4
37,17,08,37_08,panelist,none,NA,4,1,0,0,1,1,-0.2,3.8
37,17,09,37_09,panelist,high,NA,4,1,1,0,0,0,0,4
37,17,10,37_10,panelist,none,NA,4,1,0,0,1,0,0,4
37,17,11,37_11,panelist,low,NA,4,1,0,1,0,1,-0.1,3.9
37,17,12,37_12,panelist,high,NA,4,1,1,0,0,1,0.1,4.1
37,17,13,37_13,reviewer,none,4,4,0,0,0,1,0,0,4
37,17,14,37_14,panelist,med,NA,4,1,0,0,0,1,0.2,4.2
37,17,15,37_15,reviewer,none,4.3,4,0,0,0,1,0,0,4
37,17,16,37_16,panelist,low,NA,4,1,0,1,0,0,0,4
37,17,17,37_17,panelist,none,NA,4,1,0,0,1,0,0,4
37,17,18,37_18,panelist,med,NA,4,1,0,0,0,0,0,4
37,17,19,37_19,panelist,low,NA,4,1,0,1,0,0,0,4
37,17,20,37_20,panelist,low,NA,4,1,0,1,0,1,-0.1,3.9
37,17,21,37_21,panelist,med,NA,4,1,0,0,0,0,0,4
37,17,22,37_22,panelist,none,NA,4,1,0,0,1,1,-0.2,3.8
37,17,23,37_23,panelist,low,NA,4,1,0,1,0,1,-0.3,3.7
37,17,24,37_24,panelist,med,NA,4,1,0,0,0,1,-0.2,3.8
37,18,01,37_01,panelist,med,NA,3.7,1,0,0,0,0,0,3.7
37,18,02,37_02,panelist,none,NA,3.7,1,0,0,1,0,0,3.7
37,18,03,37_03,panelist,low,NA,3.7,1,0,1,0,1,-0.4,3.3
37,18,04,37_04,panelist,none,NA,3.7,1,0,0,1,0,0,3.7
37,18,05,37_05,panelist,none,NA,3.7,1,0,0,1,0,0,3.7
37,18,06,37_06,panelist,none,NA,3.7,1,0,0,1,0,0,3.7
37,18,07,37_07,panelist,high,NA,3.7,1,1,0,0,1,-0.2,3.5
37,18,08,37_08,panelist,low,NA,3.7,1,0,1,0,0,0,3.7
37,18,09,37_09,reviewer,none,3.9,3.7,0,0,0,1,1,-0.3,3.4
37,18,10,37_10,panelist,low,NA,3.7,1,0,1,0,0,0,3.7
37,18,11,37_11,panelist,med,NA,3.7,1,0,0,0,0,0,3.7
37,18,12,37_12,panelist,none,NA,3.7,1,0,0,1,0,0,3.7
37,18,13,37_13,panelist,none,NA,3.7,1,0,0,1,1,0.2,3.9
37,18,14,37_14,panelist,none,NA,3.7,1,0,0,1,1,0.2,3.9
37,18,15,37_15,reviewer,med,3.8,3.7,0,0,0,0,0,0,3.7
37,18,16,37_16,panelist,med,NA,3.7,1,0,0,0,0,0,3.7
37,18,17,37_17,panelist,none,NA,3.7,1,0,0,1,1,-0.3,3.4
37,18,18,37_18,panelist,low,NA,3.7,1,0,1,0,0,0,3.7
37,18,19,37_19,reviewer,med,3.5,3.7,0,0,0,0,1,0.2,3.9
37,18,20,37_20,panelist,low,NA,3.7,1,0,1,0,0,0,3.7
37,18,21,37_21,panelist,low,NA,3.7,1,0,1,0,0,0,3.7
37,18,22,37_22,panelist,high,NA,3.7,1,1,0,0,0,0,3.7
37,18,23,37_23,panelist,none,NA,3.7,1,0,0,1,1,-0.1,3.6
37,18,24,37_24,panelist,low,NA,3.7,1,0,1,0,1,0.1,3.8
37,19,01,37_01,panelist,med,NA,4.2,1,0,0,0,1,0.3,4.5
37,19,02,37_02,panelist,high,NA,4.2,1,1,0,0,1,-0.1,4.1
37,19,03,37_03,panelist,med,NA,4.2,1,0,0,0,1,-0.2,4
37,19,04,37_04,panelist,low,NA,4.2,1,0,1,0,0,0,4.2
37,19,05,37_05,panelist,low,NA,4.2,1,0,1,0,1,-0.2,4
37,19,06,37_06,panelist,med,NA,4.2,1,0,0,0,1,-0.2,4
37,19,07,37_07,panelist,med,NA,4.2,1,0,0,0,0,0,4.2
37,19,08,37_08,panelist,none,NA,4.2,1,0,0,1,0,0,4.2
37,19,09,37_09,panelist,low,NA,4.2,1,0,1,0,0,0,4.2
37,19,10,37_10,reviewer,low,4.4,4.2,0,0,1,0,0,0,4.2
37,19,11,37_11,reviewer,low,4.2,4.2,0,0,1,0,0,0,4.2
37,19,12,37_12,panelist,none,NA,4.2,1,0,0,1,0,0,4.2
37,19,13,37_13,panelist,med,NA,4.2,1,0,0,0,0,0,4.2
37,19,14,37_14,panelist,none,NA,4.2,1,0,0,1,1,0.1,4.3
37,19,15,37_15,panelist,none,NA,4.2,1,0,0,1,0,0,4.2
37,19,16,37_16,panelist,low,NA,4.2,1,0,1,0,0,0,4.2
37,19,17,37_17,panelist,none,NA,4.2,1,0,0,1,0,0,4.2
37,19,18,37_18,panelist,none,NA,4.2,1,0,0,1,0,0,4.2
37,19,19,37_19,panelist,low,NA,4.2,1,0,1,0,1,-0.3,3.9
37,19,20,37_20,panelist,none,NA,4.2,1,0,0,1,1,0.1,4.3
37,19,21,37_21,reviewer,high,3.9,4.2,0,1,0,0,0,0,4.2
37,19,22,37_22,panelist,none,NA,4.2,1,0,0,1,0,0,4.2
37,19,23,37_23,panelist,none,NA,4.2,1,0,0,1,0,0,4.2
37,19,24,37_24,panelist,none,NA,4.2,1,0,0,1,1,-0.1,4.1
37,20,01,37_01,panelist,low,NA,4.3,1,0,1,0,1,0.3,4.6
37,20,02,37_02,panelist,none,NA,4.3,1,0,0,1,1,-0.3,4
37,20,03,37_03,panelist,med,NA,4.3,1,0,0,0,1,-0.2,4.1
37,20,04,37_04,panelist,low,NA,4.3,1,0,1,0,1,-0.1,4.2
37,20,05,37_05,panelist,med,NA,4.3,1,0,0,0,0,0,4.3
37,20,06,37_06,panelist,none,NA,4.3,1,0,0,1,0,0,4.3
37,20,07,37_07,reviewer,none,4.4,4.3,0,0,0,1,0,0,4.3
37,20,08,37_08,panelist,high,NA,4.3,1,1,0,0,0,0,4.3
37,20,09,37_09,panelist,high,NA,4.3,1,1,0,0,0,0,4.3
37,20,10,37_10,reviewer,none,4.2,4.3,0,0,0,1,1,-0.1,4.2
37,20,11,37_11,panelist,med,NA,4.3,1,0,0,0,0,0,4.3
37,20,12,37_12,reviewer,low,4.2,4.3,0,0,1,0,0,0,4.3
37,20,13,37_13,panelist,none,NA,4.3,1,0,0,1,0,0,4.3
37,20,14,37_14,panelist,med,NA,4.3,1,0,0,0,1,0.1,4.4
37,20,15,37_15,panelist,none,NA,4.3,1,0,0,1,1,-0.1,4.2
37,20,16,37_16,panelist,none,NA,4.3,1,0,0,1,0,0,4.3
37,20,17,37_17,panelist,low,NA,4.3,1,0,1,0,0,0,4.3
37,20,18,37_18,panelist,low,NA,4.3,1,0,1,0,0,0,4.3
37,20,19,37_19,panelist,med,NA,4.3,1,0,0,0,1,-0.1,4.2
37,20,20,37_20,panelist,none,NA,4.3,1,0,0,1,0,0,4.3
37,20,21,37_21,panelist,none,NA,4.3,1,0,0,1,0,0,4.3
37,20,22,37_22,panelist,none,NA,4.3,1,0,0,1,0,0,4.3
37,20,23,37_23,panelist,low,NA,4.3,1,0,1,0,1,-0.2,4.1
37,20,24,37_24,panelist,low,NA,4.3,1,0,1,0,0,0,4.3
37,22,01,37_01,panelist,none,NA,3.9,1,0,0,1,0,0,3.9
37,22,02,37_02,panelist,med,NA,3.9,1,0,0,0,0,0,3.9
37,22,03,37_03,panelist,low,NA,3.9,1,0,1,0,0,0,3.9
37,22,04,37_04,panelist,none,NA,3.9,1,0,0,1,1,-0.4,3.5
37,22,05,37_05,panelist,med,NA,3.9,1,0,0,0,0,0,3.9
37,22,06,37_06,panelist,med,NA,3.9,1,0,0,0,0,0,3.9
37,22,07,37_07,reviewer,none,3.6,3.9,0,0,0,1,1,-0.1,3.8
37,22,08,37_08,panelist,low,NA,3.9,1,0,1,0,0,0,3.9
37,22,09,37_09,panelist,none,NA,3.9,1,0,0,1,1,-0.1,3.8
37,22,10,37_10,panelist,low,NA,3.9,1,0,1,0,1,-0.1,3.8
37,22,11,37_11,panelist,high,NA,3.9,1,1,0,0,0,0,3.9
37,22,12,37_12,panelist,none,NA,3.9,1,0,0,1,0,0,3.9
37,22,13,37_13,panelist,low,NA,3.9,1,0,1,0,0,0,3.9
37,22,14,37_14,panelist,high,NA,3.9,1,1,0,0,0,0,3.9
37,22,15,37_15,panelist,low,NA,3.9,1,0,1,0,0,0,3.9
37,22,16,37_16,reviewer,med,4.1,3.9,0,0,0,0,1,-0.2,3.7
37,22,17,37_17,panelist,low,NA,3.9,1,0,1,0,1,0.1,4
37,22,18,37_18,panelist,none,NA,3.9,1,0,0,1,0,0,3.9
37,22,19,37_19,reviewer,none,4.1,3.9,0,0,0,1,0,0,3.9
37,22,20,37_20,panelist,med,NA,3.9,1,0,0,0,0,0,3.9
37,22,21,37_21,panelist,none,NA,3.9,1,0,0,1,1,0.3,4.2
37,22,22,37_22,panelist,none,NA,3.9,1,0,0,1,1,0.1,4
37,22,23,37_23,panelist,none,NA,3.9,1,0,0,1,1,-0.3,3.6
37,22,24,37_24,panelist,low,NA,3.9,1,0,1,0,0,0,3.9
37,24,01,37_01,panelist,none,NA,4,1,0,0,1,0,0,4
37,24,02,37_02,panelist,low,NA,4,1,0,1,0,0,0,4
37,24,03,37_03,panelist,low,NA,4,1,0,1,0,1,-0.1,3.9
37,24,04,37_04,panelist,none,NA,4,1,0,0,1,1,-0.2,3.8
37,24,05,37_05,panelist,med,NA,4,1,0,0,0,0,0,4
37,24,06,37_06,panelist,med,NA,4,1,0,0,0,1,0.1,4.1
37,24,07,37_07,panelist,none,NA,4,1,0,0,1,0,0,4
37,24,08,37_08,panelist,low,NA,4,1,0,1,0,1,-0.2,3.8
37,24,09,37_09,panelist,low,NA,4,1,0,1,0,0,0,4
37,24,10,37_10,panelist,none,NA,4,1,0,0,1,1,-0.1,3.9
37,24,11,37_11,reviewer,high,4,4,0,1,0,0,1,0.1,4.1
37,24,12,37_12,panelist,med,NA,4,1,0,0,0,0,0,4
37,24,13,37_13,panelist,none,NA,4,1,0,0,1,0,0,4
37,24,14,37_14,reviewer,low,4.1,4,0,0,1,0,0,0,4
37,24,15,37_15,panelist,none,NA,4,1,0,0,1,1,-0.3,3.7
37,24,16,37_16,panelist,low,NA,4,1,0,1,0,0,0,4
37,24,17,37_17,reviewer,high,4,4,0,1,0,0,1,-0.1,3.9
37,24,18,37_18,panelist,med,NA,4,1,0,0,0,1,-0.1,3.9
37,24,19,37_19,panelist,med,NA,4,1,0,0,0,1,-0.3,3.7
37,24,20,37_20,panelist,none,NA,4,1,0,0,1,1,0.3,4.3
37,24,21,37_21,panelist,none,NA,4,1,0,0,1,0,0,4
37,24,22,37_22,panelist,low,NA,4,1,0,1,0,1,-0.1,3.9
37,24,23,37_23,panelist,none,NA,4,1,0,0,1,0,0,4
37,24,24,37_24,panelist,none,NA,4,1,0,0,1,0,0,4
37,26,01,37_01,panelist,none,NA,4.1,1,0,0,1,0,0,4.1
37,26,02,37_02,panelist,low,NA,4.1,1,0,1,0,1,0.1,4.2
37,26,03,37_03,panelist,none,NA,4.1,1,0,0,1,0,0,4.1
37,26,04,37_04,panelist,low,NA,4.1,1,0,1,0,0,0,4.1
37,26,05,37_05,panelist,med,NA,4.1,1,0,0,0,0,0,4.1
37,26,06,37_06,reviewer,low,4.1,4.1,0,0,1,0,1,0.1,4.2
37,26,07,37_07,panelist,none,NA,4.1,1,0,0,1,0,0,4.1
37,26,08,37_08,panelist,med,NA,4.1,1,0,0,0,0,0,4.1
37,26,09,37_09,panelist,none,NA,4.1,1,0,0,1,1,-0.1,4
37,26,10,37_10,panelist,none,NA,4.1,1,0,0,1,0,0,4.1
37,26,11,37_11,reviewer,med,3.9,4.1,0,0,0,0,0,0,4.1
37,26,12,37_12,panelist,low,NA,4.1,1,0,1,0,1,0.1,4.2
37,26,13,37_13,panelist,none,NA,4.1,1,0,0,1,1,0.1,4.2
37,26,14,37_14,panelist,med,NA,4.1,1,0,0,0,1,0.2,4.3
37,26,15,37_15,panelist,low,NA,4.1,1,0,1,0,1,-0.4,3.7
37,26,16,37_16,panelist,low,NA,4.1,1,0,1,0,0,0,4.1
37,26,17,37_17,panelist,none,NA,4.1,1,0,0,1,0,0,4.1
37,26,18,37_18,panelist,low,NA,4.1,1,0,1,0,1,-0.1,4
37,26,19,37_19,panelist,high,NA,4.1,1,1,0,0,0,0,4.1
37,26,20,37_20,panelist,high,NA,4.1,1,1,0,0,0,0,4.1
37,26,21,37_21,panelist,none,NA,4.1,1,0,0,1,1,0.1,4.2
37,26,22,37_22,panelist,med,NA,4.1,1,0,0,0,1,-0.1,4
37,26,23,37_23,panelist,none,NA,4.1,1,0,0,1,0,0,4.1
37,26,24,37_24,reviewer,none,4.3,4.1,0,0,0,1,1,0.1,4.2
37,27,01,37_01,panelist,med,NA,3.8,1,0,0,0,0,0,3.8
37,27,02,37_02,panelist,low,NA,3.8,1,0,1,0,0,0,3.8
37,27,03,37_03,panelist,none,NA,3.8,1,0,0,1,1,-0.3,3.5
37,27,04,37_04,panelist,high,NA,3.8,1,1,0,0,0,0,3.8
37,27,05,37_05,panelist,low,NA,3.8,1,0,1,0,1,0.1,3.9
37,27,06,37_06,panelist,none,NA,3.8,1,0,0,1,0,0,3.8
37,27,07,37_07,panelist,med,NA,3.8,1,0,0,0,1,0.1,3.9
37,27,08,37_08,panelist,med,NA,3.8,1,0,0,0,1,-0.3,3.5
37,27,09,37_09,panelist,low,NA,3.8,1,0,1,0,0,0,3.8
37,27,10,37_10,panelist,med,NA,3.8,1,0,0,0,0,0,3.8
37,27,11,37_11,panelist,high,NA,3.8,1,1,0,0,0,0,3.8
37,27,12,37_12,panelist,none,NA,3.8,1,0,0,1,0,0,3.8
37,27,13,37_13,panelist,none,NA,3.8,1,0,0,1,0,0,3.8
37,27,14,37_14,panelist,none,NA,3.8,1,0,0,1,1,0.4,4.2
37,27,15,37_15,panelist,none,NA,3.8,1,0,0,1,1,0.2,4
37,27,16,37_16,panelist,low,NA,3.8,1,0,1,0,0,0,3.8
37,27,17,37_17,reviewer,low,3.9,3.8,0,0,1,0,1,-0.2,3.6
37,27,18,37_18,panelist,none,NA,3.8,1,0,0,1,1,-0.1,3.7
37,27,19,37_19,panelist,none,NA,3.8,1,0,0,1,0,0,3.8
37,27,20,37_20,panelist,low,NA,3.8,1,0,1,0,0,0,3.8
37,27,21,37_21,reviewer,low,3.7,3.8,0,0,1,0,0,0,3.8
37,27,22,37_22,reviewer,med,3.9,3.8,0,0,0,0,0,0,3.8
37,27,23,37_23,panelist,none,NA,3.8,1,0,0,1,0,0,3.8
37,27,24,37_24,panelist,none,NA,3.8,1,0,0,1,0,0,3.8
37,28,01,37_01,panelist,low,NA,4.1,1,0,1,0,1,0.2,4.3
37,28,02,37_02,panelist,low,NA,4.1,1,0,1,0,0,0,4.1
37,28,03,37_03,panelist,none,NA,4.1,1,0,0,1,0,0,4.1
37,28,04,37_04,panelist,med,NA,4.1,1,0,0,0,0,0,4.1
37,28,05,37_05,panelist,none,NA,4.1,1,0,0,1,1,0.1,4.2
37,28,06,37_06,reviewer,low,4.1,4.1,0,0,1,0,0,0,4.1
37,28,07,37_07,panelist,none,NA,4.1,1,0,0,1,0,0,4.1
37,28,08,37_08,panelist,low,NA,4.1,1,0,1,0,0,0,4.1
37,28,09,37_09,panelist,none,NA,4.1,1,0,0,1,1,0.1,4.2
37,28,10,37_10,panelist,med,NA,4.1,1,0,0,0,1,-0.3,3.8
37,28,11,37_11,panelist,high,NA,4.1,1,1,0,0,0,0,4.1
37,28,12,37_12,panelist,med,NA,4.1,1,0,0,0,0,0,4.1
37,28,13,37_13,panelist,none,NA,4.1,1,0,0,1,1,0.2,4.3
37,28,14,37_14,panelist,med,NA,4.1,1,0,0,0,1,0.4,4.5
37,28,15,37_15,panelist,none,NA,4.1,1,0,0,1,0,0,4.1
37,28,16,37_16,reviewer,med,4.2,4.1,0,0,0,0,0,0,4.1
37,28,17,37_17,panelist,low,NA,4.1,1,0,1,0,0,0,4.1
37,28,18,37_18,panelist,none,NA,4.1,1,0,0,1,1,-0.2,3.9
37,28,19,37_19,panelist,low,NA,4.1,1,0,1,0,1,-0.1,4
37,28,20,37_20,panelist,none,NA,4.1,1,0,0,1,0,0,4.1
37,28,21,37_21,panelist,none,NA,4.1,1,0,0,1,1,0.1,4.2
37,28,22,37_22,panelist,low,NA,4.1,1,0,1,0,0,0,4.1
37,28,23,37_23,reviewer,none,4.1,4.1,0,0,0,1,1,-0.1,4
37,28,24,37_24,panelist,high,NA,4.1,1,1,0,0,1,0.1,4.2
37,30,01,37_01,panelist,none,NA,3.7,1,0,0,1,0,0,3.7
37,30,02,37_02,panelist,med,NA,3.7,1,0,0,0,1,0.2,3.9
37,30,03,37_03,reviewer,low,3.5,3.7,0,0,1,0,1,-0.2,3.5
37,30,04,37_04,panelist,low,NA,3.7,1,0,1,0,0,0,3.7
37,30,05,37_05,panelist,high,NA,3.7,1,1,0,0,0,0,3.7
37,30,06,37_06,panelist,low,NA,3.7,1,0,1,0,0,0,3.7
37,30,07,37_07,panelist,low,NA,3.7,1,0,1,0,0,0,3.7
37,30,08,37_08,panelist,high,NA,3.7,1,1,0,0,0,0,3.7
37,30,09,37_09,panelist,med,NA,3.7,1,0,0,0,0,0,3.7
37,30,10,37_10,panelist,none,NA,3.7,1,0,0,1,0,0,3.7
37,30,11,37_11,panelist,none,NA,3.7,1,0,0,1,0,0,3.7
37,30,12,37_12,panelist,low,NA,3.7,1,0,1,0,0,0,3.7
37,30,13,37_13,panelist,none,NA,3.7,1,0,0,1,1,0.1,3.8
37,30,14,37_14,panelist,none,NA,3.7,1,0,0,1,0,0,3.7
37,30,15,37_15,panelist,low,NA,3.7,1,0,1,0,1,-0.1,3.6
37,30,16,37_16,panelist,med,NA,3.7,1,0,0,0,0,0,3.7
37,30,17,37_17,reviewer,med,3.8,3.7,0,0,0,0,1,0.1,3.8
37,30,18,37_18,panelist,none,NA,3.7,1,0,0,1,0,0,3.7
37,30,19,37_19,panelist,med,NA,3.7,1,0,0,0,1,0.2,3.9
37,30,20,37_20,reviewer,low,3.7,3.7,0,0,1,0,1,0.1,3.8
37,30,21,37_21,panelist,none,NA,3.7,1,0,0,1,0,0,3.7
37,30,22,37_22,panelist,none,NA,3.7,1,0,0,1,0,0,3.7
37,30,23,37_23,panelist,none,NA,3.7,1,0,0,1,1,-0.1,3.6
37,30,24,37_24,panelist,none,NA,3.7,1,0,0,1,0,0,3.7
38,1,01,38_01,panelist,none,NA,4.1,1,0,0,1,0,0,4.1
38,1,02,38_02,panelist,low,NA,4.1,1,0,1,0,1,0.1,4.2
38,1,03,38_03,panelist,low,NA,4.1,1,0,1,0,0,0,4.1
38,1,04,38_04,reviewer,med,4.2,4.1,0,0,0,0,0,0,4.1
38,1,05,38_05,panelist,med,NA,4.1,1,0,0,0,1,0.1,4.2
38,1,06,38_06,panelist,med,NA,4.1,1,0,0,0,0,0,4.1
38,1,07,38_07,panelist,none,NA,4.1,1,0,0,1,0,0,4.1
38,1,08,38_08,reviewer,none,4.1,4.1,0,0,0,1,0,0,4.1
38,1,09,38_09,panelist,med,NA,4.1,1,0,0,0,0,0,4.1
38,1,10,38_10,panelist,none,NA,4.1,1,0,0,1,0,0,4.1
38,1,11,38_11,panelist,low,NA,4.1,1,0,1,0,0,0,4.1
38,1,12,38_12,panelist,low,NA,4.1,1,0,1,0,1,0.2,4.3
38,1,13,38_13,panelist,none,NA,4.1,1,0,0,1,1,0.1,4.2
38,1,14,38_14,panelist,high,NA,4.1,1,1,0,0,0,0,4.1
38,1,15,38_15,reviewer,high,4,4.1,0,1,0,0,1,0.1,4.2
38,1,16,38_16,panelist,low,NA,4.1,1,0,1,0,0,0,4.1
38,1,17,38_17,panelist,low,NA,4.1,1,0,1,0,1,-0.1,4
38,1,18,38_18,panelist,none,NA,4.1,1,0,0,1,1,-0.3,3.8
38,1,19,38_19,panelist,none,NA,4.1,1,0,0,1,1,-0.3,3.8
38,1,20,38_20,panelist,none,NA,4.1,1,0,0,1,1,-0.1,4
38,1,21,38_21,panelist,low,NA,4.1,1,0,1,0,0,0,4.1
38,1,22,38_22,panelist,none,NA,4.1,1,0,0,1,0,0,4.1
38,1,23,38_23,panelist,none,NA,4.1,1,0,0,1,1,-0.1,4
38,1,24,38_24,panelist,med,NA,4.1,1,0,0,0,1,0.2,4.3
38,4,01,38_01,panelist,none,NA,3.8,1,0,0,1,1,0.3,4.1
38,4,02,38_02,reviewer,low,4,3.8,0,0,1,0,0,0,3.8
38,4,03,38_03,panelist,low,NA,3.8,1,0,1,0,0,0,3.8
38,4,04,38_04,panelist,high,NA,3.8,1,1,0,0,1,-0.4,3.4
38,4,05,38_05,panelist,none,NA,3.8,1,0,0,1,0,0,3.8
38,4,06,38_06,panelist,med,NA,3.8,1,0,0,0,1,0.1,3.9
38,4,07,38_07,panelist,none,NA,3.8,1,0,0,1,0,0,3.8
38,4,08,38_08,panelist,med,NA,3.8,1,0,0,0,0,0,3.8
38,4,09,38_09,reviewer,none,3.7,3.8,0,0,0,1,0,0,3.8
38,4,10,38_10,panelist,low,NA,3.8,1,0,1,0,1,-0.2,3.6
38,4,11,38_11,panelist,none,NA,3.8,1,0,0,1,0,0,3.8
38,4,12,38_12,panelist,none,NA,3.8,1,0,0,1,0,0,3.8
38,4,13,38_13,panelist,low,NA,3.8,1,0,1,0,0,0,3.8
38,4,14,38_14,panelist,med,NA,3.8,1,0,0,0,0,0,3.8
38,4,15,38_15,reviewer,none,3.8,3.8,0,0,0,1,0,0,3.8
38,4,16,38_16,panelist,low,NA,3.8,1,0,1,0,1,-0.1,3.7
38,4,17,38_17,panelist,none,NA,3.8,1,0,0,1,0,0,3.8
38,4,18,38_18,panelist,none,NA,3.8,1,0,0,1,1,-0.3,3.5
38,4,19,38_19,panelist,med,NA,3.8,1,0,0,0,1,-0.1,3.7
38,4,20,38_20,panelist,med,NA,3.8,1,0,0,0,0,0,3.8
38,4,21,38_21,panelist,low,NA,3.8,1,0,1,0,0,0,3.8
38,4,22,38_22,panelist,none,NA,3.8,1,0,0,1,0,0,3.8
38,4,23,38_23,panelist,low,NA,3.8,1,0,1,0,0,0,3.8
38,4,24,38_24,panelist,high,NA,3.8,1,1,0,0,0,0,3.8
38,5,01,38_01,panelist,none,NA,4.3,1,0,0,1,1,0.2,4.5
38,5,02,38_02,panelist,low,NA,4.3,1,0,1,0,0,0,4.3
38,5,03,38_03,panelist,none,NA,4.3,1,0,0,1,1,0.2,4.5
38,5,04,38_04,panelist,med,NA,4.3,1,0,0,0,1,-0.1,4.2
38,5,05,38_05,panelist,none,NA,4.3,1,0,0,1,1,0.1,4.4
38,5,06,38_06,panelist,none,NA,4.3,1,0,0,1,1,-0.1,4.2
38,5,07,38_07,reviewer,low,3.8,4.3,0,0,1,0,0,0,4.3
38,5,08,38_08,panelist,none,NA,4.3,1,0,0,1,0,0,4.3
38,5,09,38_09,reviewer,med,4.4,4.3,0,0,0,0,0,0,4.3
38,5,10,38_10,panelist,med,NA,4.3,1,0,0,0,0,0,4.3
38,5,11,38_11,panelist,high,NA,4.3,1,1,0,0,0,0,4.3
38,5,12,38_12,panelist,low,NA,4.3,1,0,1,0,0,0,4.3
38,5,13,38_13,panelist,low,NA,4.3,1,0,1,0,0,0,4.3
38,5,14,38_14,reviewer,med,4.7,4.3,0,0,0,0,0,0,4.3
38,5,15,38_15,panelist,low,NA,4.3,1,0,1,0,1,0.1,4.4
38,5,16,38_16,panelist,none,NA,4.3,1,0,0,1,0,0,4.3
38,5,17,38_17,panelist,high,NA,4.3,1,1,0,0,0,0,4.3
38,5,18,38_18,panelist,none,NA,4.3,1,0,0,1,0,0,4.3
38,5,19,38_19,panelist,none,NA,4.3,1,0,0,1,0,0,4.3
38,5,20,38_20,panelist,none,NA,4.3,1,0,0,1,0,0,4.3
38,5,21,38_21,panelist,none,NA,4.3,1,0,0,1,0,0,4.3
38,5,22,38_22,panelist,low,NA,4.3,1,0,1,0,0,0,4.3
38,5,23,38_23,panelist,low,NA,4.3,1,0,1,0,0,0,4.3
38,5,24,38_24,panelist,med,NA,4.3,1,0,0,0,1,0.2,4.5
38,6,01,38_01,panelist,none,NA,4.2,1,0,0,1,0,0,4.2
38,6,02,38_02,panelist,med,NA,4.2,1,0,0,0,1,0.2,4.4
38,6,03,38_03,panelist,med,NA,4.2,1,0,0,0,0,0,4.2
38,6,04,38_04,panelist,none,NA,4.2,1,0,0,1,1,-0.2,4
38,6,05,38_05,panelist,med,NA,4.2,1,0,0,0,0,0,4.2
38,6,06,38_06,panelist,low,NA,4.2,1,0,1,0,1,0.1,4.3
38,6,07,38_07,reviewer,low,4.5,4.2,0,0,1,0,0,0,4.2
38,6,08,38_08,panelist,med,NA,4.2,1,0,0,0,0,0,4.2
38,6,09,38_09,panelist,low,NA,4.2,1,0,1,0,1,0.3,4.5
38,6,10,38_10,panelist,high,NA,4.2,1,1,0,0,1,-0.2,4
38,6,11,38_11,panelist,low,NA,4.2,1,0,1,0,0,0,4.2
38,6,12,38_12,reviewer,none,4.4,4.2,0,0,0,1,1,0.2,4.4
38,6,13,38_13,panelist,high,NA,4.2,1,1,0,0,0,0,4.2
38,6,14,38_14,panelist,med,NA,4.2,1,0,0,0,0,0,4.2
38,6,15,38_15,panelist,none,NA,4.2,1,0,0,1,1,0.2,4.4
38,6,16,38_16,panelist,low,NA,4.2,1,0,1,0,0,0,4.2
38,6,17,38_17,reviewer,none,3.8,4.2,0,0,0,1,0,0,4.2
38,6,18,38_18,panelist,none,NA,4.2,1,0,0,1,1,-0.2,4
38,6,19,38_19,panelist,low,NA,4.2,1,0,1,0,0,0,4.2
38,6,20,38_20,panelist,none,NA,4.2,1,0,0,1,0,0,4.2
38,6,21,38_21,panelist,none,NA,4.2,1,0,0,1,1,-0.1,4.1
38,6,22,38_22,panelist,low,NA,4.2,1,0,1,0,0,0,4.2
38,6,23,38_23,panelist,none,NA,4.2,1,0,0,1,1,-0.1,4.1
38,6,24,38_24,panelist,none,NA,4.2,1,0,0,1,0,0,4.2
38,7,01,38_01,panelist,med,NA,4,1,0,0,0,1,0.4,4.4
38,7,02,38_02,panelist,low,NA,4,1,0,1,0,0,0,4
38,7,03,38_03,panelist,high,NA,4,1,1,0,0,0,0,4
38,7,04,38_04,reviewer,none,4.1,4,0,0,0,1,0,0,4
38,7,05,38_05,reviewer,low,4.1,4,0,0,1,0,1,0.1,4.1
38,7,06,38_06,panelist,none,NA,4,1,0,0,1,1,-0.1,3.9
38,7,07,38_07,panelist,none,NA,4,1,0,0,1,1,-0.3,3.7
38,7,08,38_08,panelist,high,NA,4,1,1,0,0,0,0,4
38,7,09,38_09,panelist,med,NA,4,1,0,0,0,0,0,4
38,7,10,38_10,panelist,none,NA,4,1,0,0,1,1,-0.1,3.9
38,7,11,38_11,panelist,med,NA,4,1,0,0,0,1,0.1,4.1
38,7,12,38_12,panelist,none,NA,4,1,0,0,1,1,0.1,4.1
38,7,13,38_13,panelist,med,NA,4,1,0,0,0,0,0,4
38,7,14,38_14,panelist,none,NA,4,1,0,0,1,0,0,4
38,7,15,38_15,panelist,none,NA,4,1,0,0,1,0,0,4
38,7,16,38_16,panelist,none,NA,4,1,0,0,1,1,-0.2,3.8
38,7,17,38_17,panelist,low,NA,4,1,0,1,0,1,-0.1,3.9
38,7,18,38_18,panelist,low,NA,4,1,0,1,0,0,0,4
38,7,19,38_19,panelist,low,NA,4,1,0,1,0,0,0,4
38,7,20,38_20,panelist,none,NA,4,1,0,0,1,0,0,4
38,7,21,38_21,panelist,low,NA,4,1,0,1,0,0,0,4
38,7,22,38_22,reviewer,none,3.8,4,0,0,0,1,0,0,4
38,7,23,38_23,panelist,med,NA,4,1,0,0,0,1,-0.2,3.8
38,7,24,38_24,panelist,low,NA,4,1,0,1,0,0,0,4
38,10,01,38_01,panelist,none,NA,3.9,1,0,0,1,1,0.1,4
38,10,02,38_02,panelist,low,NA,3.9,1,0,1,0,0,0,3.9
38,10,03,38_03,panelist,low,NA,3.9,1,0,1,0,0,0,3.9
38,10,04,38_04,panelist,low,NA,3.9,1,0,1,0,1,-0.1,3.8
38,10,05,38_05,reviewer,none,3.7,3.9,0,0,0,1,0,0,3.9
38,10,06,38_06,panelist,none,NA,3.9,1,0,0,1,1,-0.2,3.7
38,10,07,38_07,panelist,low,NA,3.9,1,0,1,0,0,0,3.9
38,10,08,38_08,reviewer,high,4.1,3.9,0,1,0,0,0,0,3.9
38,10,09,38_09,panelist,none,NA,3.9,1,0,0,1,0,0,3.9
38,10,10,38_10,panelist,none,NA,3.9,1,0,0,1,0,0,3.9
38,10,11,38_11,panelist,none,NA,3.9,1,0,0,1,0,0,3.9
38,10,12,38_12,panelist,high,NA,3.9,1,1,0,0,0,0,3.9
38,10,13,38_13,panelist,low,NA,3.9,1,0,1,0,1,-0.1,3.8
38,10,14,38_14,panelist,med,NA,3.9,1,0,0,0,0,0,3.9
38,10,15,38_15,panelist,med,NA,3.9,1,0,0,0,0,0,3.9
38,10,16,38_16,panelist,low,NA,3.9,1,0,1,0,0,0,3.9
38,10,17,38_17,panelist,med,NA,3.9,1,0,0,0,1,-0.1,3.8
38,10,18,38_18,panelist,low,NA,3.9,1,0,1,0,1,-0.3,3.6
38,10,19,38_19,reviewer,none,4,3.9,0,0,0,1,0,0,3.9
38,10,20,38_20,panelist,med,NA,3.9,1,0,0,0,0,0,3.9
38,10,21,38_21,panelist,none,NA,3.9,1,0,0,1,0,0,3.9
38,10,22,38_22,panelist,med,NA,3.9,1,0,0,0,0,0,3.9
38,10,23,38_23,panelist,none,NA,3.9,1,0,0,1,1,-0.1,3.8
38,10,24,38_24,panelist,none,NA,3.9,1,0,0,1,1,0.1,4
38,11,01,38_01,panelist,none,NA,3.7,1,0,0,1,0,0,3.7
38,11,02,38_02,panelist,none,NA,3.7,1,0,0,1,0,0,3.7
38,11,03,38_03,panelist,none,NA,3.7,1,0,0,1,0,0,3.7
38,11,04,38_04,panelist,low,NA,3.7,1,0,1,0,1,0.2,3.9
38,11,05,38_05,reviewer,med,3,3.7,0,0,0,0,0,0,3.7
38,11,06,38_06,panelist,med,NA,3.7,1,0,0,0,1,0.1,3.8
38,11,07,38_07,panelist,low,NA,3.7,1,0,1,0,0,0,3.7
38,11,08,38_08,panelist,med,NA,3.7,1,0,0,0,0,0,3.7
38,11,09,38_09,panelist,none,NA,3.7,1,0,0,1,1,0.2,3.9
38,11,10,38_10,panelist,none,NA,3.7,1,0,0,1,1,0.2,3.9
38,11,11,38_11,panelist,high,NA,3.7,1,1,0,0,0,0,3.7
38,11,12,38_12,panelist,low,NA,3.7,1,0,1,0,0,0,3.7
38,11,13,38_13,panelist,high,NA,3.7,1,1,0,0,0,0,3.7
38,11,14,38_14,panelist,low,NA,3.7,1,0,1,0,0,0,3.7
38,11,15,38_15,reviewer,low,3.9,3.7,0,0,1,0,0,0,3.7
38,11,16,38_16,panelist,med,NA,3.7,1,0,0,0,0,0,3.7
38,11,17,38_17,panelist,none,NA,3.7,1,0,0,1,1,0.2,3.9
38,11,18,38_18,panelist,none,NA,3.7,1,0,0,1,0,0,3.7
38,11,19,38_19,panelist,low,NA,3.7,1,0,1,0,0,0,3.7
38,11,20,38_20,reviewer,low,4.2,3.7,0,0,1,0,0,0,3.7
38,11,21,38_21,panelist,med,NA,3.7,1,0,0,0,0,0,3.7
38,11,22,38_22,panelist,none,NA,3.7,1,0,0,1,0,0,3.7
38,11,23,38_23,panelist,none,NA,3.7,1,0,0,1,0,0,3.7
38,11,24,38_24,panelist,none,NA,3.7,1,0,0,1,0,0,3.7
38,14,01,38_01,panelist,low,NA,4.3,1,0,1,0,1,0.1,4.4
38,14,02,38_02,panelist,med,NA,4.3,1,0,0,0,1,0.2,4.5
38,14,03,38_03,reviewer,low,3.9,4.3,0,0,1,0,1,0.3,4.6
38,14,04,38_04,panelist,none,NA,4.3,1,0,0,1,0,0,4.3
38,14,05,38_05,panelist,none,NA,4.3,1,0,0,1,0,0,4.3
38,14,06,38_06,panelist,med,NA,4.3,1,0,0,0,0,0,4.3
38,14,07,38_07,panelist,none,NA,4.3,1,0,0,1,1,0.1,4.4
38,14,08,38_08,panelist,high,NA,4.3,1,1,0,0,0,0,4.3
38,14,09,38_09,panelist,none,NA,4.3,1,0,0,1,0,0,4.3
38,14,10,38_10,panelist,high,NA,4.3,1,1,0,0,0,0,4.3
38,14,11,38_11,panelist,med,NA,4.3,1,0,0,0,0,0,4.3
38,14,12,38_12,reviewer,none,4.4,4.3,0,0,0,1,0,0,4.3
38,14,13,38_13,panelist,low,NA,4.3,1,0,1,0,0,0,4.3
38,14,14,38_14,panelist,low,NA,4.3,1,0,1,0,1,-0.2,4.1
38,14,15,38_15,panelist,none,NA,4.3,1,0,0,1,1,0.2,4.5
38,14,16,38_16,panelist,low,NA,4.3,1,0,1,0,0,0,4.3
38,14,17,38_17,panelist,none,NA,4.3,1,0,0,1,1,-0.2,4.1
38,14,18,38_18,panelist,none,NA,4.3,1,0,0,1,1,-0.1,4.2
38,14,19,38_19,panelist,low,NA,4.3,1,0,1,0,0,0,4.3
38,14,20,38_20,reviewer,none,4.7,4.3,0,0,0,1,1,0.1,4.4
38,14,21,38_21,panelist,low,NA,4.3,1,0,1,0,0,0,4.3
38,14,22,38_22,panelist,med,NA,4.3,1,0,0,0,0,0,4.3
38,14,23,38_23,panelist,med,NA,4.3,1,0,0,0,0,0,4.3
38,14,24,38_24,panelist,none,NA,4.3,1,0,0,1,1,0.1,4.4
38,18,01,38_01,panelist,high,NA,3.9,1,1,0,0,0,0,3.9
38,18,02,38_02,panelist,none,NA,3.9,1,0,0,1,1,-0.2,3.7
38,18,03,38_03,panelist,none,NA,3.9,1,0,0,1,0,0,3.9
38,18,04,38_04,panelist,none,NA,3.9,1,0,0,1,1,0.1,4
38,18,05,38_05,reviewer,high,3.9,3.9,0,1,0,0,0,0,3.9
38,18,06,38_06,panelist,med,NA,3.9,1,0,0,0,0,0,3.9
38,18,07,38_07,panelist,low,NA,3.9,1,0,1,0,1,-0.2,3.7
38,18,08,38_08,panelist,none,NA,3.9,1,0,0,1,1,-0.1,3.8
38,18,09,38_09,panelist,med,NA,3.9,1,0,0,0,1,0.2,4.1
38,18,10,38_10,panelist,med,NA,3.9,1,0,0,0,0,0,3.9
38,18,11,38_11,panelist,med,NA,3.9,1,0,0,0,0,0,3.9
38,18,12,38_12,panelist,none,NA,3.9,1,0,0,1,1,0.3,4.2
38,18,13,38_13,reviewer,none,3.8,3.9,0,0,0,1,1,0.1,4
38,18,14,38_14,panelist,low,NA,3.9,1,0,1,0,0,0,3.9
38,18,15,38_15,panelist,low,NA,3.9,1,0,1,0,1,-0.2,3.7
38,18,16,38_16,reviewer,none,3.9,3.9,0,0,0,1,1,0.1,4
38,18,17,38_17,panelist,low,NA,3.9,1,0,1,0,1,0.2,4.1
38,18,18,38_18,panelist,none,NA,3.9,1,0,0,1,0,0,3.9
38,18,19,38_19,panelist,low,NA,3.9,1,0,1,0,1,0.1,4
38,18,20,38_20,panelist,med,NA,3.9,1,0,0,0,0,0,3.9
38,18,21,38_21,panelist,low,NA,3.9,1,0,1,0,1,-0.1,3.8
38,18,22,38_22,panelist,low,NA,3.9,1,0,1,0,0,0,3.9
38,18,23,38_23,panelist,none,NA,3.9,1,0,0,1,1,-0.2,3.7
38,18,24,38_24,panelist,none,NA,3.9,1,0,0,1,1,0.2,4.1
38,20,01,38_01,panelist,none,NA,4.2,1,0,0,1,0,0,4.2
38,20,02,38_02,reviewer,none,4.3,4.2,0,0,0,1,0,0,4.2
38,20,03,38_03,panelist,low,NA,4.2,1,0,1,0,1,-0.1,4.1
38,20,04,38_04,panelist,none,NA,4.2,1,0,0,1,0,0,4.2
38,20,05,38_05,panelist,med,NA,4.2,1,0,0,0,0,0,4.2
38,20,06,38_06,panelist,med,NA,4.2,1,0,0,0,1,0.2,4.4
38,20,07,38_07,panelist,none,NA,4.2,1,0,0,1,0,0,4.2
38,20,08,38_08,panelist,none,NA,4.2,1,0,0,1,0,0,4.2
38,20,09,38_09,panelist,none,NA,4.2,1,0,0,1,0,0,4.2
38,20,10,38_10,panelist,high,NA,4.2,1,1,0,0,1,0.4,4.6
38,20,11,38_11,panelist,low,NA,4.2,1,0,1,0,0,0,4.2
38,20,12,38_12,panelist,none,NA,4.2,1,0,0,1,1,-0.2,4
38,20,13,38_13,panelist,low,NA,4.2,1,0,1,0,0,0,4.2
38,20,14,38_14,panelist,low,NA,4.2,1,0,1,0,1,0.1,4.3
38,20,15,38_15,panelist,low,NA,4.2,1,0,1,0,1,0.2,4.4
38,20,16,38_16,panelist,none,NA,4.2,1,0,0,1,1,0.2,4.4
38,20,17,38_17,reviewer,low,3.8,4.2,0,0,1,0,0,0,4.2
38,20,18,38_18,panelist,med,NA,4.2,1,0,0,0,1,-0.1,4.1
38,20,19,38_19,panelist,low,NA,4.2,1,0,1,0,1,-0.2,4
38,20,20,38_20,reviewer,med,4.4,4.2,0,0,0,0,1,0.2,4.4
38,20,21,38_21,panelist,med,NA,4.2,1,0,0,0,0,0,4.2
38,20,22,38_22,panelist,none,NA,4.2,1,0,0,1,1,0.2,4.4
38,20,23,38_23,panelist,high,NA,4.2,1,1,0,0,0,0,4.2
38,20,24,38_24,panelist,none,NA,4.2,1,0,0,1,1,-0.2,4
38,23,01,38_01,panelist,med,NA,4.6,1,0,0,0,0,0,4.6
38,23,02,38_02,panelist,none,NA,4.6,1,0,0,1,0,0,4.6
38,23,03,38_03,panelist,none,NA,4.6,1,0,0,1,0,0,4.6
38,23,04,38_04,panelist,med,NA,4.6,1,0,0,0,0,0,4.6
38,23,05,38_05,panelist,med,NA,4.6,1,0,0,0,0,0,4.6
38,23,06,38_06,panelist,none,NA,4.6,1,0,0,1,1,0.1,4.7
38,23,07,38_07,reviewer,med,4.6,4.6,0,0,0,0,0,0,4.6
38,23,08,38_08,reviewer,high,4.6,4.6,0,1,0,0,0,0,4.6
38,23,09,38_09,panelist,none,NA,4.6,1,0,0,1,0,0,4.6
38,23,10,38_10,panelist,none,NA,4.6,1,0,0,1,1,0.2,4.8
38,23,11,38_11,panelist,none,NA,4.6,1,0,0,1,0,0,4.6
38,23,12,38_12,panelist,none,NA,4.6,1,0,0,1,1,0.3,4.9
38,23,13,38_13,panelist,low,NA,4.6,1,0,1,0,1,0.2,4.8
38,23,14,38_14,panelist,none,NA,4.6,1,0,0,1,0,0,4.6
38,23,15,38_15,panelist,low,NA,4.6,1,0,1,0,0,0,4.6
38,23,16,38_16,panelist,none,NA,4.6,1,0,0,1,1,0.1,4.7
38,23,17,38_17,panelist,none,NA,4.6,1,0,0,1,0,0,4.6
38,23,18,38_18,panelist,high,NA,4.6,1,1,0,0,0,0,4.6
38,23,19,38_19,reviewer,low,4.6,4.6,0,0,1,0,1,-0.3,4.3
38,23,20,38_20,panelist,low,NA,4.6,1,0,1,0,0,0,4.6
38,23,21,38_21,panelist,low,NA,4.6,1,0,1,0,1,0.1,4.7
38,23,22,38_22,panelist,low,NA,4.6,1,0,1,0,1,0.2,4.8
38,23,23,38_23,panelist,med,NA,4.6,1,0,0,0,1,0.2,4.8
38,23,24,38_24,panelist,low,NA,4.6,1,0,1,0,1,0.3,4.9
38,25,01,38_01,panelist,high,NA,4.4,1,1,0,0,0,0,4.4
38,25,02,38_02,panelist,none,NA,4.4,1,0,0,1,1,-0.1,4.3
38,25,03,38_03,panelist,low,NA,4.4,1,0,1,0,0,0,4.4
38,25,04,38_04,panelist,none,NA,4.4,1,0,0,1,1,-0.1,4.3
38,25,05,38_05,reviewer,none,4.4,4.4,0,0,0,1,0,0,4.4
38,25,06,38_06,panelist,none,NA,4.4,1,0,0,1,1,0.3,4.7
38,25,07,38_07,panelist,none,NA,4.4,1,0,0,1,1,0.2,4.6
38,25,08,38_08,panelist,med,NA,4.4,1,0,0,0,0,0,4.4
38,25,09,38_09,panelist,low,NA,4.4,1,0,1,0,0,0,4.4
38,25,10,38_10,panelist,low,NA,4.4,1,0,1,0,0,0,4.4
38,25,11,38_11,panelist,low,NA,4.4,1,0,1,0,0,0,4.4
38,25,12,38_12,reviewer,med,4.3,4.4,0,0,0,0,0,0,4.4
38,25,13,38_13,panelist,low,NA,4.4,1,0,1,0,0,0,4.4
38,25,14,38_14,panelist,none,NA,4.4,1,0,0,1,0,0,4.4
38,25,15,38_15,panelist,low,NA,4.4,1,0,1,0,0,0,4.4
38,25,16,38_16,panelist,med,NA,4.4,1,0,0,0,0,0,4.4
38,25,17,38_17,panelist,med,NA,4.4,1,0,0,0,1,-0.1,4.3
38,25,18,38_18,reviewer,none,4.4,4.4,0,0,0,1,1,0.1,4.5
38,25,19,38_19,panelist,none,NA,4.4,1,0,0,1,0,0,4.4
38,25,20,38_20,panelist,none,NA,4.4,1,0,0,1,0,0,4.4
38,25,21,38_21,panelist,none,NA,4.4,1,0,0,1,1,0.1,4.5
38,25,22,38_22,panelist,low,NA,4.4,1,0,1,0,0,0,4.4
38,25,23,38_23,panelist,high,NA,4.4,1,1,0,0,0,0,4.4
38,25,24,38_24,panelist,med,NA,4.4,1,0,0,0,0,0,4.4
38,26,01,38_01,reviewer,none,4.5,4.6,0,0,0,1,0,0,4.6
38,26,02,38_02,panelist,low,NA,4.6,1,0,1,0,1,-0.3,4.3
38,26,03,38_03,panelist,low,NA,4.6,1,0,1,0,1,0.3,4.9
38,26,04,38_04,panelist,med,NA,4.6,1,0,0,0,1,-0.2,4.4
38,26,05,38_05,panelist,none,NA,4.6,1,0,0,1,0,0,4.6
38,26,06,38_06,panelist,none,NA,4.6,1,0,0,1,1,-0.1,4.5
38,26,07,38_07,panelist,none,NA,4.6,1,0,0,1,1,-0.2,4.4
38,26,08,38_08,panelist,med,NA,4.6,1,0,0,0,0,0,4.6
38,26,09,38_09,panelist,none,NA,4.6,1,0,0,1,0,0,4.6
38,26,10,38_10,panelist,med,NA,4.6,1,0,0,0,0,0,4.6
38,26,11,38_11,panelist,low,NA,4.6,1,0,1,0,0,0,4.6
38,26,12,38_12,panelist,none,NA,4.6,1,0,0,1,1,0.1,4.7
38,26,13,38_13,panelist,med,NA,4.6,1,0,0,0,0,0,4.6
38,26,14,38_14,reviewer,low,4.6,4.6,0,0,1,0,0,0,4.6
38,26,15,38_15,panelist,none,NA,4.6,1,0,0,1,1,-0.2,4.4
38,26,16,38_16,reviewer,none,4.7,4.6,0,0,0,1,1,0.1,4.7
38,26,17,38_17,panelist,low,NA,4.6,1,0,1,0,1,0.1,4.7
38,26,18,38_18,panelist,low,NA,4.6,1,0,1,0,1,-0.2,4.4
38,26,19,38_19,panelist,none,NA,4.6,1,0,0,1,0,0,4.6
38,26,20,38_20,panelist,med,NA,4.6,1,0,0,0,0,0,4.6
38,26,21,38_21,panelist,high,NA,4.6,1,1,0,0,0,0,4.6
38,26,22,38_22,panelist,low,NA,4.6,1,0,1,0,0,0,4.6
38,26,23,38_23,panelist,high,NA,4.6,1,1,0,0,1,0.1,4.7
38,26,24,38_24,panelist,none,NA,4.6,1,0,0,1,1,0.3,4.9
38,28,01,38_01,panelist,med,NA,3.7,1,0,0,0,0,0,3.7
38,28,02,38_02,panelist,none,NA,3.7,1,0,0,1,1,-0.2,3.5
38,28,03,38_03,panelist,low,NA,3.7,1,0,1,0,1,0.1,3.8
38,28,04,38_04,panelist,none,NA,3.7,1,0,0,1,0,0,3.7
38,28,05,38_05,panelist,med,NA,3.7,1,0,0,0,0,0,3.7
38,28,06,38_06,panelist,none,NA,3.7,1,0,0,1,0,0,3.7
38,28,07,38_07,reviewer,none,4,3.7,0,0,0,1,1,0.1,3.8
38,28,08,38_08,panelist,none,NA,3.7,1,0,0,1,1,0.1,3.8
38,28,09,38_09,panelist,high,NA,3.7,1,1,0,0,0,0,3.7
38,28,10,38_10,panelist,none,NA,3.7,1,0,0,1,1,-0.2,3.5
38,28,11,38_11,panelist,med,NA,3.7,1,0,0,0,0,0,3.7
38,28,12,38_12,reviewer,low,3.5,3.7,0,0,1,0,0,0,3.7
38,28,13,38_13,reviewer,low,3.6,3.7,0,0,1,0,1,-0.1,3.6
38,28,14,38_14,panelist,none,NA,3.7,1,0,0,1,1,0.1,3.8
38,28,15,38_15,panelist,high,NA,3.7,1,1,0,0,0,0,3.7
38,28,16,38_16,panelist,low,NA,3.7,1,0,1,0,0,0,3.7
38,28,17,38_17,panelist,none,NA,3.7,1,0,0,1,1,0.1,3.8
38,28,18,38_18,panelist,med,NA,3.7,1,0,0,0,0,0,3.7
38,28,19,38_19,panelist,low,NA,3.7,1,0,1,0,1,-0.1,3.6
38,28,20,38_20,panelist,med,NA,3.7,1,0,0,0,0,0,3.7
38,28,21,38_21,panelist,none,NA,3.7,1,0,0,1,1,-0.3,3.4
38,28,22,38_22,panelist,low,NA,3.7,1,0,1,0,0,0,3.7
38,28,23,38_23,panelist,none,NA,3.7,1,0,0,1,0,0,3.7
38,28,24,38_24,panelist,low,NA,3.7,1,0,1,0,0,0,3.7
38,29,01,38_01,panelist,low,NA,4.3,1,0,1,0,0,0,4.3
38,29,02,38_02,reviewer,low,4.6,4.3,0,0,1,0,0,0,4.3
38,29,03,38_03,panelist,low,NA,4.3,1,0,1,0,1,-0.2,4.1
38,29,04,38_04,panelist,none,NA,4.3,1,0,0,1,1,0.1,4.4
38,29,05,38_05,panelist,none,NA,4.3,1,0,0,1,1,0.2,4.5
38,29,06,38_06,panelist,none,NA,4.3,1,0,0,1,0,0,4.3
38,29,07,38_07,reviewer,med,4,4.3,0,0,0,0,0,0,4.3
38,29,08,38_08,panelist,none,NA,4.3,1,0,0,1,1,-0.1,4.2
38,29,09,38_09,panelist,none,NA,4.3,1,0,0,1,1,0.2,4.5
38,29,10,38_10,panelist,high,NA,4.3,1,1,0,0,0,0,4.3
38,29,11,38_11,panelist,med,NA,4.3,1,0,0,0,1,0.2,4.5
38,29,12,38_12,panelist,high,NA,4.3,1,1,0,0,1,0.2,4.5
38,29,13,38_13,panelist,none,NA,4.3,1,0,0,1,0,0,4.3
38,29,14,38_14,panelist,low,NA,4.3,1,0,1,0,0,0,4.3
38,29,15,38_15,panelist,none,NA,4.3,1,0,0,1,1,-0.1,4.2
38,29,16,38_16,panelist,med,NA,4.3,1,0,0,0,0,0,4.3
38,29,17,38_17,panelist,low,NA,4.3,1,0,1,0,1,0.2,4.5
38,29,18,38_18,panelist,low,NA,4.3,1,0,1,0,0,0,4.3
38,29,19,38_19,panelist,none,NA,4.3,1,0,0,1,0,0,4.3
38,29,20,38_20,panelist,none,NA,4.3,1,0,0,1,0,0,4.3
38,29,21,38_21,panelist,med,NA,4.3,1,0,0,0,1,0.4,4.7
38,29,22,38_22,panelist,none,NA,4.3,1,0,0,1,0,0,4.3
38,29,23,38_23,panelist,low,NA,4.3,1,0,1,0,1,-0.1,4.2
38,29,24,38_24,reviewer,med,4.4,4.3,0,0,0,0,0,0,4.3
39,1,01,39_01,reviewer,none,4.2,4.2,0,0,0,1,1,-0.1,4.1
39,1,02,39_02,panelist,none,NA,4.2,1,0,0,1,0,0,4.2
39,1,03,39_03,panelist,none,NA,4.2,1,0,0,1,0,0,4.2
39,1,04,39_04,panelist,none,NA,4.2,1,0,0,1,0,0,4.2
39,1,05,39_05,panelist,low,NA,4.2,1,0,1,0,0,0,4.2
39,1,06,39_06,panelist,low,NA,4.2,1,0,1,0,1,0.1,4.3
39,1,07,39_07,panelist,med,NA,4.2,1,0,0,0,1,-0.1,4.1
39,1,08,39_08,panelist,none,NA,4.2,1,0,0,1,0,0,4.2
39,1,09,39_09,panelist,high,NA,4.2,1,1,0,0,0,0,4.2
39,1,10,39_10,panelist,low,NA,4.2,1,0,1,0,0,0,4.2
39,1,11,39_11,panelist,none,NA,4.2,1,0,0,1,1,0.1,4.3
39,1,12,39_12,panelist,med,NA,4.2,1,0,0,0,0,0,4.2
39,1,13,39_13,panelist,low,NA,4.2,1,0,1,0,0,0,4.2
39,1,14,39_14,panelist,low,NA,4.2,1,0,1,0,0,0,4.2
39,1,15,39_15,panelist,low,NA,4.2,1,0,1,0,1,-0.5,3.7
39,1,16,39_16,panelist,none,NA,4.2,1,0,0,1,1,-0.1,4.1
39,1,17,39_17,panelist,none,NA,4.2,1,0,0,1,1,0.2,4.4
39,1,18,39_18,reviewer,none,4.2,4.2,0,0,0,1,1,0.1,4.3
39,1,19,39_19,panelist,med,NA,4.2,1,0,0,0,1,0.1,4.3
39,1,20,39_20,panelist,med,NA,4.2,1,0,0,0,0,0,4.2
39,1,21,39_21,panelist,med,NA,4.2,1,0,0,0,0,0,4.2
39,1,22,39_22,panelist,low,NA,4.2,1,0,1,0,1,0.1,4.3
39,1,23,39_23,reviewer,high,4.3,4.2,0,1,0,0,0,0,4.2
39,1,24,39_24,panelist,none,NA,4.2,1,0,0,1,0,0,4.2
39,2,01,39_01,panelist,med,NA,4,1,0,0,0,0,0,4
39,2,02,39_02,reviewer,none,3.9,4,0,0,0,1,1,-0.2,3.8
39,2,03,39_03,panelist,low,NA,4,1,0,1,0,1,0.2,4.2
39,2,04,39_04,panelist,low,NA,4,1,0,1,0,1,-0.1,3.9
39,2,05,39_05,panelist,none,NA,4,1,0,0,1,0,0,4
39,2,06,39_06,reviewer,low,4.3,4,0,0,1,0,0,0,4
39,2,07,39_07,panelist,low,NA,4,1,0,1,0,0,0,4
39,2,08,39_08,panelist,none,NA,4,1,0,0,1,1,-0.1,3.9
39,2,09,39_09,panelist,none,NA,4,1,0,0,1,0,0,4
39,2,10,39_10,panelist,none,NA,4,1,0,0,1,1,-0.2,3.8
39,2,11,39_11,panelist,med,NA,4,1,0,0,0,1,-0.1,3.9
39,2,12,39_12,panelist,med,NA,4,1,0,0,0,0,0,4
39,2,13,39_13,panelist,med,NA,4,1,0,0,0,0,0,4
39,2,14,39_14,panelist,med,NA,4,1,0,0,0,0,0,4
39,2,15,39_15,panelist,none,NA,4,1,0,0,1,1,0.4,4.4
39,2,16,39_16,panelist,none,NA,4,1,0,0,1,0,0,4
39,2,17,39_17,panelist,low,NA,4,1,0,1,0,0,0,4
39,2,18,39_18,panelist,low,NA,4,1,0,1,0,1,0.2,4.2
39,2,19,39_19,panelist,none,NA,4,1,0,0,1,0,0,4
39,2,20,39_20,reviewer,high,3.9,4,0,1,0,0,1,-0.2,3.8
39,2,21,39_21,panelist,none,NA,4,1,0,0,1,0,0,4
39,2,22,39_22,panelist,low,NA,4,1,0,1,0,0,0,4
39,2,23,39_23,panelist,high,NA,4,1,1,0,0,0,0,4
39,2,24,39_24,panelist,none,NA,4,1,0,0,1,1,-0.1,3.9
39,4,01,39_01,reviewer,low,3.9,3.8,0,0,1,0,0,0,3.8
39,4,02,39_02,reviewer,none,3.6,3.8,0,0,0,1,0,0,3.8
39,4,03,39_03,panelist,med,NA,3.8,1,0,0,0,0,0,3.8
39,4,04,39_04,panelist,low,NA,3.8,1,0,1,0,0,0,3.8
39,4,05,39_05,panelist,med,NA,3.8,1,0,0,0,0,0,3.8
39,4,06,39_06,panelist,none,NA,3.8,1,0,0,1,1,-0.2,3.6
39,4,07,39_07,panelist,none,NA,3.8,1,0,0,1,0,0,3.8
39,4,08,39_08,panelist,low,NA,3.8,1,0,1,0,0,0,3.8
39,4,09,39_09,panelist,med,NA,3.8,1,0,0,0,1,-0.2,3.6
39,4,10,39_10,panelist,med,NA,3.8,1,0,0,0,1,0.1,3.9
39,4,11,39_11,panelist,low,NA,3.8,1,0,1,0,0,0,3.8
39,4,12,39_12,panelist,med,NA,3.8,1,0,0,0,0,0,3.8
39,4,13,39_13,panelist,none,NA,3.8,1,0,0,1,1,0.3,4.1
39,4,14,39_14,panelist,none,NA,3.8,1,0,0,1,0,0,3.8
39,4,15,39_15,panelist,low,NA,3.8,1,0,1,0,1,0.1,3.9
39,4,16,39_16,panelist,none,NA,3.8,1,0,0,1,1,-0.3,3.5
39,4,17,39_17,reviewer,high,3.8,3.8,0,1,0,0,1,0.2,4
39,4,18,39_18,panelist,none,NA,3.8,1,0,0,1,1,0.1,3.9
39,4,19,39_19,panelist,low,NA,3.8,1,0,1,0,1,-0.4,3.4
39,4,20,39_20,panelist,none,NA,3.8,1,0,0,1,0,0,3.8
39,4,21,39_21,panelist,high,NA,3.8,1,1,0,0,0,0,3.8
39,4,22,39_22,panelist,none,NA,3.8,1,0,0,1,1,0.2,4
39,4,23,39_23,panelist,none,NA,3.8,1,0,0,1,1,0.1,3.9
39,4,24,39_24,panelist,low,NA,3.8,1,0,1,0,1,-0.1,3.7
39,5,01,39_01,panelist,none,NA,3.8,1,0,0,1,0,0,3.8
39,5,02,39_02,panelist,low,NA,3.8,1,0,1,0,0,0,3.8
39,5,03,39_03,reviewer,med,4,3.8,0,0,0,0,0,0,3.8
39,5,04,39_04,panelist,high,NA,3.8,1,1,0,0,1,-0.1,3.7
39,5,05,39_05,panelist,low,NA,3.8,1,0,1,0,1,0.1,3.9
39,5,06,39_06,reviewer,med,3.7,3.8,0,0,0,0,1,-0.1,3.7
39,5,07,39_07,panelist,med,NA,3.8,1,0,0,0,0,0,3.8
39,5,08,39_08,panelist,low,NA,3.8,1,0,1,0,1,0.1,3.9
39,5,09,39_09,panelist,none,NA,3.8,1,0,0,1,1,-0.3,3.5
39,5,10,39_10,panelist,none,NA,3.8,1,0,0,1,1,-0.2,3.6
39,5,11,39_11,panelist,none,NA,3.8,1,0,0,1,0,0,3.8
39,5,12,39_12,panelist,low,NA,3.8,1,0,1,0,0,0,3.8
39,5,13,39_13,panelist,none,NA,3.8,1,0,0,1,0,0,3.8
39,5,14,39_14,reviewer,none,3.8,3.8,0,0,0,1,0,0,3.8
39,5,15,39_15,panelist,low,NA,3.8,1,0,1,0,0,0,3.8
39,5,16,39_16,panelist,none,NA,3.8,1,0,0,1,1,0.1,3.9
39,5,17,39_17,panelist,high,NA,3.8,1,1,0,0,0,0,3.8
39,5,18,39_18,panelist,none,NA,3.8,1,0,0,1,0,0,3.8
39,5,19,39_19,panelist,none,NA,3.8,1,0,0,1,0,0,3.8
39,5,20,39_20,panelist,low,NA,3.8,1,0,1,0,0,0,3.8
39,5,21,39_21,panelist,med,NA,3.8,1,0,0,0,1,0.1,3.9
39,5,22,39_22,panelist,none,NA,3.8,1,0,0,1,0,0,3.8
39,5,23,39_23,panelist,med,NA,3.8,1,0,0,0,1,0.1,3.9
39,5,24,39_24,panelist,low,NA,3.8,1,0,1,0,0,0,3.8
39,7,01,39_01,panelist,low,NA,4.2,1,0,1,0,0,0,4.2
39,7,02,39_02,panelist,med,NA,4.2,1,0,0,0,0,0,4.2
39,7,03,39_03,panelist,none,NA,4.2,1,0,0,1,0,0,4.2
39,7,04,39_04,panelist,low,NA,4.2,1,0,1,0,0,0,4.2
39,7,05,39_05,reviewer,low,4.2,4.2,0,0,1,0,1,-0.2,4
39,7,06,39_06,panelist,none,NA,4.2,1,0,0,1,0,0,4.2
39,7,07,39_07,reviewer,high,4.2,4.2,0,1,0,0,0,0,4.2
39,7,08,39_08,panelist,none,NA,4.2,1,0,0,1,0,0,4.2
39,7,09,39_09,panelist,low,NA,4.2,1,0,1,0,0,0,4.2
39,7,10,39_10,panelist,low,NA,4.2,1,0,1,0,0,0,4.2
39,7,11,39_11,panelist,none,NA,4.2,1,0,0,1,0,0,4.2
39,7,12,39_12,panelist,none,NA,4.2,1,0,0,1,1,-0.1,4.1
39,7,13,39_13,panelist,high,NA,4.2,1,1,0,0,1,0.1,4.3
39,7,14,39_14,panelist,none,NA,4.2,1,0,0,1,0,0,4.2
39,7,15,39_15,reviewer,low,4.2,4.2,0,0,1,0,0,0,4.2
39,7,16,39_16,panelist,med,NA,4.2,1,0,0,0,0,0,4.2
39,7,17,39_17,panelist,none,NA,4.2,1,0,0,1,0,0,4.2
39,7,18,39_18,panelist,none,NA,4.2,1,0,0,1,0,0,4.2
39,7,19,39_19,panelist,none,NA,4.2,1,0,0,1,0,0,4.2
39,7,20,39_20,panelist,none,NA,4.2,1,0,0,1,1,-0.1,4.1
39,7,21,39_21,panelist,low,NA,4.2,1,0,1,0,0,0,4.2
39,7,22,39_22,panelist,med,NA,4.2,1,0,0,0,0,0,4.2
39,7,23,39_23,panelist,med,NA,4.2,1,0,0,0,0,0,4.2
39,7,24,39_24,panelist,med,NA,4.2,1,0,0,0,1,0.1,4.3
39,9,01,39_01,panelist,none,NA,4,1,0,0,1,1,-0.1,3.9
39,9,02,39_02,panelist,high,NA,4,1,1,0,0,1,-0.3,3.7
39,9,03,39_03,panelist,med,NA,4,1,0,0,0,1,0.2,4.2
39,9,04,39_04,panelist,low,NA,4,1,0,1,0,0,0,4
39,9,05,39_05,panelist,low,NA,4,1,0,1,0,1,0.1,4.1
39,9,06,39_06,panelist,none,NA,4,1,0,0,1,1,0.3,4.3
39,9,07,39_07,panelist,high,NA,4,1,1,0,0,0,0,4
39,9,08,39_08,reviewer,none,4,4,0,0,0,1,1,-0.3,3.7
39,9,09,39_09,panelist,low,NA,4,1,0,1,0,0,0,4
39,9,10,39_10,panelist,low,NA,4,1,0,1,0,1,-0.3,3.7
39,9,11,39_11,reviewer,none,4.1,4,0,0,0,1,1,-0.3,3.7
39,9,12,39_12,panelist,none,NA,4,1,0,0,1,1,-0.1,3.9
39,9,13,39_13,panelist,none,NA,4,1,0,0,1,1,-0.1,3.9
39,9,14,39_14,panelist,none,NA,4,1,0,0,1,1,-0.1,3.9
39,9,15,39_15,panelist,none,NA,4,1,0,0,1,0,0,4
39,9,16,39_16,panelist,med,NA,4,1,0,0,0,0,0,4
39,9,17,39_17,panelist,med,NA,4,1,0,0,0,1,0.1,4.1
39,9,18,39_18,panelist,none,NA,4,1,0,0,1,0,0,4
39,9,19,39_19,panelist,low,NA,4,1,0,1,0,1,-0.1,3.9
39,9,20,39_20,panelist,low,NA,4,1,0,1,0,1,0.1,4.1
39,9,21,39_21,panelist,none,NA,4,1,0,0,1,0,0,4
39,9,22,39_22,panelist,low,NA,4,1,0,1,0,1,0.1,4.1
39,9,23,39_23,reviewer,med,3.8,4,0,0,0,0,1,0.1,4.1
39,9,24,39_24,panelist,med,NA,4,1,0,0,0,0,0,4
39,10,01,39_01,panelist,none,NA,3.5,1,0,0,1,1,-0.1,3.4
39,10,02,39_02,panelist,high,NA,3.5,1,1,0,0,1,-0.3,3.2
39,10,03,39_03,panelist,med,NA,3.5,1,0,0,0,0,0,3.5
39,10,04,39_04,panelist,low,NA,3.5,1,0,1,0,1,-0.1,3.4
39,10,05,39_05,panelist,none,NA,3.5,1,0,0,1,1,0.1,3.6
39,10,06,39_06,reviewer,low,3.2,3.5,0,0,1,0,1,-0.1,3.4
39,10,07,39_07,panelist,none,NA,3.5,1,0,0,1,0,0,3.5
39,10,08,39_08,panelist,none,NA,3.5,1,0,0,1,0,0,3.5
39,10,09,39_09,panelist,low,NA,3.5,1,0,1,0,0,0,3.5
39,10,10,39_10,panelist,low,NA,3.5,1,0,1,0,1,-0.1,3.4
39,10,11,39_11,panelist,low,NA,3.5,1,0,1,0,0,0,3.5
39,10,12,39_12,reviewer,low,3.6,3.5,0,0,1,0,1,-0.4,3.1
39,10,13,39_13,panelist,med,NA,3.5,1,0,0,0,1,-0.1,3.4
39,10,14,39_14,reviewer,none,3.6,3.5,0,0,0,1,1,-0.1,3.4
39,10,15,39_15,panelist,none,NA,3.5,1,0,0,1,0,0,3.5
39,10,16,39_16,panelist,med,NA,3.5,1,0,0,0,1,-0.2,3.3
39,10,17,39_17,panelist,high,NA,3.5,1,1,0,0,1,0.1,3.6
39,10,18,39_18,panelist,med,NA,3.5,1,0,0,0,0,0,3.5
39,10,19,39_19,panelist,low,NA,3.5,1,0,1,0,0,0,3.5
39,10,20,39_20,panelist,none,NA,3.5,1,0,0,1,1,-0.1,3.4
39,10,21,39_21,panelist,med,NA,3.5,1,0,0,0,0,0,3.5
39,10,22,39_22,panelist,none,NA,3.5,1,0,0,1,1,0.1,3.6
39,10,23,39_23,panelist,none,NA,3.5,1,0,0,1,0,0,3.5
39,10,24,39_24,panelist,none,NA,3.5,1,0,0,1,1,0.2,3.7
39,11,01,39_01,panelist,none,NA,3.9,1,0,0,1,1,-0.3,3.6
39,11,02,39_02,panelist,none,NA,3.9,1,0,0,1,0,0,3.9
39,11,03,39_03,panelist,med,NA,3.9,1,0,0,0,1,0.3,4.2
39,11,04,39_04,panelist,low,NA,3.9,1,0,1,0,1,-0.1,3.8
39,11,05,39_05,reviewer,none,3.9,3.9,0,0,0,1,1,0.1,4
39,11,06,39_06,panelist,low,NA,3.9,1,0,1,0,0,0,3.9
39,11,07,39_07,panelist,none,NA,3.9,1,0,0,1,0,0,3.9
39,11,08,39_08,reviewer,none,3.5,3.9,0,0,0,1,0,0,3.9
39,11,09,39_09,panelist,med,NA,3.9,1,0,0,0,0,0,3.9
39,11,10,39_10,panelist,high,NA,3.9,1,1,0,0,0,0,3.9
39,11,11,39_11,panelist,none,NA,3.9,1,0,0,1,0,0,3.9
39,11,12,39_12,panelist,none,NA,3.9,1,0,0,1,1,0.2,4.1
39,11,13,39_13,panelist,med,NA,3.9,1,0,0,0,1,-0.1,3.8
39,11,14,39_14,panelist,low,NA,3.9,1,0,1,0,0,0,3.9
39,11,15,39_15,panelist,high,NA,3.9,1,1,0,0,0,0,3.9
39,11,16,39_16,panelist,none,NA,3.9,1,0,0,1,0,0,3.9
39,11,17,39_17,panelist,none,NA,3.9,1,0,0,1,0,0,3.9
39,11,18,39_18,panelist,low,NA,3.9,1,0,1,0,1,0.2,4.1
39,11,19,39_19,panelist,low,NA,3.9,1,0,1,0,0,0,3.9
39,11,20,39_20,reviewer,med,4.3,3.9,0,0,0,0,0,0,3.9
39,11,21,39_21,panelist,none,NA,3.9,1,0,0,1,1,-0.1,3.8
39,11,22,39_22,panelist,low,NA,3.9,1,0,1,0,0,0,3.9
39,11,23,39_23,panelist,low,NA,3.9,1,0,1,0,0,0,3.9
39,11,24,39_24,panelist,med,NA,3.9,1,0,0,0,1,0.2,4.1
39,14,01,39_01,panelist,low,NA,4.1,1,0,1,0,0,0,4.1
39,14,02,39_02,panelist,low,NA,4.1,1,0,1,0,0,0,4.1
39,14,03,39_03,panelist,med,NA,4.1,1,0,0,0,0,0,4.1
39,14,04,39_04,panelist,low,NA,4.1,1,0,1,0,0,0,4.1
39,14,05,39_05,panelist,none,NA,4.1,1,0,0,1,1,-0.1,4
39,14,06,39_06,panelist,none,NA,4.1,1,0,0,1,1,0.2,4.3
39,14,07,39_07,panelist,none,NA,4.1,1,0,0,1,1,0.1,4.2
39,14,08,39_08,panelist,none,NA,4.1,1,0,0,1,1,-0.2,3.9
39,14,09,39_09,panelist,high,NA,4.1,1,1,0,0,0,0,4.1
39,14,10,39_10,panelist,none,NA,4.1,1,0,0,1,0,0,4.1
39,14,11,39_11,panelist,low,NA,4.1,1,0,1,0,0,0,4.1
39,14,12,39_12,reviewer,none,3.8,4.1,0,0,0,1,0,0,4.1
39,14,13,39_13,panelist,high,NA,4.1,1,1,0,0,0,0,4.1
39,14,14,39_14,panelist,low,NA,4.1,1,0,1,0,0,0,4.1
39,14,15,39_15,panelist,low,NA,4.1,1,0,1,0,0,0,4.1
39,14,16,39_16,panelist,med,NA,4.1,1,0,0,0,0,0,4.1
39,14,17,39_17,panelist,none,NA,4.1,1,0,0,1,1,-0.1,4
39,14,18,39_18,panelist,med,NA,4.1,1,0,0,0,1,0.1,4.2
39,14,19,39_19,panelist,none,NA,4.1,1,0,0,1,0,0,4.1
39,14,20,39_20,reviewer,none,4.3,4.1,0,0,0,1,0,0,4.1
39,14,21,39_21,reviewer,med,4.1,4.1,0,0,0,0,0,0,4.1
39,14,22,39_22,panelist,med,NA,4.1,1,0,0,0,0,0,4.1
39,14,23,39_23,panelist,none,NA,4.1,1,0,0,1,0,0,4.1
39,14,24,39_24,panelist,low,NA,4.1,1,0,1,0,0,0,4.1
39,15,01,39_01,panelist,med,NA,3.9,1,0,0,0,0,0,3.9
39,15,02,39_02,panelist,low,NA,3.9,1,0,1,0,0,0,3.9
39,15,03,39_03,panelist,low,NA,3.9,1,0,1,0,0,0,3.9
39,15,04,39_04,reviewer,none,3.9,3.9,0,0,0,1,0,0,3.9
39,15,05,39_05,panelist,med,NA,3.9,1,0,0,0,0,0,3.9
39,15,06,39_06,panelist,low,NA,3.9,1,0,1,0,0,0,3.9
39,15,07,39_07,panelist,low,NA,3.9,1,0,1,0,0,0,3.9
39,15,08,39_08,panelist,none,NA,3.9,1,0,0,1,0,0,3.9
39,15,09,39_09,panelist,med,NA,3.9,1,0,0,0,0,0,3.9
39,15,10,39_10,panelist,none,NA,3.9,1,0,0,1,1,0.2,4.1
39,15,11,39_11,reviewer,med,3.8,3.9,0,0,0,0,1,0.1,4
39,15,12,39_12,reviewer,none,4.1,3.9,0,0,0,1,0,0,3.9
39,15,13,39_13,panelist,none,NA,3.9,1,0,0,1,1,-0.1,3.8
39,15,14,39_14,panelist,none,NA,3.9,1,0,0,1,0,0,3.9
39,15,15,39_15,panelist,none,NA,3.9,1,0,0,1,1,0.2,4.1
39,15,16,39_16,panelist,none,NA,3.9,1,0,0,1,0,0,3.9
39,15,17,39_17,panelist,low,NA,3.9,1,0,1,0,0,0,3.9
39,15,18,39_18,panelist,low,NA,3.9,1,0,1,0,0,0,3.9
39,15,19,39_19,panelist,none,NA,3.9,1,0,0,1,1,-0.1,3.8
39,15,20,39_20,panelist,none,NA,3.9,1,0,0,1,0,0,3.9
39,15,21,39_21,panelist,low,NA,3.9,1,0,1,0,1,0.1,4
39,15,22,39_22,panelist,high,NA,3.9,1,1,0,0,0,0,3.9
39,15,23,39_23,panelist,med,NA,3.9,1,0,0,0,1,0.1,4
39,15,24,39_24,panelist,high,NA,3.9,1,1,0,0,0,0,3.9
39,18,01,39_01,panelist,low,NA,4,1,0,1,0,0,0,4
39,18,02,39_02,panelist,none,NA,4,1,0,0,1,0,0,4
39,18,03,39_03,panelist,none,NA,4,1,0,0,1,1,0.2,4.2
39,18,04,39_04,reviewer,none,4.2,4,0,0,0,1,1,-0.2,3.8
39,18,05,39_05,panelist,med,NA,4,1,0,0,0,0,0,4
39,18,06,39_06,panelist,none,NA,4,1,0,0,1,0,0,4
39,18,07,39_07,panelist,none,NA,4,1,0,0,1,1,0.1,4.1
39,18,08,39_08,panelist,med,NA,4,1,0,0,0,0,0,4
39,18,09,39_09,panelist,low,NA,4,1,0,1,0,1,-0.4,3.6
39,18,10,39_10,panelist,low,NA,4,1,0,1,0,1,-0.2,3.8
39,18,11,39_11,panelist,none,NA,4,1,0,0,1,0,0,4
39,18,12,39_12,panelist,none,NA,4,1,0,0,1,1,-0.1,3.9
39,18,13,39_13,panelist,low,NA,4,1,0,1,0,1,-0.1,3.9
39,18,14,39_14,reviewer,med,4.2,4,0,0,0,0,1,0.1,4.1
39,18,15,39_15,panelist,none,NA,4,1,0,0,1,0,0,4
39,18,16,39_16,panelist,med,NA,4,1,0,0,0,0,0,4
39,18,17,39_17,reviewer,low,3.6,4,0,0,1,0,0,0,4
39,18,18,39_18,panelist,none,NA,4,1,0,0,1,0,0,4
39,18,19,39_19,panelist,low,NA,4,1,0,1,0,1,-0.1,3.9
39,18,20,39_20,panelist,high,NA,4,1,1,0,0,1,-0.3,3.7
39,18,21,39_21,panelist,high,NA,4,1,1,0,0,1,0.2,4.2
39,18,22,39_22,panelist,med,NA,4,1,0,0,0,1,0.3,4.3
39,18,23,39_23,panelist,low,NA,4,1,0,1,0,1,0.1,4.1
39,18,24,39_24,panelist,none,NA,4,1,0,0,1,1,0.2,4.2
39,21,01,39_01,panelist,med,NA,4.5,1,0,0,0,0,0,4.5
39,21,02,39_02,panelist,none,NA,4.5,1,0,0,1,1,-0.1,4.4
39,21,03,39_03,panelist,low,NA,4.5,1,0,1,0,1,-0.1,4.4
39,21,04,39_04,panelist,low,NA,4.5,1,0,1,0,0,0,4.5
39,21,05,39_05,reviewer,none,4.3,4.5,0,0,0,1,0,0,4.5
39,21,06,39_06,panelist,med,NA,4.5,1,0,0,0,0,0,4.5
39,21,07,39_07,panelist,high,NA,4.5,1,1,0,0,0,0,4.5
39,21,08,39_08,reviewer,med,4.6,4.5,0,0,0,0,0,0,4.5
39,21,09,39_09,panelist,high,NA,4.5,1,1,0,0,0,0,4.5
39,21,10,39_10,panelist,none,NA,4.5,1,0,0,1,0,0,4.5
39,21,11,39_11,panelist,none,NA,4.5,1,0,0,1,0,0,4.5
39,21,12,39_12,panelist,low,NA,4.5,1,0,1,0,0,0,4.5
39,21,13,39_13,panelist,none,NA,4.5,1,0,0,1,1,0.2,4.7
39,21,14,39_14,panelist,med,NA,4.5,1,0,0,0,0,0,4.5
39,21,15,39_15,panelist,none,NA,4.5,1,0,0,1,0,0,4.5
39,21,16,39_16,panelist,none,NA,4.5,1,0,0,1,0,0,4.5
39,21,17,39_17,panelist,none,NA,4.5,1,0,0,1,0,0,4.5
39,21,18,39_18,panelist,none,NA,4.5,1,0,0,1,1,0.1,4.6
39,21,19,39_19,panelist,low,NA,4.5,1,0,1,0,0,0,4.5
39,21,20,39_20,panelist,none,NA,4.5,1,0,0,1,1,-0.3,4.2
39,21,21,39_21,panelist,low,NA,4.5,1,0,1,0,0,0,4.5
39,21,22,39_22,panelist,low,NA,4.5,1,0,1,0,0,0,4.5
39,21,23,39_23,reviewer,low,4.6,4.5,0,0,1,0,1,-0.1,4.4
39,21,24,39_24,panelist,med,NA,4.5,1,0,0,0,1,-0.1,4.4
39,24,01,39_01,panelist,low,NA,4.4,1,0,1,0,1,-0.2,4.2
39,24,02,39_02,panelist,low,NA,4.4,1,0,1,0,0,0,4.4
39,24,03,39_03,panelist,high,NA,4.4,1,1,0,0,0,0,4.4
39,24,04,39_04,panelist,none,NA,4.4,1,0,0,1,0,0,4.4
39,24,05,39_05,panelist,none,NA,4.4,1,0,0,1,1,-0.3,4.1
39,24,06,39_06,panelist,none,NA,4.4,1,0,0,1,0,0,4.4
39,24,07,39_07,panelist,low,NA,4.4,1,0,1,0,0,0,4.4
39,24,08,39_08,panelist,high,NA,4.4,1,1,0,0,0,0,4.4
39,24,09,39_09,panelist,med,NA,4.4,1,0,0,0,1,-0.1,4.3
39,24,10,39_10,panelist,none,NA,4.4,1,0,0,1,0,0,4.4
39,24,11,39_11,panelist,low,NA,4.4,1,0,1,0,0,0,4.4
39,24,12,39_12,reviewer,none,4.5,4.4,0,0,0,1,1,0.3,4.7
39,24,13,39_13,panelist,none,NA,4.4,1,0,0,1,1,-0.2,4.2
39,24,14,39_14,panelist,med,NA,4.4,1,0,0,0,1,-0.2,4.2
39,24,15,39_15,panelist,none,NA,4.4,1,0,0,1,0,0,4.4
39,24,16,39_16,panelist,med,NA,4.4,1,0,0,0,0,0,4.4
39,24,17,39_17,panelist,none,NA,4.4,1,0,0,1,1,0.3,4.7
39,24,18,39_18,panelist,none,NA,4.4,1,0,0,1,0,0,4.4
39,24,19,39_19,panelist,low,NA,4.4,1,0,1,0,0,0,4.4
39,24,20,39_20,panelist,med,NA,4.4,1,0,0,0,0,0,4.4
39,24,21,39_21,panelist,none,NA,4.4,1,0,0,1,1,-0.2,4.2
39,24,22,39_22,panelist,low,NA,4.4,1,0,1,0,0,0,4.4
39,24,23,39_23,reviewer,med,4,4.4,0,0,0,0,1,-0.1,4.3
39,24,24,39_24,reviewer,low,4.6,4.4,0,0,1,0,0,0,4.4
39,25,01,39_01,panelist,low,NA,3.7,1,0,1,0,0,0,3.7
39,25,02,39_02,panelist,high,NA,3.7,1,1,0,0,0,0,3.7
39,25,03,39_03,panelist,none,NA,3.7,1,0,0,1,1,0.1,3.8
39,25,04,39_04,panelist,none,NA,3.7,1,0,0,1,0,0,3.7
39,25,05,39_05,panelist,low,NA,3.7,1,0,1,0,0,0,3.7
39,25,06,39_06,panelist,med,NA,3.7,1,0,0,0,1,-0.2,3.5
39,25,07,39_07,panelist,med,NA,3.7,1,0,0,0,0,0,3.7
39,25,08,39_08,panelist,high,NA,3.7,1,1,0,0,1,-0.2,3.5
39,25,09,39_09,panelist,low,NA,3.7,1,0,1,0,0,0,3.7
39,25,10,39_10,panelist,low,NA,3.7,1,0,1,0,1,-0.2,3.5
39,25,11,39_11,panelist,med,NA,3.7,1,0,0,0,0,0,3.7
39,25,12,39_12,reviewer,none,4,3.7,0,0,0,1,1,-0.2,3.5
39,25,13,39_13,reviewer,none,3.4,3.7,0,0,0,1,0,0,3.7
39,25,14,39_14,panelist,low,NA,3.7,1,0,1,0,0,0,3.7
39,25,15,39_15,panelist,none,NA,3.7,1,0,0,1,1,0.1,3.8
39,25,16,39_16,panelist,low,NA,3.7,1,0,1,0,1,-0.1,3.6
39,25,17,39_17,panelist,none,NA,3.7,1,0,0,1,1,-0.2,3.5
39,25,18,39_18,panelist,none,NA,3.7,1,0,0,1,1,0.1,3.8
39,25,19,39_19,reviewer,none,3.7,3.7,0,0,0,1,1,-0.1,3.6
39,25,20,39_20,panelist,med,NA,3.7,1,0,0,0,1,-0.1,3.6
39,25,21,39_21,panelist,med,NA,3.7,1,0,0,0,0,0,3.7
39,25,22,39_22,panelist,none,NA,3.7,1,0,0,1,0,0,3.7
39,25,23,39_23,panelist,none,NA,3.7,1,0,0,1,1,0.3,4
39,25,24,39_24,panelist,low,NA,3.7,1,0,1,0,1,0.1,3.8
39,27,01,39_01,panelist,none,NA,4,1,0,0,1,0,0,4
39,27,02,39_02,panelist,none,NA,4,1,0,0,1,0,0,4
39,27,03,39_03,panelist,none,NA,4,1,0,0,1,0,0,4
39,27,04,39_04,panelist,none,NA,4,1,0,0,1,1,-0.5,3.5
39,27,05,39_05,panelist,med,NA,4,1,0,0,0,1,0.2,4.2
39,27,06,39_06,panelist,low,NA,4,1,0,1,0,1,-0.2,3.8
39,27,07,39_07,panelist,med,NA,4,1,0,0,0,0,0,4
39,27,08,39_08,panelist,low,NA,4,1,0,1,0,0,0,4
39,27,09,39_09,reviewer,med,4.2,4,0,0,0,0,0,0,4
39,27,10,39_10,panelist,low,NA,4,1,0,1,0,1,-0.1,3.9
39,27,11,39_11,reviewer,low,4,4,0,0,1,0,0,0,4
39,27,12,39_12,panelist,none,NA,4,1,0,0,1,1,-0.1,3.9
39,27,13,39_13,panelist,none,NA,4,1,0,0,1,0,0,4
39,27,14,39_14,panelist,low,NA,4,1,0,1,0,0,0,4
39,27,15,39_15,reviewer,high,3.9,4,0,1,0,0,0,0,4
39,27,16,39_16,panelist,med,NA,4,1,0,0,0,1,0.1,4.1
39,27,17,39_17,panelist,high,NA,4,1,1,0,0,0,0,4
39,27,18,39_18,panelist,none,NA,4,1,0,0,1,1,0.5,4.5
39,27,19,39_19,panelist,none,NA,4,1,0,0,1,0,0,4
39,27,20,39_20,panelist,none,NA,4,1,0,0,1,1,-0.3,3.7
39,27,21,39_21,panelist,low,NA,4,1,0,1,0,0,0,4
39,27,22,39_22,panelist,none,NA,4,1,0,0,1,0,0,4
39,27,23,39_23,panelist,low,NA,4,1,0,1,0,0,0,4
39,27,24,39_24,panelist,med,NA,4,1,0,0,0,1,-0.4,3.6
40,3,01,40_01,panelist,high,NA,4.3,1,1,0,0,0,0,4.3
40,3,02,40_02,panelist,low,NA,4.3,1,0,1,0,0,0,4.3
40,3,03,40_03,panelist,low,NA,4.3,1,0,1,0,1,-0.1,4.2
40,3,04,40_04,panelist,none,NA,4.3,1,0,0,1,0,0,4.3
40,3,05,40_05,panelist,low,NA,4.3,1,0,1,0,1,-0.1,4.2
40,3,06,40_06,panelist,none,NA,4.3,1,0,0,1,1,0.1,4.4
40,3,07,40_07,panelist,low,NA,4.3,1,0,1,0,0,0,4.3
40,3,08,40_08,reviewer,high,4.2,4.3,0,1,0,0,0,0,4.3
40,3,09,40_09,panelist,none,NA,4.3,1,0,0,1,0,0,4.3
40,3,10,40_10,panelist,low,NA,4.3,1,0,1,0,0,0,4.3
40,3,11,40_11,panelist,med,NA,4.3,1,0,0,0,0,0,4.3
40,3,12,40_12,panelist,med,NA,4.3,1,0,0,0,0,0,4.3
40,3,13,40_13,reviewer,none,4.6,4.3,0,0,0,1,0,0,4.3
40,3,14,40_14,reviewer,med,4.2,4.3,0,0,0,0,0,0,4.3
40,3,15,40_15,panelist,none,NA,4.3,1,0,0,1,1,-0.2,4.1
40,3,16,40_16,panelist,med,NA,4.3,1,0,0,0,0,0,4.3
40,3,17,40_17,panelist,none,NA,4.3,1,0,0,1,1,0.1,4.4
40,3,18,40_18,panelist,none,NA,4.3,1,0,0,1,0,0,4.3
40,3,19,40_19,panelist,none,NA,4.3,1,0,0,1,0,0,4.3
40,3,20,40_20,panelist,none,NA,4.3,1,0,0,1,1,0.1,4.4
40,3,21,40_21,panelist,med,NA,4.3,1,0,0,0,1,-0.1,4.2
40,3,22,40_22,panelist,none,NA,4.3,1,0,0,1,1,0.1,4.4
40,3,23,40_23,panelist,low,NA,4.3,1,0,1,0,1,0.2,4.5
40,3,24,40_24,panelist,low,NA,4.3,1,0,1,0,0,0,4.3
40,6,01,40_01,panelist,none,NA,3.6,1,0,0,1,0,0,3.6
40,6,02,40_02,panelist,low,NA,3.6,1,0,1,0,1,0.2,3.8
40,6,03,40_03,panelist,none,NA,3.6,1,0,0,1,1,0.2,3.8
40,6,04,40_04,panelist,none,NA,3.6,1,0,0,1,1,0.1,3.7
40,6,05,40_05,panelist,none,NA,3.6,1,0,0,1,1,-0.2,3.4
40,6,06,40_06,panelist,low,NA,3.6,1,0,1,0,1,-0.2,3.4
40,6,07,40_07,panelist,high,NA,3.6,1,1,0,0,0,0,3.6
40,6,08,40_08,panelist,none,NA,3.6,1,0,0,1,1,-0.2,3.4
40,6,09,40_09,reviewer,low,3.3,3.6,0,0,1,0,0,0,3.6
40,6,10,40_10,panelist,low,NA,3.6,1,0,1,0,1,0.2,3.8
40,6,11,40_11,panelist,med,NA,3.6,1,0,0,0,0,0,3.6
40,6,12,40_12,panelist,none,NA,3.6,1,0,0,1,0,0,3.6
40,6,13,40_13,panelist,low,NA,3.6,1,0,1,0,0,0,3.6
40,6,14,40_14,reviewer,med,3.7,3.6,0,0,0,0,1,0.3,3.9
40,6,15,40_15,reviewer,med,3.7,3.6,0,0,0,0,1,-0.3,3.3
40,6,16,40_16,panelist,none,NA,3.6,1,0,0,1,1,0.2,3.8
40,6,17,40_17,panelist,med,NA,3.6,1,0,0,0,0,0,3.6
40,6,18,40_18,panelist,none,NA,3.6,1,0,0,1,0,0,3.6
40,6,19,40_19,panelist,low,NA,3.6,1,0,1,0,0,0,3.6
40,6,20,40_20,panelist,med,NA,3.6,1,0,0,0,0,0,3.6
40,6,21,40_21,panelist,none,NA,3.6,1,0,0,1,0,0,3.6
40,6,22,40_22,panelist,none,NA,3.6,1,0,0,1,1,0.3,3.9
40,6,23,40_23,panelist,low,NA,3.6,1,0,1,0,1,0.2,3.8
40,6,24,40_24,panelist,high,NA,3.6,1,1,0,0,0,0,3.6
40,7,01,40_01,panelist,low,NA,3.5,1,0,1,0,0,0,3.5
40,7,02,40_02,panelist,low,NA,3.5,1,0,1,0,1,0.1,3.6
40,7,03,40_03,reviewer,none,3.5,3.5,0,0,0,1,1,0.1,3.6
40,7,04,40_04,panelist,low,NA,3.5,1,0,1,0,0,0,3.5
40,7,05,40_05,reviewer,low,3.2,3.5,0,0,1,0,0,0,3.5
40,7,06,40_06,panelist,none,NA,3.5,1,0,0,1,0,0,3.5
40,7,07,40_07,panelist,high,NA,3.5,1,1,0,0,0,0,3.5
40,7,08,40_08,panelist,none,NA,3.5,1,0,0,1,1,-0.3,3.2
40,7,09,40_09,panelist,low,NA,3.5,1,0,1,0,1,-0.1,3.4
40,7,10,40_10,panelist,med,NA,3.5,1,0,0,0,0,0,3.5
40,7,11,40_11,panelist,none,NA,3.5,1,0,0,1,0,0,3.5
40,7,12,40_12,panelist,low,NA,3.5,1,0,1,0,0,0,3.5
40,7,13,40_13,panelist,med,NA,3.5,1,0,0,0,1,-0.1,3.4
40,7,14,40_14,panelist,none,NA,3.5,1,0,0,1,0,0,3.5
40,7,15,40_15,panelist,none,NA,3.5,1,0,0,1,0,0,3.5
40,7,16,40_16,panelist,none,NA,3.5,1,0,0,1,0,0,3.5
40,7,17,40_17,panelist,med,NA,3.5,1,0,0,0,0,0,3.5
40,7,18,40_18,panelist,high,NA,3.5,1,1,0,0,1,0.5,4
40,7,19,40_19,panelist,none,NA,3.5,1,0,0,1,0,0,3.5
40,7,20,40_20,panelist,none,NA,3.5,1,0,0,1,0,0,3.5
40,7,21,40_21,reviewer,med,3.7,3.5,0,0,0,0,0,0,3.5
40,7,22,40_22,panelist,none,NA,3.5,1,0,0,1,0,0,3.5
40,7,23,40_23,panelist,med,NA,3.5,1,0,0,0,0,0,3.5
40,7,24,40_24,panelist,low,NA,3.5,1,0,1,0,0,0,3.5
40,9,01,40_01,panelist,med,NA,3.8,1,0,0,0,0,0,3.8
40,9,02,40_02,panelist,med,NA,3.8,1,0,0,0,1,0.3,4.1
40,9,03,40_03,panelist,none,NA,3.8,1,0,0,1,0,0,3.8
40,9,04,40_04,panelist,med,NA,3.8,1,0,0,0,1,0.3,4.1
40,9,05,40_05,panelist,none,NA,3.8,1,0,0,1,0,0,3.8
40,9,06,40_06,panelist,med,NA,3.8,1,0,0,0,1,0.2,4
40,9,07,40_07,panelist,high,NA,3.8,1,1,0,0,0,0,3.8
40,9,08,40_08,panelist,none,NA,3.8,1,0,0,1,0,0,3.8
40,9,09,40_09,panelist,none,NA,3.8,1,0,0,1,0,0,3.8
40,9,10,40_10,panelist,low,NA,3.8,1,0,1,0,1,-0.2,3.6
40,9,11,40_11,panelist,low,NA,3.8,1,0,1,0,1,0.1,3.9
40,9,12,40_12,panelist,none,NA,3.8,1,0,0,1,1,-0.2,3.6
40,9,13,40_13,reviewer,low,4,3.8,0,0,1,0,1,0.4,4.2
40,9,14,40_14,reviewer,none,3.5,3.8,0,0,0,1,0,0,3.8
40,9,15,40_15,panelist,none,NA,3.8,1,0,0,1,1,-0.2,3.6
40,9,16,40_16,panelist,low,NA,3.8,1,0,1,0,1,-0.1,3.7
40,9,17,40_17,panelist,med,NA,3.8,1,0,0,0,1,0.1,3.9
40,9,18,40_18,panelist,low,NA,3.8,1,0,1,0,1,-0.2,3.6
40,9,19,40_19,panelist,low,NA,3.8,1,0,1,0,0,0,3.8
40,9,20,40_20,panelist,high,NA,3.8,1,1,0,0,1,0.1,3.9
40,9,21,40_21,panelist,none,NA,3.8,1,0,0,1,0,0,3.8
40,9,22,40_22,panelist,low,NA,3.8,1,0,1,0,1,0.1,3.9
40,9,23,40_23,reviewer,none,3.8,3.8,0,0,0,1,1,0.3,4.1
40,9,24,40_24,panelist,none,NA,3.8,1,0,0,1,0,0,3.8
40,11,01,40_01,panelist,low,NA,4.3,1,0,1,0,0,0,4.3
40,11,02,40_02,panelist,med,NA,4.3,1,0,0,0,0,0,4.3
40,11,03,40_03,panelist,none,NA,4.3,1,0,0,1,1,-0.1,4.2
40,11,04,40_04,panelist,none,NA,4.3,1,0,0,1,0,0,4.3
40,11,05,40_05,panelist,high,NA,4.3,1,1,0,0,0,0,4.3
40,11,06,40_06,panelist,low,NA,4.3,1,0,1,0,0,0,4.3
40,11,07,40_07,panelist,low,NA,4.3,1,0,1,0,1,0.1,4.4
40,11,08,40_08,panelist,low,NA,4.3,1,0,1,0,0,0,4.3
40,11,09,40_09,panelist,none,NA,4.3,1,0,0,1,1,-0.3,4
40,11,10,40_10,panelist,none,NA,4.3,1,0,0,1,0,0,4.3
40,11,11,40_11,panelist,high,NA,4.3,1,1,0,0,1,-0.1,4.2
40,11,12,40_12,panelist,low,NA,4.3,1,0,1,0,1,0.1,4.4
40,11,13,40_13,panelist,low,NA,4.3,1,0,1,0,0,0,4.3
40,11,14,40_14,reviewer,none,4.5,4.3,0,0,0,1,0,0,4.3
40,11,15,40_15,panelist,low,NA,4.3,1,0,1,0,0,0,4.3
40,11,16,40_16,reviewer,none,4.2,4.3,0,0,0,1,1,0.1,4.4
40,11,17,40_17,panelist,none,NA,4.3,1,0,0,1,0,0,4.3
40,11,18,40_18,panelist,med,NA,4.3,1,0,0,0,0,0,4.3
40,11,19,40_19,panelist,none,NA,4.3,1,0,0,1,1,0.2,4.5
40,11,20,40_20,panelist,med,NA,4.3,1,0,0,0,1,0.1,4.4
40,11,21,40_21,reviewer,none,4.2,4.3,0,0,0,1,0,0,4.3
40,11,22,40_22,panelist,med,NA,4.3,1,0,0,0,0,0,4.3
40,11,23,40_23,panelist,med,NA,4.3,1,0,0,0,1,0.1,4.4
40,11,24,40_24,panelist,none,NA,4.3,1,0,0,1,1,0.4,4.7
40,12,01,40_01,panelist,none,NA,4.1,1,0,0,1,0,0,4.1
40,12,02,40_02,panelist,high,NA,4.1,1,1,0,0,0,0,4.1
40,12,03,40_03,panelist,none,NA,4.1,1,0,0,1,1,0.1,4.2
40,12,04,40_04,panelist,none,NA,4.1,1,0,0,1,0,0,4.1
40,12,05,40_05,panelist,low,NA,4.1,1,0,1,0,0,0,4.1
40,12,06,40_06,panelist,med,NA,4.1,1,0,0,0,1,0.1,4.2
40,12,07,40_07,panelist,none,NA,4.1,1,0,0,1,1,0.4,4.5
40,12,08,40_08,panelist,none,NA,4.1,1,0,0,1,0,0,4.1
40,12,09,40_09,panelist,low,NA,4.1,1,0,1,0,0,0,4.1
40,12,10,40_10,panelist,med,NA,4.1,1,0,0,0,0,0,4.1
40,12,11,40_11,panelist,high,NA,4.1,1,1,0,0,0,0,4.1
40,12,12,40_12,reviewer,none,4,4.1,0,0,0,1,0,0,4.1
40,12,13,40_13,panelist,med,NA,4.1,1,0,0,0,0,0,4.1
40,12,14,40_14,panelist,low,NA,4.1,1,0,1,0,0,0,4.1
40,12,15,40_15,reviewer,none,4.2,4.1,0,0,0,1,0,0,4.1
40,12,16,40_16,panelist,low,NA,4.1,1,0,1,0,0,0,4.1
40,12,17,40_17,panelist,med,NA,4.1,1,0,0,0,0,0,4.1
40,12,18,40_18,panelist,low,NA,4.1,1,0,1,0,0,0,4.1
40,12,19,40_19,panelist,low,NA,4.1,1,0,1,0,0,0,4.1
40,12,20,40_20,panelist,none,NA,4.1,1,0,0,1,0,0,4.1
40,12,21,40_21,panelist,med,NA,4.1,1,0,0,0,1,0.1,4.2
40,12,22,40_22,reviewer,low,4.1,4.1,0,0,1,0,0,0,4.1
40,12,23,40_23,panelist,none,NA,4.1,1,0,0,1,0,0,4.1
40,12,24,40_24,panelist,none,NA,4.1,1,0,0,1,0,0,4.1
40,13,01,40_01,panelist,none,NA,3.5,1,0,0,1,1,0.2,3.7
40,13,02,40_02,panelist,none,NA,3.5,1,0,0,1,1,0.1,3.6
40,13,03,40_03,panelist,none,NA,3.5,1,0,0,1,1,-0.2,3.3
40,13,04,40_04,panelist,none,NA,3.5,1,0,0,1,0,0,3.5
40,13,05,40_05,reviewer,none,3.4,3.5,0,0,0,1,1,-0.1,3.4
40,13,06,40_06,panelist,med,NA,3.5,1,0,0,0,1,0.1,3.6
40,13,07,40_07,panelist,high,NA,3.5,1,1,0,0,0,0,3.5
40,13,08,40_08,panelist,none,NA,3.5,1,0,0,1,0,0,3.5
40,13,09,40_09,panelist,low,NA,3.5,1,0,1,0,0,0,3.5
40,13,10,40_10,panelist,low,NA,3.5,1,0,1,0,0,0,3.5
40,13,11,40_11,panelist,med,NA,3.5,1,0,0,0,1,0.2,3.7
40,13,12,40_12,panelist,none,NA,3.5,1,0,0,1,1,-0.1,3.4
40,13,13,40_13,panelist,low,NA,3.5,1,0,1,0,1,-0.2,3.3
40,13,14,40_14,panelist,low,NA,3.5,1,0,1,0,0,0,3.5
40,13,15,40_15,reviewer,med,3.6,3.5,0,0,0,0,0,0,3.5
40,13,16,40_16,panelist,low,NA,3.5,1,0,1,0,1,-0.1,3.4
40,13,17,40_17,panelist,none,NA,3.5,1,0,0,1,0,0,3.5
40,13,18,40_18,panelist,none,NA,3.5,1,0,0,1,1,-0.3,3.2
40,13,19,40_19,panelist,med,NA,3.5,1,0,0,0,1,0.1,3.6
40,13,20,40_20,panelist,none,NA,3.5,1,0,0,1,0,0,3.5
40,13,21,40_21,panelist,low,NA,3.5,1,0,1,0,1,-0.2,3.3
40,13,22,40_22,reviewer,med,3.6,3.5,0,0,0,0,0,0,3.5
40,13,23,40_23,panelist,high,NA,3.5,1,1,0,0,0,0,3.5
40,13,24,40_24,panelist,low,NA,3.5,1,0,1,0,0,0,3.5
40,14,01,40_01,panelist,none,NA,4.4,1,0,0,1,1,-0.1,4.3
40,14,02,40_02,panelist,none,NA,4.4,1,0,0,1,0,0,4.4
40,14,03,40_03,panelist,none,NA,4.4,1,0,0,1,1,-0.2,4.2
40,14,04,40_04,panelist,low,NA,4.4,1,0,1,0,1,0.3,4.7
40,14,05,40_05,panelist,low,NA,4.4,1,0,1,0,1,-0.1,4.3
40,14,06,40_06,panelist,none,NA,4.4,1,0,0,1,0,0,4.4
40,14,07,40_07,panelist,none,NA,4.4,1,0,0,1,1,0.2,4.6
40,14,08,40_08,panelist,low,NA,4.4,1,0,1,0,0,0,4.4
40,14,09,40_09,panelist,med,NA,4.4,1,0,0,0,0,0,4.4
40,14,10,40_10,panelist,none,NA,4.4,1,0,0,1,1,-0.2,4.2
40,14,11,40_11,panelist,med,NA,4.4,1,0,0,0,0,0,4.4
40,14,12,40_12,panelist,low,NA,4.4,1,0,1,0,1,-0.2,4.2
40,14,13,40_13,panelist,none,NA,4.4,1,0,0,1,1,0.3,4.7
40,14,14,40_14,panelist,none,NA,4.4,1,0,0,1,0,0,4.4
40,14,15,40_15,reviewer,med,4.4,4.4,0,0,0,0,0,0,4.4
40,14,16,40_16,panelist,none,NA,4.4,1,0,0,1,1,0.1,4.5
40,14,17,40_17,reviewer,low,4.4,4.4,0,0,1,0,0,0,4.4
40,14,18,40_18,reviewer,med,4.3,4.4,0,0,0,0,0,0,4.4
40,14,19,40_19,panelist,low,NA,4.4,1,0,1,0,0,0,4.4
40,14,20,40_20,panelist,high,NA,4.4,1,1,0,0,1,0.3,4.7
40,14,21,40_21,panelist,none,NA,4.4,1,0,0,1,0,0,4.4
40,14,22,40_22,panelist,low,NA,4.4,1,0,1,0,1,-0.2,4.2
40,14,23,40_23,panelist,high,NA,4.4,1,1,0,0,0,0,4.4
40,14,24,40_24,panelist,med,NA,4.4,1,0,0,0,0,0,4.4
40,15,01,40_01,panelist,med,NA,3.7,1,0,0,0,1,-0.2,3.5
40,15,02,40_02,reviewer,none,3.9,3.7,0,0,0,1,0,0,3.7
40,15,03,40_03,panelist,none,NA,3.7,1,0,0,1,1,0.2,3.9
40,15,04,40_04,panelist,low,NA,3.7,1,0,1,0,0,0,3.7
40,15,05,40_05,panelist,med,NA,3.7,1,0,0,0,1,-0.3,3.4
40,15,06,40_06,panelist,low,NA,3.7,1,0,1,0,0,0,3.7
40,15,07,40_07,panelist,none,NA,3.7,1,0,0,1,0,0,3.7
40,15,08,40_08,panelist,low,NA,3.7,1,0,1,0,1,0.1,3.8
40,15,09,40_09,panelist,high,NA,3.7,1,1,0,0,0,0,3.7
40,15,10,40_10,panelist,low,NA,3.7,1,0,1,0,1,-0.2,3.5
40,15,11,40_11,panelist,low,NA,3.7,1,0,1,0,1,-0.2,3.5
40,15,12,40_12,panelist,high,NA,3.7,1,1,0,0,0,0,3.7
40,15,13,40_13,panelist,med,NA,3.7,1,0,0,0,1,0.2,3.9
40,15,14,40_14,panelist,med,NA,3.7,1,0,0,0,0,0,3.7
40,15,15,40_15,reviewer,none,3.4,3.7,0,0,0,1,0,0,3.7
40,15,16,40_16,panelist,med,NA,3.7,1,0,0,0,1,-0.2,3.5
40,15,17,40_17,panelist,none,NA,3.7,1,0,0,1,0,0,3.7
40,15,18,40_18,panelist,none,NA,3.7,1,0,0,1,0,0,3.7
40,15,19,40_19,panelist,low,NA,3.7,1,0,1,0,0,0,3.7
40,15,20,40_20,panelist,low,NA,3.7,1,0,1,0,0,0,3.7
40,15,21,40_21,reviewer,none,3.8,3.7,0,0,0,1,1,0.2,3.9
40,15,22,40_22,panelist,none,NA,3.7,1,0,0,1,1,-0.2,3.5
40,15,23,40_23,panelist,none,NA,3.7,1,0,0,1,1,0.4,4.1
40,15,24,40_24,panelist,none,NA,3.7,1,0,0,1,0,0,3.7
40,21,01,40_01,panelist,high,NA,3.9,1,1,0,0,1,-0.2,3.7
40,21,02,40_02,reviewer,none,4,3.9,0,0,0,1,0,0,3.9
40,21,03,40_03,reviewer,none,3.9,3.9,0,0,0,1,0,0,3.9
40,21,04,40_04,panelist,low,NA,3.9,1,0,1,0,1,-0.2,3.7
40,21,05,40_05,panelist,med,NA,3.9,1,0,0,0,0,0,3.9
40,21,06,40_06,reviewer,low,3.8,3.9,0,0,1,0,0,0,3.9
40,21,07,40_07,panelist,none,NA,3.9,1,0,0,1,1,0.4,4.3
40,21,08,40_08,panelist,none,NA,3.9,1,0,0,1,1,-0.1,3.8
40,21,09,40_09,panelist,med,NA,3.9,1,0,0,0,0,0,3.9
40,21,10,40_10,panelist,low,NA,3.9,1,0,1,0,1,0.1,4
40,21,11,40_11,panelist,high,NA,3.9,1,1,0,0,1,-0.3,3.6
40,21,12,40_12,panelist,none,NA,3.9,1,0,0,1,0,0,3.9
40,21,13,40_13,panelist,none,NA,3.9,1,0,0,1,1,0.2,4.1
40,21,14,40_14,panelist,low,NA,3.9,1,0,1,0,1,0.1,4
40,21,15,40_15,panelist,none,NA,3.9,1,0,0,1,1,-0.4,3.5
40,21,16,40_16,panelist,low,NA,3.9,1,0,1,0,1,-0.1,3.8
40,21,17,40_17,panelist,none,NA,3.9,1,0,0,1,0,0,3.9
40,21,18,40_18,panelist,none,NA,3.9,1,0,0,1,1,0.2,4.1
40,21,19,40_19,panelist,low,NA,3.9,1,0,1,0,1,0.3,4.2
40,21,20,40_20,panelist,med,NA,3.9,1,0,0,0,0,0,3.9
40,21,21,40_21,panelist,med,NA,3.9,1,0,0,0,0,0,3.9
40,21,22,40_22,panelist,med,NA,3.9,1,0,0,0,0,0,3.9
40,21,23,40_23,panelist,none,NA,3.9,1,0,0,1,1,-0.1,3.8
40,21,24,40_24,panelist,low,NA,3.9,1,0,1,0,1,0.1,4
40,22,01,40_01,panelist,low,NA,4,1,0,1,0,0,0,4
40,22,02,40_02,panelist,none,NA,4,1,0,0,1,0,0,4
40,22,03,40_03,panelist,none,NA,4,1,0,0,1,0,0,4
40,22,04,40_04,panelist,low,NA,4,1,0,1,0,0,0,4
40,22,05,40_05,panelist,med,NA,4,1,0,0,0,1,0.1,4.1
40,22,06,40_06,panelist,med,NA,4,1,0,0,0,0,0,4
40,22,07,40_07,panelist,low,NA,4,1,0,1,0,0,0,4
40,22,08,40_08,panelist,low,NA,4,1,0,1,0,0,0,4
40,22,09,40_09,panelist,med,NA,4,1,0,0,0,0,0,4
40,22,10,40_10,panelist,low,NA,4,1,0,1,0,1,-0.1,3.9
40,22,11,40_11,panelist,high,NA,4,1,1,0,0,0,0,4
40,22,12,40_12,panelist,high,NA,4,1,1,0,0,0,0,4
40,22,13,40_13,panelist,none,NA,4,1,0,0,1,0,0,4
40,22,14,40_14,reviewer,none,3.7,4,0,0,0,1,0,0,4
40,22,15,40_15,panelist,none,NA,4,1,0,0,1,1,0.1,4.1
40,22,16,40_16,reviewer,none,3.9,4,0,0,0,1,0,0,4
40,22,17,40_17,panelist,none,NA,4,1,0,0,1,0,0,4
40,22,18,40_18,panelist,none,NA,4,1,0,0,1,1,-0.3,3.7
40,22,19,40_19,panelist,none,NA,4,1,0,0,1,0,0,4
40,22,20,40_20,reviewer,low,4.3,4,0,0,1,0,0,0,4
40,22,21,40_21,panelist,none,NA,4,1,0,0,1,0,0,4
40,22,22,40_22,panelist,med,NA,4,1,0,0,0,0,0,4
40,22,23,40_23,panelist,med,NA,4,1,0,0,0,0,0,4
40,22,24,40_24,panelist,low,NA,4,1,0,1,0,1,0.1,4.1
40,23,01,40_01,panelist,none,NA,4,1,0,0,1,0,0,4
40,23,02,40_02,panelist,none,NA,4,1,0,0,1,0,0,4
40,23,03,40_03,panelist,med,NA,4,1,0,0,0,0,0,4
40,23,04,40_04,panelist,none,NA,4,1,0,0,1,1,-0.1,3.9
40,23,05,40_05,panelist,med,NA,4,1,0,0,0,0,0,4
40,23,06,40_06,reviewer,none,4,4,0,0,0,1,1,0.3,4.3
40,23,07,40_07,panelist,none,NA,4,1,0,0,1,1,-0.2,3.8
40,23,08,40_08,panelist,low,NA,4,1,0,1,0,1,-0.1,3.9
40,23,09,40_09,reviewer,low,4.2,4,0,0,1,0,0,0,4
40,23,10,40_10,panelist,none,NA,4,1,0,0,1,1,0.2,4.2
40,23,11,40_11,panelist,low,NA,4,1,0,1,0,0,0,4
40,23,12,40_12,panelist,none,NA,4,1,0,0,1,1,0.3,4.3
40,23,13,40_13,panelist,low,NA,4,1,0,1,0,1,-0.1,3.9
40,23,14,40_14,panelist,none,NA,4,1,0,0,1,1,0.1,4.1
40,23,15,40_15,panelist,none,NA,4,1,0,0,1,0,0,4
40,23,16,40_16,reviewer,high,3.8,4,0,1,0,0,0,0,4
40,23,17,40_17,panelist,low,NA,4,1,0,1,0,0,0,4
40,23,18,40_18,panelist,low,NA,4,1,0,1,0,0,0,4
40,23,19,40_19,panelist,high,NA,4,1,1,0,0,0,0,4
40,23,20,40_20,panelist,med,NA,4,1,0,0,0,0,0,4
40,23,21,40_21,panelist,low,NA,4,1,0,1,0,0,0,4
40,23,22,40_22,panelist,med,NA,4,1,0,0,0,0,0,4
40,23,23,40_23,panelist,none,NA,4,1,0,0,1,0,0,4
40,23,24,40_24,panelist,med,NA,4,1,0,0,0,1,0.2,4.2
40,25,01,40_01,panelist,med,NA,4.2,1,0,0,0,0,0,4.2
40,25,02,40_02,panelist,low,NA,4.2,1,0,1,0,0,0,4.2
40,25,03,40_03,panelist,none,NA,4.2,1,0,0,1,1,-0.2,4
40,25,04,40_04,panelist,med,NA,4.2,1,0,0,0,0,0,4.2
40,25,05,40_05,panelist,none,NA,4.2,1,0,0,1,1,-0.2,4
40,25,06,40_06,reviewer,none,4.2,4.2,0,0,0,1,0,0,4.2
40,25,07,40_07,reviewer,low,4.4,4.2,0,0,1,0,0,0,4.2
40,25,08,40_08,panelist,low,NA,4.2,1,0,1,0,0,0,4.2
40,25,09,40_09,reviewer,none,3.9,4.2,0,0,0,1,0,0,4.2
40,25,10,40_10,panelist,high,NA,4.2,1,1,0,0,0,0,4.2
40,25,11,40_11,panelist,none,NA,4.2,1,0,0,1,0,0,4.2
40,25,12,40_12,panelist,none,NA,4.2,1,0,0,1,1,-0.1,4.1
40,25,13,40_13,panelist,low,NA,4.2,1,0,1,0,0,0,4.2
40,25,14,40_14,panelist,none,NA,4.2,1,0,0,1,1,-0.1,4.1
40,25,15,40_15,panelist,med,NA,4.2,1,0,0,0,0,0,4.2
40,25,16,40_16,panelist,low,NA,4.2,1,0,1,0,1,-0.2,4
40,25,17,40_17,panelist,none,NA,4.2,1,0,0,1,0,0,4.2
40,25,18,40_18,panelist,low,NA,4.2,1,0,1,0,0,0,4.2
40,25,19,40_19,panelist,high,NA,4.2,1,1,0,0,0,0,4.2
40,25,20,40_20,panelist,med,NA,4.2,1,0,0,0,0,0,4.2
40,25,21,40_21,panelist,low,NA,4.2,1,0,1,0,0,0,4.2
40,25,22,40_22,panelist,none,NA,4.2,1,0,0,1,1,0.1,4.3
40,25,23,40_23,panelist,none,NA,4.2,1,0,0,1,0,0,4.2
40,25,24,40_24,panelist,med,NA,4.2,1,0,0,0,1,0.3,4.5
40,26,01,40_01,panelist,med,NA,4,1,0,0,0,1,-0.2,3.8
40,26,02,40_02,panelist,none,NA,4,1,0,0,1,1,0.3,4.3
40,26,03,40_03,panelist,med,NA,4,1,0,0,0,1,0.2,4.2
40,26,04,40_04,panelist,none,NA,4,1,0,0,1,1,-0.2,3.8
40,26,05,40_05,panelist,none,NA,4,1,0,0,1,1,-0.1,3.9
40,26,06,40_06,panelist,high,NA,4,1,1,0,0,0,0,4
40,26,07,40_07,panelist,low,NA,4,1,0,1,0,1,0.4,4.4
40,26,08,40_08,reviewer,high,3.4,4,0,1,0,0,0,0,4
40,26,09,40_09,panelist,low,NA,4,1,0,1,0,1,-0.1,3.9
40,26,10,40_10,panelist,none,NA,4,1,0,0,1,1,-0.1,3.9
40,26,11,40_11,panelist,none,NA,4,1,0,0,1,0,0,4
40,26,12,40_12,panelist,none,NA,4,1,0,0,1,1,-0.2,3.8
40,26,13,40_13,panelist,low,NA,4,1,0,1,0,1,0.1,4.1
40,26,14,40_14,reviewer,none,4.3,4,0,0,0,1,0,0,4
40,26,15,40_15,panelist,med,NA,4,1,0,0,0,0,0,4
40,26,16,40_16,panelist,none,NA,4,1,0,0,1,0,0,4
40,26,17,40_17,panelist,low,NA,4,1,0,1,0,1,-0.2,3.8
40,26,18,40_18,panelist,low,NA,4,1,0,1,0,0,0,4
40,26,19,40_19,panelist,low,NA,4,1,0,1,0,1,0.1,4.1
40,26,20,40_20,reviewer,med,4.2,4,0,0,0,0,0,0,4
40,26,21,40_21,panelist,none,NA,4,1,0,0,1,0,0,4
40,26,22,40_22,panelist,none,NA,4,1,0,0,1,1,-0.2,3.8
40,26,23,40_23,panelist,med,NA,4,1,0,0,0,1,-0.2,3.8
40,26,24,40_24,panelist,low,NA,4,1,0,1,0,0,0,4
40,29,01,40_01,panelist,low,NA,3.5,1,0,1,0,0,0,3.5
40,29,02,40_02,panelist,low,NA,3.5,1,0,1,0,0,0,3.5
40,29,03,40_03,panelist,none,NA,3.5,1,0,0,1,1,0.1,3.6
40,29,04,40_04,panelist,none,NA,3.5,1,0,0,1,0,0,3.5
40,29,05,40_05,panelist,none,NA,3.5,1,0,0,1,0,0,3.5
40,29,06,40_06,panelist,med,NA,3.5,1,0,0,0,1,0.3,3.8
40,29,07,40_07,panelist,none,NA,3.5,1,0,0,1,1,0.1,3.6
40,29,08,40_08,reviewer,med,3.9,3.5,0,0,0,0,0,0,3.5
40,29,09,40_09,reviewer,med,3.1,3.5,0,0,0,0,0,0,3.5
40,29,10,40_10,panelist,none,NA,3.5,1,0,0,1,1,0.1,3.6
40,29,11,40_11,panelist,low,NA,3.5,1,0,1,0,0,0,3.5
40,29,12,40_12,panelist,low,NA,3.5,1,0,1,0,0,0,3.5
40,29,13,40_13,panelist,none,NA,3.5,1,0,0,1,0,0,3.5
40,29,14,40_14,panelist,none,NA,3.5,1,0,0,1,1,0.1,3.6
40,29,15,40_15,panelist,low,NA,3.5,1,0,1,0,1,-0.1,3.4
40,29,16,40_16,panelist,none,NA,3.5,1,0,0,1,0,0,3.5
40,29,17,40_17,panelist,high,NA,3.5,1,1,0,0,0,0,3.5
40,29,18,40_18,panelist,low,NA,3.5,1,0,1,0,1,-0.4,3.1
40,29,19,40_19,panelist,low,NA,3.5,1,0,1,0,0,0,3.5
40,29,20,40_20,panelist,med,NA,3.5,1,0,0,0,0,0,3.5
40,29,21,40_21,reviewer,high,3.4,3.5,0,1,0,0,0,0,3.5
40,29,22,40_22,panelist,none,NA,3.5,1,0,0,1,0,0,3.5
40,29,23,40_23,panelist,none,NA,3.5,1,0,0,1,0,0,3.5
40,29,24,40_24,panelist,med,NA,3.5,1,0,0,0,0,0,3.5
41,1,01,41_01,panelist,none,NA,4.4,1,0,0,1,1,0.2,4.6
41,1,02,41_02,panelist,low,NA,4.4,1,0,1,0,0,0,4.4
41,1,03,41_03,reviewer,none,4.6,4.4,0,0,0,1,1,-0.1,4.3
41,1,04,41_04,panelist,med,NA,4.4,1,0,0,0,0,0,4.4
41,1,05,41_05,panelist,low,NA,4.4,1,0,1,0,0,0,4.4
41,1,06,41_06,panelist,none,NA,4.4,1,0,0,1,0,0,4.4
41,1,07,41_07,panelist,low,NA,4.4,1,0,1,0,0,0,4.4
41,1,08,41_08,panelist,none,NA,4.4,1,0,0,1,0,0,4.4
41,1,09,41_09,panelist,high,NA,4.4,1,1,0,0,0,0,4.4
41,1,10,41_10,panelist,low,NA,4.4,1,0,1,0,0,0,4.4
41,1,11,41_11,panelist,none,NA,4.4,1,0,0,1,0,0,4.4
41,1,12,41_12,panelist,low,NA,4.4,1,0,1,0,0,0,4.4
41,1,13,41_13,panelist,med,NA,4.4,1,0,0,0,0,0,4.4
41,1,14,41_14,panelist,none,NA,4.4,1,0,0,1,1,0.1,4.5
41,1,15,41_15,reviewer,none,4.1,4.4,0,0,0,1,0,0,4.4
41,1,16,41_16,panelist,none,NA,4.4,1,0,0,1,0,0,4.4
41,1,17,41_17,panelist,none,NA,4.4,1,0,0,1,1,0.1,4.5
41,1,18,41_18,panelist,med,NA,4.4,1,0,0,0,0,0,4.4
41,1,19,41_19,panelist,none,NA,4.4,1,0,0,1,0,0,4.4
41,1,20,41_20,panelist,med,NA,4.4,1,0,0,0,1,-0.2,4.2
41,1,21,41_21,panelist,high,NA,4.4,1,1,0,0,0,0,4.4
41,1,22,41_22,reviewer,low,4.6,4.4,0,0,1,0,0,0,4.4
41,1,23,41_23,panelist,low,NA,4.4,1,0,1,0,1,0.4,4.8
41,1,24,41_24,panelist,med,NA,4.4,1,0,0,0,1,-0.2,4.2
41,2,01,41_01,panelist,med,NA,3.9,1,0,0,0,1,-0.1,3.8
41,2,02,41_02,panelist,low,NA,3.9,1,0,1,0,1,-0.1,3.8
41,2,03,41_03,panelist,low,NA,3.9,1,0,1,0,0,0,3.9
41,2,04,41_04,panelist,low,NA,3.9,1,0,1,0,1,-0.2,3.7
41,2,05,41_05,reviewer,med,3.9,3.9,0,0,0,0,0,0,3.9
41,2,06,41_06,panelist,low,NA,3.9,1,0,1,0,0,0,3.9
41,2,07,41_07,panelist,none,NA,3.9,1,0,0,1,0,0,3.9
41,2,08,41_08,reviewer,none,3.9,3.9,0,0,0,1,1,0.2,4.1
41,2,09,41_09,panelist,none,NA,3.9,1,0,0,1,0,0,3.9
41,2,10,41_10,panelist,none,NA,3.9,1,0,0,1,1,0.1,4
41,2,11,41_11,panelist,low,NA,3.9,1,0,1,0,0,0,3.9
41,2,12,41_12,panelist,none,NA,3.9,1,0,0,1,0,0,3.9
41,2,13,41_13,panelist,med,NA,3.9,1,0,0,0,0,0,3.9
41,2,14,41_14,panelist,low,NA,3.9,1,0,1,0,0,0,3.9
41,2,15,41_15,panelist,none,NA,3.9,1,0,0,1,1,0.1,4
41,2,16,41_16,panelist,none,NA,3.9,1,0,0,1,1,-0.3,3.6
41,2,17,41_17,panelist,high,NA,3.9,1,1,0,0,0,0,3.9
41,2,18,41_18,reviewer,low,3.9,3.9,0,0,1,0,0,0,3.9
41,2,19,41_19,panelist,none,NA,3.9,1,0,0,1,0,0,3.9
41,2,20,41_20,panelist,med,NA,3.9,1,0,0,0,1,-0.2,3.7
41,2,21,41_21,panelist,high,NA,3.9,1,1,0,0,1,-0.1,3.8
41,2,22,41_22,panelist,none,NA,3.9,1,0,0,1,0,0,3.9
41,2,23,41_23,panelist,med,NA,3.9,1,0,0,0,0,0,3.9
41,2,24,41_24,panelist,none,NA,3.9,1,0,0,1,0,0,3.9
41,4,01,41_01,panelist,none,NA,3.6,1,0,0,1,1,-0.1,3.5
41,4,02,41_02,reviewer,med,3.4,3.6,0,0,0,0,0,0,3.6
41,4,03,41_03,panelist,low,NA,3.6,1,0,1,0,1,0.1,3.7
41,4,04,41_04,panelist,high,NA,3.6,1,1,0,0,0,0,3.6
41,4,05,41_05,panelist,med,NA,3.6,1,0,0,0,1,-0.1,3.5
41,4,06,41_06,panelist,none,NA,3.6,1,0,0,1,1,0.1,3.7
41,4,07,41_07,panelist,low,NA,3.6,1,0,1,0,0,0,3.6
41,4,08,41_08,panelist,none,NA,3.6,1,0,0,1,1,0.1,3.7
41,4,09,41_09,panelist,none,NA,3.6,1,0,0,1,0,0,3.6
41,4,10,41_10,reviewer,med,3.9,3.6,0,0,0,0,0,0,3.6
41,4,11,41_11,panelist,low,NA,3.6,1,0,1,0,0,0,3.6
41,4,12,41_12,panelist,low,NA,3.6,1,0,1,0,1,0.2,3.8
41,4,13,41_13,panelist,med,NA,3.6,1,0,0,0,0,0,3.6
41,4,14,41_14,panelist,low,NA,3.6,1,0,1,0,1,0.2,3.8
41,4,15,41_15,panelist,med,NA,3.6,1,0,0,0,0,0,3.6
41,4,16,41_16,panelist,none,NA,3.6,1,0,0,1,1,-0.1,3.5
41,4,17,41_17,panelist,none,NA,3.6,1,0,0,1,0,0,3.6
41,4,18,41_18,panelist,none,NA,3.6,1,0,0,1,1,0.2,3.8
41,4,19,41_19,reviewer,low,3.4,3.6,0,0,1,0,0,0,3.6
41,4,20,41_20,panelist,none,NA,3.6,1,0,0,1,0,0,3.6
41,4,21,41_21,panelist,high,NA,3.6,1,1,0,0,0,0,3.6
41,4,22,41_22,panelist,low,NA,3.6,1,0,1,0,1,0.2,3.8
41,4,23,41_23,panelist,none,NA,3.6,1,0,0,1,1,0.1,3.7
41,4,24,41_24,panelist,none,NA,3.6,1,0,0,1,0,0,3.6
41,6,01,41_01,panelist,none,NA,3.5,1,0,0,1,1,0.2,3.7
41,6,02,41_02,panelist,low,NA,3.5,1,0,1,0,0,0,3.5
41,6,03,41_03,panelist,none,NA,3.5,1,0,0,1,1,-0.3,3.2
41,6,04,41_04,panelist,high,NA,3.5,1,1,0,0,0,0,3.5
41,6,05,41_05,panelist,med,NA,3.5,1,0,0,0,0,0,3.5
41,6,06,41_06,panelist,none,NA,3.5,1,0,0,1,0,0,3.5
41,6,07,41_07,panelist,none,NA,3.5,1,0,0,1,0,0,3.5
41,6,08,41_08,reviewer,low,3.5,3.5,0,0,1,0,0,0,3.5
41,6,09,41_09,panelist,low,NA,3.5,1,0,1,0,1,0.4,3.9
41,6,10,41_10,panelist,none,NA,3.5,1,0,0,1,0,0,3.5
41,6,11,41_11,panelist,low,NA,3.5,1,0,1,0,0,0,3.5
41,6,12,41_12,panelist,none,NA,3.5,1,0,0,1,1,0.2,3.7
41,6,13,41_13,panelist,med,NA,3.5,1,0,0,0,0,0,3.5
41,6,14,41_14,panelist,none,NA,3.5,1,0,0,1,0,0,3.5
41,6,15,41_15,panelist,low,NA,3.5,1,0,1,0,0,0,3.5
41,6,16,41_16,reviewer,none,3.6,3.5,0,0,0,1,1,0.1,3.6
41,6,17,41_17,reviewer,high,3.5,3.5,0,1,0,0,0,0,3.5
41,6,18,41_18,panelist,low,NA,3.5,1,0,1,0,1,-0.2,3.3
41,6,19,41_19,panelist,med,NA,3.5,1,0,0,0,1,-0.1,3.4
41,6,20,41_20,panelist,low,NA,3.5,1,0,1,0,0,0,3.5
41,6,21,41_21,panelist,none,NA,3.5,1,0,0,1,1,0.3,3.8
41,6,22,41_22,panelist,none,NA,3.5,1,0,0,1,1,0.1,3.6
41,6,23,41_23,panelist,med,NA,3.5,1,0,0,0,0,0,3.5
41,6,24,41_24,panelist,med,NA,3.5,1,0,0,0,0,0,3.5
41,7,01,41_01,panelist,none,NA,3.8,1,0,0,1,0,0,3.8
41,7,02,41_02,panelist,low,NA,3.8,1,0,1,0,1,0.4,4.2
41,7,03,41_03,panelist,med,NA,3.8,1,0,0,0,0,0,3.8
41,7,04,41_04,panelist,high,NA,3.8,1,1,0,0,0,0,3.8
41,7,05,41_05,panelist,low,NA,3.8,1,0,1,0,1,-0.1,3.7
41,7,06,41_06,panelist,low,NA,3.8,1,0,1,0,0,0,3.8
41,7,07,41_07,panelist,none,NA,3.8,1,0,0,1,0,0,3.8
41,7,08,41_08,panelist,none,NA,3.8,1,0,0,1,0,0,3.8
41,7,09,41_09,panelist,low,NA,3.8,1,0,1,0,0,0,3.8
41,7,10,41_10,reviewer,none,4,3.8,0,0,0,1,1,-0.1,3.7
41,7,11,41_11,panelist,none,NA,3.8,1,0,0,1,1,0.2,4
41,7,12,41_12,panelist,none,NA,3.8,1,0,0,1,1,0.3,4.1
41,7,13,41_13,panelist,high,NA,3.8,1,1,0,0,0,0,3.8
41,7,14,41_14,panelist,med,NA,3.8,1,0,0,0,1,0.3,4.1
41,7,15,41_15,reviewer,none,3.7,3.8,0,0,0,1,0,0,3.8
41,7,16,41_16,panelist,med,NA,3.8,1,0,0,0,0,0,3.8
41,7,17,41_17,panelist,none,NA,3.8,1,0,0,1,0,0,3.8
41,7,18,41_18,reviewer,none,3.6,3.8,0,0,0,1,1,0.1,3.9
41,7,19,41_19,panelist,low,NA,3.8,1,0,1,0,0,0,3.8
41,7,20,41_20,panelist,med,NA,3.8,1,0,0,0,1,0.2,4
41,7,21,41_21,panelist,low,NA,3.8,1,0,1,0,1,0.1,3.9
41,7,22,41_22,panelist,none,NA,3.8,1,0,0,1,1,0.1,3.9
41,7,23,41_23,panelist,low,NA,3.8,1,0,1,0,1,-0.2,3.6
41,7,24,41_24,panelist,med,NA,3.8,1,0,0,0,1,0.1,3.9
41,8,01,41_01,panelist,none,NA,4.2,1,0,0,1,0,0,4.2
41,8,02,41_02,panelist,low,NA,4.2,1,0,1,0,1,0.1,4.3
41,8,03,41_03,panelist,low,NA,4.2,1,0,1,0,1,0.1,4.3
41,8,04,41_04,panelist,none,NA,4.2,1,0,0,1,1,-0.1,4.1
41,8,05,41_05,panelist,none,NA,4.2,1,0,0,1,1,-0.3,3.9
41,8,06,41_06,panelist,low,NA,4.2,1,0,1,0,0,0,4.2
41,8,07,41_07,panelist,high,NA,4.2,1,1,0,0,0,0,4.2
41,8,08,41_08,panelist,none,NA,4.2,1,0,0,1,1,0.1,4.3
41,8,09,41_09,panelist,none,NA,4.2,1,0,0,1,0,0,4.2
41,8,10,41_10,reviewer,med,4.4,4.2,0,0,0,0,1,-0.5,3.7
41,8,11,41_11,panelist,low,NA,4.2,1,0,1,0,1,-0.1,4.1
41,8,12,41_12,panelist,none,NA,4.2,1,0,0,1,1,0.2,4.4
41,8,13,41_13,panelist,med,NA,4.2,1,0,0,0,1,-0.3,3.9
41,8,14,41_14,panelist,low,NA,4.2,1,0,1,0,1,0.1,4.3
41,8,15,41_15,panelist,med,NA,4.2,1,0,0,0,1,-0.2,4
41,8,16,41_16,panelist,low,NA,4.2,1,0,1,0,1,0.1,4.3
41,8,17,41_17,panelist,none,NA,4.2,1,0,0,1,1,-0.1,4.1
41,8,18,41_18,panelist,none,NA,4.2,1,0,0,1,0,0,4.2
41,8,19,41_19,reviewer,none,4.3,4.2,0,0,0,1,0,0,4.2
41,8,20,41_20,panelist,med,NA,4.2,1,0,0,0,1,-0.1,4.1
41,8,21,41_21,panelist,med,NA,4.2,1,0,0,0,1,-0.3,3.9
41,8,22,41_22,reviewer,none,3.9,4.2,0,0,0,1,0,0,4.2
41,8,23,41_23,panelist,low,NA,4.2,1,0,1,0,1,0.2,4.4
41,8,24,41_24,panelist,high,NA,4.2,1,1,0,0,0,0,4.2
41,9,01,41_01,panelist,low,NA,3.7,1,0,1,0,0,0,3.7
41,9,02,41_02,panelist,none,NA,3.7,1,0,0,1,0,0,3.7
41,9,03,41_03,panelist,none,NA,3.7,1,0,0,1,1,0.1,3.8
41,9,04,41_04,panelist,med,NA,3.7,1,0,0,0,0,0,3.7
41,9,05,41_05,panelist,none,NA,3.7,1,0,0,1,1,-0.1,3.6
41,9,06,41_06,panelist,low,NA,3.7,1,0,1,0,0,0,3.7
41,9,07,41_07,panelist,med,NA,3.7,1,0,0,0,1,-0.1,3.6
41,9,08,41_08,panelist,low,NA,3.7,1,0,1,0,1,0.1,3.8
41,9,09,41_09,reviewer,high,3.9,3.7,0,1,0,0,1,0.3,4
41,9,10,41_10,reviewer,med,3.7,3.7,0,0,0,0,0,0,3.7
41,9,11,41_11,panelist,low,NA,3.7,1,0,1,0,1,-0.2,3.5
41,9,12,41_12,panelist,low,NA,3.7,1,0,1,0,0,0,3.7
41,9,13,41_13,panelist,none,NA,3.7,1,0,0,1,0,0,3.7
41,9,14,41_14,panelist,none,NA,3.7,1,0,0,1,0,0,3.7
41,9,15,41_15,panelist,med,NA,3.7,1,0,0,0,0,0,3.7
41,9,16,41_16,panelist,none,NA,3.7,1,0,0,1,1,-0.2,3.5
41,9,17,41_17,panelist,none,NA,3.7,1,0,0,1,1,0.1,3.8
41,9,18,41_18,panelist,none,NA,3.7,1,0,0,1,1,0.4,4.1
41,9,19,41_19,panelist,med,NA,3.7,1,0,0,0,0,0,3.7
41,9,20,41_20,panelist,none,NA,3.7,1,0,0,1,1,-0.1,3.6
41,9,21,41_21,panelist,low,NA,3.7,1,0,1,0,0,0,3.7
41,9,22,41_22,reviewer,low,3.6,3.7,0,0,1,0,0,0,3.7
41,9,23,41_23,panelist,high,NA,3.7,1,1,0,0,0,0,3.7
41,9,24,41_24,panelist,none,NA,3.7,1,0,0,1,1,0.1,3.8
41,15,01,41_01,panelist,none,NA,4.6,1,0,0,1,1,-0.3,4.3
41,15,02,41_02,panelist,low,NA,4.6,1,0,1,0,1,-0.1,4.5
41,15,03,41_03,panelist,med,NA,4.6,1,0,0,0,1,-0.1,4.5
41,15,04,41_04,panelist,low,NA,4.6,1,0,1,0,1,-0.3,4.3
41,15,05,41_05,panelist,none,NA,4.6,1,0,0,1,1,-0.3,4.3
41,15,06,41_06,panelist,high,NA,4.6,1,1,0,0,1,0.1,4.7
41,15,07,41_07,reviewer,low,4.8,4.6,0,0,1,0,1,-0.2,4.4
41,15,08,41_08,reviewer,none,4.8,4.6,0,0,0,1,0,0,4.6
41,15,09,41_09,panelist,low,NA,4.6,1,0,1,0,0,0,4.6
41,15,10,41_10,panelist,low,NA,4.6,1,0,1,0,0,0,4.6
41,15,11,41_11,panelist,high,NA,4.6,1,1,0,0,0,0,4.6
41,15,12,41_12,panelist,none,NA,4.6,1,0,0,1,0,0,4.6
41,15,13,41_13,panelist,low,NA,4.6,1,0,1,0,1,0.2,4.8
41,15,14,41_14,panelist,none,NA,4.6,1,0,0,1,0,0,4.6
41,15,15,41_15,panelist,med,NA,4.6,1,0,0,0,1,-0.2,4.4
41,15,16,41_16,panelist,med,NA,4.6,1,0,0,0,0,0,4.6
41,15,17,41_17,panelist,none,NA,4.6,1,0,0,1,1,0.1,4.7
41,15,18,41_18,panelist,none,NA,4.6,1,0,0,1,1,0.3,4.9
41,15,19,41_19,panelist,none,NA,4.6,1,0,0,1,1,-0.4,4.2
41,15,20,41_20,panelist,none,NA,4.6,1,0,0,1,1,-0.1,4.5
41,15,21,41_21,panelist,none,NA,4.6,1,0,0,1,0,0,4.6
41,15,22,41_22,reviewer,med,4.3,4.6,0,0,0,0,0,0,4.6
41,15,23,41_23,panelist,med,NA,4.6,1,0,0,0,1,0.1,4.7
41,15,24,41_24,panelist,low,NA,4.6,1,0,1,0,1,-0.1,4.5
41,16,01,41_01,panelist,low,NA,3.9,1,0,1,0,1,-0.2,3.7
41,16,02,41_02,panelist,none,NA,3.9,1,0,0,1,1,-0.1,3.8
41,16,03,41_03,panelist,med,NA,3.9,1,0,0,0,1,-0.2,3.7
41,16,04,41_04,panelist,low,NA,3.9,1,0,1,0,0,0,3.9
41,16,05,41_05,panelist,low,NA,3.9,1,0,1,0,0,0,3.9
41,16,06,41_06,panelist,none,NA,3.9,1,0,0,1,0,0,3.9
41,16,07,41_07,panelist,none,NA,3.9,1,0,0,1,0,0,3.9
41,16,08,41_08,panelist,high,NA,3.9,1,1,0,0,0,0,3.9
41,16,09,41_09,panelist,none,NA,3.9,1,0,0,1,0,0,3.9
41,16,10,41_10,panelist,none,NA,3.9,1,0,0,1,1,-0.1,3.8
41,16,11,41_11,panelist,none,NA,3.9,1,0,0,1,0,0,3.9
41,16,12,41_12,panelist,high,NA,3.9,1,1,0,0,0,0,3.9
41,16,13,41_13,panelist,low,NA,3.9,1,0,1,0,0,0,3.9
41,16,14,41_14,reviewer,none,3.9,3.9,0,0,0,1,1,0.2,4.1
41,16,15,41_15,reviewer,low,4,3.9,0,0,1,0,1,-0.3,3.6
41,16,16,41_16,panelist,none,NA,3.9,1,0,0,1,0,0,3.9
41,16,17,41_17,panelist,low,NA,3.9,1,0,1,0,1,-0.1,3.8
41,16,18,41_18,reviewer,med,3.9,3.9,0,0,0,0,0,0,3.9
41,16,19,41_19,panelist,med,NA,3.9,1,0,0,0,0,0,3.9
41,16,20,41_20,panelist,none,NA,3.9,1,0,0,1,1,-0.3,3.6
41,16,21,41_21,panelist,none,NA,3.9,1,0,0,1,0,0,3.9
41,16,22,41_22,panelist,med,NA,3.9,1,0,0,0,0,0,3.9
41,16,23,41_23,panelist,med,NA,3.9,1,0,0,0,0,0,3.9
41,16,24,41_24,panelist,low,NA,3.9,1,0,1,0,1,-0.1,3.8
41,17,01,41_01,panelist,med,NA,4.2,1,0,0,0,1,-0.2,4
41,17,02,41_02,panelist,med,NA,4.2,1,0,0,0,0,0,4.2
41,17,03,41_03,panelist,high,NA,4.2,1,1,0,0,1,0.2,4.4
41,17,04,41_04,panelist,med,NA,4.2,1,0,0,0,0,0,4.2
41,17,05,41_05,panelist,none,NA,4.2,1,0,0,1,0,0,4.2
41,17,06,41_06,panelist,none,NA,4.2,1,0,0,1,1,0.1,4.3
41,17,07,41_07,panelist,med,NA,4.2,1,0,0,0,1,-0.1,4.1
41,17,08,41_08,panelist,low,NA,4.2,1,0,1,0,0,0,4.2
41,17,09,41_09,panelist,none,NA,4.2,1,0,0,1,0,0,4.2
41,17,10,41_10,panelist,high,NA,4.2,1,1,0,0,0,0,4.2
41,17,11,41_11,panelist,none,NA,4.2,1,0,0,1,0,0,4.2
41,17,12,41_12,panelist,none,NA,4.2,1,0,0,1,0,0,4.2
41,17,13,41_13,reviewer,low,4.6,4.2,0,0,1,0,1,-0.2,4
41,17,14,41_14,panelist,none,NA,4.2,1,0,0,1,1,0.1,4.3
41,17,15,41_15,panelist,med,NA,4.2,1,0,0,0,0,0,4.2
41,17,16,41_16,reviewer,none,3.7,4.2,0,0,0,1,1,0.1,4.3
41,17,17,41_17,panelist,low,NA,4.2,1,0,1,0,0,0,4.2
41,17,18,41_18,panelist,low,NA,4.2,1,0,1,0,1,-0.1,4.1
41,17,19,41_19,panelist,none,NA,4.2,1,0,0,1,1,-0.1,4.1
41,17,20,41_20,panelist,low,NA,4.2,1,0,1,0,0,0,4.2
41,17,21,41_21,reviewer,none,4.3,4.2,0,0,0,1,1,0.1,4.3
41,17,22,41_22,panelist,low,NA,4.2,1,0,1,0,1,-0.2,4
41,17,23,41_23,panelist,none,NA,4.2,1,0,0,1,0,0,4.2
41,17,24,41_24,panelist,low,NA,4.2,1,0,1,0,1,0.2,4.4
41,20,01,41_01,panelist,high,NA,4,1,1,0,0,0,0,4
41,20,02,41_02,panelist,med,NA,4,1,0,0,0,0,0,4
41,20,03,41_03,panelist,none,NA,4,1,0,0,1,0,0,4
41,20,04,41_04,panelist,low,NA,4,1,0,1,0,0,0,4
41,20,05,41_05,panelist,none,NA,4,1,0,0,1,0,0,4
41,20,06,41_06,panelist,none,NA,4,1,0,0,1,1,0.2,4.2
41,20,07,41_07,panelist,none,NA,4,1,0,0,1,1,-0.2,3.8
41,20,08,41_08,panelist,low,NA,4,1,0,1,0,0,0,4
41,20,09,41_09,panelist,none,NA,4,1,0,0,1,0,0,4
41,20,10,41_10,panelist,low,NA,4,1,0,1,0,1,-0.1,3.9
41,20,11,41_11,panelist,none,NA,4,1,0,0,1,1,-0.1,3.9
41,20,12,41_12,reviewer,med,4.2,4,0,0,0,0,1,0.2,4.2
41,20,13,41_13,panelist,none,NA,4,1,0,0,1,1,-0.2,3.8
41,20,14,41_14,panelist,low,NA,4,1,0,1,0,0,0,4
41,20,15,41_15,panelist,med,NA,4,1,0,0,0,0,0,4
41,20,16,41_16,panelist,low,NA,4,1,0,1,0,1,-0.1,3.9
41,20,17,41_17,panelist,high,NA,4,1,1,0,0,0,0,4
41,20,18,41_18,panelist,none,NA,4,1,0,0,1,1,0.4,4.4
41,20,19,41_19,reviewer,med,3.7,4,0,0,0,0,1,-0.2,3.8
41,20,20,41_20,panelist,none,NA,4,1,0,0,1,1,0.1,4.1
41,20,21,41_21,panelist,low,NA,4,1,0,1,0,1,-0.2,3.8
41,20,22,41_22,reviewer,low,4.2,4,0,0,1,0,0,0,4
41,20,23,41_23,panelist,none,NA,4,1,0,0,1,1,0.3,4.3
41,20,24,41_24,panelist,med,NA,4,1,0,0,0,0,0,4
41,22,01,41_01,reviewer,low,3.8,3.9,0,0,1,0,0,0,3.9
41,22,02,41_02,panelist,med,NA,3.9,1,0,0,0,1,0.3,4.2
41,22,03,41_03,panelist,low,NA,3.9,1,0,1,0,0,0,3.9
41,22,04,41_04,panelist,med,NA,3.9,1,0,0,0,1,-0.1,3.8
41,22,05,41_05,panelist,low,NA,3.9,1,0,1,0,1,0.2,4.1
41,22,06,41_06,reviewer,med,4,3.9,0,0,0,0,0,0,3.9
41,22,07,41_07,panelist,none,NA,3.9,1,0,0,1,1,-0.4,3.5
41,22,08,41_08,panelist,none,NA,3.9,1,0,0,1,0,0,3.9
41,22,09,41_09,panelist,none,NA,3.9,1,0,0,1,0,0,3.9
41,22,10,41_10,panelist,med,NA,3.9,1,0,0,0,0,0,3.9
41,22,11,41_11,panelist,none,NA,3.9,1,0,0,1,1,0.1,4
41,22,12,41_12,panelist,none,NA,3.9,1,0,0,1,0,0,3.9
41,22,13,41_13,panelist,low,NA,3.9,1,0,1,0,0,0,3.9
41,22,14,41_14,panelist,low,NA,3.9,1,0,1,0,0,0,3.9
41,22,15,41_15,panelist,med,NA,3.9,1,0,0,0,0,0,3.9
41,22,16,41_16,panelist,low,NA,3.9,1,0,1,0,1,-0.2,3.7
41,22,17,41_17,panelist,none,NA,3.9,1,0,0,1,1,-0.1,3.8
41,22,18,41_18,panelist,none,NA,3.9,1,0,0,1,1,0.1,4
41,22,19,41_19,panelist,high,NA,3.9,1,1,0,0,0,0,3.9
41,22,20,41_20,reviewer,low,4,3.9,0,0,1,0,1,-0.1,3.8
41,22,21,41_21,panelist,none,NA,3.9,1,0,0,1,1,-0.1,3.8
41,22,22,41_22,panelist,none,NA,3.9,1,0,0,1,1,-0.1,3.8
41,22,23,41_23,panelist,high,NA,3.9,1,1,0,0,0,0,3.9
41,22,24,41_24,panelist,none,NA,3.9,1,0,0,1,1,-0.2,3.7
41,23,01,41_01,panelist,low,NA,4.3,1,0,1,0,0,0,4.3
41,23,02,41_02,reviewer,low,4.3,4.3,0,0,1,0,0,0,4.3
41,23,03,41_03,panelist,med,NA,4.3,1,0,0,0,0,0,4.3
41,23,04,41_04,panelist,none,NA,4.3,1,0,0,1,0,0,4.3
41,23,05,41_05,panelist,low,NA,4.3,1,0,1,0,1,-0.2,4.1
41,23,06,41_06,panelist,med,NA,4.3,1,0,0,0,0,0,4.3
41,23,07,41_07,panelist,low,NA,4.3,1,0,1,0,0,0,4.3
41,23,08,41_08,panelist,med,NA,4.3,1,0,0,0,0,0,4.3
41,23,09,41_09,panelist,none,NA,4.3,1,0,0,1,0,0,4.3
41,23,10,41_10,panelist,none,NA,4.3,1,0,0,1,0,0,4.3
41,23,11,41_11,reviewer,med,4.1,4.3,0,0,0,0,0,0,4.3
41,23,12,41_12,reviewer,med,4.4,4.3,0,0,0,0,0,0,4.3
41,23,13,41_13,panelist,none,NA,4.3,1,0,0,1,1,-0.1,4.2
41,23,14,41_14,panelist,none,NA,4.3,1,0,0,1,1,-0.1,4.2
41,23,15,41_15,panelist,low,NA,4.3,1,0,1,0,1,-0.1,4.2
41,23,16,41_16,panelist,none,NA,4.3,1,0,0,1,1,-0.1,4.2
41,23,17,41_17,panelist,low,NA,4.3,1,0,1,0,0,0,4.3
41,23,18,41_18,panelist,high,NA,4.3,1,1,0,0,1,-0.1,4.2
41,23,19,41_19,panelist,low,NA,4.3,1,0,1,0,1,-0.2,4.1
41,23,20,41_20,panelist,none,NA,4.3,1,0,0,1,0,0,4.3
41,23,21,41_21,panelist,none,NA,4.3,1,0,0,1,1,-0.1,4.2
41,23,22,41_22,panelist,none,NA,4.3,1,0,0,1,0,0,4.3
41,23,23,41_23,panelist,high,NA,4.3,1,1,0,0,1,0.1,4.4
41,23,24,41_24,panelist,none,NA,4.3,1,0,0,1,1,0.1,4.4
41,27,01,41_01,panelist,med,NA,3.9,1,0,0,0,0,0,3.9
41,27,02,41_02,panelist,med,NA,3.9,1,0,0,0,0,0,3.9
41,27,03,41_03,panelist,high,NA,3.9,1,1,0,0,0,0,3.9
41,27,04,41_04,panelist,none,NA,3.9,1,0,0,1,0,0,3.9
41,27,05,41_05,panelist,med,NA,3.9,1,0,0,0,1,-0.1,3.8
41,27,06,41_06,panelist,none,NA,3.9,1,0,0,1,0,0,3.9
41,27,07,41_07,panelist,low,NA,3.9,1,0,1,0,0,0,3.9
41,27,08,41_08,panelist,low,NA,3.9,1,0,1,0,0,0,3.9
41,27,09,41_09,panelist,none,NA,3.9,1,0,0,1,1,0.2,4.1
41,27,10,41_10,panelist,low,NA,3.9,1,0,1,0,1,-0.2,3.7
41,27,11,41_11,reviewer,med,3.5,3.9,0,0,0,0,0,0,3.9
41,27,12,41_12,reviewer,med,4.1,3.9,0,0,0,0,0,0,3.9
41,27,13,41_13,panelist,high,NA,3.9,1,1,0,0,0,0,3.9
41,27,14,41_14,reviewer,none,4.2,3.9,0,0,0,1,0,0,3.9
41,27,15,41_15,panelist,none,NA,3.9,1,0,0,1,0,0,3.9
41,27,16,41_16,panelist,low,NA,3.9,1,0,1,0,0,0,3.9
41,27,17,41_17,panelist,none,NA,3.9,1,0,0,1,1,-0.2,3.7
41,27,18,41_18,panelist,low,NA,3.9,1,0,1,0,0,0,3.9
41,27,19,41_19,panelist,none,NA,3.9,1,0,0,1,1,-0.2,3.7
41,27,20,41_20,panelist,none,NA,3.9,1,0,0,1,0,0,3.9
41,27,21,41_21,panelist,none,NA,3.9,1,0,0,1,0,0,3.9
41,27,22,41_22,panelist,low,NA,3.9,1,0,1,0,0,0,3.9
41,27,23,41_23,panelist,low,NA,3.9,1,0,1,0,1,0.2,4.1
41,27,24,41_24,panelist,none,NA,3.9,1,0,0,1,1,0.1,4
41,30,01,41_01,panelist,low,NA,3.9,1,0,1,0,1,0.1,4
41,30,02,41_02,panelist,low,NA,3.9,1,0,1,0,0,0,3.9
41,30,03,41_03,panelist,med,NA,3.9,1,0,0,0,0,0,3.9
41,30,04,41_04,panelist,none,NA,3.9,1,0,0,1,0,0,3.9
41,30,05,41_05,reviewer,none,3.5,3.9,0,0,0,1,0,0,3.9
41,30,06,41_06,panelist,med,NA,3.9,1,0,0,0,1,0.2,4.1
41,30,07,41_07,panelist,low,NA,3.9,1,0,1,0,0,0,3.9
41,30,08,41_08,reviewer,low,4.1,3.9,0,0,1,0,0,0,3.9
41,30,09,41_09,panelist,low,NA,3.9,1,0,1,0,0,0,3.9
41,30,10,41_10,panelist,low,NA,3.9,1,0,1,0,1,-0.2,3.7
41,30,11,41_11,reviewer,med,4,3.9,0,0,0,0,1,-0.1,3.8
41,30,12,41_12,panelist,none,NA,3.9,1,0,0,1,0,0,3.9
41,30,13,41_13,panelist,none,NA,3.9,1,0,0,1,0,0,3.9
41,30,14,41_14,panelist,none,NA,3.9,1,0,0,1,1,0.2,4.1
41,30,15,41_15,panelist,none,NA,3.9,1,0,0,1,1,0.3,4.2
41,30,16,41_16,panelist,none,NA,3.9,1,0,0,1,1,-0.3,3.6
41,30,17,41_17,panelist,low,NA,3.9,1,0,1,0,1,0.2,4.1
41,30,18,41_18,panelist,high,NA,3.9,1,1,0,0,0,0,3.9
41,30,19,41_19,panelist,none,NA,3.9,1,0,0,1,0,0,3.9
41,30,20,41_20,panelist,med,NA,3.9,1,0,0,0,0,0,3.9
41,30,21,41_21,panelist,med,NA,3.9,1,0,0,0,1,0.2,4.1
41,30,22,41_22,panelist,none,NA,3.9,1,0,0,1,1,0.1,4
41,30,23,41_23,panelist,none,NA,3.9,1,0,0,1,0,0,3.9
41,30,24,41_24,panelist,high,NA,3.9,1,1,0,0,0,0,3.9
42,3,01,42_01,panelist,none,NA,3.7,1,0,0,1,1,-0.1,3.6
42,3,02,42_02,panelist,none,NA,3.7,1,0,0,1,0,0,3.7
42,3,03,42_03,panelist,none,NA,3.7,1,0,0,1,0,0,3.7
42,3,04,42_04,panelist,med,NA,3.7,1,0,0,0,0,0,3.7
42,3,05,42_05,panelist,med,NA,3.7,1,0,0,0,0,0,3.7
42,3,06,42_06,panelist,low,NA,3.7,1,0,1,0,1,0.1,3.8
42,3,07,42_07,panelist,med,NA,3.7,1,0,0,0,1,-0.2,3.5
42,3,08,42_08,panelist,high,NA,3.7,1,1,0,0,0,0,3.7
42,3,09,42_09,panelist,none,NA,3.7,1,0,0,1,1,0.2,3.9
42,3,10,42_10,panelist,none,NA,3.7,1,0,0,1,1,-0.1,3.6
42,3,11,42_11,panelist,none,NA,3.7,1,0,0,1,1,-0.3,3.4
42,3,12,42_12,panelist,high,NA,3.7,1,1,0,0,0,0,3.7
42,3,13,42_13,reviewer,low,3.8,3.7,0,0,1,0,1,0.3,4
42,3,14,42_14,panelist,low,NA,3.7,1,0,1,0,0,0,3.7
42,3,15,42_15,reviewer,med,3.6,3.7,0,0,0,0,1,-0.1,3.6
42,3,16,42_16,panelist,low,NA,3.7,1,0,1,0,0,0,3.7
42,3,17,42_17,panelist,med,NA,3.7,1,0,0,0,0,0,3.7
42,3,18,42_18,reviewer,none,3.6,3.7,0,0,0,1,0,0,3.7
42,3,19,42_19,panelist,low,NA,3.7,1,0,1,0,1,-0.1,3.6
42,3,20,42_20,panelist,low,NA,3.7,1,0,1,0,1,0.1,3.8
42,3,21,42_21,panelist,none,NA,3.7,1,0,0,1,1,-0.5,3.2
42,3,22,42_22,panelist,none,NA,3.7,1,0,0,1,1,-0.2,3.5
42,3,23,42_23,panelist,low,NA,3.7,1,0,1,0,1,-0.2,3.5
42,3,24,42_24,panelist,none,NA,3.7,1,0,0,1,1,-0.1,3.6
42,6,01,42_01,panelist,none,NA,3.6,1,0,0,1,0,0,3.6
42,6,02,42_02,reviewer,none,3.1,3.6,0,0,0,1,0,0,3.6
42,6,03,42_03,panelist,none,NA,3.6,1,0,0,1,0,0,3.6
42,6,04,42_04,panelist,low,NA,3.6,1,0,1,0,0,0,3.6
42,6,05,42_05,panelist,none,NA,3.6,1,0,0,1,0,0,3.6
42,6,06,42_06,panelist,med,NA,3.6,1,0,0,0,0,0,3.6
42,6,07,42_07,panelist,none,NA,3.6,1,0,0,1,1,-0.1,3.5
42,6,08,42_08,reviewer,low,4.1,3.6,0,0,1,0,1,0.4,4
42,6,09,42_09,panelist,med,NA,3.6,1,0,0,0,0,0,3.6
42,6,10,42_10,panelist,med,NA,3.6,1,0,0,0,0,0,3.6
42,6,11,42_11,panelist,low,NA,3.6,1,0,1,0,0,0,3.6
42,6,12,42_12,panelist,low,NA,3.6,1,0,1,0,0,0,3.6
42,6,13,42_13,panelist,med,NA,3.6,1,0,0,0,1,0.2,3.8
42,6,14,42_14,panelist,none,NA,3.6,1,0,0,1,0,0,3.6
42,6,15,42_15,panelist,none,NA,3.6,1,0,0,1,0,0,3.6
42,6,16,42_16,panelist,high,NA,3.6,1,1,0,0,0,0,3.6
42,6,17,42_17,panelist,none,NA,3.6,1,0,0,1,1,0.1,3.7
42,6,18,42_18,panelist,low,NA,3.6,1,0,1,0,0,0,3.6
42,6,19,42_19,reviewer,low,3.6,3.6,0,0,1,0,0,0,3.6
42,6,20,42_20,panelist,none,NA,3.6,1,0,0,1,1,-0.1,3.5
42,6,21,42_21,panelist,high,NA,3.6,1,1,0,0,0,0,3.6
42,6,22,42_22,panelist,med,NA,3.6,1,0,0,0,0,0,3.6
42,6,23,42_23,panelist,low,NA,3.6,1,0,1,0,1,-0.1,3.5
42,6,24,42_24,panelist,none,NA,3.6,1,0,0,1,1,-0.1,3.5
42,10,01,42_01,panelist,none,NA,3.7,1,0,0,1,0,0,3.7
42,10,02,42_02,panelist,none,NA,3.7,1,0,0,1,1,-0.1,3.6
42,10,03,42_03,panelist,low,NA,3.7,1,0,1,0,1,-0.1,3.6
42,10,04,42_04,reviewer,med,3.7,3.7,0,0,0,0,0,0,3.7
42,10,05,42_05,panelist,low,NA,3.7,1,0,1,0,0,0,3.7
42,10,06,42_06,reviewer,none,3.7,3.7,0,0,0,1,1,0.1,3.8
42,10,07,42_07,panelist,none,NA,3.7,1,0,0,1,0,0,3.7
42,10,08,42_08,panelist,low,NA,3.7,1,0,1,0,0,0,3.7
42,10,09,42_09,panelist,none,NA,3.7,1,0,0,1,0,0,3.7
42,10,10,42_10,panelist,high,NA,3.7,1,1,0,0,0,0,3.7
42,10,11,42_11,panelist,low,NA,3.7,1,0,1,0,0,0,3.7
42,10,12,42_12,panelist,med,NA,3.7,1,0,0,0,0,0,3.7
42,10,13,42_13,panelist,low,NA,3.7,1,0,1,0,1,-0.1,3.6
42,10,14,42_14,panelist,high,NA,3.7,1,1,0,0,0,0,3.7
42,10,15,42_15,panelist,med,NA,3.7,1,0,0,0,1,-0.1,3.6
42,10,16,42_16,panelist,none,NA,3.7,1,0,0,1,0,0,3.7
42,10,17,42_17,panelist,none,NA,3.7,1,0,0,1,0,0,3.7
42,10,18,42_18,panelist,low,NA,3.7,1,0,1,0,1,-0.1,3.6
42,10,19,42_19,panelist,none,NA,3.7,1,0,0,1,0,0,3.7
42,10,20,42_20,panelist,low,NA,3.7,1,0,1,0,1,0.2,3.9
42,10,21,42_21,panelist,med,NA,3.7,1,0,0,0,0,0,3.7
42,10,22,42_22,reviewer,none,3.7,3.7,0,0,0,1,1,-0.2,3.5
42,10,23,42_23,panelist,med,NA,3.7,1,0,0,0,1,-0.1,3.6
42,10,24,42_24,panelist,none,NA,3.7,1,0,0,1,1,0.1,3.8
42,13,01,42_01,panelist,low,NA,3.6,1,0,1,0,0,0,3.6
42,13,02,42_02,panelist,low,NA,3.6,1,0,1,0,0,0,3.6
42,13,03,42_03,panelist,low,NA,3.6,1,0,1,0,1,0.1,3.7
42,13,04,42_04,panelist,low,NA,3.6,1,0,1,0,1,-0.1,3.5
42,13,05,42_05,panelist,med,NA,3.6,1,0,0,0,1,0.1,3.7
42,13,06,42_06,reviewer,low,3.5,3.6,0,0,1,0,0,0,3.6
42,13,07,42_07,panelist,none,NA,3.6,1,0,0,1,1,0.1,3.7
42,13,08,42_08,reviewer,med,3.3,3.6,0,0,0,0,1,0.3,3.9
42,13,09,42_09,panelist,none,NA,3.6,1,0,0,1,0,0,3.6
42,13,10,42_10,panelist,none,NA,3.6,1,0,0,1,1,-0.1,3.5
42,13,11,42_11,panelist,med,NA,3.6,1,0,0,0,0,0,3.6
42,13,12,42_12,panelist,low,NA,3.6,1,0,1,0,1,0.1,3.7
42,13,13,42_13,panelist,none,NA,3.6,1,0,0,1,0,0,3.6
42,13,14,42_14,panelist,none,NA,3.6,1,0,0,1,1,-0.2,3.4
42,13,15,42_15,panelist,none,NA,3.6,1,0,0,1,1,-0.1,3.5
42,13,16,42_16,panelist,none,NA,3.6,1,0,0,1,0,0,3.6
42,13,17,42_17,panelist,high,NA,3.6,1,1,0,0,1,0.3,3.9
42,13,18,42_18,panelist,med,NA,3.6,1,0,0,0,0,0,3.6
42,13,19,42_19,panelist,none,NA,3.6,1,0,0,1,1,0.2,3.8
42,13,20,42_20,panelist,high,NA,3.6,1,1,0,0,0,0,3.6
42,13,21,42_21,panelist,low,NA,3.6,1,0,1,0,0,0,3.6
42,13,22,42_22,reviewer,none,3.9,3.6,0,0,0,1,1,-0.2,3.4
42,13,23,42_23,panelist,none,NA,3.6,1,0,0,1,1,0.4,4
42,13,24,42_24,panelist,med,NA,3.6,1,0,0,0,0,0,3.6
42,15,01,42_01,panelist,high,NA,3.8,1,1,0,0,1,0.2,4
42,15,02,42_02,reviewer,low,3.7,3.8,0,0,1,0,0,0,3.8
42,15,03,42_03,panelist,none,NA,3.8,1,0,0,1,1,-0.2,3.6
42,15,04,42_04,panelist,low,NA,3.8,1,0,1,0,0,0,3.8
42,15,05,42_05,reviewer,med,3.7,3.8,0,0,0,0,1,-0.1,3.7
42,15,06,42_06,panelist,none,NA,3.8,1,0,0,1,0,0,3.8
42,15,07,42_07,panelist,low,NA,3.8,1,0,1,0,0,0,3.8
42,15,08,42_08,panelist,low,NA,3.8,1,0,1,0,0,0,3.8
42,15,09,42_09,panelist,none,NA,3.8,1,0,0,1,1,-0.3,3.5
42,15,10,42_10,reviewer,low,4.1,3.8,0,0,1,0,0,0,3.8
42,15,11,42_11,panelist,none,NA,3.8,1,0,0,1,1,-0.1,3.7
42,15,12,42_12,panelist,high,NA,3.8,1,1,0,0,1,0.4,4.2
42,15,13,42_13,panelist,med,NA,3.8,1,0,0,0,0,0,3.8
42,15,14,42_14,panelist,none,NA,3.8,1,0,0,1,1,-0.2,3.6
42,15,15,42_15,panelist,none,NA,3.8,1,0,0,1,1,-0.1,3.7
42,15,16,42_16,panelist,med,NA,3.8,1,0,0,0,1,0.1,3.9
42,15,17,42_17,panelist,none,NA,3.8,1,0,0,1,0,0,3.8
42,15,18,42_18,panelist,none,NA,3.8,1,0,0,1,1,0.2,4
42,15,19,42_19,panelist,med,NA,3.8,1,0,0,0,0,0,3.8
42,15,20,42_20,panelist,none,NA,3.8,1,0,0,1,0,0,3.8
42,15,21,42_21,panelist,none,NA,3.8,1,0,0,1,1,-0.2,3.6
42,15,22,42_22,panelist,med,NA,3.8,1,0,0,0,1,-0.1,3.7
42,15,23,42_23,panelist,low,NA,3.8,1,0,1,0,1,0.3,4.1
42,15,24,42_24,panelist,low,NA,3.8,1,0,1,0,0,0,3.8
42,16,01,42_01,panelist,none,NA,3.9,1,0,0,1,1,0.2,4.1
42,16,02,42_02,panelist,low,NA,3.9,1,0,1,0,1,-0.3,3.6
42,16,03,42_03,panelist,med,NA,3.9,1,0,0,0,1,-0.1,3.8
42,16,04,42_04,panelist,none,NA,3.9,1,0,0,1,1,-0.2,3.7
42,16,05,42_05,panelist,low,NA,3.9,1,0,1,0,1,0.2,4.1
42,16,06,42_06,panelist,low,NA,3.9,1,0,1,0,1,-0.1,3.8
42,16,07,42_07,panelist,none,NA,3.9,1,0,0,1,0,0,3.9
42,16,08,42_08,panelist,med,NA,3.9,1,0,0,0,1,0.5,4.4
42,16,09,42_09,panelist,med,NA,3.9,1,0,0,0,1,-0.3,3.6
42,16,10,42_10,panelist,low,NA,3.9,1,0,1,0,0,0,3.9
42,16,11,42_11,reviewer,med,3.8,3.9,0,0,0,0,0,0,3.9
42,16,12,42_12,panelist,high,NA,3.9,1,1,0,0,0,0,3.9
42,16,13,42_13,reviewer,med,4,3.9,0,0,0,0,1,-0.1,3.8
42,16,14,42_14,panelist,none,NA,3.9,1,0,0,1,0,0,3.9
42,16,15,42_15,panelist,low,NA,3.9,1,0,1,0,0,0,3.9
42,16,16,42_16,panelist,none,NA,3.9,1,0,0,1,1,0.2,4.1
42,16,17,42_17,panelist,none,NA,3.9,1,0,0,1,0,0,3.9
42,16,18,42_18,reviewer,high,4,3.9,0,1,0,0,1,0.1,4
42,16,19,42_19,panelist,none,NA,3.9,1,0,0,1,0,0,3.9
42,16,20,42_20,panelist,none,NA,3.9,1,0,0,1,0,0,3.9
42,16,21,42_21,panelist,low,NA,3.9,1,0,1,0,1,-0.1,3.8
42,16,22,42_22,panelist,none,NA,3.9,1,0,0,1,0,0,3.9
42,16,23,42_23,panelist,none,NA,3.9,1,0,0,1,1,0.3,4.2
42,16,24,42_24,panelist,low,NA,3.9,1,0,1,0,1,-0.2,3.7
42,18,01,42_01,panelist,none,NA,3.9,1,0,0,1,0,0,3.9
42,18,02,42_02,panelist,high,NA,3.9,1,1,0,0,0,0,3.9
42,18,03,42_03,panelist,low,NA,3.9,1,0,1,0,0,0,3.9
42,18,04,42_04,panelist,low,NA,3.9,1,0,1,0,0,0,3.9
42,18,05,42_05,panelist,low,NA,3.9,1,0,1,0,1,-0.1,3.8
42,18,06,42_06,panelist,high,NA,3.9,1,1,0,0,0,0,3.9
42,18,07,42_07,panelist,none,NA,3.9,1,0,0,1,0,0,3.9
42,18,08,42_08,panelist,none,NA,3.9,1,0,0,1,0,0,3.9
42,18,09,42_09,panelist,med,NA,3.9,1,0,0,0,0,0,3.9
42,18,10,42_10,panelist,none,NA,3.9,1,0,0,1,0,0,3.9
42,18,11,42_11,panelist,none,NA,3.9,1,0,0,1,1,-0.2,3.7
42,18,12,42_12,panelist,none,NA,3.9,1,0,0,1,1,0.2,4.1
42,18,13,42_13,panelist,med,NA,3.9,1,0,0,0,0,0,3.9
42,18,14,42_14,panelist,med,NA,3.9,1,0,0,0,0,0,3.9
42,18,15,42_15,reviewer,low,4.3,3.9,0,0,1,0,0,0,3.9
42,18,16,42_16,panelist,low,NA,3.9,1,0,1,0,0,0,3.9
42,18,17,42_17,panelist,low,NA,3.9,1,0,1,0,0,0,3.9
42,18,18,42_18,panelist,low,NA,3.9,1,0,1,0,1,0.2,4.1
42,18,19,42_19,panelist,none,NA,3.9,1,0,0,1,1,-0.2,3.7
42,18,20,42_20,panelist,none,NA,3.9,1,0,0,1,1,0.1,4
42,18,21,42_21,panelist,none,NA,3.9,1,0,0,1,0,0,3.9
42,18,22,42_22,reviewer,none,3.7,3.9,0,0,0,1,1,-0.1,3.8
42,18,23,42_23,panelist,med,NA,3.9,1,0,0,0,0,0,3.9
42,18,24,42_24,reviewer,med,3.7,3.9,0,0,0,0,0,0,3.9
42,19,01,42_01,panelist,none,NA,3.8,1,0,0,1,0,0,3.8
42,19,02,42_02,panelist,none,NA,3.8,1,0,0,1,1,-0.1,3.7
42,19,03,42_03,panelist,low,NA,3.8,1,0,1,0,0,0,3.8
42,19,04,42_04,panelist,low,NA,3.8,1,0,1,0,1,-0.1,3.7
42,19,05,42_05,panelist,none,NA,3.8,1,0,0,1,1,-0.3,3.5
42,19,06,42_06,panelist,none,NA,3.8,1,0,0,1,1,-0.1,3.7
42,19,07,42_07,panelist,none,NA,3.8,1,0,0,1,0,0,3.8
42,19,08,42_08,panelist,none,NA,3.8,1,0,0,1,0,0,3.8
42,19,09,42_09,panelist,none,NA,3.8,1,0,0,1,1,-0.2,3.6
42,19,10,42_10,reviewer,none,4.2,3.8,0,0,0,1,0,0,3.8
42,19,11,42_11,panelist,high,NA,3.8,1,1,0,0,0,0,3.8
42,19,12,42_12,reviewer,low,3.8,3.8,0,0,1,0,0,0,3.8
42,19,13,42_13,panelist,low,NA,3.8,1,0,1,0,1,0.2,4
42,19,14,42_14,panelist,none,NA,3.8,1,0,0,1,0,0,3.8
42,19,15,42_15,panelist,low,NA,3.8,1,0,1,0,0,0,3.8
42,19,16,42_16,panelist,med,NA,3.8,1,0,0,0,0,0,3.8
42,19,17,42_17,panelist,low,NA,3.8,1,0,1,0,0,0,3.8
42,19,18,42_18,panelist,high,NA,3.8,1,1,0,0,0,0,3.8
42,19,19,42_19,panelist,med,NA,3.8,1,0,0,0,0,0,3.8
42,19,20,42_20,reviewer,med,3.5,3.8,0,0,0,0,0,0,3.8
42,19,21,42_21,panelist,med,NA,3.8,1,0,0,0,1,-0.3,3.5
42,19,22,42_22,panelist,low,NA,3.8,1,0,1,0,1,-0.2,3.6
42,19,23,42_23,panelist,med,NA,3.8,1,0,0,0,0,0,3.8
42,19,24,42_24,panelist,none,NA,3.8,1,0,0,1,0,0,3.8
42,20,01,42_01,panelist,none,NA,3.9,1,0,0,1,0,0,3.9
42,20,02,42_02,panelist,low,NA,3.9,1,0,1,0,1,-0.3,3.6
42,20,03,42_03,panelist,med,NA,3.9,1,0,0,0,0,0,3.9
42,20,04,42_04,reviewer,none,3.8,3.9,0,0,0,1,1,-0.1,3.8
42,20,05,42_05,panelist,med,NA,3.9,1,0,0,0,1,0.1,4
42,20,06,42_06,panelist,none,NA,3.9,1,0,0,1,0,0,3.9
42,20,07,42_07,panelist,none,NA,3.9,1,0,0,1,1,0.1,4
42,20,08,42_08,panelist,med,NA,3.9,1,0,0,0,0,0,3.9
42,20,09,42_09,panelist,low,NA,3.9,1,0,1,0,0,0,3.9
42,20,10,42_10,panelist,none,NA,3.9,1,0,0,1,1,0.4,4.3
42,20,11,42_11,reviewer,low,4.3,3.9,0,0,1,0,1,0.3,4.2
42,20,12,42_12,panelist,low,NA,3.9,1,0,1,0,0,0,3.9
42,20,13,42_13,panelist,med,NA,3.9,1,0,0,0,0,0,3.9
42,20,14,42_14,panelist,none,NA,3.9,1,0,0,1,1,-0.3,3.6
42,20,15,42_15,panelist,none,NA,3.9,1,0,0,1,0,0,3.9
42,20,16,42_16,panelist,none,NA,3.9,1,0,0,1,0,0,3.9
42,20,17,42_17,panelist,low,NA,3.9,1,0,1,0,1,-0.1,3.8
42,20,18,42_18,reviewer,high,3.7,3.9,0,1,0,0,0,0,3.9
42,20,19,42_19,panelist,low,NA,3.9,1,0,1,0,0,0,3.9
42,20,20,42_20,panelist,none,NA,3.9,1,0,0,1,1,-0.1,3.8
42,20,21,42_21,panelist,low,NA,3.9,1,0,1,0,0,0,3.9
42,20,22,42_22,panelist,high,NA,3.9,1,1,0,0,1,0.2,4.1
42,20,23,42_23,panelist,none,NA,3.9,1,0,0,1,1,0.4,4.3
42,20,24,42_24,panelist,med,NA,3.9,1,0,0,0,1,0.1,4
42,21,01,42_01,panelist,low,NA,3.6,1,0,1,0,1,0.1,3.7
42,21,02,42_02,panelist,high,NA,3.6,1,1,0,0,0,0,3.6
42,21,03,42_03,panelist,none,NA,3.6,1,0,0,1,1,-0.3,3.3
42,21,04,42_04,panelist,med,NA,3.6,1,0,0,0,1,-0.1,3.5
42,21,05,42_05,panelist,none,NA,3.6,1,0,0,1,0,0,3.6
42,21,06,42_06,panelist,none,NA,3.6,1,0,0,1,0,0,3.6
42,21,07,42_07,panelist,med,NA,3.6,1,0,0,0,1,0.2,3.8
42,21,08,42_08,panelist,med,NA,3.6,1,0,0,0,0,0,3.6
42,21,09,42_09,panelist,none,NA,3.6,1,0,0,1,0,0,3.6
42,21,10,42_10,panelist,high,NA,3.6,1,1,0,0,0,0,3.6
42,21,11,42_11,panelist,none,NA,3.6,1,0,0,1,1,0.1,3.7
42,21,12,42_12,panelist,none,NA,3.6,1,0,0,1,1,-0.1,3.5
42,21,13,42_13,reviewer,low,3.7,3.6,0,0,1,0,0,0,3.6
42,21,14,42_14,panelist,low,NA,3.6,1,0,1,0,1,-0.2,3.4
42,21,15,42_15,panelist,med,NA,3.6,1,0,0,0,1,-0.4,3.2
42,21,16,42_16,panelist,low,NA,3.6,1,0,1,0,0,0,3.6
42,21,17,42_17,panelist,low,NA,3.6,1,0,1,0,0,0,3.6
42,21,18,42_18,panelist,low,NA,3.6,1,0,1,0,1,0.2,3.8
42,21,19,42_19,panelist,med,NA,3.6,1,0,0,0,0,0,3.6
42,21,20,42_20,panelist,none,NA,3.6,1,0,0,1,0,0,3.6
42,21,21,42_21,reviewer,none,3.7,3.6,0,0,0,1,1,-0.3,3.3
42,21,22,42_22,panelist,low,NA,3.6,1,0,1,0,1,-0.1,3.5
42,21,23,42_23,panelist,none,NA,3.6,1,0,0,1,1,0.2,3.8
42,21,24,42_24,reviewer,none,3.5,3.6,0,0,0,1,1,-0.1,3.5
42,24,01,42_01,panelist,low,NA,4.5,1,0,1,0,1,-0.1,4.4
42,24,02,42_02,panelist,none,NA,4.5,1,0,0,1,1,-0.3,4.2
42,24,03,42_03,panelist,low,NA,4.5,1,0,1,0,1,-0.2,4.3
42,24,04,42_04,panelist,none,NA,4.5,1,0,0,1,0,0,4.5
42,24,05,42_05,panelist,high,NA,4.5,1,1,0,0,0,0,4.5
42,24,06,42_06,panelist,high,NA,4.5,1,1,0,0,0,0,4.5
42,24,07,42_07,reviewer,med,4.6,4.5,0,0,0,0,0,0,4.5
42,24,08,42_08,panelist,low,NA,4.5,1,0,1,0,0,0,4.5
42,24,09,42_09,panelist,low,NA,4.5,1,0,1,0,0,0,4.5
42,24,10,42_10,reviewer,low,4.4,4.5,0,0,1,0,1,0.1,4.6
42,24,11,42_11,panelist,none,NA,4.5,1,0,0,1,0,0,4.5
42,24,12,42_12,panelist,none,NA,4.5,1,0,0,1,0,0,4.5
42,24,13,42_13,panelist,med,NA,4.5,1,0,0,0,1,0.3,4.8
42,24,14,42_14,panelist,none,NA,4.5,1,0,0,1,1,-0.2,4.3
42,24,15,42_15,panelist,low,NA,4.5,1,0,1,0,1,0.1,4.6
42,24,16,42_16,panelist,none,NA,4.5,1,0,0,1,1,0.1,4.6
42,24,17,42_17,panelist,none,NA,4.5,1,0,0,1,1,0.4,4.9
42,24,18,42_18,reviewer,med,4.6,4.5,0,0,0,0,0,0,4.5
42,24,19,42_19,panelist,low,NA,4.5,1,0,1,0,0,0,4.5
42,24,20,42_20,panelist,none,NA,4.5,1,0,0,1,0,0,4.5
42,24,21,42_21,panelist,med,NA,4.5,1,0,0,0,0,0,4.5
42,24,22,42_22,panelist,none,NA,4.5,1,0,0,1,1,0.1,4.6
42,24,23,42_23,panelist,med,NA,4.5,1,0,0,0,0,0,4.5
42,24,24,42_24,panelist,none,NA,4.5,1,0,0,1,1,0.2,4.7
42,25,01,42_01,panelist,low,NA,3.7,1,0,1,0,1,0.1,3.8
42,25,02,42_02,panelist,none,NA,3.7,1,0,0,1,0,0,3.7
42,25,03,42_03,panelist,none,NA,3.7,1,0,0,1,1,-0.1,3.6
42,25,04,42_04,panelist,med,NA,3.7,1,0,0,0,1,-0.1,3.6
42,25,05,42_05,panelist,low,NA,3.7,1,0,1,0,0,0,3.7
42,25,06,42_06,panelist,high,NA,3.7,1,1,0,0,0,0,3.7
42,25,07,42_07,panelist,none,NA,3.7,1,0,0,1,0,0,3.7
42,25,08,42_08,panelist,med,NA,3.7,1,0,0,0,0,0,3.7
42,25,09,42_09,panelist,high,NA,3.7,1,1,0,0,0,0,3.7
42,25,10,42_10,panelist,med,NA,3.7,1,0,0,0,0,0,3.7
42,25,11,42_11,panelist,none,NA,3.7,1,0,0,1,0,0,3.7
42,25,12,42_12,panelist,low,NA,3.7,1,0,1,0,1,0.4,4.1
42,25,13,42_13,reviewer,none,3.3,3.7,0,0,0,1,0,0,3.7
42,25,14,42_14,panelist,none,NA,3.7,1,0,0,1,0,0,3.7
42,25,15,42_15,panelist,low,NA,3.7,1,0,1,0,0,0,3.7
42,25,16,42_16,panelist,low,NA,3.7,1,0,1,0,0,0,3.7
42,25,17,42_17,panelist,none,NA,3.7,1,0,0,1,0,0,3.7
42,25,18,42_18,panelist,none,NA,3.7,1,0,0,1,1,0.2,3.9
42,25,19,42_19,reviewer,none,4,3.7,0,0,0,1,0,0,3.7
42,25,20,42_20,panelist,med,NA,3.7,1,0,0,0,0,0,3.7
42,25,21,42_21,panelist,low,NA,3.7,1,0,1,0,0,0,3.7
42,25,22,42_22,panelist,med,NA,3.7,1,0,0,0,1,0.2,3.9
42,25,23,42_23,reviewer,low,3.7,3.7,0,0,1,0,0,0,3.7
42,25,24,42_24,panelist,none,NA,3.7,1,0,0,1,0,0,3.7
42,27,01,42_01,panelist,med,NA,4.1,1,0,0,0,0,0,4.1
42,27,02,42_02,panelist,none,NA,4.1,1,0,0,1,0,0,4.1
42,27,03,42_03,panelist,low,NA,4.1,1,0,1,0,0,0,4.1
42,27,04,42_04,panelist,low,NA,4.1,1,0,1,0,0,0,4.1
42,27,05,42_05,reviewer,low,4,4.1,0,0,1,0,0,0,4.1
42,27,06,42_06,panelist,none,NA,4.1,1,0,0,1,1,0.3,4.4
42,27,07,42_07,panelist,med,NA,4.1,1,0,0,0,0,0,4.1
42,27,08,42_08,panelist,none,NA,4.1,1,0,0,1,1,0.1,4.2
42,27,09,42_09,panelist,low,NA,4.1,1,0,1,0,0,0,4.1
42,27,10,42_10,panelist,none,NA,4.1,1,0,0,1,1,0.3,4.4
42,27,11,42_11,panelist,none,NA,4.1,1,0,0,1,0,0,4.1
42,27,12,42_12,panelist,none,NA,4.1,1,0,0,1,0,0,4.1
42,27,13,42_13,panelist,low,NA,4.1,1,0,1,0,0,0,4.1
42,27,14,42_14,panelist,low,NA,4.1,1,0,1,0,1,-0.5,3.6
42,27,15,42_15,panelist,med,NA,4.1,1,0,0,0,0,0,4.1
42,27,16,42_16,reviewer,low,4,4.1,0,0,1,0,0,0,4.1
42,27,17,42_17,reviewer,none,4.2,4.1,0,0,0,1,0,0,4.1
42,27,18,42_18,panelist,none,NA,4.1,1,0,0,1,1,0.3,4.4
42,27,19,42_19,panelist,high,NA,4.1,1,1,0,0,1,0.1,4.2
42,27,20,42_20,panelist,high,NA,4.1,1,1,0,0,1,-0.1,4
42,27,21,42_21,panelist,none,NA,4.1,1,0,0,1,0,0,4.1
42,27,22,42_22,panelist,med,NA,4.1,1,0,0,0,1,-0.3,3.8
42,27,23,42_23,panelist,none,NA,4.1,1,0,0,1,1,0.1,4.2
42,27,24,42_24,panelist,med,NA,4.1,1,0,0,0,1,-0.3,3.8
42,28,01,42_01,panelist,none,NA,4.4,1,0,0,1,1,0.1,4.5
42,28,02,42_02,panelist,none,NA,4.4,1,0,0,1,0,0,4.4
42,28,03,42_03,panelist,none,NA,4.4,1,0,0,1,1,0.1,4.5
42,28,04,42_04,panelist,high,NA,4.4,1,1,0,0,0,0,4.4
42,28,05,42_05,reviewer,low,4.4,4.4,0,0,1,0,1,-0.1,4.3
42,28,06,42_06,reviewer,low,4.3,4.4,0,0,1,0,0,0,4.4
42,28,07,42_07,panelist,none,NA,4.4,1,0,0,1,1,0.2,4.6
42,28,08,42_08,reviewer,med,4.4,4.4,0,0,0,0,0,0,4.4
42,28,09,42_09,panelist,low,NA,4.4,1,0,1,0,1,0.1,4.5
42,28,10,42_10,panelist,none,NA,4.4,1,0,0,1,1,0.2,4.6
42,28,11,42_11,panelist,none,NA,4.4,1,0,0,1,1,-0.1,4.3
42,28,12,42_12,panelist,high,NA,4.4,1,1,0,0,1,0.1,4.5
42,28,13,42_13,panelist,low,NA,4.4,1,0,1,0,0,0,4.4
42,28,14,42_14,panelist,none,NA,4.4,1,0,0,1,1,-0.2,4.2
42,28,15,42_15,panelist,low,NA,4.4,1,0,1,0,0,0,4.4
42,28,16,42_16,panelist,none,NA,4.4,1,0,0,1,1,0.2,4.6
42,28,17,42_17,panelist,med,NA,4.4,1,0,0,0,0,0,4.4
42,28,18,42_18,panelist,low,NA,4.4,1,0,1,0,0,0,4.4
42,28,19,42_19,panelist,med,NA,4.4,1,0,0,0,1,0.1,4.5
42,28,20,42_20,panelist,med,NA,4.4,1,0,0,0,1,0.2,4.6
42,28,21,42_21,panelist,none,NA,4.4,1,0,0,1,1,-0.3,4.1
42,28,22,42_22,panelist,low,NA,4.4,1,0,1,0,0,0,4.4
42,28,23,42_23,panelist,none,NA,4.4,1,0,0,1,0,0,4.4
42,28,24,42_24,panelist,med,NA,4.4,1,0,0,0,0,0,4.4
42,30,01,42_01,panelist,low,NA,4.2,1,0,1,0,0,0,4.2
42,30,02,42_02,reviewer,none,4.6,4.2,0,0,0,1,0,0,4.2
42,30,03,42_03,panelist,none,NA,4.2,1,0,0,1,1,-0.1,4.1
42,30,04,42_04,panelist,med,NA,4.2,1,0,0,0,1,0.2,4.4
42,30,05,42_05,panelist,low,NA,4.2,1,0,1,0,0,0,4.2
42,30,06,42_06,panelist,none,NA,4.2,1,0,0,1,0,0,4.2
42,30,07,42_07,panelist,high,NA,4.2,1,1,0,0,0,0,4.2
42,30,08,42_08,panelist,none,NA,4.2,1,0,0,1,1,-0.1,4.1
42,30,09,42_09,panelist,none,NA,4.2,1,0,0,1,1,-0.2,4
42,30,10,42_10,panelist,low,NA,4.2,1,0,1,0,0,0,4.2
42,30,11,42_11,panelist,low,NA,4.2,1,0,1,0,0,0,4.2
42,30,12,42_12,panelist,med,NA,4.2,1,0,0,0,0,0,4.2
42,30,13,42_13,panelist,none,NA,4.2,1,0,0,1,0,0,4.2
42,30,14,42_14,panelist,none,NA,4.2,1,0,0,1,0,0,4.2
42,30,15,42_15,reviewer,med,3.9,4.2,0,0,0,0,1,-0.3,3.9
42,30,16,42_16,reviewer,none,4.2,4.2,0,0,0,1,0,0,4.2
42,30,17,42_17,panelist,med,NA,4.2,1,0,0,0,0,0,4.2
42,30,18,42_18,panelist,low,NA,4.2,1,0,1,0,0,0,4.2
42,30,19,42_19,panelist,med,NA,4.2,1,0,0,0,1,-0.1,4.1
42,30,20,42_20,panelist,low,NA,4.2,1,0,1,0,1,-0.1,4.1
42,30,21,42_21,panelist,none,NA,4.2,1,0,0,1,0,0,4.2
42,30,22,42_22,panelist,high,NA,4.2,1,1,0,0,0,0,4.2
42,30,23,42_23,panelist,low,NA,4.2,1,0,1,0,0,0,4.2
42,30,24,42_24,panelist,none,NA,4.2,1,0,0,1,1,-0.3,3.9
43,1,01,43_01,panelist,low,NA,3.6,1,0,1,0,1,-0.4,3.2
43,1,02,43_02,panelist,med,NA,3.6,1,0,0,0,1,0.1,3.7
43,1,03,43_03,panelist,none,NA,3.6,1,0,0,1,1,-0.2,3.4
43,1,04,43_04,reviewer,low,3.8,3.6,0,0,1,0,1,0.2,3.8
43,1,05,43_05,panelist,none,NA,3.6,1,0,0,1,0,0,3.6
43,1,06,43_06,panelist,none,NA,3.6,1,0,0,1,0,0,3.6
43,1,07,43_07,panelist,none,NA,3.6,1,0,0,1,1,-0.1,3.5
43,1,08,43_08,panelist,low,NA,3.6,1,0,1,0,0,0,3.6
43,1,09,43_09,panelist,none,NA,3.6,1,0,0,1,0,0,3.6
43,1,10,43_10,panelist,med,NA,3.6,1,0,0,0,1,-0.1,3.5
43,1,11,43_11,panelist,none,NA,3.6,1,0,0,1,1,-0.1,3.5
43,1,12,43_12,panelist,high,NA,3.6,1,1,0,0,0,0,3.6
43,1,13,43_13,panelist,med,NA,3.6,1,0,0,0,1,0.1,3.7
43,1,14,43_14,panelist,low,NA,3.6,1,0,1,0,0,0,3.6
43,1,15,43_15,reviewer,low,3.3,3.6,0,0,1,0,0,0,3.6
43,1,16,43_16,panelist,high,NA,3.6,1,1,0,0,0,0,3.6
43,1,17,43_17,panelist,low,NA,3.6,1,0,1,0,1,-0.3,3.3
43,1,18,43_18,panelist,med,NA,3.6,1,0,0,0,1,-0.2,3.4
43,1,19,43_19,panelist,none,NA,3.6,1,0,0,1,0,0,3.6
43,1,20,43_20,panelist,med,NA,3.6,1,0,0,0,0,0,3.6
43,1,21,43_21,panelist,low,NA,3.6,1,0,1,0,1,0.2,3.8
43,1,22,43_22,panelist,none,NA,3.6,1,0,0,1,1,-0.1,3.5
43,1,23,43_23,reviewer,none,3.8,3.6,0,0,0,1,0,0,3.6
43,1,24,43_24,panelist,none,NA,3.6,1,0,0,1,0,0,3.6
43,2,01,43_01,panelist,low,NA,4.2,1,0,1,0,1,0.1,4.3
43,2,02,43_02,panelist,med,NA,4.2,1,0,0,0,1,-0.3,3.9
43,2,03,43_03,panelist,none,NA,4.2,1,0,0,1,1,-0.2,4
43,2,04,43_04,panelist,none,NA,4.2,1,0,0,1,1,0.1,4.3
43,2,05,43_05,panelist,low,NA,4.2,1,0,1,0,0,0,4.2
43,2,06,43_06,reviewer,none,3.8,4.2,0,0,0,1,0,0,4.2
43,2,07,43_07,panelist,low,NA,4.2,1,0,1,0,0,0,4.2
43,2,08,43_08,panelist,low,NA,4.2,1,0,1,0,1,0.3,4.5
43,2,09,43_09,panelist,none,NA,4.2,1,0,0,1,0,0,4.2
43,2,10,43_10,panelist,low,NA,4.2,1,0,1,0,0,0,4.2
43,2,11,43_11,reviewer,med,4.4,4.2,0,0,0,0,0,0,4.2
43,2,12,43_12,panelist,none,NA,4.2,1,0,0,1,0,0,4.2
43,2,13,43_13,panelist,none,NA,4.2,1,0,0,1,1,-0.3,3.9
43,2,14,43_14,panelist,low,NA,4.2,1,0,1,0,0,0,4.2
43,2,15,43_15,panelist,none,NA,4.2,1,0,0,1,1,-0.1,4.1
43,2,16,43_16,panelist,none,NA,4.2,1,0,0,1,0,0,4.2
43,2,17,43_17,panelist,med,NA,4.2,1,0,0,0,1,-0.1,4.1
43,2,18,43_18,panelist,none,NA,4.2,1,0,0,1,1,-0.1,4.1
43,2,19,43_19,panelist,high,NA,4.2,1,1,0,0,0,0,4.2
43,2,20,43_20,panelist,none,NA,4.2,1,0,0,1,1,-0.1,4.1
43,2,21,43_21,panelist,high,NA,4.2,1,1,0,0,0,0,4.2
43,2,22,43_22,panelist,med,NA,4.2,1,0,0,0,0,0,4.2
43,2,23,43_23,panelist,low,NA,4.2,1,0,1,0,0,0,4.2
43,2,24,43_24,reviewer,med,4.4,4.2,0,0,0,0,0,0,4.2
43,6,01,43_01,reviewer,low,4,3.8,0,0,1,0,1,0.2,4
43,6,02,43_02,reviewer,none,3.8,3.8,0,0,0,1,0,0,3.8
43,6,03,43_03,panelist,none,NA,3.8,1,0,0,1,1,-0.2,3.6
43,6,04,43_04,panelist,med,NA,3.8,1,0,0,0,1,0.1,3.9
43,6,05,43_05,panelist,med,NA,3.8,1,0,0,0,0,0,3.8
43,6,06,43_06,panelist,med,NA,3.8,1,0,0,0,1,-0.1,3.7
43,6,07,43_07,panelist,none,NA,3.8,1,0,0,1,0,0,3.8
43,6,08,43_08,panelist,low,NA,3.8,1,0,1,0,1,0.4,4.2
43,6,09,43_09,panelist,low,NA,3.8,1,0,1,0,0,0,3.8
43,6,10,43_10,panelist,low,NA,3.8,1,0,1,0,1,-0.1,3.7
43,6,11,43_11,panelist,high,NA,3.8,1,1,0,0,0,0,3.8
43,6,12,43_12,panelist,med,NA,3.8,1,0,0,0,0,0,3.8
43,6,13,43_13,panelist,high,NA,3.8,1,1,0,0,0,0,3.8
43,6,14,43_14,panelist,none,NA,3.8,1,0,0,1,1,-0.2,3.6
43,6,15,43_15,panelist,none,NA,3.8,1,0,0,1,0,0,3.8
43,6,16,43_16,panelist,low,NA,3.8,1,0,1,0,1,-0.1,3.7
43,6,17,43_17,reviewer,none,3.5,3.8,0,0,0,1,0,0,3.8
43,6,18,43_18,panelist,none,NA,3.8,1,0,0,1,0,0,3.8
43,6,19,43_19,panelist,med,NA,3.8,1,0,0,0,0,0,3.8
43,6,20,43_20,panelist,none,NA,3.8,1,0,0,1,1,0.1,3.9
43,6,21,43_21,panelist,low,NA,3.8,1,0,1,0,0,0,3.8
43,6,22,43_22,panelist,none,NA,3.8,1,0,0,1,0,0,3.8
43,6,23,43_23,panelist,low,NA,3.8,1,0,1,0,1,0.2,4
43,6,24,43_24,panelist,none,NA,3.8,1,0,0,1,1,-0.1,3.7
43,8,01,43_01,panelist,none,NA,4,1,0,0,1,1,0.1,4.1
43,8,02,43_02,panelist,low,NA,4,1,0,1,0,0,0,4
43,8,03,43_03,panelist,med,NA,4,1,0,0,0,1,0.1,4.1
43,8,04,43_04,panelist,none,NA,4,1,0,0,1,1,0.2,4.2
43,8,05,43_05,panelist,med,NA,4,1,0,0,0,0,0,4
43,8,06,43_06,panelist,none,NA,4,1,0,0,1,1,-0.1,3.9
43,8,07,43_07,panelist,med,NA,4,1,0,0,0,0,0,4
43,8,08,43_08,panelist,low,NA,4,1,0,1,0,0,0,4
43,8,09,43_09,panelist,high,NA,4,1,1,0,0,0,0,4
43,8,10,43_10,panelist,low,NA,4,1,0,1,0,0,0,4
43,8,11,43_11,panelist,med,NA,4,1,0,0,0,1,-0.2,3.8
43,8,12,43_12,panelist,low,NA,4,1,0,1,0,0,0,4
43,8,13,43_13,reviewer,none,4,4,0,0,0,1,1,-0.1,3.9
43,8,14,43_14,reviewer,none,4.3,4,0,0,0,1,1,-0.1,3.9
43,8,15,43_15,panelist,none,NA,4,1,0,0,1,1,-0.1,3.9
43,8,16,43_16,reviewer,low,3.7,4,0,0,1,0,1,0.2,4.2
43,8,17,43_17,panelist,none,NA,4,1,0,0,1,1,-0.2,3.8
43,8,18,43_18,panelist,low,NA,4,1,0,1,0,0,0,4
43,8,19,43_19,panelist,none,NA,4,1,0,0,1,1,-0.2,3.8
43,8,20,43_20,panelist,med,NA,4,1,0,0,0,0,0,4
43,8,21,43_21,panelist,low,NA,4,1,0,1,0,0,0,4
43,8,22,43_22,panelist,high,NA,4,1,1,0,0,1,-0.2,3.8
43,8,23,43_23,panelist,none,NA,4,1,0,0,1,0,0,4
43,8,24,43_24,panelist,none,NA,4,1,0,0,1,1,0.1,4.1
43,9,01,43_01,panelist,none,NA,3.5,1,0,0,1,0,0,3.5
43,9,02,43_02,panelist,none,NA,3.5,1,0,0,1,1,-0.2,3.3
43,9,03,43_03,panelist,none,NA,3.5,1,0,0,1,1,-0.2,3.3
43,9,04,43_04,panelist,low,NA,3.5,1,0,1,0,0,0,3.5
43,9,05,43_05,panelist,none,NA,3.5,1,0,0,1,0,0,3.5
43,9,06,43_06,panelist,low,NA,3.5,1,0,1,0,1,-0.1,3.4
43,9,07,43_07,panelist,none,NA,3.5,1,0,0,1,1,-0.2,3.3
43,9,08,43_08,panelist,med,NA,3.5,1,0,0,0,0,0,3.5
43,9,09,43_09,panelist,low,NA,3.5,1,0,1,0,0,0,3.5
43,9,10,43_10,panelist,high,NA,3.5,1,1,0,0,1,-0.3,3.2
43,9,11,43_11,panelist,med,NA,3.5,1,0,0,0,1,-0.2,3.3
43,9,12,43_12,reviewer,none,3.7,3.5,0,0,0,1,1,-0.3,3.2
43,9,13,43_13,panelist,low,NA,3.5,1,0,1,0,1,-0.2,3.3
43,9,14,43_14,panelist,none,NA,3.5,1,0,0,1,1,0.1,3.6
43,9,15,43_15,panelist,high,NA,3.5,1,1,0,0,1,-0.2,3.3
43,9,16,43_16,panelist,med,NA,3.5,1,0,0,0,0,0,3.5
43,9,17,43_17,panelist,low,NA,3.5,1,0,1,0,1,-0.1,3.4
43,9,18,43_18,reviewer,low,3.3,3.5,0,0,1,0,1,-0.2,3.3
43,9,19,43_19,panelist,none,NA,3.5,1,0,0,1,0,0,3.5
43,9,20,43_20,panelist,none,NA,3.5,1,0,0,1,1,0.2,3.7
43,9,21,43_21,panelist,med,NA,3.5,1,0,0,0,0,0,3.5
43,9,22,43_22,reviewer,none,3.5,3.5,0,0,0,1,0,0,3.5
43,9,23,43_23,panelist,med,NA,3.5,1,0,0,0,0,0,3.5
43,9,24,43_24,panelist,low,NA,3.5,1,0,1,0,0,0,3.5
43,14,01,43_01,panelist,med,NA,3.7,1,0,0,0,0,0,3.7
43,14,02,43_02,reviewer,low,3.8,3.7,0,0,1,0,1,-0.2,3.5
43,14,03,43_03,reviewer,none,3.6,3.7,0,0,0,1,1,0.2,3.9
43,14,04,43_04,panelist,low,NA,3.7,1,0,1,0,0,0,3.7
43,14,05,43_05,panelist,low,NA,3.7,1,0,1,0,0,0,3.7
43,14,06,43_06,panelist,low,NA,3.7,1,0,1,0,1,0.1,3.8
43,14,07,43_07,panelist,low,NA,3.7,1,0,1,0,0,0,3.7
43,14,08,43_08,panelist,none,NA,3.7,1,0,0,1,0,0,3.7
43,14,09,43_09,panelist,none,NA,3.7,1,0,0,1,1,0.1,3.8
43,14,10,43_10,panelist,high,NA,3.7,1,1,0,0,0,0,3.7
43,14,11,43_11,panelist,low,NA,3.7,1,0,1,0,0,0,3.7
43,14,12,43_12,panelist,high,NA,3.7,1,1,0,0,0,0,3.7
43,14,13,43_13,panelist,none,NA,3.7,1,0,0,1,1,-0.1,3.6
43,14,14,43_14,reviewer,none,3.8,3.7,0,0,0,1,1,0.2,3.9
43,14,15,43_15,panelist,none,NA,3.7,1,0,0,1,0,0,3.7
43,14,16,43_16,panelist,none,NA,3.7,1,0,0,1,1,-0.1,3.6
43,14,17,43_17,panelist,low,NA,3.7,1,0,1,0,0,0,3.7
43,14,18,43_18,panelist,none,NA,3.7,1,0,0,1,1,0.1,3.8
43,14,19,43_19,panelist,none,NA,3.7,1,0,0,1,1,0.2,3.9
43,14,20,43_20,panelist,med,NA,3.7,1,0,0,0,0,0,3.7
43,14,21,43_21,panelist,med,NA,3.7,1,0,0,0,0,0,3.7
43,14,22,43_22,panelist,med,NA,3.7,1,0,0,0,0,0,3.7
43,14,23,43_23,panelist,med,NA,3.7,1,0,0,0,0,0,3.7
43,14,24,43_24,panelist,none,NA,3.7,1,0,0,1,1,-0.2,3.5
43,17,01,43_01,panelist,low,NA,4.3,1,0,1,0,1,0.1,4.4
43,17,02,43_02,panelist,none,NA,4.3,1,0,0,1,1,-0.1,4.2
43,17,03,43_03,panelist,med,NA,4.3,1,0,0,0,0,0,4.3
43,17,04,43_04,panelist,high,NA,4.3,1,1,0,0,0,0,4.3
43,17,05,43_05,panelist,med,NA,4.3,1,0,0,0,0,0,4.3
43,17,06,43_06,panelist,none,NA,4.3,1,0,0,1,0,0,4.3
43,17,07,43_07,panelist,low,NA,4.3,1,0,1,0,1,-0.1,4.2
43,17,08,43_08,reviewer,none,4.5,4.3,0,0,0,1,1,0.1,4.4
43,17,09,43_09,reviewer,none,4.2,4.3,0,0,0,1,1,0.1,4.4
43,17,10,43_10,panelist,none,NA,4.3,1,0,0,1,0,0,4.3
43,17,11,43_11,panelist,low,NA,4.3,1,0,1,0,1,0.2,4.5
43,17,12,43_12,panelist,low,NA,4.3,1,0,1,0,1,0.1,4.4
43,17,13,43_13,panelist,med,NA,4.3,1,0,0,0,0,0,4.3
43,17,14,43_14,panelist,med,NA,4.3,1,0,0,0,0,0,4.3
43,17,15,43_15,reviewer,low,4.1,4.3,0,0,1,0,0,0,4.3
43,17,16,43_16,panelist,none,NA,4.3,1,0,0,1,1,0.3,4.6
43,17,17,43_17,panelist,none,NA,4.3,1,0,0,1,0,0,4.3
43,17,18,43_18,panelist,none,NA,4.3,1,0,0,1,1,0.1,4.4
43,17,19,43_19,panelist,none,NA,4.3,1,0,0,1,1,0.1,4.4
43,17,20,43_20,panelist,low,NA,4.3,1,0,1,0,0,0,4.3
43,17,21,43_21,panelist,med,NA,4.3,1,0,0,0,1,-0.1,4.2
43,17,22,43_22,panelist,low,NA,4.3,1,0,1,0,0,0,4.3
43,17,23,43_23,panelist,high,NA,4.3,1,1,0,0,0,0,4.3
43,17,24,43_24,panelist,none,NA,4.3,1,0,0,1,1,0.1,4.4
43,19,01,43_01,panelist,low,NA,4.4,1,0,1,0,0,0,4.4
43,19,02,43_02,panelist,low,NA,4.4,1,0,1,0,1,0.2,4.6
43,19,03,43_03,panelist,none,NA,4.4,1,0,0,1,0,0,4.4
43,19,04,43_04,panelist,none,NA,4.4,1,0,0,1,1,0.1,4.5
43,19,05,43_05,panelist,none,NA,4.4,1,0,0,1,1,-0.2,4.2
43,19,06,43_06,panelist,none,NA,4.4,1,0,0,1,1,-0.1,4.3
43,19,07,43_07,panelist,high,NA,4.4,1,1,0,0,0,0,4.4
43,19,08,43_08,reviewer,low,4.7,4.4,0,0,1,0,0,0,4.4
43,19,09,43_09,panelist,med,NA,4.4,1,0,0,0,0,0,4.4
43,19,10,43_10,panelist,med,NA,4.4,1,0,0,0,0,0,4.4
43,19,11,43_11,panelist,med,NA,4.4,1,0,0,0,1,-0.3,4.1
43,19,12,43_12,panelist,low,NA,4.4,1,0,1,0,0,0,4.4
43,19,13,43_13,panelist,none,NA,4.4,1,0,0,1,0,0,4.4
43,19,14,43_14,panelist,low,NA,4.4,1,0,1,0,0,0,4.4
43,19,15,43_15,panelist,none,NA,4.4,1,0,0,1,1,-0.2,4.2
43,19,16,43_16,panelist,none,NA,4.4,1,0,0,1,1,0.2,4.6
43,19,17,43_17,panelist,high,NA,4.4,1,1,0,0,0,0,4.4
43,19,18,43_18,reviewer,none,4.4,4.4,0,0,0,1,0,0,4.4
43,19,19,43_19,panelist,med,NA,4.4,1,0,0,0,0,0,4.4
43,19,20,43_20,reviewer,none,4.1,4.4,0,0,0,1,1,-0.1,4.3
43,19,21,43_21,panelist,med,NA,4.4,1,0,0,0,0,0,4.4
43,19,22,43_22,panelist,none,NA,4.4,1,0,0,1,1,0.2,4.6
43,19,23,43_23,panelist,low,NA,4.4,1,0,1,0,0,0,4.4
43,19,24,43_24,panelist,low,NA,4.4,1,0,1,0,1,-0.2,4.2
43,20,01,43_01,panelist,med,NA,3.9,1,0,0,0,0,0,3.9
43,20,02,43_02,panelist,none,NA,3.9,1,0,0,1,0,0,3.9
43,20,03,43_03,reviewer,none,3.7,3.9,0,0,0,1,0,0,3.9
43,20,04,43_04,panelist,none,NA,3.9,1,0,0,1,1,0.1,4
43,20,05,43_05,panelist,high,NA,3.9,1,1,0,0,0,0,3.9
43,20,06,43_06,reviewer,low,4.2,3.9,0,0,1,0,1,-0.2,3.7
43,20,07,43_07,panelist,low,NA,3.9,1,0,1,0,0,0,3.9
43,20,08,43_08,panelist,none,NA,3.9,1,0,0,1,1,0.2,4.1
43,20,09,43_09,panelist,none,NA,3.9,1,0,0,1,0,0,3.9
43,20,10,43_10,panelist,none,NA,3.9,1,0,0,1,1,-0.2,3.7
43,20,11,43_11,panelist,med,NA,3.9,1,0,0,0,0,0,3.9
43,20,12,43_12,panelist,low,NA,3.9,1,0,1,0,1,-0.2,3.7
43,20,13,43_13,panelist,low,NA,3.9,1,0,1,0,1,0.4,4.3
43,20,14,43_14,panelist,low,NA,3.9,1,0,1,0,0,0,3.9
43,20,15,43_15,panelist,none,NA,3.9,1,0,0,1,0,0,3.9
43,20,16,43_16,panelist,med,NA,3.9,1,0,0,0,1,0.2,4.1
43,20,17,43_17,panelist,low,NA,3.9,1,0,1,0,0,0,3.9
43,20,18,43_18,panelist,none,NA,3.9,1,0,0,1,1,-0.3,3.6
43,20,19,43_19,panelist,med,NA,3.9,1,0,0,0,0,0,3.9
43,20,20,43_20,panelist,none,NA,3.9,1,0,0,1,1,0.3,4.2
43,20,21,43_21,panelist,low,NA,3.9,1,0,1,0,0,0,3.9
43,20,22,43_22,reviewer,high,3.8,3.9,0,1,0,0,0,0,3.9
43,20,23,43_23,panelist,med,NA,3.9,1,0,0,0,1,0.1,4
43,20,24,43_24,panelist,none,NA,3.9,1,0,0,1,0,0,3.9
43,23,01,43_01,panelist,none,NA,3.9,1,0,0,1,0,0,3.9
43,23,02,43_02,reviewer,none,3.7,3.9,0,0,0,1,1,-0.1,3.8
43,23,03,43_03,panelist,none,NA,3.9,1,0,0,1,1,-0.1,3.8
43,23,04,43_04,panelist,med,NA,3.9,1,0,0,0,0,0,3.9
43,23,05,43_05,reviewer,med,4,3.9,0,0,0,0,0,0,3.9
43,23,06,43_06,panelist,high,NA,3.9,1,1,0,0,0,0,3.9
43,23,07,43_07,panelist,none,NA,3.9,1,0,0,1,1,-0.2,3.7
43,23,08,43_08,reviewer,none,4,3.9,0,0,0,1,0,0,3.9
43,23,09,43_09,panelist,low,NA,3.9,1,0,1,0,0,0,3.9
43,23,10,43_10,panelist,none,NA,3.9,1,0,0,1,0,0,3.9
43,23,11,43_11,panelist,none,NA,3.9,1,0,0,1,1,-0.2,3.7
43,23,12,43_12,panelist,med,NA,3.9,1,0,0,0,0,0,3.9
43,23,13,43_13,panelist,high,NA,3.9,1,1,0,0,1,-0.2,3.7
43,23,14,43_14,panelist,med,NA,3.9,1,0,0,0,0,0,3.9
43,23,15,43_15,panelist,low,NA,3.9,1,0,1,0,0,0,3.9
43,23,16,43_16,panelist,med,NA,3.9,1,0,0,0,1,0.2,4.1
43,23,17,43_17,panelist,none,NA,3.9,1,0,0,1,1,-0.1,3.8
43,23,18,43_18,panelist,low,NA,3.9,1,0,1,0,1,-0.1,3.8
43,23,19,43_19,panelist,low,NA,3.9,1,0,1,0,1,0.1,4
43,23,20,43_20,panelist,none,NA,3.9,1,0,0,1,0,0,3.9
43,23,21,43_21,panelist,low,NA,3.9,1,0,1,0,0,0,3.9
43,23,22,43_22,panelist,none,NA,3.9,1,0,0,1,1,-0.1,3.8
43,23,23,43_23,panelist,low,NA,3.9,1,0,1,0,0,0,3.9
43,23,24,43_24,panelist,low,NA,3.9,1,0,1,0,1,-0.2,3.7
43,24,01,43_01,reviewer,none,4,3.8,0,0,0,1,0,0,3.8
43,24,02,43_02,panelist,med,NA,3.8,1,0,0,0,1,-0.1,3.7
43,24,03,43_03,panelist,low,NA,3.8,1,0,1,0,0,0,3.8
43,24,04,43_04,panelist,low,NA,3.8,1,0,1,0,1,-0.1,3.7
43,24,05,43_05,panelist,none,NA,3.8,1,0,0,1,0,0,3.8
43,24,06,43_06,reviewer,med,3.7,3.8,0,0,0,0,0,0,3.8
43,24,07,43_07,panelist,low,NA,3.8,1,0,1,0,1,-0.2,3.6
43,24,08,43_08,panelist,none,NA,3.8,1,0,0,1,0,0,3.8
43,24,09,43_09,panelist,low,NA,3.8,1,0,1,0,0,0,3.8
43,24,10,43_10,panelist,none,NA,3.8,1,0,0,1,0,0,3.8
43,24,11,43_11,panelist,high,NA,3.8,1,1,0,0,1,-0.2,3.6
43,24,12,43_12,panelist,none,NA,3.8,1,0,0,1,0,0,3.8
43,24,13,43_13,panelist,none,NA,3.8,1,0,0,1,0,0,3.8
43,24,14,43_14,panelist,med,NA,3.8,1,0,0,0,0,0,3.8
43,24,15,43_15,panelist,none,NA,3.8,1,0,0,1,1,0.1,3.9
43,24,16,43_16,reviewer,none,3.8,3.8,0,0,0,1,0,0,3.8
43,24,17,43_17,panelist,high,NA,3.8,1,1,0,0,1,-0.3,3.5
43,24,18,43_18,panelist,med,NA,3.8,1,0,0,0,1,-0.2,3.6
43,24,19,43_19,panelist,med,NA,3.8,1,0,0,0,0,0,3.8
43,24,20,43_20,panelist,low,NA,3.8,1,0,1,0,1,0.3,4.1
43,24,21,43_21,panelist,none,NA,3.8,1,0,0,1,1,0.2,4
43,24,22,43_22,panelist,low,NA,3.8,1,0,1,0,0,0,3.8
43,24,23,43_23,panelist,low,NA,3.8,1,0,1,0,1,-0.2,3.6
43,24,24,43_24,panelist,none,NA,3.8,1,0,0,1,0,0,3.8
43,25,01,43_01,panelist,med,NA,4,1,0,0,0,1,0.2,4.2
43,25,02,43_02,panelist,high,NA,4,1,1,0,0,0,0,4
43,25,03,43_03,panelist,none,NA,4,1,0,0,1,0,0,4
43,25,04,43_04,panelist,low,NA,4,1,0,1,0,1,0.3,4.3
43,25,05,43_05,panelist,low,NA,4,1,0,1,0,0,0,4
43,25,06,43_06,panelist,none,NA,4,1,0,0,1,1,-0.1,3.9
43,25,07,43_07,panelist,high,NA,4,1,1,0,0,1,-0.2,3.8
43,25,08,43_08,panelist,low,NA,4,1,0,1,0,0,0,4
43,25,09,43_09,panelist,med,NA,4,1,0,0,0,0,0,4
43,25,10,43_10,panelist,none,NA,4,1,0,0,1,1,-0.2,3.8
43,25,11,43_11,panelist,low,NA,4,1,0,1,0,0,0,4
43,25,12,43_12,panelist,med,NA,4,1,0,0,0,0,0,4
43,25,13,43_13,panelist,none,NA,4,1,0,0,1,1,0.1,4.1
43,25,14,43_14,panelist,low,NA,4,1,0,1,0,0,0,4
43,25,15,43_15,reviewer,none,4,4,0,0,0,1,1,-0.2,3.8
43,25,16,43_16,panelist,none,NA,4,1,0,0,1,1,0.1,4.1
43,25,17,43_17,panelist,none,NA,4,1,0,0,1,1,0.2,4.2
43,25,18,43_18,panelist,med,NA,4,1,0,0,0,1,-0.2,3.8
43,25,19,43_19,panelist,low,NA,4,1,0,1,0,0,0,4
43,25,20,43_20,panelist,none,NA,4,1,0,0,1,0,0,4
43,25,21,43_21,reviewer,med,4.1,4,0,0,0,0,0,0,4
43,25,22,43_22,panelist,none,NA,4,1,0,0,1,1,-0.1,3.9
43,25,23,43_23,panelist,low,NA,4,1,0,1,0,0,0,4
43,25,24,43_24,reviewer,none,3.9,4,0,0,0,1,1,0.2,4.2
43,26,01,43_01,panelist,low,NA,4.2,1,0,1,0,1,0.1,4.3
43,26,02,43_02,panelist,none,NA,4.2,1,0,0,1,1,-0.4,3.8
43,26,03,43_03,panelist,low,NA,4.2,1,0,1,0,0,0,4.2
43,26,04,43_04,panelist,low,NA,4.2,1,0,1,0,1,0.1,4.3
43,26,05,43_05,panelist,med,NA,4.2,1,0,0,0,0,0,4.2
43,26,06,43_06,panelist,none,NA,4.2,1,0,0,1,1,0.1,4.3
43,26,07,43_07,panelist,low,NA,4.2,1,0,1,0,0,0,4.2
43,26,08,43_08,panelist,none,NA,4.2,1,0,0,1,0,0,4.2
43,26,09,43_09,panelist,med,NA,4.2,1,0,0,0,0,0,4.2
43,26,10,43_10,panelist,none,NA,4.2,1,0,0,1,0,0,4.2
43,26,11,43_11,panelist,none,NA,4.2,1,0,0,1,1,-0.1,4.1
43,26,12,43_12,reviewer,high,4.2,4.2,0,1,0,0,1,0.1,4.3
43,26,13,43_13,reviewer,low,4.2,4.2,0,0,1,0,0,0,4.2
43,26,14,43_14,reviewer,med,4.2,4.2,0,0,0,0,0,0,4.2
43,26,15,43_15,panelist,none,NA,4.2,1,0,0,1,1,-0.4,3.8
43,26,16,43_16,panelist,high,NA,4.2,1,1,0,0,0,0,4.2
43,26,17,43_17,panelist,none,NA,4.2,1,0,0,1,0,0,4.2
43,26,18,43_18,panelist,med,NA,4.2,1,0,0,0,1,-0.2,4
43,26,19,43_19,panelist,none,NA,4.2,1,0,0,1,0,0,4.2
43,26,20,43_20,panelist,low,NA,4.2,1,0,1,0,1,0.2,4.4
43,26,21,43_21,panelist,none,NA,4.2,1,0,0,1,1,-0.1,4.1
43,26,22,43_22,panelist,none,NA,4.2,1,0,0,1,1,0.2,4.4
43,26,23,43_23,panelist,med,NA,4.2,1,0,0,0,1,0.1,4.3
43,26,24,43_24,panelist,low,NA,4.2,1,0,1,0,1,0.1,4.3
43,29,01,43_01,reviewer,none,3.6,3.5,0,0,0,1,1,-0.2,3.3
43,29,02,43_02,panelist,none,NA,3.5,1,0,0,1,1,-0.1,3.4
43,29,03,43_03,panelist,med,NA,3.5,1,0,0,0,1,-0.2,3.3
43,29,04,43_04,panelist,med,NA,3.5,1,0,0,0,0,0,3.5
43,29,05,43_05,panelist,low,NA,3.5,1,0,1,0,0,0,3.5
43,29,06,43_06,panelist,none,NA,3.5,1,0,0,1,0,0,3.5
43,29,07,43_07,reviewer,low,3.4,3.5,0,0,1,0,1,-0.3,3.2
43,29,08,43_08,panelist,med,NA,3.5,1,0,0,0,0,0,3.5
43,29,09,43_09,panelist,high,NA,3.5,1,1,0,0,0,0,3.5
43,29,10,43_10,panelist,none,NA,3.5,1,0,0,1,1,-0.2,3.3
43,29,11,43_11,panelist,med,NA,3.5,1,0,0,0,0,0,3.5
43,29,12,43_12,panelist,none,NA,3.5,1,0,0,1,0,0,3.5
43,29,13,43_13,reviewer,none,3.4,3.5,0,0,0,1,0,0,3.5
43,29,14,43_14,panelist,none,NA,3.5,1,0,0,1,1,-0.1,3.4
43,29,15,43_15,panelist,med,NA,3.5,1,0,0,0,0,0,3.5
43,29,16,43_16,panelist,none,NA,3.5,1,0,0,1,1,-0.2,3.3
43,29,17,43_17,panelist,low,NA,3.5,1,0,1,0,0,0,3.5
43,29,18,43_18,panelist,high,NA,3.5,1,1,0,0,0,0,3.5
43,29,19,43_19,panelist,none,NA,3.5,1,0,0,1,1,-0.2,3.3
43,29,20,43_20,panelist,low,NA,3.5,1,0,1,0,0,0,3.5
43,29,21,43_21,panelist,low,NA,3.5,1,0,1,0,0,0,3.5
43,29,22,43_22,panelist,low,NA,3.5,1,0,1,0,0,0,3.5
43,29,23,43_23,panelist,none,NA,3.5,1,0,0,1,0,0,3.5
43,29,24,43_24,panelist,low,NA,3.5,1,0,1,0,1,0.1,3.6
43,30,01,43_01,reviewer,none,3.6,3.5,0,0,0,1,0,0,3.5
43,30,02,43_02,reviewer,high,3.3,3.5,0,1,0,0,0,0,3.5
43,30,03,43_03,panelist,none,NA,3.5,1,0,0,1,0,0,3.5
43,30,04,43_04,panelist,low,NA,3.5,1,0,1,0,0,0,3.5
43,30,05,43_05,panelist,none,NA,3.5,1,0,0,1,1,-0.2,3.3
43,30,06,43_06,panelist,none,NA,3.5,1,0,0,1,0,0,3.5
43,30,07,43_07,panelist,low,NA,3.5,1,0,1,0,1,0.2,3.7
43,30,08,43_08,panelist,low,NA,3.5,1,0,1,0,0,0,3.5
43,30,09,43_09,panelist,med,NA,3.5,1,0,0,0,1,0.1,3.6
43,30,10,43_10,panelist,low,NA,3.5,1,0,1,0,0,0,3.5
43,30,11,43_11,panelist,med,NA,3.5,1,0,0,0,0,0,3.5
43,30,12,43_12,panelist,low,NA,3.5,1,0,1,0,1,-0.2,3.3
43,30,13,43_13,panelist,none,NA,3.5,1,0,0,1,1,-0.1,3.4
43,30,14,43_14,panelist,med,NA,3.5,1,0,0,0,1,0.2,3.7
43,30,15,43_15,panelist,none,NA,3.5,1,0,0,1,0,0,3.5
43,30,16,43_16,panelist,none,NA,3.5,1,0,0,1,0,0,3.5
43,30,17,43_17,panelist,low,NA,3.5,1,0,1,0,0,0,3.5
43,30,18,43_18,panelist,high,NA,3.5,1,1,0,0,1,-0.1,3.4
43,30,19,43_19,panelist,none,NA,3.5,1,0,0,1,1,-0.2,3.3
43,30,20,43_20,panelist,low,NA,3.5,1,0,1,0,0,0,3.5
43,30,21,43_21,panelist,none,NA,3.5,1,0,0,1,1,0.2,3.7
43,30,22,43_22,reviewer,none,3.5,3.5,0,0,0,1,1,0.1,3.6
43,30,23,43_23,panelist,med,NA,3.5,1,0,0,0,1,0.2,3.7
43,30,24,43_24,panelist,med,NA,3.5,1,0,0,0,1,0.3,3.8
44,4,01,44_01,panelist,med,NA,4.3,1,0,0,0,0,0,4.3
44,4,02,44_02,panelist,low,NA,4.3,1,0,1,0,0,0,4.3
44,4,03,44_03,reviewer,med,4.4,4.3,0,0,0,0,0,0,4.3
44,4,04,44_04,reviewer,none,4.5,4.3,0,0,0,1,1,0.1,4.4
44,4,05,44_05,panelist,none,NA,4.3,1,0,0,1,0,0,4.3
44,4,06,44_06,panelist,none,NA,4.3,1,0,0,1,1,-0.3,4
44,4,07,44_07,panelist,med,NA,4.3,1,0,0,0,0,0,4.3
44,4,08,44_08,panelist,low,NA,4.3,1,0,1,0,0,0,4.3
44,4,09,44_09,panelist,low,NA,4.3,1,0,1,0,0,0,4.3
44,4,10,44_10,panelist,none,NA,4.3,1,0,0,1,1,0.3,4.6
44,4,11,44_11,panelist,none,NA,4.3,1,0,0,1,1,0.1,4.4
44,4,12,44_12,panelist,high,NA,4.3,1,1,0,0,1,0.3,4.6
44,4,13,44_13,reviewer,low,4.1,4.3,0,0,1,0,0,0,4.3
44,4,14,44_14,panelist,none,NA,4.3,1,0,0,1,1,0.5,4.8
44,4,15,44_15,panelist,low,NA,4.3,1,0,1,0,0,0,4.3
44,4,16,44_16,panelist,med,NA,4.3,1,0,0,0,1,0.1,4.4
44,4,17,44_17,panelist,none,NA,4.3,1,0,0,1,0,0,4.3
44,4,18,44_18,panelist,high,NA,4.3,1,1,0,0,0,0,4.3
44,4,19,44_19,panelist,none,NA,4.3,1,0,0,1,0,0,4.3
44,4,20,44_20,panelist,low,NA,4.3,1,0,1,0,1,0.2,4.5
44,4,21,44_21,panelist,none,NA,4.3,1,0,0,1,1,-0.2,4.1
44,4,22,44_22,panelist,low,NA,4.3,1,0,1,0,0,0,4.3
44,4,23,44_23,panelist,med,NA,4.3,1,0,0,0,1,-0.1,4.2
44,4,24,44_24,panelist,none,NA,4.3,1,0,0,1,1,-0.1,4.2
44,5,01,44_01,panelist,none,NA,4.1,1,0,0,1,1,0.2,4.3
44,5,02,44_02,panelist,high,NA,4.1,1,1,0,0,0,0,4.1
44,5,03,44_03,panelist,med,NA,4.1,1,0,0,0,0,0,4.1
44,5,04,44_04,panelist,low,NA,4.1,1,0,1,0,1,0.1,4.2
44,5,05,44_05,panelist,low,NA,4.1,1,0,1,0,1,-0.3,3.8
44,5,06,44_06,panelist,low,NA,4.1,1,0,1,0,0,0,4.1
44,5,07,44_07,panelist,low,NA,4.1,1,0,1,0,0,0,4.1
44,5,08,44_08,reviewer,none,3.8,4.1,0,0,0,1,0,0,4.1
44,5,09,44_09,panelist,none,NA,4.1,1,0,0,1,1,0.3,4.4
44,5,10,44_10,panelist,none,NA,4.1,1,0,0,1,0,0,4.1
44,5,11,44_11,panelist,med,NA,4.1,1,0,0,0,0,0,4.1
44,5,12,44_12,reviewer,none,4.2,4.1,0,0,0,1,0,0,4.1
44,5,13,44_13,panelist,none,NA,4.1,1,0,0,1,0,0,4.1
44,5,14,44_14,panelist,low,NA,4.1,1,0,1,0,1,0.3,4.4
44,5,15,44_15,panelist,med,NA,4.1,1,0,0,0,1,-0.3,3.8
44,5,16,44_16,panelist,none,NA,4.1,1,0,0,1,1,0.2,4.3
44,5,17,44_17,panelist,none,NA,4.1,1,0,0,1,1,-0.1,4
44,5,18,44_18,panelist,high,NA,4.1,1,1,0,0,0,0,4.1
44,5,19,44_19,panelist,med,NA,4.1,1,0,0,0,1,0.2,4.3
44,5,20,44_20,panelist,low,NA,4.1,1,0,1,0,0,0,4.1
44,5,21,44_21,panelist,low,NA,4.1,1,0,1,0,1,-0.2,3.9
44,5,22,44_22,reviewer,none,4.4,4.1,0,0,0,1,0,0,4.1
44,5,23,44_23,panelist,none,NA,4.1,1,0,0,1,0,0,4.1
44,5,24,44_24,panelist,med,NA,4.1,1,0,0,0,1,-0.2,3.9
44,7,01,44_01,panelist,low,NA,4.3,1,0,1,0,0,0,4.3
44,7,02,44_02,panelist,none,NA,4.3,1,0,0,1,1,0.2,4.5
44,7,03,44_03,panelist,none,NA,4.3,1,0,0,1,1,0.4,4.7
44,7,04,44_04,reviewer,med,4.4,4.3,0,0,0,0,0,0,4.3
44,7,05,44_05,panelist,none,NA,4.3,1,0,0,1,0,0,4.3
44,7,06,44_06,reviewer,low,4.3,4.3,0,0,1,0,1,-0.1,4.2
44,7,07,44_07,panelist,low,NA,4.3,1,0,1,0,0,0,4.3
44,7,08,44_08,reviewer,none,4.1,4.3,0,0,0,1,0,0,4.3
44,7,09,44_09,panelist,none,NA,4.3,1,0,0,1,1,0.2,4.5
44,7,10,44_10,panelist,med,NA,4.3,1,0,0,0,0,0,4.3
44,7,11,44_11,panelist,none,NA,4.3,1,0,0,1,1,0.1,4.4
44,7,12,44_12,panelist,med,NA,4.3,1,0,0,0,0,0,4.3
44,7,13,44_13,panelist,none,NA,4.3,1,0,0,1,1,0.1,4.4
44,7,14,44_14,panelist,none,NA,4.3,1,0,0,1,1,-0.1,4.2
44,7,15,44_15,panelist,high,NA,4.3,1,1,0,0,1,-0.3,4
44,7,16,44_16,panelist,high,NA,4.3,1,1,0,0,0,0,4.3
44,7,17,44_17,panelist,none,NA,4.3,1,0,0,1,1,-0.3,4
44,7,18,44_18,panelist,low,NA,4.3,1,0,1,0,1,-0.1,4.2
44,7,19,44_19,panelist,none,NA,4.3,1,0,0,1,0,0,4.3
44,7,20,44_20,panelist,low,NA,4.3,1,0,1,0,0,0,4.3
44,7,21,44_21,panelist,low,NA,4.3,1,0,1,0,1,-0.1,4.2
44,7,22,44_22,panelist,med,NA,4.3,1,0,0,0,0,0,4.3
44,7,23,44_23,panelist,low,NA,4.3,1,0,1,0,1,-0.2,4.1
44,7,24,44_24,panelist,med,NA,4.3,1,0,0,0,1,-0.2,4.1
44,9,01,44_01,panelist,none,NA,4,1,0,0,1,1,-0.1,3.9
44,9,02,44_02,reviewer,med,3.6,4,0,0,0,0,0,0,4
44,9,03,44_03,panelist,none,NA,4,1,0,0,1,1,0.4,4.4
44,9,04,44_04,panelist,none,NA,4,1,0,0,1,0,0,4
44,9,05,44_05,panelist,med,NA,4,1,0,0,0,1,0.2,4.2
44,9,06,44_06,reviewer,none,4.3,4,0,0,0,1,1,-0.1,3.9
44,9,07,44_07,panelist,low,NA,4,1,0,1,0,0,0,4
44,9,08,44_08,panelist,none,NA,4,1,0,0,1,0,0,4
44,9,09,44_09,panelist,high,NA,4,1,1,0,0,1,0.1,4.1
44,9,10,44_10,panelist,med,NA,4,1,0,0,0,0,0,4
44,9,11,44_11,panelist,low,NA,4,1,0,1,0,1,-0.2,3.8
44,9,12,44_12,panelist,none,NA,4,1,0,0,1,1,0.2,4.2
44,9,13,44_13,panelist,none,NA,4,1,0,0,1,1,-0.2,3.8
44,9,14,44_14,panelist,none,NA,4,1,0,0,1,1,0.1,4.1
44,9,15,44_15,panelist,low,NA,4,1,0,1,0,0,0,4
44,9,16,44_16,panelist,low,NA,4,1,0,1,0,0,0,4
44,9,17,44_17,panelist,none,NA,4,1,0,0,1,1,-0.1,3.9
44,9,18,44_18,reviewer,low,4.2,4,0,0,1,0,0,0,4
44,9,19,44_19,panelist,low,NA,4,1,0,1,0,1,0.3,4.3
44,9,20,44_20,panelist,none,NA,4,1,0,0,1,0,0,4
44,9,21,44_21,panelist,low,NA,4,1,0,1,0,1,-0.3,3.7
44,9,22,44_22,panelist,med,NA,4,1,0,0,0,0,0,4
44,9,23,44_23,panelist,high,NA,4,1,1,0,0,0,0,4
44,9,24,44_24,panelist,med,NA,4,1,0,0,0,1,-0.1,3.9
44,14,01,44_01,panelist,med,NA,3.9,1,0,0,0,0,0,3.9
44,14,02,44_02,reviewer,none,3.4,3.9,0,0,0,1,0,0,3.9
44,14,03,44_03,panelist,none,NA,3.9,1,0,0,1,1,0.1,4
44,14,04,44_04,panelist,med,NA,3.9,1,0,0,0,1,-0.2,3.7
44,14,05,44_05,panelist,low,NA,3.9,1,0,1,0,1,0.1,4
44,14,06,44_06,panelist,none,NA,3.9,1,0,0,1,0,0,3.9
44,14,07,44_07,panelist,none,NA,3.9,1,0,0,1,1,-0.1,3.8
44,14,08,44_08,panelist,none,NA,3.9,1,0,0,1,1,-0.1,3.8
44,14,09,44_09,panelist,low,NA,3.9,1,0,1,0,1,0.1,4
44,14,10,44_10,panelist,none,NA,3.9,1,0,0,1,1,-0.1,3.8
44,14,11,44_11,panelist,none,NA,3.9,1,0,0,1,1,-0.2,3.7
44,14,12,44_12,panelist,med,NA,3.9,1,0,0,0,0,0,3.9
44,14,13,44_13,panelist,none,NA,3.9,1,0,0,1,0,0,3.9
44,14,14,44_14,panelist,high,NA,3.9,1,1,0,0,0,0,3.9
44,14,15,44_15,panelist,low,NA,3.9,1,0,1,0,1,0.1,4
44,14,16,44_16,panelist,low,NA,3.9,1,0,1,0,1,0.1,4
44,14,17,44_17,reviewer,high,4.1,3.9,0,1,0,0,1,0.2,4.1
44,14,18,44_18,panelist,med,NA,3.9,1,0,0,0,0,0,3.9
44,14,19,44_19,panelist,none,NA,3.9,1,0,0,1,0,0,3.9
44,14,20,44_20,reviewer,low,4.1,3.9,0,0,1,0,0,0,3.9
44,14,21,44_21,panelist,med,NA,3.9,1,0,0,0,1,0.1,4
44,14,22,44_22,panelist,low,NA,3.9,1,0,1,0,0,0,3.9
44,14,23,44_23,panelist,none,NA,3.9,1,0,0,1,0,0,3.9
44,14,24,44_24,panelist,low,NA,3.9,1,0,1,0,0,0,3.9
44,15,01,44_01,panelist,low,NA,3.8,1,0,1,0,0,0,3.8
44,15,02,44_02,panelist,high,NA,3.8,1,1,0,0,0,0,3.8
44,15,03,44_03,panelist,low,NA,3.8,1,0,1,0,0,0,3.8
44,15,04,44_04,reviewer,low,3.6,3.8,0,0,1,0,0,0,3.8
44,15,05,44_05,panelist,none,NA,3.8,1,0,0,1,0,0,3.8
44,15,06,44_06,panelist,med,NA,3.8,1,0,0,0,0,0,3.8
44,15,07,44_07,panelist,none,NA,3.8,1,0,0,1,1,-0.2,3.6
44,15,08,44_08,panelist,low,NA,3.8,1,0,1,0,0,0,3.8
44,15,09,44_09,panelist,none,NA,3.8,1,0,0,1,0,0,3.8
44,15,10,44_10,reviewer,high,4,3.8,0,1,0,0,0,0,3.8
44,15,11,44_11,panelist,none,NA,3.8,1,0,0,1,1,0.1,3.9
44,15,12,44_12,panelist,none,NA,3.8,1,0,0,1,1,0.4,4.2
44,15,13,44_13,panelist,low,NA,3.8,1,0,1,0,0,0,3.8
44,15,14,44_14,panelist,low,NA,3.8,1,0,1,0,1,0.1,3.9
44,15,15,44_15,panelist,none,NA,3.8,1,0,0,1,1,-0.4,3.4
44,15,16,44_16,panelist,med,NA,3.8,1,0,0,0,0,0,3.8
44,15,17,44_17,panelist,med,NA,3.8,1,0,0,0,1,-0.2,3.6
44,15,18,44_18,reviewer,med,3.8,3.8,0,0,0,0,1,0.1,3.9
44,15,19,44_19,panelist,none,NA,3.8,1,0,0,1,1,0.1,3.9
44,15,20,44_20,panelist,none,NA,3.8,1,0,0,1,0,0,3.8
44,15,21,44_21,panelist,none,NA,3.8,1,0,0,1,0,0,3.8
44,15,22,44_22,panelist,med,NA,3.8,1,0,0,0,1,0.1,3.9
44,15,23,44_23,panelist,none,NA,3.8,1,0,0,1,0,0,3.8
44,15,24,44_24,panelist,low,NA,3.8,1,0,1,0,0,0,3.8
44,18,01,44_01,panelist,med,NA,4.3,1,0,0,0,0,0,4.3
44,18,02,44_02,panelist,low,NA,4.3,1,0,1,0,0,0,4.3
44,18,03,44_03,panelist,none,NA,4.3,1,0,0,1,1,0.2,4.5
44,18,04,44_04,panelist,none,NA,4.3,1,0,0,1,0,0,4.3
44,18,05,44_05,reviewer,none,4.4,4.3,0,0,0,1,1,-0.1,4.2
44,18,06,44_06,panelist,low,NA,4.3,1,0,1,0,1,0.4,4.7
44,18,07,44_07,panelist,high,NA,4.3,1,1,0,0,1,-0.1,4.2
44,18,08,44_08,panelist,low,NA,4.3,1,0,1,0,1,-0.3,4
44,18,09,44_09,panelist,low,NA,4.3,1,0,1,0,1,0.3,4.6
44,18,10,44_10,panelist,none,NA,4.3,1,0,0,1,1,0.1,4.4
44,18,11,44_11,panelist,med,NA,4.3,1,0,0,0,0,0,4.3
44,18,12,44_12,panelist,none,NA,4.3,1,0,0,1,1,0.3,4.6
44,18,13,44_13,panelist,none,NA,4.3,1,0,0,1,0,0,4.3
44,18,14,44_14,reviewer,low,4.2,4.3,0,0,1,0,0,0,4.3
44,18,15,44_15,panelist,none,NA,4.3,1,0,0,1,1,-0.1,4.2
44,18,16,44_16,panelist,none,NA,4.3,1,0,0,1,1,-0.1,4.2
44,18,17,44_17,panelist,med,NA,4.3,1,0,0,0,0,0,4.3
44,18,18,44_18,reviewer,low,4.4,4.3,0,0,1,0,0,0,4.3
44,18,19,44_19,panelist,med,NA,4.3,1,0,0,0,0,0,4.3
44,18,20,44_20,panelist,low,NA,4.3,1,0,1,0,1,0.1,4.4
44,18,21,44_21,panelist,high,NA,4.3,1,1,0,0,0,0,4.3
44,18,22,44_22,panelist,none,NA,4.3,1,0,0,1,0,0,4.3
44,18,23,44_23,panelist,none,NA,4.3,1,0,0,1,1,-0.1,4.2
44,18,24,44_24,panelist,med,NA,4.3,1,0,0,0,0,0,4.3
44,19,01,44_01,panelist,low,NA,3.6,1,0,1,0,0,0,3.6
44,19,02,44_02,panelist,high,NA,3.6,1,1,0,0,0,0,3.6
44,19,03,44_03,panelist,none,NA,3.6,1,0,0,1,0,0,3.6
44,19,04,44_04,reviewer,none,3.8,3.6,0,0,0,1,0,0,3.6
44,19,05,44_05,panelist,med,NA,3.6,1,0,0,0,0,0,3.6
44,19,06,44_06,panelist,none,NA,3.6,1,0,0,1,0,0,3.6
44,19,07,44_07,panelist,none,NA,3.6,1,0,0,1,1,-0.2,3.4
44,19,08,44_08,panelist,none,NA,3.6,1,0,0,1,0,0,3.6
44,19,09,44_09,panelist,low,NA,3.6,1,0,1,0,0,0,3.6
44,19,10,44_10,reviewer,none,3.3,3.6,0,0,0,1,1,-0.1,3.5
44,19,11,44_11,panelist,med,NA,3.6,1,0,0,0,1,-0.1,3.5
44,19,12,44_12,panelist,none,NA,3.6,1,0,0,1,0,0,3.6
44,19,13,44_13,panelist,low,NA,3.6,1,0,1,0,1,-0.4,3.2
44,19,14,44_14,panelist,high,NA,3.6,1,1,0,0,1,0.4,4
44,19,15,44_15,panelist,none,NA,3.6,1,0,0,1,1,-0.3,3.3
44,19,16,44_16,reviewer,none,3.8,3.6,0,0,0,1,0,0,3.6
44,19,17,44_17,panelist,med,NA,3.6,1,0,0,0,0,0,3.6
44,19,18,44_18,panelist,low,NA,3.6,1,0,1,0,0,0,3.6
44,19,19,44_19,panelist,med,NA,3.6,1,0,0,0,0,0,3.6
44,19,20,44_20,panelist,low,NA,3.6,1,0,1,0,0,0,3.6
44,19,21,44_21,panelist,low,NA,3.6,1,0,1,0,1,-0.1,3.5
44,19,22,44_22,panelist,med,NA,3.6,1,0,0,0,0,0,3.6
44,19,23,44_23,panelist,none,NA,3.6,1,0,0,1,0,0,3.6
44,19,24,44_24,panelist,low,NA,3.6,1,0,1,0,1,-0.1,3.5
44,24,01,44_01,panelist,low,NA,4,1,0,1,0,1,0.1,4.1
44,24,02,44_02,reviewer,none,4,4,0,0,0,1,0,0,4
44,24,03,44_03,panelist,none,NA,4,1,0,0,1,0,0,4
44,24,04,44_04,panelist,med,NA,4,1,0,0,0,1,-0.1,3.9
44,24,05,44_05,panelist,high,NA,4,1,1,0,0,0,0,4
44,24,06,44_06,panelist,none,NA,4,1,0,0,1,1,0.3,4.3
44,24,07,44_07,panelist,med,NA,4,1,0,0,0,0,0,4
44,24,08,44_08,panelist,low,NA,4,1,0,1,0,0,0,4
44,24,09,44_09,panelist,low,NA,4,1,0,1,0,1,0.5,4.5
44,24,10,44_10,panelist,none,NA,4,1,0,0,1,0,0,4
44,24,11,44_11,panelist,none,NA,4,1,0,0,1,0,0,4
44,24,12,44_12,panelist,med,NA,4,1,0,0,0,0,0,4
44,24,13,44_13,panelist,low,NA,4,1,0,1,0,0,0,4
44,24,14,44_14,panelist,med,NA,4,1,0,0,0,0,0,4
44,24,15,44_15,panelist,med,NA,4,1,0,0,0,0,0,4
44,24,16,44_16,panelist,low,NA,4,1,0,1,0,0,0,4
44,24,17,44_17,panelist,none,NA,4,1,0,0,1,0,0,4
44,24,18,44_18,reviewer,none,3.9,4,0,0,0,1,0,0,4
44,24,19,44_19,panelist,none,NA,4,1,0,0,1,0,0,4
44,24,20,44_20,panelist,none,NA,4,1,0,0,1,1,0.3,4.3
44,24,21,44_21,panelist,low,NA,4,1,0,1,0,0,0,4
44,24,22,44_22,panelist,none,NA,4,1,0,0,1,0,0,4
44,24,23,44_23,panelist,low,NA,4,1,0,1,0,0,0,4
44,24,24,44_24,reviewer,high,4,4,0,1,0,0,0,0,4
44,25,01,44_01,panelist,none,NA,3.8,1,0,0,1,1,0.3,4.1
44,25,02,44_02,panelist,med,NA,3.8,1,0,0,0,1,-0.1,3.7
44,25,03,44_03,panelist,none,NA,3.8,1,0,0,1,1,0.3,4.1
44,25,04,44_04,panelist,none,NA,3.8,1,0,0,1,1,0.1,3.9
44,25,05,44_05,panelist,med,NA,3.8,1,0,0,0,0,0,3.8
44,25,06,44_06,panelist,low,NA,3.8,1,0,1,0,0,0,3.8
44,25,07,44_07,panelist,low,NA,3.8,1,0,1,0,1,-0.3,3.5
44,25,08,44_08,panelist,high,NA,3.8,1,1,0,0,0,0,3.8
44,25,09,44_09,reviewer,low,3.9,3.8,0,0,1,0,1,0.2,4
44,25,10,44_10,panelist,low,NA,3.8,1,0,1,0,1,0.3,4.1
44,25,11,44_11,panelist,none,NA,3.8,1,0,0,1,0,0,3.8
44,25,12,44_12,panelist,none,NA,3.8,1,0,0,1,0,0,3.8
44,25,13,44_13,panelist,none,NA,3.8,1,0,0,1,1,0.3,4.1
44,25,14,44_14,reviewer,med,3.8,3.8,0,0,0,0,0,0,3.8
44,25,15,44_15,panelist,none,NA,3.8,1,0,0,1,0,0,3.8
44,25,16,44_16,reviewer,low,3.7,3.8,0,0,1,0,0,0,3.8
44,25,17,44_17,panelist,med,NA,3.8,1,0,0,0,0,0,3.8
44,25,18,44_18,panelist,none,NA,3.8,1,0,0,1,0,0,3.8
44,25,19,44_19,panelist,low,NA,3.8,1,0,1,0,1,0.1,3.9
44,25,20,44_20,panelist,low,NA,3.8,1,0,1,0,1,0.3,4.1
44,25,21,44_21,panelist,med,NA,3.8,1,0,0,0,0,0,3.8
44,25,22,44_22,panelist,high,NA,3.8,1,1,0,0,1,-0.2,3.6
44,25,23,44_23,panelist,none,NA,3.8,1,0,0,1,0,0,3.8
44,25,24,44_24,panelist,none,NA,3.8,1,0,0,1,0,0,3.8
44,26,01,44_01,panelist,low,NA,3.9,1,0,1,0,0,0,3.9
44,26,02,44_02,panelist,none,NA,3.9,1,0,0,1,0,0,3.9
44,26,03,44_03,panelist,high,NA,3.9,1,1,0,0,0,0,3.9
44,26,04,44_04,panelist,low,NA,3.9,1,0,1,0,1,0.2,4.1
44,26,05,44_05,panelist,none,NA,3.9,1,0,0,1,0,0,3.9
44,26,06,44_06,reviewer,med,4.1,3.9,0,0,0,0,0,0,3.9
44,26,07,44_07,panelist,med,NA,3.9,1,0,0,0,0,0,3.9
44,26,08,44_08,panelist,none,NA,3.9,1,0,0,1,1,-0.2,3.7
44,26,09,44_09,panelist,none,NA,3.9,1,0,0,1,0,0,3.9
44,26,10,44_10,reviewer,low,3.7,3.9,0,0,1,0,0,0,3.9
44,26,11,44_11,panelist,low,NA,3.9,1,0,1,0,1,0.1,4
44,26,12,44_12,panelist,none,NA,3.9,1,0,0,1,1,0.2,4.1
44,26,13,44_13,panelist,none,NA,3.9,1,0,0,1,0,0,3.9
44,26,14,44_14,panelist,low,NA,3.9,1,0,1,0,1,0.4,4.3
44,26,15,44_15,panelist,med,NA,3.9,1,0,0,0,1,-0.1,3.8
44,26,16,44_16,panelist,med,NA,3.9,1,0,0,0,0,0,3.9
44,26,17,44_17,panelist,high,NA,3.9,1,1,0,0,1,-0.2,3.7
44,26,18,44_18,reviewer,none,4,3.9,0,0,0,1,1,0.2,4.1
44,26,19,44_19,panelist,low,NA,3.9,1,0,1,0,0,0,3.9
44,26,20,44_20,panelist,low,NA,3.9,1,0,1,0,1,0.1,4
44,26,21,44_21,panelist,none,NA,3.9,1,0,0,1,1,-0.3,3.6
44,26,22,44_22,panelist,med,NA,3.9,1,0,0,0,0,0,3.9
44,26,23,44_23,panelist,none,NA,3.9,1,0,0,1,1,0.1,4
44,26,24,44_24,panelist,none,NA,3.9,1,0,0,1,0,0,3.9
44,27,01,44_01,panelist,none,NA,3.9,1,0,0,1,1,0.1,4
44,27,02,44_02,reviewer,high,4.1,3.9,0,1,0,0,1,0.1,4
44,27,03,44_03,panelist,med,NA,3.9,1,0,0,0,0,0,3.9
44,27,04,44_04,panelist,low,NA,3.9,1,0,1,0,0,0,3.9
44,27,05,44_05,panelist,low,NA,3.9,1,0,1,0,0,0,3.9
44,27,06,44_06,panelist,none,NA,3.9,1,0,0,1,0,0,3.9
44,27,07,44_07,panelist,none,NA,3.9,1,0,0,1,0,0,3.9
44,27,08,44_08,panelist,med,NA,3.9,1,0,0,0,0,0,3.9
44,27,09,44_09,panelist,none,NA,3.9,1,0,0,1,1,0.1,4
44,27,10,44_10,panelist,none,NA,3.9,1,0,0,1,0,0,3.9
44,27,11,44_11,panelist,low,NA,3.9,1,0,1,0,1,0.1,4
44,27,12,44_12,panelist,low,NA,3.9,1,0,1,0,1,0.2,4.1
44,27,13,44_13,panelist,low,NA,3.9,1,0,1,0,1,-0.1,3.8
44,27,14,44_14,reviewer,none,3.5,3.9,0,0,0,1,0,0,3.9
44,27,15,44_15,panelist,low,NA,3.9,1,0,1,0,0,0,3.9
44,27,16,44_16,panelist,none,NA,3.9,1,0,0,1,0,0,3.9
44,27,17,44_17,panelist,med,NA,3.9,1,0,0,0,0,0,3.9
44,27,18,44_18,panelist,none,NA,3.9,1,0,0,1,0,0,3.9
44,27,19,44_19,panelist,high,NA,3.9,1,1,0,0,0,0,3.9
44,27,20,44_20,panelist,med,NA,3.9,1,0,0,0,1,0.2,4.1
44,27,21,44_21,panelist,med,NA,3.9,1,0,0,0,1,0.2,4.1
44,27,22,44_22,panelist,low,NA,3.9,1,0,1,0,1,-0.1,3.8
44,27,23,44_23,reviewer,none,4.1,3.9,0,0,0,1,0,0,3.9
44,27,24,44_24,panelist,none,NA,3.9,1,0,0,1,1,-0.1,3.8
44,28,01,44_01,panelist,low,NA,3.6,1,0,1,0,1,0.1,3.7
44,28,02,44_02,panelist,low,NA,3.6,1,0,1,0,0,0,3.6
44,28,03,44_03,panelist,med,NA,3.6,1,0,0,0,1,-0.3,3.3
44,28,04,44_04,panelist,none,NA,3.6,1,0,0,1,0,0,3.6
44,28,05,44_05,reviewer,high,3.5,3.6,0,1,0,0,0,0,3.6
44,28,06,44_06,reviewer,none,3.7,3.6,0,0,0,1,0,0,3.6
44,28,07,44_07,panelist,none,NA,3.6,1,0,0,1,1,-0.3,3.3
44,28,08,44_08,panelist,none,NA,3.6,1,0,0,1,0,0,3.6
44,28,09,44_09,reviewer,none,3.7,3.6,0,0,0,1,1,0.4,4
44,28,10,44_10,panelist,none,NA,3.6,1,0,0,1,0,0,3.6
44,28,11,44_11,panelist,low,NA,3.6,1,0,1,0,1,-0.1,3.5
44,28,12,44_12,panelist,med,NA,3.6,1,0,0,0,1,0.3,3.9
44,28,13,44_13,panelist,low,NA,3.6,1,0,1,0,0,0,3.6
44,28,14,44_14,panelist,none,NA,3.6,1,0,0,1,0,0,3.6
44,28,15,44_15,panelist,high,NA,3.6,1,1,0,0,1,0.1,3.7
44,28,16,44_16,panelist,med,NA,3.6,1,0,0,0,1,0.1,3.7
44,28,17,44_17,panelist,med,NA,3.6,1,0,0,0,1,-0.2,3.4
44,28,18,44_18,panelist,none,NA,3.6,1,0,0,1,0,0,3.6
44,28,19,44_19,panelist,low,NA,3.6,1,0,1,0,1,0.2,3.8
44,28,20,44_20,panelist,none,NA,3.6,1,0,0,1,0,0,3.6
44,28,21,44_21,panelist,med,NA,3.6,1,0,0,0,1,-0.1,3.5
44,28,22,44_22,panelist,low,NA,3.6,1,0,1,0,1,-0.1,3.5
44,28,23,44_23,panelist,none,NA,3.6,1,0,0,1,1,-0.2,3.4
44,28,24,44_24,panelist,low,NA,3.6,1,0,1,0,0,0,3.6
44,29,01,44_01,panelist,none,NA,3.9,1,0,0,1,1,0.3,4.2
44,29,02,44_02,panelist,med,NA,3.9,1,0,0,0,1,0.2,4.1
44,29,03,44_03,reviewer,none,3.8,3.9,0,0,0,1,0,0,3.9
44,29,04,44_04,panelist,low,NA,3.9,1,0,1,0,0,0,3.9
44,29,05,44_05,panelist,med,NA,3.9,1,0,0,0,1,0.1,4
44,29,06,44_06,panelist,none,NA,3.9,1,0,0,1,0,0,3.9
44,29,07,44_07,panelist,low,NA,3.9,1,0,1,0,1,-0.5,3.4
44,29,08,44_08,panelist,none,NA,3.9,1,0,0,1,1,-0.4,3.5
44,29,09,44_09,panelist,low,NA,3.9,1,0,1,0,1,0.1,4
44,29,10,44_10,panelist,med,NA,3.9,1,0,0,0,0,0,3.9
44,29,11,44_11,panelist,none,NA,3.9,1,0,0,1,1,-0.2,3.7
44,29,12,44_12,panelist,none,NA,3.9,1,0,0,1,1,0.2,4.1
44,29,13,44_13,panelist,none,NA,3.9,1,0,0,1,1,-0.1,3.8
44,29,14,44_14,reviewer,high,3.8,3.9,0,1,0,0,0,0,3.9
44,29,15,44_15,panelist,none,NA,3.9,1,0,0,1,1,-0.3,3.6
44,29,16,44_16,panelist,none,NA,3.9,1,0,0,1,1,-0.1,3.8
44,29,17,44_17,panelist,med,NA,3.9,1,0,0,0,0,0,3.9
44,29,18,44_18,reviewer,high,4.2,3.9,0,1,0,0,0,0,3.9
44,29,19,44_19,panelist,low,NA,3.9,1,0,1,0,0,0,3.9
44,29,20,44_20,panelist,med,NA,3.9,1,0,0,0,0,0,3.9
44,29,21,44_21,panelist,none,NA,3.9,1,0,0,1,1,-0.2,3.7
44,29,22,44_22,panelist,low,NA,3.9,1,0,1,0,1,0.1,4
44,29,23,44_23,panelist,low,NA,3.9,1,0,1,0,0,0,3.9
44,29,24,44_24,panelist,low,NA,3.9,1,0,1,0,0,0,3.9
44,30,01,44_01,reviewer,none,4.2,4.2,0,0,0,1,1,0.1,4.3
44,30,02,44_02,panelist,low,NA,4.2,1,0,1,0,1,0.1,4.3
44,30,03,44_03,panelist,low,NA,4.2,1,0,1,0,1,-0.1,4.1
44,30,04,44_04,panelist,high,NA,4.2,1,1,0,0,1,-0.3,3.9
44,30,05,44_05,panelist,none,NA,4.2,1,0,0,1,0,0,4.2
44,30,06,44_06,panelist,low,NA,4.2,1,0,1,0,1,-0.1,4.1
44,30,07,44_07,panelist,low,NA,4.2,1,0,1,0,1,-0.1,4.1
44,30,08,44_08,panelist,med,NA,4.2,1,0,0,0,1,-0.3,3.9
44,30,09,44_09,panelist,none,NA,4.2,1,0,0,1,0,0,4.2
44,30,10,44_10,panelist,med,NA,4.2,1,0,0,0,0,0,4.2
44,30,11,44_11,panelist,none,NA,4.2,1,0,0,1,0,0,4.2
44,30,12,44_12,panelist,med,NA,4.2,1,0,0,0,0,0,4.2
44,30,13,44_13,panelist,low,NA,4.2,1,0,1,0,0,0,4.2
44,30,14,44_14,panelist,low,NA,4.2,1,0,1,0,0,0,4.2
44,30,15,44_15,reviewer,med,4.3,4.2,0,0,0,0,0,0,4.2
44,30,16,44_16,panelist,none,NA,4.2,1,0,0,1,1,0.2,4.4
44,30,17,44_17,reviewer,high,4.1,4.2,0,1,0,0,0,0,4.2
44,30,18,44_18,panelist,none,NA,4.2,1,0,0,1,1,-0.1,4.1
44,30,19,44_19,panelist,none,NA,4.2,1,0,0,1,0,0,4.2
44,30,20,44_20,panelist,med,NA,4.2,1,0,0,0,1,0.4,4.6
44,30,21,44_21,panelist,low,NA,4.2,1,0,1,0,0,0,4.2
44,30,22,44_22,panelist,none,NA,4.2,1,0,0,1,0,0,4.2
44,30,23,44_23,panelist,none,NA,4.2,1,0,0,1,0,0,4.2
44,30,24,44_24,panelist,none,NA,4.2,1,0,0,1,1,0.1,4.3
45,2,01,45_01,panelist,none,NA,4.3,1,0,0,1,1,0.3,4.6
45,2,02,45_02,panelist,high,NA,4.3,1,1,0,0,0,0,4.3
45,2,03,45_03,panelist,none,NA,4.3,1,0,0,1,1,-0.3,4
45,2,04,45_04,panelist,low,NA,4.3,1,0,1,0,0,0,4.3
45,2,05,45_05,panelist,none,NA,4.3,1,0,0,1,1,-0.2,4.1
45,2,06,45_06,reviewer,med,4.4,4.3,0,0,0,0,1,-0.2,4.1
45,2,07,45_07,panelist,none,NA,4.3,1,0,0,1,1,-0.1,4.2
45,2,08,45_08,panelist,none,NA,4.3,1,0,0,1,0,0,4.3
45,2,09,45_09,panelist,low,NA,4.3,1,0,1,0,0,0,4.3
45,2,10,45_10,reviewer,med,4.2,4.3,0,0,0,0,0,0,4.3
45,2,11,45_11,panelist,none,NA,4.3,1,0,0,1,1,-0.2,4.1
45,2,12,45_12,panelist,med,NA,4.3,1,0,0,0,1,-0.1,4.2
45,2,13,45_13,panelist,med,NA,4.3,1,0,0,0,1,-0.2,4.1
45,2,14,45_14,reviewer,none,4.2,4.3,0,0,0,1,0,0,4.3
45,2,15,45_15,panelist,none,NA,4.3,1,0,0,1,0,0,4.3
45,2,16,45_16,panelist,low,NA,4.3,1,0,1,0,0,0,4.3
45,2,17,45_17,panelist,low,NA,4.3,1,0,1,0,0,0,4.3
45,2,18,45_18,panelist,med,NA,4.3,1,0,0,0,0,0,4.3
45,2,19,45_19,panelist,none,NA,4.3,1,0,0,1,0,0,4.3
45,2,20,45_20,panelist,low,NA,4.3,1,0,1,0,0,0,4.3
45,2,21,45_21,panelist,high,NA,4.3,1,1,0,0,0,0,4.3
45,2,22,45_22,panelist,low,NA,4.3,1,0,1,0,0,0,4.3
45,2,23,45_23,panelist,low,NA,4.3,1,0,1,0,0,0,4.3
45,2,24,45_24,panelist,none,NA,4.3,1,0,0,1,0,0,4.3
45,4,01,45_01,panelist,none,NA,4.2,1,0,0,1,0,0,4.2
45,4,02,45_02,panelist,none,NA,4.2,1,0,0,1,0,0,4.2
45,4,03,45_03,panelist,low,NA,4.2,1,0,1,0,1,-0.1,4.1
45,4,04,45_04,reviewer,med,4.5,4.2,0,0,0,0,1,-0.3,3.9
45,4,05,45_05,reviewer,none,4.2,4.2,0,0,0,1,1,0.2,4.4
45,4,06,45_06,panelist,none,NA,4.2,1,0,0,1,1,0.1,4.3
45,4,07,45_07,panelist,none,NA,4.2,1,0,0,1,1,-0.1,4.1
45,4,08,45_08,reviewer,none,3.9,4.2,0,0,0,1,0,0,4.2
45,4,09,45_09,panelist,none,NA,4.2,1,0,0,1,0,0,4.2
45,4,10,45_10,panelist,high,NA,4.2,1,1,0,0,0,0,4.2
45,4,11,45_11,panelist,low,NA,4.2,1,0,1,0,0,0,4.2
45,4,12,45_12,panelist,med,NA,4.2,1,0,0,0,0,0,4.2
45,4,13,45_13,panelist,low,NA,4.2,1,0,1,0,0,0,4.2
45,4,14,45_14,panelist,none,NA,4.2,1,0,0,1,1,-0.4,3.8
45,4,15,45_15,panelist,low,NA,4.2,1,0,1,0,0,0,4.2
45,4,16,45_16,panelist,low,NA,4.2,1,0,1,0,1,0.3,4.5
45,4,17,45_17,panelist,low,NA,4.2,1,0,1,0,0,0,4.2
45,4,18,45_18,panelist,none,NA,4.2,1,0,0,1,1,0.2,4.4
45,4,19,45_19,panelist,high,NA,4.2,1,1,0,0,0,0,4.2
45,4,20,45_20,panelist,med,NA,4.2,1,0,0,0,0,0,4.2
45,4,21,45_21,panelist,low,NA,4.2,1,0,1,0,1,-0.1,4.1
45,4,22,45_22,panelist,med,NA,4.2,1,0,0,0,1,-0.2,4
45,4,23,45_23,panelist,med,NA,4.2,1,0,0,0,1,0.2,4.4
45,4,24,45_24,panelist,none,NA,4.2,1,0,0,1,0,0,4.2
45,6,01,45_01,panelist,low,NA,3.8,1,0,1,0,0,0,3.8
45,6,02,45_02,panelist,low,NA,3.8,1,0,1,0,0,0,3.8
45,6,03,45_03,panelist,none,NA,3.8,1,0,0,1,1,-0.1,3.7
45,6,04,45_04,panelist,low,NA,3.8,1,0,1,0,0,0,3.8
45,6,05,45_05,panelist,med,NA,3.8,1,0,0,0,0,0,3.8
45,6,06,45_06,panelist,none,NA,3.8,1,0,0,1,0,0,3.8
45,6,07,45_07,panelist,none,NA,3.8,1,0,0,1,0,0,3.8
45,6,08,45_08,panelist,med,NA,3.8,1,0,0,0,0,0,3.8
45,6,09,45_09,panelist,low,NA,3.8,1,0,1,0,0,0,3.8
45,6,10,45_10,panelist,none,NA,3.8,1,0,0,1,0,0,3.8
45,6,11,45_11,panelist,med,NA,3.8,1,0,0,0,1,-0.1,3.7
45,6,12,45_12,panelist,low,NA,3.8,1,0,1,0,0,0,3.8
45,6,13,45_13,reviewer,high,3.7,3.8,0,1,0,0,0,0,3.8
45,6,14,45_14,panelist,high,NA,3.8,1,1,0,0,0,0,3.8
45,6,15,45_15,panelist,none,NA,3.8,1,0,0,1,0,0,3.8
45,6,16,45_16,panelist,none,NA,3.8,1,0,0,1,1,-0.1,3.7
45,6,17,45_17,panelist,none,NA,3.8,1,0,0,1,1,-0.1,3.7
45,6,18,45_18,panelist,med,NA,3.8,1,0,0,0,0,0,3.8
45,6,19,45_19,panelist,med,NA,3.8,1,0,0,0,0,0,3.8
45,6,20,45_20,panelist,low,NA,3.8,1,0,1,0,1,0.2,4
45,6,21,45_21,panelist,none,NA,3.8,1,0,0,1,0,0,3.8
45,6,22,45_22,reviewer,none,3.8,3.8,0,0,0,1,0,0,3.8
45,6,23,45_23,reviewer,none,3.8,3.8,0,0,0,1,1,0.1,3.9
45,6,24,45_24,panelist,low,NA,3.8,1,0,1,0,0,0,3.8
45,9,01,45_01,panelist,low,NA,4.1,1,0,1,0,0,0,4.1
45,9,02,45_02,panelist,none,NA,4.1,1,0,0,1,0,0,4.1
45,9,03,45_03,panelist,low,NA,4.1,1,0,1,0,0,0,4.1
45,9,04,45_04,panelist,none,NA,4.1,1,0,0,1,1,0.1,4.2
45,9,05,45_05,panelist,none,NA,4.1,1,0,0,1,1,-0.2,3.9
45,9,06,45_06,panelist,high,NA,4.1,1,1,0,0,0,0,4.1
45,9,07,45_07,panelist,none,NA,4.1,1,0,0,1,1,-0.2,3.9
45,9,08,45_08,panelist,low,NA,4.1,1,0,1,0,0,0,4.1
45,9,09,45_09,panelist,low,NA,4.1,1,0,1,0,1,0.1,4.2
45,9,10,45_10,panelist,high,NA,4.1,1,1,0,0,0,0,4.1
45,9,11,45_11,panelist,none,NA,4.1,1,0,0,1,0,0,4.1
45,9,12,45_12,reviewer,med,4,4.1,0,0,0,0,0,0,4.1
45,9,13,45_13,reviewer,none,4.2,4.1,0,0,0,1,1,-0.3,3.8
45,9,14,45_14,panelist,none,NA,4.1,1,0,0,1,0,0,4.1
45,9,15,45_15,panelist,low,NA,4.1,1,0,1,0,0,0,4.1
45,9,16,45_16,reviewer,none,4.2,4.1,0,0,0,1,0,0,4.1
45,9,17,45_17,panelist,low,NA,4.1,1,0,1,0,1,-0.1,4
45,9,18,45_18,panelist,med,NA,4.1,1,0,0,0,1,0.1,4.2
45,9,19,45_19,panelist,med,NA,4.1,1,0,0,0,0,0,4.1
45,9,20,45_20,panelist,none,NA,4.1,1,0,0,1,1,0.2,4.3
45,9,21,45_21,panelist,med,NA,4.1,1,0,0,0,0,0,4.1
45,9,22,45_22,panelist,none,NA,4.1,1,0,0,1,0,0,4.1
45,9,23,45_23,panelist,low,NA,4.1,1,0,1,0,1,-0.1,4
45,9,24,45_24,panelist,med,NA,4.1,1,0,0,0,0,0,4.1
45,11,01,45_01,panelist,low,NA,4.4,1,0,1,0,1,0.4,4.8
45,11,02,45_02,panelist,none,NA,4.4,1,0,0,1,0,0,4.4
45,11,03,45_03,panelist,med,NA,4.4,1,0,0,0,0,0,4.4
45,11,04,45_04,reviewer,high,4.3,4.4,0,1,0,0,1,-0.3,4.1
45,11,05,45_05,panelist,high,NA,4.4,1,1,0,0,1,-0.1,4.3
45,11,06,45_06,panelist,none,NA,4.4,1,0,0,1,0,0,4.4
45,11,07,45_07,panelist,none,NA,4.4,1,0,0,1,1,-0.2,4.2
45,11,08,45_08,panelist,low,NA,4.4,1,0,1,0,1,-0.1,4.3
45,11,09,45_09,panelist,none,NA,4.4,1,0,0,1,0,0,4.4
45,11,10,45_10,panelist,none,NA,4.4,1,0,0,1,1,0.2,4.6
45,11,11,45_11,reviewer,none,4.5,4.4,0,0,0,1,1,-0.2,4.2
45,11,12,45_12,panelist,low,NA,4.4,1,0,1,0,0,0,4.4
45,11,13,45_13,panelist,med,NA,4.4,1,0,0,0,0,0,4.4
45,11,14,45_14,panelist,med,NA,4.4,1,0,0,0,0,0,4.4
45,11,15,45_15,panelist,none,NA,4.4,1,0,0,1,1,0.1,4.5
45,11,16,45_16,panelist,none,NA,4.4,1,0,0,1,0,0,4.4
45,11,17,45_17,panelist,low,NA,4.4,1,0,1,0,1,-0.3,4.1
45,11,18,45_18,panelist,low,NA,4.4,1,0,1,0,0,0,4.4
45,11,19,45_19,panelist,none,NA,4.4,1,0,0,1,0,0,4.4
45,11,20,45_20,panelist,low,NA,4.4,1,0,1,0,0,0,4.4
45,11,21,45_21,panelist,low,NA,4.4,1,0,1,0,1,-0.1,4.3
45,11,22,45_22,panelist,med,NA,4.4,1,0,0,0,1,-0.2,4.2
45,11,23,45_23,reviewer,none,4.4,4.4,0,0,0,1,1,0.2,4.6
45,11,24,45_24,panelist,med,NA,4.4,1,0,0,0,1,-0.1,4.3
45,14,01,45_01,panelist,high,NA,4.1,1,1,0,0,0,0,4.1
45,14,02,45_02,panelist,med,NA,4.1,1,0,0,0,0,0,4.1
45,14,03,45_03,panelist,high,NA,4.1,1,1,0,0,0,0,4.1
45,14,04,45_04,panelist,none,NA,4.1,1,0,0,1,0,0,4.1
45,14,05,45_05,panelist,low,NA,4.1,1,0,1,0,0,0,4.1
45,14,06,45_06,panelist,med,NA,4.1,1,0,0,0,0,0,4.1
45,14,07,45_07,panelist,low,NA,4.1,1,0,1,0,1,-0.1,4
45,14,08,45_08,panelist,low,NA,4.1,1,0,1,0,0,0,4.1
45,14,09,45_09,panelist,low,NA,4.1,1,0,1,0,0,0,4.1
45,14,10,45_10,panelist,none,NA,4.1,1,0,0,1,1,-0.1,4
45,14,11,45_11,panelist,none,NA,4.1,1,0,0,1,0,0,4.1
45,14,12,45_12,panelist,med,NA,4.1,1,0,0,0,0,0,4.1
45,14,13,45_13,panelist,none,NA,4.1,1,0,0,1,1,-0.1,4
45,14,14,45_14,panelist,none,NA,4.1,1,0,0,1,0,0,4.1
45,14,15,45_15,panelist,low,NA,4.1,1,0,1,0,0,0,4.1
45,14,16,45_16,panelist,none,NA,4.1,1,0,0,1,1,0.1,4.2
45,14,17,45_17,reviewer,none,4.1,4.1,0,0,0,1,0,0,4.1
45,14,18,45_18,panelist,med,NA,4.1,1,0,0,0,0,0,4.1
45,14,19,45_19,panelist,low,NA,4.1,1,0,1,0,1,-0.1,4
45,14,20,45_20,reviewer,none,4.1,4.1,0,0,0,1,0,0,4.1
45,14,21,45_21,panelist,none,NA,4.1,1,0,0,1,1,-0.1,4
45,14,22,45_22,panelist,med,NA,4.1,1,0,0,0,0,0,4.1
45,14,23,45_23,panelist,none,NA,4.1,1,0,0,1,1,-0.2,3.9
45,14,24,45_24,reviewer,low,4.1,4.1,0,0,1,0,1,0.1,4.2
45,15,01,45_01,panelist,none,NA,3.6,1,0,0,1,1,0.4,4
45,15,02,45_02,panelist,low,NA,3.6,1,0,1,0,0,0,3.6
45,15,03,45_03,reviewer,med,3.7,3.6,0,0,0,0,0,0,3.6
45,15,04,45_04,panelist,low,NA,3.6,1,0,1,0,0,0,3.6
45,15,05,45_05,panelist,none,NA,3.6,1,0,0,1,1,0.2,3.8
45,15,06,45_06,panelist,none,NA,3.6,1,0,0,1,0,0,3.6
45,15,07,45_07,panelist,low,NA,3.6,1,0,1,0,1,0.2,3.8
45,15,08,45_08,panelist,none,NA,3.6,1,0,0,1,1,-0.1,3.5
45,15,09,45_09,panelist,none,NA,3.6,1,0,0,1,0,0,3.6
45,15,10,45_10,panelist,none,NA,3.6,1,0,0,1,0,0,3.6
45,15,11,45_11,panelist,low,NA,3.6,1,0,1,0,1,0.3,3.9
45,15,12,45_12,panelist,high,NA,3.6,1,1,0,0,0,0,3.6
45,15,13,45_13,panelist,none,NA,3.6,1,0,0,1,0,0,3.6
45,15,14,45_14,panelist,low,NA,3.6,1,0,1,0,1,-0.2,3.4
45,15,15,45_15,panelist,med,NA,3.6,1,0,0,0,0,0,3.6
45,15,16,45_16,panelist,med,NA,3.6,1,0,0,0,0,0,3.6
45,15,17,45_17,panelist,none,NA,3.6,1,0,0,1,1,0.1,3.7
45,15,18,45_18,panelist,low,NA,3.6,1,0,1,0,1,0.3,3.9
45,15,19,45_19,panelist,med,NA,3.6,1,0,0,0,0,0,3.6
45,15,20,45_20,panelist,med,NA,3.6,1,0,0,0,0,0,3.6
45,15,21,45_21,panelist,high,NA,3.6,1,1,0,0,1,0.2,3.8
45,15,22,45_22,panelist,low,NA,3.6,1,0,1,0,1,0.3,3.9
45,15,23,45_23,reviewer,none,3.6,3.6,0,0,0,1,1,0.3,3.9
45,15,24,45_24,reviewer,none,3.5,3.6,0,0,0,1,0,0,3.6
45,17,01,45_01,panelist,med,NA,3.8,1,0,0,0,0,0,3.8
45,17,02,45_02,panelist,med,NA,3.8,1,0,0,0,0,0,3.8
45,17,03,45_03,reviewer,low,3.9,3.8,0,0,1,0,1,-0.1,3.7
45,17,04,45_04,panelist,med,NA,3.8,1,0,0,0,1,-0.2,3.6
45,17,05,45_05,panelist,high,NA,3.8,1,1,0,0,1,0.3,4.1
45,17,06,45_06,reviewer,none,4.2,3.8,0,0,0,1,0,0,3.8
45,17,07,45_07,panelist,none,NA,3.8,1,0,0,1,1,-0.2,3.6
45,17,08,45_08,panelist,none,NA,3.8,1,0,0,1,1,-0.2,3.6
45,17,09,45_09,panelist,none,NA,3.8,1,0,0,1,0,0,3.8
45,17,10,45_10,panelist,low,NA,3.8,1,0,1,0,0,0,3.8
45,17,11,45_11,panelist,none,NA,3.8,1,0,0,1,0,0,3.8
45,17,12,45_12,panelist,low,NA,3.8,1,0,1,0,1,0.2,4
45,17,13,45_13,panelist,none,NA,3.8,1,0,0,1,0,0,3.8
45,17,14,45_14,panelist,none,NA,3.8,1,0,0,1,0,0,3.8
45,17,15,45_15,reviewer,med,3.4,3.8,0,0,0,0,0,0,3.8
45,17,16,45_16,panelist,low,NA,3.8,1,0,1,0,1,0.1,3.9
45,17,17,45_17,panelist,none,NA,3.8,1,0,0,1,0,0,3.8
45,17,18,45_18,panelist,none,NA,3.8,1,0,0,1,0,0,3.8
45,17,19,45_19,panelist,med,NA,3.8,1,0,0,0,0,0,3.8
45,17,20,45_20,panelist,low,NA,3.8,1,0,1,0,0,0,3.8
45,17,21,45_21,panelist,low,NA,3.8,1,0,1,0,1,0.2,4
45,17,22,45_22,panelist,high,NA,3.8,1,1,0,0,1,0.2,4
45,17,23,45_23,panelist,low,NA,3.8,1,0,1,0,0,0,3.8
45,17,24,45_24,panelist,none,NA,3.8,1,0,0,1,0,0,3.8
45,18,01,45_01,panelist,none,NA,3.5,1,0,0,1,0,0,3.5
45,18,02,45_02,panelist,low,NA,3.5,1,0,1,0,1,0.1,3.6
45,18,03,45_03,panelist,none,NA,3.5,1,0,0,1,1,-0.1,3.4
45,18,04,45_04,panelist,med,NA,3.5,1,0,0,0,0,0,3.5
45,18,05,45_05,panelist,none,NA,3.5,1,0,0,1,1,0.3,3.8
45,18,06,45_06,panelist,low,NA,3.5,1,0,1,0,0,0,3.5
45,18,07,45_07,panelist,med,NA,3.5,1,0,0,0,0,0,3.5
45,18,08,45_08,panelist,low,NA,3.5,1,0,1,0,0,0,3.5
45,18,09,45_09,panelist,none,NA,3.5,1,0,0,1,0,0,3.5
45,18,10,45_10,panelist,low,NA,3.5,1,0,1,0,0,0,3.5
45,18,11,45_11,panelist,low,NA,3.5,1,0,1,0,0,0,3.5
45,18,12,45_12,panelist,none,NA,3.5,1,0,0,1,1,0.1,3.6
45,18,13,45_13,panelist,none,NA,3.5,1,0,0,1,1,-0.2,3.3
45,18,14,45_14,panelist,med,NA,3.5,1,0,0,0,1,-0.1,3.4
45,18,15,45_15,panelist,med,NA,3.5,1,0,0,0,0,0,3.5
45,18,16,45_16,reviewer,high,3.3,3.5,0,1,0,0,0,0,3.5
45,18,17,45_17,panelist,low,NA,3.5,1,0,1,0,1,-0.1,3.4
45,18,18,45_18,reviewer,high,3.5,3.5,0,1,0,0,0,0,3.5
45,18,19,45_19,panelist,none,NA,3.5,1,0,0,1,0,0,3.5
45,18,20,45_20,panelist,none,NA,3.5,1,0,0,1,0,0,3.5
45,18,21,45_21,panelist,low,NA,3.5,1,0,1,0,1,0.1,3.6
45,18,22,45_22,panelist,none,NA,3.5,1,0,0,1,1,0.1,3.6
45,18,23,45_23,reviewer,med,3.7,3.5,0,0,0,0,1,0.1,3.6
45,18,24,45_24,panelist,none,NA,3.5,1,0,0,1,0,0,3.5
45,22,01,45_01,panelist,med,NA,3.7,1,0,0,0,1,0.3,4
45,22,02,45_02,panelist,none,NA,3.7,1,0,0,1,0,0,3.7
45,22,03,45_03,panelist,none,NA,3.7,1,0,0,1,0,0,3.7
45,22,04,45_04,panelist,med,NA,3.7,1,0,0,0,0,0,3.7
45,22,05,45_05,reviewer,low,3.8,3.7,0,0,1,0,1,0.1,3.8
45,22,06,45_06,panelist,low,NA,3.7,1,0,1,0,1,-0.1,3.6
45,22,07,45_07,panelist,none,NA,3.7,1,0,0,1,0,0,3.7
45,22,08,45_08,panelist,low,NA,3.7,1,0,1,0,1,-0.1,3.6
45,22,09,45_09,panelist,none,NA,3.7,1,0,0,1,0,0,3.7
45,22,10,45_10,panelist,none,NA,3.7,1,0,0,1,0,0,3.7
45,22,11,45_11,reviewer,low,3.5,3.7,0,0,1,0,0,0,3.7
45,22,12,45_12,panelist,none,NA,3.7,1,0,0,1,0,0,3.7
45,22,13,45_13,panelist,none,NA,3.7,1,0,0,1,0,0,3.7
45,22,14,45_14,panelist,med,NA,3.7,1,0,0,0,0,0,3.7
45,22,15,45_15,panelist,high,NA,3.7,1,1,0,0,0,0,3.7
45,22,16,45_16,panelist,high,NA,3.7,1,1,0,0,1,-0.1,3.6
45,22,17,45_17,panelist,none,NA,3.7,1,0,0,1,0,0,3.7
45,22,18,45_18,panelist,low,NA,3.7,1,0,1,0,0,0,3.7
45,22,19,45_19,panelist,med,NA,3.7,1,0,0,0,0,0,3.7
45,22,20,45_20,panelist,med,NA,3.7,1,0,0,0,0,0,3.7
45,22,21,45_21,panelist,none,NA,3.7,1,0,0,1,1,0.2,3.9
45,22,22,45_22,panelist,low,NA,3.7,1,0,1,0,0,0,3.7
45,22,23,45_23,panelist,low,NA,3.7,1,0,1,0,1,0.3,4
45,22,24,45_24,reviewer,none,3.7,3.7,0,0,0,1,1,-0.1,3.6
45,25,01,45_01,panelist,none,NA,4.1,1,0,0,1,0,0,4.1
45,25,02,45_02,panelist,med,NA,4.1,1,0,0,0,0,0,4.1
45,25,03,45_03,panelist,med,NA,4.1,1,0,0,0,1,-0.1,4
45,25,04,45_04,panelist,low,NA,4.1,1,0,1,0,1,0.2,4.3
45,25,05,45_05,panelist,low,NA,4.1,1,0,1,0,0,0,4.1
45,25,06,45_06,panelist,none,NA,4.1,1,0,0,1,1,-0.1,4
45,25,07,45_07,reviewer,none,4,4.1,0,0,0,1,1,-0.1,4
45,25,08,45_08,panelist,none,NA,4.1,1,0,0,1,0,0,4.1
45,25,09,45_09,panelist,high,NA,4.1,1,1,0,0,1,-0.2,3.9
45,25,10,45_10,panelist,none,NA,4.1,1,0,0,1,1,0.1,4.2
45,25,11,45_11,panelist,low,NA,4.1,1,0,1,0,0,0,4.1
45,25,12,45_12,panelist,med,NA,4.1,1,0,0,0,1,0.1,4.2
45,25,13,45_13,panelist,low,NA,4.1,1,0,1,0,0,0,4.1
45,25,14,45_14,panelist,none,NA,4.1,1,0,0,1,0,0,4.1
45,25,15,45_15,panelist,high,NA,4.1,1,1,0,0,0,0,4.1
45,25,16,45_16,panelist,med,NA,4.1,1,0,0,0,0,0,4.1
45,25,17,45_17,reviewer,low,4,4.1,0,0,1,0,1,0.2,4.3
45,25,18,45_18,panelist,none,NA,4.1,1,0,0,1,1,0.2,4.3
45,25,19,45_19,panelist,none,NA,4.1,1,0,0,1,0,0,4.1
45,25,20,45_20,panelist,low,NA,4.1,1,0,1,0,1,0.2,4.3
45,25,21,45_21,reviewer,none,4.2,4.1,0,0,0,1,0,0,4.1
45,25,22,45_22,panelist,low,NA,4.1,1,0,1,0,1,-0.2,3.9
45,25,23,45_23,panelist,none,NA,4.1,1,0,0,1,1,0.1,4.2
45,25,24,45_24,panelist,med,NA,4.1,1,0,0,0,1,0.3,4.4
45,26,01,45_01,reviewer,med,3.7,3.9,0,0,0,0,0,0,3.9
45,26,02,45_02,panelist,low,NA,3.9,1,0,1,0,0,0,3.9
45,26,03,45_03,panelist,high,NA,3.9,1,1,0,0,1,-0.1,3.8
45,26,04,45_04,panelist,med,NA,3.9,1,0,0,0,0,0,3.9
45,26,05,45_05,panelist,none,NA,3.9,1,0,0,1,1,0.2,4.1
45,26,06,45_06,panelist,none,NA,3.9,1,0,0,1,1,0.1,4
45,26,07,45_07,panelist,med,NA,3.9,1,0,0,0,0,0,3.9
45,26,08,45_08,panelist,none,NA,3.9,1,0,0,1,0,0,3.9
45,26,09,45_09,panelist,low,NA,3.9,1,0,1,0,0,0,3.9
45,26,10,45_10,panelist,low,NA,3.9,1,0,1,0,0,0,3.9
45,26,11,45_11,panelist,med,NA,3.9,1,0,0,0,1,-0.1,3.8
45,26,12,45_12,panelist,none,NA,3.9,1,0,0,1,1,0.4,4.3
45,26,13,45_13,panelist,none,NA,3.9,1,0,0,1,0,0,3.9
45,26,14,45_14,reviewer,high,4,3.9,0,1,0,0,1,0.1,4
45,26,15,45_15,panelist,none,NA,3.9,1,0,0,1,1,0.1,4
45,26,16,45_16,reviewer,none,3.9,3.9,0,0,0,1,0,0,3.9
45,26,17,45_17,panelist,low,NA,3.9,1,0,1,0,1,-0.1,3.8
45,26,18,45_18,panelist,low,NA,3.9,1,0,1,0,1,-0.1,3.8
45,26,19,45_19,panelist,none,NA,3.9,1,0,0,1,1,0.1,4
45,26,20,45_20,panelist,low,NA,3.9,1,0,1,0,1,0.2,4.1
45,26,21,45_21,panelist,med,NA,3.9,1,0,0,0,0,0,3.9
45,26,22,45_22,panelist,low,NA,3.9,1,0,1,0,0,0,3.9
45,26,23,45_23,panelist,none,NA,3.9,1,0,0,1,1,0.4,4.3
45,26,24,45_24,panelist,none,NA,3.9,1,0,0,1,1,0.2,4.1
45,28,01,45_01,reviewer,high,3.8,3.7,0,1,0,0,0,0,3.7
45,28,02,45_02,panelist,none,NA,3.7,1,0,0,1,1,0.2,3.9
45,28,03,45_03,panelist,high,NA,3.7,1,1,0,0,0,0,3.7
45,28,04,45_04,panelist,med,NA,3.7,1,0,0,0,0,0,3.7
45,28,05,45_05,panelist,none,NA,3.7,1,0,0,1,1,0.1,3.8
45,28,06,45_06,panelist,low,NA,3.7,1,0,1,0,0,0,3.7
45,28,07,45_07,panelist,none,NA,3.7,1,0,0,1,0,0,3.7
45,28,08,45_08,panelist,low,NA,3.7,1,0,1,0,1,-0.1,3.6
45,28,09,45_09,panelist,med,NA,3.7,1,0,0,0,1,-0.1,3.6
45,28,10,45_10,panelist,low,NA,3.7,1,0,1,0,1,0.3,4
45,28,11,45_11,panelist,med,NA,3.7,1,0,0,0,0,0,3.7
45,28,12,45_12,panelist,none,NA,3.7,1,0,0,1,0,0,3.7
45,28,13,45_13,panelist,low,NA,3.7,1,0,1,0,1,-0.2,3.5
45,28,14,45_14,panelist,med,NA,3.7,1,0,0,0,0,0,3.7
45,28,15,45_15,panelist,none,NA,3.7,1,0,0,1,1,0.4,4.1
45,28,16,45_16,reviewer,med,3.6,3.7,0,0,0,0,1,-0.1,3.6
45,28,17,45_17,panelist,none,NA,3.7,1,0,0,1,1,-0.2,3.5
45,28,18,45_18,panelist,low,NA,3.7,1,0,1,0,1,0.3,4
45,28,19,45_19,panelist,none,NA,3.7,1,0,0,1,1,0.2,3.9
45,28,20,45_20,panelist,none,NA,3.7,1,0,0,1,1,0.1,3.8
45,28,21,45_21,panelist,none,NA,3.7,1,0,0,1,0,0,3.7
45,28,22,45_22,reviewer,low,3.7,3.7,0,0,1,0,1,-0.1,3.6
45,28,23,45_23,panelist,none,NA,3.7,1,0,0,1,1,0.1,3.8
45,28,24,45_24,panelist,low,NA,3.7,1,0,1,0,0,0,3.7
45,29,01,45_01,panelist,low,NA,4.8,1,0,1,0,0,0,4.8
45,29,02,45_02,panelist,low,NA,4.8,1,0,1,0,0,0,4.8
45,29,03,45_03,panelist,high,NA,4.8,1,1,0,0,1,-0.2,4.6
45,29,04,45_04,panelist,low,NA,4.8,1,0,1,0,0,0,4.8
45,29,05,45_05,panelist,none,NA,4.8,1,0,0,1,0,0,4.8
45,29,06,45_06,panelist,none,NA,4.8,1,0,0,1,0,0,4.8
45,29,07,45_07,panelist,low,NA,4.8,1,0,1,0,0,0,4.8
45,29,08,45_08,panelist,low,NA,4.8,1,0,1,0,0,0,4.8
45,29,09,45_09,panelist,med,NA,4.8,1,0,0,0,0,0,4.8
45,29,10,45_10,panelist,none,NA,4.8,1,0,0,1,1,-0.2,4.6
45,29,11,45_11,panelist,high,NA,4.8,1,1,0,0,0,0,4.8
45,29,12,45_12,reviewer,low,4.6,4.8,0,0,1,0,1,0.2,4.9
45,29,13,45_13,reviewer,med,4.9,4.8,0,0,0,0,1,0.2,4.9
45,29,14,45_14,panelist,none,NA,4.8,1,0,0,1,1,-0.1,4.7
45,29,15,45_15,panelist,none,NA,4.8,1,0,0,1,0,0,4.8
45,29,16,45_16,panelist,none,NA,4.8,1,0,0,1,0,0,4.8
45,29,17,45_17,panelist,low,NA,4.8,1,0,1,0,0,0,4.8
45,29,18,45_18,reviewer,med,4.9,4.8,0,0,0,0,0,0,4.8
45,29,19,45_19,panelist,none,NA,4.8,1,0,0,1,0,0,4.8
45,29,20,45_20,panelist,med,NA,4.8,1,0,0,0,0,0,4.8
45,29,21,45_21,panelist,none,NA,4.8,1,0,0,1,1,0.1,4.9
45,29,22,45_22,panelist,med,NA,4.8,1,0,0,0,1,-0.3,4.5
45,29,23,45_23,panelist,none,NA,4.8,1,0,0,1,1,0.4,4.9
45,29,24,45_24,panelist,none,NA,4.8,1,0,0,1,1,0.2,4.9
45,30,01,45_01,panelist,med,NA,4.1,1,0,0,0,1,-0.1,4
45,30,02,45_02,panelist,none,NA,4.1,1,0,0,1,1,0.3,4.4
45,30,03,45_03,panelist,none,NA,4.1,1,0,0,1,1,-0.1,4
45,30,04,45_04,reviewer,low,4.1,4.1,0,0,1,0,1,-0.2,3.9
45,30,05,45_05,panelist,med,NA,4.1,1,0,0,0,0,0,4.1
45,30,06,45_06,panelist,low,NA,4.1,1,0,1,0,0,0,4.1
45,30,07,45_07,panelist,high,NA,4.1,1,1,0,0,0,0,4.1
45,30,08,45_08,panelist,med,NA,4.1,1,0,0,0,0,0,4.1
45,30,09,45_09,panelist,med,NA,4.1,1,0,0,0,1,-0.3,3.8
45,30,10,45_10,panelist,none,NA,4.1,1,0,0,1,1,0.2,4.3
45,30,11,45_11,panelist,none,NA,4.1,1,0,0,1,1,-0.1,4
45,30,12,45_12,panelist,none,NA,4.1,1,0,0,1,0,0,4.1
45,30,13,45_13,panelist,none,NA,4.1,1,0,0,1,1,-0.2,3.9
45,30,14,45_14,reviewer,low,4.1,4.1,0,0,1,0,0,0,4.1
45,30,15,45_15,panelist,none,NA,4.1,1,0,0,1,1,-0.1,4
45,30,16,45_16,panelist,none,NA,4.1,1,0,0,1,1,-0.2,3.9
45,30,17,45_17,panelist,high,NA,4.1,1,1,0,0,0,0,4.1
45,30,18,45_18,panelist,low,NA,4.1,1,0,1,0,1,-0.1,4
45,30,19,45_19,reviewer,none,4,4.1,0,0,0,1,0,0,4.1
45,30,20,45_20,panelist,low,NA,4.1,1,0,1,0,0,0,4.1
45,30,21,45_21,panelist,low,NA,4.1,1,0,1,0,0,0,4.1
45,30,22,45_22,panelist,none,NA,4.1,1,0,0,1,0,0,4.1
45,30,23,45_23,panelist,med,NA,4.1,1,0,0,0,0,0,4.1
45,30,24,45_24,panelist,low,NA,4.1,1,0,1,0,0,0,4.1
46,3,01,46_01,panelist,none,NA,3.8,1,0,0,1,0,0,3.8
46,3,02,46_02,reviewer,none,3.7,3.8,0,0,0,1,0,0,3.8
46,3,03,46_03,panelist,med,NA,3.8,1,0,0,0,1,0.1,3.9
46,3,04,46_04,reviewer,none,3.9,3.8,0,0,0,1,1,0.2,4
46,3,05,46_05,panelist,med,NA,3.8,1,0,0,0,0,0,3.8
46,3,06,46_06,panelist,med,NA,3.8,1,0,0,0,0,0,3.8
46,3,07,46_07,panelist,low,NA,3.8,1,0,1,0,0,0,3.8
46,3,08,46_08,reviewer,none,3.7,3.8,0,0,0,1,0,0,3.8
46,3,09,46_09,panelist,high,NA,3.8,1,1,0,0,0,0,3.8
46,3,10,46_10,panelist,none,NA,3.8,1,0,0,1,1,-0.1,3.7
46,3,11,46_11,panelist,high,NA,3.8,1,1,0,0,0,0,3.8
46,3,12,46_12,panelist,med,NA,3.8,1,0,0,0,0,0,3.8
46,3,13,46_13,panelist,low,NA,3.8,1,0,1,0,0,0,3.8
46,3,14,46_14,panelist,none,NA,3.8,1,0,0,1,0,0,3.8
46,3,15,46_15,panelist,low,NA,3.8,1,0,1,0,0,0,3.8
46,3,16,46_16,panelist,med,NA,3.8,1,0,0,0,0,0,3.8
46,3,17,46_17,panelist,low,NA,3.8,1,0,1,0,0,0,3.8
46,3,18,46_18,panelist,none,NA,3.8,1,0,0,1,1,-0.1,3.7
46,3,19,46_19,panelist,none,NA,3.8,1,0,0,1,1,0.1,3.9
46,3,20,46_20,panelist,none,NA,3.8,1,0,0,1,0,0,3.8
46,3,21,46_21,panelist,low,NA,3.8,1,0,1,0,0,0,3.8
46,3,22,46_22,panelist,low,NA,3.8,1,0,1,0,1,-0.2,3.6
46,3,23,46_23,panelist,low,NA,3.8,1,0,1,0,0,0,3.8
46,3,24,46_24,panelist,none,NA,3.8,1,0,0,1,1,0.3,4.1
46,4,01,46_01,panelist,none,NA,4.6,1,0,0,1,0,0,4.6
46,4,02,46_02,panelist,none,NA,4.6,1,0,0,1,0,0,4.6
46,4,03,46_03,panelist,med,NA,4.6,1,0,0,0,1,0.1,4.7
46,4,04,46_04,panelist,low,NA,4.6,1,0,1,0,1,0.1,4.7
46,4,05,46_05,panelist,high,NA,4.6,1,1,0,0,1,-0.3,4.3
46,4,06,46_06,panelist,none,NA,4.6,1,0,0,1,0,0,4.6
46,4,07,46_07,reviewer,none,4.7,4.6,0,0,0,1,1,-0.2,4.4
46,4,08,46_08,reviewer,med,4.5,4.6,0,0,0,0,0,0,4.6
46,4,09,46_09,panelist,low,NA,4.6,1,0,1,0,0,0,4.6
46,4,10,46_10,panelist,none,NA,4.6,1,0,0,1,1,0.1,4.7
46,4,11,46_11,panelist,med,NA,4.6,1,0,0,0,0,0,4.6
46,4,12,46_12,panelist,none,NA,4.6,1,0,0,1,1,-0.2,4.4
46,4,13,46_13,panelist,low,NA,4.6,1,0,1,0,0,0,4.6
46,4,14,46_14,panelist,low,NA,4.6,1,0,1,0,1,0.2,4.8
46,4,15,46_15,panelist,med,NA,4.6,1,0,0,0,0,0,4.6
46,4,16,46_16,panelist,high,NA,4.6,1,1,0,0,0,0,4.6
46,4,17,46_17,panelist,none,NA,4.6,1,0,0,1,1,0.1,4.7
46,4,18,46_18,panelist,low,NA,4.6,1,0,1,0,0,0,4.6
46,4,19,46_19,panelist,none,NA,4.6,1,0,0,1,1,0.1,4.7
46,4,20,46_20,panelist,med,NA,4.6,1,0,0,0,0,0,4.6
46,4,21,46_21,panelist,low,NA,4.6,1,0,1,0,1,-0.1,4.5
46,4,22,46_22,panelist,low,NA,4.6,1,0,1,0,1,0.1,4.7
46,4,23,46_23,reviewer,none,4.6,4.6,0,0,0,1,0,0,4.6
46,4,24,46_24,panelist,none,NA,4.6,1,0,0,1,1,0.2,4.8
46,10,01,46_01,panelist,none,NA,3.8,1,0,0,1,1,-0.1,3.7
46,10,02,46_02,reviewer,low,3.9,3.8,0,0,1,0,0,0,3.8
46,10,03,46_03,panelist,high,NA,3.8,1,1,0,0,0,0,3.8
46,10,04,46_04,panelist,low,NA,3.8,1,0,1,0,0,0,3.8
46,10,05,46_05,panelist,med,NA,3.8,1,0,0,0,1,-0.3,3.5
46,10,06,46_06,panelist,low,NA,3.8,1,0,1,0,1,0.1,3.9
46,10,07,46_07,panelist,none,NA,3.8,1,0,0,1,1,0.2,4
46,10,08,46_08,panelist,none,NA,3.8,1,0,0,1,0,0,3.8
46,10,09,46_09,panelist,none,NA,3.8,1,0,0,1,0,0,3.8
46,10,10,46_10,panelist,none,NA,3.8,1,0,0,1,1,-0.1,3.7
46,10,11,46_11,panelist,med,NA,3.8,1,0,0,0,0,0,3.8
46,10,12,46_12,reviewer,none,3.6,3.8,0,0,0,1,0,0,3.8
46,10,13,46_13,panelist,low,NA,3.8,1,0,1,0,1,-0.1,3.7
46,10,14,46_14,panelist,none,NA,3.8,1,0,0,1,1,-0.1,3.7
46,10,15,46_15,panelist,med,NA,3.8,1,0,0,0,0,0,3.8
46,10,16,46_16,panelist,low,NA,3.8,1,0,1,0,0,0,3.8
46,10,17,46_17,panelist,med,NA,3.8,1,0,0,0,0,0,3.8
46,10,18,46_18,panelist,low,NA,3.8,1,0,1,0,0,0,3.8
46,10,19,46_19,panelist,high,NA,3.8,1,1,0,0,0,0,3.8
46,10,20,46_20,panelist,none,NA,3.8,1,0,0,1,1,0.1,3.9
46,10,21,46_21,panelist,low,NA,3.8,1,0,1,0,1,-0.1,3.7
46,10,22,46_22,panelist,none,NA,3.8,1,0,0,1,0,0,3.8
46,10,23,46_23,reviewer,none,3.9,3.8,0,0,0,1,0,0,3.8
46,10,24,46_24,panelist,med,NA,3.8,1,0,0,0,1,0.2,4
46,12,01,46_01,panelist,low,NA,4.3,1,0,1,0,0,0,4.3
46,12,02,46_02,panelist,med,NA,4.3,1,0,0,0,0,0,4.3
46,12,03,46_03,reviewer,high,4.4,4.3,0,1,0,0,1,0.1,4.4
46,12,04,46_04,panelist,high,NA,4.3,1,1,0,0,0,0,4.3
46,12,05,46_05,panelist,med,NA,4.3,1,0,0,0,0,0,4.3
46,12,06,46_06,panelist,none,NA,4.3,1,0,0,1,1,0.2,4.5
46,12,07,46_07,panelist,none,NA,4.3,1,0,0,1,1,0.2,4.5
46,12,08,46_08,panelist,med,NA,4.3,1,0,0,0,1,0.1,4.4
46,12,09,46_09,panelist,none,NA,4.3,1,0,0,1,0,0,4.3
46,12,10,46_10,reviewer,none,4.3,4.3,0,0,0,1,0,0,4.3
46,12,11,46_11,panelist,low,NA,4.3,1,0,1,0,1,0.2,4.5
46,12,12,46_12,panelist,low,NA,4.3,1,0,1,0,0,0,4.3
46,12,13,46_13,panelist,none,NA,4.3,1,0,0,1,0,0,4.3
46,12,14,46_14,panelist,low,NA,4.3,1,0,1,0,1,-0.1,4.2
46,12,15,46_15,panelist,none,NA,4.3,1,0,0,1,0,0,4.3
46,12,16,46_16,panelist,none,NA,4.3,1,0,0,1,0,0,4.3
46,12,17,46_17,panelist,none,NA,4.3,1,0,0,1,1,0.5,4.8
46,12,18,46_18,panelist,med,NA,4.3,1,0,0,0,1,0.3,4.6
46,12,19,46_19,reviewer,none,4.1,4.3,0,0,0,1,0,0,4.3
46,12,20,46_20,panelist,low,NA,4.3,1,0,1,0,0,0,4.3
46,12,21,46_21,panelist,low,NA,4.3,1,0,1,0,1,0.1,4.4
46,12,22,46_22,panelist,none,NA,4.3,1,0,0,1,1,0.1,4.4
46,12,23,46_23,panelist,low,NA,4.3,1,0,1,0,0,0,4.3
46,12,24,46_24,panelist,med,NA,4.3,1,0,0,0,0,0,4.3
46,13,01,46_01,panelist,low,NA,4.3,1,0,1,0,0,0,4.3
46,13,02,46_02,panelist,none,NA,4.3,1,0,0,1,1,-0.1,4.2
46,13,03,46_03,panelist,low,NA,4.3,1,0,1,0,0,0,4.3
46,13,04,46_04,panelist,med,NA,4.3,1,0,0,0,0,0,4.3
46,13,05,46_05,panelist,none,NA,4.3,1,0,0,1,1,0.2,4.5
46,13,06,46_06,panelist,none,NA,4.3,1,0,0,1,0,0,4.3
46,13,07,46_07,panelist,low,NA,4.3,1,0,1,0,1,-0.1,4.2
46,13,08,46_08,panelist,none,NA,4.3,1,0,0,1,1,-0.2,4.1
46,13,09,46_09,panelist,none,NA,4.3,1,0,0,1,0,0,4.3
46,13,10,46_10,panelist,med,NA,4.3,1,0,0,0,0,0,4.3
46,13,11,46_11,panelist,med,NA,4.3,1,0,0,0,0,0,4.3
46,13,12,46_12,panelist,low,NA,4.3,1,0,1,0,1,0.1,4.4
46,13,13,46_13,reviewer,none,4.2,4.3,0,0,0,1,0,0,4.3
46,13,14,46_14,panelist,med,NA,4.3,1,0,0,0,0,0,4.3
46,13,15,46_15,panelist,none,NA,4.3,1,0,0,1,0,0,4.3
46,13,16,46_16,panelist,med,NA,4.3,1,0,0,0,0,0,4.3
46,13,17,46_17,panelist,high,NA,4.3,1,1,0,0,0,0,4.3
46,13,18,46_18,panelist,none,NA,4.3,1,0,0,1,0,0,4.3
46,13,19,46_19,reviewer,high,4,4.3,0,1,0,0,0,0,4.3
46,13,20,46_20,panelist,none,NA,4.3,1,0,0,1,1,-0.1,4.2
46,13,21,46_21,panelist,low,NA,4.3,1,0,1,0,0,0,4.3
46,13,22,46_22,panelist,low,NA,4.3,1,0,1,0,1,0.1,4.4
46,13,23,46_23,reviewer,low,4.6,4.3,0,0,1,0,0,0,4.3
46,13,24,46_24,panelist,none,NA,4.3,1,0,0,1,0,0,4.3
46,15,01,46_01,panelist,low,NA,4,1,0,1,0,1,0.1,4.1
46,15,02,46_02,panelist,low,NA,4,1,0,1,0,0,0,4
46,15,03,46_03,panelist,none,NA,4,1,0,0,1,0,0,4
46,15,04,46_04,panelist,high,NA,4,1,1,0,0,0,0,4
46,15,05,46_05,panelist,med,NA,4,1,0,0,0,0,0,4
46,15,06,46_06,panelist,none,NA,4,1,0,0,1,0,0,4
46,15,07,46_07,reviewer,none,3.9,4,0,0,0,1,0,0,4
46,15,08,46_08,panelist,low,NA,4,1,0,1,0,0,0,4
46,15,09,46_09,panelist,none,NA,4,1,0,0,1,0,0,4
46,15,10,46_10,panelist,none,NA,4,1,0,0,1,1,0.1,4.1
46,15,11,46_11,panelist,none,NA,4,1,0,0,1,0,0,4
46,15,12,46_12,panelist,none,NA,4,1,0,0,1,0,0,4
46,15,13,46_13,panelist,low,NA,4,1,0,1,0,1,-0.1,3.9
46,15,14,46_14,panelist,none,NA,4,1,0,0,1,0,0,4
46,15,15,46_15,reviewer,none,4,4,0,0,0,1,1,0.2,4.2
46,15,16,46_16,panelist,low,NA,4,1,0,1,0,0,0,4
46,15,17,46_17,panelist,med,NA,4,1,0,0,0,0,0,4
46,15,18,46_18,panelist,med,NA,4,1,0,0,0,0,0,4
46,15,19,46_19,panelist,high,NA,4,1,1,0,0,0,0,4
46,15,20,46_20,panelist,low,NA,4,1,0,1,0,1,-0.1,3.9
46,15,21,46_21,panelist,med,NA,4,1,0,0,0,1,0.2,4.2
46,15,22,46_22,panelist,low,NA,4,1,0,1,0,0,0,4
46,15,23,46_23,panelist,med,NA,4,1,0,0,0,1,0.3,4.3
46,15,24,46_24,reviewer,none,4.1,4,0,0,0,1,1,0.4,4.4
46,16,01,46_01,panelist,high,NA,3.9,1,1,0,0,0,0,3.9
46,16,02,46_02,panelist,med,NA,3.9,1,0,0,0,1,-0.2,3.7
46,16,03,46_03,reviewer,med,4,3.9,0,0,0,0,0,0,3.9
46,16,04,46_04,panelist,none,NA,3.9,1,0,0,1,1,0.2,4.1
46,16,05,46_05,reviewer,none,4,3.9,0,0,0,1,0,0,3.9
46,16,06,46_06,panelist,med,NA,3.9,1,0,0,0,1,0.1,4
46,16,07,46_07,reviewer,none,3.8,3.9,0,0,0,1,1,-0.3,3.6
46,16,08,46_08,panelist,med,NA,3.9,1,0,0,0,1,0.1,4
46,16,09,46_09,panelist,low,NA,3.9,1,0,1,0,1,0.1,4
46,16,10,46_10,panelist,low,NA,3.9,1,0,1,0,1,0.3,4.2
46,16,11,46_11,panelist,high,NA,3.9,1,1,0,0,0,0,3.9
46,16,12,46_12,panelist,none,NA,3.9,1,0,0,1,0,0,3.9
46,16,13,46_13,panelist,none,NA,3.9,1,0,0,1,0,0,3.9
46,16,14,46_14,panelist,low,NA,3.9,1,0,1,0,1,-0.1,3.8
46,16,15,46_15,panelist,low,NA,3.9,1,0,1,0,0,0,3.9
46,16,16,46_16,panelist,none,NA,3.9,1,0,0,1,1,-0.1,3.8
46,16,17,46_17,panelist,none,NA,3.9,1,0,0,1,1,0.3,4.2
46,16,18,46_18,panelist,low,NA,3.9,1,0,1,0,0,0,3.9
46,16,19,46_19,panelist,none,NA,3.9,1,0,0,1,1,-0.3,3.6
46,16,20,46_20,panelist,low,NA,3.9,1,0,1,0,1,0.2,4.1
46,16,21,46_21,panelist,med,NA,3.9,1,0,0,0,0,0,3.9
46,16,22,46_22,panelist,none,NA,3.9,1,0,0,1,1,-0.1,3.8
46,16,23,46_23,panelist,none,NA,3.9,1,0,0,1,1,-0.1,3.8
46,16,24,46_24,panelist,low,NA,3.9,1,0,1,0,1,0.1,4
46,18,01,46_01,panelist,med,NA,3.8,1,0,0,0,0,0,3.8
46,18,02,46_02,panelist,none,NA,3.8,1,0,0,1,0,0,3.8
46,18,03,46_03,reviewer,low,3.6,3.8,0,0,1,0,1,-0.1,3.7
46,18,04,46_04,panelist,low,NA,3.8,1,0,1,0,1,0.3,4.1
46,18,05,46_05,panelist,none,NA,3.8,1,0,0,1,1,-0.2,3.6
46,18,06,46_06,panelist,none,NA,3.8,1,0,0,1,0,0,3.8
46,18,07,46_07,panelist,none,NA,3.8,1,0,0,1,1,0.1,3.9
46,18,08,46_08,panelist,none,NA,3.8,1,0,0,1,0,0,3.8
46,18,09,46_09,panelist,none,NA,3.8,1,0,0,1,0,0,3.8
46,18,10,46_10,panelist,med,NA,3.8,1,0,0,0,0,0,3.8
46,18,11,46_11,panelist,low,NA,3.8,1,0,1,0,0,0,3.8
46,18,12,46_12,panelist,high,NA,3.8,1,1,0,0,0,0,3.8
46,18,13,46_13,panelist,none,NA,3.8,1,0,0,1,1,0.1,3.9
46,18,14,46_14,panelist,low,NA,3.8,1,0,1,0,0,0,3.8
46,18,15,46_15,panelist,low,NA,3.8,1,0,1,0,1,0.3,4.1
46,18,16,46_16,reviewer,none,3.8,3.8,0,0,0,1,0,0,3.8
46,18,17,46_17,panelist,none,NA,3.8,1,0,0,1,0,0,3.8
46,18,18,46_18,panelist,med,NA,3.8,1,0,0,0,0,0,3.8
46,18,19,46_19,reviewer,high,4.1,3.8,0,1,0,0,0,0,3.8
46,18,20,46_20,panelist,low,NA,3.8,1,0,1,0,0,0,3.8
46,18,21,46_21,panelist,med,NA,3.8,1,0,0,0,0,0,3.8
46,18,22,46_22,panelist,none,NA,3.8,1,0,0,1,1,0.3,4.1
46,18,23,46_23,panelist,med,NA,3.8,1,0,0,0,0,0,3.8
46,18,24,46_24,panelist,low,NA,3.8,1,0,1,0,1,0.1,3.9
46,19,01,46_01,panelist,none,NA,4.4,1,0,0,1,1,-0.2,4.2
46,19,02,46_02,panelist,none,NA,4.4,1,0,0,1,1,0.1,4.5
46,19,03,46_03,panelist,none,NA,4.4,1,0,0,1,0,0,4.4
46,19,04,46_04,reviewer,high,4.3,4.4,0,1,0,0,1,0.4,4.8
46,19,05,46_05,panelist,none,NA,4.4,1,0,0,1,0,0,4.4
46,19,06,46_06,panelist,none,NA,4.4,1,0,0,1,1,0.2,4.6
46,19,07,46_07,panelist,low,NA,4.4,1,0,1,0,1,0.2,4.6
46,19,08,46_08,panelist,low,NA,4.4,1,0,1,0,1,0.2,4.6
46,19,09,46_09,panelist,low,NA,4.4,1,0,1,0,1,-0.3,4.1
46,19,10,46_10,panelist,low,NA,4.4,1,0,1,0,1,-0.1,4.3
46,19,11,46_11,panelist,med,NA,4.4,1,0,0,0,0,0,4.4
46,19,12,46_12,panelist,high,NA,4.4,1,1,0,0,0,0,4.4
46,19,13,46_13,reviewer,low,4.4,4.4,0,0,1,0,0,0,4.4
46,19,14,46_14,panelist,med,NA,4.4,1,0,0,0,1,0.1,4.5
46,19,15,46_15,panelist,none,NA,4.4,1,0,0,1,0,0,4.4
46,19,16,46_16,panelist,none,NA,4.4,1,0,0,1,1,0.1,4.5
46,19,17,46_17,reviewer,med,4.4,4.4,0,0,0,0,0,0,4.4
46,19,18,46_18,panelist,none,NA,4.4,1,0,0,1,1,0.2,4.6
46,19,19,46_19,panelist,low,NA,4.4,1,0,1,0,0,0,4.4
46,19,20,46_20,panelist,med,NA,4.4,1,0,0,0,1,0.1,4.5
46,19,21,46_21,panelist,low,NA,4.4,1,0,1,0,1,0.2,4.6
46,19,22,46_22,panelist,none,NA,4.4,1,0,0,1,1,0.1,4.5
46,19,23,46_23,panelist,med,NA,4.4,1,0,0,0,1,0.2,4.6
46,19,24,46_24,panelist,none,NA,4.4,1,0,0,1,0,0,4.4
46,22,01,46_01,panelist,med,NA,3.7,1,0,0,0,0,0,3.7
46,22,02,46_02,panelist,low,NA,3.7,1,0,1,0,0,0,3.7
46,22,03,46_03,panelist,none,NA,3.7,1,0,0,1,1,0.2,3.9
46,22,04,46_04,panelist,low,NA,3.7,1,0,1,0,0,0,3.7
46,22,05,46_05,panelist,none,NA,3.7,1,0,0,1,1,-0.2,3.5
46,22,06,46_06,panelist,none,NA,3.7,1,0,0,1,0,0,3.7
46,22,07,46_07,reviewer,none,4,3.7,0,0,0,1,0,0,3.7
46,22,08,46_08,panelist,none,NA,3.7,1,0,0,1,0,0,3.7
46,22,09,46_09,panelist,low,NA,3.7,1,0,1,0,0,0,3.7
46,22,10,46_10,reviewer,low,3.8,3.7,0,0,1,0,0,0,3.7
46,22,11,46_11,panelist,high,NA,3.7,1,1,0,0,0,0,3.7
46,22,12,46_12,panelist,med,NA,3.7,1,0,0,0,1,-0.3,3.4
46,22,13,46_13,panelist,low,NA,3.7,1,0,1,0,1,0.2,3.9
46,22,14,46_14,panelist,med,NA,3.7,1,0,0,0,0,0,3.7
46,22,15,46_15,reviewer,med,3.4,3.7,0,0,0,0,0,0,3.7
46,22,16,46_16,panelist,none,NA,3.7,1,0,0,1,0,0,3.7
46,22,17,46_17,panelist,none,NA,3.7,1,0,0,1,0,0,3.7
46,22,18,46_18,panelist,high,NA,3.7,1,1,0,0,0,0,3.7
46,22,19,46_19,panelist,low,NA,3.7,1,0,1,0,0,0,3.7
46,22,20,46_20,panelist,none,NA,3.7,1,0,0,1,1,0.2,3.9
46,22,21,46_21,panelist,med,NA,3.7,1,0,0,0,1,-0.2,3.5
46,22,22,46_22,panelist,none,NA,3.7,1,0,0,1,0,0,3.7
46,22,23,46_23,panelist,none,NA,3.7,1,0,0,1,1,-0.1,3.6
46,22,24,46_24,panelist,low,NA,3.7,1,0,1,0,1,0.4,4.1
46,23,01,46_01,panelist,med,NA,3.7,1,0,0,0,0,0,3.7
46,23,02,46_02,panelist,med,NA,3.7,1,0,0,0,0,0,3.7
46,23,03,46_03,reviewer,high,3.8,3.7,0,1,0,0,0,0,3.7
46,23,04,46_04,panelist,none,NA,3.7,1,0,0,1,1,0.1,3.8
46,23,05,46_05,panelist,low,NA,3.7,1,0,1,0,1,-0.1,3.6
46,23,06,46_06,panelist,med,NA,3.7,1,0,0,0,0,0,3.7
46,23,07,46_07,reviewer,low,3.6,3.7,0,0,1,0,0,0,3.7
46,23,08,46_08,panelist,none,NA,3.7,1,0,0,1,0,0,3.7
46,23,09,46_09,panelist,none,NA,3.7,1,0,0,1,0,0,3.7
46,23,10,46_10,panelist,high,NA,3.7,1,1,0,0,0,0,3.7
46,23,11,46_11,panelist,none,NA,3.7,1,0,0,1,0,0,3.7
46,23,12,46_12,panelist,low,NA,3.7,1,0,1,0,0,0,3.7
46,23,13,46_13,panelist,low,NA,3.7,1,0,1,0,1,0.1,3.8
46,23,14,46_14,panelist,none,NA,3.7,1,0,0,1,1,-0.2,3.5
46,23,15,46_15,panelist,med,NA,3.7,1,0,0,0,1,0.2,3.9
46,23,16,46_16,panelist,low,NA,3.7,1,0,1,0,0,0,3.7
46,23,17,46_17,panelist,low,NA,3.7,1,0,1,0,1,0.3,4
46,23,18,46_18,panelist,none,NA,3.7,1,0,0,1,0,0,3.7
46,23,19,46_19,panelist,none,NA,3.7,1,0,0,1,0,0,3.7
46,23,20,46_20,panelist,none,NA,3.7,1,0,0,1,0,0,3.7
46,23,21,46_21,panelist,none,NA,3.7,1,0,0,1,1,-0.2,3.5
46,23,22,46_22,reviewer,low,3.8,3.7,0,0,1,0,0,0,3.7
46,23,23,46_23,panelist,none,NA,3.7,1,0,0,1,1,-0.3,3.4
46,23,24,46_24,panelist,med,NA,3.7,1,0,0,0,0,0,3.7
46,24,01,46_01,panelist,low,NA,4.7,1,0,1,0,0,0,4.7
46,24,02,46_02,panelist,med,NA,4.7,1,0,0,0,0,0,4.7
46,24,03,46_03,panelist,none,NA,4.7,1,0,0,1,1,-0.1,4.6
46,24,04,46_04,panelist,none,NA,4.7,1,0,0,1,1,0.2,4.9
46,24,05,46_05,panelist,none,NA,4.7,1,0,0,1,0,0,4.7
46,24,06,46_06,panelist,med,NA,4.7,1,0,0,0,0,0,4.7
46,24,07,46_07,panelist,low,NA,4.7,1,0,1,0,0,0,4.7
46,24,08,46_08,panelist,none,NA,4.7,1,0,0,1,0,0,4.7
46,24,09,46_09,panelist,med,NA,4.7,1,0,0,0,1,-0.2,4.5
46,24,10,46_10,panelist,none,NA,4.7,1,0,0,1,0,0,4.7
46,24,11,46_11,panelist,low,NA,4.7,1,0,1,0,0,0,4.7
46,24,12,46_12,panelist,none,NA,4.7,1,0,0,1,1,0.1,4.8
46,24,13,46_13,reviewer,high,4.7,4.7,0,1,0,0,0,0,4.7
46,24,14,46_14,panelist,low,NA,4.7,1,0,1,0,1,-0.2,4.5
46,24,15,46_15,reviewer,none,4.8,4.7,0,0,0,1,0,0,4.7
46,24,16,46_16,panelist,low,NA,4.7,1,0,1,0,0,0,4.7
46,24,17,46_17,panelist,med,NA,4.7,1,0,0,0,0,0,4.7
46,24,18,46_18,panelist,none,NA,4.7,1,0,0,1,0,0,4.7
46,24,19,46_19,panelist,med,NA,4.7,1,0,0,0,1,0.2,4.9
46,24,20,46_20,panelist,none,NA,4.7,1,0,0,1,0,0,4.7
46,24,21,46_21,panelist,low,NA,4.7,1,0,1,0,0,0,4.7
46,24,22,46_22,panelist,low,NA,4.7,1,0,1,0,1,-0.2,4.5
46,24,23,46_23,reviewer,none,4.5,4.7,0,0,0,1,0,0,4.7
46,24,24,46_24,panelist,high,NA,4.7,1,1,0,0,0,0,4.7
46,26,01,46_01,panelist,low,NA,3.6,1,0,1,0,1,0.2,3.8
46,26,02,46_02,panelist,none,NA,3.6,1,0,0,1,0,0,3.6
46,26,03,46_03,reviewer,med,3.9,3.6,0,0,0,0,0,0,3.6
46,26,04,46_04,panelist,none,NA,3.6,1,0,0,1,0,0,3.6
46,26,05,46_05,reviewer,none,3.6,3.6,0,0,0,1,1,-0.1,3.5
46,26,06,46_06,panelist,med,NA,3.6,1,0,0,0,0,0,3.6
46,26,07,46_07,panelist,high,NA,3.6,1,1,0,0,0,0,3.6
46,26,08,46_08,panelist,low,NA,3.6,1,0,1,0,1,-0.2,3.4
46,26,09,46_09,panelist,none,NA,3.6,1,0,0,1,0,0,3.6
46,26,10,46_10,panelist,none,NA,3.6,1,0,0,1,0,0,3.6
46,26,11,46_11,panelist,med,NA,3.6,1,0,0,0,0,0,3.6
46,26,12,46_12,reviewer,low,3.4,3.6,0,0,1,0,0,0,3.6
46,26,13,46_13,panelist,low,NA,3.6,1,0,1,0,1,0.3,3.9
46,26,14,46_14,panelist,none,NA,3.6,1,0,0,1,1,0.1,3.7
46,26,15,46_15,panelist,med,NA,3.6,1,0,0,0,0,0,3.6
46,26,16,46_16,panelist,none,NA,3.6,1,0,0,1,1,0.1,3.7
46,26,17,46_17,panelist,low,NA,3.6,1,0,1,0,1,0.3,3.9
46,26,18,46_18,panelist,low,NA,3.6,1,0,1,0,0,0,3.6
46,26,19,46_19,panelist,none,NA,3.6,1,0,0,1,0,0,3.6
46,26,20,46_20,panelist,none,NA,3.6,1,0,0,1,0,0,3.6
46,26,21,46_21,panelist,none,NA,3.6,1,0,0,1,1,-0.2,3.4
46,26,22,46_22,panelist,high,NA,3.6,1,1,0,0,0,0,3.6
46,26,23,46_23,panelist,low,NA,3.6,1,0,1,0,0,0,3.6
46,26,24,46_24,panelist,med,NA,3.6,1,0,0,0,0,0,3.6
46,27,01,46_01,panelist,none,NA,3.9,1,0,0,1,0,0,3.9
46,27,02,46_02,panelist,med,NA,3.9,1,0,0,0,0,0,3.9
46,27,03,46_03,panelist,high,NA,3.9,1,1,0,0,0,0,3.9
46,27,04,46_04,panelist,low,NA,3.9,1,0,1,0,0,0,3.9
46,27,05,46_05,panelist,none,NA,3.9,1,0,0,1,0,0,3.9
46,27,06,46_06,panelist,none,NA,3.9,1,0,0,1,0,0,3.9
46,27,07,46_07,reviewer,low,3.9,3.9,0,0,1,0,1,-0.1,3.8
46,27,08,46_08,panelist,high,NA,3.9,1,1,0,0,0,0,3.9
46,27,09,46_09,panelist,none,NA,3.9,1,0,0,1,1,-0.1,3.8
46,27,10,46_10,panelist,low,NA,3.9,1,0,1,0,0,0,3.9
46,27,11,46_11,panelist,low,NA,3.9,1,0,1,0,0,0,3.9
46,27,12,46_12,reviewer,none,3.8,3.9,0,0,0,1,0,0,3.9
46,27,13,46_13,panelist,low,NA,3.9,1,0,1,0,0,0,3.9
46,27,14,46_14,panelist,none,NA,3.9,1,0,0,1,1,0.1,4
46,27,15,46_15,panelist,none,NA,3.9,1,0,0,1,0,0,3.9
46,27,16,46_16,panelist,none,NA,3.9,1,0,0,1,1,-0.1,3.8
46,27,17,46_17,panelist,low,NA,3.9,1,0,1,0,1,-0.3,3.6
46,27,18,46_18,panelist,none,NA,3.9,1,0,0,1,0,0,3.9
46,27,19,46_19,panelist,none,NA,3.9,1,0,0,1,0,0,3.9
46,27,20,46_20,reviewer,med,4,3.9,0,0,0,0,0,0,3.9
46,27,21,46_21,panelist,med,NA,3.9,1,0,0,0,1,-0.2,3.7
46,27,22,46_22,panelist,med,NA,3.9,1,0,0,0,1,0.1,4
46,27,23,46_23,panelist,low,NA,3.9,1,0,1,0,0,0,3.9
46,27,24,46_24,panelist,med,NA,3.9,1,0,0,0,1,0.1,4
46,29,01,46_01,panelist,none,NA,3.9,1,0,0,1,1,0.2,4.1
46,29,02,46_02,panelist,high,NA,3.9,1,1,0,0,1,-0.3,3.6
46,29,03,46_03,panelist,med,NA,3.9,1,0,0,0,1,-0.3,3.6
46,29,04,46_04,panelist,none,NA,3.9,1,0,0,1,1,0.2,4.1
46,29,05,46_05,panelist,none,NA,3.9,1,0,0,1,1,-0.1,3.8
46,29,06,46_06,panelist,med,NA,3.9,1,0,0,0,1,0.1,4
46,29,07,46_07,panelist,none,NA,3.9,1,0,0,1,0,0,3.9
46,29,08,46_08,panelist,none,NA,3.9,1,0,0,1,1,-0.1,3.8
46,29,09,46_09,panelist,med,NA,3.9,1,0,0,0,1,-0.3,3.6
46,29,10,46_10,panelist,none,NA,3.9,1,0,0,1,0,0,3.9
46,29,11,46_11,panelist,med,NA,3.9,1,0,0,0,0,0,3.9
46,29,12,46_12,reviewer,none,3.7,3.9,0,0,0,1,0,0,3.9
46,29,13,46_13,panelist,low,NA,3.9,1,0,1,0,0,0,3.9
46,29,14,46_14,panelist,none,NA,3.9,1,0,0,1,1,0.2,4.1
46,29,15,46_15,panelist,low,NA,3.9,1,0,1,0,1,0.2,4.1
46,29,16,46_16,panelist,low,NA,3.9,1,0,1,0,0,0,3.9
46,29,17,46_17,panelist,low,NA,3.9,1,0,1,0,0,0,3.9
46,29,18,46_18,reviewer,low,4.1,3.9,0,0,1,0,0,0,3.9
46,29,19,46_19,reviewer,low,3.9,3.9,0,0,1,0,1,-0.2,3.7
46,29,20,46_20,panelist,high,NA,3.9,1,1,0,0,0,0,3.9
46,29,21,46_21,panelist,low,NA,3.9,1,0,1,0,1,-0.3,3.6
46,29,22,46_22,panelist,none,NA,3.9,1,0,0,1,1,0.4,4.3
46,29,23,46_23,panelist,none,NA,3.9,1,0,0,1,0,0,3.9
46,29,24,46_24,panelist,med,NA,3.9,1,0,0,0,0,0,3.9
47,3,01,47_01,panelist,med,NA,4.3,1,0,0,0,0,0,4.3
47,3,02,47_02,panelist,none,NA,4.3,1,0,0,1,1,-0.2,4.1
47,3,03,47_03,panelist,none,NA,4.3,1,0,0,1,0,0,4.3
47,3,04,47_04,panelist,low,NA,4.3,1,0,1,0,0,0,4.3
47,3,05,47_05,reviewer,none,4.1,4.3,0,0,0,1,1,0.3,4.6
47,3,06,47_06,reviewer,none,4.7,4.3,0,0,0,1,0,0,4.3
47,3,07,47_07,panelist,low,NA,4.3,1,0,1,0,0,0,4.3
47,3,08,47_08,panelist,med,NA,4.3,1,0,0,0,1,0.1,4.4
47,3,09,47_09,panelist,none,NA,4.3,1,0,0,1,0,0,4.3
47,3,10,47_10,panelist,none,NA,4.3,1,0,0,1,1,0.1,4.4
47,3,11,47_11,panelist,low,NA,4.3,1,0,1,0,1,0.2,4.5
47,3,12,47_12,panelist,high,NA,4.3,1,1,0,0,0,0,4.3
47,3,13,47_13,panelist,med,NA,4.3,1,0,0,0,1,-0.1,4.2
47,3,14,47_14,panelist,none,NA,4.3,1,0,0,1,0,0,4.3
47,3,15,47_15,panelist,med,NA,4.3,1,0,0,0,1,-0.1,4.2
47,3,16,47_16,panelist,med,NA,4.3,1,0,0,0,1,-0.1,4.2
47,3,17,47_17,panelist,none,NA,4.3,1,0,0,1,0,0,4.3
47,3,18,47_18,panelist,low,NA,4.3,1,0,1,0,0,0,4.3
47,3,19,47_19,panelist,high,NA,4.3,1,1,0,0,0,0,4.3
47,3,20,47_20,reviewer,low,4,4.3,0,0,1,0,0,0,4.3
47,3,21,47_21,panelist,none,NA,4.3,1,0,0,1,1,0.2,4.5
47,3,22,47_22,panelist,none,NA,4.3,1,0,0,1,1,-0.3,4
47,3,23,47_23,panelist,low,NA,4.3,1,0,1,0,0,0,4.3
47,3,24,47_24,panelist,low,NA,4.3,1,0,1,0,0,0,4.3
47,4,01,47_01,panelist,low,NA,4.1,1,0,1,0,0,0,4.1
47,4,02,47_02,panelist,none,NA,4.1,1,0,0,1,1,-0.2,3.9
47,4,03,47_03,panelist,high,NA,4.1,1,1,0,0,0,0,4.1
47,4,04,47_04,panelist,med,NA,4.1,1,0,0,0,1,0.1,4.2
47,4,05,47_05,panelist,none,NA,4.1,1,0,0,1,1,0.1,4.2
47,4,06,47_06,reviewer,none,4.3,4.1,0,0,0,1,0,0,4.1
47,4,07,47_07,panelist,none,NA,4.1,1,0,0,1,0,0,4.1
47,4,08,47_08,panelist,none,NA,4.1,1,0,0,1,0,0,4.1
47,4,09,47_09,panelist,none,NA,4.1,1,0,0,1,1,-0.1,4
47,4,10,47_10,panelist,none,NA,4.1,1,0,0,1,1,0.2,4.3
47,4,11,47_11,panelist,med,NA,4.1,1,0,0,0,0,0,4.1
47,4,12,47_12,panelist,none,NA,4.1,1,0,0,1,1,0.2,4.3
47,4,13,47_13,reviewer,low,4.3,4.1,0,0,1,0,0,0,4.1
47,4,14,47_14,panelist,low,NA,4.1,1,0,1,0,0,0,4.1
47,4,15,47_15,panelist,none,NA,4.1,1,0,0,1,0,0,4.1
47,4,16,47_16,panelist,none,NA,4.1,1,0,0,1,0,0,4.1
47,4,17,47_17,panelist,med,NA,4.1,1,0,0,0,1,-0.1,4
47,4,18,47_18,panelist,low,NA,4.1,1,0,1,0,0,0,4.1
47,4,19,47_19,panelist,med,NA,4.1,1,0,0,0,0,0,4.1
47,4,20,47_20,panelist,low,NA,4.1,1,0,1,0,1,-0.2,3.9
47,4,21,47_21,panelist,low,NA,4.1,1,0,1,0,0,0,4.1
47,4,22,47_22,panelist,low,NA,4.1,1,0,1,0,1,-0.1,4
47,4,23,47_23,panelist,high,NA,4.1,1,1,0,0,1,0.1,4.2
47,4,24,47_24,reviewer,med,3.8,4.1,0,0,0,0,1,0.3,4.4
47,9,01,47_01,panelist,none,NA,3.8,1,0,0,1,1,-0.1,3.7
47,9,02,47_02,reviewer,none,3.9,3.8,0,0,0,1,1,-0.2,3.6
47,9,03,47_03,reviewer,high,3.6,3.8,0,1,0,0,1,0.1,3.9
47,9,04,47_04,panelist,low,NA,3.8,1,0,1,0,1,-0.1,3.7
47,9,05,47_05,panelist,none,NA,3.8,1,0,0,1,1,0.1,3.9
47,9,06,47_06,panelist,none,NA,3.8,1,0,0,1,0,0,3.8
47,9,07,47_07,panelist,med,NA,3.8,1,0,0,0,1,-0.3,3.5
47,9,08,47_08,panelist,med,NA,3.8,1,0,0,0,1,-0.2,3.6
47,9,09,47_09,panelist,low,NA,3.8,1,0,1,0,1,-0.2,3.6
47,9,10,47_10,panelist,none,NA,3.8,1,0,0,1,0,0,3.8
47,9,11,47_11,panelist,low,NA,3.8,1,0,1,0,1,0.2,4
47,9,12,47_12,panelist,med,NA,3.8,1,0,0,0,1,0.2,4
47,9,13,47_13,panelist,low,NA,3.8,1,0,1,0,0,0,3.8
47,9,14,47_14,panelist,med,NA,3.8,1,0,0,0,0,0,3.8
47,9,15,47_15,panelist,med,NA,3.8,1,0,0,0,1,-0.3,3.5
47,9,16,47_16,panelist,none,NA,3.8,1,0,0,1,1,-0.1,3.7
47,9,17,47_17,reviewer,none,3.9,3.8,0,0,0,1,1,0.2,4
47,9,18,47_18,panelist,low,NA,3.8,1,0,1,0,0,0,3.8
47,9,19,47_19,panelist,low,NA,3.8,1,0,1,0,1,-0.1,3.7
47,9,20,47_20,panelist,low,NA,3.8,1,0,1,0,1,0.1,3.9
47,9,21,47_21,panelist,none,NA,3.8,1,0,0,1,1,0.2,4
47,9,22,47_22,panelist,high,NA,3.8,1,1,0,0,1,0.3,4.1
47,9,23,47_23,panelist,none,NA,3.8,1,0,0,1,1,-0.2,3.6
47,9,24,47_24,panelist,none,NA,3.8,1,0,0,1,0,0,3.8
47,12,01,47_01,panelist,low,NA,4.3,1,0,1,0,1,-0.1,4.2
47,12,02,47_02,panelist,none,NA,4.3,1,0,0,1,0,0,4.3
47,12,03,47_03,panelist,low,NA,4.3,1,0,1,0,0,0,4.3
47,12,04,47_04,reviewer,high,4.4,4.3,0,1,0,0,0,0,4.3
47,12,05,47_05,panelist,low,NA,4.3,1,0,1,0,1,-0.1,4.2
47,12,06,47_06,panelist,med,NA,4.3,1,0,0,0,0,0,4.3
47,12,07,47_07,reviewer,none,4.5,4.3,0,0,0,1,1,-0.3,4
47,12,08,47_08,panelist,none,NA,4.3,1,0,0,1,1,0.1,4.4
47,12,09,47_09,panelist,low,NA,4.3,1,0,1,0,1,-0.2,4.1
47,12,10,47_10,panelist,none,NA,4.3,1,0,0,1,0,0,4.3
47,12,11,47_11,panelist,high,NA,4.3,1,1,0,0,0,0,4.3
47,12,12,47_12,panelist,med,NA,4.3,1,0,0,0,1,0.3,4.6
47,12,13,47_13,panelist,med,NA,4.3,1,0,0,0,0,0,4.3
47,12,14,47_14,panelist,none,NA,4.3,1,0,0,1,0,0,4.3
47,12,15,47_15,reviewer,med,4.1,4.3,0,0,0,0,1,0.2,4.5
47,12,16,47_16,panelist,low,NA,4.3,1,0,1,0,1,0.2,4.5
47,12,17,47_17,panelist,med,NA,4.3,1,0,0,0,1,0.2,4.5
47,12,18,47_18,panelist,none,NA,4.3,1,0,0,1,0,0,4.3
47,12,19,47_19,panelist,none,NA,4.3,1,0,0,1,1,0.1,4.4
47,12,20,47_20,panelist,none,NA,4.3,1,0,0,1,0,0,4.3
47,12,21,47_21,panelist,low,NA,4.3,1,0,1,0,1,0.2,4.5
47,12,22,47_22,panelist,low,NA,4.3,1,0,1,0,1,-0.2,4.1
47,12,23,47_23,panelist,none,NA,4.3,1,0,0,1,1,0.1,4.4
47,12,24,47_24,panelist,none,NA,4.3,1,0,0,1,0,0,4.3
47,13,01,47_01,panelist,none,NA,3.9,1,0,0,1,1,0.1,4
47,13,02,47_02,reviewer,low,3.9,3.9,0,0,1,0,0,0,3.9
47,13,03,47_03,panelist,med,NA,3.9,1,0,0,0,1,-0.2,3.7
47,13,04,47_04,panelist,none,NA,3.9,1,0,0,1,0,0,3.9
47,13,05,47_05,panelist,med,NA,3.9,1,0,0,0,1,-0.2,3.7
47,13,06,47_06,panelist,low,NA,3.9,1,0,1,0,1,-0.2,3.7
47,13,07,47_07,panelist,none,NA,3.9,1,0,0,1,1,-0.1,3.8
47,13,08,47_08,panelist,none,NA,3.9,1,0,0,1,1,0.2,4.1
47,13,09,47_09,reviewer,high,3.7,3.9,0,1,0,0,0,0,3.9
47,13,10,47_10,panelist,none,NA,3.9,1,0,0,1,0,0,3.9
47,13,11,47_11,panelist,none,NA,3.9,1,0,0,1,0,0,3.9
47,13,12,47_12,panelist,med,NA,3.9,1,0,0,0,0,0,3.9
47,13,13,47_13,panelist,none,NA,3.9,1,0,0,1,0,0,3.9
47,13,14,47_14,panelist,none,NA,3.9,1,0,0,1,0,0,3.9
47,13,15,47_15,panelist,low,NA,3.9,1,0,1,0,1,-0.3,3.6
47,13,16,47_16,panelist,low,NA,3.9,1,0,1,0,1,0.1,4
47,13,17,47_17,panelist,none,NA,3.9,1,0,0,1,0,0,3.9
47,13,18,47_18,panelist,high,NA,3.9,1,1,0,0,0,0,3.9
47,13,19,47_19,panelist,low,NA,3.9,1,0,1,0,1,0.3,4.2
47,13,20,47_20,panelist,low,NA,3.9,1,0,1,0,0,0,3.9
47,13,21,47_21,panelist,none,NA,3.9,1,0,0,1,1,0.1,4
47,13,22,47_22,panelist,med,NA,3.9,1,0,0,0,0,0,3.9
47,13,23,47_23,reviewer,med,4,3.9,0,0,0,0,1,0.1,4
47,13,24,47_24,panelist,low,NA,3.9,1,0,1,0,0,0,3.9
47,14,01,47_01,panelist,none,NA,4.2,1,0,0,1,0,0,4.2
47,14,02,47_02,panelist,none,NA,4.2,1,0,0,1,1,-0.4,3.8
47,14,03,47_03,reviewer,low,4.3,4.2,0,0,1,0,0,0,4.2
47,14,04,47_04,reviewer,med,3.8,4.2,0,0,0,0,1,-0.3,3.9
47,14,05,47_05,panelist,low,NA,4.2,1,0,1,0,1,-0.3,3.9
47,14,06,47_06,panelist,none,NA,4.2,1,0,0,1,1,-0.2,4
47,14,07,47_07,panelist,low,NA,4.2,1,0,1,0,1,0.2,4.4
47,14,08,47_08,panelist,low,NA,4.2,1,0,1,0,0,0,4.2
47,14,09,47_09,panelist,low,NA,4.2,1,0,1,0,1,-0.1,4.1
47,14,10,47_10,reviewer,none,4.6,4.2,0,0,0,1,0,0,4.2
47,14,11,47_11,panelist,high,NA,4.2,1,1,0,0,0,0,4.2
47,14,12,47_12,panelist,med,NA,4.2,1,0,0,0,1,0.1,4.3
47,14,13,47_13,panelist,none,NA,4.2,1,0,0,1,1,0.1,4.3
47,14,14,47_14,panelist,none,NA,4.2,1,0,0,1,0,0,4.2
47,14,15,47_15,panelist,none,NA,4.2,1,0,0,1,1,0.1,4.3
47,14,16,47_16,panelist,med,NA,4.2,1,0,0,0,0,0,4.2
47,14,17,47_17,panelist,none,NA,4.2,1,0,0,1,0,0,4.2
47,14,18,47_18,panelist,med,NA,4.2,1,0,0,0,1,0.1,4.3
47,14,19,47_19,panelist,med,NA,4.2,1,0,0,0,1,0.4,4.6
47,14,20,47_20,panelist,none,NA,4.2,1,0,0,1,0,0,4.2
47,14,21,47_21,panelist,low,NA,4.2,1,0,1,0,1,0.2,4.4
47,14,22,47_22,panelist,low,NA,4.2,1,0,1,0,0,0,4.2
47,14,23,47_23,panelist,none,NA,4.2,1,0,0,1,1,-0.1,4.1
47,14,24,47_24,panelist,high,NA,4.2,1,1,0,0,0,0,4.2
47,15,01,47_01,panelist,none,NA,4.2,1,0,0,1,1,-0.2,4
47,15,02,47_02,reviewer,med,4,4.2,0,0,0,0,0,0,4.2
47,15,03,47_03,panelist,low,NA,4.2,1,0,1,0,1,-0.2,4
47,15,04,47_04,panelist,med,NA,4.2,1,0,0,0,0,0,4.2
47,15,05,47_05,panelist,low,NA,4.2,1,0,1,0,0,0,4.2
47,15,06,47_06,panelist,none,NA,4.2,1,0,0,1,0,0,4.2
47,15,07,47_07,reviewer,low,4.3,4.2,0,0,1,0,0,0,4.2
47,15,08,47_08,panelist,none,NA,4.2,1,0,0,1,0,0,4.2
47,15,09,47_09,panelist,med,NA,4.2,1,0,0,0,0,0,4.2
47,15,10,47_10,panelist,none,NA,4.2,1,0,0,1,0,0,4.2
47,15,11,47_11,panelist,none,NA,4.2,1,0,0,1,0,0,4.2
47,15,12,47_12,panelist,high,NA,4.2,1,1,0,0,1,0.2,4.4
47,15,13,47_13,panelist,none,NA,4.2,1,0,0,1,1,0.2,4.4
47,15,14,47_14,reviewer,none,4.2,4.2,0,0,0,1,0,0,4.2
47,15,15,47_15,panelist,low,NA,4.2,1,0,1,0,1,0.4,4.6
47,15,16,47_16,panelist,med,NA,4.2,1,0,0,0,0,0,4.2
47,15,17,47_17,panelist,none,NA,4.2,1,0,0,1,0,0,4.2
47,15,18,47_18,panelist,low,NA,4.2,1,0,1,0,0,0,4.2
47,15,19,47_19,panelist,low,NA,4.2,1,0,1,0,1,0.2,4.4
47,15,20,47_20,panelist,high,NA,4.2,1,1,0,0,0,0,4.2
47,15,21,47_21,panelist,low,NA,4.2,1,0,1,0,0,0,4.2
47,15,22,47_22,panelist,med,NA,4.2,1,0,0,0,1,0.2,4.4
47,15,23,47_23,panelist,none,NA,4.2,1,0,0,1,0,0,4.2
47,15,24,47_24,panelist,none,NA,4.2,1,0,0,1,1,0.2,4.4
47,19,01,47_01,panelist,low,NA,3.8,1,0,1,0,0,0,3.8
47,19,02,47_02,panelist,med,NA,3.8,1,0,0,0,1,-0.2,3.6
47,19,03,47_03,panelist,none,NA,3.8,1,0,0,1,0,0,3.8
47,19,04,47_04,panelist,med,NA,3.8,1,0,0,0,0,0,3.8
47,19,05,47_05,panelist,none,NA,3.8,1,0,0,1,0,0,3.8
47,19,06,47_06,reviewer,low,3.9,3.8,0,0,1,0,0,0,3.8
47,19,07,47_07,panelist,med,NA,3.8,1,0,0,0,0,0,3.8
47,19,08,47_08,panelist,none,NA,3.8,1,0,0,1,1,0.2,4
47,19,09,47_09,panelist,low,NA,3.8,1,0,1,0,1,-0.3,3.5
47,19,10,47_10,panelist,med,NA,3.8,1,0,0,0,0,0,3.8
47,19,11,47_11,panelist,low,NA,3.8,1,0,1,0,0,0,3.8
47,19,12,47_12,panelist,none,NA,3.8,1,0,0,1,0,0,3.8
47,19,13,47_13,panelist,low,NA,3.8,1,0,1,0,1,-0.2,3.6
47,19,14,47_14,panelist,low,NA,3.8,1,0,1,0,0,0,3.8
47,19,15,47_15,reviewer,none,3.7,3.8,0,0,0,1,0,0,3.8
47,19,16,47_16,panelist,low,NA,3.8,1,0,1,0,0,0,3.8
47,19,17,47_17,panelist,none,NA,3.8,1,0,0,1,0,0,3.8
47,19,18,47_18,panelist,high,NA,3.8,1,1,0,0,0,0,3.8
47,19,19,47_19,panelist,none,NA,3.8,1,0,0,1,1,0.3,4.1
47,19,20,47_20,panelist,none,NA,3.8,1,0,0,1,0,0,3.8
47,19,21,47_21,panelist,none,NA,3.8,1,0,0,1,1,-0.3,3.5
47,19,22,47_22,reviewer,none,3.8,3.8,0,0,0,1,0,0,3.8
47,19,23,47_23,panelist,high,NA,3.8,1,1,0,0,1,-0.4,3.4
47,19,24,47_24,panelist,med,NA,3.8,1,0,0,0,0,0,3.8
47,20,01,47_01,panelist,med,NA,3.7,1,0,0,0,0,0,3.7
47,20,02,47_02,panelist,med,NA,3.7,1,0,0,0,1,-0.3,3.4
47,20,03,47_03,panelist,none,NA,3.7,1,0,0,1,1,-0.1,3.6
47,20,04,47_04,panelist,none,NA,3.7,1,0,0,1,1,-0.1,3.6
47,20,05,47_05,panelist,none,NA,3.7,1,0,0,1,1,-0.1,3.6
47,20,06,47_06,panelist,none,NA,3.7,1,0,0,1,0,0,3.7
47,20,07,47_07,panelist,low,NA,3.7,1,0,1,0,0,0,3.7
47,20,08,47_08,panelist,med,NA,3.7,1,0,0,0,0,0,3.7
47,20,09,47_09,panelist,low,NA,3.7,1,0,1,0,1,0.3,4
47,20,10,47_10,panelist,none,NA,3.7,1,0,0,1,1,-0.1,3.6
47,20,11,47_11,panelist,low,NA,3.7,1,0,1,0,1,0.3,4
47,20,12,47_12,reviewer,med,3.7,3.7,0,0,0,0,0,0,3.7
47,20,13,47_13,panelist,med,NA,3.7,1,0,0,0,0,0,3.7
47,20,14,47_14,panelist,none,NA,3.7,1,0,0,1,0,0,3.7
47,20,15,47_15,panelist,high,NA,3.7,1,1,0,0,0,0,3.7
47,20,16,47_16,panelist,none,NA,3.7,1,0,0,1,0,0,3.7
47,20,17,47_17,reviewer,low,3.6,3.7,0,0,1,0,0,0,3.7
47,20,18,47_18,panelist,low,NA,3.7,1,0,1,0,1,-0.2,3.5
47,20,19,47_19,panelist,none,NA,3.7,1,0,0,1,0,0,3.7
47,20,20,47_20,reviewer,low,3.8,3.7,0,0,1,0,1,-0.1,3.6
47,20,21,47_21,panelist,low,NA,3.7,1,0,1,0,1,0.2,3.9
47,20,22,47_22,panelist,high,NA,3.7,1,1,0,0,0,0,3.7
47,20,23,47_23,panelist,none,NA,3.7,1,0,0,1,1,0.2,3.9
47,20,24,47_24,panelist,none,NA,3.7,1,0,0,1,1,0.3,4
47,21,01,47_01,panelist,low,NA,3.9,1,0,1,0,1,-0.2,3.7
47,21,02,47_02,panelist,high,NA,3.9,1,1,0,0,0,0,3.9
47,21,03,47_03,panelist,none,NA,3.9,1,0,0,1,0,0,3.9
47,21,04,47_04,panelist,low,NA,3.9,1,0,1,0,1,-0.3,3.6
47,21,05,47_05,panelist,high,NA,3.9,1,1,0,0,0,0,3.9
47,21,06,47_06,panelist,low,NA,3.9,1,0,1,0,1,0.1,4
47,21,07,47_07,panelist,med,NA,3.9,1,0,0,0,1,0.1,4
47,21,08,47_08,reviewer,med,3.8,3.9,0,0,0,0,0,0,3.9
47,21,09,47_09,panelist,none,NA,3.9,1,0,0,1,1,-0.1,3.8
47,21,10,47_10,panelist,none,NA,3.9,1,0,0,1,0,0,3.9
47,21,11,47_11,panelist,low,NA,3.9,1,0,1,0,1,0.3,4.2
47,21,12,47_12,panelist,low,NA,3.9,1,0,1,0,1,0.2,4.1
47,21,13,47_13,panelist,med,NA,3.9,1,0,0,0,0,0,3.9
47,21,14,47_14,panelist,none,NA,3.9,1,0,0,1,0,0,3.9
47,21,15,47_15,panelist,low,NA,3.9,1,0,1,0,1,-0.4,3.5
47,21,16,47_16,reviewer,low,4,3.9,0,0,1,0,0,0,3.9
47,21,17,47_17,reviewer,none,3.8,3.9,0,0,0,1,0,0,3.9
47,21,18,47_18,panelist,none,NA,3.9,1,0,0,1,0,0,3.9
47,21,19,47_19,panelist,none,NA,3.9,1,0,0,1,0,0,3.9
47,21,20,47_20,panelist,med,NA,3.9,1,0,0,0,0,0,3.9
47,21,21,47_21,panelist,med,NA,3.9,1,0,0,0,0,0,3.9
47,21,22,47_22,panelist,none,NA,3.9,1,0,0,1,1,0.1,4
47,21,23,47_23,panelist,none,NA,3.9,1,0,0,1,1,-0.3,3.6
47,21,24,47_24,panelist,none,NA,3.9,1,0,0,1,0,0,3.9
47,23,01,47_01,panelist,low,NA,4,1,0,1,0,1,-0.2,3.8
47,23,02,47_02,panelist,none,NA,4,1,0,0,1,1,0.1,4.1
47,23,03,47_03,panelist,med,NA,4,1,0,0,0,0,0,4
47,23,04,47_04,panelist,high,NA,4,1,1,0,0,1,-0.3,3.7
47,23,05,47_05,panelist,low,NA,4,1,0,1,0,1,0.1,4.1
47,23,06,47_06,reviewer,low,3.9,4,0,0,1,0,1,-0.2,3.8
47,23,07,47_07,panelist,none,NA,4,1,0,0,1,0,0,4
47,23,08,47_08,panelist,low,NA,4,1,0,1,0,0,0,4
47,23,09,47_09,reviewer,low,4,4,0,0,1,0,0,0,4
47,23,10,47_10,panelist,med,NA,4,1,0,0,0,0,0,4
47,23,11,47_11,panelist,none,NA,4,1,0,0,1,0,0,4
47,23,12,47_12,panelist,low,NA,4,1,0,1,0,0,0,4
47,23,13,47_13,panelist,med,NA,4,1,0,0,0,1,-0.2,3.8
47,23,14,47_14,panelist,high,NA,4,1,1,0,0,1,0.1,4.1
47,23,15,47_15,reviewer,none,4,4,0,0,0,1,1,-0.1,3.9
47,23,16,47_16,panelist,none,NA,4,1,0,0,1,1,0.2,4.2
47,23,17,47_17,panelist,med,NA,4,1,0,0,0,0,0,4
47,23,18,47_18,panelist,med,NA,4,1,0,0,0,0,0,4
47,23,19,47_19,panelist,none,NA,4,1,0,0,1,1,0.1,4.1
47,23,20,47_20,panelist,none,NA,4,1,0,0,1,0,0,4
47,23,21,47_21,panelist,none,NA,4,1,0,0,1,1,-0.2,3.8
47,23,22,47_22,panelist,none,NA,4,1,0,0,1,1,0.1,4.1
47,23,23,47_23,panelist,none,NA,4,1,0,0,1,1,-0.1,3.9
47,23,24,47_24,panelist,low,NA,4,1,0,1,0,1,0.1,4.1
47,24,01,47_01,reviewer,none,4.1,4.3,0,0,0,1,0,0,4.3
47,24,02,47_02,panelist,none,NA,4.3,1,0,0,1,1,-0.3,4
47,24,03,47_03,panelist,med,NA,4.3,1,0,0,0,1,-0.3,4
47,24,04,47_04,panelist,low,NA,4.3,1,0,1,0,1,-0.2,4.1
47,24,05,47_05,panelist,low,NA,4.3,1,0,1,0,0,0,4.3
47,24,06,47_06,panelist,med,NA,4.3,1,0,0,0,0,0,4.3
47,24,07,47_07,panelist,low,NA,4.3,1,0,1,0,0,0,4.3
47,24,08,47_08,panelist,none,NA,4.3,1,0,0,1,0,0,4.3
47,24,09,47_09,reviewer,low,4.6,4.3,0,0,1,0,0,0,4.3
47,24,10,47_10,panelist,med,NA,4.3,1,0,0,0,0,0,4.3
47,24,11,47_11,panelist,med,NA,4.3,1,0,0,0,1,0.1,4.4
47,24,12,47_12,panelist,none,NA,4.3,1,0,0,1,1,-0.1,4.2
47,24,13,47_13,panelist,low,NA,4.3,1,0,1,0,0,0,4.3
47,24,14,47_14,panelist,high,NA,4.3,1,1,0,0,0,0,4.3
47,24,15,47_15,panelist,low,NA,4.3,1,0,1,0,0,0,4.3
47,24,16,47_16,panelist,none,NA,4.3,1,0,0,1,1,0.2,4.5
47,24,17,47_17,panelist,high,NA,4.3,1,1,0,0,1,0.3,4.6
47,24,18,47_18,panelist,none,NA,4.3,1,0,0,1,1,0.1,4.4
47,24,19,47_19,panelist,none,NA,4.3,1,0,0,1,1,0.2,4.5
47,24,20,47_20,reviewer,low,4.2,4.3,0,0,1,0,0,0,4.3
47,24,21,47_21,panelist,none,NA,4.3,1,0,0,1,0,0,4.3
47,24,22,47_22,panelist,none,NA,4.3,1,0,0,1,0,0,4.3
47,24,23,47_23,panelist,med,NA,4.3,1,0,0,0,1,-0.2,4.1
47,24,24,47_24,panelist,none,NA,4.3,1,0,0,1,1,0.3,4.6
47,25,01,47_01,panelist,med,NA,3.9,1,0,0,0,1,-0.1,3.8
47,25,02,47_02,panelist,med,NA,3.9,1,0,0,0,1,-0.1,3.8
47,25,03,47_03,panelist,low,NA,3.9,1,0,1,0,0,0,3.9
47,25,04,47_04,panelist,none,NA,3.9,1,0,0,1,1,-0.2,3.7
47,25,05,47_05,panelist,med,NA,3.9,1,0,0,0,0,0,3.9
47,25,06,47_06,panelist,high,NA,3.9,1,1,0,0,1,-0.3,3.6
47,25,07,47_07,reviewer,none,3.6,3.9,0,0,0,1,0,0,3.9
47,25,08,47_08,panelist,high,NA,3.9,1,1,0,0,0,0,3.9
47,25,09,47_09,panelist,none,NA,3.9,1,0,0,1,0,0,3.9
47,25,10,47_10,panelist,med,NA,3.9,1,0,0,0,1,-0.2,3.7
47,25,11,47_11,panelist,none,NA,3.9,1,0,0,1,0,0,3.9
47,25,12,47_12,reviewer,low,4.1,3.9,0,0,1,0,1,0.2,4.1
47,25,13,47_13,panelist,low,NA,3.9,1,0,1,0,1,-0.2,3.7
47,25,14,47_14,panelist,low,NA,3.9,1,0,1,0,1,-0.1,3.8
47,25,15,47_15,panelist,med,NA,3.9,1,0,0,0,0,0,3.9
47,25,16,47_16,panelist,none,NA,3.9,1,0,0,1,1,-0.1,3.8
47,25,17,47_17,panelist,low,NA,3.9,1,0,1,0,0,0,3.9
47,25,18,47_18,panelist,none,NA,3.9,1,0,0,1,1,-0.1,3.8
47,25,19,47_19,panelist,low,NA,3.9,1,0,1,0,1,0.1,4
47,25,20,47_20,reviewer,none,4.1,3.9,0,0,0,1,1,0.1,4
47,25,21,47_21,panelist,none,NA,3.9,1,0,0,1,1,0.1,4
47,25,22,47_22,panelist,none,NA,3.9,1,0,0,1,1,0.1,4
47,25,23,47_23,panelist,none,NA,3.9,1,0,0,1,0,0,3.9
47,25,24,47_24,panelist,low,NA,3.9,1,0,1,0,1,0.3,4.2
47,28,01,47_01,panelist,med,NA,4.2,1,0,0,0,0,0,4.2
47,28,02,47_02,panelist,low,NA,4.2,1,0,1,0,0,0,4.2
47,28,03,47_03,panelist,low,NA,4.2,1,0,1,0,0,0,4.2
47,28,04,47_04,panelist,med,NA,4.2,1,0,0,0,0,0,4.2
47,28,05,47_05,reviewer,high,4.3,4.2,0,1,0,0,0,0,4.2
47,28,06,47_06,panelist,none,NA,4.2,1,0,0,1,1,-0.2,4
47,28,07,47_07,panelist,none,NA,4.2,1,0,0,1,1,0.1,4.3
47,28,08,47_08,panelist,low,NA,4.2,1,0,1,0,0,0,4.2
47,28,09,47_09,reviewer,none,4,4.2,0,0,0,1,1,-0.1,4.1
47,28,10,47_10,panelist,none,NA,4.2,1,0,0,1,1,0.1,4.3
47,28,11,47_11,panelist,med,NA,4.2,1,0,0,0,0,0,4.2
47,28,12,47_12,panelist,low,NA,4.2,1,0,1,0,0,0,4.2
47,28,13,47_13,panelist,none,NA,4.2,1,0,0,1,1,0.1,4.3
47,28,14,47_14,panelist,none,NA,4.2,1,0,0,1,0,0,4.2
47,28,15,47_15,panelist,low,NA,4.2,1,0,1,0,0,0,4.2
47,28,16,47_16,panelist,none,NA,4.2,1,0,0,1,1,0.1,4.3
47,28,17,47_17,panelist,none,NA,4.2,1,0,0,1,0,0,4.2
47,28,18,47_18,panelist,med,NA,4.2,1,0,0,0,1,-0.1,4.1
47,28,19,47_19,panelist,none,NA,4.2,1,0,0,1,1,-0.1,4.1
47,28,20,47_20,panelist,low,NA,4.2,1,0,1,0,0,0,4.2
47,28,21,47_21,panelist,high,NA,4.2,1,1,0,0,1,-0.2,4
47,28,22,47_22,panelist,med,NA,4.2,1,0,0,0,0,0,4.2
47,28,23,47_23,panelist,none,NA,4.2,1,0,0,1,0,0,4.2
47,28,24,47_24,reviewer,low,4.2,4.2,0,0,1,0,0,0,4.2
47,29,01,47_01,panelist,med,NA,4.7,1,0,0,0,1,-0.1,4.6
47,29,02,47_02,reviewer,med,4.6,4.7,0,0,0,0,0,0,4.7
47,29,03,47_03,panelist,med,NA,4.7,1,0,0,0,0,0,4.7
47,29,04,47_04,panelist,low,NA,4.7,1,0,1,0,0,0,4.7
47,29,05,47_05,panelist,high,NA,4.7,1,1,0,0,1,0.1,4.8
47,29,06,47_06,panelist,none,NA,4.7,1,0,0,1,1,-0.3,4.4
47,29,07,47_07,reviewer,none,4.5,4.7,0,0,0,1,1,0.2,4.9
47,29,08,47_08,panelist,none,NA,4.7,1,0,0,1,0,0,4.7
47,29,09,47_09,panelist,low,NA,4.7,1,0,1,0,1,0.2,4.9
47,29,10,47_10,panelist,high,NA,4.7,1,1,0,0,0,0,4.7
47,29,11,47_11,panelist,low,NA,4.7,1,0,1,0,0,0,4.7
47,29,12,47_12,panelist,med,NA,4.7,1,0,0,0,0,0,4.7
47,29,13,47_13,panelist,low,NA,4.7,1,0,1,0,0,0,4.7
47,29,14,47_14,reviewer,none,4.9,4.7,0,0,0,1,0,0,4.7
47,29,15,47_15,panelist,low,NA,4.7,1,0,1,0,0,0,4.7
47,29,16,47_16,panelist,none,NA,4.7,1,0,0,1,0,0,4.7
47,29,17,47_17,panelist,none,NA,4.7,1,0,0,1,1,0.1,4.8
47,29,18,47_18,panelist,med,NA,4.7,1,0,0,0,0,0,4.7
47,29,19,47_19,panelist,none,NA,4.7,1,0,0,1,0,0,4.7
47,29,20,47_20,panelist,none,NA,4.7,1,0,0,1,0,0,4.7
47,29,21,47_21,panelist,none,NA,4.7,1,0,0,1,1,-0.1,4.6
47,29,22,47_22,panelist,none,NA,4.7,1,0,0,1,1,0.2,4.9
47,29,23,47_23,panelist,low,NA,4.7,1,0,1,0,0,0,4.7
47,29,24,47_24,panelist,low,NA,4.7,1,0,1,0,1,0.1,4.8
48,1,01,48_01,panelist,none,NA,4.1,1,0,0,1,0,0,4.1
48,1,02,48_02,panelist,none,NA,4.1,1,0,0,1,1,-0.1,4
48,1,03,48_03,panelist,none,NA,4.1,1,0,0,1,1,-0.1,4
48,1,04,48_04,panelist,none,NA,4.1,1,0,0,1,0,0,4.1
48,1,05,48_05,panelist,none,NA,4.1,1,0,0,1,0,0,4.1
48,1,06,48_06,reviewer,low,4,4.1,0,0,1,0,1,0.1,4.2
48,1,07,48_07,reviewer,low,4.4,4.1,0,0,1,0,1,0.2,4.3
48,1,08,48_08,panelist,none,NA,4.1,1,0,0,1,0,0,4.1
48,1,09,48_09,panelist,high,NA,4.1,1,1,0,0,1,-0.3,3.8
48,1,10,48_10,panelist,med,NA,4.1,1,0,0,0,0,0,4.1
48,1,11,48_11,panelist,low,NA,4.1,1,0,1,0,1,0.1,4.2
48,1,12,48_12,reviewer,low,4,4.1,0,0,1,0,0,0,4.1
48,1,13,48_13,panelist,none,NA,4.1,1,0,0,1,1,0.2,4.3
48,1,14,48_14,panelist,none,NA,4.1,1,0,0,1,0,0,4.1
48,1,15,48_15,panelist,none,NA,4.1,1,0,0,1,1,0.1,4.2
48,1,16,48_16,panelist,high,NA,4.1,1,1,0,0,1,-0.1,4
48,1,17,48_17,panelist,med,NA,4.1,1,0,0,0,1,0.1,4.2
48,1,18,48_18,panelist,none,NA,4.1,1,0,0,1,0,0,4.1
48,1,19,48_19,panelist,med,NA,4.1,1,0,0,0,0,0,4.1
48,1,20,48_20,panelist,low,NA,4.1,1,0,1,0,1,-0.1,4
48,1,21,48_21,panelist,low,NA,4.1,1,0,1,0,1,-0.1,4
48,1,22,48_22,panelist,med,NA,4.1,1,0,0,0,1,-0.1,4
48,1,23,48_23,panelist,low,NA,4.1,1,0,1,0,1,0.3,4.4
48,1,24,48_24,panelist,med,NA,4.1,1,0,0,0,0,0,4.1
48,4,01,48_01,panelist,med,NA,4.1,1,0,0,0,0,0,4.1
48,4,02,48_02,reviewer,med,4.3,4.1,0,0,0,0,1,-0.1,4
48,4,03,48_03,panelist,high,NA,4.1,1,1,0,0,0,0,4.1
48,4,04,48_04,panelist,low,NA,4.1,1,0,1,0,1,0.3,4.4
48,4,05,48_05,panelist,none,NA,4.1,1,0,0,1,1,-0.3,3.8
48,4,06,48_06,panelist,med,NA,4.1,1,0,0,0,1,-0.2,3.9
48,4,07,48_07,panelist,low,NA,4.1,1,0,1,0,1,0.2,4.3
48,4,08,48_08,reviewer,low,4.1,4.1,0,0,1,0,0,0,4.1
48,4,09,48_09,panelist,none,NA,4.1,1,0,0,1,1,-0.2,3.9
48,4,10,48_10,panelist,low,NA,4.1,1,0,1,0,0,0,4.1
48,4,11,48_11,panelist,none,NA,4.1,1,0,0,1,1,0.1,4.2
48,4,12,48_12,panelist,none,NA,4.1,1,0,0,1,1,0.2,4.3
48,4,13,48_13,reviewer,med,3.8,4.1,0,0,0,0,1,0.1,4.2
48,4,14,48_14,panelist,none,NA,4.1,1,0,0,1,1,-0.2,3.9
48,4,15,48_15,panelist,none,NA,4.1,1,0,0,1,0,0,4.1
48,4,16,48_16,panelist,med,NA,4.1,1,0,0,0,1,0.1,4.2
48,4,17,48_17,panelist,low,NA,4.1,1,0,1,0,1,0.2,4.3
48,4,18,48_18,panelist,low,NA,4.1,1,0,1,0,1,-0.1,4
48,4,19,48_19,panelist,high,NA,4.1,1,1,0,0,0,0,4.1
48,4,20,48_20,panelist,none,NA,4.1,1,0,0,1,0,0,4.1
48,4,21,48_21,panelist,none,NA,4.1,1,0,0,1,1,-0.2,3.9
48,4,22,48_22,panelist,low,NA,4.1,1,0,1,0,1,-0.2,3.9
48,4,23,48_23,panelist,none,NA,4.1,1,0,0,1,0,0,4.1
48,4,24,48_24,panelist,none,NA,4.1,1,0,0,1,0,0,4.1
48,5,01,48_01,panelist,low,NA,4,1,0,1,0,0,0,4
48,5,02,48_02,panelist,none,NA,4,1,0,0,1,1,0.1,4.1
48,5,03,48_03,panelist,med,NA,4,1,0,0,0,0,0,4
48,5,04,48_04,reviewer,high,3.8,4,0,1,0,0,1,0.1,4.1
48,5,05,48_05,panelist,low,NA,4,1,0,1,0,0,0,4
48,5,06,48_06,panelist,low,NA,4,1,0,1,0,1,0.2,4.2
48,5,07,48_07,reviewer,none,4,4,0,0,0,1,0,0,4
48,5,08,48_08,panelist,none,NA,4,1,0,0,1,0,0,4
48,5,09,48_09,reviewer,low,4.1,4,0,0,1,0,0,0,4
48,5,10,48_10,panelist,none,NA,4,1,0,0,1,0,0,4
48,5,11,48_11,panelist,none,NA,4,1,0,0,1,1,0.2,4.2
48,5,12,48_12,panelist,low,NA,4,1,0,1,0,1,0.3,4.3
48,5,13,48_13,panelist,none,NA,4,1,0,0,1,1,-0.1,3.9
48,5,14,48_14,panelist,none,NA,4,1,0,0,1,1,0.1,4.1
48,5,15,48_15,panelist,med,NA,4,1,0,0,0,0,0,4
48,5,16,48_16,panelist,med,NA,4,1,0,0,0,0,0,4
48,5,17,48_17,panelist,med,NA,4,1,0,0,0,0,0,4
48,5,18,48_18,panelist,high,NA,4,1,1,0,0,1,-0.2,3.8
48,5,19,48_19,panelist,low,NA,4,1,0,1,0,0,0,4
48,5,20,48_20,panelist,none,NA,4,1,0,0,1,0,0,4
48,5,21,48_21,panelist,none,NA,4,1,0,0,1,0,0,4
48,5,22,48_22,panelist,med,NA,4,1,0,0,0,0,0,4
48,5,23,48_23,panelist,low,NA,4,1,0,1,0,1,-0.1,3.9
48,5,24,48_24,panelist,none,NA,4,1,0,0,1,0,0,4
48,7,01,48_01,panelist,none,NA,3.5,1,0,0,1,0,0,3.5
48,7,02,48_02,panelist,none,NA,3.5,1,0,0,1,0,0,3.5
48,7,03,48_03,panelist,none,NA,3.5,1,0,0,1,0,0,3.5
48,7,04,48_04,panelist,med,NA,3.5,1,0,0,0,1,-0.1,3.4
48,7,05,48_05,panelist,none,NA,3.5,1,0,0,1,0,0,3.5
48,7,06,48_06,panelist,low,NA,3.5,1,0,1,0,1,0.3,3.8
48,7,07,48_07,panelist,none,NA,3.5,1,0,0,1,1,0.1,3.6
48,7,08,48_08,reviewer,none,3.8,3.5,0,0,0,1,1,0.2,3.7
48,7,09,48_09,panelist,high,NA,3.5,1,1,0,0,0,0,3.5
48,7,10,48_10,panelist,high,NA,3.5,1,1,0,0,0,0,3.5
48,7,11,48_11,panelist,low,NA,3.5,1,0,1,0,1,0.1,3.6
48,7,12,48_12,panelist,low,NA,3.5,1,0,1,0,1,0.2,3.7
48,7,13,48_13,panelist,med,NA,3.5,1,0,0,0,0,0,3.5
48,7,14,48_14,panelist,low,NA,3.5,1,0,1,0,0,0,3.5
48,7,15,48_15,panelist,low,NA,3.5,1,0,1,0,0,0,3.5
48,7,16,48_16,panelist,none,NA,3.5,1,0,0,1,0,0,3.5
48,7,17,48_17,panelist,none,NA,3.5,1,0,0,1,1,0.2,3.7
48,7,18,48_18,panelist,none,NA,3.5,1,0,0,1,1,0.2,3.7
48,7,19,48_19,reviewer,med,3.2,3.5,0,0,0,0,0,0,3.5
48,7,20,48_20,panelist,none,NA,3.5,1,0,0,1,0,0,3.5
48,7,21,48_21,panelist,med,NA,3.5,1,0,0,0,0,0,3.5
48,7,22,48_22,panelist,med,NA,3.5,1,0,0,0,1,-0.1,3.4
48,7,23,48_23,panelist,low,NA,3.5,1,0,1,0,0,0,3.5
48,7,24,48_24,reviewer,low,3.6,3.5,0,0,1,0,0,0,3.5
48,8,01,48_01,reviewer,none,4,4.1,0,0,0,1,0,0,4.1
48,8,02,48_02,panelist,low,NA,4.1,1,0,1,0,1,-0.2,3.9
48,8,03,48_03,panelist,none,NA,4.1,1,0,0,1,0,0,4.1
48,8,04,48_04,panelist,none,NA,4.1,1,0,0,1,1,-0.2,3.9
48,8,05,48_05,panelist,none,NA,4.1,1,0,0,1,0,0,4.1
48,8,06,48_06,panelist,med,NA,4.1,1,0,0,0,0,0,4.1
48,8,07,48_07,panelist,med,NA,4.1,1,0,0,0,0,0,4.1
48,8,08,48_08,panelist,med,NA,4.1,1,0,0,0,0,0,4.1
48,8,09,48_09,panelist,low,NA,4.1,1,0,1,0,0,0,4.1
48,8,10,48_10,panelist,none,NA,4.1,1,0,0,1,1,0.2,4.3
48,8,11,48_11,reviewer,none,4.2,4.1,0,0,0,1,0,0,4.1
48,8,12,48_12,panelist,low,NA,4.1,1,0,1,0,0,0,4.1
48,8,13,48_13,panelist,med,NA,4.1,1,0,0,0,0,0,4.1
48,8,14,48_14,panelist,low,NA,4.1,1,0,1,0,1,0.4,4.5
48,8,15,48_15,panelist,low,NA,4.1,1,0,1,0,1,0.3,4.4
48,8,16,48_16,panelist,none,NA,4.1,1,0,0,1,0,0,4.1
48,8,17,48_17,reviewer,high,4,4.1,0,1,0,0,0,0,4.1
48,8,18,48_18,panelist,none,NA,4.1,1,0,0,1,1,0.1,4.2
48,8,19,48_19,panelist,low,NA,4.1,1,0,1,0,0,0,4.1
48,8,20,48_20,panelist,low,NA,4.1,1,0,1,0,0,0,4.1
48,8,21,48_21,panelist,med,NA,4.1,1,0,0,0,0,0,4.1
48,8,22,48_22,panelist,none,NA,4.1,1,0,0,1,0,0,4.1
48,8,23,48_23,panelist,none,NA,4.1,1,0,0,1,1,-0.1,4
48,8,24,48_24,panelist,high,NA,4.1,1,1,0,0,1,0.4,4.5
48,10,01,48_01,panelist,med,NA,3.7,1,0,0,0,0,0,3.7
48,10,02,48_02,panelist,low,NA,3.7,1,0,1,0,0,0,3.7
48,10,03,48_03,panelist,high,NA,3.7,1,1,0,0,0,0,3.7
48,10,04,48_04,panelist,none,NA,3.7,1,0,0,1,1,0.5,4.2
48,10,05,48_05,panelist,low,NA,3.7,1,0,1,0,1,-0.1,3.6
48,10,06,48_06,panelist,low,NA,3.7,1,0,1,0,0,0,3.7
48,10,07,48_07,reviewer,med,3.6,3.7,0,0,0,0,0,0,3.7
48,10,08,48_08,panelist,low,NA,3.7,1,0,1,0,1,-0.1,3.6
48,10,09,48_09,panelist,low,NA,3.7,1,0,1,0,0,0,3.7
48,10,10,48_10,panelist,low,NA,3.7,1,0,1,0,0,0,3.7
48,10,11,48_11,panelist,med,NA,3.7,1,0,0,0,0,0,3.7
48,10,12,48_12,panelist,none,NA,3.7,1,0,0,1,1,0.1,3.8
48,10,13,48_13,panelist,none,NA,3.7,1,0,0,1,0,0,3.7
48,10,14,48_14,panelist,none,NA,3.7,1,0,0,1,1,0.3,4
48,10,15,48_15,panelist,none,NA,3.7,1,0,0,1,0,0,3.7
48,10,16,48_16,panelist,high,NA,3.7,1,1,0,0,1,0.2,3.9
48,10,17,48_17,panelist,med,NA,3.7,1,0,0,0,1,0.1,3.8
48,10,18,48_18,panelist,none,NA,3.7,1,0,0,1,1,0.1,3.8
48,10,19,48_19,panelist,none,NA,3.7,1,0,0,1,1,-0.1,3.6
48,10,20,48_20,reviewer,none,3.5,3.7,0,0,0,1,0,0,3.7
48,10,21,48_21,reviewer,none,4,3.7,0,0,0,1,0,0,3.7
48,10,22,48_22,panelist,low,NA,3.7,1,0,1,0,1,-0.1,3.6
48,10,23,48_23,panelist,med,NA,3.7,1,0,0,0,0,0,3.7
48,10,24,48_24,panelist,none,NA,3.7,1,0,0,1,0,0,3.7
48,12,01,48_01,panelist,med,NA,3.9,1,0,0,0,0,0,3.9
48,12,02,48_02,panelist,low,NA,3.9,1,0,1,0,0,0,3.9
48,12,03,48_03,panelist,low,NA,3.9,1,0,1,0,0,0,3.9
48,12,04,48_04,panelist,low,NA,3.9,1,0,1,0,0,0,3.9
48,12,05,48_05,panelist,none,NA,3.9,1,0,0,1,0,0,3.9
48,12,06,48_06,panelist,med,NA,3.9,1,0,0,0,0,0,3.9
48,12,07,48_07,panelist,low,NA,3.9,1,0,1,0,1,-0.2,3.7
48,12,08,48_08,panelist,med,NA,3.9,1,0,0,0,0,0,3.9
48,12,09,48_09,panelist,none,NA,3.9,1,0,0,1,1,-0.1,3.8
48,12,10,48_10,panelist,none,NA,3.9,1,0,0,1,0,0,3.9
48,12,11,48_11,panelist,low,NA,3.9,1,0,1,0,1,-0.2,3.7
48,12,12,48_12,panelist,low,NA,3.9,1,0,1,0,1,0.4,4.3
48,12,13,48_13,panelist,none,NA,3.9,1,0,0,1,0,0,3.9
48,12,14,48_14,reviewer,none,3.7,3.9,0,0,0,1,1,0.2,4.1
48,12,15,48_15,reviewer,none,4,3.9,0,0,0,1,1,0.1,4
48,12,16,48_16,panelist,low,NA,3.9,1,0,1,0,0,0,3.9
48,12,17,48_17,panelist,none,NA,3.9,1,0,0,1,0,0,3.9
48,12,18,48_18,panelist,high,NA,3.9,1,1,0,0,0,0,3.9
48,12,19,48_19,panelist,med,NA,3.9,1,0,0,0,1,-0.1,3.8
48,12,20,48_20,panelist,med,NA,3.9,1,0,0,0,0,0,3.9
48,12,21,48_21,panelist,none,NA,3.9,1,0,0,1,0,0,3.9
48,12,22,48_22,panelist,high,NA,3.9,1,1,0,0,0,0,3.9
48,12,23,48_23,reviewer,none,4,3.9,0,0,0,1,0,0,3.9
48,12,24,48_24,panelist,none,NA,3.9,1,0,0,1,0,0,3.9
48,14,01,48_01,panelist,none,NA,3.9,1,0,0,1,0,0,3.9
48,14,02,48_02,panelist,none,NA,3.9,1,0,0,1,1,0.2,4.1
48,14,03,48_03,panelist,none,NA,3.9,1,0,0,1,0,0,3.9
48,14,04,48_04,panelist,none,NA,3.9,1,0,0,1,1,0.1,4
48,14,05,48_05,panelist,none,NA,3.9,1,0,0,1,0,0,3.9
48,14,06,48_06,panelist,none,NA,3.9,1,0,0,1,0,0,3.9
48,14,07,48_07,panelist,med,NA,3.9,1,0,0,0,0,0,3.9
48,14,08,48_08,panelist,low,NA,3.9,1,0,1,0,0,0,3.9
48,14,09,48_09,panelist,med,NA,3.9,1,0,0,0,1,0.1,4
48,14,10,48_10,panelist,low,NA,3.9,1,0,1,0,0,0,3.9
48,14,11,48_11,panelist,high,NA,3.9,1,1,0,0,0,0,3.9
48,14,12,48_12,panelist,med,NA,3.9,1,0,0,0,1,0.2,4.1
48,14,13,48_13,reviewer,low,3.8,3.9,0,0,1,0,0,0,3.9
48,14,14,48_14,panelist,none,NA,3.9,1,0,0,1,0,0,3.9
48,14,15,48_15,panelist,low,NA,3.9,1,0,1,0,1,0.3,4.2
48,14,16,48_16,panelist,none,NA,3.9,1,0,0,1,0,0,3.9
48,14,17,48_17,panelist,low,NA,3.9,1,0,1,0,0,0,3.9
48,14,18,48_18,panelist,none,NA,3.9,1,0,0,1,1,-0.2,3.7
48,14,19,48_19,reviewer,none,3.9,3.9,0,0,0,1,1,-0.1,3.8
48,14,20,48_20,panelist,low,NA,3.9,1,0,1,0,1,-0.1,3.8
48,14,21,48_21,reviewer,med,4,3.9,0,0,0,0,1,-0.2,3.7
48,14,22,48_22,panelist,low,NA,3.9,1,0,1,0,1,-0.1,3.8
48,14,23,48_23,panelist,high,NA,3.9,1,1,0,0,0,0,3.9
48,14,24,48_24,panelist,med,NA,3.9,1,0,0,0,1,-0.1,3.8
48,17,01,48_01,panelist,low,NA,3.8,1,0,1,0,0,0,3.8
48,17,02,48_02,panelist,high,NA,3.8,1,1,0,0,1,0.1,3.9
48,17,03,48_03,panelist,high,NA,3.8,1,1,0,0,1,0.1,3.9
48,17,04,48_04,panelist,low,NA,3.8,1,0,1,0,0,0,3.8
48,17,05,48_05,panelist,none,NA,3.8,1,0,0,1,0,0,3.8
48,17,06,48_06,panelist,low,NA,3.8,1,0,1,0,0,0,3.8
48,17,07,48_07,panelist,med,NA,3.8,1,0,0,0,0,0,3.8
48,17,08,48_08,reviewer,low,3.9,3.8,0,0,1,0,0,0,3.8
48,17,09,48_09,panelist,med,NA,3.8,1,0,0,0,0,0,3.8
48,17,10,48_10,panelist,low,NA,3.8,1,0,1,0,1,-0.1,3.7
48,17,11,48_11,panelist,med,NA,3.8,1,0,0,0,1,0.3,4.1
48,17,12,48_12,reviewer,none,3.8,3.8,0,0,0,1,1,0.2,4
48,17,13,48_13,panelist,none,NA,3.8,1,0,0,1,0,0,3.8
48,17,14,48_14,panelist,med,NA,3.8,1,0,0,0,0,0,3.8
48,17,15,48_15,panelist,low,NA,3.8,1,0,1,0,1,0.2,4
48,17,16,48_16,panelist,none,NA,3.8,1,0,0,1,0,0,3.8
48,17,17,48_17,reviewer,none,3.8,3.8,0,0,0,1,0,0,3.8
48,17,18,48_18,panelist,none,NA,3.8,1,0,0,1,0,0,3.8
48,17,19,48_19,panelist,none,NA,3.8,1,0,0,1,1,-0.2,3.6
48,17,20,48_20,panelist,none,NA,3.8,1,0,0,1,1,-0.1,3.7
48,17,21,48_21,panelist,low,NA,3.8,1,0,1,0,1,-0.2,3.6
48,17,22,48_22,panelist,med,NA,3.8,1,0,0,0,0,0,3.8
48,17,23,48_23,panelist,none,NA,3.8,1,0,0,1,1,0.1,3.9
48,17,24,48_24,panelist,none,NA,3.8,1,0,0,1,0,0,3.8
48,18,01,48_01,panelist,med,NA,3.7,1,0,0,0,0,0,3.7
48,18,02,48_02,panelist,low,NA,3.7,1,0,1,0,0,0,3.7
48,18,03,48_03,panelist,none,NA,3.7,1,0,0,1,0,0,3.7
48,18,04,48_04,reviewer,low,3.6,3.7,0,0,1,0,0,0,3.7
48,18,05,48_05,panelist,none,NA,3.7,1,0,0,1,0,0,3.7
48,18,06,48_06,panelist,high,NA,3.7,1,1,0,0,1,-0.2,3.5
48,18,07,48_07,panelist,low,NA,3.7,1,0,1,0,0,0,3.7
48,18,08,48_08,panelist,none,NA,3.7,1,0,0,1,1,-0.2,3.5
48,18,09,48_09,panelist,low,NA,3.7,1,0,1,0,1,0.1,3.8
48,18,10,48_10,panelist,none,NA,3.7,1,0,0,1,0,0,3.7
48,18,11,48_11,panelist,none,NA,3.7,1,0,0,1,1,-0.1,3.6
48,18,12,48_12,panelist,high,NA,3.7,1,1,0,0,0,0,3.7
48,18,13,48_13,reviewer,low,3.9,3.7,0,0,1,0,0,0,3.7
48,18,14,48_14,panelist,none,NA,3.7,1,0,0,1,1,0.3,4
48,18,15,48_15,panelist,med,NA,3.7,1,0,0,0,0,0,3.7
48,18,16,48_16,panelist,med,NA,3.7,1,0,0,0,0,0,3.7
48,18,17,48_17,panelist,med,NA,3.7,1,0,0,0,1,-0.2,3.5
48,18,18,48_18,reviewer,none,3.7,3.7,0,0,0,1,0,0,3.7
48,18,19,48_19,panelist,none,NA,3.7,1,0,0,1,0,0,3.7
48,18,20,48_20,panelist,med,NA,3.7,1,0,0,0,0,0,3.7
48,18,21,48_21,panelist,low,NA,3.7,1,0,1,0,0,0,3.7
48,18,22,48_22,panelist,none,NA,3.7,1,0,0,1,1,0.2,3.9
48,18,23,48_23,panelist,none,NA,3.7,1,0,0,1,1,0.1,3.8
48,18,24,48_24,panelist,low,NA,3.7,1,0,1,0,1,-0.1,3.6
48,19,01,48_01,panelist,med,NA,4.4,1,0,0,0,0,0,4.4
48,19,02,48_02,panelist,none,NA,4.4,1,0,0,1,0,0,4.4
48,19,03,48_03,panelist,low,NA,4.4,1,0,1,0,0,0,4.4
48,19,04,48_04,panelist,none,NA,4.4,1,0,0,1,1,-0.1,4.3
48,19,05,48_05,reviewer,none,4.4,4.4,0,0,0,1,0,0,4.4
48,19,06,48_06,panelist,low,NA,4.4,1,0,1,0,1,-0.3,4.1
48,19,07,48_07,panelist,none,NA,4.4,1,0,0,1,0,0,4.4
48,19,08,48_08,panelist,med,NA,4.4,1,0,0,0,0,0,4.4
48,19,09,48_09,panelist,low,NA,4.4,1,0,1,0,1,0.3,4.7
48,19,10,48_10,panelist,none,NA,4.4,1,0,0,1,1,0.3,4.7
48,19,11,48_11,panelist,low,NA,4.4,1,0,1,0,1,-0.2,4.2
48,19,12,48_12,panelist,med,NA,4.4,1,0,0,0,0,0,4.4
48,19,13,48_13,panelist,none,NA,4.4,1,0,0,1,1,-0.2,4.2
48,19,14,48_14,panelist,low,NA,4.4,1,0,1,0,0,0,4.4
48,19,15,48_15,panelist,high,NA,4.4,1,1,0,0,1,0.2,4.6
48,19,16,48_16,panelist,low,NA,4.4,1,0,1,0,0,0,4.4
48,19,17,48_17,reviewer,low,4.3,4.4,0,0,1,0,0,0,4.4
48,19,18,48_18,reviewer,none,4.4,4.4,0,0,0,1,1,-0.1,4.3
48,19,19,48_19,panelist,none,NA,4.4,1,0,0,1,1,-0.2,4.2
48,19,20,48_20,panelist,med,NA,4.4,1,0,0,0,0,0,4.4
48,19,21,48_21,panelist,high,NA,4.4,1,1,0,0,0,0,4.4
48,19,22,48_22,panelist,med,NA,4.4,1,0,0,0,0,0,4.4
48,19,23,48_23,panelist,none,NA,4.4,1,0,0,1,1,0.2,4.6
48,19,24,48_24,panelist,none,NA,4.4,1,0,0,1,0,0,4.4
48,22,01,48_01,panelist,none,NA,3.7,1,0,0,1,0,0,3.7
48,22,02,48_02,panelist,none,NA,3.7,1,0,0,1,1,0.1,3.8
48,22,03,48_03,panelist,none,NA,3.7,1,0,0,1,0,0,3.7
48,22,04,48_04,panelist,none,NA,3.7,1,0,0,1,1,0.2,3.9
48,22,05,48_05,panelist,med,NA,3.7,1,0,0,0,1,-0.3,3.4
48,22,06,48_06,reviewer,low,3.8,3.7,0,0,1,0,1,0.3,4
48,22,07,48_07,reviewer,high,3.8,3.7,0,1,0,0,0,0,3.7
48,22,08,48_08,panelist,low,NA,3.7,1,0,1,0,0,0,3.7
48,22,09,48_09,panelist,low,NA,3.7,1,0,1,0,0,0,3.7
48,22,10,48_10,panelist,low,NA,3.7,1,0,1,0,0,0,3.7
48,22,11,48_11,panelist,med,NA,3.7,1,0,0,0,0,0,3.7
48,22,12,48_12,panelist,low,NA,3.7,1,0,1,0,0,0,3.7
48,22,13,48_13,panelist,none,NA,3.7,1,0,0,1,0,0,3.7
48,22,14,48_14,panelist,none,NA,3.7,1,0,0,1,0,0,3.7
48,22,15,48_15,panelist,med,NA,3.7,1,0,0,0,0,0,3.7
48,22,16,48_16,panelist,low,NA,3.7,1,0,1,0,0,0,3.7
48,22,17,48_17,panelist,none,NA,3.7,1,0,0,1,0,0,3.7
48,22,18,48_18,panelist,low,NA,3.7,1,0,1,0,1,-0.2,3.5
48,22,19,48_19,panelist,none,NA,3.7,1,0,0,1,1,-0.2,3.5
48,22,20,48_20,panelist,none,NA,3.7,1,0,0,1,1,-0.1,3.6
48,22,21,48_21,panelist,med,NA,3.7,1,0,0,0,0,0,3.7
48,22,22,48_22,panelist,high,NA,3.7,1,1,0,0,0,0,3.7
48,22,23,48_23,reviewer,none,3.6,3.7,0,0,0,1,0,0,3.7
48,22,24,48_24,panelist,med,NA,3.7,1,0,0,0,1,-0.1,3.6
48,26,01,48_01,panelist,med,NA,3.6,1,0,0,0,0,0,3.6
48,26,02,48_02,panelist,high,NA,3.6,1,1,0,0,0,0,3.6
48,26,03,48_03,panelist,none,NA,3.6,1,0,0,1,1,0.1,3.7
48,26,04,48_04,panelist,med,NA,3.6,1,0,0,0,1,-0.3,3.3
48,26,05,48_05,panelist,none,NA,3.6,1,0,0,1,0,0,3.6
48,26,06,48_06,panelist,none,NA,3.6,1,0,0,1,1,0.1,3.7
48,26,07,48_07,panelist,low,NA,3.6,1,0,1,0,0,0,3.6
48,26,08,48_08,panelist,none,NA,3.6,1,0,0,1,0,0,3.6
48,26,09,48_09,panelist,none,NA,3.6,1,0,0,1,1,-0.1,3.5
48,26,10,48_10,panelist,low,NA,3.6,1,0,1,0,0,0,3.6
48,26,11,48_11,panelist,high,NA,3.6,1,1,0,0,1,-0.1,3.5
48,26,12,48_12,panelist,none,NA,3.6,1,0,0,1,0,0,3.6
48,26,13,48_13,panelist,low,NA,3.6,1,0,1,0,0,0,3.6
48,26,14,48_14,reviewer,low,4.1,3.6,0,0,1,0,0,0,3.6
48,26,15,48_15,panelist,none,NA,3.6,1,0,0,1,0,0,3.6
48,26,16,48_16,panelist,low,NA,3.6,1,0,1,0,0,0,3.6
48,26,17,48_17,reviewer,med,3.3,3.6,0,0,0,0,0,0,3.6
48,26,18,48_18,panelist,med,NA,3.6,1,0,0,0,0,0,3.6
48,26,19,48_19,reviewer,med,3.4,3.6,0,0,0,0,0,0,3.6
48,26,20,48_20,panelist,none,NA,3.6,1,0,0,1,0,0,3.6
48,26,21,48_21,panelist,low,NA,3.6,1,0,1,0,0,0,3.6
48,26,22,48_22,panelist,none,NA,3.6,1,0,0,1,1,-0.1,3.5
48,26,23,48_23,panelist,low,NA,3.6,1,0,1,0,0,0,3.6
48,26,24,48_24,panelist,none,NA,3.6,1,0,0,1,0,0,3.6
48,28,01,48_01,panelist,none,NA,3.7,1,0,0,1,1,-0.2,3.5
48,28,02,48_02,panelist,high,NA,3.7,1,1,0,0,0,0,3.7
48,28,03,48_03,panelist,none,NA,3.7,1,0,0,1,0,0,3.7
48,28,04,48_04,panelist,none,NA,3.7,1,0,0,1,0,0,3.7
48,28,05,48_05,panelist,low,NA,3.7,1,0,1,0,1,-0.1,3.6
48,28,06,48_06,panelist,none,NA,3.7,1,0,0,1,1,0.2,3.9
48,28,07,48_07,panelist,med,NA,3.7,1,0,0,0,1,0.4,4.1
48,28,08,48_08,panelist,med,NA,3.7,1,0,0,0,1,0.1,3.8
48,28,09,48_09,panelist,med,NA,3.7,1,0,0,0,0,0,3.7
48,28,10,48_10,reviewer,none,3.8,3.7,0,0,0,1,1,0.2,3.9
48,28,11,48_11,panelist,none,NA,3.7,1,0,0,1,0,0,3.7
48,28,12,48_12,reviewer,med,3.3,3.7,0,0,0,0,1,0.1,3.8
48,28,13,48_13,panelist,high,NA,3.7,1,1,0,0,0,0,3.7
48,28,14,48_14,panelist,low,NA,3.7,1,0,1,0,0,0,3.7
48,28,15,48_15,panelist,low,NA,3.7,1,0,1,0,0,0,3.7
48,28,16,48_16,panelist,low,NA,3.7,1,0,1,0,0,0,3.7
48,28,17,48_17,panelist,low,NA,3.7,1,0,1,0,1,0.4,4.1
48,28,18,48_18,panelist,low,NA,3.7,1,0,1,0,0,0,3.7
48,28,19,48_19,panelist,none,NA,3.7,1,0,0,1,1,-0.4,3.3
48,28,20,48_20,panelist,none,NA,3.7,1,0,0,1,0,0,3.7
48,28,21,48_21,panelist,none,NA,3.7,1,0,0,1,1,-0.1,3.6
48,28,22,48_22,reviewer,med,4,3.7,0,0,0,0,0,0,3.7
48,28,23,48_23,panelist,low,NA,3.7,1,0,1,0,0,0,3.7
48,28,24,48_24,panelist,none,NA,3.7,1,0,0,1,1,-0.1,3.6
48,30,01,48_01,panelist,none,NA,3.8,1,0,0,1,1,-0.2,3.6
48,30,02,48_02,panelist,none,NA,3.8,1,0,0,1,1,0.1,3.9
48,30,03,48_03,panelist,low,NA,3.8,1,0,1,0,0,0,3.8
48,30,04,48_04,panelist,none,NA,3.8,1,0,0,1,1,0.1,3.9
48,30,05,48_05,panelist,none,NA,3.8,1,0,0,1,0,0,3.8
48,30,06,48_06,panelist,low,NA,3.8,1,0,1,0,0,0,3.8
48,30,07,48_07,panelist,low,NA,3.8,1,0,1,0,1,0.2,4
48,30,08,48_08,panelist,none,NA,3.8,1,0,0,1,1,0.1,3.9
48,30,09,48_09,reviewer,none,4,3.8,0,0,0,1,1,0.2,4
48,30,10,48_10,panelist,med,NA,3.8,1,0,0,0,0,0,3.8
48,30,11,48_11,reviewer,high,3.6,3.8,0,1,0,0,0,0,3.8
48,30,12,48_12,panelist,low,NA,3.8,1,0,1,0,0,0,3.8
48,30,13,48_13,panelist,low,NA,3.8,1,0,1,0,1,0.2,4
48,30,14,48_14,panelist,high,NA,3.8,1,1,0,0,0,0,3.8
48,30,15,48_15,reviewer,low,3.9,3.8,0,0,1,0,1,0.2,4
48,30,16,48_16,panelist,low,NA,3.8,1,0,1,0,1,0.1,3.9
48,30,17,48_17,panelist,none,NA,3.8,1,0,0,1,0,0,3.8
48,30,18,48_18,panelist,med,NA,3.8,1,0,0,0,1,-0.2,3.6
48,30,19,48_19,panelist,none,NA,3.8,1,0,0,1,1,-0.2,3.6
48,30,20,48_20,panelist,med,NA,3.8,1,0,0,0,1,-0.1,3.7
48,30,21,48_21,panelist,none,NA,3.8,1,0,0,1,0,0,3.8
48,30,22,48_22,panelist,med,NA,3.8,1,0,0,0,0,0,3.8
48,30,23,48_23,panelist,none,NA,3.8,1,0,0,1,1,0.4,4.2
48,30,24,48_24,panelist,med,NA,3.8,1,0,0,0,0,0,3.8
49,2,01,49_01,panelist,none,NA,4.4,1,0,0,1,0,0,4.4
49,2,02,49_02,panelist,med,NA,4.4,1,0,0,0,1,0.1,4.5
49,2,03,49_03,panelist,none,NA,4.4,1,0,0,1,0,0,4.4
49,2,04,49_04,panelist,med,NA,4.4,1,0,0,0,1,0.1,4.5
49,2,05,49_05,panelist,low,NA,4.4,1,0,1,0,1,-0.2,4.2
49,2,06,49_06,panelist,none,NA,4.4,1,0,0,1,1,-0.1,4.3
49,2,07,49_07,panelist,low,NA,4.4,1,0,1,0,0,0,4.4
49,2,08,49_08,panelist,none,NA,4.4,1,0,0,1,1,-0.2,4.2
49,2,09,49_09,reviewer,none,4.2,4.4,0,0,0,1,0,0,4.4
49,2,10,49_10,panelist,med,NA,4.4,1,0,0,0,0,0,4.4
49,2,11,49_11,reviewer,none,4.6,4.4,0,0,0,1,0,0,4.4
49,2,12,49_12,panelist,high,NA,4.4,1,1,0,0,0,0,4.4
49,2,13,49_13,panelist,none,NA,4.4,1,0,0,1,1,-0.1,4.3
49,2,14,49_14,panelist,none,NA,4.4,1,0,0,1,0,0,4.4
49,2,15,49_15,panelist,high,NA,4.4,1,1,0,0,1,-0.1,4.3
49,2,16,49_16,panelist,low,NA,4.4,1,0,1,0,0,0,4.4
49,2,17,49_17,panelist,none,NA,4.4,1,0,0,1,1,0.1,4.5
49,2,18,49_18,panelist,low,NA,4.4,1,0,1,0,0,0,4.4
49,2,19,49_19,panelist,med,NA,4.4,1,0,0,0,1,0.2,4.6
49,2,20,49_20,panelist,none,NA,4.4,1,0,0,1,1,0.2,4.6
49,2,21,49_21,reviewer,low,4.5,4.4,0,0,1,0,0,0,4.4
49,2,22,49_22,panelist,low,NA,4.4,1,0,1,0,0,0,4.4
49,2,23,49_23,panelist,med,NA,4.4,1,0,0,0,1,-0.3,4.1
49,2,24,49_24,panelist,low,NA,4.4,1,0,1,0,1,0.2,4.6
49,4,01,49_01,panelist,high,NA,3.8,1,1,0,0,0,0,3.8
49,4,02,49_02,panelist,low,NA,3.8,1,0,1,0,1,-0.2,3.6
49,4,03,49_03,reviewer,none,3.8,3.8,0,0,0,1,0,0,3.8
49,4,04,49_04,panelist,med,NA,3.8,1,0,0,0,1,0.3,4.1
49,4,05,49_05,panelist,none,NA,3.8,1,0,0,1,0,0,3.8
49,4,06,49_06,panelist,none,NA,3.8,1,0,0,1,0,0,3.8
49,4,07,49_07,panelist,med,NA,3.8,1,0,0,0,1,0.1,3.9
49,4,08,49_08,panelist,low,NA,3.8,1,0,1,0,1,-0.4,3.4
49,4,09,49_09,panelist,low,NA,3.8,1,0,1,0,1,-0.1,3.7
49,4,10,49_10,reviewer,low,3.8,3.8,0,0,1,0,1,-0.3,3.5
49,4,11,49_11,panelist,none,NA,3.8,1,0,0,1,0,0,3.8
49,4,12,49_12,panelist,med,NA,3.8,1,0,0,0,1,-0.2,3.6
49,4,13,49_13,panelist,low,NA,3.8,1,0,1,0,0,0,3.8
49,4,14,49_14,panelist,med,NA,3.8,1,0,0,0,0,0,3.8
49,4,15,49_15,panelist,low,NA,3.8,1,0,1,0,0,0,3.8
49,4,16,49_16,panelist,none,NA,3.8,1,0,0,1,0,0,3.8
49,4,17,49_17,panelist,low,NA,3.8,1,0,1,0,1,0.1,3.9
49,4,18,49_18,panelist,none,NA,3.8,1,0,0,1,1,-0.2,3.6
49,4,19,49_19,panelist,none,NA,3.8,1,0,0,1,1,-0.1,3.7
49,4,20,49_20,panelist,high,NA,3.8,1,1,0,0,0,0,3.8
49,4,21,49_21,panelist,none,NA,3.8,1,0,0,1,1,-0.3,3.5
49,4,22,49_22,panelist,med,NA,3.8,1,0,0,0,1,-0.1,3.7
49,4,23,49_23,panelist,none,NA,3.8,1,0,0,1,0,0,3.8
49,4,24,49_24,reviewer,none,3.7,3.8,0,0,0,1,0,0,3.8
49,8,01,49_01,panelist,low,NA,4,1,0,1,0,0,0,4
49,8,02,49_02,panelist,low,NA,4,1,0,1,0,0,0,4
49,8,03,49_03,reviewer,low,4,4,0,0,1,0,1,0.1,4.1
49,8,04,49_04,panelist,med,NA,4,1,0,0,0,1,-0.1,3.9
49,8,05,49_05,reviewer,med,4,4,0,0,0,0,1,0.3,4.3
49,8,06,49_06,panelist,none,NA,4,1,0,0,1,1,-0.2,3.8
49,8,07,49_07,panelist,high,NA,4,1,1,0,0,1,-0.1,3.9
49,8,08,49_08,panelist,low,NA,4,1,0,1,0,0,0,4
49,8,09,49_09,panelist,none,NA,4,1,0,0,1,0,0,4
49,8,10,49_10,panelist,none,NA,4,1,0,0,1,1,-0.1,3.9
49,8,11,49_11,panelist,med,NA,4,1,0,0,0,0,0,4
49,8,12,49_12,panelist,none,NA,4,1,0,0,1,1,-0.1,3.9
49,8,13,49_13,panelist,none,NA,4,1,0,0,1,0,0,4
49,8,14,49_14,panelist,none,NA,4,1,0,0,1,0,0,4
49,8,15,49_15,panelist,low,NA,4,1,0,1,0,1,-0.1,3.9
49,8,16,49_16,panelist,none,NA,4,1,0,0,1,1,0.4,4.4
49,8,17,49_17,panelist,low,NA,4,1,0,1,0,0,0,4
49,8,18,49_18,panelist,low,NA,4,1,0,1,0,0,0,4
49,8,19,49_19,panelist,none,NA,4,1,0,0,1,1,0.3,4.3
49,8,20,49_20,reviewer,none,4,4,0,0,0,1,1,0.2,4.2
49,8,21,49_21,panelist,high,NA,4,1,1,0,0,0,0,4
49,8,22,49_22,panelist,none,NA,4,1,0,0,1,1,0.1,4.1
49,8,23,49_23,panelist,med,NA,4,1,0,0,0,1,-0.2,3.8
49,8,24,49_24,panelist,med,NA,4,1,0,0,0,1,0.3,4.3
49,9,01,49_01,panelist,none,NA,4.1,1,0,0,1,0,0,4.1
49,9,02,49_02,panelist,none,NA,4.1,1,0,0,1,0,0,4.1
49,9,03,49_03,panelist,low,NA,4.1,1,0,1,0,0,0,4.1
49,9,04,49_04,panelist,high,NA,4.1,1,1,0,0,0,0,4.1
49,9,05,49_05,panelist,none,NA,4.1,1,0,0,1,0,0,4.1
49,9,06,49_06,panelist,med,NA,4.1,1,0,0,0,1,0.3,4.4
49,9,07,49_07,reviewer,med,4,4.1,0,0,0,0,0,0,4.1
49,9,08,49_08,panelist,none,NA,4.1,1,0,0,1,0,0,4.1
49,9,09,49_09,panelist,none,NA,4.1,1,0,0,1,0,0,4.1
49,9,10,49_10,panelist,med,NA,4.1,1,0,0,0,1,0.1,4.2
49,9,11,49_11,panelist,none,NA,4.1,1,0,0,1,0,0,4.1
49,9,12,49_12,panelist,low,NA,4.1,1,0,1,0,0,0,4.1
49,9,13,49_13,panelist,low,NA,4.1,1,0,1,0,1,-0.2,3.9
49,9,14,49_14,panelist,none,NA,4.1,1,0,0,1,1,0.1,4.2
49,9,15,49_15,panelist,high,NA,4.1,1,1,0,0,0,0,4.1
49,9,16,49_16,panelist,low,NA,4.1,1,0,1,0,0,0,4.1
49,9,17,49_17,reviewer,med,4.3,4.1,0,0,0,0,0,0,4.1
49,9,18,49_18,panelist,none,NA,4.1,1,0,0,1,1,0.1,4.2
49,9,19,49_19,panelist,med,NA,4.1,1,0,0,0,0,0,4.1
49,9,20,49_20,panelist,low,NA,4.1,1,0,1,0,1,0.1,4.2
49,9,21,49_21,panelist,none,NA,4.1,1,0,0,1,1,-0.1,4
49,9,22,49_22,panelist,low,NA,4.1,1,0,1,0,0,0,4.1
49,9,23,49_23,panelist,none,NA,4.1,1,0,0,1,0,0,4.1
49,9,24,49_24,reviewer,low,3.9,4.1,0,0,1,0,0,0,4.1
49,10,01,49_01,panelist,med,NA,4.5,1,0,0,0,0,0,4.5
49,10,02,49_02,panelist,none,NA,4.5,1,0,0,1,1,-0.1,4.4
49,10,03,49_03,reviewer,low,4.6,4.5,0,0,1,0,1,-0.1,4.4
49,10,04,49_04,panelist,high,NA,4.5,1,1,0,0,1,-0.1,4.4
49,10,05,49_05,reviewer,med,4.4,4.5,0,0,0,0,0,0,4.5
49,10,06,49_06,panelist,med,NA,4.5,1,0,0,0,1,-0.1,4.4
49,10,07,49_07,panelist,high,NA,4.5,1,1,0,0,0,0,4.5
49,10,08,49_08,panelist,low,NA,4.5,1,0,1,0,0,0,4.5
49,10,09,49_09,panelist,none,NA,4.5,1,0,0,1,0,0,4.5
49,10,10,49_10,panelist,low,NA,4.5,1,0,1,0,1,0.2,4.7
49,10,11,49_11,reviewer,none,4.6,4.5,0,0,0,1,1,-0.2,4.3
49,10,12,49_12,panelist,none,NA,4.5,1,0,0,1,1,-0.3,4.2
49,10,13,49_13,panelist,low,NA,4.5,1,0,1,0,0,0,4.5
49,10,14,49_14,panelist,med,NA,4.5,1,0,0,0,0,0,4.5
49,10,15,49_15,panelist,low,NA,4.5,1,0,1,0,0,0,4.5
49,10,16,49_16,panelist,none,NA,4.5,1,0,0,1,0,0,4.5
49,10,17,49_17,panelist,med,NA,4.5,1,0,0,0,0,0,4.5
49,10,18,49_18,panelist,low,NA,4.5,1,0,1,0,0,0,4.5
49,10,19,49_19,panelist,none,NA,4.5,1,0,0,1,1,0.1,4.6
49,10,20,49_20,panelist,none,NA,4.5,1,0,0,1,0,0,4.5
49,10,21,49_21,panelist,none,NA,4.5,1,0,0,1,0,0,4.5
49,10,22,49_22,panelist,none,NA,4.5,1,0,0,1,0,0,4.5
49,10,23,49_23,panelist,none,NA,4.5,1,0,0,1,1,-0.1,4.4
49,10,24,49_24,panelist,low,NA,4.5,1,0,1,0,1,-0.2,4.3
49,11,01,49_01,panelist,high,NA,4.4,1,1,0,0,1,-0.4,4
49,11,02,49_02,panelist,low,NA,4.4,1,0,1,0,0,0,4.4
49,11,03,49_03,panelist,none,NA,4.4,1,0,0,1,0,0,4.4
49,11,04,49_04,panelist,med,NA,4.4,1,0,0,0,1,-0.1,4.3
49,11,05,49_05,panelist,none,NA,4.4,1,0,0,1,0,0,4.4
49,11,06,49_06,reviewer,high,4.7,4.4,0,1,0,0,0,0,4.4
49,11,07,49_07,reviewer,med,4.5,4.4,0,0,0,0,0,0,4.4
49,11,08,49_08,panelist,none,NA,4.4,1,0,0,1,0,0,4.4
49,11,09,49_09,reviewer,low,4.1,4.4,0,0,1,0,1,-0.2,4.2
49,11,10,49_10,panelist,low,NA,4.4,1,0,1,0,0,0,4.4
49,11,11,49_11,panelist,med,NA,4.4,1,0,0,0,1,0.2,4.6
49,11,12,49_12,panelist,none,NA,4.4,1,0,0,1,1,-0.3,4.1
49,11,13,49_13,panelist,none,NA,4.4,1,0,0,1,0,0,4.4
49,11,14,49_14,panelist,none,NA,4.4,1,0,0,1,0,0,4.4
49,11,15,49_15,panelist,med,NA,4.4,1,0,0,0,0,0,4.4
49,11,16,49_16,panelist,none,NA,4.4,1,0,0,1,1,0.1,4.5
49,11,17,49_17,panelist,med,NA,4.4,1,0,0,0,1,0.1,4.5
49,11,18,49_18,panelist,low,NA,4.4,1,0,1,0,1,-0.1,4.3
49,11,19,49_19,panelist,low,NA,4.4,1,0,1,0,1,-0.1,4.3
49,11,20,49_20,panelist,none,NA,4.4,1,0,0,1,1,0.1,4.5
49,11,21,49_21,panelist,low,NA,4.4,1,0,1,0,1,-0.3,4.1
49,11,22,49_22,panelist,none,NA,4.4,1,0,0,1,0,0,4.4
49,11,23,49_23,panelist,none,NA,4.4,1,0,0,1,1,-0.2,4.2
49,11,24,49_24,panelist,low,NA,4.4,1,0,1,0,1,0.1,4.5
49,12,01,49_01,panelist,high,NA,4,1,1,0,0,1,-0.2,3.8
49,12,02,49_02,reviewer,none,3.8,4,0,0,0,1,0,0,4
49,12,03,49_03,panelist,low,NA,4,1,0,1,0,0,0,4
49,12,04,49_04,panelist,med,NA,4,1,0,0,0,1,0.2,4.2
49,12,05,49_05,panelist,low,NA,4,1,0,1,0,0,0,4
49,12,06,49_06,panelist,low,NA,4,1,0,1,0,1,0.1,4.1
49,12,07,49_07,reviewer,none,4.2,4,0,0,0,1,0,0,4
49,12,08,49_08,reviewer,med,4,4,0,0,0,0,1,-0.4,3.6
49,12,09,49_09,panelist,low,NA,4,1,0,1,0,1,-0.2,3.8
49,12,10,49_10,panelist,low,NA,4,1,0,1,0,1,0.3,4.3
49,12,11,49_11,panelist,none,NA,4,1,0,0,1,1,0.1,4.1
49,12,12,49_12,panelist,low,NA,4,1,0,1,0,0,0,4
49,12,13,49_13,panelist,none,NA,4,1,0,0,1,0,0,4
49,12,14,49_14,panelist,none,NA,4,1,0,0,1,0,0,4
49,12,15,49_15,panelist,none,NA,4,1,0,0,1,0,0,4
49,12,16,49_16,panelist,none,NA,4,1,0,0,1,0,0,4
49,12,17,49_17,panelist,high,NA,4,1,1,0,0,1,0.2,4.2
49,12,18,49_18,panelist,none,NA,4,1,0,0,1,1,-0.1,3.9
49,12,19,49_19,panelist,med,NA,4,1,0,0,0,0,0,4
49,12,20,49_20,panelist,none,NA,4,1,0,0,1,0,0,4
49,12,21,49_21,panelist,med,NA,4,1,0,0,0,0,0,4
49,12,22,49_22,panelist,low,NA,4,1,0,1,0,1,-0.4,3.6
49,12,23,49_23,panelist,med,NA,4,1,0,0,0,1,-0.4,3.6
49,12,24,49_24,panelist,none,NA,4,1,0,0,1,0,0,4
49,14,01,49_01,panelist,none,NA,4.2,1,0,0,1,1,-0.2,4
49,14,02,49_02,panelist,med,NA,4.2,1,0,0,0,1,-0.2,4
49,14,03,49_03,panelist,none,NA,4.2,1,0,0,1,0,0,4.2
49,14,04,49_04,reviewer,none,4.3,4.2,0,0,0,1,0,0,4.2
49,14,05,49_05,reviewer,low,4.2,4.2,0,0,1,0,1,0.2,4.4
49,14,06,49_06,panelist,med,NA,4.2,1,0,0,0,0,0,4.2
49,14,07,49_07,panelist,none,NA,4.2,1,0,0,1,1,-0.1,4.1
49,14,08,49_08,panelist,low,NA,4.2,1,0,1,0,1,-0.3,3.9
49,14,09,49_09,panelist,none,NA,4.2,1,0,0,1,0,0,4.2
49,14,10,49_10,panelist,med,NA,4.2,1,0,0,0,0,0,4.2
49,14,11,49_11,panelist,low,NA,4.2,1,0,1,0,0,0,4.2
49,14,12,49_12,panelist,none,NA,4.2,1,0,0,1,1,-0.2,4
49,14,13,49_13,reviewer,low,4.2,4.2,0,0,1,0,0,0,4.2
49,14,14,49_14,panelist,none,NA,4.2,1,0,0,1,1,0.2,4.4
49,14,15,49_15,panelist,med,NA,4.2,1,0,0,0,0,0,4.2
49,14,16,49_16,panelist,none,NA,4.2,1,0,0,1,0,0,4.2
49,14,17,49_17,panelist,high,NA,4.2,1,1,0,0,0,0,4.2
49,14,18,49_18,panelist,high,NA,4.2,1,1,0,0,0,0,4.2
49,14,19,49_19,panelist,low,NA,4.2,1,0,1,0,0,0,4.2
49,14,20,49_20,panelist,none,NA,4.2,1,0,0,1,1,0.2,4.4
49,14,21,49_21,panelist,low,NA,4.2,1,0,1,0,0,0,4.2
49,14,22,49_22,panelist,low,NA,4.2,1,0,1,0,0,0,4.2
49,14,23,49_23,panelist,med,NA,4.2,1,0,0,0,0,0,4.2
49,14,24,49_24,panelist,none,NA,4.2,1,0,0,1,1,0.2,4.4
49,15,01,49_01,panelist,low,NA,4.3,1,0,1,0,0,0,4.3
49,15,02,49_02,panelist,low,NA,4.3,1,0,1,0,1,0.1,4.4
49,15,03,49_03,panelist,med,NA,4.3,1,0,0,0,1,0.1,4.4
49,15,04,49_04,panelist,none,NA,4.3,1,0,0,1,0,0,4.3
49,15,05,49_05,panelist,high,NA,4.3,1,1,0,0,1,0.2,4.5
49,15,06,49_06,panelist,med,NA,4.3,1,0,0,0,0,0,4.3
49,15,07,49_07,panelist,low,NA,4.3,1,0,1,0,1,0.2,4.5
49,15,08,49_08,panelist,none,NA,4.3,1,0,0,1,0,0,4.3
49,15,09,49_09,panelist,low,NA,4.3,1,0,1,0,0,0,4.3
49,15,10,49_10,reviewer,none,4.5,4.3,0,0,0,1,1,0.1,4.4
49,15,11,49_11,panelist,none,NA,4.3,1,0,0,1,1,-0.2,4.1
49,15,12,49_12,panelist,low,NA,4.3,1,0,1,0,0,0,4.3
49,15,13,49_13,reviewer,low,4.3,4.3,0,0,1,0,0,0,4.3
49,15,14,49_14,panelist,low,NA,4.3,1,0,1,0,0,0,4.3
49,15,15,49_15,panelist,none,NA,4.3,1,0,0,1,0,0,4.3
49,15,16,49_16,panelist,high,NA,4.3,1,1,0,0,0,0,4.3
49,15,17,49_17,panelist,med,NA,4.3,1,0,0,0,0,0,4.3
49,15,18,49_18,panelist,none,NA,4.3,1,0,0,1,0,0,4.3
49,15,19,49_19,panelist,none,NA,4.3,1,0,0,1,0,0,4.3
49,15,20,49_20,panelist,none,NA,4.3,1,0,0,1,0,0,4.3
49,15,21,49_21,panelist,none,NA,4.3,1,0,0,1,0,0,4.3
49,15,22,49_22,panelist,med,NA,4.3,1,0,0,0,0,0,4.3
49,15,23,49_23,reviewer,med,4,4.3,0,0,0,0,1,0.1,4.4
49,15,24,49_24,panelist,none,NA,4.3,1,0,0,1,0,0,4.3
49,17,01,49_01,panelist,low,NA,3.7,1,0,1,0,1,0.2,3.9
49,17,02,49_02,panelist,none,NA,3.7,1,0,0,1,1,-0.2,3.5
49,17,03,49_03,panelist,med,NA,3.7,1,0,0,0,0,0,3.7
49,17,04,49_04,panelist,high,NA,3.7,1,1,0,0,0,0,3.7
49,17,05,49_05,panelist,none,NA,3.7,1,0,0,1,1,0.1,3.8
49,17,06,49_06,panelist,none,NA,3.7,1,0,0,1,0,0,3.7
49,17,07,49_07,panelist,none,NA,3.7,1,0,0,1,1,0.2,3.9
49,17,08,49_08,panelist,med,NA,3.7,1,0,0,0,1,-0.4,3.3
49,17,09,49_09,panelist,low,NA,3.7,1,0,1,0,0,0,3.7
49,17,10,49_10,panelist,none,NA,3.7,1,0,0,1,1,0.3,4
49,17,11,49_11,panelist,none,NA,3.7,1,0,0,1,1,-0.1,3.6
49,17,12,49_12,panelist,none,NA,3.7,1,0,0,1,1,0.1,3.8
49,17,13,49_13,panelist,none,NA,3.7,1,0,0,1,1,0.3,4
49,17,14,49_14,panelist,low,NA,3.7,1,0,1,0,1,-0.1,3.6
49,17,15,49_15,panelist,med,NA,3.7,1,0,0,0,1,-0.1,3.6
49,17,16,49_16,panelist,low,NA,3.7,1,0,1,0,0,0,3.7
49,17,17,49_17,panelist,low,NA,3.7,1,0,1,0,0,0,3.7
49,17,18,49_18,panelist,med,NA,3.7,1,0,0,0,1,-0.2,3.5
49,17,19,49_19,reviewer,low,3.7,3.7,0,0,1,0,1,-0.2,3.5
49,17,20,49_20,panelist,none,NA,3.7,1,0,0,1,1,0.4,4.1
49,17,21,49_21,reviewer,none,3.4,3.7,0,0,0,1,0,0,3.7
49,17,22,49_22,panelist,low,NA,3.7,1,0,1,0,1,-0.2,3.5
49,17,23,49_23,panelist,med,NA,3.7,1,0,0,0,1,-0.1,3.6
49,17,24,49_24,reviewer,high,3.9,3.7,0,1,0,0,0,0,3.7
49,18,01,49_01,panelist,low,NA,4.2,1,0,1,0,1,-0.2,4
49,18,02,49_02,panelist,med,NA,4.2,1,0,0,0,0,0,4.2
49,18,03,49_03,panelist,none,NA,4.2,1,0,0,1,1,0.1,4.3
49,18,04,49_04,panelist,none,NA,4.2,1,0,0,1,0,0,4.2
49,18,05,49_05,panelist,high,NA,4.2,1,1,0,0,0,0,4.2
49,18,06,49_06,panelist,low,NA,4.2,1,0,1,0,0,0,4.2
49,18,07,49_07,panelist,none,NA,4.2,1,0,0,1,1,0.1,4.3
49,18,08,49_08,panelist,low,NA,4.2,1,0,1,0,0,0,4.2
49,18,09,49_09,panelist,none,NA,4.2,1,0,0,1,0,0,4.2
49,18,10,49_10,panelist,none,NA,4.2,1,0,0,1,1,0.1,4.3
49,18,11,49_11,panelist,low,NA,4.2,1,0,1,0,0,0,4.2
49,18,12,49_12,reviewer,high,4,4.2,0,1,0,0,0,0,4.2
49,18,13,49_13,reviewer,low,4.2,4.2,0,0,1,0,0,0,4.2
49,18,14,49_14,panelist,med,NA,4.2,1,0,0,0,1,-0.1,4.1
49,18,15,49_15,panelist,low,NA,4.2,1,0,1,0,0,0,4.2
49,18,16,49_16,panelist,none,NA,4.2,1,0,0,1,0,0,4.2
49,18,17,49_17,panelist,none,NA,4.2,1,0,0,1,1,0.1,4.3
49,18,18,49_18,panelist,none,NA,4.2,1,0,0,1,1,-0.1,4.1
49,18,19,49_19,panelist,none,NA,4.2,1,0,0,1,0,0,4.2
49,18,20,49_20,reviewer,low,4.4,4.2,0,0,1,0,1,0.1,4.3
49,18,21,49_21,panelist,med,NA,4.2,1,0,0,0,0,0,4.2
49,18,22,49_22,panelist,none,NA,4.2,1,0,0,1,0,0,4.2
49,18,23,49_23,panelist,med,NA,4.2,1,0,0,0,0,0,4.2
49,18,24,49_24,panelist,med,NA,4.2,1,0,0,0,0,0,4.2
49,23,01,49_01,panelist,low,NA,4.2,1,0,1,0,0,0,4.2
49,23,02,49_02,panelist,low,NA,4.2,1,0,1,0,0,0,4.2
49,23,03,49_03,panelist,med,NA,4.2,1,0,0,0,0,0,4.2
49,23,04,49_04,panelist,none,NA,4.2,1,0,0,1,1,0.1,4.3
49,23,05,49_05,panelist,none,NA,4.2,1,0,0,1,0,0,4.2
49,23,06,49_06,reviewer,high,4.1,4.2,0,1,0,0,0,0,4.2
49,23,07,49_07,panelist,none,NA,4.2,1,0,0,1,1,-0.1,4.1
49,23,08,49_08,panelist,med,NA,4.2,1,0,0,0,0,0,4.2
49,23,09,49_09,panelist,high,NA,4.2,1,1,0,0,0,0,4.2
49,23,10,49_10,panelist,low,NA,4.2,1,0,1,0,1,-0.2,4
49,23,11,49_11,panelist,low,NA,4.2,1,0,1,0,1,0.2,4.4
49,23,12,49_12,panelist,none,NA,4.2,1,0,0,1,1,-0.1,4.1
49,23,13,49_13,reviewer,med,4.1,4.2,0,0,0,0,0,0,4.2
49,23,14,49_14,panelist,none,NA,4.2,1,0,0,1,1,-0.2,4
49,23,15,49_15,panelist,none,NA,4.2,1,0,0,1,1,0.1,4.3
49,23,16,49_16,panelist,med,NA,4.2,1,0,0,0,0,0,4.2
49,23,17,49_17,panelist,low,NA,4.2,1,0,1,0,1,0.2,4.4
49,23,18,49_18,panelist,none,NA,4.2,1,0,0,1,1,-0.1,4.1
49,23,19,49_19,panelist,none,NA,4.2,1,0,0,1,1,-0.2,4
49,23,20,49_20,panelist,low,NA,4.2,1,0,1,0,1,-0.1,4.1
49,23,21,49_21,panelist,low,NA,4.2,1,0,1,0,0,0,4.2
49,23,22,49_22,reviewer,none,4.5,4.2,0,0,0,1,0,0,4.2
49,23,23,49_23,panelist,none,NA,4.2,1,0,0,1,1,0.1,4.3
49,23,24,49_24,panelist,med,NA,4.2,1,0,0,0,1,0.3,4.5
49,28,01,49_01,panelist,low,NA,4.3,1,0,1,0,0,0,4.3
49,28,02,49_02,panelist,low,NA,4.3,1,0,1,0,1,-0.2,4.1
49,28,03,49_03,panelist,low,NA,4.3,1,0,1,0,0,0,4.3
49,28,04,49_04,panelist,none,NA,4.3,1,0,0,1,1,0.2,4.5
49,28,05,49_05,reviewer,low,4.3,4.3,0,0,1,0,1,-0.1,4.2
49,28,06,49_06,panelist,none,NA,4.3,1,0,0,1,1,0.1,4.4
49,28,07,49_07,reviewer,high,4.2,4.3,0,1,0,0,0,0,4.3
49,28,08,49_08,panelist,med,NA,4.3,1,0,0,0,0,0,4.3
49,28,09,49_09,panelist,none,NA,4.3,1,0,0,1,0,0,4.3
49,28,10,49_10,panelist,high,NA,4.3,1,1,0,0,1,0.2,4.5
49,28,11,49_11,panelist,low,NA,4.3,1,0,1,0,0,0,4.3
49,28,12,49_12,panelist,med,NA,4.3,1,0,0,0,0,0,4.3
49,28,13,49_13,reviewer,med,4.3,4.3,0,0,0,0,0,0,4.3
49,28,14,49_14,panelist,none,NA,4.3,1,0,0,1,1,0.1,4.4
49,28,15,49_15,panelist,med,NA,4.3,1,0,0,0,1,-0.2,4.1
49,28,16,49_16,panelist,none,NA,4.3,1,0,0,1,1,0.1,4.4
49,28,17,49_17,panelist,low,NA,4.3,1,0,1,0,1,-0.2,4.1
49,28,18,49_18,panelist,none,NA,4.3,1,0,0,1,0,0,4.3
49,28,19,49_19,panelist,none,NA,4.3,1,0,0,1,0,0,4.3
49,28,20,49_20,panelist,none,NA,4.3,1,0,0,1,0,0,4.3
49,28,21,49_21,panelist,med,NA,4.3,1,0,0,0,1,-0.4,3.9
49,28,22,49_22,panelist,none,NA,4.3,1,0,0,1,0,0,4.3
49,28,23,49_23,panelist,low,NA,4.3,1,0,1,0,0,0,4.3
49,28,24,49_24,panelist,none,NA,4.3,1,0,0,1,1,0.1,4.4
49,29,01,49_01,panelist,low,NA,4.4,1,0,1,0,0,0,4.4
49,29,02,49_02,panelist,high,NA,4.4,1,1,0,0,1,0.1,4.5
49,29,03,49_03,panelist,low,NA,4.4,1,0,1,0,1,-0.1,4.3
49,29,04,49_04,panelist,none,NA,4.4,1,0,0,1,0,0,4.4
49,29,05,49_05,panelist,none,NA,4.4,1,0,0,1,0,0,4.4
49,29,06,49_06,panelist,none,NA,4.4,1,0,0,1,0,0,4.4
49,29,07,49_07,panelist,low,NA,4.4,1,0,1,0,0,0,4.4
49,29,08,49_08,panelist,low,NA,4.4,1,0,1,0,0,0,4.4
49,29,09,49_09,reviewer,none,4,4.4,0,0,0,1,1,-0.2,4.2
49,29,10,49_10,panelist,none,NA,4.4,1,0,0,1,0,0,4.4
49,29,11,49_11,panelist,med,NA,4.4,1,0,0,0,1,0.1,4.5
49,29,12,49_12,panelist,med,NA,4.4,1,0,0,0,0,0,4.4
49,29,13,49_13,panelist,none,NA,4.4,1,0,0,1,1,-0.1,4.3
49,29,14,49_14,reviewer,none,4.6,4.4,0,0,0,1,0,0,4.4
49,29,15,49_15,panelist,none,NA,4.4,1,0,0,1,0,0,4.4
49,29,16,49_16,panelist,low,NA,4.4,1,0,1,0,1,-0.1,4.3
49,29,17,49_17,panelist,med,NA,4.4,1,0,0,0,0,0,4.4
49,29,18,49_18,panelist,high,NA,4.4,1,1,0,0,0,0,4.4
49,29,19,49_19,panelist,med,NA,4.4,1,0,0,0,1,-0.1,4.3
49,29,20,49_20,panelist,none,NA,4.4,1,0,0,1,1,0.2,4.6
49,29,21,49_21,panelist,med,NA,4.4,1,0,0,0,1,-0.1,4.3
49,29,22,49_22,panelist,low,NA,4.4,1,0,1,0,1,-0.1,4.3
49,29,23,49_23,reviewer,none,4.5,4.4,0,0,0,1,1,-0.1,4.3
49,29,24,49_24,panelist,low,NA,4.4,1,0,1,0,0,0,4.4
49,30,01,49_01,panelist,none,NA,3.9,1,0,0,1,1,-0.1,3.8
49,30,02,49_02,reviewer,none,4.1,3.9,0,0,0,1,0,0,3.9
49,30,03,49_03,reviewer,med,3.7,3.9,0,0,0,0,0,0,3.9
49,30,04,49_04,reviewer,none,3.9,3.9,0,0,0,1,0,0,3.9
49,30,05,49_05,panelist,none,NA,3.9,1,0,0,1,1,-0.4,3.5
49,30,06,49_06,panelist,none,NA,3.9,1,0,0,1,1,-0.1,3.8
49,30,07,49_07,panelist,low,NA,3.9,1,0,1,0,0,0,3.9
49,30,08,49_08,panelist,low,NA,3.9,1,0,1,0,1,-0.3,3.6
49,30,09,49_09,panelist,med,NA,3.9,1,0,0,0,0,0,3.9
49,30,10,49_10,panelist,none,NA,3.9,1,0,0,1,0,0,3.9
49,30,11,49_11,panelist,low,NA,3.9,1,0,1,0,1,-0.1,3.8
49,30,12,49_12,panelist,none,NA,3.9,1,0,0,1,0,0,3.9
49,30,13,49_13,panelist,low,NA,3.9,1,0,1,0,0,0,3.9
49,30,14,49_14,panelist,high,NA,3.9,1,1,0,0,0,0,3.9
49,30,15,49_15,panelist,med,NA,3.9,1,0,0,0,0,0,3.9
49,30,16,49_16,panelist,none,NA,3.9,1,0,0,1,1,0.1,4
49,30,17,49_17,panelist,low,NA,3.9,1,0,1,0,1,0.1,4
49,30,18,49_18,panelist,none,NA,3.9,1,0,0,1,0,0,3.9
49,30,19,49_19,panelist,med,NA,3.9,1,0,0,0,1,-0.1,3.8
49,30,20,49_20,panelist,none,NA,3.9,1,0,0,1,0,0,3.9
49,30,21,49_21,panelist,low,NA,3.9,1,0,1,0,1,-0.2,3.7
49,30,22,49_22,panelist,med,NA,3.9,1,0,0,0,1,-0.1,3.8
49,30,23,49_23,panelist,low,NA,3.9,1,0,1,0,0,0,3.9
49,30,24,49_24,panelist,high,NA,3.9,1,1,0,0,0,0,3.9
50,1,01,50_01,panelist,low,NA,4.2,1,0,1,0,1,0.3,4.5
50,1,02,50_02,panelist,none,NA,4.2,1,0,0,1,0,0,4.2
50,1,03,50_03,panelist,low,NA,4.2,1,0,1,0,1,0.2,4.4
50,1,04,50_04,panelist,low,NA,4.2,1,0,1,0,0,0,4.2
50,1,05,50_05,panelist,low,NA,4.2,1,0,1,0,1,-0.1,4.1
50,1,06,50_06,panelist,med,NA,4.2,1,0,0,0,1,-0.2,4
50,1,07,50_07,reviewer,none,4.1,4.2,0,0,0,1,1,-0.2,4
50,1,08,50_08,panelist,low,NA,4.2,1,0,1,0,0,0,4.2
50,1,09,50_09,reviewer,none,4.4,4.2,0,0,0,1,1,0.1,4.3
50,1,10,50_10,panelist,med,NA,4.2,1,0,0,0,1,-0.2,4
50,1,11,50_11,panelist,none,NA,4.2,1,0,0,1,0,0,4.2
50,1,12,50_12,panelist,none,NA,4.2,1,0,0,1,0,0,4.2
50,1,13,50_13,panelist,high,NA,4.2,1,1,0,0,0,0,4.2
50,1,14,50_14,reviewer,none,4.2,4.2,0,0,0,1,1,-0.2,4
50,1,15,50_15,panelist,none,NA,4.2,1,0,0,1,0,0,4.2
50,1,16,50_16,panelist,med,NA,4.2,1,0,0,0,1,0.1,4.3
50,1,17,50_17,panelist,none,NA,4.2,1,0,0,1,1,-0.4,3.8
50,1,18,50_18,panelist,med,NA,4.2,1,0,0,0,0,0,4.2
50,1,19,50_19,panelist,med,NA,4.2,1,0,0,0,1,-0.4,3.8
50,1,20,50_20,panelist,high,NA,4.2,1,1,0,0,1,0.3,4.5
50,1,21,50_21,panelist,none,NA,4.2,1,0,0,1,1,-0.3,3.9
50,1,22,50_22,panelist,low,NA,4.2,1,0,1,0,0,0,4.2
50,1,23,50_23,panelist,none,NA,4.2,1,0,0,1,0,0,4.2
50,1,24,50_24,panelist,low,NA,4.2,1,0,1,0,0,0,4.2
50,2,01,50_01,panelist,none,NA,4.3,1,0,0,1,1,0.2,4.5
50,2,02,50_02,panelist,med,NA,4.3,1,0,0,0,0,0,4.3
50,2,03,50_03,reviewer,low,4.4,4.3,0,0,1,0,0,0,4.3
50,2,04,50_04,panelist,low,NA,4.3,1,0,1,0,0,0,4.3
50,2,05,50_05,panelist,none,NA,4.3,1,0,0,1,1,0.1,4.4
50,2,06,50_06,panelist,med,NA,4.3,1,0,0,0,0,0,4.3
50,2,07,50_07,panelist,high,NA,4.3,1,1,0,0,1,0.2,4.5
50,2,08,50_08,panelist,none,NA,4.3,1,0,0,1,0,0,4.3
50,2,09,50_09,panelist,med,NA,4.3,1,0,0,0,0,0,4.3
50,2,10,50_10,panelist,none,NA,4.3,1,0,0,1,0,0,4.3
50,2,11,50_11,panelist,low,NA,4.3,1,0,1,0,0,0,4.3
50,2,12,50_12,panelist,none,NA,4.3,1,0,0,1,0,0,4.3
50,2,13,50_13,panelist,low,NA,4.3,1,0,1,0,0,0,4.3
50,2,14,50_14,panelist,none,NA,4.3,1,0,0,1,1,-0.1,4.2
50,2,15,50_15,panelist,low,NA,4.3,1,0,1,0,0,0,4.3
50,2,16,50_16,panelist,low,NA,4.3,1,0,1,0,0,0,4.3
50,2,17,50_17,reviewer,none,3.9,4.3,0,0,0,1,1,-0.1,4.2
50,2,18,50_18,panelist,none,NA,4.3,1,0,0,1,1,0.1,4.4
50,2,19,50_19,reviewer,med,4.5,4.3,0,0,0,0,0,0,4.3
50,2,20,50_20,panelist,none,NA,4.3,1,0,0,1,1,0.1,4.4
50,2,21,50_21,panelist,med,NA,4.3,1,0,0,0,0,0,4.3
50,2,22,50_22,panelist,low,NA,4.3,1,0,1,0,1,0.2,4.5
50,2,23,50_23,panelist,none,NA,4.3,1,0,0,1,0,0,4.3
50,2,24,50_24,panelist,high,NA,4.3,1,1,0,0,0,0,4.3
50,5,01,50_01,panelist,med,NA,3.7,1,0,0,0,0,0,3.7
50,5,02,50_02,panelist,none,NA,3.7,1,0,0,1,1,-0.3,3.4
50,5,03,50_03,panelist,low,NA,3.7,1,0,1,0,1,0.1,3.8
50,5,04,50_04,panelist,none,NA,3.7,1,0,0,1,1,0.1,3.8
50,5,05,50_05,panelist,med,NA,3.7,1,0,0,0,1,0.1,3.8
50,5,06,50_06,panelist,med,NA,3.7,1,0,0,0,0,0,3.7
50,5,07,50_07,panelist,none,NA,3.7,1,0,0,1,1,0.2,3.9
50,5,08,50_08,panelist,none,NA,3.7,1,0,0,1,0,0,3.7
50,5,09,50_09,panelist,none,NA,3.7,1,0,0,1,0,0,3.7
50,5,10,50_10,panelist,low,NA,3.7,1,0,1,0,0,0,3.7
50,5,11,50_11,reviewer,low,3.9,3.7,0,0,1,0,0,0,3.7
50,5,12,50_12,panelist,none,NA,3.7,1,0,0,1,1,-0.2,3.5
50,5,13,50_13,panelist,none,NA,3.7,1,0,0,1,1,-0.2,3.5
50,5,14,50_14,panelist,med,NA,3.7,1,0,0,0,0,0,3.7
50,5,15,50_15,panelist,low,NA,3.7,1,0,1,0,1,0.2,3.9
50,5,16,50_16,reviewer,high,3.5,3.7,0,1,0,0,0,0,3.7
50,5,17,50_17,panelist,none,NA,3.7,1,0,0,1,1,-0.2,3.5
50,5,18,50_18,panelist,low,NA,3.7,1,0,1,0,1,0.1,3.8
50,5,19,50_19,panelist,high,NA,3.7,1,1,0,0,0,0,3.7
50,5,20,50_20,panelist,low,NA,3.7,1,0,1,0,1,-0.1,3.6
50,5,21,50_21,panelist,low,NA,3.7,1,0,1,0,0,0,3.7
50,5,22,50_22,reviewer,med,3.6,3.7,0,0,0,0,0,0,3.7
50,5,23,50_23,panelist,none,NA,3.7,1,0,0,1,1,0.2,3.9
50,5,24,50_24,panelist,none,NA,3.7,1,0,0,1,0,0,3.7
50,6,01,50_01,panelist,none,NA,3.6,1,0,0,1,0,0,3.6
50,6,02,50_02,panelist,low,NA,3.6,1,0,1,0,1,-0.2,3.4
50,6,03,50_03,panelist,none,NA,3.6,1,0,0,1,1,0.1,3.7
50,6,04,50_04,panelist,med,NA,3.6,1,0,0,0,0,0,3.6
50,6,05,50_05,panelist,none,NA,3.6,1,0,0,1,1,0.1,3.7
50,6,06,50_06,panelist,none,NA,3.6,1,0,0,1,0,0,3.6
50,6,07,50_07,panelist,none,NA,3.6,1,0,0,1,0,0,3.6
50,6,08,50_08,panelist,low,NA,3.6,1,0,1,0,1,-0.2,3.4
50,6,09,50_09,reviewer,med,3.6,3.6,0,0,0,0,0,0,3.6
50,6,10,50_10,panelist,high,NA,3.6,1,1,0,0,1,-0.2,3.4
50,6,11,50_11,panelist,med,NA,3.6,1,0,0,0,0,0,3.6
50,6,12,50_12,panelist,low,NA,3.6,1,0,1,0,0,0,3.6
50,6,13,50_13,panelist,none,NA,3.6,1,0,0,1,0,0,3.6
50,6,14,50_14,panelist,low,NA,3.6,1,0,1,0,0,0,3.6
50,6,15,50_15,panelist,none,NA,3.6,1,0,0,1,1,-0.1,3.5
50,6,16,50_16,panelist,low,NA,3.6,1,0,1,0,1,-0.1,3.5
50,6,17,50_17,panelist,none,NA,3.6,1,0,0,1,0,0,3.6
50,6,18,50_18,panelist,med,NA,3.6,1,0,0,0,1,-0.1,3.5
50,6,19,50_19,panelist,none,NA,3.6,1,0,0,1,1,-0.2,3.4
50,6,20,50_20,reviewer,high,3.9,3.6,0,1,0,0,0,0,3.6
50,6,21,50_21,reviewer,low,3.4,3.6,0,0,1,0,1,0.3,3.9
50,6,22,50_22,panelist,low,NA,3.6,1,0,1,0,1,0.3,3.9
50,6,23,50_23,panelist,med,NA,3.6,1,0,0,0,0,0,3.6
50,6,24,50_24,panelist,none,NA,3.6,1,0,0,1,1,-0.3,3.3
50,9,01,50_01,panelist,med,NA,3.5,1,0,0,0,0,0,3.5
50,9,02,50_02,reviewer,none,3.6,3.5,0,0,0,1,1,-0.2,3.3
50,9,03,50_03,panelist,none,NA,3.5,1,0,0,1,1,-0.1,3.4
50,9,04,50_04,reviewer,none,3.5,3.5,0,0,0,1,0,0,3.5
50,9,05,50_05,panelist,high,NA,3.5,1,1,0,0,0,0,3.5
50,9,06,50_06,panelist,none,NA,3.5,1,0,0,1,0,0,3.5
50,9,07,50_07,panelist,med,NA,3.5,1,0,0,0,1,-0.1,3.4
50,9,08,50_08,panelist,low,NA,3.5,1,0,1,0,0,0,3.5
50,9,09,50_09,panelist,med,NA,3.5,1,0,0,0,0,0,3.5
50,9,10,50_10,panelist,low,NA,3.5,1,0,1,0,1,-0.2,3.3
50,9,11,50_11,panelist,low,NA,3.5,1,0,1,0,1,0.2,3.7
50,9,12,50_12,panelist,med,NA,3.5,1,0,0,0,0,0,3.5
50,9,13,50_13,panelist,low,NA,3.5,1,0,1,0,0,0,3.5
50,9,14,50_14,panelist,none,NA,3.5,1,0,0,1,0,0,3.5
50,9,15,50_15,panelist,low,NA,3.5,1,0,1,0,0,0,3.5
50,9,16,50_16,panelist,low,NA,3.5,1,0,1,0,0,0,3.5
50,9,17,50_17,panelist,low,NA,3.5,1,0,1,0,1,-0.4,3.1
50,9,18,50_18,reviewer,high,3.5,3.5,0,1,0,0,1,0.3,3.8
50,9,19,50_19,panelist,none,NA,3.5,1,0,0,1,0,0,3.5
50,9,20,50_20,panelist,med,NA,3.5,1,0,0,0,1,0.1,3.6
50,9,21,50_21,panelist,none,NA,3.5,1,0,0,1,0,0,3.5
50,9,22,50_22,panelist,none,NA,3.5,1,0,0,1,1,0.3,3.8
50,9,23,50_23,panelist,none,NA,3.5,1,0,0,1,0,0,3.5
50,9,24,50_24,panelist,none,NA,3.5,1,0,0,1,0,0,3.5
50,12,01,50_01,panelist,none,NA,3.8,1,0,0,1,0,0,3.8
50,12,02,50_02,reviewer,none,3.8,3.8,0,0,0,1,0,0,3.8
50,12,03,50_03,panelist,low,NA,3.8,1,0,1,0,1,0.4,4.2
50,12,04,50_04,panelist,none,NA,3.8,1,0,0,1,1,0.1,3.9
50,12,05,50_05,panelist,none,NA,3.8,1,0,0,1,0,0,3.8
50,12,06,50_06,panelist,none,NA,3.8,1,0,0,1,0,0,3.8
50,12,07,50_07,panelist,low,NA,3.8,1,0,1,0,1,-0.2,3.6
50,12,08,50_08,panelist,none,NA,3.8,1,0,0,1,0,0,3.8
50,12,09,50_09,panelist,med,NA,3.8,1,0,0,0,0,0,3.8
50,12,10,50_10,panelist,low,NA,3.8,1,0,1,0,0,0,3.8
50,12,11,50_11,reviewer,low,3.9,3.8,0,0,1,0,0,0,3.8
50,12,12,50_12,panelist,none,NA,3.8,1,0,0,1,1,-0.4,3.4
50,12,13,50_13,panelist,high,NA,3.8,1,1,0,0,1,0.2,4
50,12,14,50_14,panelist,med,NA,3.8,1,0,0,0,0,0,3.8
50,12,15,50_15,panelist,med,NA,3.8,1,0,0,0,1,-0.1,3.7
50,12,16,50_16,reviewer,none,3.6,3.8,0,0,0,1,1,-0.1,3.7
50,12,17,50_17,panelist,none,NA,3.8,1,0,0,1,1,0.1,3.9
50,12,18,50_18,panelist,low,NA,3.8,1,0,1,0,1,0.2,4
50,12,19,50_19,panelist,none,NA,3.8,1,0,0,1,0,0,3.8
50,12,20,50_20,panelist,high,NA,3.8,1,1,0,0,1,-0.1,3.7
50,12,21,50_21,panelist,low,NA,3.8,1,0,1,0,0,0,3.8
50,12,22,50_22,panelist,low,NA,3.8,1,0,1,0,0,0,3.8
50,12,23,50_23,panelist,med,NA,3.8,1,0,0,0,1,0.2,4
50,12,24,50_24,panelist,med,NA,3.8,1,0,0,0,1,-0.1,3.7
50,13,01,50_01,panelist,med,NA,3.8,1,0,0,0,1,0.2,4
50,13,02,50_02,panelist,none,NA,3.8,1,0,0,1,1,-0.1,3.7
50,13,03,50_03,panelist,low,NA,3.8,1,0,1,0,0,0,3.8
50,13,04,50_04,panelist,none,NA,3.8,1,0,0,1,0,0,3.8
50,13,05,50_05,panelist,none,NA,3.8,1,0,0,1,0,0,3.8
50,13,06,50_06,panelist,none,NA,3.8,1,0,0,1,1,-0.3,3.5
50,13,07,50_07,reviewer,none,4.1,3.8,0,0,0,1,0,0,3.8
50,13,08,50_08,reviewer,low,3.7,3.8,0,0,1,0,0,0,3.8
50,13,09,50_09,panelist,low,NA,3.8,1,0,1,0,0,0,3.8
50,13,10,50_10,reviewer,med,3.6,3.8,0,0,0,0,0,0,3.8
50,13,11,50_11,panelist,none,NA,3.8,1,0,0,1,1,0.1,3.9
50,13,12,50_12,panelist,none,NA,3.8,1,0,0,1,0,0,3.8
50,13,13,50_13,panelist,med,NA,3.8,1,0,0,0,0,0,3.8
50,13,14,50_14,panelist,none,NA,3.8,1,0,0,1,1,-0.2,3.6
50,13,15,50_15,panelist,low,NA,3.8,1,0,1,0,1,-0.3,3.5
50,13,16,50_16,panelist,high,NA,3.8,1,1,0,0,0,0,3.8
50,13,17,50_17,panelist,none,NA,3.8,1,0,0,1,0,0,3.8
50,13,18,50_18,panelist,low,NA,3.8,1,0,1,0,0,0,3.8
50,13,19,50_19,panelist,low,NA,3.8,1,0,1,0,0,0,3.8
50,13,20,50_20,panelist,none,NA,3.8,1,0,0,1,0,0,3.8
50,13,21,50_21,panelist,low,NA,3.8,1,0,1,0,0,0,3.8
50,13,22,50_22,panelist,med,NA,3.8,1,0,0,0,1,0.2,4
50,13,23,50_23,panelist,med,NA,3.8,1,0,0,0,0,0,3.8
50,13,24,50_24,panelist,high,NA,3.8,1,1,0,0,0,0,3.8
50,19,01,50_01,panelist,med,NA,4.3,1,0,0,0,1,0.2,4.5
50,19,02,50_02,panelist,high,NA,4.3,1,1,0,0,0,0,4.3
50,19,03,50_03,panelist,low,NA,4.3,1,0,1,0,0,0,4.3
50,19,04,50_04,panelist,none,NA,4.3,1,0,0,1,0,0,4.3
50,19,05,50_05,reviewer,low,4.4,4.3,0,0,1,0,0,0,4.3
50,19,06,50_06,panelist,low,NA,4.3,1,0,1,0,0,0,4.3
50,19,07,50_07,panelist,none,NA,4.3,1,0,0,1,0,0,4.3
50,19,08,50_08,panelist,none,NA,4.3,1,0,0,1,0,0,4.3
50,19,09,50_09,panelist,none,NA,4.3,1,0,0,1,1,0.4,4.7
50,19,10,50_10,panelist,none,NA,4.3,1,0,0,1,1,-0.2,4.1
50,19,11,50_11,panelist,none,NA,4.3,1,0,0,1,1,-0.1,4.2
50,19,12,50_12,panelist,none,NA,4.3,1,0,0,1,1,-0.5,3.8
50,19,13,50_13,panelist,none,NA,4.3,1,0,0,1,0,0,4.3
50,19,14,50_14,panelist,low,NA,4.3,1,0,1,0,1,0.3,4.6
50,19,15,50_15,panelist,low,NA,4.3,1,0,1,0,0,0,4.3
50,19,16,50_16,reviewer,low,4.3,4.3,0,0,1,0,1,0.2,4.5
50,19,17,50_17,panelist,none,NA,4.3,1,0,0,1,1,-0.3,4
50,19,18,50_18,reviewer,med,4.2,4.3,0,0,0,0,1,0.2,4.5
50,19,19,50_19,panelist,med,NA,4.3,1,0,0,0,1,-0.1,4.2
50,19,20,50_20,panelist,low,NA,4.3,1,0,1,0,0,0,4.3
50,19,21,50_21,panelist,none,NA,4.3,1,0,0,1,0,0,4.3
50,19,22,50_22,panelist,med,NA,4.3,1,0,0,0,0,0,4.3
50,19,23,50_23,panelist,med,NA,4.3,1,0,0,0,0,0,4.3
50,19,24,50_24,panelist,high,NA,4.3,1,1,0,0,1,-0.1,4.2
50,20,01,50_01,panelist,none,NA,4.1,1,0,0,1,0,0,4.1
50,20,02,50_02,reviewer,med,3.8,4.1,0,0,0,0,0,0,4.1
50,20,03,50_03,panelist,none,NA,4.1,1,0,0,1,1,-0.1,4
50,20,04,50_04,panelist,low,NA,4.1,1,0,1,0,0,0,4.1
50,20,05,50_05,panelist,med,NA,4.1,1,0,0,0,1,-0.1,4
50,20,06,50_06,panelist,none,NA,4.1,1,0,0,1,0,0,4.1
50,20,07,50_07,panelist,high,NA,4.1,1,1,0,0,0,0,4.1
50,20,08,50_08,panelist,med,NA,4.1,1,0,0,0,1,-0.1,4
50,20,09,50_09,panelist,low,NA,4.1,1,0,1,0,0,0,4.1
50,20,10,50_10,panelist,low,NA,4.1,1,0,1,0,1,-0.1,4
50,20,11,50_11,panelist,none,NA,4.1,1,0,0,1,0,0,4.1
50,20,12,50_12,panelist,low,NA,4.1,1,0,1,0,0,0,4.1
50,20,13,50_13,reviewer,none,4.2,4.1,0,0,0,1,0,0,4.1
50,20,14,50_14,panelist,none,NA,4.1,1,0,0,1,1,-0.1,4
50,20,15,50_15,panelist,med,NA,4.1,1,0,0,0,0,0,4.1
50,20,16,50_16,panelist,none,NA,4.1,1,0,0,1,1,0.1,4.2
50,20,17,50_17,panelist,low,NA,4.1,1,0,1,0,0,0,4.1
50,20,18,50_18,panelist,none,NA,4.1,1,0,0,1,1,-0.1,4
50,20,19,50_19,panelist,low,NA,4.1,1,0,1,0,0,0,4.1
50,20,20,50_20,panelist,none,NA,4.1,1,0,0,1,1,0.1,4.2
50,20,21,50_21,panelist,med,NA,4.1,1,0,0,0,1,-0.1,4
50,20,22,50_22,reviewer,none,4.3,4.1,0,0,0,1,0,0,4.1
50,20,23,50_23,panelist,low,NA,4.1,1,0,1,0,1,0.1,4.2
50,20,24,50_24,panelist,high,NA,4.1,1,1,0,0,0,0,4.1
50,21,01,50_01,panelist,low,NA,4.6,1,0,1,0,1,0.1,4.7
50,21,02,50_02,panelist,none,NA,4.6,1,0,0,1,1,-0.3,4.3
50,21,03,50_03,panelist,low,NA,4.6,1,0,1,0,0,0,4.6
50,21,04,50_04,panelist,none,NA,4.6,1,0,0,1,0,0,4.6
50,21,05,50_05,reviewer,low,4.4,4.6,0,0,1,0,0,0,4.6
50,21,06,50_06,reviewer,low,4.5,4.6,0,0,1,0,0,0,4.6
50,21,07,50_07,panelist,high,NA,4.6,1,1,0,0,0,0,4.6
50,21,08,50_08,panelist,none,NA,4.6,1,0,0,1,1,-0.1,4.5
50,21,09,50_09,panelist,low,NA,4.6,1,0,1,0,0,0,4.6
50,21,10,50_10,panelist,med,NA,4.6,1,0,0,0,0,0,4.6
50,21,11,50_11,panelist,none,NA,4.6,1,0,0,1,0,0,4.6
50,21,12,50_12,panelist,med,NA,4.6,1,0,0,0,1,0.2,4.8
50,21,13,50_13,panelist,none,NA,4.6,1,0,0,1,1,-0.3,4.3
50,21,14,50_14,panelist,none,NA,4.6,1,0,0,1,0,0,4.6
50,21,15,50_15,panelist,low,NA,4.6,1,0,1,0,0,0,4.6
50,21,16,50_16,panelist,high,NA,4.6,1,1,0,0,0,0,4.6
50,21,17,50_17,panelist,low,NA,4.6,1,0,1,0,0,0,4.6
50,21,18,50_18,panelist,none,NA,4.6,1,0,0,1,0,0,4.6
50,21,19,50_19,panelist,none,NA,4.6,1,0,0,1,0,0,4.6
50,21,20,50_20,panelist,none,NA,4.6,1,0,0,1,0,0,4.6
50,21,21,50_21,panelist,med,NA,4.6,1,0,0,0,1,-0.3,4.3
50,21,22,50_22,panelist,none,NA,4.6,1,0,0,1,1,0.3,4.9
50,21,23,50_23,reviewer,med,4.9,4.6,0,0,0,0,1,0.2,4.8
50,21,24,50_24,panelist,med,NA,4.6,1,0,0,0,0,0,4.6
50,22,01,50_01,panelist,none,NA,3.7,1,0,0,1,0,0,3.7
50,22,02,50_02,reviewer,med,3.7,3.7,0,0,0,0,1,-0.2,3.5
50,22,03,50_03,panelist,low,NA,3.7,1,0,1,0,1,-0.1,3.6
50,22,04,50_04,panelist,none,NA,3.7,1,0,0,1,1,0.2,3.9
50,22,05,50_05,panelist,low,NA,3.7,1,0,1,0,1,0.1,3.8
50,22,06,50_06,panelist,none,NA,3.7,1,0,0,1,1,0.1,3.8
50,22,07,50_07,panelist,none,NA,3.7,1,0,0,1,0,0,3.7
50,22,08,50_08,panelist,low,NA,3.7,1,0,1,0,1,-0.2,3.5
50,22,09,50_09,panelist,med,NA,3.7,1,0,0,0,0,0,3.7
50,22,10,50_10,panelist,none,NA,3.7,1,0,0,1,1,-0.1,3.6
50,22,11,50_11,panelist,none,NA,3.7,1,0,0,1,1,0.3,4
50,22,12,50_12,panelist,low,NA,3.7,1,0,1,0,1,-0.3,3.4
50,22,13,50_13,panelist,none,NA,3.7,1,0,0,1,1,-0.2,3.5
50,22,14,50_14,reviewer,none,3.8,3.7,0,0,0,1,0,0,3.7
50,22,15,50_15,panelist,high,NA,3.7,1,1,0,0,1,-0.1,3.6
50,22,16,50_16,panelist,low,NA,3.7,1,0,1,0,0,0,3.7
50,22,17,50_17,panelist,med,NA,3.7,1,0,0,0,0,0,3.7
50,22,18,50_18,panelist,low,NA,3.7,1,0,1,0,1,-0.1,3.6
50,22,19,50_19,panelist,med,NA,3.7,1,0,0,0,0,0,3.7
50,22,20,50_20,panelist,none,NA,3.7,1,0,0,1,1,-0.1,3.6
50,22,21,50_21,panelist,med,NA,3.7,1,0,0,0,0,0,3.7
50,22,22,50_22,panelist,none,NA,3.7,1,0,0,1,0,0,3.7
50,22,23,50_23,reviewer,low,3.7,3.7,0,0,1,0,0,0,3.7
50,22,24,50_24,panelist,high,NA,3.7,1,1,0,0,0,0,3.7
50,24,01,50_01,panelist,none,NA,4,1,0,0,1,1,0.1,4.1
50,24,02,50_02,panelist,low,NA,4,1,0,1,0,0,0,4
50,24,03,50_03,reviewer,none,4,4,0,0,0,1,0,0,4
50,24,04,50_04,panelist,med,NA,4,1,0,0,0,0,0,4
50,24,05,50_05,panelist,low,NA,4,1,0,1,0,0,0,4
50,24,06,50_06,panelist,low,NA,4,1,0,1,0,0,0,4
50,24,07,50_07,panelist,med,NA,4,1,0,0,0,0,0,4
50,24,08,50_08,panelist,med,NA,4,1,0,0,0,0,0,4
50,24,09,50_09,panelist,low,NA,4,1,0,1,0,0,0,4
50,24,10,50_10,panelist,high,NA,4,1,1,0,0,0,0,4
50,24,11,50_11,panelist,none,NA,4,1,0,0,1,1,0.2,4.2
50,24,12,50_12,panelist,none,NA,4,1,0,0,1,0,0,4
50,24,13,50_13,panelist,low,NA,4,1,0,1,0,1,-0.1,3.9
50,24,14,50_14,panelist,none,NA,4,1,0,0,1,1,-0.1,3.9
50,24,15,50_15,reviewer,none,4.1,4,0,0,0,1,0,0,4
50,24,16,50_16,reviewer,low,4,4,0,0,1,0,1,0.5,4.5
50,24,17,50_17,panelist,low,NA,4,1,0,1,0,1,0.3,4.3
50,24,18,50_18,panelist,none,NA,4,1,0,0,1,0,0,4
50,24,19,50_19,panelist,med,NA,4,1,0,0,0,1,-0.1,3.9
50,24,20,50_20,panelist,none,NA,4,1,0,0,1,0,0,4
50,24,21,50_21,panelist,high,NA,4,1,1,0,0,0,0,4
50,24,22,50_22,panelist,none,NA,4,1,0,0,1,0,0,4
50,24,23,50_23,panelist,med,NA,4,1,0,0,0,1,-0.1,3.9
50,24,24,50_24,panelist,none,NA,4,1,0,0,1,0,0,4
50,26,01,50_01,panelist,none,NA,3.7,1,0,0,1,1,0.1,3.8
50,26,02,50_02,panelist,none,NA,3.7,1,0,0,1,0,0,3.7
50,26,03,50_03,panelist,low,NA,3.7,1,0,1,0,0,0,3.7
50,26,04,50_04,panelist,med,NA,3.7,1,0,0,0,1,0.2,3.9
50,26,05,50_05,panelist,med,NA,3.7,1,0,0,0,1,0.2,3.9
50,26,06,50_06,panelist,med,NA,3.7,1,0,0,0,1,-0.2,3.5
50,26,07,50_07,reviewer,low,3.5,3.7,0,0,1,0,0,0,3.7
50,26,08,50_08,panelist,none,NA,3.7,1,0,0,1,0,0,3.7
50,26,09,50_09,panelist,med,NA,3.7,1,0,0,0,0,0,3.7
50,26,10,50_10,panelist,high,NA,3.7,1,1,0,0,1,-0.2,3.5
50,26,11,50_11,panelist,none,NA,3.7,1,0,0,1,0,0,3.7
50,26,12,50_12,reviewer,none,3.8,3.7,0,0,0,1,1,-0.1,3.6
50,26,13,50_13,panelist,low,NA,3.7,1,0,1,0,1,-0.1,3.6
50,26,14,50_14,panelist,none,NA,3.7,1,0,0,1,1,0.1,3.8
50,26,15,50_15,panelist,none,NA,3.7,1,0,0,1,1,-0.1,3.6
50,26,16,50_16,panelist,low,NA,3.7,1,0,1,0,0,0,3.7
50,26,17,50_17,panelist,low,NA,3.7,1,0,1,0,0,0,3.7
50,26,18,50_18,panelist,none,NA,3.7,1,0,0,1,1,0.1,3.8
50,26,19,50_19,reviewer,none,3.9,3.7,0,0,0,1,0,0,3.7
50,26,20,50_20,panelist,high,NA,3.7,1,1,0,0,0,0,3.7
50,26,21,50_21,panelist,low,NA,3.7,1,0,1,0,0,0,3.7
50,26,22,50_22,panelist,none,NA,3.7,1,0,0,1,1,0.2,3.9
50,26,23,50_23,panelist,med,NA,3.7,1,0,0,0,1,0.2,3.9
50,26,24,50_24,panelist,low,NA,3.7,1,0,1,0,1,0.1,3.8
50,27,01,50_01,panelist,med,NA,4.3,1,0,0,0,1,-0.2,4.1
50,27,02,50_02,panelist,low,NA,4.3,1,0,1,0,0,0,4.3
50,27,03,50_03,panelist,low,NA,4.3,1,0,1,0,0,0,4.3
50,27,04,50_04,panelist,low,NA,4.3,1,0,1,0,1,0.2,4.5
50,27,05,50_05,panelist,none,NA,4.3,1,0,0,1,1,-0.2,4.1
50,27,06,50_06,panelist,med,NA,4.3,1,0,0,0,0,0,4.3
50,27,07,50_07,panelist,none,NA,4.3,1,0,0,1,0,0,4.3
50,27,08,50_08,panelist,none,NA,4.3,1,0,0,1,1,-0.1,4.2
50,27,09,50_09,reviewer,none,4.5,4.3,0,0,0,1,1,-0.1,4.2
50,27,10,50_10,panelist,med,NA,4.3,1,0,0,0,1,-0.2,4.1
50,27,11,50_11,panelist,med,NA,4.3,1,0,0,0,1,0.1,4.4
50,27,12,50_12,panelist,med,NA,4.3,1,0,0,0,0,0,4.3
50,27,13,50_13,panelist,none,NA,4.3,1,0,0,1,1,-0.4,3.9
50,27,14,50_14,panelist,none,NA,4.3,1,0,0,1,1,-0.1,4.2
50,27,15,50_15,reviewer,none,4.3,4.3,0,0,0,1,0,0,4.3
50,27,16,50_16,reviewer,none,4.1,4.3,0,0,0,1,0,0,4.3
50,27,17,50_17,panelist,low,NA,4.3,1,0,1,0,0,0,4.3
50,27,18,50_18,panelist,low,NA,4.3,1,0,1,0,1,-0.2,4.1
50,27,19,50_19,panelist,none,NA,4.3,1,0,0,1,1,-0.1,4.2
50,27,20,50_20,panelist,high,NA,4.3,1,1,0,0,0,0,4.3
50,27,21,50_21,panelist,low,NA,4.3,1,0,1,0,0,0,4.3
50,27,22,50_22,panelist,low,NA,4.3,1,0,1,0,1,0.1,4.4
50,27,23,50_23,panelist,none,NA,4.3,1,0,0,1,1,-0.1,4.2
50,27,24,50_24,panelist,high,NA,4.3,1,1,0,0,0,0,4.3
50,29,01,50_01,panelist,none,NA,4.2,1,0,0,1,1,0.2,4.4
50,29,02,50_02,panelist,none,NA,4.2,1,0,0,1,0,0,4.2
50,29,03,50_03,panelist,low,NA,4.2,1,0,1,0,0,0,4.2
50,29,04,50_04,reviewer,none,4.5,4.2,0,0,0,1,0,0,4.2
50,29,05,50_05,panelist,med,NA,4.2,1,0,0,0,0,0,4.2
50,29,06,50_06,panelist,none,NA,4.2,1,0,0,1,0,0,4.2
50,29,07,50_07,panelist,none,NA,4.2,1,0,0,1,0,0,4.2
50,29,08,50_08,panelist,none,NA,4.2,1,0,0,1,0,0,4.2
50,29,09,50_09,panelist,low,NA,4.2,1,0,1,0,1,0.1,4.3
50,29,10,50_10,reviewer,med,4.1,4.2,0,0,0,0,1,-0.2,4
50,29,11,50_11,panelist,low,NA,4.2,1,0,1,0,0,0,4.2
50,29,12,50_12,panelist,low,NA,4.2,1,0,1,0,1,-0.2,4
50,29,13,50_13,panelist,low,NA,4.2,1,0,1,0,0,0,4.2
50,29,14,50_14,panelist,low,NA,4.2,1,0,1,0,1,0.1,4.3
50,29,15,50_15,panelist,low,NA,4.2,1,0,1,0,1,0.1,4.3
50,29,16,50_16,reviewer,none,4.1,4.2,0,0,0,1,1,0.3,4.5
50,29,17,50_17,panelist,none,NA,4.2,1,0,0,1,1,-0.2,4
50,29,18,50_18,panelist,high,NA,4.2,1,1,0,0,0,0,4.2
50,29,19,50_19,panelist,none,NA,4.2,1,0,0,1,0,0,4.2
50,29,20,50_20,panelist,high,NA,4.2,1,1,0,0,1,0.1,4.3
50,29,21,50_21,panelist,med,NA,4.2,1,0,0,0,1,0.2,4.4
50,29,22,50_22,panelist,none,NA,4.2,1,0,0,1,1,0.3,4.5
50,29,23,50_23,panelist,med,NA,4.2,1,0,0,0,1,0.3,4.5
50,29,24,50_24,panelist,med,NA,4.2,1,0,0,0,1,-0.1,4.1
